t,J_mean,theta_mean,u_mean,W_inventory,source_integral,source_mean,collapsed_skin_thickness,front_position,reactant_penetration_depth,heat_source_localization,min_A,mean_A,min_D,mean_D,min_M,mean_M,surface_q,surface_n,surface_h
0.0,1.2999999999999998,4.9999999999999996e-05,0.02,0.026012500000000004,0.019985933497311596,0.019985933497311596,0.0,,0.0,1.2505617016904587,0.9969863314216022,0.9990408383580583,1.9979888657596805,1.999360052663286,0.9994970899680228,0.9998399815031443,-0.0009405127121299428,-0.6894955077750986,1.967741935483871e-05
0.2,1.3001119194769288,0.010860957845812395,0.08429128233568821,0.10938811600897311,0.0869842285022435,0.0869842285022435,0.0,,0.0,5.26802843088328,0.9979306090059714,0.9993912928154374,1.9986194531732158,1.9995939791434867,0.999654803707105,0.9998984812751416,-0.0002358014433056499,-0.3929299341012296,0.006099394408233195
0.4,1.30010262519578,0.03106711597697978,0.12286001804280718,0.15946959237348723,0.13327836295276083,0.13327836295276083,0.0,,0.032258064516129004,4.29974604588977,0.9979871954624581,0.9994902651838894,1.9986572289028304,1.9996600014314683,0.9996642508563269,0.9999149893928239,0.0003129375641673926,-0.33823572624540216,0.014075378056848067
0.6000000000000001,1.299992030291112,0.057960891608372166,0.1493541595615796,0.19383631321518266,0.17113854801481487,0.17113854801481487,0.0,,0.032258064516129004,3.805688523946485,0.9976734495766941,0.9994131390698747,1.9984477618540792,1.9996085245799433,0.9996118651316486,0.9999021164619335,0.0007819795660378437,-0.31382403188960334,0.02252002377299178
0.8,1.2997934931839477,0.0901474321169285,0.16780380312679627,0.21770548056673092,0.2036294130320449,0.20362941303204493,0.0,,0.06451612903225801,3.5147835306944186,0.9971308125646943,0.9992322124209284,1.9980853758854058,1.9994877614747792,0.9995212293492212,0.9998719165938756,0.0011960476165808198,-0.3018068237886195,0.03115031311152446
1.0,1.2995158580421415,0.12668755526607067,0.18029202696810212,0.23379546099479884,0.23221618907805833,0.23221618907805833,0.0,,0.06451612903225801,3.331191282942075,0.9964486070808279,0.9989840322440386,1.9976295961424861,1.9993220634545001,0.999407223325958,0.9998304767864921,0.0015763352577766176,-0.2963188251628508,0.03987119177803958
1.2000000000000002,1.2991639621066036,0.166880047766739,0.18811465661904536,0.2438048785651398,0.25778689714319236,0.25778689714319236,0.0,,0.06451612903225801,3.212728515462192,0.9956905554230007,0.9986950629961333,1.9971228996666226,1.9991290646577766,0.9992804660261969,0.999782205018161,0.001941414592269014,-0.29473857892052097,0.048668087805079335
1.4000000000000001,1.2987393666037168,0.21016592563474765,0.1921664517466851,0.2489065263862544,0.28091244827177847,0.28091244827177847,0.0,,0.06451612903225801,3.1384283667642374,0.994897084735595,0.9983797060467119,1.9965922528377742,1.9989183641932153,0.9991476999654447,0.9997295009490705,0.002305191761839423,-0.2956949594989311,0.057564338891050004
1.6,1.2982413955720657,0.25607110428842994,0.19311497774668204,0.24997329528636664,0.30194306095035556,0.30194306095035556,0.0,,0.06451612903225801,3.0971121529138843,0.994083346037615,0.9980480180309752,1.9960477582822913,1.9986966659061527,0.9990114509070519,0.9996740405003065,0.002676154825819066,-0.29840404528996767,0.06659413214270046
1.8,1.2976681669316512,0.30416777845563414,0.19149479223874427,0.24770245967315044,0.3210661860629053,0.3210661860629053,0.0,,0.06451612903225801,3.082544091396322,0.9932591148044125,0.9977020481187698,1.995495939858814,1.998465330991479,0.9988733502313796,0.9996161636585573,0.003058060883839725,-0.3023893451649814,0.07578606068745121
2.0,1.2970174205426828,0.354049232694477,0.187762606490847,0.24268899066326088,0.33835575670894363,0.3383557567089437,0.0,,0.06451612903225801,3.0911101156324023,0.9924223244272499,0.9973351556035093,1.9949354007472173,1.9982199207653415,0.9987330475222475,0.9995547600252869,0.0034511407765041163,-0.30734326680016555,0.08515480204519431
2.2,1.296287104613457,0.40531498142259476,0.18233004495043045,0.23546905647061114,0.35382123849690145,0.3538212384969015,0.0,,0.032258064516129004,3.12058290139811,0.991565523049935,0.9969475556308457,1.9943611302953628,1.997960559809527,0.9985892874193326,0.9994898595599561,0.00385325414440732,-0.31305067730271874,0.09469815844168689
2.4000000000000004,1.2954757535678705,0.45756542981286485,0.175580655317249,0.22654248476361108,0.36744767406988926,0.3674476740698893,0.0,,0.032258064516129004,3.1694583294187546,0.9906799433415906,0.9965321279388352,1.993767223380987,1.9976824758118352,0.9984405898436287,0.9994202675820875,0.004260813875111846,-0.3193458250462484,0.10439733905849709
2.6,1.2945827042469658,0.5104041807554477,0.16787611186494536,0.21638082161646097,0.37923449037034035,0.37923449037034035,0.0,,0.032258064516129004,3.2365149862407536,0.9897573943420005,0.9960816116652028,1.993148146745898,1.9973807976680067,0.998285566899067,0.9993447643940726,0.004669478283175529,-0.32608835251195656,0.11421920531773383
2.8000000000000003,1.2936081931357497,0.5634464970336714,0.15955465869943936,0.2054251374448816,0.38922577132623104,0.38922577132623104,0.0,,0.032258064516129004,3.3205216315824475,0.9887913428071192,0.99559381139789,1.9924994652180275,1.9970540271320247,0.9981231047604824,0.9992629732528414,0.005074674102872642,-0.3331512035528391,0.12411967764247725
3.0,1.292553360388828,0.6163319878456923,0.15092449939417693,0.19407722449700146,0.3975270021822541,0.3975270021822541,0.0,,0.032258064516129004,3.4200571595378895,0.9877773936531663,0.9950635646918505,1.9918181668764465,1.9966986852370487,0.997952445269279,0.9991740220630426,0.005471990144330405,-0.34041630523658256,0.13404788059665806
3.2,1.29142018588836,0.6687385454131762,0.14225526550502274,0.18268834363248118,0.40431029130833773,0.40431029130833773,0.0,,0.032258064516129004,3.5333962023399033,0.9867134203023313,0.9944862938789488,1.9911027544586266,1.9963116813756807,0.997773209067774,0.9990771357225161,0.005857486593510361,-0.34777456839509896,0.14395053189490323
3.4000000000000004,1.2902113713216983,0.7203949964914913,0.13376993969594547,0.17154864816086982,0.4098047299774618,0.4098047299774618,0.0,,0.0,3.6584862158341225,0.9855994085875145,0.9938579951701211,1.9903531449934768,1.9958903069022225,0.9975853707395858,0.9989716345771646,0.006227918183115064,-0.35512849524905654,0.1537762194513522
3.6,1.288930184643836,0.7710898023307716,0.12563959761289006,0.1608803661939024,0.4142751755455669,0.4142751755455669,0.0,,0.0,3.793012507417066,0.984437131788593,0.9931736183558835,1.9895704559505962,1.9954311554465876,0.9973892055229018,0.9988566645317103,0.00658087206867973,-0.3623952695837469,0.16347903047242415
3.8000000000000003,1.2875802892222679,0.8206740953603104,0.11798239233248294,0.15083657330279676,0.4179948882720666,0.4179948882720666,0.0,,0.0,3.934536001984167,0.983229722392543,0.9924227915532027,1.9887567214139754,1.9949272722915732,0.9971852184597448,0.9987304843658632,0.006914814616854337,-0.3695091908178536,0.17302115679846652
4.0,1.2861655721723582,0.8690588156030222,0.11086700019574951,0.14150580487260916,0.42121823170337314,0.42121823170337314,0.0,,0.0,4.080676875632165,0.9819812018470225,0.991577479574073,1.9879145790208137,1.9943599237166543,0.9969740661595404,0.9985884078890552,0.007229050263237113,-0.376422606583201,0.18237426474214627
4.2,1.2846899814118455,0.9162070632409397,0.10431970392232302,0.13292139670414296,0.42416377177422293,0.42416377177422293,0.0,,0.0,4.229256048499494,0.9806960076958231,0.9906730256455751,1.9870469538479136,1.993752626044709,0.9967564777175054,0.9984363112791431,0.007523604621832866,-0.3831051628060586,0.19151965965705073
4.4,1.283157403201208,0.9621234089582487,0.09833356014086952,0.12507351578957912,0.4269958287990392,0.42699582879903925,0.0,,0.0,4.378498095815507,0.9793786247932086,0.9897322235984899,1.9861568111198526,1.9931205411744535,0.9965331928028945,0.9982779828453011,0.007799063464546299,-0.38954150690754274,0.200447316626823
4.6000000000000005,1.281571564551315,1.0068409756983128,0.09287916473512166,0.11792322128060012,0.42982466633264615,0.42982466633264615,0.0,,0.0,4.527085217220164,0.9780332895584898,0.9887572099752443,1.985246956989229,1.9924650623192446,0.9963049117258783,0.9981137689003915,0.008056394203329473,-0.39572811840254635,0.20915432187630978
4.800000000000001,1.2799359752942268,1.0504101366196734,0.08791391854061188,0.11141453518698494,0.43271343236208454,0.4327134323620846,0.0,,0.0,4.67414392455836,0.9766638115872341,0.9877499963872679,1.984319917601191,1.9917875007098504,0.9960722650780569,0.9979439953406092,0.008296778710663186,-0.40166985110043524,0.21764299918517516
5.0,1.2782538993665893,1.0928891537459622,0.08338961324844603,0.10548429660574021,0.4356885996998022,0.4356885996998022,0.0,,0.0,4.819182365942291,0.9752734773079164,0.986712450725139,1.9833778729631115,1.9910890726689112,0.9958357970806853,0.9977689643890122,0.00852147016673381,-0.4073767170782939,0.2259190762918331
5.2,1.2765283516079036,1.1343375042262098,0.07925776271129557,0.10006907092743858,0.43875128131654023,0.43875128131654023,0.0,,0.0,4.962000348675774,0.9738650468909329,0.9856462941989,1.9824226535771101,1.9903708973599668,0.9955959646607695,0.9975889540152497,0.008731694932896286,-0.4128613215365008,0.23399016291830416
5.4,1.2747621098573811,1.1748116577850378,0.0754729228520931,0.09510943847322968,0.4418875373440912,0.4418875373440912,0.0,,0.0,5.102592760462156,0.9724407938601233,0.984553108018645,1.9814557659376715,1.9896340010757765,0.9953531437682268,0.9974042189971558,0.008928590614562332,-0.41813703787328926,0.24186461623284342
5.6000000000000005,1.2729577359003772,1.2143627934930104,0.071994439890706,0.09055224172334049,0.4450767266748429,0.4450767266748429,0.0,,0.0,5.241061153379893,0.9710025769799532,0.983434345784052,1.980478440027014,1.9888793254345989,0.995107641222672,0.9972149929657421,0.009113175643881297,-0.4232168247265045,0.24955076484485136
5.800000000000001,1.2711176004606455,1.2530361347927854,0.068786897358468,0.08635115089224801,0.44829665360324294,0.448296653603243,0.0,,0.0,5.377553391490313,0.9695519194905164,0.982291348612868,1.979491682020642,1.988107737485222,0.994859707882371,0.9970214909326066,0.009286343874213121,-0.42811265495501916,0.25705648752124993
6.0,1.269243907481761,1.2908710882920071,0.06581993244710412,0.08246641533819098,0.45152674817444277,0.45152674817444277,0.0,,0.0,5.512221973474748,0.9680900822134622,0.9811253599961545,1.9784963230810586,1.987320039673656,0.9946095508462326,0.9968239117855406,0.009448871094709418,-0.43283528424870094,0.2643890053108946
6.2,1.2673387163048861,1.3279018563869112,0.06306768545345016,0.07886414416600214,0.45474950812801185,0.45474950812801185,0.0,,0.0,5.64520156911809,0.9666181292416898,0.9799375394672286,1.9774930633521703,1.9865169790432746,0.9943573444651629,0.9966224405940606,0.009601429766707983,-0.43739425084202516,0.2715548300906269
6.4,1.2654039608389316,1.3641582401803456,0.06050810912438291,0.07551540903154903,0.4579507241966521,0.4579507241966521,0.0,,0.0,5.776601244906612,0.9651332225242194,0.9787289744758335,1.976479941932746,1.9856992552454216,0.9941025940455469,0.9964172506180308,0.009744605224907027,-0.44179800098813427,0.27855980102204886
6.6000000000000005,1.2634414652415158,1.399666408676608,0.058122317938122336,0.07239540021279667,0.461119235885015,0.461119235885015,0.0,,0.0,5.906503557702946,0.963637793569437,0.9775006901167302,1.9754585905209507,1.9848675271098286,0.9938457080817755,0.9962085049556463,0.009878911616089628,-0.4460540467663931,0.28540916117447346
6.800000000000001,1.2614529568237953,1.4344495676896456,0.05589402539858548,0.06948269727877841,0.4642464845150518,0.4642464845150518,0.0,,0.0,6.034967099906665,0.9621344954349487,0.9762536571391943,1.9744307989154035,1.984022418058118,0.9935871352552865,0.9959963579015311,0.010004805347992224,-0.4501691201900502,0.29210764154266394
7.0,1.259440076434638,1.4685285231404985,0.05380907239403342,0.06675865807204796,0.46732597811941484,0.4673259781194149,0.0,,0.0,6.16203105596573,0.9606239996243512,0.9749887983765452,1.9733970073524314,1.9831645204486703,0.9933269850471482,0.9957809560367289,0.010122696091245983,-0.4541493137381034,0.2986595439609831
7.2,1.257404386946362,1.5019221295110443,0.051855051799472494,0.06420693215441235,0.4703528247417622,0.47035282474176227,0.0,,0.0,6.2877197211811096,0.9591069325434538,0.9737069939808565,1.9723576269070084,1.9822943991122235,0.9930653597040326,0.995562439115594,0.010232955755088688,-0.4580001945907495,0.30506881478450654
7.4,1.2553473800241635,1.534647634187824,0.05002101994289344,0.06181308613341029,0.47332341260257055,0.4733234126025706,0.0,,0.0,6.4120456029177095,0.9575838846707747,0.9724090855648536,1.9713130456547963,1.9814125941436063,0.9928023557819914,0.9953409407657572,0.010335925050054567,-0.46172689408741147,0.3113391053392984
7.6000000000000005,1.2532704818451648,1.5667209570177187,0.048297261345444806,0.05956429803350386,0.4762351099957518,0.4762351099957518,0.0,,0.0,6.535012597175412,0.9560554171712267,0.971095879678725,1.9702636331132728,1.9805196232419977,0.9925380652589766,0.9951165890747306,0.010431918669465093,-0.4653341790879492,0.3174738214636637
7.800000000000001,1.2511750579167342,1.5981569113876612,0.04667510158762506,0.05744911384599025,0.47908603432231833,0.47908603432231833,0.0,,0.0,6.656618547228741,0.9545220664499202,0.9697681507139349,1.969209743291721,1.9796159836614156,0.9922725762984462,0.9948895070785799,0.010521229367668278,-0.46882650811818166,0.32347616445624394
8.0,1.2490624171759326,1.6289693771408555,0.045146759604594376,0.05545725493016018,0.4818748982640563,0.4818748982640563,0.0,,0.0,6.776856925458813,0.9529843469952327,0.9684266433484742,1.9681517165806015,1.978702153848872,0.9920059737215376,0.9946598131721106,0.010604131016468746,-0.4722080748517635,0.3293491636070784
8.200000000000001,1.246933815468981,1.659171436625919,0.04370523024691538,0.053579464446155724,0.4846009205391127,0.4846009205391127,0.0,,0.0,6.89571771857724,0.951442753176133,0.9670720745957726,1.9670898809302806,1.977778594812263,0.991738339300722,0.9944276214511025,0.010680880898637599,-0.4754828407570369,0.3350957011831135
8.4,1.2447904586483223,1.6887754909866741,0.04234418286234815,0.0518073747682295,0.4872637208792707,0.4872637208792708,0.0,,0.0,7.01318859555958,0.9498977606966247,0.9657051356123626,1.9660245527989486,1.9768457513246642,0.9914697519956085,0.9941930420134851,0.010751721631650862,-0.47865456236605847,0.3407185331786422
8.6,1.2426335053669593,1.7177933572214277,0.0410578754021818,0.050133395132890626,0.489863221771004,0.48986322177100405,0.0,,0.0,7.129256053931728,0.9483498277688646,0.9643264933157785,1.9649560379107083,1.9759040530002951,0.991200288141144,0.9939561812283132,0.010816882781664691,-0.4817268141591455,0.34622030668334824
8.8,1.2404640695714493,1.7462363445079006,0.03984108540220576,0.04855062104909607,0.49239959929599064,0.4923995992959907,0.0,,0.0,7.24390592315086,0.9467993959746398,0.9629367918118908,1.9638846318016245,1.9749539152410134,0.9909300215825226,0.9937171419722294,0.010876582138963614,-0.48470300612860207,0.35160357346658605
9.0,1.2382832227496776,1.7741153178300084,0.03868905132198995,0.04705275719286214,0.49487324511161207,0.4948732451116121,0.0,,0.0,7.3571237289041616,0.9452468909785589,0.9615366536672546,1.9628106202653373,1.9739957400775052,0.9906590237848805,0.9934760238394771,0.010931026772528593,-0.4875863979391113,0.35687080084347095
9.200000000000001,1.236091995964825,1.8014407521749392,0.037597421608752325,0.045634050419601196,0.49728472898858594,0.49728472898858594,0.0,,0.0,7.468895059290047,0.9436927231790991,0.960126681047259,1.9617342797572965,1.9730299169195065,0.9903873639326417,0.9932329233290768,0.010980413930061092,-0.49038011099391227,0.36202438057321107
9.4,1.2338913817409884,1.8282227793410215,0.03656220976674705,0.0442892306922057,0.4996347560412631,0.4996347560412632,0.0,,0.0,7.579206031326459,0.9421372883574967,0.9587074567626702,1.9606558777990406,1.972056823244289,0.9901151090289635,0.9929879340165333,0.011024931843687982,-0.4930871390773224,0.36706663647978294
9.600000000000001,1.2316823358014721,1.8544712259125806,0.035579756678734184,0.04301346140542591,0.501924144474356,0.501924144474356,0.0,,0.0,7.6880434777130295,0.9405809682933377,0.9572795452246228,1.9595756733609955,1.971076825223265,0.9898423239898502,0.9927411467100156,0.011064760420265649,-0.4957103569967108,0.37199983059635383
9.8,1.2294657786700318,1.880195645215646,0.03464669793244492,0.04180229624956141,0.5041538098151604,0.5041538098151604,0.0,,0.0,7.795395043531903,0.9390241313497002,0.9558434933140151,1.9584939172257143,1.9700902782905323,0.98956907173342,0.9924926495919645,0.011100071841555148,-0.49825252790815383,0.3768261681693947
10.0,1.2272425971611605,1.9054053454319817,0.03375993436598093,0.04065164035813462,0.5063247417365102,0.5063247417365102,0.0,,0.0,7.9012494007830085,0.9374671330396016,0.9543998311821281,1.9574108523396845,1.969097527664861,0.9892954132663704,0.9922425283490142,0.011131031105977296,-0.5007163099948946,0.3815478019588752
10.200000000000001,1.2250136457704166,1.930109413281566,0.032916606341535565,0.03955771633507805,0.5084379859758931,0.5084379859758931,0.0,,0.0,8.005596397505894,0.935910316574808,0.9529490729897023,1.9563267141544214,1.9680989088300846,0.9890214077678281,0.9919908662914788,0.01115779651337552,-0.5031042623597568,0.3861668358669179
10.4,1.2227797479670395,1.9543167335413314,0.03211407158140268,0.03851703491497467,0.5104946362726567,0.5104946362726567,0.0,,0.0,8.10842706151782,0.9343540133953747,0.9514917175857079,1.9552417309557173,1.9670947479746468,0.9887471126702949,0.9917377444625907,0.011180520092079094,-0.5054188500455629,0.3906853278846479
10.600000000000001,1.220541697406946,1.9780360061302622,0.031349885140416534,0.03752636846670042,0.5124958228894781,0.5124958228894781,0.0,,0.0,8.20973366181925,0.932798543683607,0.9500282491372462,1.9541561241835914,1.9660853623980403,0.9884725837383321,0.9914832417394239,0.011199347988783623,-0.507662448624631,0.39510529263005434
10.8,1.2183002590740022,2.0012757608025344,0.030621781486006003,0.036582727281842524,0.5144427011386045,0.5144427011386045,0.0,,0.0,8.309509776018093,0.9312442168548024,0.9485591377155561,1.9530701087375875,1.9650710608875048,0.9881978751436301,0.9912274349263547,0.01121442082531067,-0.5098373484564757,0.3994287035642298
11.0,1.216056170353813,2.024044369544385,0.029927658630035107,0.035683338555682835,0.516336442956517,0.5163364429565171,0.0,,0.0,8.407750316437028,0.9296913320179636,0.9470848398408578,1.9519838932626068,1.9640521440667997,0.98792303953524,0.9909703988415066,0.011225874019848259,-0.5119457585421039,0.4036574948764942
11.200000000000001,1.2138101420450176,2.046350056992525,0.029265564069579867,0.03482562774047617,0.5181782317496089,0.5181782317496089,0.0,,0.0,8.504451509473187,0.9281401784115801,0.945605798989213,1.9508976804187326,1.963028904719223,0.9876481281058384,0.9907122063967293,0.011233838076277772,-0.5139898099978043,0.4077935630694272
11.4,1.2115628593144419,2.068200909426595,0.028633682088799114,0.0340072017044498,0.5199692568538746,0.5199692568538746,0.0,,0.0,8.5996108848003,0.926591035820115,0.9441224460654839,1.9498116671389305,1.962001628087626,0.9873731906550022,0.9904529286717997,0.011238438850006083,-0.5159715592970795,0.4118387683395847
11.600000000000001,1.2093149826017149,2.0896048825248013,0.02803032226853648,0.03322583349416701,0.5217107076366679,0.5217107076366679,0.0,,0.0,8.693227274726944,0.9250441749684777,0.9426351998459603,1.948726044872662,1.9609705921538572,0.9870982756489939,0.9901926349834554,0.011239797793452216,-0.5178929913339877,0.4157949358063811
11.8,1.207067148477413,2.110569807917064,0.027453909180438305,0.032479448657646966,0.5234037691375873,0.5234037691375873,0.0,,0.0,8.78530079354118,0.9234998578903327,0.9411444673932533,1.9476409998124151,1.9599360678993711,0.9868234302762943,0.9899313929496939,0.011238032180447,-0.5197560222775445,0.41966385659038785
12.0,1.2048199704581422,2.131103398724449,0.026902973115284643,0.03176611293182592,0.5250496189484118,0.5250496189484118,0.0,,0.0,8.875832800706185,0.9219583382720506,0.9396506444456538,1.946556713104329,1.95889831954851,0.9865487004991741,0.9896692685497206,0.011233255311346418,-0.5215625022357178,0.4234472887561566
12.200000000000001,1.202574039782004,2.151213254219704,0.02637614173660667,0.03108402114970915,0.5266494254874716,0.5266494254874716,0.0,,0.0,8.964825844339655,0.9204198617762254,0.9381541157832094,1.945473361045582,1.957857604795979,0.9862741311019767,0.9894063261799226,0.011225576701513695,-0.5233142177582282,0.4271469581434644
12.4,1.200329926147641,2.1709068639930575,0.025872132342597155,0.03043148697435109,0.5282043435162483,0.5282043435162483,0.0,,0.0,9.052283653790242,0.9188846663466232,0.9366552555725866,1.9443911152697826,1.956814175019945,0.98599976573642,0.9891426287062315,0.01121510225777475,-0.5250128942641267,0.43076455913895756
12.600000000000001,1.1980881784195294,2.19019161135832,0.02538974495644546,0.029806933716325854,0.5297155123286897,0.5297155123286897,0.0,,0.0,9.138211092163367,0.9173529824933394,0.9351544276924428,1.9433101429194324,1.955768275481905,0.9857256469636787,0.9888782375131578,0.011201934441090453,-0.526660198324071,0.43430175536992216
12.8,1.1958493253020162,2.2090747762042406,0.024927856074014456,0.029208886018720424,0.5311840549815077,0.5311840549815077,0.0,,0.0,9.222614094765037,0.9158250335578406,0.9336519860409322,1.9422306068051547,1.9547201455144525,0.9854518162931639,0.988613212549788,0.011186172416149207,-0.5282577398112396,0.43776018032644715
13.0,1.1936138759844137,2.2275635374826765,0.02448541290711362,0.0286359622075761,0.5326110766430625,0.5326110766430625,0.16129032258064502,0.838709677419355,0.0,9.305499625187784,0.914301035961192,0.9321482748268541,1.9411526655539397,1.953670018697966,0.9851783142185662,0.9883476123729943,0.011167912190960763,-0.5298070739750382,0.4411414379399438
13.200000000000001,1.191382320759117,2.2456649753459232,0.02406142811047316,0.028086867287152397,0.5339976628060159,0.5339976628060159,0.19354838709677402,0.806451612903226,0.0,9.386875637050029,0.9127811994374246,0.9306436288457424,1.9400764737477274,1.9526181230271065,0.9849051802514933,0.988081494188085,0.011147246747627376,-0.5313097034395786,0.4444471031280385
13.4,1.1891551316145141,2.263386072911256,0.0236549750086199,0.027560386592953633,0.5353448787096605,0.5353448787096605,0.22580645161290303,0.774193548387097,0.0,9.466751018659876,0.9112657272518034,0.9291383737420468,1.9390021820521013,1.951564681067929,0.9846324529526429,0.9878149138870954,0.011124266163877891,-0.5327670801012563,0.44767872229942257
13.600000000000001,1.18693276280434,2.2807337178019447,0.023265183194204793,0.02705537994321267,0.5366537682300861,0.5366537682300861,0.25806451612903203,0.741935483870968,0.0,9.54513554972998,0.9097548164047197,0.9276328262584852,1.9379299373355434,1.950509910106327,0.9843601699606181,0.987547926084902,0.011099057727045933,-0.5341806069612561,0.45083781383447796
13.8,1.1847156513950294,2.297714703397606,0.02289123455002246,0.026570776345310063,0.5379253542067365,0.5379253542067366,0.25806451612903203,0.741935483870968,0.0,9.622039836412734,0.9082486578225538,0.9261272944735766,1.9368598827801509,1.9494540222885237,0.9840883680186145,0.9872805841533396,0.011071706039932336,-0.5355516398625868,0.4539258685317374
14.0,1.1825042177924814,2.314335729979418,0.022532359534243714,0.026105569061870938,0.5391606374463664,0.5391606374463664,0.29032258064516103,0.709677419354839,0.0,9.697475271800698,0.9067474365370951,0.9246220780282995,1.9357921579848916,1.9483972247542511,0.9838170829992465,0.9870129402534801,0.011042293121059518,-0.5368814891843208,0.4569443500441274
14.200000000000001,1.1802988662494014,2.330603405699808,0.02218783378447978,0.025658811098554425,0.5403605962373303,0.5403605962373303,0.32258064516129004,0.67741935483871,0.0,9.771453990576335,0.9052513318544071,0.9231174683426275,1.9347268990619846,1.9473397197631441,0.9835463499276609,0.98674504536621,0.011010898499180563,-0.538171421471225,0.4598946953004581
14.4,1.1780999853543221,2.346524247400345,0.021856975016381577,0.02522961108036094,0.5415261864975723,0.5415261864975724,0.35483870967741904,0.645161290322581,0.0,9.843988815470011,0.903760517513103,0.9216137488226537,1.9336642387263425,1.9462817048148382,0.983276203002918,0.9864769493212268,0.010977599301855379,-0.5394226609906181,0.462778314908435
14.600000000000001,1.1759079485033779,2.3621046813397446,0.02153914015900183,0.024817129444414193,0.5426583418020289,0.5426583418020289,0.38709677419354804,0.612903225806452,0.0,9.915093208370598,0.9022751618330964,0.9201111950590197,1.9326043063787888,1.9452233727632628,0.9830066756178205,0.9862087008245796,0.010942470339002808,-0.5406363912327065,0.46559659354568644
14.8,1.173723114355823,2.3773510438550858,0.021233722702116258,0.02442057491686078,0.5437579731880657,0.5437579731880657,0.38709677419354804,0.612903225806452,0.0,9.984781227830528,0.9007954278561715,0.9186100750172762,1.931547228183978,1.9441649119255775,0.9827378003774229,0.9859403474848683,0.010905584182254444,-0.5418137563637245,0.4683508903446087
15.0,1.171545827274119,2.3922695819489213,0.02094015025699013,0.024039201272639286,0.5448259692380903,0.5448259692380903,0.41935483870967705,0.580645161290323,0.0,10.053067484243453,0.8993214734788361,0.9171106492207248,1.9304931271433203,1.9431065061861255,0.9824696091162953,0.98567193583819,0.010867011240139002,-0.5429558626239717,0.47104253926918016
15.200000000000001,1.1693764177493826,2.406866453819771,0.020657882310599878,0.02367230435168828,0.5458631964011094,0.5458631964011095,0.45161290322580605,0.548387096774194,0.0,10.119967093224968,0.8978534515777645,0.9156131709262426,1.9294421231630923,1.942048335095753,0.9822021329145905,0.9854035113719304,0.010826819829236847,-0.5440637796704019,0.4736728494831245
15.4,1.1672152028129394,2.4211477293659907,0.020386408142327048,0.02331921929269459,0.5468704991753232,0.5468704991753232,0.48387096774193505,0.516129032258065,0.0,10.185495633726795,0.8963915101285949,0.9141178862935645,1.928394333118268,1.940990573966836,0.9819354021130416,0.9851351185474782,0.010785076241876204,-0.5451385418736288,0.4762431057131977
15.600000000000001,1.1650624864346646,2.435119390668519,0.02012524489312161,0.022979317970437497,0.5478487002462719,0.547848700246272,0.5161290322580641,0.48387096774193594,0.0,10.24966910917499,0.8949357923187888,0.9126250345484653,1.9273498709125403,1.9399333939643133,0.9816694463270159,0.98486680082194,0.010741844810700965,-0.5461811495710827,0.47875456860901866
15.8,1.16291855990873,2.4487873324497813,0.0198739357843329,0.022652006631288104,0.5487986008467504,0.5487986008467504,0.5483870967741931,0.45161290322580694,0.0,10.312503906833767,0.8934864366549642,0.9111348481402258,1.9263088475348167,1.9388769621930007,0.9814042944596908,0.9845986006689309,0.010697187970151553,-0.5471925702720013,0.48120847509787307
16.0,1.16078370222733,2.4621573625239908,0.01963204846787307,0.0223367237034266,0.5497209811746759,0.5497209811746759,0.6129032258064511,0.38709677419354893,0.0,10.374016758200355,0.8920435770651304,0.9096475528937515,1.9252713711124718,1.9378214417814505,0.9811399747144254,0.9843305595984969,0.010651166315113494,-0.5481737398177102,0.48360603873527874
16.2,1.1586581804429368,2.475235202253811,0.01939917348962191,0.0220329377589326,0.5506166006615637,0.5506166006615637,0.6451612903225801,0.35483870967741993,0.0,10.434224704073998,0.8906073429962929,0.9081633681566743,1.9242375469616806,1.9367669919625756,0.9808765146064072,0.9840627181762374,0.010603838657084433,-0.5491255635033149,0.48594845005351606
16.400000000000002,1.1565422500195617,2.4880264870097353,0.019174922864155335,0.021740145623907636,0.5514861982938373,0.5514861982938373,0.7096774193548381,0.2903225806451619,0.0,10.493145060603709,0.8891778595078187,0.9066825069417404,1.9232074776350936,1.9357137681512675,0.9806139409736432,0.9837951160416742,0.010555262077960662,-0.5500489171591785,0.488236876907548
16.6,1.1544361551734936,2.5005367666312015,0.018958928756621266,0.02145787063020296,0.5523304931226068,0.5523304931226068,0.7741935483870961,0.2258064516129039,0.0,10.550795383759311,0.8877552473608984,0.9052051760647678,1.9221812629670874,1.9346619220191985,0.9803522799873486,0.9835277919259257,0.010505491981486453,-0.5509446481902925,0.490472464817168
16.8,1.1523401292039521,2.512771505903939,0.018750842254201008,0.02118566098695904,0.5531501846966964,0.5531501846966964,0.8387096774193541,0.1612903225806459,0.0,10.607193436955226,0.8863396231045028,0.9037315762784373,1.921159000116862,1.9336116015669986,0.980091557161808,0.9832607836687229,0.010454582142659971,-0.5518135765790788,0.4926563373069579
17.0,1.150254394814053,2.5247360850590734,0.018550332217561298,0.020923088259617657,0.5539459533406099,0.5539459533406099,0.9999999999999991,8.881784197001252e-16,0.0,10.662357163221268,0.8849310991581251,0.9022619024021536,1.9201407836095865,1.9325629511939737,0.9798317973637544,0.9829941282348246,0.010402584755305325,-0.5526564958549037,0.4947895962451292
17.2,1.1481791644224446,2.5364358002831167,0.01835708421703758,0.020669745960699856,0.5547184606051178,0.5547184606051178,0.9999999999999991,8.881784197001252e-16,0.0,10.716304655833786,0.8835297838914983,0.900796343448188,1.9191267053757195,1.9315161117655173,0.979573024821302,0.982727861729855,0.010349550477745231,-0.5534741740262724,0.4968733221793966
17.400000000000002,1.1461146404659956,2.5478758642413677,0.01817079954666374,0.020425248243234984,0.5554683498796186,0.5554683498796186,0.9999999999999991,8.881784197001252e-16,0.0,10.769054127473265,0.8821357817015885,0.899335082744315,1.9181168547887162,1.9304712206783692,0.9793152631324834,0.9824620194156131,0.010295528476666177,-0.5542673544764263,0.49890857466945066
17.6,1.144061015693849,2.5590614066322748,0.017991194296222743,0.020189228673003476,0.5561962467363201,0.5561962467363201,0.9999999999999991,8.881784197001252e-16,0.0,10.82062388582704,0.88074919308718,0.8978782980531363,1.9171113187013382,1.9294284119238478,0.9790585352734477,0.9821966357248831,0.010240566469520623,-0.5550367568300608,0.500896392618536
17.8,1.1420184734531547,2.569997474767975,0.017817998481241666,0.019961339078650192,0.5569027591391095,0.5569027591391095,0.9999999999999991,8.881784197001252e-16,0.0,10.871032313186829,0.8793701147212127,0.896426161688254,1.9161101814806838,1.9283878161491879,0.978802863606349,0.981931744275778,0.010184710765509586,-0.5557830777907061,0.5028377946038659
18.0,1.1399871879667647,2.5806890341603417,0.01765095524468532,0.01974124849454684,0.5575884780908521,0.5575884780908521,0.9999999999999991,8.881784197001252e-16,0.0,10.92029783917551,0.8779986395209214,0.8949788406274495,1.9151135250419626,1.9273495607170807,0.9785482698869313,0.9816673778856442,0.01012800630492676,-0.5565069919416921,0.504733779202581
18.2,1.1379673246031856,2.591140969126275,0.017489820114073736,0.01952864217684495,0.5582539783676496,0.5582539783676496,0.9999999999999991,8.881784197001252e-16,0.0,10.968438913000766,0.8766348567161147,0.8935364966230396,1.914121428881259,1.926313769763551,0.9782947752718706,0.9814035685845551,0.010070496697106815,-0.5572091525165179,0.5065853253145455
18.400000000000002,1.1359590401390502,2.60135808344109,0.017334360284857783,0.019323220658689234,0.5588998185221735,0.5588998185221735,0.9999999999999991,8.881784197001252e-16,0.0,11.015473990766738,0.8752788519158259,0.8920992863095314,1.9131339701074457,1.925280564254249,0.9780424003259177,0.9811403476284242,0.010012224257435726,-0.5578901921500247,0.5083933924862192
18.6,1.1339624830143307,2.6113451010074744,0.017184353954922914,0.019124698872387054,0.5595265410366735,0.5595265410366737,0.9999999999999991,8.881784197001252e-16,0.0,11.061421521351162,0.873927825984732,0.8906673613087029,1.9121491221134614,1.9242500620392509,0.9777906277553371,0.9808777455117517,0.009953230043043076,-0.5585507235982786,0.5101589212310944
18.8,1.1319777935805495,2.6211066664994846,0.017039589741652508,0.018932805373571063,0.5601346737980981,0.5601346737980982,0.9999999999999991,8.881784197001252e-16,0.0,11.106299908037563,0.872568874734947,0.889240868332235,1.9111574722553628,1.9232223779064663,0.9775370507884734,0.9806157919800321,0.009893553886773696,-0.5591913404161984,0.5118828333412199
19.0,1.130005104342173,2.6306473461281445,0.016899866049685856,0.01874728151749714,0.5607247286589487,0.5607247286589488,0.9999999999999991,8.881784197001252e-16,0.0,11.150127525629008,0.8712176174336117,0.8878199492819759,1.9101704152805772,1.92219762363369,0.9772845829317635,0.980354516041838,0.00983323443223455,-0.5598126176708205,0.5135660322194069
19.200000000000003,1.1280445401914394,2.639971628267762,0.01676499061615759,0.018567880841878052,0.5612972046526127,0.5612972046526127,0.9999999999999991,8.881784197001252e-16,0.0,11.192922653002105,0.8698741327162187,0.8864047413479718,1.909188023506592,1.9211759080394166,0.9770332435494866,0.9800939459806021,0.009772309163203818,-0.5604151125013122,0.5152094031602851
19.400000000000002,1.1260962186368946,2.6490839242925524,0.016634779918412154,0.01839436830289793,0.5618525855111337,0.5618525855111337,0.9999999999999991,8.881784197001252e-16,0.0,11.234703511083376,0.8685384959201963,0.8849953771044199,1.908210367051012,1.920157337032521,0.9767830514589436,0.97983410936613,0.009710814437807733,-0.5609993648166454,0.5168138136872705
19.6,1.1241602500256518,2.657988569277617,0.016509058751648317,0.018226519707871768,0.5623913417945885,0.5623913417945885,0.9999999999999991,8.881784197001252e-16,0.0,11.275488216716948,0.8672107791386225,0.8835919846034882,1.9072375138559394,1.919142013660756,0.9765340249357747,0.9795750330658286,0.00964878551764689,-0.5615658978499036,0.5183801138453855
19.8,1.1222367377596796,2.666689822793493,0.016387659767211255,0.018064121109967475,0.5629139307062885,0.5629139307062885,0.9999999999999991,8.881784197001252e-16,0.0,11.315294780522015,0.8658910512730947,0.8821946874671833,1.9062695297120191,1.918130038158211,0.9762861817192067,0.9793167432556872,0.009586256597404613,-0.5621152187393372,0.5199091365059814
20.0,1.1203257785063412,2.67519186964697,0.01627042309923388,0.01790696830712896,0.5634207980196826,0.5634207980196826,0.9999999999999991,8.881784197001252e-16,0.0,11.354141065839297,0.8645793780864616,0.8808036049773766,1.9053064782826767,1.917121507991802,0.9760395390173636,0.9790592654310291,0.009523260832235828,-0.5626478190402617,0.5214016976511758
20.200000000000003,1.1184274624032013,2.6834988208391035,0.01615719583742451,0.017754866175441704,0.5639123737420956,0.5639123737420956,0.9999999999999991,8.881784197001252e-16,0.0,11.392044864780068,0.863275822254801,0.8794188521639448,1.9043484211280939,1.916116517906762,0.9757941135125243,0.9788026244170261,0.009459830370401393,-0.5631641753927795,0.5228585967214884
20.400000000000002,1.1165418732572183,2.691614714208123,0.016047831820246373,0.017607628363533034,0.5643890781154128,0.5643890781154128,0.9999999999999991,8.881784197001252e-16,0.0,11.42902378344457,0.8619804434175381,0.8780405398910527,1.90339541772811,1.9151151599711473,0.9755499213661194,0.9785468443789831,0.009395996374693252,-0.563664749875361,0.5242806168543089
20.6,1.1146690887388724,2.6995435153231915,0.01594219123227051,0.017465076774116146,0.5648513200303336,0.5648513200303336,0.9999999999999991,8.881784197001252e-16,0.0,11.46509526823648,0.8606932982286652,0.8766687749419596,1.9024475255062232,1.9141175236196473,0.9753069782240262,0.9782919488324568,0.009331789050160882,-0.5641499905450436,0.5256685251859637
20.8,1.112809180571045,2.7072891183898,0.015840140223412243,0.017327041074414434,0.5652994954065446,0.5652994954065446,0.9999999999999991,8.881784197001252e-16,0.0,11.500276633747465,0.8594144404082005,0.8753036601021339,1.901504799854065,1.9131236956965256,0.9750652992219978,0.9780379606531788,0.00926723767215791,-0.5646203319719094,0.5270230731628696
21.0,1.110962214712702,2.7148553470482755,0.015741550655446787,0.01719335835183405,0.5657339894259863,0.5657339894259863,0.9999999999999991,8.881784197001252e-16,0.0,11.534585019298266,0.8581439207914348,0.87394529424067,1.9005672941545428,1.9121337604976976,0.9748248989907684,0.9777849020867685,0.009202370609388222,-0.5650761956479182,0.5283449968102586
21.200000000000003,1.1091282515377416,2.722245955233941,0.01564629981850848,0.017063872740090146,0.5661551770547851,0.5661551770547851,0.9999999999999991,8.881784197001252e-16,0.0,11.568037378113942,0.8568817873773532,0.8725937723902293,1.8996350598046678,1.9111477998120912,0.9745857916610912,0.9775327947582886,0.009137215347414976,-0.5655179904149311,0.5296350170056939
21.400000000000002,1.1073073460091483,2.7294646280786843,0.015554270133672542,0.016938435033719303,0.5665634224375404,0.5665634224375404,0.9999999999999991,8.881784197001252e-16,0.0,11.600650487810393,0.8556280853783356,0.8712491858255554,1.8987081462396191,1.910165892962341,0.9743479908691101,0.9772816596816436,0.009071798513281049,-0.5659461129167919,0.5308938397654276
21.6,1.105499547848463,2.7365149827874284,0.015465348901311227,0.016816902356587272,0.5669590793741631,0.5669590793741632,0.9999999999999991,8.881784197001252e-16,0.0,11.63244094124296,0.8543828572692993,0.8699116221405285,1.8977866009566993,1.9091881168447815,0.9741115097617182,0.9770315172688202,0.00900614589841478,-0.5663609480055811,0.5321221565185659
21.8,1.1037049017007179,2.743400569513943,0.015379428070897861,0.01669913785719182,0.5673424920421266,0.5673424920421266,0.9999999999999991,8.881784197001252e-16,0.0,11.663425133259379,0.8531461428353944,0.8685811653238004,1.8968704695385128,1.9082145459687607,0.973876361001734,0.9767823873389729,0.008940282480341705,-0.5667628691214709,0.5333206443721209
22.0,1.1019234472949835,2.7501248722610807,0.015296404007002988,0.01658501040281468,0.5677139950614009,0.5677139950614009,0.9999999999999991,8.881784197001252e-16,0.0,11.69361926007228,0.8519179792196447,0.8672578958330953,1.895959795676405,1.9072452524953494,0.9736425567731586,0.9765342891273722,0.00887423244452333,-0.567152238677639,0.5344899663787156
22.200000000000003,1.100155219600653,2.756691309783248,0.015216177270202918,0.016474394292954258,0.5680739136243705,0.5680739136243705,0.9999999999999991,8.881784197001252e-16,0.0,11.723039317810029,0.8506984009707559,0.8659418906682003,1.8950546211943182,1.9062803062754443,0.973410108786557,0.976287241294216,0.008808019205693615,-0.5675294084306276,0.5356307718015131
22.400000000000002,1.0984002489795528,2.7631032364829755,0.015138652418772826,0.01636716899824503,0.5684225639465448,0.5684225639465448,0.9999999999999991,8.881784197001252e-16,0.0,11.75170109543649,0.8494874400902893,0.864633223442672,1.894154986072479,1.905319774887297,0.9731790282844122,0.9760412619333162,0.008741665428258744,-0.5678947198270524,0.5367436963720532
22.6,1.0966585613339945,2.769363943314509,0.015063737817598908,0.016263218909808124,0.5687602535562576,0.5687602535562576,0.9999999999999991,8.881784197001252e-16,0.0,11.779620170997863,0.8482851260792902,0.8633319644542995,1.893260928470974,1.9043637236734865,0.9729493260464661,0.9757963685806577,0.008675193046250557,-0.5682485043413564,0.537829362545286
22.8,1.0949301782508778,2.7754766586928703,0.014991345454261718,0.016162433098847264,0.5690872814447703,0.5690872814447703,0.9999999999999991,8.881784197001252e-16,0.0,11.806811910793039,0.8470914859847463,0.8620381807543539,1.8923724847535002,1.9034122157773556,0.9727210123951222,0.9755525782228409,0.008608623282923375,-0.5685910838053431,0.538888379752524
23.0,1.093215117141947,2.781444549400058,0.014921390768627332,0.01606470509325944,0.5694039383452142,0.5694039383452142,0.9999999999999991,8.881784197001252e-16,0.0,11.833291466403848,0.8459065444457231,0.860751936215651,1.8914896895111677,1.9024653121789339,0.9724940972008769,0.975309907305411,0.008541976669728196,-0.5689227707220197,0.5399213446496901
23.200000000000003,1.0915133913802961,2.7872707214906685,0.014853792492407659,0.015969932667240432,0.5697105070296775,0.5697105070296776,0.9999999999999991,8.881784197001252e-16,0.0,11.85907377163424,0.8447303237390984,0.8594732915994637,1.8906125755862992,1.9015230717303642,0.9722685898877675,0.9750683717410783,0.00847527306475837,-0.5692438685670453,0.5409288413614693
23.400000000000002,1.0898250104332254,2.792958221199436,0.01478847249510096,0.01587801763984561,0.5700072625061706,0.5700072625061706,0.9999999999999991,8.881784197001252e-16,0.0,11.884173541578699,0.8435628438249542,0.8582023046213008,1.8897411740962713,1.9005855511908443,0.972044499438847,0.9748279869178339,0.008408531670800135,-0.5695546720817024,0.541911441722603
23.6,1.0881499799915422,2.798510035846805,0.014725355638736741,0.01578886568502429,0.5702944722303217,0.5702944722303217,0.9999999999999991,8.881784197001252e-16,0.0,11.908605271629217,0.8424041223916621,0.8569390300155889,1.8888755144574176,1.8996528052611115,0.9718218344016902,0.9745887677069663,0.008341771052904873,-0.5698554675547669,0.5428697055154534
23.8,1.0864883020953906,2.803929094741106,0.014664369641609368,0.01570238615320458,0.570572396359817,0.570572396359817,0.9999999999999991,8.881784197001252e-16,0.0,11.932383235860625,0.8412541749005998,0.85568351959927,1.8880156244089485,1.898724886617469,0.9716006028939219,0.9743507284709786,0.00827500915546761,-0.5701465330928481,0.5438041807034576
24.0,1.0848399752567082,2.8092182700790143,0.014605444948370088,0.015618491901462032,0.5708412879659979,0.5708412879659979,0.9999999999999991,8.881784197001252e-16,0.0,11.955521486412252,0.8401130146305208,0.8544358223343447,1.8871615300369036,1.897801845945379,0.9713808126087686,0.9741138830714143,0.008208263318896222,-0.5704281388818087,0.5447154036611896
24.200000000000003,1.0832049945783904,2.8143803778431216,0.014548514606532493,0.01553709913223207,0.5711013932214614,0.5711013932214614,0.9999999999999991,8.881784197001252e-16,0.0,11.97803385349451,0.8389806527215972,0.8531959843893828,1.886313255798147,1.8968837319726322,0.9711624708206387,0.973878244876591,0.008141550295871089,-0.570700547439217,0.5456038994009744
24.400000000000002,1.0815833518702491,2.8194181786947214,0.01449351415023212,0.015458127241377968,0.5713529516140382,0.5713529516140382,0.9999999999999991,8.881784197001252e-16,0.0,11.999933945030781,0.837857098219107,0.8519640492000199,1.8854708245443839,1.8959705915021063,0.9709455843907231,0.9736438267692488,0.008074886267162185,-0.5709640138569632,0.546470181795632
24.6,1.0799750357618447,2.8243343788622037,0.014440381489961142,0.015381498674138372,0.5715961961513197,0.5715961961513197,0.9999999999999991,8.881784197001252e-16,0.0,12.02123514661036,0.8367423581167613,0.8507400575284596,1.8846342575461899,1.8950624694441165,0.9707301597726179,0.9734106411541121,0.008008286857048047,-0.5712187860352226,0.5473147537976158
24.8,1.0783800318122738,2.8291316310250494,0.014389056807458023,0.015307138787984365,0.5718313535365549,0.5718313535365549,0.9999999999999991,8.881784197001252e-16,0.0,12.041950622115081,0.835636437399685,0.8495240475220023,1.8838035745170691,1.8941594088483855,0.9705162030179673,0.9731786999653701,0.007941767148354414,-0.571465104908547,0.548138107654731
25.0,1.0767983226169897,2.833812535191976,0.014339482456303966,0.015234975722901641,0.5720586443520619,0.5720586443520619,0.9999999999999991,8.881784197001252e-16,0.0,12.062093314302857,0.8345393390870407,0.8483160547706162,1.882978793637518,1.8932614509356218,0.9703037197821275,0.972948014674077,0.007875341697105742,-0.5717032046636225,0.5489407251222108
25.200000000000003,1.07522988791173,2.838379639572878,0.014291602867840703,0.015164940278605793,0.5722782832475579,0.572278283247558,0.9999999999999991,8.881784197001252e-16,0.0,12.081675945383097,0.8334510642742912,0.8471161123635732,1.8821599315790993,1.8923686351287343,0.9700927153298475,0.9727185962954754,0.007809024546793442,-0.5719333129490723,0.5497230776711723
25.400000000000002,1.073674704673622,2.842835441444795,0.014245364461474347,0.015096965797613304,0.5724904791067537,0.5724904791067537,0.9999999999999991,8.881784197001252e-16,0.0,12.100711018097469,0.8323716121750949,0.8459242509451559,1.8813470035285178,1.8914809990836767,0.9698831945409667,0.9724904553962435,0.007742829242294733,-0.5721556510781386,0.550485626693649
25.6,1.0721327472195477,2.8471823880111184,0.014200715559478282,0.015030988054223895,0.5726954352081599,0.5726954352081599,0.9999999999999991,8.881784197001252e-16,0.0,12.119210816984717,0.8313009801628396,0.844740498769464,1.8805400232116907,1.8905985787199389,0.9696751619161275,0.9722636021016674,0.007676768843436002,-0.5723704342242081,0.5512288237041454
25.8,1.070603987301824,2.8514228772533134,0.014157606306373194,0.014966945149434856,0.5728933493943886,0.5728933493943886,0.9999999999999991,8.881784197001252e-16,0.0,12.137187409532526,0.8302391638117932,0.8435648817543274,1.879739002917806,1.8897214082506892,0.9694686215825006,0.9720380461027441,0.007610855938205485,-0.5725778716092187,0.5519531105376436
26.0,1.0690883942012794,2.855559258775312,0.014115988592150696,0.01490477741094138,0.5730844142293985,0.5730844142293985,0.9999999999999991,8.881784197001252e-16,0.0,12.154652647615425,0.8291861569378891,0.8423974235343421,1.8789439535233694,1.888849520212573,0.9692635772995231,0.9718137966632104,0.007545102655632699,-0.5727781666855865,0.5526589195442176
26.200000000000003,1.067585934817781,2.8595938346403247,0.014075815979088,0.014844427297897464,0.5732688171423928,0.5732688171423928,0.9999999999999991,8.881784197001252e-16,0.0,12.171618169239652,0.8281419516391331,0.8412381455130445,1.878154884516229,1.887982945495177,0.9690600324646464,0.9715908626265065,0.007479520678346313,-0.5729715173118998,0.5533466737802891
26.400000000000002,1.06609657375829,2.863528860199271,0.014037043632396306,0.014785839310644767,0.5734467405778154,0.5734467405778154,0.9999999999999991,8.881784197001252e-16,0.0,12.18809540019624,0.8271065383356188,0.84008706691424,1.8773718040195682,1.8871217133701637,0.9688579901190921,0.9713692524226689,0.0074141212548075736,-0.5731581159223265,0.5540167871964639
26.6,1.064620273422496,2.8673665449108032,0.013999628254291433,0.014728959904919936,0.5736183621426405,0.5736183621426405,0.9999999999999991,8.881784197001252e-16,0.0,12.204095555787886,0.8260799058091595,0.8389442048324904,1.8765947188158647,1.8862658515200779,0.9686574529536137,0.9711489740751587,0.007348915211231613,-0.5733381496901344,0.5546696648220173
26.8,1.0631569940860979,2.8711090531529875,0.01396352802099461,0.01467373740996908,0.5737838547378047,0.5737838547378047,0.9999999999999991,8.881784197001252e-16,0.0,12.21962964289228,0.8250620412425349,0.8378095742827859,1.8758236343708137,1.8854153860668397,0.9684584233142645,0.9709300352076227,0.007283912963209752,-0.5735118006857158,0.5553057029461395
27.0,1.0617066939817932,2.874758505026052,0.013928702522858053,0.014620121950733539,0.5739433866897109,0.5739433866897109,0.9999999999999991,8.881784197001252e-16,0.0,12.234708462034133,0.8240504850248247,0.8366831882494016,1.875056700191582,1.8845703415999187,0.9682604243413286,0.9707124430505941,0.00721912452703756,-0.5736792460290988,0.5559252892958949
27.200000000000003,1.0602693293780288,2.878316977145877,0.013895112707551468,0.014568065373997269,0.5740971218864871,0.5740971218864872,0.9999999999999991,8.881784197001252e-16,0.0,12.249342609359548,0.8230281357312661,0.8355650577339588,1.8742809449451767,1.8837307412042,0.96806010683568,0.9704962044481245,0.007154559530746077,-0.5738406580371375,0.5565288032109177
27.400000000000002,1.0588448546555713,2.8817865034284846,0.013862720825733931,0.0145175211778448,0.5742452199007709,0.5742452199007709,0.9999999999999991,8.881784197001252e-16,0.0,12.263542478880835,0.822014426640165,0.8344551918027,1.8735111112217413,1.882896606487542,0.9678612774105552,0.9702813258643579,0.007090227224861384,-0.5739962043657979,0.557116615814959
27.6,1.0574332223819587,2.885169075865263,0.013831490379193226,0.014468444444374125,0.5743878361044928,0.5743878361044928,0.9999999999999991,8.881784197001252e-16,0.0,12.277318264878204,0.8210093438118471,0.8333535976329876,1.8727472032979793,1.8820679576080352,0.9676639380882406,0.9700678133900404,0.007026136492885221,-0.5741460481476284,0.5576890901842967
27.8,1.0560343833838761,2.888466645288361,0.013801386071686654,0.01442079177587867,0.5745251217921862,0.5745251217921862,0.9999999999999991,8.881784197001252e-16,0.0,12.290679964111758,0.8200128718344204,0.8322602805590393,1.8719892242197196,1.8812448133009607,0.9674680905677263,0.9698556727489722,0.006962295861510218,-0.5742903481244503,0.5582465815129919
28.0,1.0546482868175213,2.891681122126491,0.013772373762018768,0.014374521233972565,0.5746572242982586,0.5746572242982587,0.9999999999999991,8.881784197001252e-16,0.0,12.303637378135058,0.8190249938607684,0.8311752441169118,1.871237175825086,1.880427190905454,0.9672737362303382,0.9696449093043946,0.00689871351057024,-0.5744292587756287,0.5587894372750853
28.200000000000003,1.0532748802369984,2.8948143771512727,0.013744420419015626,0.014329592281267962,0.5747842870984035,0.5747842870984035,0.9999999999999991,8.881784197001252e-16,0.0,12.31620011591597,0.8180456916451436,0.8300984900887379,1.870491058767595,1.8796151063908768,0.9670808761453658,0.9694355280653221,0.0068353972827432385,-0.5745629304421347,0.5593179973838035
28.400000000000002,1.0519141096608042,2.897868242213491,0.013717494078773798,0.01428596572597584,0.5749064499171013,0.5749064499171013,0.9999999999999991,8.881784197001252e-16,0.0,12.328377596306073,0.8170749455793274,0.8290300185462367,1.8697508725391503,1.8788085743829,0.9668895110756778,0.9692275336928127,0.00677235469300122,-0.5746915094463557,0.5598325943477387
28.6,1.0505659196364412,2.900844510969225,0.013691563804058513,0.014243603669269831,0.575023848840783,0.575023848840783,0.9999999999999991,8.881784197001252e-16,0.0,12.340179050357357,0.8161127347283682,0.8279698278934946,1.869016615492944,1.8780076081893018,0.9666996414833275,0.9690209305061795,0.006709592937816866,-0.5748151382078848,0.560333553424065
28.8,1.0492302533032174,2.90374493959635,0.013666599645192668,0.014202469454691556,0.5751366164117088,0.5751366164117088,0.9999999999999991,8.881784197001252e-16,0.0,12.351613524006366,0.8151590368658909,0.8269179149090401,1.8682882848662492,1.8772122198254781,0.9665112675351427,0.968815722489148,0.006647118904139118,-0.5749339553556121,0.5608211927688939
29.0,1.0479070524532734,2.9065712475010477,0.013642572602663583,0.014162527619812714,0.575244881716866,0.575244881716866,0.9999999999999991,8.881784197001252e-16,0.0,12.362689880830239,0.8142138285089747,0.8258742747872108,1.8675658768031005,1.8764224200396795,0.9663243891083013,0.9686119132959502,0.0065849391781370725,-0.5750480958360803,0.561295823584754
29.200000000000003,1.0465962575908825,2.9093251180137525,0.013619454591850422,0.014123743850555433,0.5753487704945183,0.5753487704945183,0.9999999999999991,8.881784197001252e-16,0.0,12.373416804391068,0.8132770849526074,0.824838901178827,1.8668493863768647,1.8756382183379583,0.966139005795891,0.9684095062573634,0.006523060053714988,-0.5751576910181698,0.5617577502652104
29.400000000000002,1.0452978079900697,2.9120081990751974,0.013597218409131636,0.014086084937368407,0.5754484052289918,0.5754484052289919,0.9999999999999991,8.881784197001252e-16,0.0,12.38380280077935,0.8123487803036978,0.823811786231183,1.8661388076126821,1.8748596230088521,0.965955116912449,0.9682085043866958,0.006461487540812494,-0.5752628687944772,0.5622072705367277
29.6,1.044011641750593,2.9146221039128313,0.013575837699031697,0.014049518732880116,0.5755439052215153,0.5755439052215153,0.9999999999999991,8.881784197001252e-16,0.0,12.393856201622812,0.811428887514655,0.8227929206273611,1.8654341335097817,1.8740866411477783,0.9657727214994817,0.9680089103857096,0.006400227373493703,-0.5753637536794676,0.5626446755978314
29.8,1.0427376958523267,2.917168411706582,0.013555286923295847,0.014014014111943524,0.5756353866811598,0.5756353866811598,0.9999999999999991,8.881784197001252e-16,0.0,12.403585166627707,0.8105173784165461,0.821782293624877,1.8647353560636768,1.8733192786811714,0.9655918183309661,0.9678107266504913,0.006339285017821272,-0.5754604669042911,0.5630702502555134
30.0,1.0414759062080932,2.9196486682441583,0.013535541331645097,0.013979540933792955,0.5757229628284591,0.5757229628284591,0.9999999999999991,8.881784197001252e-16,0.0,12.412997685794705,0.8096142237517939,0.8207798930936709,1.8640424662882,1.872557540390333,0.9654124059188225,0.967613955277264,0.006278665679528908,-0.575553126508566,0.5634842730589831
30.200000000000003,1.040226207714974,2.9220643865671168,0.01351657693298333,0.013946070005007407,0.5758067439582879,0.5758067439582879,0.9999999999999991,8.881784197001252e-16,0.0,12.422101582448395,0.8087193932064631,0.8197857055534442,1.8633554542374218,1.8718014299350265,0.9652344825183685,0.967418598068146,0.006218374311502586,-0.5756418474294014,0.5638870164308675
30.400000000000002,1.0389885343041514,2.924417047606864,0.013498370467832347,0.01391357304407725,0.5758868375001189,0.5758868375001189,0.9999999999999991,8.881784197001252e-16,0.0,12.430904516281338,0.8078328554420858,0.8187997162103602,1.8626743090273992,1.871050949876795,0.9650580461337417,0.9672246565368503,0.0061584156210614666,-0.5757267415874632,0.5642787467958063
30.6,1.0377628189893071,2.926708100809424,0.013480899383053796,0.013882022648666354,0.575963348128049,0.575963348128049,0.9999999999999991,8.881784197001252e-16,0.0,12.439413985281544,0.8069545781270696,0.8178219089931053,1.8619990188577933,1.8703061017020202,0.9648830945232995,0.9670321319143319,0.006098794077049718,-0.5758079179701725,0.5646597247064661
30.8,1.0365489939136245,2.928938964750828,0.013464141807080164,0.013851392263694307,0.576036377841456,0.576036377841456,0.9999999999999991,8.881784197001252e-16,0.0,12.44763732821977,0.8060845279676526,0.8168522665883323,1.8613295710333149,1.8695668858447059,0.9647096252049872,0.966841025154376,0.006039513916746939,-0.5758854827125005,0.5650302049671322
31.0,1.0353469903954247,2.931111027743863,0.01344807652494179,0.013821656149481755,0.5761060259847566,0.5761060259847566,0.9999999999999991,8.881784197001252e-16,0.0,12.45558172839539,0.805222670738426,0.8158907704754816,1.8606659519850164,1.8688333017090129,0.9645376354616761,0.9666513369391344,0.005980579152605997,-0.5759595391752762,0.5653904367548833
31.200000000000003,1.034156738973601,2.933225648449503,0.013432682955032924,0.013792789352000432,0.5761723893128187,0.5761723893128187,0.9999999999999991,8.881784197001252e-16,0.0,12.463254216351551,0.8043689713131955,0.8149374009618988,1.860008147292019,1.8681053476922078,0.964367122346627,0.9664630676847833,0.005921993579245638,-0.5760301880235369,0.5657406637414795
31.400000000000002,1.0329781694466604,2.9352841564040335,0.013417941131911347,0.013764767679529272,0.5762355622263631,0.5762355622263631,0.9999999999999991,8.881784197001252e-16,0.0,12.470661669043515,0.8035233936918924,0.813992137213265,1.8593561417003606,1.867383021204243,0.9641980826882165,0.9662762175463183,0.005863760778212615,-0.5760975272882447,0.5660811241978675
31.6,1.03181121092241,2.9372878527095643,0.0134038316795309,0.013737567669851328,0.576295636663733,0.576295636663733,0.9999999999999991,8.881784197001252e-16,0.0,12.477810816246711,0.802685901035207,0.8130549572929765,1.8587099191479635,1.8666663186943557,0.9640305130962628,0.9660907864241799,0.00580588412723379,-0.5761616524551763,0.5664120511304069
31.8,1.030655791848376,2.939238010464532,0.013390335788939545,0.01371116656209418,0.5763527019703902,0.5763527019703902,0.9999999999999991,8.881784197001252e-16,0.0,12.484708245909713,0.8018564556863867,0.8121258381864753,1.8580694627798646,1.8659552356663647,0.9638644099658347,0.9659067739679681,0.005748366803032798,-0.5762226565290257,0.5667336723697174
32.0,1.0295118400562482,2.9411358753800863,0.013377435207958912,0.013685542281253028,0.5764068453987697,0.5764068453987697,0.9999999999999991,8.881784197001252e-16,0.0,12.49136039924504,0.8010350192030962,0.8112047558371958,1.8574347549713581,1.865249766703024,0.9636997694831244,0.9657241795825072,0.005691211788338493,-0.5762806300856869,0.5670462106864095
32.2,1.028379282801151,2.9429826663436995,0.013365112220934491,0.01366067341270645,0.5764581521117144,0.5764581521117145,0.9999999999999991,8.881784197001252e-16,0.0,12.497773574076232,0.8002215523863075,0.8102916851787447,1.856805777349003,1.864549905487685,0.963536587630776,0.9655430024332294,0.0056344218781684,-0.5763356613448236,0.5673498839029162
32.4,1.0272580467981618,2.9447795759589503,0.013353349622670183,0.01363653917096607,0.5765067048700526,0.5765067048700526,0.9999999999999991,8.881784197001252e-16,0.0,12.5039539342952,0.7994160153073088,0.8093866001652132,1.8561825108103274,1.8638556448247008,0.9633748601928855,0.9653632414512433,0.005577999685731139,-0.5763878362461178,0.5676449050019728
32.6,1.0261480582574538,2.9465277710603974,0.01334213070509802,0.0136131193816581,0.5765525842395076,0.5765525842395076,0.9999999999999991,8.881784197001252e-16,0.0,12.509907509814502,0.7986183673340179,0.8084894738007109,1.855564935543138,1.863166976659413,0.9632145827599081,0.9651848953383031,0.005521947647263908,-0.5764372384993267,0.5679314822248653
32.800000000000004,1.0250492429189704,2.948228393223289,0.013331439247509973,0.013590394467357023,0.5765958689429863,0.5765958689429864,0.9999999999999991,8.881784197001252e-16,0.0,12.515640193156376,0.7978285671574356,0.8076002781688368,1.854953031045075,1.86248389209825,0.9630557507336385,0.9650079625718214,0.005466268027024546,-0.5764839496353573,0.568209819169196
33.0,1.0239615260864332,2.9498825592809177,0.01332125949564929,0.013568345422220273,0.5766366356921159,0.5766366356921159,0.9999999999999991,8.881784197001252e-16,0.0,12.52115774588124,0.7970465728180954,0.8067189844619203,1.854346776143299,1.8618063814288202,0.9628983593322343,0.9648324414098859,0.005410962922913196,-0.5765280490748345,0.5684801148914944
33.2,1.0228848326602669,2.9514913618324274,0.013311576141787637,0.013546953787786834,0.5766749590185071,0.5766749590185071,0.9999999999999991,8.881784197001252e-16,0.0,12.526465805622658,0.7962723417319373,0.8058455630096714,1.853746149013867,1.8611344341397031,0.9627424035951683,0.9646583298962121,0.005356034271640678,-0.5765696141866936,0.5687425640055739
33.4,1.021819087169365,2.953055869728543,0.013302374316275649,0.013526201640655603,0.5767109115936033,0.5767109115936033,0.9999999999999991,8.881784197001252e-16,0.0,12.531569883424844,0.7955058307154893,0.8049799833071731,1.8531511272006997,1.8604680389399044,0.9625878783880811,0.964485625865018,0.005301483853259237,-0.5766087203318865,0.5689973567742029
33.6,1.0207642138018609,2.954577128550497,0.0132936395766065,0.013506071577806889,0.576744564423523,0.5767445644235231,0.9999999999999991,8.881784197001252e-16,0.0,12.536475362847396,0.7947469960106737,0.8041222140423286,1.8525616876343782,1.8598071837780281,0.9624347784076015,0.964314326945833,0.005247313295949102,-0.5766454409166746,0.5692446792019186
33.800000000000004,1.0197201364349964,2.9560561610906566,0.013285357887364173,0.013486546692774543,0.5767759865988781,0.5767759865988781,0.9999999999999991,8.881784197001252e-16,0.0,12.541187508122917,0.7939957933093452,0.8032722231228246,1.851977806650859,1.8591518558612383,0.9622830981861492,0.964144430568266,0.005193524080961673,-0.5766798474521004,0.5694847131287688
34.0,1.0186867786640945,2.957493967819971,0.013277515605850177,0.013467610557727827,0.5768052452656435,0.5768052452656435,0.9999999999999991,8.881784197001252e-16,0.0,12.54571146839905,0.7932521777773291,0.8024299777026079,1.8513994600099093,1.8585020416739846,0.9621328320966775,0.963975933966717,0.005140117547023426,-0.5767120095999282,0.5697176363186568
34.2,1.0176640638306431,2.958891527338245,0.013270099476463057,0.013449247214623535,0.5768324059824802,0.5768324059824802,0.9999999999999991,8.881784197001252e-16,0.0,12.55005227372054,0.792516104077955,0.8015954442078598,1.8508266229132728,1.8578577269964784,0.9619839743573497,0.9638088341850365,0.005087094894513547,-0.5767419952141883,0.5699436225445429
34.4,1.0166519150495066,2.960249796822572,0.013263096618705663,0.013431441160027606,0.5768575327737618,0.5768575327737618,0.9999999999999991,8.881784197001252e-16,0.0,12.55421483667889,0.7917821790915294,0.8007685883624773,1.8502551047214368,1.8572188969229326,0.961835436388554,0.9636431280811311,0.005034457189928787,-0.5767698703928691,0.5701628416753978
34.6,1.015650255235279,2.9615697124745903,0.013256494508791213,0.013414177323527572,0.576880687852823,0.5768806878528231,0.9999999999999991,8.881784197001252e-16,0.0,12.558203961273437,0.7910423521546787,0.7999493752130555,1.8496786329944352,1.856585535879544,0.9616855877484686,0.963478812331512,0.0049822053702098384,-0.5767956995274265,0.5703754597614851
34.800000000000004,1.0146590071278119,2.962852189951341,0.013250280969886506,0.013397441055030884,0.576901931715454,0.576901931715454,0.9999999999999991,8.881784197001252e-16,0.0,12.562024344433064,0.7903099683477227,0.7991377691533866,1.8491076067601855,1.8559576276422338,0.9615371315898689,0.9633158834357873,0.004930340246597012,-0.5768195453409231,0.5705816391146753
35.0,1.0136780933169465,2.9640981247822054,0.013244444168245837,0.013381218118198887,0.5769213235020834,0.5769213235020834,0.9999999999999991,8.881784197001252e-16,0.0,12.565680571319486,0.7895849828922644,0.7983337339484936,1.8485420012812699,1.8553351553541542,0.961390062125148,0.9631543377211033,0.0048788625085060405,-0.5768414689286755,0.5707815383879196
35.2,1.0127074362664739,2.965308392787413,0.013238972600314012,0.013365494674832439,0.5769389209251544,0.5769389209251544,0.9999999999999991,8.881784197001252e-16,0.0,12.569177119430627,0.7888673505717017,0.7975372327581981,1.847981791315555,1.8547181015429564,0.9612443734258718,0.9629941713465328,0.004827772727593563,-0.5768615298057765,0.5709753126557733
35.4,1.0117469583373262,2.966483850493187,0.01323385507601845,0.013350257265458068,0.5769547799828711,0.5769547799828711,0.9999999999999991,8.881784197001252e-16,0.0,12.572518367770442,0.788157025752633,0.79674822816022,1.8474269511330421,1.8541064481378162,0.9611000594271388,0.9628353803074053,0.004777071361517157,-0.5768797859476662,0.5711631134917251
35.6,1.010796581810022,2.9676253355282904,0.013229080713048381,0.013335492801160928,0.5769689551685818,0.5769689551685818,0.9999999999999991,8.881784197001252e-16,0.0,12.575708595599814,0.7874539624057963,0.7959666821728211,1.8468774545324482,1.8535001764862182,0.9609571139318778,0.9626779604395864,0.004726758757382141,-0.5768962938237816,0.571345089041862
35.800000000000004,1.0098562289064028,2.9687336670097264,0.013224638934406953,0.013321188558876054,0.576981499834846,0.576981499834846,0.9999999999999991,8.881784197001252e-16,0.0,12.578751977205222,0.7867581141265989,0.795192556277005,1.846333274857556,1.852899267370511,0.9608155306150906,0.9625219074237019,0.004676835155340078,-0.5769111084371483,0.5715213840990004
36.0,1.0089258218106678,2.9698096459331857,0.013220519454306037,0.013307332164952682,0.5769924659893189,0.576992465989319,0.9999999999999991,8.881784197001252e-16,0.0,12.581652588751284,0.7860694341553126,0.794425811438273,1.845794385013393,1.8523037010242276,0.9606753030280583,0.9623672167893077,0.004627300692223613,-0.5769242833663524,0.571692140176636
36.2,1.0080052826897183,2.9708540555579384,0.01321671226273597,0.013293911577426477,0.5770019039942561,0.5770019039942561,0.9999999999999991,8.881784197001252e-16,0.0,12.584414417778673,0.785387875396862,0.7936664081279389,1.8452607574821738,1.8517134571481628,0.9605364246024891,0.9622138839190081,0.004578155404818637,-0.5769358707989153,0.5718574955790967
36.4,1.0070945337128436,2.971867661770467,0.013213207623981166,0.013280915082513178,0.5770098629175715,0.5770098629175715,0.9999999999999991,8.881784197001252e-16,0.0,12.587041358514172,0.7847133904401727,0.7929143063440164,1.8447323643389804,1.8511285149262249,0.9603988886546069,0.962061904052516,0.004529399232995973,-0.5769459215625362,0.5720175854695634
36.6,1.0061934970707616,2.972851213440589,0.01320999607559983,0.013268331291690189,0.5770163909085523,0.5770163909085524,0.9999999999999991,8.881784197001252e-16,0.0,12.589537206005918,0.784045931577159,0.7921694656316827,1.844209177267237,1.8505488530410552,0.9602626883891892,0.9619112722906658,0.004481032023029949,-0.5769544851628957,0.5721725419389995
36.800000000000004,1.0053020949940283,2.9738054427866536,0.013207068411921015,0.013256149123176816,0.5770215348132887,0.5770215348132887,0.9999999999999991,8.881784197001252e-16,0.0,12.5919056668845,0.7833854508213675,0.7914318451033238,1.8436911675739949,1.849974449689417,0.9601278169035617,0.9617619835993678,0.004433053530803657,-0.5769616098195821,0.5723224940736392
37.0,1.0044202497708339,2.9747310657322017,0.013204415669470004,0.013244357785413188,0.5770253398530102,0.5770253398530102,0.9999999999999991,8.881784197001252e-16,0.0,12.594150369242131,0.7827318999261897,0.7907014034581614,1.8431783062049425,1.8494052825973535,0.9599942671915282,0.9616140328135114,0.00438546342467451,-0.5769673424941675,0.5724675680188298
37.2,1.0035478837642038,2.9756287822369143,0.01320202913112132,0.013232946779556725,0.5770278501966059,0.577027850196606,0.9999999999999991,8.881784197001252e-16,0.0,12.5962748527208,0.7820852304026936,0.7899780990014796,1.8426705637591945,1.8488413290351173,0.959862032147245,0.9614674146408146,0.004338261288358347,-0.576971728920188,0.5726078870421337
37.4,1.0026849194286234,2.9764992766250247,0.013199900326328786,0.01322190589810276,0.5770291093463004,0.5770291093463004,0.9999999999999991,8.881784197001252e-16,0.0,12.598282562168295,0.7814453935371259,0.7892618896634499,1.842167910503883,1.8482825658318813,0.9597311045690508,0.9613221236656218,0.004291446623952672,-0.5769748136382774,0.5727435715971092
37.6,1.0018312793260922,2.9773432179294383,0.013198021009670892,0.013211225201669471,0.577029159457346,0.577029159457346,0.9999999999999991,8.881784197001252e-16,0.0,12.600176864859204,0.7808123404080323,0.7885527330175556,1.8416703163885142,1.8477289693902104,0.959601477163239,0.9611781543526473,0.004245018854733815,-0.5769766400262167,0.5728747393846348
37.800000000000004,1.0009868861416318,2.9781612602215364,0.01319638314734836,0.013200895003865773,0.5770280410173421,0.5770280410173421,0.9999999999999991,8.881784197001252e-16,0.0,12.601961060180813,0.780186021902959,0.787850586298631,1.8411777510590543,1.8471805157003234,0.9594731425477651,0.9610355010506663,0.004198977327699402,-0.5769772503234775,0.5730015054112926
38.0,1.000151662698261,2.9789540429079904,0.013194978930093621,0.013190905882849721,0.5770257937998577,0.5770257937998577,0.9999999999999991,8.881784197001252e-16,0.0,12.60363836102218,0.7795663887348473,0.7871554064205182,1.8406901838718368,1.8466371803541237,0.9593460932559094,0.9608941579961542,0.0041533213162383426,-0.5769766856603818,0.5731239820480527
38.2,0.9993255319714502,2.9797221910343894,0.013193800773407887,0.013181248680170206,0.5770224572052559,0.5770224572052559,0.9999999999999991,8.881784197001252e-16,0.0,12.605211888253235,0.7789533914580968,0.7864671499933434,1.840207583907257,1.8460989385590165,0.9592203217398916,0.9607541193168738,0.004108050022851542,-0.5769749860897485,0.5732422790889362
38.400000000000006,0.9985084171030628,2.9804663156143767,0.013192841286638047,0.01317191446831431,0.5770180690741958,0.5770180690741958,0.9999999999999991,8.881784197001252e-16,0.0,12.606684698996691,0.7783469804841886,0.7857857733404149,1.839729919983178,1.845565765151492,0.9590958203744111,0.9606153790354093,0.004063162581572716,-0.5769721906117246,0.5733565038066196
38.6,0.9977002414148142,2.9811870139321424,0.013192093262572467,0.013162894538972139,0.5770126654758164,0.5770126654758164,0.9999999999999991,8.881784197001252e-16,0.0,12.608059793689819,0.7777471060969592,0.7851112325147649,1.839257160668111,1.845037634610509,0.9589725814601344,0.9604779310726466,0.004018658060262845,-0.5769683371963031,0.5734667610061462
38.800000000000004,0.9969009284212508,2.9818848698013376,0.013191549704589278,0.013154180429053858,0.5770062823136354,0.5770062823136354,0.9999999999999991,8.881784197001252e-16,0.0,12.609340082894642,0.7771537184676394,0.784443483315326,1.8387892742942542,1.8445145210706517,0.9588505972271477,0.9603417692512104,0.0039745354630841695,-0.5769634628115502,0.5735731530795068
39.0,0.9961104018422533,2.982560453849448,0.013191203822971256,0.013145763915758307,0.5769989554358423,0.5769989554358425,0.9999999999999991,8.881784197001252e-16,0.0,12.610528386741558,0.776566767669508,0.7837824813027449,1.8383262289702786,1.8439963983350702,0.958729859838348,0.9602068872988366,0.00393079373290843,-0.57695760345115,0.573675780059242
39.2,0.9953285856150883,2.9832143238406195,0.013191048987340638,0.013137636967741399,0.5769907186037351,0.5769907186037351,0.9999999999999991,8.881784197001252e-16,0.0,12.611627481620902,0.7759862036920617,0.7831281818148471,1.8378679925937684,1.8434832398882057,0.958610361392747,0.9600732788517047,0.0038874317534095676,-0.5769507941550518,0.5737747396688685
39.400000000000006,0.9945554039060321,2.983847024944191,0.013191078727614027,0.013129791745011169,0.5769816037971908,0.5769816037971908,0.9999999999999991,8.881784197001252e-16,0.0,12.612640095599152,0.7754119764549469,0.7824805399817655,1.8374145328635194,1.8429750189083156,0.9584920939287409,0.9599409374577129,0.0038444483511869826,-0.5769430690316807,0.5738701273727839
39.6,0.993790781121555,2.9844590899488206,0.013191286784013585,0.013122220647870568,0.5769716438927631,0.5769716438927631,0.9999999999999991,8.881784197001252e-16,0.0,12.61356885155163,0.7748440358217401,0.7818395107407241,1.8369658172917531,1.8424717082797801,0.9583750494273614,0.9598098565797075,0.003801842298041175,-0.5769344612845232,0.5739620364268289
39.800000000000004,0.9930346419190851,2.985051039568847,0.013191667059532392,0.013114916268323557,0.5769608706058238,0.5769608706058238,0.9999999999999991,8.881784197001252e-16,0.0,12.614416314601074,0.7742823316131073,0.7812050488504781,1.8365218132158754,1.8419732806051934,0.9582592198154108,0.9596800295986568,0.0037596123128398745,-0.5769250032276088,0.5740505579247727
40.0,0.9922869112173653,2.9856233827110508,0.013192213606886962,0.01310787137609743,0.5769493141261197,0.5769493141261198,0.9999999999999991,8.881784197001252e-16,0.0,12.615185000767145,0.773726813619845,0.7805771089054305,1.836082487810178,1.8414797082172556,0.958144596968585,0.9595514498167748,0.0037177570639285867,-0.5769147263220971,0.5741357808497322
40.2,0.9915475142064161,2.986176616715091,0.013192920637018893,0.013101078926140229,0.5769370037364971,0.5769370037364971,0.9999999999999991,8.881784197001252e-16,0.0,12.615877366268101,0.7731774316153477,0.7799556453494197,1.8356478080971153,1.8409909631904537,0.9580311727144872,0.9594241104605996,0.0036762751706922447,-0.576903661184883,0.5742177921167254
40.400000000000006,0.9908163763571209,2.986711227580402,0.01319378253568876,0.013094532074224643,0.5769239688314649,0.5769239688314649,0.9999999999999991,8.881784197001252e-16,0.0,12.616495787461092,0.7726341353680138,0.7793406124891971,1.8352177409585633,1.840507017352544,0.9579189388356412,0.9592980046840174,0.0036351652052700606,-0.5768918376039239,0.5742966766163472
40.6,0.9900934234304405,2.987227690229096,0.013194793838892856,0.01308822415158901,0.576910237976408,0.576910237976408,0.9999999999999991,8.881784197001252e-16,0.0,12.617042582118923,0.7720968746533857,0.7787319645075876,1.8347922531468954,1.8400278422958343,0.9578078870724571,0.9591731255712417,0.0035944256949041603,-0.5768792845719438,0.5743725172632966
40.800000000000004,0.989378581486249,2.9877264687668363,0.013195949205972503,0.013082148637321163,0.5768958378227591,0.5768958378227592,0.9999999999999991,8.881784197001252e-16,0.0,12.617520034817604,0.7715655992657722,0.7781296554763337,1.834371311295674,1.839553409388258,0.957698009126101,0.9590494661397394,0.0035540551237404766,-0.5768660303069513,0.5744453950401699
41.0,0.9886717768918145,2.9882080166851686,0.013197243446734692,0.013076299184484686,0.5768807945967387,0.5768807945967387,0.9999999999999991,8.881784197001252e-16,0.0,12.617930367088476,0.7710402590295445,0.7775336393686311,1.8339548819301077,1.8390836897842435,0.9575892966613033,0.9589270193431073,0.003514051934073323,-0.5768521022581208,0.574515389035745
41.2,0.9879729363299486,2.9886727770662374,0.0131986715410884,0.013070669638822488,0.5768651352561179,0.5768651352561179,0.9999999999999991,8.881784197001252e-16,0.0,12.618275713443385,0.7705208038103067,0.7769438700713731,1.8335429314774292,1.838618654435398,0.9574817413091503,0.9588057780739035,0.003474414528213829,-0.5768375271284892,0.5745825764876108
41.400000000000006,0.9872819868068277,2.989121182874692,0.013200228566386281,0.013065253965874607,0.5768488841976773,0.5768488841976773,0.9999999999999991,8.881784197001252e-16,0.0,12.618558194374456,0.770004014619535,0.7763603013971088,1.8331329115113877,1.8381582741009987,0.9573746779843904,0.9586857351664313,0.003435141270505232,-0.5768223309017334,0.5746470328258526
41.6,0.9865988556594592,2.9895536571113697,0.013201909759831328,0.013060046312114304,0.5768320664390905,0.5768320664390906,0.9999999999999991,8.881784197001252e-16,0.0,12.618779848869675,0.7694822775127054,0.7757828870956841,1.832718779707691,1.8377025193582728,0.9572665288312479,0.9585668833994698,0.0033962304885992306,-0.5768065388529319,0.5747088317106103
41.800000000000004,0.9859234705628489,2.989970613060658,0.013203710481952655,0.013055040968006415,0.5768147060482373,0.5768147060482373,0.9999999999999991,8.881784197001252e-16,0.0,12.618942669975326,0.7689663537371509,0.7752115808656125,1.8323090781234732,1.8372513606124905,0.9571595245896832,0.9584492154989597,0.00335768047510461,-0.5767901755698271,0.5747680450718137
42.0,0.9852557595368715,2.9903724545127908,0.013205626200835544,0.013050232351756548,0.5767968255534804,0.5767968255534804,0.9999999999999991,8.881784197001252e-16,0.0,12.619048619727646,0.7684561941990802,0.7746463363651732,1.8319037737352466,1.8368047681068846,0.9570536570173795,0.9583327241406446,0.003319489489007968,-0.576773264963758,0.5748247431459911
42.2,0.9845956509528351,2.9907595759429806,0.013207652515538309,0.013045615031827246,0.5767784472497205,0.5767784472497205,0.9999999999999991,8.881784197001252e-16,0.0,12.619099601884216,0.767951749867441,0.77408710722323,1.8315028334445957,1.8363627119323653,0.9569489178447272,0.9582174019526651,0.0032816557572494937,-0.5767558302887004,0.5748789945145575
42.400000000000006,0.9839430735397329,2.9911323626970563,0.013209785168933768,0.013041183738919274,0.5767595939889633,0.5767595939889633,0.9999999999999991,8.881784197001252e-16,0.0,12.619097445753217,0.7674529717836177,0.7735338470497553,1.8311062240874105,1.8359251620370467,0.9568452987773187,0.9581032415180991,0.0032441774762415193,-0.5767378941611653,0.5749308661411704
42.6,0.9832979563902259,2.991491191229562,0.013212020003455569,0.013036933321620337,0.5767402872068256,0.5767402872068256,0.9999999999999991,8.881784197001252e-16,0.0,12.61904395100527,0.766959811070638,0.772986509446102,1.8307139124427438,1.8354920882355827,0.956742791498347,0.9579902353774626,0.003207052813115008,-0.5767194785729245,0.5749804234063794
42.800000000000004,0.98266022896637,2.991836429309166,0.013214352945684927,0.013032858730681796,0.5767205463389286,0.5767205463389286,0.9999999999999991,8.881784197001252e-16,0.0,12.618940902011367,0.7664722189424178,0.7724450480150302,1.8303258652417125,1.8350634602183478,0.9566413876710167,0.9578783760311654,0.0031702799070537357,-0.5767006049044557,0.5750277301423582
43.0,0.9820298211050538,2.9921684361248033,0.013216780087569746,0.013028955098502366,0.5767003928820825,0.5767003928820825,0.9999999999999991,8.881784197001252e-16,0.0,12.618789980377002,0.7659901467128967,0.7719094163704526,1.829942049176321,1.8346392475604083,0.956541078940936,0.9577676559419175,0.003133856870668167,-0.5766812939396588,0.5750728486671423
43.2,0.9814066630231848,2.9924875625739715,0.013219297579044545,0.01302521763272121,0.5766798453911914,0.5766798453911914,0.9999999999999991,8.881784197001252e-16,0.0,12.61859287517076,0.7655135458044373,0.7713795681469364,1.8295624309077108,1.8342194197303305,0.9564418569383596,0.957658067537094,0.0030977817914679684,-0.5766615658876899,0.5751158398203013
43.400000000000006,0.9807906853225996,2.9927941513526917,0.01322190171823343,0.013021641704537588,0.5766589239477535,0.5766589239477535,0.9999999999999991,8.881784197001252e-16,0.0,12.618351187108619,0.7650423677563343,0.7708554570089351,1.8291869770745048,1.8338039460987872,0.9563437132804579,0.9575496032110503,0.0030620527328086428,-0.5766414403887152,0.5751567629930489
43.6,0.9801818189947654,2.9930885372179405,0.013224588862616715,0.013018222760742076,0.5766376460379279,0.5766376460379279,0.9999999999999991,8.881784197001252e-16,0.0,12.618066519683294,0.764576564232801,0.7703370366598048,1.828815654300744,1.8333927959470155,0.9562466395734793,0.9574422553273962,0.0030266677352519117,-0.5766209365321405,0.5751956761616058
43.800000000000004,0.9795799954252172,2.9933710470796764,0.013227355509676238,0.013014956402562164,0.5766160305641935,0.5766160305641935,0.9999999999999991,8.881784197001252e-16,0.0,12.617740392811351,0.7641160870310788,0.7698242608505601,1.8284484292039271,1.8329859384750884,0.9561506274149415,0.9573360162212278,0.0029916248177006277,-0.5766000728680564,0.5752326359180987
44.0,0.9789851463977796,2.9936420002473754,0.013230198216817366,0.01301183830643884,0.5765940941340946,0.5765940941340946,0.9999999999999991,8.881784197001252e-16,0.0,12.617374325123395,0.7636608880889628,0.7693170833884049,1.8280852684025888,1.8325833428100184,0.9560556683957024,0.9572308782013133,0.0029569219786077794,-0.5765788674223556,0.5752676975019333
44.2,0.9783972040985421,2.993901708525365,0.013233113671598006,0.013008864292568815,0.5765718545623031,0.5765718545623031,0.9999999999999991,8.881784197001252e-16,0.0,12.616969758649569,0.7632109194923071,0.7688154581450118,1.8277261385238677,1.8321849780136779,0.9559617541020289,0.9571268335522345,0.00292255719702203,-0.5765573377080099,0.5753009148292895
44.400000000000006,0.9778161011196332,2.9941504764443594,0.01323609861980413,0.013006030253822543,0.5765493275443059,0.5765493275443059,0.9999999999999991,8.881784197001252e-16,0.0,12.61652813268704,0.7627661334820792,0.7683193390645932,1.8273710062107162,1.831790813090569,0.9558688761175724,0.9570238745364887,0.002888528433700882,-0.5765355007388271,0.5753323405228847
44.6,0.9772417704627706,2.9943886013562495,0.013239149929428809,0.01300333221809926,0.576526529851034,0.576526529851034,0.9999999999999991,8.881784197001252e-16,0.0,12.61605081512024,0.7623264824614604,0.7678286801717298,1.8270198381291483,1.8314008169954088,0.9557770260253553,0.9569219933965454,0.002854833632134554,-0.576513373040748,0.5753620259404797
44.800000000000004,0.9766741455426162,2.994616373654399,0.013242264523339717,0.013000766281871762,0.5765034762178909,0.5765034762178909,0.9999999999999991,8.881784197001252e-16,0.0,12.615539171571402,0.761891919002455,0.7673434355789945,1.8266726009750964,1.8310149586405713,0.955686195409655,0.9568211823568645,0.0028214707195969996,-0.5764909706645351,0.5753900212033362
45.0,0.9761131601899163,2.9948340768656805,0.013245439439468657,0.01299832866877895,0.5764801823490668,0.5764801823490668,0.9999999999999991,8.881784197001252e-16,0.0,12.614994500834127,0.761462395852511,0.7668635594943477,1.8263292614812756,1.8306332069033442,0.9555963758578908,0.9567214336258677,0.002788437608107014,-0.5764683091964887,0.5754163752234847
45.2,0.9755587486544479,2.9950419878355516,0.013248671792932331,0.01299601569209621,0.5764566632189249,0.5764566632189249,0.9999999999999991,8.881784197001252e-16,0.0,12.614418072825547,0.7610378659407733,0.766389006228316,1.8259897864237555,1.8302555306330346,0.9555075589624339,0.9566227393978733,0.00275573219547387,-0.5764454037734394,0.5754411357316181
45.400000000000006,0.9750108456077884,2.995240376894247,0.013251958754212496,0.012993823733044101,0.5764329321304503,0.5764329321304503,0.9999999999999991,8.881784197001252e-16,0.0,12.6138111506007,0.7606182823840633,0.7659197302009773,1.8256541426283084,1.829881898657919,0.9554197363223597,0.9565250918549889,0.002723352366118953,-0.5764222690895066,0.5754643493023547
45.6,0.9744693861458913,2.9954295079391464,0.01325529760975882,0.012991749299690778,0.5764090037234368,0.5764090037234368,0.9999999999999991,8.881784197001252e-16,0.0,12.613174925780362,0.7602035984928485,0.7654556859487304,1.825322296976748,1.8295122797920342,0.9553328995451974,0.9564284831689639,0.0026912959919086626,-0.576398919404151,0.5754860613792462
45.800000000000004,0.973934305791489,2.995609638638468,0.013258685695529975,0.012989788961619321,0.5763848909118194,0.5763848909118194,0.9999999999999991,8.881784197001252e-16,0.0,12.612510585796764,0.759793767776897,0.7649968281308689,1.824994216413011,1.8291466428418148,0.9552470402486126,0.9563329055030028,0.0026595609333383285,-0.5763753685626495,0.5755063163028911
46.0,0.9734055404963066,2.995781020539687,0.013262120425290676,0.012987939377266958,0.5763606063378233,0.5763606063378233,0.9999999999999991,8.881784197001252e-16,0.0,12.61181928329548,0.7593887439507738,0.764543111535943,1.8246698679491091,1.828784956612567,0.955162150062056,0.9562383510135363,0.0026281450402829004,-0.5763516300035281,0.5755251573349217
46.2,0.9728830266431105,2.995943899184769,0.013265599308899978,0.012986197311407571,0.5763361633298184,0.5763361633298184,0.9999999999999991,8.881784197001252e-16,0.0,12.61110211685145,0.7589884809389931,0.76409449108793,1.8243492186707977,1.8284271899147908,0.9550782206283374,0.9561448118519542,0.0025970461525450933,-0.5763277167596064,0.5755426266794909
46.400000000000006,0.9723667010476059,2.996098514271536,0.01326911992019745,0.012984559603477486,0.5763115744727847,0.5763115744727848,0.9999999999999991,8.881784197001252e-16,0.0,12.610360162648627,0.7585929328810129,0.7636509218522264,1.8240322357431147,1.8280733115703705,0.9549952436051664,0.956052280166302,0.0025662621008652187,-0.5763036414745792,0.57555876550867
46.6,0.9718565009601813,2.996245099805272,0.013272679872289653,0.012983023143228297,0.5762868505356927,0.5762868505356927,0.9999999999999991,8.881784197001252e-16,0.0,12.609594498340487,0.7582020541362134,0.7632123590414575,1.8237188864158966,1.827723290418608,0.9549132106666871,0.9559607481029404,0.0025357907079366776,-0.5762794164195658,0.5755736139877982
46.800000000000004,0.9713523640674738,2.9963838841543984,0.013276276888614234,0.01298158493966558,0.5762620039360783,0.5762620039360784,0.9999999999999991,8.881784197001252e-16,0.0,12.608806129312423,0.7578157992887128,0.7627787580210816,1.8234091380291593,1.8273770953221085,0.9548321135049759,0.9558702078081623,0.002505629788702307,-0.5762550534878522,0.5755872112940604
47.0,0.9708542284938066,2.9965150902497877,0.013279908723659709,0.012980242043528337,0.5762370450623241,0.5762370450623241,0.9999999999999991,8.881784197001252e-16,0.0,12.607996069016039,0.7574341231516795,0.7623500743148316,1.8231029580180662,1.8270346951725263,0.9547519438314322,0.9557806514297778,0.0024757771515194205,-0.5762305642169541,0.5755995956422918
47.2,0.9703620328024519,2.996638935638505,0.013283573230638675,0.012978991612892253,0.5762119855809235,0.5762119855809235,0.9999999999999991,8.881784197001252e-16,0.0,12.607165268076471,0.7570569807716906,0.7619262636099597,1.822800313917923,1.8266960588961512,0.9546726933781762,0.9556920711186551,0.002446230598605048,-0.5762059597898365,0.5756108043044318
47.400000000000006,0.9698757159967843,2.9967556326695783,0.013287268290854344,0.012977830844174441,0.5761868351551953,0.5761868351551953,0.9999999999999991,8.881784197001252e-16,0.0,12.606314686604598,0.7566843274327768,0.7615072817623297,1.8225011733689154,1.8263611554593815,0.9545943538993771,0.9556044590302324,0.002416987926850356,-0.5761812510477176,0.5756208736318301
47.6,0.9693952175212796,2.996865388543862,0.013290991880273524,0.01297675703661621,0.5761616047031208,0.5761616047031208,0.9999999999999991,8.881784197001252e-16,0.0,12.605445223935446,0.7563161186605418,0.7610930848013284,1.8222055041208916,1.8260299538740434,0.9545169171725948,0.9555178073259902,0.002388046928427409,-0.5761564484962213,0.5756298390753577
47.800000000000004,0.9689204772623949,2.99696840549079,0.013294742003076414,0.012975767527441819,0.5761363033101818,0.5761363033101818,0.9999999999999991,8.881784197001252e-16,0.0,12.60455778684796,0.7559523102258452,0.7606836289346203,1.8219132740377881,1.8257024232025818,0.954440375000027,0.9554321081748903,0.0023594053915122204,-0.5761315623155003,0.5756377352063373
48.0,0.9684514355492989,2.9970648808181903,0.01329851675340103,0.01297485975159502,0.5761109412521657,0.5761109412521657,0.9999999999999991,8.881784197001252e-16,0.0,12.603653224315034,0.7555928581485273,0.7602788705527231,1.8216244511020778,1.8253785325631051,0.9543647192097608,0.9553473537547764,0.002331061100878426,-0.5761066023671625,0.5756445957360475
48.2,0.9679880331544962,2.9971550070815796,0.013302314251643861,0.012974031179653633,0.5760855270358128,0.5760855270358128,0.9999999999999991,8.881784197001252e-16,0.0,12.602732392941132,0.7552377187007226,0.7598787662334348,1.821339003418874,1.8250582511343134,0.9542899416569355,0.9552635362537437,0.0023030118385331533,-0.5760815782032002,0.5756504535354375
48.400000000000006,0.9675302112943137,2.9972389721297565,0.013306132705875271,0.012973279377196447,0.5760600703999669,0.576060070399967,0.9999999999999991,8.881784197001252e-16,0.0,12.601796092134409,0.754879209857403,0.7594832727460953,1.821050756753684,1.8247415481602787,0.9542144249192569,0.9551806478714698,0.002275255384280847,-0.5760564990727833,0.5756553406538308
48.6,0.96707791162929,2.9973169592683755,0.01330997034932375,0.012972601943944062,0.5760345794108411,0.5760345794108411,0.9999999999999991,8.881784197001252e-16,0.0,12.600845128342774,0.7545230441902246,0.759092347055707,1.8207643036419194,1.824428392955114,0.9541393721465471,0.9550986808205187,0.002247789516324733,-0.5760313739304913,0.5756592883377613
48.800000000000004,0.966631076264435,2.9973891473295065,0.013313825472566421,0.012971996544779818,0.5760090620716158,0.5760090620716158,0.9999999999999991,8.881784197001252e-16,0.0,12.599880280428916,0.7541711388879091,0.7587059463268918,1.8204811884513736,1.8241187549075077,0.9540651881312359,0.9550176273276051,0.0022206120118866274,-0.5760062114454942,0.575662327049786
49.0,0.9661896477493755,2.9974557107497,0.013317696444813731,0.012971460930123378,0.5759835273980511,0.5759835273980511,0.9999999999999991,8.881784197001252e-16,0.0,12.598902277107165,0.7538234512333843,0.7583240279276983,1.8202013799292136,1.8238126034851219,0.9539918648859578,0.9549374796348273,0.0021937206476578125,-0.575981020005522,0.5756644864853614
49.2,0.9657535690784095,2.9975168197274225,0.013321581650896364,0.012970992874717285,0.5759579824862373,0.5759579824862373,0.9999999999999991,8.881784197001252e-16,0.0,12.597911861828972,0.7534799387621317,0.7579465494332768,1.81992484695025,1.8235099082388877,0.9539193944519987,0.9548582300008707,0.0021671132002887145,-0.575955807723157,0.5756657955899783
49.400000000000006,0.9653227836904468,2.9975726402606826,0.013325479549947335,0.01297059023424206,0.5759324353804097,0.5759324353804097,0.9999999999999991,8.881784197001252e-16,0.0,12.596909730294579,0.7531405592652777,0.7575734686294029,1.8196515585207924,1.8232106388071696,0.9538477689003892,0.954779870702176,0.0021407874470547594,-0.575930582448117,0.5756662825776787
49.6,0.9648972354688471,2.9976233342693956,0.0133293886446367,0.012970250915335997,0.575906893670929,0.575906893670929,0.9999999999999991,8.881784197001252e-16,0.0,12.595896561901565,0.7528052707923037,0.757204743515863,1.8193814837821844,1.8229147649198056,0.9537769803329129,0.9547023940340784,0.0021147411662984367,-0.575905351772508,0.575665974947379
49.800000000000004,0.9644768687411727,2.9976690597019426,0.013333307464555182,0.01296997285937382,0.5758813637596801,0.5758813637596801,0.9999999999999991,8.881784197001252e-16,0.0,12.594873036895653,0.7524740316534572,0.7568403323097094,1.819114592014084,1.8226222564020427,0.9537070208830477,0.9546257923119128,0.0020889721377579523,-0.5758801230319308,0.575664899497733
50.0,0.9640616282788421,2.9977099705976586,0.013337234592995042,0.012969754068185891,0.5758558522021129,0.5758558522021129,0.9999999999999991,8.881784197001252e-16,0.0,12.593839807330292,0.7521468004222146,0.7564801934483828,1.8188508526377771,1.8223330831783484,0.9536378827169147,0.9545500578720949,0.0020634781431787957,-0.5758549033159894,0.5756630823443172
50.2,0.9636514592966774,2.9977462171561706,0.01334116868494867,0.01296959262122862,0.5758303666268374,0.5758303666268375,0.9999999999999991,8.881784197001252e-16,0.0,12.592797477258094,0.751823535937689,0.7561242855926851,1.8185902352194263,1.8220472152761056,0.9535695580342103,0.9544751830731604,0.002038256966878399,-0.5758296994785247,0.5756605489363463
50.400000000000006,0.9632463074523748,2.9977779458882265,0.013345108398765388,0.012969486609441076,0.5758049125351429,0.5758049125351429,0.9999999999999991,8.881784197001252e-16,0.0,12.591746673991205,0.7515041973065596,0.7557725676296421,1.818332709472928,1.821764622829194,0.9535020390690332,0.9544011602967863,0.00201330639587069,-0.5758045181351854,0.5756573240694516
50.6,0.9628461188458931,2.9978052996279327,0.013349052469410216,0.012969434205790022,0.5757794968471979,0.5757794968471979,0.9999999999999991,8.881784197001252e-16,0.0,12.590687970544277,0.7511887439053183,0.755424998675236,1.8180782452630044,1.8214852760814717,0.953435318090775,0.9543279819487748,0.001988624220525037,-0.5757793656767839,0.5756534319025582
50.800000000000004,0.9624508400187651,2.9978284176818386,0.01335299963815285,0.012969433597287416,0.575754124616506,0.575754124616506,0.9999999999999991,8.881784197001252e-16,0.0,12.589621958396222,0.7508771353820592,0.7550815380770259,1.8178268126079193,1.8212091453901447,0.9533693874049084,0.9542556404600151,0.001964208234856518,-0.5757542482710741,0.5756488959715805
51.0,0.9620604179533119,2.997847435840383,0.013356948723083942,0.012969483052826485,0.5757288024305552,0.5757288024305552,0.9999999999999991,8.881784197001252e-16,0.0,12.58854917355725,0.7505693316584391,0.7547421454166302,1.8175783816823115,1.8209362012290284,0.9533042393538079,0.9541841282874114,0.001940056236998472,-0.5757291718701871,0.5756437392042562
51.2,0.9616748000717927,2.9978624865262864,0.013360898545839139,0.012969580852410704,0.5757035349904761,0.5757035349904762,0.9999999999999991,8.881784197001252e-16,0.0,12.587470171951564,0.7502652929311162,0.7544067805121047,1.8173329228195978,1.8206664141916977,0.9532398663174559,0.9541134379147852,0.00191616602954707,-0.5757041422156353,0.5756379839339709
51.400000000000006,0.9612939342354666,2.9978736988040873,0.013364848000678144,0.012969725353552617,0.5756783284343918,0.5756783284343918,0.9999999999999991,8.881784197001252e-16,0.0,12.586385457269259,0.7499649796734881,0.7540754034201939,1.8170904065146,1.8203997549945405,0.9531762607142066,0.954043561853748,0.0018925354199188088,-0.5756791648438495,0.5756316519133625
51.6,0.9609177687436002,2.997881198522141,0.013368795984351306,0.012969914923604567,0.5756531870684282,0.5756531870684282,0.9999999999999991,8.881784197001252e-16,0.0,12.585295552953264,0.7496683526369834,0.7537479744384846,1.8168508034257986,1.8201361944797123,0.9531134150014511,0.9539744926445511,0.0018691622207085146,-0.5756542450916856,0.575624764327798
51.800000000000004,0.9605462523323907,2.997885108320222,0.01337274146390978,0.012970148004884916,0.5756281166241909,0.5756281166241909,0.9999999999999991,8.881784197001252e-16,0.0,12.584200931518344,0.7493753728525844,0.7534244541074376,1.8166140843777563,1.8198757036179818,0.9530513216763274,0.9539062228569043,0.0018460442500400492,-0.5756293881013087,0.5756173418084157
52.0,0.960179334173833,2.9978855477667343,0.013376683408178127,0.01297042304862068,0.5756031210669055,0.5756031210669055,0.9999999999999991,8.881784197001252e-16,0.0,12.583102084800833,0.7490860016318679,0.7531048032123254,1.816380220363139,1.8196182535114924,0.9529899732763228,0.9538387450907709,0.001823179331907926,-0.5756045988257308,0.5756094044451179
52.2,0.9598169638745072,2.9978826333653954,0.013380620853355448,0.012970738577898513,0.5755782057424915,0.5755782057424915,0.9999999999999991,8.881784197001252e-16,0.0,12.581999455680943,0.7488002005682862,0.7527889827850438,1.8161491825449159,1.8193638153964091,0.952929362379923,0.9537720519771357,0.0018005652964802887,-0.5755798820332715,0.5756009717989146
52.400000000000006,0.9594590914743197,2.9978764786873646,0.013384552836551657,0.012971093123655509,0.5755533742839436,0.5755533742839437,0.9999999999999991,8.881784197001252e-16,0.0,12.580893506148886,0.7485179315380317,0.752476954105845,1.8159209422582063,1.8191123606454889,0.9528694816071673,0.9537061361787487,0.001778199980416284,-0.5755552423129162,0.5755920629143436
52.6,0.9591056674451672,2.997867194376792,0.013388478459534437,0.012971485285802388,0.5755286316658688,0.5755286316658688,0.9999999999999991,8.881784197001252e-16,0.0,12.579784651039205,0.7482391567011206,0.7521686787049496,1.815695471012291,1.8188638607705405,0.9528103236202465,0.9536409903908414,0.0017560812271546905,-0.5755306840785245,0.5755826963313034
52.800000000000004,0.9587566426895598,2.9978548882779763,0.013392396824351721,0.012971913671278663,0.575503981210209,0.575503981210209,0.9999999999999991,8.881784197001252e-16,0.0,12.578673323897615,0.7479638385020583,0.7518641183640774,1.8154727404922675,1.8186182874248136,0.952751881124007,0.9535766073418227,0.0017342068872167743,-0.5755062115739975,0.5755728900969798
53.0,0.9584119685391689,2.9978396654400576,0.013396307095062406,0.012972376953195244,0.5754794275407024,0.5754794275407024,0.9999999999999991,8.881784197001252e-16,0.0,12.57755991288721,0.7476919396707238,0.7515632351178679,1.8152527225608686,1.8183756124052743,0.9526941468664953,0.9535129797939454,0.0017125748184689121,-0.5754818288772539,0.575562661777144
53.2,0.9580715967533392,2.99782162823936,0.013400208435404574,0.0129728738109097,0.5754549736856955,0.5754549736856955,0.9999999999999991,8.881784197001252e-16,0.0,12.576444824505813,0.7474234232228534,0.7512659912552201,1.8150353892599418,1.8181358076548138,0.9526371136394151,0.9534501005439544,0.0016911828864020623,-0.57545753990517,0.5755520284675484
53.400000000000006,0.9577354795175304,2.997800876383296,0.013404100068540795,0.012973402987222288,0.5754306239343854,0.5754306239343854,0.9999999999999991,8.881784197001252e-16,0.0,12.575328421624125,0.7471582524607421,0.7509723493205285,1.8148207128120892,1.817898845264358,0.9525807742786224,0.9533879624237059,0.0016700289643754584,-0.575433348417354,0.575541006804733
53.6,0.9574035694417254,2.9977775070299173,0.013407981214812497,0.012973963228589942,0.5754063809444492,0.5754063809444492,0.9999999999999991,8.881784197001252e-16,0.0,12.574211087079027,0.746896390973542,0.7506822721148432,1.8146086656219655,1.817664697474896,0.9525251216645336,0.9533265583007694,0.0016491109338776927,-0.5754092580208118,0.5755296129769331
53.800000000000004,0.9570758195587764,2.9977516147893932,0.013411851151311292,0.012974553342117558,0.5753822485857469,0.5753822485857469,0.9999999999999991,8.881784197001252e-16,0.0,12.573093161977367,0.7466378026377923,0.7503957226969294,1.8143992202777477,1.8174333366794255,0.9524701487225752,0.9532658810790026,0.0016284266847529372,-0.5753852721734699,0.5755178627344143
54.0,0.9567521833227043,2.99772329181471,0.013415709177052055,0.01297517216206706,0.5753582303391656,0.5753582303391656,0.9999999999999991,8.881784197001252e-16,0.0,12.571974980968529,0.7463824516176557,0.7501126643842457,1.8141923495523544,1.8172047354248106,0.9524158484235677,0.9532059236991046,0.0016079741154557264,-0.5753613941895487,0.5755057714000335
54.2,0.9564326146069694,2.997692627878431,0.013419554591378755,0.012975818529109309,0.575334328316966,0.575334328316966,0.9999999999999991,8.881784197001252e-16,0.0,12.570856894153524,0.7461303023650303,0.7498330607538486,1.813988026404546,1.8169788664135729,0.9523622137840779,0.9531466791391517,0.001587751133231119,-0.5753376272420236,0.5754933538789483
54.400000000000006,0.956117067702684,2.9976597103688927,0.013423386755190869,0.012976491348831541,0.575310546176359,0.575310546176359,0.9999999999999991,8.881784197001252e-16,0.0,12.569739203897276,0.7458813196198684,0.7495568756432083,1.8137862239801794,1.8167557025055932,0.9523092378668098,0.9530881404151078,0.001567755654306363,-0.5753139743652468,0.5754806246681405
54.6,0.9558054973167904,2.9976246244043163,0.013427205027759273,0.012977189531167787,0.5752868861898041,0.5752868861898041,0.9999999999999991,8.881784197001252e-16,0.0,12.568622228923296,0.7456354684101014,0.7492840731509472,1.8135869156131268,1.8165352167197408,0.9522569137809076,0.9530303005813144,0.0015479856042110995,-0.5752904384623666,0.5754675978670801
54.800000000000004,0.9554978585701916,2.9975874528571933,0.013431008796142105,0.012977912018465392,0.5752633506610575,0.5752633506610575,0.9999999999999991,8.881784197001252e-16,0.0,12.567506273824169,0.7453927140516667,0.7490146176374964,1.8133900748262628,1.8163173822354208,0.952205234682275,0.9529731527309613,0.001528438917925215,-0.5752670223077972,0.5754542871868281
55.0,0.9551941069958397,2.9975482763886827,0.013434797492950314,0.012978657802364523,0.5752399427862185,0.5752399427862185,0.9999999999999991,8.881784197001252e-16,0.0,12.56639161085426,0.7451530221484367,0.7487484737256732,1.8131956753323577,1.8161021723940487,0.9521541937738692,0.9529166899965331,0.0015091135399588618,-0.5752437285475152,0.5754407059582364
55.2,0.9548941985367975,2.9975071735277528,0.013438570566035948,0.012979425894721786,0.575216665266021,0.575216665266021,0.9999999999999991,8.881784197001252e-16,0.0,12.56527851038788,0.7449127470444378,0.7484856063011947,1.8130007609893917,1.815889560700454,0.9521030149409435,0.9528609055502409,0.00149000742460062,-0.5752205597049791,0.5754268671414681
55.400000000000006,0.9545980895442792,2.9974642207415743,0.013442327456264317,0.012980215306315037,0.5751935193012355,0.5751935193012356,0.9999999999999991,8.881784197001252e-16,0.0,12.56416726301045,0.744672843530832,0.748225980513131,1.8128061062588563,1.815679520824224,0.9520519015287039,0.9528057926044354,0.0014711185361711288,-0.575197518186974,0.5754127833355763
55.6,0.9543057367756314,2.9974194924159043,0.013446067668420155,0.012981025114484013,0.5751705079410222,0.5751705079410222,0.9999999999999991,8.881784197001252e-16,0.0,12.563058107134408,0.7444359628533312,0.7479695617742675,1.8126138631904034,1.8154720266009636,0.9520014186889535,0.9527513444119954,0.0014524448490350894,-0.5751746062815651,0.5753984667857339
55.800000000000004,0.9540170973923005,2.9973730609765745,0.013449790693184126,0.01298185438853593,0.5751476324626338,0.5751476324626338,0.9999999999999991,8.881784197001252e-16,0.0,12.561951308022289,0.7442020714444321,0.7477163157614107,1.812424006072929,1.8152670520334921,0.9519515597697789,0.9526975542667026,0.0014339843479298925,-0.5751518261661818,0.5753839293930166
56.0,0.9537321289577392,2.9973249968688145,0.01345349607698345,0.012982702256342713,0.5751248956694873,0.5751248956694873,0.9999999999999991,8.881784197001252e-16,0.0,12.5608470862934,0.7439711360181209,0.7474662084156114,1.81223650938303,1.8150645712929623,0.951902318165934,0.9526444155035927,0.001415735027992443,-0.5751291799076786,0.5753691827216687
56.2,0.9534507894353221,2.997275368670646,0.013457183350295446,0.012983567835848581,0.5751022985639297,0.5751022985639297,0.9999999999999991,8.881784197001252e-16,0.0,12.559745690759815,0.7437431235694135,0.7472192059423448,1.8120513477855122,1.814864558719931,0.9518536873190284,0.9525919214992947,0.001397694894939655,-0.5751066694671046,0.5753542380075264
56.400000000000006,0.9531730371862072,2.9972242430698812,0.013460852097908475,0.012984450302016937,0.575079843664198,0.575079843664198,0.9999999999999991,8.881784197001252e-16,0.0,12.558647326372192,0.743518001374265,0.7469752748116157,1.811868496134184,1.8146669888253508,0.95180566071779,0.9525400656723476,0.0013798619651843314,-0.575084296701562,0.5753391061655805
56.6,0.9528988309671911,2.997171684972297,0.013464501890613656,0.012985348821618073,0.5750575318364427,0.5750575318364427,0.9999999999999991,8.881784197001252e-16,0.0,12.557552223632067,0.7432957369889377,0.7467343817580138,1.8116879294721937,1.8144718362915189,0.9517582318982079,0.9524888414835042,0.0013622342660076225,-0.5750620633680855,0.5753237977980349
56.800000000000004,0.9526281299285158,2.9971177574811683,0.01346813235084557,0.012986262615727986,0.5750353653918306,0.5750353653918306,0.9999999999999991,8.881784197001252e-16,0.0,12.556460571296595,0.7430762982497056,0.7464964937806902,1.8115096230326293,1.8142790759729395,0.951711394443742,0.9524382424360143,0.0013448098356629301,-0.5750399711257564,0.5753083232015905
57.0,0.9523608936116683,2.9970625220009515,0.013471743087078901,0.012987190897139041,0.5750133450453856,0.5750133450453856,0.9999999999999991,8.881784197001252e-16,0.0,12.555372583013467,0.7428596532721473,0.746261578143296,1.8113335522387684,1.8140886828971439,0.9516651419854408,0.9523882620758941,0.0013275867234982947,-0.5750180215391189,0.5752926923749355
57.2,0.952097081947144,2.9970060382176356,0.013475333756730858,0.012988132930213388,0.5749914728815018,0.5749914728815019,0.9999999999999991,8.881784197001252e-16,0.0,12.554288432880416,0.7426457704507772,0.7460296023738459,1.8111596927045874,1.81390063226544,0.951619468202127,0.9523388939921753,0.0013105629900521665,-0.5749962160802947,0.5752769150257188
57.400000000000006,0.9518366552522057,2.9969483641993144,0.013478904001921196,0.012989087969637785,0.5749697493781205,0.5749697493781205,0.9999999999999991,8.881784197001252e-16,0.0,12.553208320649231,0.7424346184582256,0.7458005342645476,1.8109880202348945,1.8137148994536196,0.9515743668204811,0.9522901318171452,0.0012937367071793604,-0.5749745561321806,0.5752610005777855
57.6,0.951579574228605,2.9968895563760025,0.013482453511128121,0.01299005531905679,0.5749481763107167,0.5749481763107167,0.9999999999999991,8.881784197001252e-16,0.0,12.552132408622828,0.7422261662447436,0.7455743418715594,1.8108185108257076,1.813531460012592,0.951529831615192,0.9522419692265645,0.0012771059581450084,-0.5749530429904764,0.5752449581778981
57.800000000000004,0.951325799960283,2.99682966961097,0.013485981983846073,0.012991034297350776,0.574926755125945,0.574926755125945,0.9999999999999991,8.881784197001252e-16,0.0,12.551060857332242,0.7420203830373967,0.745350993514698,1.8106511406643706,1.8133502896689682,0.9514858564090345,0.952194399939872,0.0012606688377343606,-0.5749316778672033,0.575228796702623
58.0,0.9510752939110746,2.9967687572584647,0.013489489108650318,0.012992024217725906,0.5749054859414828,0.5749054859414828,0.9999999999999991,8.881784197001252e-16,0.0,12.549993847687775,0.7418172383392055,0.7451304577771154,1.8104858861296094,1.8131713643256038,0.9514424350729332,0.9521474177203776,0.001244423452310836,-0.5749104618922609,0.5752125247646875
58.2,0.9508280179223733,2.9967068711403613,0.013492974625611734,0.01299302444701156,0.5748843704791737,0.5748843704791738,0.9999999999999991,8.881784197001252e-16,0.0,12.548931517263645,0.7416167019285508,0.7449127035049031,1.810322723791793,1.812994660062074,0.9513995615260772,0.9521010163754372,0.0012283679198912822,-0.5748893961149176,0.5751961507191905
58.400000000000006,0.9505839342107915,2.9966440616414785,0.013496438263105072,0.012994034345500763,0.5748634091439943,0.5748634091439943,0.9999999999999991,8.881784197001252e-16,0.0,12.54787402410003,0.7414187438581109,0.7446976998066656,1.8101616304127963,1.8128201531351056,0.951357229735931,0.9520551897566156,0.001212500370312411,-0.5748684815087387,0.5751796826706196
58.6,0.9503430053657971,2.996580377715797,0.013499879767547024,0.012995053295173808,0.5748426024319002,0.5748426024319002,0.9999999999999991,8.881784197001252e-16,0.0,12.546821516263188,0.7412233344540119,0.7444854160530351,1.8100025829460293,1.8126478199789533,0.9513154337182862,0.9520099317598322,0.0011968189452721406,-0.5748477189730342,0.5751631284787749
58.800000000000004,0.9501051943473284,2.996515866903651,0.013503298920783738,0.012996080716148294,0.5748219517563277,0.5748219517563277,0.9999999999999991,8.881784197001252e-16,0.0,12.545774114194602,0.741030444314955,0.7442758218761393,1.8098455585364286,1.8124776372057245,0.9512741675373062,0.9519652363254955,0.0011813217983174945,-0.5748271093329176,0.5751464957640795
59.0,0.9498704644834106,2.9964505753928994,0.013506695510361148,0.01299711603836493,0.5748014580855625,0.5748014580855625,0.9999999999999991,8.881784197001252e-16,0.0,12.544731940531733,0.7408400443111643,0.7440688871690349,1.8096905345202932,1.8123095816056634,0.9512334253055249,0.9519210974386235,0.0011660070949572054,-0.5748066533431484,0.5751297919137598
59.2,0.9496387794677674,2.9963845480712874,0.013510069308338033,0.01299815868142982,0.5747811209812851,0.5747811209812851,0.9999999999999991,8.881784197001252e-16,0.0,12.543695141178974,0.7406521055833136,0.7438645820851101,1.8095374884250905,1.8121436301473945,0.9511932011838399,0.9518775091289542,0.0011508730127766792,-0.5747863516918932,0.5751130240881155
59.400000000000006,0.9494101033574005,2.996317828492007,0.013513420140781881,0.012999208120542179,0.5747609418470428,0.5747609418470428,0.9999999999999991,8.881784197001252e-16,0.0,12.542663814911617,0.7404665995417306,0.7436628770374258,1.8093863979694753,1.811979759978109,0.951153489381559,0.95183446547104,0.0011359177414010796,-0.5747662049992073,0.5750961992252586
59.6,0.9491844005701737,2.9962504589765597,0.01351674781184132,0.013000263814356039,0.5747409204200173,0.5747409204200173,0.9999999999999991,8.881784197001252e-16,0.0,12.541638089884906,0.7402834978650098,0.743463742698029,1.809237241062814,1.8118179484237156,0.9511142841563179,0.9517919605843315,0.0011211394826671217,-0.5747462138223918,0.5750793240475444
59.800000000000004,0.9489616358823598,2.996182480580619,0.013520052171483487,0.013001325269209796,0.5747210579362547,0.5747210579362547,0.9999999999999991,8.881784197001252e-16,0.0,12.540618054917253,0.7401027724990554,0.7432671499972083,1.809089995805047,1.8116581729889285,0.951075579814084,0.951749988633245,0.0011065364505800923,-0.574726378655802,0.5750624050662249
60.0,0.9487417744262123,2.9961139331885294,0.013523333046928453,0.013002391974021386,0.574701353963131,0.574701353963131,0.9999999999999991,8.881784197001252e-16,0.0,12.539603828700734,0.7399243956557486,0.7430730701227378,1.808944640486236,1.8115004113573385,0.9510373707090777,0.9517085438272246,0.0010921068713756754,-0.5747066999339847,0.5750454485869283
60.2,0.9485247816875062,2.9960448554785666,0.013526590309668355,0.013003463463804085,0.5746818095306568,0.5746818095306568,0.9999999999999991,8.881784197001252e-16,0.0,12.538595491731794,0.7397483398120178,0.7428814745190699,1.8088011535864224,1.8113446413914274,0.9509996512437744,0.9516676204207875,0.0010778489835486238,-0.574687178032702,0.5750284607145609
60.400000000000006,0.9483106235030914,2.9959752850119643,0.013529823811293591,0.013004539258763041,0.5746624241692555,0.5746624241692555,0.9999999999999991,8.881784197001252e-16,0.0,12.537593151079474,0.7395745777083952,0.7426923348865057,1.8086595137750594,1.8111908411325555,0.9509624158687948,0.9516272127135632,0.0010637610379257423,-0.5746678132715195,0.5750114473586216
60.6,0.9480992660584133,2.9959052582003904,0.013533033446850041,0.013005618924304529,0.5746431988677476,0.5746431988677476,0.9999999999999991,8.881784197001252e-16,0.0,12.536596876075057,0.7394030823479439,0.7425056231803111,1.8085196999107331,1.8110389888008895,0.9509256590828683,0.951587315050316,0.0010498412976788635,-0.5746486059149293,0.5749944142378759
60.800000000000004,0.9478906758850493,2.9958348103917745,0.013536219092686637,0.0130067020120795,0.5746241332052233,0.5746241332052233,0.9999999999999991,8.881784197001252e-16,0.0,12.535606761018318,0.7392338269947977,0.7423213116098208,1.8083816910405566,1.8108890627953163,0.9508893754327118,0.9515479218209618,0.0010360880383510906,-0.5746295561745864,0.5749773668852128
61.0,0.9476848198582298,2.9957639758647554,0.01353938064010224,0.013007788091827855,0.5746052269303888,0.5746052269303888,0.9999999999999991,8.881784197001252e-16,0.0,12.53462289087225,0.7390667851729579,0.7421393726375034,1.8082454663997622,1.8107410416933016,0.9508535595129587,0.9515090274605718,0.0010224995479016924,-0.5746106642112825,0.574960310652445
61.2,0.9474816651943503,2.9956927878339825,0.013542518016941866,0.013008876771770728,0.5745864809762945,0.5745864809762945,0.9999999999999991,8.881784197001252e-16,0.0,12.533645319374196,0.7389019306650619,0.7419597789779845,1.8081110054112592,1.810594904250716,0.9508182059660786,0.9514706264493645,0.0010090741267034103,-0.5745919301356235,0.5749432507146113
61.400000000000006,0.9472811794484896,2.99562127853339,0.013545631126211235,0.01300996764043497,0.5745678946296733,0.5745678946296733,0.9999999999999991,8.881784197001252e-16,0.0,12.532674130930827,0.7387392375107726,0.741782503597059,1.8079782876848711,1.8104506294016365,0.950783309482212,0.9514327133126935,0.0009958100875543524,-0.5745733540097973,0.5749261920744358
61.6,0.9470833305119163,2.9955494791848434,0.013548719905169303,0.013011060322556603,0.5745494682870692,0.5745494682870693,0.9999999999999991,8.881784197001252e-16,0.0,12.53170938056769,0.7385786800056386,0.741607519710662,1.8078472930169476,1.8103081962580967,0.9507488647991028,0.9513952826210176,0.000982705755723401,-0.5745549358501751,0.5749091395668903
61.800000000000004,0.946888086609597,2.9954774200496503,0.013551784296363209,0.013012154451606707,0.574531202126046,0.574531202126046,0.9999999999999991,8.881784197001252e-16,0.0,12.530751123091088,0.7384202326996712,0.7414348007838174,1.8077180013897325,1.8101675841098188,0.950714866701966,0.95135832898987,0.0009697594689502542,-0.5745366756285832,0.5748920978633831
62.0,0.9466954162977088,2.995405130466926,0.01355482423193802,0.013013249654913775,0.5745130953920139,0.5745130953920139,0.9999999999999991,8.881784197001252e-16,0.0,12.529799428898782,0.7382620509051301,0.7412643205295661,1.807588907964927,1.8100287724239121,0.9506809195103093,0.9513218470798123,0.0009569695774229725,-0.5745185732725218,0.5748750714756684
62.2,0.9465052884611466,2.995332638853096,0.013557839658409789,0.01301434557706271,0.574495147561841,0.574495147561841,0.9999999999999991,8.881784197001252e-16,0.0,12.528854358681016,0.7381038094531879,0.7410960529078642,1.8074597473990777,1.8098917408445376,0.9506469534495227,0.9512858315963855,0.0009443344438363477,-0.5745006286675691,0.5748580647602717
62.400000000000006,0.9463176723110102,2.995259972704874,0.013560830557274568,0.013015441899324442,0.5744773593112056,0.5744773593112056,0.9999999999999991,8.881784197001252e-16,0.0,12.52791594240419,0.7379476477937829,0.7409299721244422,1.8073322663092743,1.8097564691925305,0.9506134278595552,0.9512502772900427,0.000931852443419437,-0.5744828416596045,0.5748410819226423
62.6,0.9461325373820997,2.9951871586597756,0.013563796904277687,0.01301653830108928,0.5744597306398406,0.5744597306398406,0.9999999999999991,8.881784197001252e-16,0.0,12.526984220408627,0.7377935411190044,0.7407660526296479,1.8072064451518135,1.8096229374649957,0.9505803376470494,0.9512151789560798,0.000919521963857306,-0.5744652120550383,0.5748241270205007
62.800000000000004,0.9459498535304417,2.9951142225368113,0.01356673864906063,0.013017634440607677,0.5744422599446974,0.5744422599446974,0.9999999999999991,8.881784197001252e-16,0.0,12.526059263772137,0.737641464867745,0.7406042691172886,1.8070822645643265,1.8094911258349045,0.9505476777650284,0.9511805314345614,0.0009073414052707535,-0.5744477396218787,0.5748072039675527
63.0,0.9457695909307821,2.9950411892735036,0.013569655804000862,0.013018730038911132,0.5744249481421294,0.5744249481421294,0.9999999999999991,8.881784197001252e-16,0.0,12.52514108449925,0.7374913947246603,0.7404445965234291,1.8069597053654178,1.8093610146506267,0.9505154432128303,0.951146329610233,0.0008953091802896412,-0.5744304240919654,0.5747903165376226
63.2,0.9455917200740995,2.994968083044929,0.013572548339950433,0.013019824781237843,0.5744077938607436,0.5744077938607436,0.9999999999999991,8.881784197001252e-16,0.0,12.524229740477317,0.7373433066182147,0.7402870100251805,1.8068387485535407,1.8092325844354618,0.950483629035845,0.9511125684124287,0.0008834237140584456,-0.5744132651623545,0.5747734683684306
63.400000000000006,0.9454162117650894,2.9948949271948466,0.013575416280343673,0.013020918405908558,0.5743907978004559,0.5743907978004559,0.9999999999999991,8.881784197001252e-16,0.0,12.523325240602302,0.7371971767195593,0.740131485039443,1.806719375306549,1.8091058158871127,0.9504522303254247,0.9510792428149654,0.0008716834441776927,-0.5743962624957493,0.5747566629647344
63.6,0.9452430371196886,2.994821744342537,0.01357825960883925,0.013022010617041597,0.574373958478422,0.574373958478422,0.9999999999999991,8.881784197001252e-16,0.0,12.522427637596623,0.7370529814408002,0.7399779972216642,1.8066015669807376,1.8089806898771685,0.9504212422186614,0.9510463478360387,0.0008600868206781742,-0.5743794157223523,0.5747399037018526
63.800000000000004,0.9450721675625781,2.994748556316514,0.013581078359796639,0.013023101169964104,0.5743572764181121,0.5743572764181121,0.9999999999999991,8.881784197001252e-16,0.0,12.521536936842354,0.7369106974338878,0.7398265224645552,1.8064853051103829,1.8088571874505388,0.9503906598982944,0.9510138785381052,0.0008486323060143963,-0.5743627244405052,0.5747231938289321
64.0,0.9449035748247104,2.994675384254186,0.013583872532555845,0.013024189790232845,0.5743407502047512,0.5743407502047512,0.9999999999999991,8.881784197001252e-16,0.0,12.520653182458263,0.7367703015887285,0.7396770368968103,1.8063705714066374,1.808735289824885,0.9503604785924481,0.9509818300277619,0.0008373183750838148,-0.5743461882185075,0.5747065364725761
64.2,0.9447372309408134,2.994602248543488,0.013586642172642382,0.013025276250256203,0.5743243802426276,0.5743243802426277,0.9999999999999991,8.881784197001252e-16,0.0,12.519776375544978,0.7366317710319494,0.7395295168817836,1.8062573477569506,1.808614978390004,0.9503306935745064,0.9509501974556156,0.000826143515191613,-0.5743298065951268,0.5746899346398621
64.4,0.944573108246921,2.9945291689150078,0.01358938729309331,0.013026360294998636,0.5743081651367792,0.5743081651367793,0.9999999999999991,8.881784197001252e-16,0.0,12.518906553127112,0.7364950831251006,0.739383939016171,1.806145616224018,1.8084962347072098,0.9503013001628643,0.9509189760161484,0.000815106226022988,-0.5743135790812498,0.5746733912215897
64.60000000000001,0.9444111793778872,2.994456164388953,0.01359210794917743,0.013027441712454032,0.574292105148406,0.574292105148406,0.9999999999999991,8.881784197001252e-16,0.0,12.518043712978262,0.7363602154634232,0.7392402801286605,1.8060353590451874,1.8083790405086793,0.9502722937207975,0.9508881609475749,0.0008042050196069989,-0.574297505160366,0.5746569089951582
64.8,0.9442514172649329,2.994383253359717,0.013594804166865383,0.013028520266122638,0.5742761989082051,0.5742761989082051,0.9999999999999991,8.881784197001252e-16,0.0,12.517187885330983,0.7362271458740094,0.7390985172785841,1.8059265586313584,1.808263377696791,0.9502436696561987,0.9508577475316954,0.000793438420312112,-0.5742815842901856,0.5746404906277925
65.0,0.9440937951331689,2.9943104535484655,0.013597476010777822,0.013029595759069385,0.5742604465571624,0.5742604465571624,0.9999999999999991,8.881784197001252e-16,0.0,12.516339064558636,0.7360958524144868,0.7389586277545416,1.8058191975662998,1.808149228343429,0.9502154234214238,0.9508277310937415,0.0007828049648129221,-0.5742658159031329,0.5746241386793334
65.2,0.9439382864991482,2.994237782082813,0.013600123516987604,0.013030667970513787,0.5742448466607825,0.5742448466607825,0.9999999999999991,8.881784197001252e-16,0.0,12.515497276496333,0.7359663133711939,0.7388205890730238,1.8057132586055455,1.808036574689285,0.9501875505130264,0.9507981070022183,0.0007723032020660325,-0.5742501994078272,0.5746078556052547
65.4,0.9437848651684051,2.9941652554528844,0.01360274675651703,0.013031736715668374,0.5742293991424752,0.5742293991424752,0.9999999999999991,8.881784197001252e-16,0.0,12.514662514641739,0.73583850725784,0.7386843789770082,1.8056087246756776,1.8079253991431175,0.9501600464715928,0.9507688706687386,0.0007619316932684361,-0.5742347341895281,0.5745916437593049
65.60000000000001,0.9436335052330064,2.994092889558456,0.013605345801855392,0.013032801814126634,0.5742141037503805,0.5742141037503806,0.9999999999999991,8.881784197001252e-16,0.0,12.51383477362061,0.7357124128138246,0.73854997543455,1.8055055788733214,1.8078156842810134,0.9501329068815022,0.9507400175478509,0.0007516890118315495,-0.5742194196115914,0.5745755053962925
65.8,0.9434841810691226,2.994020699746402,0.013607920703370071,0.013033863067608245,0.5741989589811126,0.5741989589811127,0.9999999999999991,8.881784197001252e-16,0.0,12.513014072758613,0.7355880090025287,0.7384173566373701,1.805403804464111,1.8077074128456279,0.9501061273706777,0.9507115431368681,0.0007415737433298097,-0.5742042550160603,0.5745594426747069
66.0,0.9433368673346031,2.99394870079163,0.013610471525305458,0.013034920293857062,0.5741839637462908,0.5741839637462908,0.9999999999999991,8.881784197001252e-16,0.0,12.512200419866303,0.7354652750098407,0.738286500999433,1.8053033848818387,1.8076005677454112,0.9500797036103852,0.9506834429756874,0.0007315844854910991,-0.5741892397245262,0.5745434576594824
66.2,0.9431915389665303,2.993876906887261,0.013612998371611288,0.013035973350923854,0.5741691185677081,0.5741691185677082,0.9999999999999991,8.881784197001252e-16,0.0,12.511393785274018,0.7353441902426351,0.7381573871554876,1.8052043037275578,1.8074951320537973,0.9500536313150199,0.9506557126466016,0.0007217198481766496,-0.5741743730391475,0.5745275523245688
66.4,0.9430481711788122,2.9938053317388778,0.013615501300938948,0.013037022057061892,0.574154421675839,0.574154421675839,0.9999999999999991,8.881784197001252e-16,0.0,12.510594186930367,0.7352247343267704,0.7380299939596245,1.805106544768285,1.8073910890084022,0.9500279062417863,0.9506283477741135,0.0007119784532996498,-0.5741596542433937,0.574511728555277
66.60000000000001,0.9429067394597639,2.993733988493695,0.013617980416576322,0.013038066275403413,0.5741398731528817,0.5741398731528817,0.9999999999999991,8.881784197001252e-16,0.0,12.509801600190933,0.7351068871059169,0.7379043004838126,1.8050100919363723,1.807288422010188,0.9500025241905558,0.9506013440247374,0.0007023589347757153,-0.5741450826028908,0.5744959881505655
66.8,0.942767219569726,2.993662889829052,0.013620435786868798,0.013039105838987637,0.5741254712832935,0.5741254712832935,0.9999999999999991,8.881784197001252e-16,0.0,12.50901603742689,0.734990628639663,0.737780286016449,1.8049149293282856,1.80718711462264,0.9499774810035642,0.9505746971068069,0.0006928599384986162,-0.5741306573663041,0.5744803328255954
67.0,0.9426295875386606,2.9935920478921068,0.013622867523322705,0.013040140624267645,0.5741112161504153,0.5741112161504154,0.9999999999999991,8.881784197001252e-16,0.0,12.50823746977011,0.7348759392021014,0.7376579300608711,1.8048210412037644,1.8070871505709,0.9499527725652129,0.9505484027702694,0.0006834801223213061,-0.5741163777658288,0.574464764214079
67.2,0.9424938196637734,2.9935214743843757,0.01362527570451495,0.013041170479445759,0.5740971061487328,0.5740971061487329,0.9999999999999991,8.881784197001252e-16,0.0,12.507465903141135,0.7347627992798547,0.7375372123338848,1.8047284119845182,1.8069885137409067,0.9499283948017452,0.9505224568064821,0.0006742181560096677,-0.5741022430184255,0.5744492838706571
67.4,0.9423598925071264,2.9934511805082575,0.013627660446314872,0.013042195290537413,0.574083141214915,0.574083141214915,0.9999999999999991,8.881784197001252e-16,0.0,12.506701307959332,0.7346511895707668,0.7374181127642597,1.8046370262534595,1.8068911881785041,0.9499043436810641,0.9504968550479982,0.0006650727211627433,-0.5740882523260008,0.5744338932728198
67.60000000000001,0.942227782893286,2.9933811770440077,0.01363002183319777,0.013043214916701306,0.5740693196819637,0.5740693196819637,0.9999999999999991,8.881784197001252e-16,0.0,12.505943687717197,0.7345410909820177,0.7373006114912531,1.8045468687534594,1.8067951580885595,0.9498806152124247,0.9504715933683578,0.0006560425111735851,-0.5740744048765892,0.5744185938232121
67.8,0.9420974679069615,2.9933114743004845,0.013632359983399834,0.013044229251517193,0.5740556412764812,0.5740556412764812,0.9999999999999991,8.881784197001252e-16,0.0,12.505193013795953,0.7344324846287114,0.7371846888630995,1.8044579243864833,1.806700407834054,0.9498572054462248,0.9504466676818681,0.0006471262311913556,-0.5740606998445907,0.5744033868516858
68.0,0.9419689248906535,2.9932420821587766,0.01363467501505285,0.013045238191085749,0.5740421055707684,0.5740421055707684,0.9999999999999991,8.881784197001252e-16,0.0,12.504449259216681,0.7343253518321131,0.7370703254355033,1.8043701782124326,1.8066069219351688,0.9498341104737187,0.9504220739433829,0.0006383225980788887,-0.5740471363919084,0.5743882736174065
68.2,0.9418421314423312,2.9931730101066076,0.013636967021827753,0.01304624161109943,0.5740287108724521,0.5740287108724521,0.9999999999999991,8.881784197001252e-16,0.0,12.503712422908576,0.7342196741178937,0.7369575019701394,1.804283615447986,1.8065146850683615,0.9498113264267308,0.9503978081480807,0.0006296303403359321,-0.5740337136683614,0.5743732553107858
68.4,0.9417170654131094,2.9931042672152386,0.013639236109421436,0.013047239401134328,0.5740154559053243,0.5740154559053243,0.9999999999999991,8.881784197001252e-16,0.0,12.502982493175269,0.7341154332146387,0.7368461994331438,1.8041982214656518,1.8064236820654385,0.9497888494774236,0.9503738663312408,0.000621048198069088,-0.5740204308122626,0.5743583330555667
68.60000000000001,0.9415937049049168,2.993035862125331,0.013641482422239847,0.013048231489695932,0.5740023410375795,0.5740023410375795,0.9999999999999991,8.881784197001252e-16,0.0,12.502259421004807,0.7340126110522838,0.7367363989935789,1.8041139817927527,1.8063338979125965,0.9497666758380473,0.9503502445680069,0.0006125749229606153,-0.5740072869511181,0.5743435079107628
68.8,0.9414720282681983,2.9929678031384723,0.013643706057434455,0.013049217763373618,0.5739893643471262,0.5739893643471263,0.9999999999999991,8.881784197001252e-16,0.0,12.501543205820138,0.7339099985268156,0.7366280820219212,1.8040299060258262,1.806245317749471,0.9497445448259111,0.9503269389731595,0.0006042092781776004,-0.5739942812022676,0.5743287808724261
69.0,0.9413520140996151,2.992900098142907,0.01364590715502718,0.013050198151534999,0.5739765257573892,0.5739765257573892,0.9999999999999991,8.881784197001252e-16,0.0,12.500833805452812,0.7338075369779787,0.7365212300885307,1.8039459461409753,1.8061579268681731,0.9497224438023675,0.950303945700878,0.0005959500383034277,-0.5739814126733583,0.5743141528752804
69.2,0.9412336412397806,2.9928327546979814,0.013648085818948342,0.013051172552081897,0.5739638234258818,0.5739638234258818,0.9999999999999991,8.881784197001252e-16,0.0,12.50013121485746,0.7337064710111421,0.7364158249621419,1.8038631221774173,1.8060717107123279,0.9497006412869569,0.9502812609445072,0.0005877959892987422,-0.5739686804630904,0.5742996247946957
69.4,0.9411168887709763,2.992765779971635,0.013650242194163106,0.013052140903904249,0.5739512572824985,0.5739512572824985,0.9999999999999991,8.881784197001252e-16,0.0,12.499435389142844,0.7336067830428299,0.7363118486083248,1.8037814200368096,1.8059866548760894,0.9496791335888773,0.9502588809363138,0.000579745928471348,-0.5739560836614559,0.5742851974484554
69.60000000000001,0.9410017360148987,2.992699180820195,0.013652376392097022,0.01305310311677815,0.5739388256202224,0.5739388256202224,0.9999999999999991,8.881784197001252e-16,0.0,12.498746317837401,0.733508455683914,0.7362092831879616,1.8037008257707534,1.8059027451031606,0.949657917056189,0.9502368019472485,0.0005717986644171447,-0.5739436213507565,0.5742708715985676
69.8,0.9408881625303974,2.9926329637317313,0.013654488561034593,0.01305405913747722,0.5739265283220041,0.5739265283220041,0.9999999999999991,8.881784197001252e-16,0.0,12.49806395470036,0.7334114717383985,0.736108111055704,1.8036213255800404,1.805819967285787,0.9496369880756311,0.9502150202866951,0.0005639530169267576,-0.5739312926055481,0.5742566479526111
70.0,0.940776148111249,2.9925671348975142,0.01365657881994749,0.013055008887585283,0.5739143638375473,0.5739143638375475,0.9999999999999991,8.881784197001252e-16,0.0,12.497388283576123,0.7333158142015599,0.7360083147584529,1.803542905813363,1.8057383074637714,0.9496163430722985,0.9501935323022292,0.0005562078169304985,-0.5739190964935875,0.5742425271654583
70.2,0.9406656727839416,2.992501700188559,0.013658647293108098,0.013055952295988986,0.5739023307736176,0.5739023307736176,0.9999999999999991,8.881784197001252e-16,0.0,12.496719283823207,0.7332214662584051,0.7359098770338307,1.8034655529662833,1.805657751823469,0.9495959785093844,0.9501723343793697,0.0005485619064706931,-0.57390703207635,0.5742285098410119
70.4,0.9405567168054463,2.99243666514179,0.013660694134244637,0.013056889321526939,0.5738904290023671,0.5738904290023671,0.9999999999999991,8.881784197001252e-16,0.0,12.496056906270699,0.7331284112821483,0.7358127808086405,1.8033892536802087,1.8055782866967711,0.9495758908879258,0.9501514229413262,0.0005410141386339717,-0.5738950984090408,0.5742145965336433
70.60000000000001,0.940449260661009,2.992372035004279,0.013662719488621243,0.0130578199173516,0.5738786579304417,0.5738786579304418,0.9999999999999991,8.881784197001252e-16,0.0,12.495401110924318,0.7330366328324884,0.7357170091973259,1.803313994741201,1.8054998985600803,0.9495560767465041,0.9501307944487469,0.0005335633774628951,-0.5738832945412593,0.5742007877495249
70.8,0.9403432850619854,2.99230781476645,0.013664723466649658,0.013058744006141454,0.5738670152988473,0.5738670152988473,0.9999999999999991,8.881784197001252e-16,0.0,12.494751893103286,0.7329461146539512,0.7356225455004596,1.8032397630788322,1.8054225740333085,0.9495365326609578,0.9501104453994675,0.0005262084978937404,-0.5738716195178961,0.5741870839481968
71.0,0.9402387709436542,2.9922440090883544,0.013666706231217806,0.013059661562050897,0.5738555011787306,0.5738555011787306,0.9999999999999991,8.881784197001252e-16,0.0,12.49410919656647,0.7328568406746852,0.7355293732032068,1.8031665457654091,1.8053462998788448,0.9495172552441925,0.950090372328255,0.0005189483857016147,-0.5738600723787007,0.5741734855439165
71.2,0.9401356994630645,2.9921806223948155,0.01366866790486557,0.013060572523557292,0.5738441137345626,0.5738441137345626,0.9999999999999991,8.881784197001252e-16,0.0,12.493473005738965,0.7327687950043055,0.7354374759738032,1.8030943300144093,1.8052710630005326,0.9494982411457817,0.9500705718065539,0.0005117819374929472,-0.5738486521597201,0.5741599929074621
71.4,0.9400340519968634,2.9921176588076945,0.013670608650311725,0.013061476869009726,0.5738328529062974,0.5738328529062974,0.9999999999999991,8.881784197001252e-16,0.0,12.492843265641248,0.7326819619326573,0.7353468376620116,1.8030231031796708,1.805196850442621,0.9494794870517671,0.9500510404422235,0.0005047080605950494,-0.573837357892836,0.574146606367114
71.60000000000001,0.9399338101391713,2.9920551222269274,0.013672528592234359,0.013062374543203874,0.5738217168402299,0.5738217168402299,0.9999999999999991,8.881784197001252e-16,0.0,12.492219959577229,0.7325963259279993,0.7352574422976065,1.8029528527540954,1.8051236493887404,0.9494609896843298,0.950031774879282,0.0004977256729724183,-0.5738261886067608,0.5741333262100073
71.8,0.9398349556994517,2.991993016267758,0.01367442789215886,0.013063265527623645,0.5738107053129149,0.5738107053129149,0.9999999999999991,8.881784197001252e-16,0.0,12.491603034679937,0.7325118716357834,0.7351692740888489,1.8028835663688434,1.8050514471608579,0.9494427458015905,0.9500127717976455,0.0004908337031634541,-0.5738151433268591,0.5741201526832923
72.0,0.9397374707004115,2.9919313443342554,0.01367630667786394,0.013064149774191026,0.57379981651261,0.5737998165126101,0.9999999999999991,8.881784197001252e-16,0.0,12.490992471986862,0.7324285838766672,0.7350823174209754,1.802815231791888,1.8049802312182455,0.9494247521972418,0.9499940279128689,0.0004840310902530509,-0.5738042210761096,0.5741070859957038
72.2,0.9396413373758893,2.9918701095649074,0.013678165108954704,0.013065027266752223,0.5737890500361387,0.5737890500361388,0.9999999999999991,8.881784197001252e-16,0.0,12.49038822127673,0.7323464476451981,0.7349965568546717,1.8027478369271208,1.8049099891564258,0.9494070057003235,0.9499755399758822,0.0004773167838007103,-0.5737934208749793,0.5740941263186683
72.4,0.9395465381687668,2.9918093148720573,0.01368000334222805,0.013065897988561666,0.5737784053106549,0.5737784053106549,0.9999999999999991,8.881784197001252e-16,0.0,12.489790235424985,0.7322654481081621,0.7349119771245528,1.802681369813176,1.8048407087061242,0.9493895031749258,0.9499573047727268,0.0004706897437581625,-0.5737827417421061,0.5740812737874196
72.60000000000001,0.9394530557289048,2.99174896297088,0.013681821508003213,0.013066761900069777,0.5737678805175107,0.5737678805175107,0.9999999999999991,8.881784197001252e-16,0.0,12.489198493870445,0.7321855706029422,0.7348285631376632,1.8026158186222574,1.804772377732228,0.9493722415198906,0.9499393191242935,0.0004641489403834076,-0.5737721826945122,0.5740685285021251
72.8,0.9393608729110938,2.9916890563510297,0.013683619747411791,0.013067618973871396,0.5737574742982557,0.5737574742982557,0.9999999999999991,8.881784197001252e-16,0.0,12.48861296553481,0.7321068006360724,0.734746299971976,1.802551171659124,1.804704984232743,0.9493552176685568,0.9499215798860606,0.00045769335421057267,-0.573761742747888,0.5740558905292155
73.0,0.9392699727729861,2.991629597259334,0.013685398237728219,0.013068469218421228,0.573747186912233,0.573747186912233,0.9999999999999991,8.881784197001252e-16,0.0,12.48803358366609,0.7320291238817378,0.7346651728748712,1.8024874173600258,1.8046385163377276,0.9493384285884895,0.9499040839478251,0.0004513219760021586,-0.5737514209169092,0.5740433599025089
73.2,0.9391803385730724,2.991570587786308,0.013687157106785485,0.01306931259778121,0.5737370163363662,0.5737370163363662,0.9999999999999991,8.881784197001252e-16,0.0,12.48746033073797,0.7319525261798322,0.7345851672616435,1.8024245442912714,1.8045729623082483,0.9493218712811147,0.9498868282334381,0.0004450338066419868,-0.5737412162156955,0.5740309366241937
73.4,0.939091953768652,2.9915120297873625,0.013688896523592476,0.013070149116540804,0.573726962399637,0.573726962399637,0.9999999999999991,8.881784197001252e-16,0.0,12.486893148498437,0.7318769935349643,0.7345062687139992,1.8023625411485729,1.804508310535318,0.9493055427815563,0.9498698097005381,0.0004388278570469917,-0.573731127657847,0.5740186206656497
73.60000000000001,0.9390048020138492,2.9914539249622956,0.013690616619934218,0.013070978746314552,0.5737170232128205,0.5737170232128206,0.9999999999999991,8.881784197001252e-16,0.0,12.486332015698267,0.731802512114571,0.7344284629785823,1.8023013967556523,1.8044445495388635,0.9492894401582797,0.9498530253402893,0.000432703148123062,-0.5737211542570272,0.5740064119687117
73.8,0.938918867157607,2.9913962747904144,0.013692317565832935,0.013071801496440836,0.5737071986108971,0.5737071986108971,0.9999999999999991,8.881784197001252e-16,0.0,12.485776873238,0.7317290682476074,0.7343517359654794,1.8022411000633183,1.804381667966657,0.9492735605128579,0.9498364721771109,0.000426658710724781,-0.5737112950268998,0.5739943104467061
74.0,0.9388341332417157,2.9913390806057376,0.013693999495363282,0.013072617344442924,0.573697486775637,0.573697486775637,0.9999999999999991,8.881784197001252e-16,0.0,12.485227697662932,0.7316566484226502,0.7342760737467416,1.8021816401480564,1.8043196545932734,0.9492579009796108,0.9498201472684141,0.00042069358558359526,-0.5737015489818776,0.5739823159855428
74.2,0.938750584498837,2.9912823435394933,0.01369566257395863,0.013073426299071421,0.5736878873038611,0.5736878873038611,0.9999999999999991,8.881784197001252e-16,0.0,12.484684434446434,0.7315852392867644,0.7342014625549005,1.802123006211244,1.8042584983190277,0.9492424587254072,0.9498040477043316,0.000414806823207034,-0.5736919151368493,0.5739704284444022
74.4,0.9386682053505502,2.9912260645587536,0.013697306962965615,0.013074228367069675,0.5736783995948967,0.5736783995948967,0.9999999999999991,8.881784197001252e-16,0.0,12.484147033080447,0.731514827643904,0.7341278887814949,1.802065187577979,1.8041981881689215,0.9492272309493657,0.9497881706074506,0.0004089974838102639,-0.5736823925077483,0.5739586476566435
74.60000000000001,0.9385869804054325,2.9911702444925394,0.013698932797437072,0.013075023532357708,0.5736690218427071,0.5736690218427071,0.9999999999999991,8.881784197001252e-16,0.0,12.483615469042523,0.7314454004532528,0.7340553389756205,1.802008173695854,1.804138713291606,0.9492122148825407,0.9497725131325496,0.00040326463725132156,-0.5736729801117681,0.5739469734307951
74.8,0.938506894457136,2.991114884002254,0.013700540223204381,0.013075811790739921,0.5736597527275449,0.5736597527275449,0.9999999999999991,8.881784197001252e-16,0.0,12.483089707026854,0.731376944827841,0.7339837998424725,1.8019519541339566,1.8040800629583333,0.9491974077876684,0.9497570724663325,0.00039760736299186694,-0.5736636769675527,0.5739354055516116
75.0,0.9384279324824586,2.9910599835646274,0.01370212942044945,0.013076593171951839,0.5736505924901689,0.5736505924901689,0.9999999999999991,8.881784197001252e-16,0.0,12.482569677599978,0.7313094480331492,0.7339132582418733,1.8018965185818525,1.8040222265618926,0.9491828069589066,0.949741845827156,0.0003920247500339702,-0.5736544820953503,0.5739239437808678
75.2,0.9383500796394568,2.991005543554961,0.013703700520034987,0.013077367661286546,0.5736415391254588,0.5736415391254588,0.9999999999999991,8.881784197001252e-16,0.0,12.48205536002372,0.7312428974852481,0.7338437011868337,1.8018418568481875,1.80396519361557,0.949168409721476,0.9497268304647678,0.0003865158968100191,-0.5736453945174127,0.573912587858098
75.4,0.9382733212655546,2.9909515641680184,0.013705253693106196,0.013078135283478278,0.5736325924620321,0.5736325924620321,0.9999999999999991,8.881784197001252e-16,0.0,12.481546693517044,0.7311772807498547,0.7337751158421026,1.801787958860037,1.8039089537520987,0.949154213431496,0.949712023660036,0.0003810799111003821,-0.5736364132579366,0.5739013375012071
75.60000000000001,0.9381976428756974,2.9908980454950336,0.013706789073852631,0.01307889603036505,0.5736237506508267,0.5736237506508268,0.9999999999999991,8.881784197001252e-16,0.0,12.481043653674408,0.7311114668975681,0.7337074895227532,1.8017338957191977,1.8038534967226296,0.9491399734283129,0.9496974227246892,0.000375715909990762,-0.5736275373435841,0.5738901924075139
75.8,0.9381230301604825,2.990844987459169,0.013708306833288659,0.013079649929944676,0.5736150135237738,0.5736150135237738,0.9999999999999991,8.881784197001252e-16,0.0,12.480546179444987,0.7310462215679544,0.7336408096927393,1.8016802963912646,1.8037988123956805,0.9491258553805648,0.9496830250010471,0.0003704230198250391,-0.5736187658033323,0.5738791522545419
76.0,0.9380494689843246,2.9907923898875857,0.013709807107000737,0.013080396978715719,0.5736063793096642,0.5736063793096642,0.9999999999999991,8.881784197001252e-16,0.0,12.48005424457158,0.7309818927950971,0.7335750639634797,1.8016274468960105,1.803744890756102,0.9491119346328899,0.9496688278617562,0.00036520037613192724,-0.5736100976691245,0.5738682167008735
76.2,0.9379769453836208,2.990740252454603,0.013711290060471042,0.013081137202804306,0.5735978476059301,0.5735978476059302,0.9999999999999991,8.881784197001252e-16,0.0,12.479567792981525,0.7309184685069849,0.7335102400924357,1.8015753374468644,1.8036917219040343,0.9490982086160963,0.949654828709525,0.0003600471235230829,-0.5736015319755379,0.5738573853866273
76.4,0.9379054455649336,2.990688574718012,0.013712755854797146,0.013081870625855517,0.5735894178213385,0.5735894178213385,0.9999999999999991,8.881784197001252e-16,0.0,12.479086772661834,0.7308559367756553,0.7334463259816991,1.801523958371502,1.8036392960538703,0.9490846747908168,0.9496410249768565,0.00035496241562620046,-0.5735930677602502,0.5738466579341593
76.60000000000001,0.9378349559032095,2.990637356143159,0.01371420462534881,0.013082597249046332,0.5735810882084048,0.5735810882084048,0.9999999999999991,8.881784197001252e-16,0.0,12.478611156734205,0.730794285815615,0.7333833096766066,1.8014733001106622,1.80358760353324,0.9490713306472043,0.9496274141257905,0.0003499454150198561,-0.5735847040642126,0.5738360339488449
76.80000000000001,0.9377654629399963,2.9905865960735123,0.013715636517501743,0.013083317084509454,0.5735728574904211,0.5735728574904211,0.9999999999999991,8.881784197001252e-16,0.0,12.478140908093929,0.7307335039825225,0.7333211793643465,1.8014233532171726,1.80353663478198,0.949058173704682,0.9496139936476391,0.00034499529319094446,-0.5735764399317593,0.5738255130199218
77.0,0.9376969533816525,2.990536293713432,0.013717051709201915,0.013084030176420602,0.573564725887442,0.5735647258874421,0.9999999999999991,8.881784197001252e-16,0.0,12.477675957114998,0.7306735797718746,0.7332599233725565,1.801374108354978,1.8034863803510977,0.9490452015116949,0.9496007610627207,0.000340111230470716,-0.5735682744106732,0.5738150947210817
77.2,0.9376294140975969,2.990486448207057,0.013718450330700375,0.013084736525883375,0.5735566914705119,0.5735566914705119,0.9999999999999991,8.881784197001252e-16,0.0,12.47721628095039,0.7306145018172368,0.7331995301679504,1.8013255562977897,1.8034368309017543,0.9490324116453606,0.9495877139201004,0.0003352924159273768,-0.5735602065525397,0.5738047786110252
77.4,0.9375628321185601,2.9904370585617324,0.013719832550371335,0.013085436171199203,0.5735487540617374,0.5735487540617374,0.9999999999999991,8.881784197001252e-16,0.0,12.476761818717103,0.7305562588894263,0.7331399883549397,1.8012776879285168,1.8033879772042425,0.9490198017113258,0.9495748497973279,0.00033053804728315483,-0.5735522354126026,0.5737945642338848
77.60000000000001,0.9374971946348735,2.9903881237204812,0.013721198501112248,0.013086129118999763,0.5735409118934112,0.5735409118934112,0.9999999999999991,8.881784197001252e-16,0.0,12.476312544178022,0.7304988398946964,0.7330812866742886,1.801230494237873,1.8033398101369873,0.9490073693434068,0.9495621663001792,0.00032584733087008544,-0.5735443600502249,0.5737844511200731
77.80000000000001,0.9374324889947409,2.9903396424981334,0.013722548352384253,0.013086815411616442,0.5735331648813444,0.5735331648813444,0.9999999999999991,8.881784197001252e-16,0.0,12.475868394589359,0.7304422338736184,0.7330234140017432,1.8011839663235538,1.8032923206855223,0.9489951122033776,0.9495496610623969,0.0003212194815828129,-0.5735365795286614,0.5737744387868791
78.0,0.9373687027025395,2.9902916136484907,0.01372388224205018,0.013087495063307322,0.5735255115310766,0.5735255115310766,0.9999999999999991,8.881784197001252e-16,0.0,12.47542933797679,0.7303864299993736,0.7329663593466884,1.8011380953889282,1.80324549994149,0.9489830279806329,0.9495373317454308,0.0003166537227996674,-0.5735288929156106,0.5737645267391035
78.2,0.937305823417137,2.9902440358362385,0.013725200309968108,0.013088168091661702,0.5735179504648112,0.5735179504648112,0.9999999999999991,8.881784197001252e-16,0.0,12.474995339941557,0.7303314175766185,0.7329101118508093,1.8010928727421973,1.803199339101638,0.9489711143919713,0.9495251760381817,0.0003121492863022435,-0.5735212992831892,0.5737547144695534
78.4,0.9372438389502052,2.9901969076171726,0.013726502722611032,0.01308883454060272,0.5735104815394624,0.5735104815394624,0.9999999999999991,8.881784197001252e-16,0.0,12.47456633938355,0.7302771860402631,0.7328546607867492,1.801048289795481,1.8031538294668163,0.9489593691813611,0.9495131916567419,0.00030770541220201397,-0.5735137977077195,0.5737450014595029
78.60000000000001,0.9371827372645581,2.9901502274747176,0.013727789637395111,0.013089494447011405,0.5735031042281882,0.5735031042281882,0.9999999999999991,8.881784197001252e-16,0.0,12.474142283695691,0.7302237249539503,0.732799995556781,1.8010043380636531,1.8031089624409768,0.9489477901196395,0.9495013763441394,0.00030332134886934536,-0.5735063872700527,0.5737353871791688
78.80000000000001,0.9371225064725224,2.9901039938482374,0.013729061175705095,0.01309014781549377,0.573495816398724,0.5734958163987242,0.9999999999999991,8.881784197001252e-16,0.0,12.47372315531995,0.7301710240086229,0.7327461056915101,1.8009610091632524,1.8030647295301996,0.9489363750042301,0.9494897278700872,0.0002989963528629985,-0.5734990670560128,0.5737258710883218
79.0,0.9370631348342966,2.9900582050585154,0.013730317505826562,0.013090794695901445,0.5734886180772325,0.5734886180772325,0.9999999999999991,8.881784197001252e-16,0.0,12.473308889955273,0.730119073021643,0.7326929808485553,1.800918294811839,1.8030211223417008,0.9489251216589804,0.9494782440307263,0.0002947296888667489,-0.5734918361558411,0.5737164526367219
79.2,0.9370046107563411,2.990012859391888,0.013731558756052444,0.013091435102078825,0.5734815075081428,0.5734815075081428,0.9999999999999991,8.881784197001252e-16,0.0,12.472899462223456,0.7300678619348675,0.7326406108112598,1.8008761868264949,1.8029781325828569,0.9489140279337707,0.9494669226483758,0.00029052062966050674,-0.5734846936650286,0.5737071312649278
79.4,0.9369469227897541,2.9899679550339044,0.013732785088686156,0.013092069081026536,0.5734744845112215,0.5734744845112216,0.9999999999999991,8.881784197001252e-16,0.0,12.472494812705078,0.7300173808137378,0.7325889854873795,1.8008346771231543,1.8029357520602176,0.9489030917043436,0.949455761571278,0.00028636845602265926,-0.5734776386837886,0.5736979064045094
79.60000000000001,0.9368900596286784,2.9899234901121217,0.013733996657220192,0.013092696672852861,0.5734675485393308,0.5734675485393308,0.9999999999999991,8.881784197001252e-16,0.0,12.472094890152837,0.7299676198459335,0.7325380949078032,1.8007937577155742,1.8028939726785311,0.9488923108720376,0.9494447586733472,0.0002822724566311635,-0.5734706703174255,0.5736887774783475
79.80000000000001,0.9368340101087412,2.98987946271798,0.013735193585832488,0.013093317891599251,0.5734606977504559,0.5734606977504559,0.9999999999999991,8.881784197001252e-16,0.0,12.471699671684144,0.7299185693400122,0.7324879292252914,1.8007534207142912,1.8028527864397936,0.9488816833635174,0.9494339118539242,0.0002782319279959894,-0.5734637876764465,0.5736797439011406
80.0,0.9367787632054961,2.989835870867937,0.013736376013782761,0.013093932766721479,0.5734539310230906,0.5734539310230907,0.9999999999999991,8.881784197001252e-16,0.0,12.471309118990492,0.7298702197241983,0.7324384787132162,1.8007136583256986,1.8028121854422896,0.9488712071305353,0.9494232190375302,0.00027424617443963517,-0.573456989876558,0.5736708050801025
80.2,0.9367243080328471,2.9897927124876187,0.013737544115091756,0.013094541361458704,0.573447248848269,0.573447248848269,0.9999999999999991,8.881784197001252e-16,0.0,12.470923158958323,0.729822561545121,0.7323897337642823,1.8006744628510811,1.8027721618796193,0.9488608801496813,0.9494126781736123,0.0002703145080428515,-0.5734502760386547,0.5736619604153497
80.4,0.9366706338415198,2.9897499855014016,0.013738698005307345,0.01309514368569303,0.5734406491037263,0.5734406491037263,0.9999999999999991,8.881784197001252e-16,0.0,12.470541775533137,0.7297755854661827,0.7323416848892867,1.8006358266853417,1.8027327080397548,0.9488507004220532,0.9494022872363036,0.0002664362485281929,-0.573443645289224,0.573653209300199
80.60000000000001,0.9366177300175305,2.98970768773546,0.013739837847878732,0.01309573979533331,0.5734341318754073,0.5734341318754074,0.9999999999999991,8.881784197001252e-16,0.0,12.470164904901926,0.7297292822670401,0.7322943227158702,1.8005977423166442,1.8026938163040878,0.9488406659731659,0.9493920442241743,0.00026261072316600964,-0.5734370967598913,0.5736445511212688
80.80000000000001,0.9365655860806956,2.9896658170055788,0.013740963762694689,0.013096329706842831,0.573427695314499,0.573427695314499,0.9999999999999991,8.881784197001252e-16,0.0,12.4697925255757,0.7296836428417987,0.7322476379873087,1.8005602023249936,1.8026554791465033,0.9488307748525819,0.9493819471599946,0.00025883726674824636,-0.5734306295880042,0.5736359852592082
81.0,0.9365141916831208,2.9896243710399606,0.01374207591115951,0.013096913476712633,0.573421339493338,0.573421339493338,0.9999999999999991,8.881784197001252e-16,0.0,12.46942457459393,0.729638658198062,0.7322016215612732,1.8005231993815198,1.8026176891324368,0.9488210251337276,0.9493719940904887,0.0002551152215494179,-0.5734242429162472,0.573627511089088
81.2,0.9364635366077217,2.9895833475567937,0.01374317441552682,0.013097491126082723,0.5734150627514696,0.5734150627514696,0.9999999999999991,8.881784197001252e-16,0.0,12.469061026943367,0.7295943194553126,0.7321562644086242,1.8004867262472084,1.8025804389179472,0.9488114149135615,0.9493621830860967,0.00025144393724740866,-0.5734179358932233,0.5736191279808464
81.4,0.9364136107667389,2.9895427441967803,0.01374425943344458,0.013098062710365517,0.5734088650721284,0.5734088650721284,0.9999999999999991,8.881784197001252e-16,0.0,12.468701822175824,0.7295506178442197,0.7321115576121926,1.800450775772392,1.8025437212487803,0.9488019423124459,0.9493525122407308,0.0002478227708198333,-0.5734117076728962,0.5736108352993141
81.60000000000001,0.9363644042002939,2.989502558588456,0.013745331090283692,0.013098628256017675,0.5734027450181322,0.5734027450181322,0.9999999999999991,8.881784197001252e-16,0.0,12.468346931009352,0.7295075447050997,0.7320674923655963,1.8004153408955452,1.8025075289594643,0.948792605473832,0.9493429796715429,0.00024425108648647165,-0.5734055574151119,0.5736026324046959
81.80000000000001,0.9363159070749499,2.9894627883170783,0.013746389514644053,0.013099187793695233,0.5733967013416366,0.5733967013416366,0.9999999999999991,8.881784197001252e-16,0.0,12.46799632035394,0.7294650914867832,0.7320240599720582,1.8003804146424103,1.8024718549723984,0.948783402564034,0.9493335835186877,0.00024072825567676703,-0.5733994842855434,0.5735945186530536
82.0,0.9362681096822673,2.9894234309050334,0.013747434861454962,0.013099741379811927,0.5733907340301032,0.5733907340301032,0.9999999999999991,8.881784197001252e-16,0.0,12.467649930595083,0.7294232497455106,0.7319812518432145,1.800345990125145,1.8024366922969353,0.9487743317720082,0.9493243219450843,0.00023725365696147804,-0.5733934874555066,0.5735864933965815
82.2,0.9362210024373748,2.9893844838489976,0.013748467274247392,0.013100289061286467,0.5733848425974837,0.5733848425974837,0.9999999999999991,8.881784197001252e-16,0.0,12.46730771272809,0.7293816806894323,0.7319390594979392,1.800311788650751,1.802402034028474,0.9487653196654461,0.9493151931361826,0.00023382667595786555,-0.5733875661021367,0.5735785559837355
82.4,0.9361745758775887,2.9893459446443957,0.013749486860986225,0.013100830852962653,0.5733790249915254,0.5733790249915254,0.9999999999999991,8.881784197001252e-16,0.0,12.466969652099163,0.7293401617819578,0.7318974745612021,1.8002776271394345,1.8023678733475825,0.9487563180037122,0.9493061952997347,0.00023044670525512734,-0.5733817194086683,0.5735707057595826
82.60000000000001,0.9361288206610076,2.9893078107085866,0.01375049377830324,0.01310136681625604,0.5733732814073388,0.5733732814073388,0.9999999999999991,8.881784197001252e-16,0.0,12.466635685550248,0.7292992416916699,0.7318564887629104,1.800243957062603,1.802334203519097,0.9487474457528721,0.9492973266655627,0.00022711314437252883,-0.5733759465639222,0.5735629420661111
82.80000000000001,0.9360837275651452,2.989270079465954,0.013751488142260813,0.013101896975812394,0.5733676102497212,0.5733676102497212,0.9999999999999991,8.881784197001252e-16,0.0,12.466305789174024,0.7292589122417402,0.7318160939367715,1.800210771746963,1.8023010178912473,0.9487387011580828,0.94928858548533,0.0002238253997370182,-0.5733702467630367,0.5735552642428454
83.0,0.9360392874855398,2.989232748279091,0.013752470103883231,0.013102421390019879,0.5733620115508344,0.5733620115508344,0.9999999999999991,8.881784197001252e-16,0.0,12.465979904045456,0.7292191653586255,0.7317762820191439,1.8001780646024383,1.8022683098947645,0.948730082486313,0.9492799700323113,0.0002205828845823904,-0.5733646192068829,0.5735476716268176
83.2,0.9359954914344149,2.989195814518849,0.013753439775923932,0.013102940082617944,0.5733564836565843,0.5733564836565843,0.9999999999999991,8.881784197001252e-16,0.0,12.465658008223663,0.7291799930706572,0.7317370450479231,1.8001458291210586,1.8022360730420166,0.9487215880260543,0.949271478601169,0.00021738501886114925,-0.5733590631025481,0.573540163552832
83.4,0.9359523305393316,2.9891592755019123,0.013754397301486723,0.013103453106753163,0.5733510263318814,0.5733510263318814,0.9999999999999991,8.881784197001252e-16,0.0,12.465340049284325,0.7291413875072753,0.7316983751614226,1.8001140588763789,1.8022043009261408,0.948713216087171,0.949263109507725,0.0002142312291885523,-0.5733535776628961,0.5735327393536526
83.60000000000001,0.9359097960418601,2.989123128523903,0.013755342820263994,0.013103960513445255,0.5733456392335827,0.5733456392335827,0.9999999999999991,8.881784197001252e-16,0.0,12.465025977506226,0.7291033408976327,0.7316602645972651,1.8000827475223795,1.8021729872201822,0.9487049650006127,0.9492548610887395,0.0002111209488047383,-0.5733481621068968,0.573525398360366
83.80000000000001,0.9358678792962699,2.989087370883662,0.0137562764441714,0.013104462328830696,0.5733403208090067,0.5733403208090067,0.9999999999999991,8.881784197001252e-16,0.0,12.464715769814664,0.7290658455693729,0.7316227056912917,1.800051888792507,1.802142125676246,0.9486968331181661,0.9492467317016907,0.00020805361750138307,-0.573342815659728,0.573518139902663
84.0,0.935826571768232,2.9890519998516374,0.013757198292810514,0.013104958587254904,0.573335069900887,0.5733350699008871,0.9999999999999991,8.881784197001252e-16,0.0,12.464409394909177,0.7290288939477243,0.7315856908764805,1.8000214764989735,1.802111710124653,0.9486888188122722,0.9492387197245548,0.00020502868156586918,-0.5733375375526543,0.5735109633091281
84.2,0.9357858650335058,2.989017012646706,0.013758108519833705,0.013105449355866158,0.5733298869393022,0.5733298869393022,0.9999999999999991,8.881784197001252e-16,0.0,12.46410678737043,0.7289924785544832,0.7315492126818454,1.7999915045319645,1.8020817344730842,0.9486809204758209,0.9492308235555836,0.00020204559372954956,-0.573332327022875,0.5735038679074176
84.4,0.9357457507766704,2.9889824065138453,0.013759007231223858,0.013105934658327144,0.5733247702461998,0.5733247702461998,0.9999999999999991,8.881784197001252e-16,0.0,12.463807927964826,0.7289565920065088,0.7315132637313768,1.7999619668584446,1.8020521927057533,0.9486731365218389,0.9492230416130896,0.00019910381308453629,-0.5733271833139056,0.5734968530244824
84.60000000000001,0.9357062207898477,2.9889481786460066,0.013759894570476822,0.01310641455430675,0.5733197198868762,0.5733197198868762,0.9999999999999991,8.881784197001252e-16,0.0,12.463512759939562,0.7289212270152972,0.7314778367429696,1.7999328575218474,1.8020230788825677,0.9486654653834112,0.949215372335228,0.00019620280500173837,-0.5733221056751607,0.5734899179865298
84.80000000000001,0.9356672669714667,2.9889143262525164,0.013760770646742361,0.01310688907240304,0.5733147344217965,0.5733147344217965,0.9999999999999991,8.881784197001252e-16,0.0,12.463221259619159,0.7288863763854634,0.7314429245273878,1.7999041706408678,1.801994387138323,0.948657905513365,0.9492078141797871,0.00019334204108760467,-0.573317093362332,0.5734830621194345
85.0,0.935628881325022,2.9888808465216763,0.013761635576264909,0.013107358248808888,0.5733098127814762,0.5733098127814763,0.9999999999999991,8.881784197001252e-16,0.0,12.462933395674579,0.728852033013733,0.731408519987221,1.7998759004086733,1.8019661116818841,0.9486504553840646,0.9492003656239753,0.00019052099916205822,-0.5733121456373143,0.5734762847491378
85.2,0.9355910559578233,2.9888477366039674,0.01376248950171123,0.013107822145333091,0.5733049551395036,0.5733049551395036,0.9999999999999991,8.881784197001252e-16,0.0,12.462649110160473,0.7288181898879793,0.7313746161158347,1.7998480410921476,1.8019382467953617,0.9486431134872148,0.949193025164207,0.0001877391631894404,-0.5733072617680202,0.5734695852017515
85.4,0.9355537830797738,2.9888149936530324,0.013763332549520496,0.013108280809587255,0.5733001609836224,0.5733001609836224,0.9999999999999991,8.881784197001252e-16,0.0,12.462368360416892,0.7287848400861563,0.7313412059963355,1.7998205870310526,1.8019107868333053,0.9486358783336426,0.9491857913158923,0.00018499602317349761,-0.573302441028494,0.573462962803493
85.60000000000001,0.9355170550021841,2.9887826148439167,0.013764164811639503,0.0131087342579346,0.5732954282913142,0.5732954282913142,0.9999999999999991,8.881784197001252e-16,0.0,12.462091136975632,0.7287519767752683,0.73130828280058,1.7997935326372168,1.801883726221923,0.9486287484530854,0.9491786626132342,0.00018229107509183662,-0.5732976826990949,0.573456416880922
85.80000000000001,0.9354808641365698,2.9887505972916006,0.013764986434063724,0.013109182558093697,0.5732907575314803,0.5732907575314803,0.9999999999999991,8.881784197001252e-16,0.0,12.461817376632771,0.7287195932106767,0.7312758397881542,1.7997668723939995,1.80185705945828,0.9486217223940525,0.9491716376090197,0.0001796238208723877,-0.5732929860660084,0.5734499467611898
86.0,0.9354452029934771,2.9887189381463592,0.013765797515788072,0.013109625734845651,0.5732861470993325,0.5732861470993325,0.9999999999999991,8.881784197001252e-16,0.0,12.461547061641486,0.728687682734327,0.7312438703053834,1.799740600854867,1.8018307811095216,0.9486147987234521,0.9491647148744172,0.00017699376837485015,-0.5732883504219615,0.5734435517725391
86.2,0.9354100641812868,2.9886876345144704,0.013766598194927962,0.013110063850371226,0.5732815972063736,0.5732815972063736,0.9999999999999991,8.881784197001252e-16,0.0,12.461280135191657,0.728656238774396,0.73121236778432,1.7997147126431372,1.8018048858120774,0.9486079760265258,0.9491578929987702,0.00017440043128498506,-0.5732837750655487,0.5734372312441031
86.4,0.9353754404050726,2.9886566835332555,0.01376738856938718,0.013110496930225628,0.5732771062962412,0.5732771062962412,0.9999999999999991,8.881784197001252e-16,0.0,12.461016579269446,0.7286252548440049,0.7311813257417774,1.7996892024509514,1.8017793682708998,0.9486012529065806,0.9491511705893969,0.0001718433290309046,-0.5732792593017084,0.5734309845060573
86.60000000000001,0.9353413244654439,2.988626082300639,0.0137681687734548,0.013110925034786884,0.5732726745048741,0.5732726745048741,0.9999999999999991,8.881784197001252e-16,0.0,12.460756339492688,0.7285947245406286,0.7311507377783503,1.799664065038822,1.8017542232586918,0.9485946279848712,0.9491445462713923,0.0001693219867373863,-0.5732748024411992,0.5734248108896876
86.80000000000001,0.9353077092574222,2.9885958279398817,0.013768938909449682,0.01311134819547918,0.5732683005738124,0.5732683005738124,0.9999999999999991,8.881784197001252e-16,0.0,12.4604993921749,0.7285646415446041,0.7311205975774595,1.799639295234435,1.8017294456151571,0.9485880999002865,0.9491380186874294,0.0001668359352009624,-0.5732704038011378,0.5734187097278097
87.0,0.9352745877693144,2.9885659175676116,0.013769699082992012,0.01311176644766559,0.5732639834437341,0.5732639834437341,0.9999999999999991,8.881784197001252e-16,0.0,12.460245709706248,0.7285349996183312,0.7310908989043974,1.799614887932023,1.8017050302462434,0.9485816673091868,0.9491315864975637,0.00016438471083810025,-0.5732660627048245,0.5734126803549405
87.2,0.9352419530815846,2.988536348274585,0.01377044942458643,0.013112179850766962,0.5732597232282585,0.5732597232282585,0.9999999999999991,8.881784197001252e-16,0.0,12.459995239401808,0.728505792605498,0.7310616356053677,1.7995908380917571,1.8016809721233855,0.9485753288852452,0.9491252483790349,0.00016196785560622373,-0.5732617784814705,0.5734067221072761
87.4,0.9352097983657486,2.9885071171603808,0.013771190053364362,0.01311258845443106,0.573255519575776,0.5732555195757761,0.9999999999999991,8.881784197001252e-16,0.0,12.459747939084025,0.7284770144300307,0.7310328016065447,1.7995671407389122,1.8016572662827632,0.9485690833192293,0.9491190030260749,0.00015958491692748267,-0.573257550466326,0.5734008343226809
87.60000000000001,0.9351781168833022,2.988478221355228,0.013771921054606902,0.013112992277560277,0.5732513706554652,0.5732513706554652,0.9999999999999991,8.881784197001252e-16,0.0,12.459503799102945,0.7284486590950613,0.7310043909131615,1.7995437909630432,1.8016339078245782,0.9485629293187865,0.9491128491497169,0.00015723544763651676,-0.5732533780009272,0.5733950163409264
87.80000000000001,0.9351469019846326,2.9884496579461204,0.013772642559861834,0.013113391383024461,0.5732472767747537,0.5732472767747537,0.9999999999999991,8.881784197001252e-16,0.0,12.459262763764826,0.7284207206823524,0.7309763976085821,1.7995207839175416,1.8016108919123224,0.9485568656083284,0.9491067854776074,0.0001549190059470934,-0.5732492604325862,0.5733892675038345
88.0,0.9351161471079574,2.9884214240586333,0.013773354660044866,0.01311378579660615,0.5732432364567843,0.5732432364567843,0.9999999999999991,8.881784197001252e-16,0.0,12.459024816550333,0.728393193350731,0.7309488158533969,1.79949811481837,1.801588213772059,0.9485508909286997,0.9491008107538156,0.00015263515542927875,-0.5732451971149823,0.5733835871556705
88.2,0.9350858457782477,2.9883935167892486,0.013774057478818224,0.01311417557542217,0.5732392497519977,0.5732392497519977,0.9999999999999991,8.881784197001252e-16,0.0,12.458789908169896,0.7283660713356933,0.7309216398845005,1.7994757789437654,1.8015658686916938,0.9485450040371004,0.9490949237386452,0.00015038346491974552,-0.5732411874076044,0.5733779746429867
88.4,0.9350559916061789,2.988365933245025,0.013774751130842108,0.013114560768978026,0.573235316352601,0.573235316352601,0.9999999999999991,8.881784197001252e-16,0.0,12.458557997510365,0.7283393489484365,0.7308948640141971,1.799453771633465,1.8015438520202653,0.9485392037068854,0.9490891232084484,0.0001481635084362859,-0.5732372306759399,0.5733724293145638
88.60000000000001,0.9350265782871131,2.9883386705621344,0.013775435702695966,0.01311494140136955,0.5732314347320804,0.5732314347320804,0.9999999999999991,8.881784197001252e-16,0.0,12.458329070334193,0.7283130205748625,0.7308684826293305,1.7994320882879118,1.8015221591672541,0.9485334887273549,0.9490834079554458,0.00014597486513144575,-0.5732333262915401,0.5733669505216087
88.80000000000001,0.9349975996000784,2.988311725867066,0.013776111295213436,0.013115317510752187,0.5732276040570821,0.5732276040570821,0.9999999999999991,8.881784197001252e-16,0.0,12.458103097757009,0.7282868574555965,0.7308424901904106,1.7994105405236616,1.8015007856018899,0.9485278094482492,0.9490777767875457,0.00014381711928578012,-0.573229473631922,0.5733615376181088
89.0,0.9349690494067306,2.9882850962604977,0.013776778041491744,0.01311568916612197,0.5732238249993058,0.5732238249993058,0.9999999999999991,8.881784197001252e-16,0.0,12.457880018613636,0.7282607836531829,0.7308168812307198,1.7993890658066591,1.8014797268524412,0.9485221493881505,0.9490722285281578,0.00014168986026316666,-0.5732256720804254,0.5733561899608777
89.2,0.9349409216503558,2.988258778899554,0.013777436019333565,0.013116056385663825,0.573220095783768,0.573220095783768,0.9999999999999991,8.881784197001252e-16,0.0,12.457659825292769,0.7282350948345147,0.7307916503554635,1.7993679076658422,1.8014589785055402,0.9485165727345436,0.949066762016017,0.00013959268241223177,-0.5732219210265468,0.5733509069095406
89.4,0.9349132103548695,2.988232770905524,0.013778085350912074,0.01311641922966851,0.5732164166851165,0.5732164166851165,0.9999999999999991,8.881784197001252e-16,0.0,12.45744246604981,0.7282097855779563,0.7307667922409067,1.7993470616579654,1.801438536205495,0.9485110783177829,0.949061376105005,0.00013752518498609534,-0.5732182198653681,0.5733456878263363
89.60000000000001,0.9348859096238551,2.988207069443289,0.013778726118231634,0.013116777721704234,0.5732127862143409,0.5732127862143409,0.9999999999999991,8.881784197001252e-16,0.0,12.457227927854856,0.7281848505331704,0.7307423016335505,1.799326523397768,1.801418395653638,0.9485056649834575,0.9490560696639784,0.0001354869721325036,-0.5732145679980666,0.5733405320765388
89.80000000000001,0.9348590136395751,2.988181671649613,0.013779358440666708,0.01311713192090031,0.5732092046170217,0.5732092046170217,0.9999999999999991,8.881784197001252e-16,0.0,12.45701616041214,0.7281602844206033,0.7307181733492819,1.7993062885575755,1.8013985526076428,0.948500331592287,0.9490508415765907,0.00013347765286786384,-0.5732109648314689,0.5733354390285543
90.0,0.9348325166620145,2.988156574703206,0.013779982400383813,0.013117481852407631,0.5732056705088624,0.5732056705088624,0.9999999999999991,8.881784197001252e-16,0.0,12.45680714923221,0.7281360820302578,0.7306944022725504,1.7992863528663077,1.801379002880872,0.9484950770198622,0.9490456907411232,0.00013149684101315673,-0.5732074097785104,0.5733304080540744
90.2,0.9348064130279155,2.9881317757634682,0.013780598108623232,0.013117827569180993,0.5732021838645581,0.5732021838645581,0.9999999999999991,8.881784197001252e-16,0.0,12.456600850707225,0.7281122382214046,0.7306709833555369,1.7992667121092623,1.8013597423417163,0.9484899001565894,0.9490406160703097,0.00012954415511104433,-0.5732039022576786,0.5733254385278814
90.4,0.934780697149837,2.9881072720028614,0.013781205671534218,0.013118169120120121,0.5731987444763337,0.5731987444763337,0.9999999999999991,8.881784197001252e-16,0.0,12.456397225587462,0.7280887479215425,0.7306479116173444,1.799247362127279,1.801340766912943,0.9484847999074707,0.9490356164911679,0.00012761921837714518,-0.5732004416932088,0.5733205298279082
90.60000000000001,0.9347553635152349,2.988083060626719,0.013781805169468867,0.013118506530760713,0.573195351020598,0.573195351020598,0.9999999999999991,8.881784197001252e-16,0.0,12.456196259259093,0.7280656061254217,0.7306251821432039,1.799228298815954,1.8013220725710686,0.9484797751918986,0.9490306909448349,0.00012572165866231444,-0.5731970275151932,0.5733156813354349
90.80000000000001,0.9347304066855422,2.9880591388411184,0.0137823966919581,0.013118839835870064,0.5731920026359761,0.5731920026359761,0.9999999999999991,8.881784197001252e-16,0.0,12.455997927471026,0.7280428078943251,0.7306027900836836,1.799209518125067,1.8013036553457222,0.9484748249435068,0.9490258383864021,0.00012385110842683122,-0.5731936591594637,0.5733108924352991
91.0,0.934705821295237,2.988035503833324,0.013782980359173877,0.013119169099442642,0.5731886998902338,0.5731886998902338,0.9999999999999991,8.881784197001252e-16,0.0,12.455802175334822,0.7280203483553449,0.7305807306538803,1.799191016058004,1.8012855113190027,0.9484699481100185,0.9490210577847435,0.00012200720469056348,-0.5731903360673789,0.573306162515864
91.2,0.9346816020509462,2.988012152843906,0.013783556245010537,0.013119494342994194,0.5731854413112178,0.5731854413112178,0.9999999999999991,8.881784197001252e-16,0.0,12.455608992667896,0.7279982227002726,0.7305589991326477,1.7991727886708615,1.8012676366248601,0.9484651436530116,0.9490163481223581,0.00012018958895419762,-0.5731870576861353,0.573301490969026
91.4,0.9346577437305447,2.9879890830895004,0.013784124460430862,0.013119815623238553,0.5731822271442369,0.5731822271442369,0.9999999999999991,8.881784197001252e-16,0.0,12.455418332367014,0.7279764261854731,0.7305375908618179,1.7991548320723596,1.8012500274484735,0.9484604105478972,0.9490117083952041,0.00011839790713093212,-0.5731838234682999,0.5732968771900365
91.60000000000001,0.9346342411822911,2.9879662918285494,0.01378468508337241,0.013120132966749439,0.5731790561922654,0.5731790561922654,0.9999999999999991,8.881784197001252e-16,0.0,12.45523017904997,0.7279549541305276,0.7305165012454522,1.799137142422741,1.8012326800256526,0.9484557477836307,0.9490071376125436,0.00011663180952388441,-0.5731806328721836,0.5732923205777886
91.80000000000001,0.9346110893239533,2.987943776324577,0.013785238198580943,0.013120446407080068,0.5731759276125804,0.5731759276125804,0.9999999999999991,8.881784197001252e-16,0.0,12.455044510039066,0.7279338019175426,0.7304957257490863,1.7991197159332193,1.8012155906422307,0.9484511543625668,0.9490026347967837,0.00011489095081555767,-0.5731774853616994,0.5732878205350459
92.0,0.934588283141926,2.987921533829746,0.01378578391562432,0.013120756001541809,0.5731728417279094,0.5731728417279094,0.9999999999999991,8.881784197001252e-16,0.0,12.454861277741516,0.7279129649905017,0.7304752598989633,1.7991025488654604,1.8011987556334528,0.9484466293003244,0.9489981989833162,0.00011317499000577935,-0.573174380406171,0.5732833764683843
92.2,0.9345658176903696,2.987899561622708,0.013786322328660491,0.013121061793699361,0.5731697982114016,0.5731697982114016,0.9999999999999991,8.881784197001252e-16,0.0,12.45468044905793,0.7278924388545016,0.7304550992812897,1.7990856375309685,1.801182171383377,0.9484421716256257,0.948993829220361,0.00011148359032267519,-0.573171317480394,0.5732789877879949
92.4,0.934543688090389,2.9878778570246847,0.0137868534995645,0.013121363797639493,0.5731667953265224,0.5731667953265224,0.9999999999999991,8.881784197001252e-16,0.0,12.454502021883721,0.7278722190749944,0.7304352395415218,1.7990689782904783,1.801165834324307,0.9484377803801368,0.9489895245688172,0.00010981641917112706,-0.5731682960647624,0.5732746539077843
92.60000000000001,0.934521889529186,2.9878564173225914,0.01378737754079914,0.013121662075193372,0.5731638336625188,0.5731638336625188,0.9999999999999991,8.881784197001252e-16,0.0,12.454325943990877,0.7278523012773075,0.7304156763836326,1.799052567553573,1.801149740936197,0.9484334546183683,0.9489852841021078,0.00010817314812443246,-0.5731653156448128,0.5732703742454998
92.80000000000001,0.9345004172592414,2.9878352398572057,0.01378789452110861,0.013121956648045753,0.5731609118844927,0.5731609118844927,0.9999999999999991,8.881784197001252e-16,0.0,12.454152205335486,0.7278326811451651,0.7303964055693974,1.7990364017774818,1.8011338877460845,0.948429193407359,0.9489811069060312,0.00010655345291241125,-0.573162375711818,0.5732661482230574
93.0,0.9344792665974739,2.9878143219491635,0.013788404545253048,0.013122247572027942,0.5731580303254462,0.5731580303254462,0.9999999999999991,8.881784197001252e-16,0.0,12.45398076003457,0.727813354420671,0.730377422917667,1.7990204774670793,1.8011182713275045,0.9484249958266766,0.9489769920786063,0.00010495701333100571,-0.5731594757621624,0.5732619752662405
93.2,0.9344584329244474,2.9877936609689786,0.013788907679164426,0.013122534867365705,0.5731551876130746,0.5731551876130746,0.9999999999999991,8.881784197001252e-16,0.0,12.453811599613784,0.7277943169032596,0.7303587243036778,1.7990047911740348,1.801102888299933,0.948420860968195,0.9489729387299297,0.00010338351317575045,-0.5731566152977496,0.5732578548047362
93.4,0.9344379116835655,2.9877732542723123,0.013789404019722193,0.013122818583692,0.5731523838138852,0.5731523838138852,0.9999999999999991,8.881784197001252e-16,0.0,12.453644684731533,0.727775564449326,0.7303403056583491,1.7989893394965208,1.801087735328228,0.9484167879360175,0.9489689459820265,0.00010183264021142169,-0.5731537938255217,0.5732537862721262
93.60000000000001,0.9344176983802774,2.987753099232153,0.013789893660502242,0.01312309876812496,0.5731496188897285,0.5731496188897285,0.9999999999999991,8.881784197001252e-16,0.0,12.453479978697422,0.7277570929712007,0.7303221629675952,1.7989741190783817,1.80107280912207,0.9484127758462589,0.9489650129687055,0.00010030408615004094,-0.573151010857702,0.5732497691060177
93.80000000000001,0.9343977885813051,2.987733193262257,0.013790376666882442,0.013123375442064511,0.5731468915760404,0.5731468915760404,0.9999999999999991,8.881784197001252e-16,0.0,12.453317471830536,0.7277388984364135,0.7303042922716494,1.7989591266085392,1.8010581064354243,0.9484088238268898,0.948961138835416,9.879754659483653e-05,-0.5731482659118886,0.5732458027480936
94.0,0.9343781779138729,2.987713533783801,0.013790853112086004,0.013123648634768401,0.5731442010059652,0.5731442010059653,0.9999999999999991,8.881784197001252e-16,0.0,12.453157146187117,0.7277209768671994,0.730286689664396,1.7989443588205973,1.801043624065999,0.948404931017633,0.9489573227391097,9.731272100119148e-05,-0.5731455585108549,0.5732418866441819
94.2,0.9343588620649238,2.9876941182008223,0.013791323103765548,0.013123918408113932,0.5731415479072776,0.5731415479072776,0.9999999999999991,8.881784197001252e-16,0.0,12.452998949571212,0.727703324339847,0.730269351292685,1.7989298124923192,1.8010293588546957,0.9484010965698263,0.948953563848093,9.584931264412788e-05,-0.573142888182316,0.5732380202442301
94.4,0.9343398367803722,2.987674943977052,0.013791786701754224,0.01312418477995917,0.5731389308966682,0.5731389308966682,0.9999999999999991,8.881784197001252e-16,0.0,12.45284287600496,0.7276859369836137,0.73025227335568,1.7989154844447421,1.8010153076850834,0.9483973196461903,0.9489498613418914,9.440702856025607e-05,-0.5731402544593319,0.5732342030023468
94.60000000000001,0.934321097864345,2.9876560085568555,0.013792244003150161,0.013124447803406781,0.5731363503116438,0.5731363503116438,0.9999999999999991,8.881784197001252e-16,0.0,12.452688882496464,0.7276688109807855,0.7302354521041985,1.7989013715422395,1.8010014674828692,0.9483935994208453,0.9489462144111084,9.298557947712283e-05,-0.5731376568797713,0.5732304343765457
94.80000000000001,0.9343026411784618,2.9876373094314332,0.013792695071476277,0.013124707500799224,0.5731338050198757,0.5731338050198757,0.9999999999999991,8.881784197001252e-16,0.0,12.452536958337571,0.7276519425654736,0.730218883840081,1.7988874706915405,1.800987835215386,0.9483899350790537,0.9489426222572955,9.158467979228369e-05,-0.5731350949866885,0.5732267138289698
95.0,0.9342844626411047,2.9876188441009996,0.013793139977470437,0.013124963901715322,0.5731312942572337,0.5731312942572337,0.9999999999999991,8.881784197001252e-16,0.0,12.452387085194767,0.7276353280230274,0.7302025649155557,1.7988737788412568,1.800974407891085,0.9483863258170954,0.9489390840928139,9.020404756727995e-05,-0.5731325683281661,0.5732230408260967
95.2,0.934266558226675,2.987600610057825,0.013793578817441898,0.013125217060063218,0.5731288184537227,0.5731288184537227,0.9999999999999991,8.881784197001252e-16,0.0,12.452239219170657,0.7276189636894718,0.7301864917325878,1.798860292981428,1.800961182559006,0.9483827708421496,0.9489355991406997,8.884340448167549e-05,-0.5731300764571384,0.5732194148386752
95.4,0.9342489239648768,2.987582604825042,0.013794011671785528,0.013125467015424346,0.5731263773635188,0.5731263773635188,0.9999999999999991,8.881784197001252e-16,0.0,12.452093331398824,0.7276025434508986,0.7301706607422501,1.7988467608469638,1.8009481563082754,0.9483792036554632,0.9489321666345304,8.750247574636216e-05,-0.573127618931452,0.5732158353414885
95.60000000000001,0.9342315559400292,2.9875648259725778,0.013794438588049199,0.013125713777273496,0.5731239693026479,0.573123969302648,0.9999999999999991,8.881784197001252e-16,0.0,12.451949424590525,0.7275863678033585,0.7301550684441279,1.7988334300840916,1.8009353262676207,0.9483756895389345,0.9489287858182976,8.61809900540439e-05,-0.5731251953139687,0.5732123018134015
95.80000000000001,0.9342144502903603,2.9875472710381805,0.01379485966588319,0.013125957404108594,0.5731215949748221,0.5731215949748221,0.9999999999999991,8.881784197001252e-16,0.0,12.451807449963374,0.7275704360912867,0.7301397113856966,1.7988203001614878,1.8009226896048722,0.9483722283530905,0.948925455946277,8.487867957943096e-05,-0.573122805172108,0.5732088137374601
96.0,0.9341976032073247,2.987529937617831,0.013795274960094953,0.01312619791313764,0.5731192531063157,0.5731192531063157,0.9999999999999991,8.881784197001252e-16,0.0,12.451667402039142,0.7275547447855006,0.730124586161725,1.7988073681793557,1.8009102435264766,0.9483688193340899,0.9489221762829005,8.359527997275906e-05,-0.5731204480784458,0.5732053706012031
96.2,0.9341810109348988,2.9875128232896606,0.013795684562451562,0.01312643535647057,0.5731169441280319,0.5731169441280319,0.9999999999999991,8.881784197001252e-16,0.0,12.451529238674443,0.7275392904054262,0.730109689413659,1.7987946312776613,1.800897985277004,0.9483654617285535,0.9489189461026274,8.233053027842385e-05,-0.5731181236100831,0.5732019718963265
96.4,0.9341646697689214,2.9874959256853058,0.013796088525190478,0.013126669749862404,0.5731146667309491,0.5731146667309491,0.9999999999999991,8.881784197001252e-16,0.0,12.451392955847828,0.7275240695181115,0.7300950178290424,1.7987820866353292,1.8008859121386769,0.948362154793353,0.9489157646898196,8.10841728707129e-05,-0.5731158313490523,0.5731986171186876
96.60000000000001,0.9341485760564212,2.987479242423723,0.013796486932200142,0.013126901139011594,0.5731124210708709,0.5731124210708709,0.9999999999999991,8.881784197001252e-16,0.0,12.451258518075191,0.727509078737963,0.7300805681409298,1.7987697314700348,1.8008740214308971,0.9483588977955566,0.9489126313386185,7.985595342992202e-05,-0.573113570881827,0.5731953057682662
96.80000000000001,0.934132726194955,2.987462771143804,0.013796879864109957,0.013127129567037633,0.5731102071965376,0.5731102071965376,0.9999999999999991,8.881784197001252e-16,0.0,12.451125892541414,0.7274943147257925,0.7300663371273037,1.7987575630374262,1.8008623105097723,0.9483556900122251,0.9489095453528207,7.864562092729788e-05,-0.5731113417995626,0.5731920373492753
97.0,0.9341171166319664,2.9874465095280613,0.013797267372954803,0.013127355050876203,0.5731080239088503,0.5731080239088503,0.9999999999999991,8.881784197001252e-16,0.0,12.45099507386748,0.727479774188233,0.7300523216105127,1.7987455786306519,1.800850776767665,0.9483525307302872,0.9489065060457591,7.745292757588285e-05,-0.5731091436981974,0.5731888113701853
97.2,0.9341017438641436,2.9874304552685333,0.013797649518870546,0.013127577615451583,0.5731058704130082,0.5731058704130082,0.9999999999999991,8.881784197001252e-16,0.0,12.45086604823395,0.7274654538773344,0.7300385184567098,1.7987337755800359,1.8008394176327334,0.9483494192464549,0.9489035127401845,7.62776287951683e-05,-0.5731069761782458,0.5731856273437693
97.4,0.9340866044367647,2.987414606041706,0.01379802639707826,0.01312779731880427,0.5731037475325218,0.5731037475325218,0.9999999999999991,8.881784197001252e-16,0.0,12.450738767023173,0.7274513505899709,0.7300249245752749,1.7987221512525966,1.8008282305684695,0.9483463548670966,0.9489005647681401,7.511948318590644e-05,-0.5731048388445548,0.57318248478705
97.60000000000001,0.9340716949430771,2.98739895958639,0.013798398054331305,0.01312801417426516,0.5731016539476069,0.5731016539476069,0.9999999999999991,8.881784197001252e-16,0.0,12.45061322849316,0.7274374611669036,0.7300115369182697,1.798710703051282,1.8008172130732536,0.9483433369080366,0.9488976614708498,7.39782524775967e-05,-0.5731027313067204,0.573179383221322
97.80000000000001,0.9340570120236651,2.9873835136233917,0.013798764575239979,0.013128228230848579,0.5730995900799476,0.5730995900799476,0.9999999999999991,8.881784197001252e-16,0.0,12.45048939340718,0.7274237824929759,0.7299983524798844,1.798699428415138,1.800806362679909,0.9483403646946001,0.9488948021985969,7.285370146337122e-05,-0.5731006531785338,0.573176322171868
98.0,0.934042552365855,2.9873682659223433,0.013799126010584632,0.013128439506482318,0.5730975548663058,0.5730975548663058,0.9999999999999991,8.881784197001252e-16,0.0,12.450367255098696,0.7274103114959324,0.7299853682959131,1.7986883248183434,1.800795676955273,0.9483374375613582,0.9488919863106144,7.174559798395208e-05,-0.573098604078369,0.5731733011681625
98.2,0.9340283127031084,2.9873532142633223,0.01379948241857355,0.013128648026428177,0.5730955476162133,0.5730955476162133,0.9999999999999991,8.881784197001252e-16,0.0,12.450246799140773,0.7273970451459464,0.7299725814432205,1.7986773897698252,1.8007851534997708,0.9483345548520282,0.9488892131749718,7.065371292985789e-05,-0.5730965836290156,0.5731703197440602
98.4,0.9340142898144025,2.987338356419707,0.013799833883271422,0.01312885384043803,0.5730935688405707,0.5730935688405707,0.9999999999999991,8.881784197001252e-16,0.0,12.450127985350216,0.7273839804551683,0.7299599890391967,1.7986666208128959,1.8007747899469675,0.9483317159193776,0.9488864821684582,6.957782019907655e-05,-0.5730945914575101,0.5731673774377115
98.60000000000001,0.934000480523632,2.9873236901971887,0.013800180472739919,0.013129056983763463,0.5730916183661807,0.5730916183661807,0.9999999999999991,8.881784197001252e-16,0.0,12.450010788714486,0.7273711144772063,0.7299475882412304,1.7986560155248292,1.8007645839631468,0.9483289201251133,0.9488837926764705,6.851769661717078e-05,-0.5730926271951934,0.5731644737913034
98.80000000000001,0.933986881699045,2.987309213449565,0.013800522222121267,0.013129257461396513,0.5730896945746156,0.5730896945746156,0.9999999999999991,8.881784197001252e-16,0.0,12.449895215911317,0.727358444306616,0.7299353762462141,1.7986455715164487,1.8007545332469044,0.9483261668397728,0.9488811440929088,6.747312189284149e-05,-0.5730906904778065,0.5731616083510872
99.0,0.9339734902526547,2.987294923999185,0.013800859219109472,0.013129455327662187,0.5730877982488984,0.5730877982488984,0.9999999999999991,8.881784197001252e-16,0.0,12.449781221792326,0.7273459670785746,0.7299233502900248,1.798635286431863,1.8007446355287309,0.9483234554426556,0.9488785358200638,6.644387862306256e-05,-0.5730887809450416,0.57315878066746
99.2,0.9339603031396756,2.987280819727777,0.01380119150640764,0.013129650595377962,0.5730859281844856,0.5730859281844856,0.9999999999999991,8.881784197001252e-16,0.0,12.449668804690532,0.7273336799675727,0.7299115076470261,1.798625157947396,1.8007348885706052,0.9483207853215413,0.9488759672685134,6.542975229495429e-05,-0.5730868982411337,0.5731559902952608
99.4,0.9339473173579333,2.9872668984999655,0.013801519163863941,0.013129843312334237,0.5730840848838243,0.5730840848838243,0.9999999999999991,8.881784197001252e-16,0.0,12.449557926187188,0.7273215801877181,0.72989984562955,1.79861518377184,1.800725290165575,0.9483181558727567,0.9488734378570106,6.44305312072907e-05,-0.5730850420142348,0.5731532367934191
99.60000000000001,0.9339345299473242,2.9872531582345996,0.013801842231873637,0.013130033489958476,0.573082267109183,0.573082267109183,0.9999999999999991,8.881784197001252e-16,0.0,12.449448585947808,0.72730966499184,0.7298883615874207,1.7986053616457274,1.8007158381373705,0.9483155665009837,0.9488709470123813,6.34460064123793e-05,-0.5730832119168173,0.5731505197249359
99.80000000000001,0.9339219379892546,2.9872395968384957,0.013802160782544188,0.013130221169580797,0.5730804750845852,0.5730804750845852,0.9999999999999991,8.881784197001252e-16,0.0,12.449340752205812,0.7272979316713282,0.7298770529074589,1.798595689341199,1.8007065303400023,0.948313016619226,0.9488684941694212,6.247597169840857e-05,-0.5730814076051844,0.5731478386568328
100.0,0.9339095386060963,2.98722621223891,0.01380247488482174,0.013130406389956363,0.5730787089266165,0.5730787089266165,0.9999999999999991,8.881784197001252e-16,0.0,12.449234395832342,0.7272863775552837,0.7298659170130012,1.7985861646613135,1.8006973646573685,0.9483105056486263,0.9488660787707908,6.152022357983067e-05,-0.5730796287397097,0.573145193160248
100.2,0.9338973289606526,2.987213002407056,0.013802784579226788,0.013130589163734198,0.573076967507535,0.573076967507535,0.9999999999999991,8.881784197001252e-16,0.0,12.449129515015779,0.7272750000100227,0.7298549513634306,1.7985767854396402,1.800688339002877,0.9483080330183604,0.9488637002669162,6.0578561253119e-05,-0.5730778749849446,0.5731425828104458
100.4,0.933885306255632,2.987199965323995,0.013803089914465707,0.013130769511542704,0.5730752501025599,0.5730752501025599,0.9999999999999991,8.881784197001252e-16,0.0,12.449026099494125,0.7272637964387811,0.729844153453711,1.7985675495400244,1.800679451319065,0.9483055981655746,0.9488613581158897,5.96507865672502e-05,-0.5730761460094072,0.5731400071868439
100.60000000000001,0.9338734677331014,2.9871870989556024,0.013803390974281867,0.013130947486987968,0.5730735575971869,0.5730735575971869,0.9999999999999991,8.881784197001252e-16,0.0,12.448924104345512,0.7272527642812148,0.7298335208139038,1.7985584548561762,1.8006706995772057,0.9483032005352784,0.948859051783367,5.8736704003858886e-05,-0.5730744414853398,0.5731374658729494
100.80000000000001,0.9338618106739747,2.9871744013300185,0.01380368779424659,0.013131123099170154,0.5730718887433515,0.5730718887433516,0.9999999999999991,8.881784197001252e-16,0.0,12.448823531267395,0.7272419010125583,0.7298230510087181,1.7985494993109858,1.8006620817769454,0.9483008395801638,0.9488567807424704,5.78361206300948e-05,-0.5730727610891321,0.5731349584563672
101.0,0.9338503323974904,2.987161870457655,0.01380398044764243,0.013131296392645007,0.5730702440219708,0.5730702440219708,0.9999999999999991,8.881784197001252e-16,0.0,12.448724344697615,0.7272312041439137,0.7298127416370467,1.7985406808567637,1.8006535959459218,0.9482985147606692,0.9488545444736898,5.6948846039170387e-05,-0.5730711045007608,0.5731324845285037
101.2,0.933839030260721,2.9871495043974514,0.013804268974293358,0.013131467381153965,0.5730686224417496,0.5730686224417496,0.9999999999999991,8.881784197001252e-16,0.0,12.448626541324952,0.7272206712211674,0.729802590331535,1.7985319974743532,1.8006452401394193,0.948296225544746,0.9488523424647914,5.607469233963325e-05,-0.5730694714041836,0.5731300436847583
101.4,0.9338279016580738,2.987137301218715,0.013804553421507383,0.013131636085741992,0.5730670233815606,0.5730670233815606,0.9999999999999991,8.881784197001252e-16,0.0,12.44853011009492,0.7272102998246116,0.7297925947581385,1.7985234471728226,1.800637012440004,0.9482939714077773,0.9488501742107219,5.521347416126421e-05,-0.5730678614871685,0.5731276355246957
101.60000000000001,0.9338169440207768,2.9871252589841437,0.0138048338622521,0.013131802551675096,0.5730654474072393,0.5730654474072393,0.9999999999999991,8.881784197001252e-16,0.0,12.448435014471587,0.7272000661633548,0.7297827526156676,1.798515010342201,1.8006289109571545,0.94829174718017,0.9488480392135125,5.436500862049387e-05,-0.5730662744411341,0.5731252596519548
101.80000000000001,0.9338061548163824,2.9871133757883657,0.013805110353697542,0.01313196680983543,0.5730638944053115,0.5730638944053115,0.9999999999999991,8.881784197001252e-16,0.0,12.448341232943983,0.7271898325913358,0.7297730616353505,1.798506573505986,1.8006209338269077,0.9482895229458707,0.9488459369821839,5.3529115244463354e-05,-0.573064709961207,0.5731229156739784
102.0,0.9337955315483089,2.987101649773396,0.013805382920598222,0.013132128861244282,0.5730623628356625,0.5730623628356626,0.9999999999999991,8.881784197001252e-16,0.0,12.448248775245197,0.7271797561664878,0.7297635195804256,1.79849826614884,1.800613079211527,0.9482873328415184,0.9488438670326612,5.270561593206935e-05,-0.5730631677463107,0.5731206032020282
102.2,0.9337850717553515,2.9870900790499606,0.013805651639745599,0.013132288755687923,0.5730608535302928,0.5730608535302928,0.9999999999999991,8.881784197001252e-16,0.0,12.448157599882947,0.7271698345645093,0.7297541242457097,1.7984900863580897,1.8006053452991486,0.9482851763631021,0.9488418288876792,5.189433496402551e-05,-0.5730616474987341,0.5731183218512587
102.4,0.933774773011219,2.9870786617871707,0.013805916543585458,0.01313244650197992,0.5730593653588791,0.5730593653588791,0.9999999999999991,8.881784197001252e-16,0.0,12.448067708254621,0.7271600654933463,0.7297448734571894,1.7984820322475255,1.800597730303451,0.9482830530135784,0.9488398220766966,5.109509900962095e-05,-0.5730601489247069,0.5731160712409971
102.60000000000001,0.9337646329240475,2.9870673961370224,0.01380617770123945,0.013132602143386901,0.5730578988712426,0.5730578988712426,0.9999999999999991,8.881784197001252e-16,0.0,12.447979065551328,0.7271504466936288,0.7297357650715864,1.7984741019577621,1.8005902324632999,0.9482809623029684,0.9488378461358024,5.030773705373692e-05,-0.5730586717337921,0.5731138509943888
102.80000000000001,0.9337546491359526,2.9870562803045253,0.013806435143109103,0.013132755687429255,0.5730564529060699,0.5730564529060699,0.9999999999999991,8.881784197001252e-16,0.0,12.447891674374691,0.7271409759378243,0.729726796975966,1.7984662936555473,1.8005828500424292,0.9482789037481749,0.9488359006076321,4.9532080344097396e-05,-0.5730572156392794,0.573111660738367
103.0,0.9337448193225724,2.987045312482533,0.013806688930830235,0.013132907171005273,0.5730550277367324,0.5730550277367324,0.9999999999999991,8.881784197001252e-16,0.0,12.44780550644421,0.7271316510301321,0.7297179670873286,1.7984586055336758,1.8005755813291104,0.9482768768729605,0.94883398504128,4.8767962377904706e-05,-0.5730557803577093,0.5731095001035952
103.2,0.9337351411926138,2.987034490883567,0.013806939123015475,0.013133056628495508,0.5730536235306448,0.5730536235306448,0.9999999999999991,8.881784197001252e-16,0.0,12.447720536044809,0.727122469805711,0.7297092733522098,1.7984510358103583,1.800568424635823,0.9482748812077805,0.9488320989922142,4.801521889803706e-05,-0.5730543656091063,0.5731073687245538
103.4,0.9337256124874203,2.987023813762831,0.01380718575047156,0.013133204068685865,0.5730522392346005,0.5730522392346005,0.9999999999999991,8.881784197001252e-16,0.0,12.447636764221697,0.7271134301303207,0.7297007137462951,1.7984435827289278,1.8005613782989422,0.9482729162897069,0.9488302420221933,4.7273687852886215e-05,-0.5730529711170902,0.5731052662395419
103.60000000000001,0.9337162309805346,2.987013279384691,0.013807428852127204,0.013133349508209977,0.5730508741904753,0.5730508741904753,0.9999999999999991,8.881784197001252e-16,0.0,12.447554183701374,0.7271045299000707,0.7296922862740358,1.798436244557637,1.800554440678428,0.9482709816623743,0.9488284136991848,4.6543209372529315e-05,-0.5730515966086697,0.5731031922906937
103.80000000000001,0.9337069944772506,2.9870028859981104,0.013807668501326323,0.013133492996023944,0.5730495293169152,0.5730495293169152,0.9999999999999991,8.881784197001252e-16,0.0,12.44747275324057,0.7270957670409536,0.7296839889682473,1.7984290195892751,1.8005476101574944,0.9482690768758798,0.9488266135972775,4.582362575306087e-05,-0.573050241814004,0.5731011465239091
104.0,0.9336979008141909,2.9869926319124733,0.013807904724293127,0.013133634537498485,0.5730482034426249,0.5730482034426249,0.9999999999999991,8.881784197001252e-16,0.0,12.447392477224852,0.7270871395081542,0.7296758198897382,1.798421906140604,1.8005408851423084,0.9482672014866339,0.948824841296605,4.511478141433489e-05,-0.5730489064668233,0.5730991285888561
104.2,0.9336889478588787,2.9869825154192386,0.013808137584218418,0.013133774172691699,0.573046897086265,0.573046897086265,0.9999999999999991,8.881784197001252e-16,0.0,12.447313323590745,0.7270786452864108,0.7296677771269283,1.7984149025526563,1.8005342640616775,0.9482653550574397,0.9488230963832606,4.44165228469795e-05,-0.5730475903038791,0.5730971381386722
104.4,0.9336801335093373,2.9869725348566374,0.013808367111697807,0.013133911911590601,0.5730456093290932,0.5730456093290932,0.9999999999999991,8.881784197001252e-16,0.0,12.447235291728044,0.7270702823889483,0.7296598587954943,1.7984080071898614,1.8005277453667643,0.9482635371572623,0.9488213784492224,4.372869860456985e-05,-0.5730462930653328,0.5730951748301455
104.60000000000001,0.9336714556936797,2.986962688572347,0.013808593344734763,0.01313404777134721,0.5730443396142091,0.5730443396142091,0.9999999999999991,8.881784197001252e-16,0.0,12.447158373425,0.7270620488572062,0.729652063038006,1.7984012184398208,1.8005213275307836,0.9482617473611707,0.9488196870922769,4.305115931467485e-05,-0.5730450144945892,0.5730932383238764
104.80000000000001,0.9336629123696844,2.9869529749069432,0.013808816346410567,0.013134181792723194,0.5730430885403061,0.5730430885403061,0.9999999999999991,8.881784197001252e-16,0.0,12.447082535631518,0.7270539427605468,0.7296443880235475,1.7983945347130745,1.8005150090486994,0.948259985250275,0.9488180219159343,4.2383757648895015e-05,-0.5730437543381469,0.5730913282841839
105.0,0.9336545015243882,2.9869433922314554,0.013809036164443332,0.013134314002439343,0.5730418560419863,0.5730418560419863,0.9999999999999991,8.881784197001252e-16,0.0,12.447007759951871,0.7270459621959291,0.7296368319473575,1.798387954442831,1.8005087884369262,0.9482582504116565,0.9488163825293552,4.17263482523772e-05,-0.5730425123456537,0.5730894443788351
105.2,0.9336462211737122,2.986933938962286,0.013809252815083857,0.013134444398180387,0.5730406406658324,0.5730406406658325,0.9999999999999991,8.881784197001252e-16,0.0,12.44693405835478,0.7270381052875633,0.7296293930304979,1.7983814760846875,1.8005026642330633,0.9482565424382935,0.9488147685472766,4.107878770893969e-05,-0.5730412882699943,0.5730875862790533
105.4,0.9336380693620613,2.9869246134846,0.013809466365342853,0.013134573025135364,0.5730394432674796,0.5730394432674796,0.9999999999999991,8.881784197001252e-16,0.0,12.446861392917157,0.7270303701866746,0.7296220695194968,1.7983750981164364,1.8004966349955984,0.9482548609290111,0.9488131795899365,4.0440934557267605e-05,-0.5730400818668753,0.5730857536595861
105.60000000000001,0.9336300441619456,2.9869154142415084,0.013809676837064471,0.013134699886702206,0.5730382626996245,0.5730382626996247,0.9999999999999991,8.881784197001252e-16,0.0,12.446789769445568,0.7270227550703876,0.729614859686012,1.7983688190371487,1.8004906993036385,0.9482532054882389,0.9488116152830008,3.98126492994616e-05,-0.5730388928954014,0.5730839461989866
105.80000000000001,0.9336221436735792,2.986906339658713,0.013809884287770403,0.01313482501973509,0.5730370994450826,0.5730370994450827,0.9999999999999991,8.881784197001252e-16,0.0,12.446719158591018,0.7270152581422185,0.7296077618264747,1.7983626373675827,1.800484855756613,0.9482515757261193,0.9488100752574886,3.919379433793557e-05,-0.5730377211174856,0.573082163579281
106.0,0.9336143660245017,2.9868973881860765,0.01381008876589975,0.013134948452876006,0.5730359536034396,0.5730359536034396,0.9999999999999991,8.881784197001252e-16,0.0,12.446649539543479,0.7270078776315477,0.7296007742617536,1.7983565516497497,1.800479102974004,0.9482499712583935,0.9488085591496976,3.8584233913535604e-05,-0.573036566297994,0.5730804054857508
106.2,0.9336067093692259,2.986888558315745,0.013810290291262704,0.013135070188358041,0.5730348240127542,0.5730348240127542,0.9999999999999991,8.881784197001252e-16,0.0,12.446580919103363,0.7270006117931183,0.7295938953368422,1.7983505604465044,1.8004734395950897,0.9482483917062929,0.948807066601139,3.798383409657491e-05,-0.5730354282048439,0.5730786716070345
106.4,0.9335991718888762,2.986879848541086,0.01381048889906763,0.01313519024298431,0.5730337102297148,0.5730337102297148,0.9999999999999991,8.881784197001252e-16,0.0,12.446513288701473,0.7269934589066567,0.7295871234205366,1.798344662341234,1.800467864278679,0.9482468366964582,0.9488055972584666,3.73924628136596e-05,-0.5730343066088934,0.5730769616353788
106.60000000000001,0.9335917517907988,2.9868712573395095,0.01381068465823387,0.01313530866517101,0.573032613352025,0.5730326133520252,0.9999999999999991,8.881784197001252e-16,0.0,12.446446606545743,0.7269864172765461,0.7295804569050872,1.7983388559375908,1.8004623757028297,0.9482453058608679,0.9488041507734041,3.680998982984185e-05,-0.573033201283761,0.5730752752665409
106.80000000000001,0.9335844473082134,2.9868627832562042,0.013810877581319641,0.013135425451103189,0.5730315319686385,0.5730315319686385,0.9999999999999991,8.881784197001252e-16,0.0,12.446380885528033,0.7269794852313481,0.7295738942058924,1.7983331398591,1.8004569725645956,0.948243798836736,0.9488027268026759,3.6236286678162366e-05,-0.5730321120061832,0.5730736121996445
107.0,0.9335772566998506,2.9868544248091466,0.013811067726489554,0.013135540639640354,0.5730304667421395,0.5730304667421395,0.9999999999999991,8.881784197001252e-16,0.0,12.446316093727589,0.7269726611242505,0.7295674337611737,1.7983275127495302,1.8004516535797659,0.94824231526661,0.9488013250079409,3.5671226606609485e-05,-0.5730310385553842,0.5730719721368598
107.2,0.9335701782496266,2.9868461805684965,0.013811255112118353,0.013135654232830751,0.5730294165713103,0.5730294165713103,0.9999999999999991,8.881784197001252e-16,0.0,12.44625223773098,0.7269659433318135,0.7295610740316874,1.798321973271863,1.8004464174826222,0.9482408547980979,0.9487999450557284,3.511468460147549e-05,-0.5730299807136231,0.5730703547837337
107.4,0.9335632102662809,2.9868380490825506,0.013811439796235538,0.013135766269854264,0.5730283821618583,0.5730283821618583,0.9999999999999991,8.881784197001252e-16,0.0,12.446189285120933,0.7269593302541026,0.7295548135004012,1.798316520108404,1.80044126302568,0.9482394170838995,0.9487985866173688,3.4566537392019536e-05,-0.5730289382657181,0.5730687598491697
107.60000000000001,0.9335563510830398,2.986830028946078,0.013811621802985691,0.013135876758569824,0.5730273627206725,0.5730273627206725,0.9999999999999991,8.881784197001252e-16,0.0,12.446127236229525,0.7269528203140305,0.7295486506721944,1.7983111519602413,1.8004361889794418,0.9482380017816618,0.9487972493689301,3.4026663409889024e-05,-0.5730279109994747,0.5730671870454354
107.80000000000001,0.9335495990572831,2.9868221187667237,0.013811801158612094,0.013135985709002594,0.5730263575726078,0.5730263575726078,0.9999999999999991,8.881784197001252e-16,0.0,12.446066089034858,0.7269464119574197,0.7295425840735639,1.7983058675472992,1.8004311941321558,0.9482366085539954,0.9487959329911527,3.349494274648701e-05,-0.573026898705388,0.5730656360880234
108.0,0.9335429525702027,2.9868143171407553,0.013811977917400306,0.013136093157489181,0.5730253673261583,0.5730253673261584,0.9999999999999991,8.881784197001252e-16,0.0,12.446005813858521,0.7269400144411838,0.7295366122523166,1.7983005920424873,1.8004262772895663,0.9482352176729021,0.9487946371693853,3.297125713994098e-05,-0.5730259011764337,0.5730641066955969
108.2,0.9335364100264698,2.9868066226879817,0.013812152124045664,0.013136199131649783,0.5730243921815018,0.5730243921815018,0.9999999999999991,8.881784197001252e-16,0.0,12.445946390090777,0.7269337021698278,0.7295307337772756,1.7982953868017677,1.8004214372746707,0.9482338453148604,0.9487933615935208,3.245548995468861e-05,-0.5730249182082341,0.5730625985899247
108.4,0.9335299698539311,2.9867990340772193,0.013812323786200864,0.013136303624832838,0.5730234306967931,0.5730234306967931,0.9999999999999991,8.881784197001252e-16,0.0,12.44588783296342,0.7269274885264709,0.7295249472380098,1.7982902628624764,1.800416672927502,0.948232494389943,0.9487921059579374,3.1947526147768635e-05,-0.57302394959925,0.5730611114959058
108.60000000000001,0.9335236305032807,2.9867915499468167,0.013812492959758952,0.01313640667548745,0.5730224836208221,0.5730224836208221,0.9999999999999991,8.881784197001252e-16,0.0,12.445830110353013,0.7269213720219988,0.7295192512445391,1.7982852189980298,1.8004119831048822,0.948231164574852,0.9487908699614365,3.144725226257583e-05,-0.5730229951502475,0.5730596451415108
108.80000000000001,0.9335173904477528,2.9867841689863095,0.013812659660993173,0.013136508285389223,0.573021549945035,0.573021549945035,0.9999999999999991,8.881784197001252e-16,0.0,12.445773228493975,0.7269153511883666,0.729513644427063,1.7982802539991687,1.8004073666802076,0.9482298555508545,0.9487896533071838,3.095455643950529e-05,-0.5730220546648429,0.5730581992580475
109.0,0.9335112481827925,2.9867768898687674,0.013812823939119265,0.013136608487170418,0.5730206301635349,0.5730206301635349,0.9999999999999991,8.881784197001252e-16,0.0,12.445717161199736,0.7269094245790515,0.7295081254356666,1.7982753666743339,1.8004028225432005,0.9482285670038811,0.9487884557026448,3.0469328375151705e-05,-0.573021127949005,0.5730567735799165
109.2,0.9335052022257465,2.9867697112894884,0.013812985834602413,0.013136707305512712,0.5730197243982775,0.5730197243982775,0.9999999999999991,8.881784197001252e-16,0.0,12.445661890548044,0.7269035907686086,0.7295026929400447,1.7982705558493033,1.8003983495996896,0.94822729862443,0.9487872768595279,2.9991459264494535e-05,-0.5730202148111858,0.573055367844394
109.4,0.9334992511155782,2.9867626319829474,0.01381314536085243,0.013136804740108395,0.5730188315766289,0.5730188315766289,0.9999999999999991,8.881784197001252e-16,0.0,12.445607424736181,0.7268978483522961,0.7294973456292486,1.7982658203668818,1.8003939467713987,0.9482260501074857,0.9487861164937269,2.9520841785438123e-05,-0.5730193150623935,0.573053981791675
109.60000000000001,0.933493393412575,2.9867556506835267,0.01381330254631478,0.013136900804832369,0.5730179513238317,0.5730179513238317,0.9999999999999991,8.881784197001252e-16,0.0,12.445553757007023,0.726892195945725,0.7294920822114246,1.7982611590866149,1.8003896129957364,0.9482248211524436,0.948784974325267,2.9057370126414628e-05,-0.5730184285160795,0.5730526151651034
109.80000000000001,0.9334876276980267,2.986748766109896,0.0138134574511125,0.013136995543228941,0.5730170847102586,0.5730170847102586,0.9999999999999991,8.881784197001252e-16,0.0,12.445500849428559,0.7268866321845401,0.7294869014135273,1.7982565708845268,1.800385347225557,0.9482236114630408,0.9487838500782424,2.8600939977779793e-05,-0.5730175549879942,0.5730512677111145
110.0,0.933481952573946,2.9867419770443373,0.013813610081677377,0.013137088949056611,0.5730162304143659,0.573016230414366,0.9999999999999991,8.881784197001252e-16,0.0,12.44544871617954,0.726881155724091,0.7294818019810702,1.7982520546528513,1.8003811484289594,0.9482224207472857,0.9487827434807615,2.8151448470112306e-05,-0.5730166942965357,0.5730499391791056
110.2,0.9334763666627698,2.9867352822419617,0.013813760488206352,0.013137181056983445,0.5730153891009302,0.5730153891009302,0.9999999999999991,8.881784197001252e-16,0.0,12.44539732849045,0.7268757652398644,0.72947678267786,1.7982476093003885,1.800377015589069,0.9482212487175515,0.9487816542648912,2.7708794123018632e-05,-0.5730158462621336,0.5730486293211123
110.4,0.9334708686070983,2.9867286805066064,0.013813908682993689,0.013137271866581899,0.5730145597522697,0.5730145597522697,0.9999999999999991,8.881784197001252e-16,0.0,12.445346694296695,0.7268704594262919,0.7294718422857638,1.7982432337515228,1.8003729477038477,0.9482200950903181,0.9487805821666057,2.727287686822566e-05,-0.5730150107077763,0.5730473378921159
110.60000000000001,0.9334654570693972,2.986722170620253,0.013814054716167461,0.013137361412811932,0.5730137430713237,0.5730137430713237,0.9999999999999991,8.881784197001252e-16,0.0,12.445296784371047,0.7268652369969445,0.7294669796044432,1.798238926946386,1.8003689437858723,0.9482189595862144,0.9487795269257296,2.6843598058920448e-05,-0.5730141874585611,0.5730460646500292
110.80000000000001,0.933460130731728,2.986715751408124,0.013814198605599804,0.0131374497007884,0.5730129383319555,0.5730129383319555,0.9999999999999991,8.881784197001252e-16,0.0,12.445247600686265,0.7268600966839709,0.7294621934511129,1.7982346878403936,1.8003650028621436,0.9482178419298968,0.9487784882858865,2.642086043297409e-05,-0.5730133763421076,0.5730448093557022
111.0,0.9334548882954742,2.9867094217066588,0.013814340371206657,0.013137536737697533,0.5730121449196254,0.5730121449196255,0.9999999999999991,8.881784197001252e-16,0.0,12.445199142966574,0.7268550372381961,0.729457482660298,1.7982305154043285,1.8003611239738806,0.9482167418500709,0.9487774659944447,2.6004568075055357e-05,-0.5730125771882719,0.5730435717727913
111.2,0.9334497284810636,2.986703180340356,0.013814480059703978,0.013137622555834864,0.5730113634434258,0.573011363443426,0.9999999999999991,8.881784197001252e-16,0.0,12.44515138454996,0.7268500574287478,0.729452846083586,1.798226408624033,1.800357306176323,0.9482156590794106,0.9487764598024653,2.559462640780441e-05,-0.5730117898289544,0.573042351667702
111.4,0.9334446500276987,2.9866970261550683,0.013814617708718556,0.013137707179204502,0.5730105941229907,0.5730105941229907,0.9999999999999991,8.881784197001252e-16,0.0,12.445104307400474,0.7268451560426871,0.7294482825893841,1.798222366500106,1.8003535485385285,0.9482145933544784,0.9487754694646505,2.5190942173236586e-05,-0.5730110140982574,0.57304114880953
111.60000000000001,0.9334396516931114,2.986690958042256,0.013814753320621605,0.013137790599164,0.5730098356129055,0.5730098356129055,0.9999999999999991,8.881784197001252e-16,0.0,12.445057927618894,0.7268403318848659,0.7294437910627032,1.7982183880477867,1.8003498501431963,0.9482135444156944,0.9487744947392953,2.4793423404848025e-05,-0.5730102498326699,0.573039962970081
111.80000000000001,0.9334347322532953,2.986684974863248,0.013814886943803248,0.01313787285005789,0.5730090886542416,0.5730090886542416,0.9999999999999991,8.881784197001252e-16,0.0,12.445012216181112,0.7268355837778829,0.7294393704049174,1.7982144722969187,1.800346210086474,0.9482125120073274,0.9487735353882365,2.440197942267519e-05,-0.5730094968705647,0.5730387939238155
112.0,0.9334298905022588,2.9866790755269985,0.013815018588990913,0.013137953931341862,0.573008352315384,0.573008352315384,0.9999999999999991,8.881784197001252e-16,0.0,12.444967180548998,0.7268309105611203,0.7294350195335423,1.7982106182911566,1.8003426274777707,0.9482114958772854,0.9487725911768049,2.401652084711714e-05,-0.5730087550527164,0.5730376414481013
112.2,0.9334251252517543,2.986673258925712,0.0138151482982929,0.013138033871831411,0.5730076270931316,0.5730076270931316,0.9999999999999991,8.881784197001252e-16,0.0,12.444922797344256,0.7268263110912201,0.7294307373819966,1.7982068250883605,1.8003391014395638,0.9482104957772199,0.9487716618737738,2.36369595618402e-05,-0.5730080242218334,0.573036505322981
112.4,0.9334204353310275,2.9866675239716423,0.013815276105533111,0.013138112692786613,0.5730069131295714,0.5730069131295714,0.9999999999999991,8.881784197001252e-16,0.0,12.444879051042701,0.7268217842417001,0.7294265228993752,1.7982030917602796,1.8003356311072134,0.9482095114624427,0.9487707472513096,2.32632086618334e-05,-0.5730073042226829,0.5730353853309634
112.60000000000001,0.9334158195865901,2.9866618696131693,0.013815402018883965,0.013138190391748178,0.5730062094319817,0.5730062094319817,0.9999999999999991,8.881784197001252e-16,0.0,12.444835950909951,0.7268173289026397,0.7294223750502473,1.7981994173922937,1.800332215628797,0.9482085426918572,0.9487698470849296,2.2895182440724193e-05,-0.5730065949021612,0.5730342812570656
112.80000000000001,0.9334112768819809,2.986656294797461,0.013815526060875306,0.013138266979768082,0.5730055156712295,0.5730055156712295,0.9999999999999991,8.881784197001252e-16,0.0,12.444793491970458,0.7268129439803822,0.7294182928144437,1.7981958010831693,1.8003288541649345,0.9482075892278948,0.9487689611534541,2.2532796419241774e-05,-0.573005896109192,0.5730331928890307
113.0,0.9334068060975051,2.9866507984556834,0.01381564828415385,0.013138342496074198,0.5730048328892645,0.5730048328892645,0.9999999999999991,8.881784197001252e-16,0.0,12.444751639651011,0.7268086283972715,0.7294142751868221,1.7981922419448437,1.800325545888596,0.9482066508364576,0.9487680892389575,2.2175967339263525e-05,-0.5730052076945896,0.5730321200172733
113.2,0.9334024061300055,2.9866453795783077,0.013815768690421592,0.013138416932632046,0.5730041598565846,0.5730041598565846,0.9999999999999991,8.881784197001252e-16,0.0,12.444710408841585,0.7268043810913825,0.729410321177065,1.7981887391022018,1.8003222899849354,0.94820572728686,0.9487672311267233,2.182461310941408e-05,-0.5730045295113932,0.5730310624347578
113.4,0.9333980758926218,2.9866400371270156,0.013815887325011636,0.013138490322150892,0.5730034973199932,0.5730034973199933,0.9999999999999991,8.881784197001252e-16,0.0,12.444669771672647,0.726800201016977,0.7294064298094628,1.7981852916934546,1.8003190856511135,0.9482048183519282,0.9487663866051987,2.1478652754619576e-05,-0.5730038614142671,0.5730300199366752
113.60000000000001,0.9333938143145796,2.9866347701085822,0.013816004197381514,0.013138562664097748,0.573002844431703,0.573002844431703,0.9999999999999991,8.881784197001252e-16,0.0,12.444629735039863,0.7267960871434216,0.7294026001227273,1.7981818988692464,1.800315932096145,0.9482039238077647,0.9487655554659531,2.113800644036601e-05,-0.5730032032600034,0.5730289923207182
113.80000000000001,0.9333896203409648,2.9866295775338396,0.01381611932510018,0.013138633965628558,0.5730022007260417,0.5730022007260417,0.9999999999999991,8.881784197001252e-16,0.0,12.444590297704153,0.7267920384551881,0.7293988311697864,1.798178559792657,1.8003128285407308,0.9482030434337498,0.9487647375036343,2.0802595496305365e-05,-0.5730025549073448,0.5730279793872475
114.0,0.9333854929324787,2.986624458399801,0.013816232752921624,0.01313870425933473,0.5730015669754841,0.5730015669754841,0.9999999999999991,8.881784197001252e-16,0.0,12.444551431702669,0.7267880390769653,0.7293951220175697,1.7981752613713595,1.8003097742170788,0.9482021737780223,0.9487639325159224,2.0472342384780795e-05,-0.5730019162168174,0.5730269809391412
114.2,0.9333814310652117,2.9866194117296714,0.01381634450965665,0.013138773563107041,0.5730009432517806,0.5730009432517806,0.9999999999999991,8.881784197001252e-16,0.0,12.4445131244237,0.7267840576865973,0.7293914717468029,1.7981719777732286,1.8003067683687406,0.9482013080297514,0.9487631403034851,2.0147170637127565e-05,-0.5730012870507911,0.5730259967814985
114.4,0.9333774337304517,2.9866144365893152,0.013816454590395306,0.013138841863589698,0.5730003281276428,0.5730003281276429,0.9999999999999991,8.881784197001252e-16,0.0,12.444475395931343,0.7267801394630238,0.7293878794518386,1.7981687462593516,1.8003038102504678,0.9482004560131605,0.9487623606699414,1.98270048342164e-05,-0.5730006672736061,0.5730250267216844
114.60000000000001,0.9333734999344574,2.9866095320052497,0.013816563044529408,0.013138909198089405,0.5729997226313243,0.5729997226313243,0.9999999999999991,8.881784197001252e-16,0.0,12.444438213130955,0.7267762834356138,0.7293843442404527,1.7981655660297686,1.8003008991280485,0.9481996175173698,0.9487615934218164,1.951177063909404e-05,-0.5730000567511595,0.573024070569423
114.80000000000001,0.9333696286982559,2.9866046970572175,0.01381666987613861,0.01313897556188042,0.5729991257724801,0.5729991257724801,0.9999999999999991,8.881784197001252e-16,0.0,12.444401586900002,0.7267724886475815,0.729380865233663,1.7981624362959177,1.8002980342781572,0.9481987923345035,0.9487608383685049,1.9201394812373707e-05,-0.5729994553514853,0.5730231281370614
115.0,0.9333658190574083,2.986599930800589,0.013816775127254356,0.013139040985679973,0.5729985382809318,0.5729985382809318,0.9999999999999991,8.881784197001252e-16,0.0,12.444365490916212,0.726768754156704,0.7293774415655208,1.7981593562812281,1.800295214988182,0.9481979802598464,0.9487600953222238,1.8895805153504308e-05,-0.5729988629441556,0.5730221992391967
115.2,0.9333620700618217,2.9865952323381273,0.013816878800619275,0.013139105463770598,0.5729979591367329,0.5729979591367329,0.9999999999999991,8.881784197001252e-16,0.0,12.444329936968618,0.7267650790346332,0.729374072382941,1.7981563252205532,1.8002924405560885,0.9481971810916936,0.9487593640979758,1.8594930460552606e-05,-0.5729982794006949,0.5730212836926436
115.4,0.9333583807755379,2.9865906007534666,0.01381698093108465,0.013139169020436759,0.5729973887771915,0.5729973887771915,0.9999999999999991,8.881784197001252e-16,0.0,12.444294905350617,0.7267614623669703,0.7293707568455167,1.7981533423602343,1.8002897102902657,0.9481963946313683,0.9487586445135107,1.8298700533714296e-05,-0.572997704594113,0.573020381316381
115.60000000000001,0.9333547502765335,2.986586035143473,0.01381708155071646,0.013139231677495571,0.5729968275296186,0.5729968275296186,0.9999999999999991,8.881784197001252e-16,0.0,12.444260378880186,0.7267579032527207,0.729367494125335,1.798150406957648,1.8002870235093758,0.9481956206831018,0.9487579363892837,1.8007046185944398e-05,-0.5729971383991521,0.5730194919316396
115.80000000000001,0.9333511776565263,2.9865815346415086,0.013817180663686266,0.013139293430929008,0.5729962744833446,0.5729962744833446,0.9999999999999991,8.881784197001252e-16,0.0,12.44422636737933,0.7267544008042762,0.7293642834068095,1.7981475182811948,1.8002843795422143,0.9481948590540312,0.9487572395484216,1.7719899217005786e-05,-0.5729965806924242,0.5730186153619028
116.0,0.9333476620207871,2.9865770983834024,0.013817278282733356,0.013139354284809253,0.5729957291276432,0.5729957291276432,0.9999999999999991,8.881784197001252e-16,0.0,12.444192872120723,0.726750954147299,0.729361123886508,1.798144675610204,1.800281777727574,0.9481941095541737,0.9487565538166829,1.743719240250574e-05,-0.572996031352208,0.5730177514329211
116.2,0.9333442024879259,2.9865727254826426,0.01381737445569546,0.013139414275986049,0.5729951925429512,0.5729951925429512,0.9999999999999991,8.881784197001252e-16,0.0,12.444159859975036,0.7267475624203784,0.7293580147729627,1.7981418782346503,1.8002792174140811,0.9481933719963521,0.9487558790224182,1.7158859491300804e-05,-0.5729954902582206,0.5730168999726404
116.4,0.9333407981897105,2.9865684151069916,0.013817469183055438,0.01313947339736135,0.5729946636970658,0.5729946636970658,0.9999999999999991,8.881784197001252e-16,0.0,12.444127343800952,0.7267442247747399,0.7293549552865072,1.798139125454914,1.8002766979600713,0.9481926461961321,0.9487552149965359,1.6884835179836744e-05,-0.572994957292068,0.5730160608112093
116.60000000000001,0.9333374482708687,2.9865641663994142,0.01381756250281794,0.0131395316768638,0.5729941432564917,0.5729941432564917,0.9999999999999991,8.881784197001252e-16,0.0,12.444095299700846,0.7267409403747372,0.7293519446591017,1.7981364165821883,1.8002742187334368,0.9481919319719291,0.9487545615724623,1.661505506966865e-05,-0.5729944323366907,0.573015233780676
116.80000000000001,0.933334151888924,2.9865599785430685,0.01381765442057267,0.01313958911237268,0.5729936304457347,0.5729936304457347,0.9999999999999991,8.881784197001252e-16,0.0,12.444063735200876,0.726737708396927,0.729348982134183,1.7981337509377158,1.80027177911151,0.9481912291448071,0.9487539185861107,1.634945567419166e-05,-0.5729939152767799,0.5730144187151732
117.0,0.9333309082140094,2.9865558507238212,0.013817744949673525,0.013139645709103111,0.5729931248526248,0.5729931248526249,0.9999999999999991,8.881784197001252e-16,0.0,12.44403265007306,0.7267345280300652,0.7293460669665001,1.7981311278527876,1.8002693784809256,0.9481905375384785,0.9487532858758452,1.6087974443398934e-05,-0.5729934059986156,0.5730136154510825
117.2,0.9333277164286734,2.986551782113802,0.013817834128776043,0.013139701495922885,0.5729926272154617,0.5729926272154617,0.9999999999999991,8.881784197001252e-16,0.0,12.444002019244484,0.7267313984750061,0.7293431984219388,1.798128546668658,1.8002670162374759,0.9481898569792822,0.9487526632824425,1.5830549746534417e-05,-0.5729929043899411,0.5730128238269434
117.4,0.9333245757276933,2.986547771908959,0.013817921981369956,0.013139756487695683,0.5729921376041429,0.5729921376041429,0.9999999999999991,8.881784197001252e-16,0.0,12.44397183226709,0.7267283189446224,0.7293403757773558,1.7981260067364813,1.8002646917859761,0.9481891872961656,0.9487520506490577,1.557712081545759e-05,-0.5729924103400289,0.573012043683184
117.60000000000001,0.9333214853179238,2.986543819343731,0.013818008499913634,0.013139810670515418,0.5729916547077016,0.5729916547077017,0.9999999999999991,8.881784197001252e-16,0.0,12.443942108777849,0.7267252886636545,0.7293375983204441,1.7981235074171864,1.8002624045401552,0.9481885283206534,0.9487514478211927,1.5327627722092063e-05,-0.5729919237397756,0.5730112748621305
117.80000000000001,0.933318444418115,2.986539923614756,0.013818093727745817,0.01313986407792374,0.5729911795136869,0.5729911795136869,0.9999999999999991,8.881784197001252e-16,0.0,12.443912818639264,0.726722306868527,0.729334865349567,1.7981210480813263,1.800260153922516,0.9481878798868063,0.9487508546466631,1.5082011407194229e-05,-0.5729914444813133,0.5730105172080812
118.0,0.9333154522587486,2.986536083969654,0.013818177663537894,0.013139916702005521,0.5729907110175348,0.5729907110175348,0.9999999999999991,8.881784197001252e-16,0.0,12.44388397508439,0.7267193728065773,0.7293321761736148,1.7981186281084436,1.800257939364221,0.9481872418310545,0.9487502709755636,1.4840213702002614e-05,-0.5729909724585857,0.5730097705675881
118.2,0.9333125080818511,2.9865322996322354,0.01381826034155994,0.013139968568069937,0.5729902498262526,0.5729902498262526,0.9999999999999991,8.881784197001252e-16,0.0,12.44385555648142,0.7267164857367617,0.7293295301118361,1.7981162468876508,1.8002557603049492,0.9481866139923509,0.9487496966602358,1.4602177277722728e-05,-0.5729905075667867,0.5730090347891306
118.4,0.9333096111408261,2.9865285698436916,0.01381834178730337,0.013140019693356996,0.5729897961643345,0.5729897961643347,0.9999999999999991,8.881784197001252e-16,0.0,12.443827549604958,0.7267136449292235,0.729326926493686,1.7981139038172766,1.800253616192778,0.9481859962120776,0.9487491315552318,1.436784559581683e-05,-0.5729900497025077,0.5730083097229026
118.60000000000001,0.9333067607003097,2.986524893880377,0.013818421998296344,0.013140070069185902,0.5729893490125975,0.5729893490125975,0.9999999999999991,8.881784197001252e-16,0.0,12.443799968333344,0.7267108496650234,0.7293243646587011,1.7981115983046427,1.8002515064840754,0.9481853883339866,0.9487485755172888,1.41371629117093e-05,-0.5729895987638547,0.5730075952209167
118.80000000000001,0.9333039560360153,2.986521271013256,0.013818500987581575,0.01314011970140888,0.572988908061917,0.572988908061917,0.9999999999999991,8.881784197001252e-16,0.0,12.443772811249524,0.7267080992359216,0.7293218439563551,1.7981093297658854,1.8002494306433836,0.9481847902041539,0.948748028405298,1.3910074313921994e-05,-0.5729891546503528,0.5730068911372598
119.0,0.9333011964345461,2.9865177004911714,0.013818578801582413,0.01314016862703476,0.5729884745149945,0.5729884745149945,0.9999999999999991,8.881784197001252e-16,0.0,12.443746044238619,0.726705392944215,0.729319363745895,1.7981070976258207,1.800247388143283,0.9481842016709429,0.9487474900802686,1.3686525717038212e-05,-0.5729887172627793,0.573006197328
119.2,0.93329848119325,2.9865141816231904,0.013818655431478808,0.01314021683176473,0.5729880471053536,0.5729880471053536,0.9999999999999991,8.881784197001252e-16,0.0,12.443719686890534,0.7267027301025941,0.7293169233962097,1.7981049013178272,1.8002453784642858,0.9481836225849741,0.9487469604052994,1.3466463805442141e-05,-0.572988286503533,0.5730055136510493
119.4,0.9332958096200544,2.9865107136851976,0.013818730913511079,0.013140264343316948,0.5729876266010464,0.5729876266010465,0.9999999999999991,8.881784197001252e-16,0.0,12.443693714726738,0.7267001100346122,0.7293145222856817,1.7981027402842327,1.8002434010947137,0.9481830527992271,0.9487464392455472,1.3249835990408743e-05,-0.5729878622760209,0.5730048399658519
119.60000000000001,0.9332931810333375,2.986507295997758,0.01381880524521939,0.013140311153493237,0.5729872120441368,0.5729872120441368,0.9999999999999991,8.881784197001252e-16,0.0,12.443668140839188,0.7266975320736089,0.7293121598020725,1.7981006139754283,1.8002414555306034,0.9481824921688067,0.9487459264682016,1.3036590446172114e-05,-0.5729874444852141,0.5730041761337151
119.80000000000001,0.9332905947617595,2.986503927853781,0.013818878463080074,0.013140357290415055,0.5729868042372737,0.5729868042372737,0.9999999999999991,8.881784197001252e-16,0.0,12.443642940217861,0.7266949955630528,0.7293098353423705,1.7980985218501497,1.8002395412755834,0.9481819405510171,0.9487454219424517,1.2826676125496372e-05,-0.5729870330371949,0.573003522017799
120.0,0.9332880501441331,2.9865006085888677,0.013818950566795862,0.013140402748077741,0.5729864023434663,0.5729864023434663,0.9999999999999991,8.881784197001252e-16,0.0,12.443618123545681,0.7266924886469819,0.7293075483126754,1.7980964541297506,1.8002376578407744,0.9481813953675965,0.9487449255394619,1.2620042733932357e-05,-0.5729866278396216,0.573002877483142
