t,source_integral,heat_loss_surface,reactant_supply_surface,reactant_inventory,heat_inventory,J_min,J_mean,J_max,phi_min,phi_mean,phi_max,theta_min,theta_mean,theta_max,u_min,u_mean,u_max,A_min,A_mean,A_max,D_over_D0_min,D_over_D0_mean,D_over_D0_max,M_over_M0_min,M_over_M0_mean,M_over_M0_max,geometric_skin_thickness,functional_skin_thickness,A_functional_skin_thickness,D_functional_skin_thickness,M_functional_skin_thickness,surface_q,surface_n,surface_h,mean_abs_internal_h
0.0,0.019985933497311596,1.967741935483871e-05,1.9699871650717105,0.026012500000000004,4.9999999999999996e-05,1.2950064174641447,1.2999999999999998,1.3049935825358554,0.11494309397945156,0.11538546883058842,0.11582954182862426,1.6129032258064516e-06,4.9999999999999996e-05,9.838709677419355e-05,0.015006417464144738,0.02,0.024993582535855263,0.9969863314216022,0.9990408383580583,1.0,0.9989944328798402,0.999680026331643,1.0,0.9994970899680228,0.9998399815031443,1.0,0.0,0.0,0.0,0.0,0.0,-0.0009405127121299428,-1.9699871650717105,1.967741935483871e-05,2e-05
0.2,0.14227938420223557,0.010889996235941184,0.5734060796375346,0.17400346829794824,0.017467041161897796,1.2960115485516297,1.3000908172626797,1.3034404858205006,0.11508005285379543,0.11537698035937793,0.11573970939351115,0.0044232545256115505,0.017467041161897796,0.05444998117970592,0.019830355397431918,0.13413443591597501,0.7132969601812327,0.9975941925563666,0.9993640002992548,1.0,0.999197420158992,0.9997878725473812,1.0,0.9995986295223102,0.9998939203207765,1.0,0.0,0.0,0.0,0.0,0.0,-2.3909345494524392e-05,-0.5734060796375346,0.010889996235941184,0.010341590221860625
0.4,0.2122998921208078,0.023495710627065285,0.46580885014652984,0.24001846860463713,0.0498018159165746,1.2954383976520478,1.3000200140242433,1.302687993000756,0.1151465284135101,0.11538326193050148,0.11579091701455779,0.009869470151449235,0.0498018159165746,0.11819698481244054,0.018260025187323548,0.1850199914764328,0.7670955749267351,0.9972476526696368,0.9993476306766832,1.0,0.9990817078031572,0.9997823905474541,1.0,0.9995407484350319,0.9998911761349395,1.0,0.0,0.0,0.0,0.0,0.0,0.0007130292939852012,-0.46580885014652984,0.023495710627065285,0.022536162243208462
0.6000000000000001,0.2700391098891796,0.03656951796079556,0.429901272544007,0.2806208697630308,0.09216855893567916,1.2941891030483843,1.2998114607175604,1.3029734582291908,0.11512130124573516,0.11540200929905423,0.11590269122702707,0.023430550390442954,0.09216855893567916,0.1851271438115756,0.022374586070520532,0.2164072345901487,0.7850493637279965,0.996491585952663,0.9991262230440261,1.0,0.9988291581783467,0.9997084778553316,1.0,0.9994144076128038,0.9998542060055272,1.0,0.0,0.0,0.0,0.0,0.0,0.0013613384104970983,-0.429901272544007,0.03656951796079556,0.03388840380193763
0.8,0.32189070617553034,0.05007928740392727,0.4185544423145062,0.3059351746874241,0.142774424246251,1.292482435984564,1.2994787739713,1.3038769302831947,0.11504153230736343,0.11543201440648018,0.11605573570965837,0.04929072810801213,0.142774424246251,0.2546732603932114,0.0322837036720934,0.2360919973865535,0.7907227788427469,0.9954571324755264,0.9987772344934566,1.0,0.9984834117181022,0.9995919330678994,1.0,0.9992414181070317,0.9997959066659698,1.0,0.0,0.0,0.0,0.0,0.0,0.0019601009640292516,-0.4185544423145062,0.05007928740392727,0.043329600169480044
1.0,0.3706292167086115,0.06411396753821266,0.4194077274392183,0.32029092492890987,0.20065301445489062,1.2904606599162765,1.299028513034221,1.304978056517752,0.11494446151858301,0.11547272794359377,0.11623756125175626,0.08744791129249957,0.20065301445489062,0.3277398527584755,0.04409761712413677,0.24738271541739912,0.7902961362803909,0.9942293063719074,0.9983399069736977,1.0,0.9980727230761853,0.9994458081273216,1.0,0.9990358967440692,0.9997228004808603,1.0,0.0,0.0,0.0,0.0,0.0,0.0025423529439018294,-0.4194077274392183,0.06411396753821266,0.05114213768356689
1.2000000000000002,0.4178886823153394,0.07883134597569692,0.4277786968866344,0.32603969094860213,0.2652378396800701,1.2882193597148281,1.2984609792129465,1.3060446138223536,0.11485059423889082,0.11552413430479909,0.11643979642815284,0.13644056376967437,0.2652378396800701,0.40433287668449985,0.0546476005759685,0.2520698070036678,0.7861106515566828,0.9928651415788264,0.9978435568830178,1.0,0.9976160345169587,0.9992798528168257,1.0,0.9988073059277713,0.9996397595247454,1.0,0.0,0.0,0.0,0.0,0.0,0.003137167204770558,-0.4277786968866344,0.07883134597569692,0.05746748167564042
1.4000000000000001,0.4646955553382363,0.09443039562278527,0.4416330663216894,0.3246392160592295,0.33618797551669977,1.28580028938972,1.2977713111496962,1.3069722581322072,0.11476907720624832,0.11558667361825552,0.1166588631514421,0.19462191333542755,0.33618797551669977,0.4854409498219906,0.06217411802674623,0.2512645400974637,0.7791834668391553,0.9913892010864468,0.9972994364494253,1.0,0.9971214547964621,0.9990977956370463,1.0,0.9985596900481173,0.9995486452382099,1.0,0.0,0.0,0.0,0.0,0.0,0.003766749564056482,-0.4416330663216894,0.09443039562278527,0.06284898836022298
1.6,0.5116431031540871,0.111126988838853,0.46010609202655806,0.31711111064003705,0.41328090993864147,1.2831953966067955,1.2969509661220626,1.3077267422497987,0.1147028619617747,0.11566113699785763,0.11689568120073603,0.2605104572033527,0.4132809099386415,0.5724262665652367,0.06597513218871125,0.24574790174616176,0.769946953986721,0.9897957200598991,0.9967098811208154,1.0,0.9965869364410053,0.9989003827025468,1.0,0.9982920094587819,0.9994498265920018,1.0,0.0,0.0,0.0,0.0,0.0,0.004445821134023281,-0.46010609202655806,0.111126988838853,0.06793280722479018
1.8,0.5589832804335035,0.12913786938596955,0.4829231851342859,0.3042864716102586,0.49633358697327384,1.280354700467409,1.2959891047977439,1.3083106170032581,0.11465167220272313,0.11574856065578543,0.11715503519863729,0.33282222210599033,0.49633358697327384,0.6663589290249239,0.06602448884831166,0.2361559170825816,0.758538407432857,0.9880530505818832,0.9960664044288075,1.0,0.996001716971467,0.9986847336340782,1.0,0.9979988559968238,0.9993418568913596,1.0,0.0,0.0,0.0,0.0,0.0,0.005182905813109581,-0.4829231851342859,0.12913786938596955,0.07320263306289534
2.0,0.6067076196081292,0.1486715084944578,0.5101234891257338,0.2869528315176378,0.5851435744921897,1.2772080430653727,1.294873664335514,1.3087452120181138,0.11461359982260926,0.11585014024906516,0.11744367005393372,0.4104190279728608,0.5851435744921897,0.7677246448516419,0.06271973132658676,0.2230904513551341,0.7449382554371331,0.9861166423079839,0.9953573110255145,1.0,0.9953506287961708,0.9984468731835854,1.0,0.9976726057452115,0.9992227388183897,1.0,0.0,0.0,0.0,0.0,0.0,0.00598196856113499,-0.5101234891257338,0.1486715084944578,0.07887902864668107
2.2,0.6546431901561032,0.16992257002996955,0.5419084620280112,0.2659440326548861,0.6794477315323676,1.2736665796857354,1.2935921333865874,1.3090606334314285,0.11458598339085821,0.11596716921692544,0.11777022526335817,0.4922562938941957,0.6794477315323676,0.8773047329942592,0.056727004672736996,0.20718744032258193,0.7290457689859944,0.983929646471944,0.9945645974021241,1.0,0.9946142584615542,0.9981806909897478,1.0,0.9973034932929727,0.9990894033964948,1.0,0.0,0.0,0.0,0.0,0.0,0.006843705185582374,-0.5419084620280112,0.16992257002996955,0.08529966653519151
2.4000000000000004,0.7025858504691448,0.19306749795837244,0.5785498063144094,0.24218234681396578,0.7789058085034899,1.269622574351872,1.292132113567069,1.3092901625238589,0.11456589554667687,0.11610099697264978,0.11814534731045823,0.5773609449578369,0.77890580850349,0.9957243028164255,0.048875118511963814,0.18914930640038302,0.7107250968427953,0.9814223805467134,0.9936790372415225,1.0,0.9937687079662864,0.9978829637286646,1.0,0.9968794846883084,0.9989402202492725,1.0,0.0,0.0,0.0,0.0,0.0,0.007766407043739765,-0.5785498063144094,0.19306749795837244,0.0927417019825181
2.6,0.7504592256047226,0.21826081543805,0.6203290257243652,0.21667739067769154,0.8831132403375181,1.2649436236141867,1.2904817329595573,1.309466887278279,0.11455043381186546,0.11625300255192467,0.11858235987736845,0.6648525602830986,0.8831132403375181,1.123424903906393,0.04006203024593139,0.16974469638259657,0.6898354871378174,0.9785081638415407,0.9926736956595492,1.0,0.9927841055404021,0.9975445172624449,1.0,0.9963855198836566,0.998770577473619,1.0,0.0,0.0,0.0,0.0,0.0,0.008746628083997732,-0.6203290257243652,0.21826081543805,0.10140992187015038
2.8000000000000003,0.7984920287402947,0.24563282511375026,0.6674968006616633,0.19047979160974665,0.9916496856501592,1.2595059349749755,1.288629925017661,1.3096216149942532,0.11453690003479228,0.11642458283806613,0.11909431772783212,0.7540049049765829,0.9916496856501592,1.261457732748206,0.031158380704056837,0.14977364891902212,0.6662515996691684,0.9751033514676231,0.9915446138474936,1.0,0.9916312699172902,0.9971637781914459,1.0,0.995806842795759,0.9985796561027604,1.0,0.0,0.0,0.0,0.0,0.0,0.009779894170693693,-0.6674968006616633,0.24563282511375026,0.11175426322322274
3.0,0.8473176356724679,0.2752900971134257,0.7202479001407327,0.16459967083118912,1.104156513282023,1.2531724042838976,1.2865665421669228,1.3097815662820627,0.1145229127218434,0.11661715784066932,0.1196962201587217,0.8443328200876259,1.104156513282023,1.4105826456638466,0.02290871591871901,0.13000565507480635,0.6398760499296337,0.9711129900858452,0.9902759615032936,1.0,0.9902767521700803,0.9967351465311672,1.0,0.9951264993932891,0.9983646149184712,1.0,0.0,0.0,0.0,0.0,0.0,0.01086167843424965,-0.7202479001407327,0.2752900971134257,0.12407894370574071
3.2,0.8979517675494079,0.30731832616622623,0.7787056389296079,0.13991253191183403,1.2204225853183084,1.2458013582411858,1.284282249792201,1.3099695678689258,0.1145064768519942,0.11683219811845881,0.12040442804763755,0.935671237069729,1.2204225853183084,1.570245685572635,0.015848149395214745,0.11110781323156871,0.6106471805351961,0.9664353041080286,0.9888485135102733,1.0,0.9886841907753504,0.9962518062500261,1.0,0.9943259966206239,0.9981219937079788,1.0,0.0,0.0,0.0,0.0,0.0,0.011988580019991854,-0.7787056389296079,0.30731832616622623,0.13810055733717805
3.4000000000000004,0.9515964985492318,0.3417836553919275,0.8429003976291902,0.11708310460613343,1.3404482380486376,1.2372483663433849,1.2817681875971803,1.3102039020781555,0.11448599699793313,0.11707127635570097,0.12123677353748805,1.0282144153801944,1.3404482380486376,1.740369811500417,0.010256739711702123,0.09358657799412594,0.5785498011854049,0.9609617128711171,0.9872584689949054,1.0,0.98681411707853,0.9957119817166393,1.0,0.9933851784189786,0.9978508392231396,1.0,0.0,0.0,0.0,0.0,0.0,0.013159405636913202,-0.8429003976291902,0.3417836553919275,0.15367876566994043
3.6,1.009314809620655,0.37872478318175307,0.9127169821894374,0.09653681016687263,1.4644551597025557,1.2273675763244563,1.27901546490319,1.3104986013643147,0.11446025187958246,0.11733613853473233,0.1222127770795432,1.122492833896814,1.4644551597025557,1.9207005129157553,0.006165684323691126,0.07776616547766846,0.5436415089052813,0.9545763454712661,0.9854939966640169,1.0,0.9846235345798073,0.99511109768757,1.0,0.9922819803979255,0.9975487821735967,1.0,0.0,0.0,0.0,0.0,0.0,0.014375649627403092,-0.9127169821894374,0.37872478318175307,0.17055875037869248
3.8000000000000003,1.071701059431705,0.4181284268609566,0.9877898445159228,0.07848253457998307,1.5928326053410276,1.216014061274274,1.2760146535636787,1.31086408525945,0.11442833905264219,0.11762878037200268,0.12335383674989202,1.2192910825231678,1.5928326053410278,2.11567056171554,0.0034111987972685735,0.06380673447299993,0.5061050777420386,0.9471559970763745,0.9835429505273773,1.0,0.9820655799839485,0.994444323853251,1.0,0.9909922158468851,0.9972133056849682,1.0,0.0,0.0,0.0,0.0,0.0,0.01564104173665204,-0.9877898445159228,0.4181284268609566,0.1904243006979801
4.0,1.1386665410019736,0.4598876976036286,1.067355388607823,0.06296607933499548,1.7260338081577913,1.2030492773492507,1.2727554563749008,1.311307863115728,0.11438961377352917,0.11795151118988849,0.1246831720230977,1.3195303915708796,1.7260338081577915,2.321819850372417,0.001716315690393536,0.05174649123052192,0.46632230569608846,0.9385719732705304,0.9813909656099995,1.0,0.9790897573081245,0.9937059081150621,1.0,0.9894896392889879,0.9968414073881555,1.0,0.0,0.0,0.0,0.0,0.0,0.0169602985162714,-1.067355388607823,0.4598876976036286,0.21176530303886779
4.2,1.2093883495843378,0.5037554053723166,1.1501182187257797,0.04992059064930542,1.864455123890716,1.1883499573241691,1.2692266533731082,1.3118349313307118,0.11434365438633468,0.11830699253539236,0.12622544316638673,1.4241478910785335,1.864455123890716,2.5369883089927945,0.0007732647855867683,0.04154131966821056,0.4249408906371101,0.9286942859635758,0.9790222820508787,1.0,0.9756429196770896,0.9928894158672807,1.0,0.9877463766880947,0.9964297138698242,1.0,0.0,0.0,0.0,0.0,0.0,0.018337725733049162,-1.1501182187257797,0.5037554053723166,0.23375068467606436
4.4,1.2823860259063988,0.5493135951904454,1.2342183880072677,0.03919532482408195,2.0083267868572476,1.171816298977952,1.2654162814298349,1.3124475047068254,0.11429028548727137,0.11869825513615852,0.1280064120381571,1.5339948195418398,2.008326786857248,2.75897315985256,0.0003059577854404806,0.033086873137531614,0.38289080599636616,0.9173957656524626,0.9764257258110214,1.0,0.9716701765433284,0.9919896844361729,1.0,0.985733308855618,0.9959754519579631,1.0,0.0,0.0,0.0,0.0,0.0,0.019776380792617232,-1.2342183880072677,0.5493135951904454,0.2557259283369511
4.6000000000000005,1.3556837539398907,0.595979139380184,1.3173650689283631,0.030569713000640045,2.157630614255652,1.153370856544026,1.2613118940894261,1.3131438646541163,0.11422967737012592,0.11912871761091154,0.13005357223041145,1.6497606349640144,2.157630614255652,2.984911125277152,0.00010389403809029202,0.026228109184700903,0.34131746553581843,0.9045502743679771,0.9735855451554438,1.0,0.9671136635179507,0.9909997173353068,1.0,0.9834193591868304,0.9954748879848057,1.0,0.0967741935483871,0.0,0.0,0.0,0.0,0.021278126175076975,-1.3173650689283631,0.595979139380184,0.2769676231958032
4.800000000000001,1.4270562110937084,0.6430521378679133,1.3971305133225016,0.02377043152546206,2.3120529080129386,1.132938657499813,1.2569007211366394,1.3139165561929325,0.11416250087800427,0.11960224935752951,0.13239904826888188,1.7719197518415204,2.312052908012939,3.215260689339566,2.953630917835155e-05,0.020770228932968666,0.30143474333874914,0.8900175234715164,0.9704853722247087,1.0,0.9619063317452399,0.9899119210290387,1.0,0.9807682166319378,0.9949239335098539,1.0,0.12903225806451613,0.0,0.0,0.0,0.0,0.022844557616423136,-1.3971305133225016,0.6430521378679133,0.29829046041626284
5.0,1.4943516393339316,0.6897960521067725,1.4713149299951536,0.018498849796999454,2.470981637615793,1.1104016152854483,1.2521695572472307,1.3147507270283754,0.11409006811430548,0.12012334195686673,0.13508625882306544,1.9006967284219263,2.470981637615793,3.4489802605338626,6.875689766903353e-06,0.016497572570176713,0.2643425350024232,0.8736070646596809,0.9671078554325289,1.0,0.9559575749314376,0.9887178252430132,1.0,0.9777308041249234,0.9943179822108494,1.0,0.16129032258064516,0.0,0.0,0.0,0.0,0.024478823518101808,-1.4713149299951536,0.6897960521067725,0.31997859663646694
5.2,1.5558078188168936,0.7355247180347774,1.5382486438146326,0.014461444512507414,2.6335525139615603,1.085521310714447,1.247104167909182,1.3156237473667893,0.11401436033685454,0.12069749531532317,0.13818245530460932,2.0360487162659577,2.6335525139615603,3.6776235901738867,1.2933924676918507e-06,0.013195639810488524,0.23087567809268378,0.8550124206316828,0.9634331723092748,1.0,0.9491263141780867,0.9874072789239483,1.0,0.9742311059332152,0.9936514626932497,1.0,0.1935483870967742,0.0,0.0,0.0,0.0,0.026188733825733584,-1.5382486438146326,0.7355247180347774,0.33925880727430535
5.4,1.610231187365784,0.7796678059613253,1.59692105598995,0.011393188622981562,2.798730807492083,1.0578135527557573,1.2416878646422003,1.3165069922233976,0.11393786807517886,0.12133202526705089,0.1418019268227641,2.1776661592606037,2.798730807492083,3.8983390298066265,1.971695731994857e-07,0.010669040927298526,0.20153947200502495,0.8336945197885345,0.9594355242881435,1.0,0.9411715896226913,0.9859666582180869,1.0,0.9701399385920814,0.992916851119165,1.0,0.1935483870967742,0.0,0.0,0.0,0.0,0.027992221554666047,-1.59692105598995,0.7796678059613253,0.35560572657951134
5.6000000000000005,1.656958223862873,0.8217934268622159,1.6468907796984975,0.009070289887129851,2.965398884204916,1.0263154737364537,1.2358985378970286,1.3173699087082855,0.11386323538168469,0.12203778629533325,0.1461538911168344,2.324992670103432,2.965398884204916,4.108967134311079,2.4778476548397176e-08,0.008752810336741626,0.17655461015075127,0.8086507080444834,0.9550758644133386,1.0,0.9316513499053275,0.9843750908363557,1.0,0.9652208187425744,0.9921025840451156,1.0,0.22580645161290322,0.0,0.0,0.0,0.0,0.029928147900815966,-1.6468907796984975,0.8217934268622159,0.3686880559362472
5.800000000000001,1.695561888067675,0.861573394487293,1.687959137918992,0.007314347695377229,3.1324123629084286,0.9890397311126256,1.2297022433277167,1.3181857711973084,0.11379276220206426,0.12283328734803634,0.15166225914024373,2.4772631281320896,3.1324123629084286,4.307866972436464,2.617434627856418e-09,0.007319461532100327,0.156020431040504,0.7778542090063503,0.9502859150131155,1.0,0.9196707929968813,0.9825957715076329,1.0,0.9589945906185838,0.9911882154478254,1.0,0.22580645161290322,0.0,0.0,0.0,0.0,0.032083118120876566,-1.687959137918992,0.861573394487293,0.37832479448957085
6.0,1.7250606883632997,0.8986499673680198,1.7193812959022725,0.005992899344751669,3.2985725696150032,0.9412555074742792,1.2230365175768956,1.3189382912960406,0.11372783775395899,0.12375710672955564,0.1593616173386363,2.6335539880960637,3.2985725696150032,4.493249836840099,2.4010102575522515e-10,0.006290531911779912,0.14030935204886374,0.7364510889292207,0.9449241968370308,1.0,0.9030548257568691,0.9805506590473733,1.0,0.9502918386695886,0.9901301529619188,1.0,0.25806451612903225,0.0,0.0,0.0,0.0,0.03468400157245159,-1.7193812959022725,0.8986499673680198,0.3843371420737674
6.2,1.74016968431711,0.9320717350371853,1.736323186179558,0.005033012409991132,3.462304497313904,0.8666287151480686,1.2157448346273483,1.3196287493501737,0.11366833291095292,0.1249283551024033,0.1730845024842866,2.792831885782575,3.4623044973139043,4.660358675185926,1.9905570894940936e-11,0.005705637471018756,0.13183840691022092,0.6672084285091117,0.9385817605653275,1.0,0.8738151268596898,0.978000364274397,1.0,0.9347805632658699,0.9887930133282652,1.0,0.25806451612903225,0.0,0.0,0.0,0.0,0.0386643483028601,-1.736323186179558,0.9320717350371853,0.3859555364766926
6.4,1.0030965282363515,0.8886481317315638,1.0458644291532728,0.006418471011596819,3.597179259846044,0.153,1.2868672151835252,1.8183648082341761,0.08249169766195916,0.14222745216548197,0.9803921568627451,2.953969583135751,3.597179259846044,4.564652150352884,1.6176209305429634e-12,0.017854597020466594,0.4770677854233636,0.00010000011857921843,0.9512898326371557,1.0,0.0005912552900622074,0.9621811297790767,1.0,0.022263171355498768,0.9656581179554236,1.0,0.03225806451612903,0.03225806451612903,0.03225806451612903,0.03225806451612903,0.03225806451612903,1.8214878608117948,-1.0458644291532728,0.8886481317315638,0.357966105508521
6.6000000000000005,0.7523777445322051,0.7970372711451036,0.7647972736219815,0.010742957226647422,3.6030182248737543,0.153,1.6069845730817252,2.845348347416665,0.05271762247887408,0.125739157530237,0.9803921568627451,3.1151123587106047,3.6030182248737543,4.138123677402249,1e-12,0.023014784053984504,0.6176013631890093,0.00010000011857921843,0.9677451612941477,1.0,0.0005912552900622074,0.9677610082351633,1.0,0.022263171355498768,0.9684601023017902,1.0,0.03225806451612903,0.03225806451612903,0.03225806451612903,0.03225806451612903,0.03225806451612903,1.2444231365083642,-0.7647972736219815,0.7970372711451036,0.24302938567613103
6.800000000000001,0.5727685082635254,0.7377489535547266,0.57714960387413,0.012371907309235484,3.5817546826747995,0.153,1.806829480717589,3.1095105201245516,0.04823910355961482,0.11668349542874087,0.9803921568627451,3.261136701625456,3.5817546826747995,3.8754471116639824,1.610535839145301e-12,0.026284052327256145,0.711425198062935,0.00010000011857921843,0.9677451612941477,1.0,0.0005912552900622074,0.9677610082351633,1.0,0.022263171355498768,0.9684601023017902,1.0,0.03225806451612903,0.03225806451612903,0.03225806451612903,0.03225806451612903,0.03225806451612903,0.9407844723752887,-0.57714960387413,0.7377489535547266,0.1655426358119677
7.0,0.40947362945760024,0.6853248646083426,0.4065179452833958,0.012531800412122915,3.5376304618914824,0.153,1.9359766246904113,3.1183054962018386,0.0481030483327253,0.11041596139902209,0.9803921568627451,3.370634780385469,3.5376304618914824,3.6800984430233408,2.2723310624037765e-12,0.028954949660079544,0.7967410273583021,0.00010000011857921843,0.9677451612941477,1.0,0.0005912552900622074,0.9677610082351633,1.0,0.022263171355498768,0.9684601023017902,1.0,0.03225806451612903,0.03225806451612903,0.03225806451612903,0.03225806451612903,0.03225806451612903,0.7008624310194678,-0.4065179452833958,0.6853248646083426,0.11634047507469661
7.2,0.2449830636680041,0.6345222881008082,0.23233458827802078,0.011034373066704874,3.471225845791499,0.153,2.0110401082263696,2.9894488382084283,0.05017647336286067,0.1060832855286819,0.9803921568627451,3.172611440504041,3.471225845791499,3.5510896735579838,3.378544255994316e-12,0.03114333282100406,0.8838327058609896,0.00010000011857921843,0.9677451612941477,1.0,0.0005912552900622074,0.9677610082351633,1.0,0.022263171355498768,0.9684601023017902,1.0,0.03225806451612903,0.03225806451612903,0.03225806451612903,0.03225806451612903,0.03225806451612903,0.4848312841445819,-0.23233458827802078,0.6345222881008082,0.10113493105254096
7.4,0.06454155360381846,0.582074845522512,0.036142795780874204,0.007077755056811323,3.380873644651246,0.153,2.039158088811785,2.7936004880399756,0.05369414869527097,0.10351945120483201,0.9803921568627451,2.91037422761256,3.380873644651246,3.4864247898453447,5.033627409485081e-12,0.032605569708158,0.9819286021095629,0.00010000011857921843,0.9677451612941477,1.0,0.0005912552900622074,0.9677610082351633,1.0,0.022263171355498768,0.9684601023017902,1.0,0.03225806451612903,0.03225806451612903,0.03225806451612903,0.03225806451612903,0.03225806451612903,0.2724669397071324,-0.036142795780874204,0.582074845522512,0.12172201992460496
7.6000000000000005,0.005908316177043585,0.5344607269569642,0.005737052504518392,0.005161152197313975,3.273054282903748,0.153,2.0251346390478013,2.543817823992932,0.058966486744931615,0.10272391354694854,0.9803921568627451,2.672303634784821,3.273054282903748,3.4743277116013727,4.6098110618037485e-12,0.03227893012196442,0.9971314737477408,0.00010000011857921843,0.9677451612941477,1.0,0.0005912552900622074,0.9677610082351633,1.0,0.022263171355498768,0.9684601023017902,1.0,0.03225806451612903,0.03225806451612903,0.03225806451612903,0.03225806451612903,0.03225806451612903,0.0902545248375308,-0.005737052504518392,0.5344607269569642,0.16575164254208735
7.800000000000001,0.005479086418356947,0.5022423196206017,0.005529143359785049,0.005166351469873521,3.170677173835106,0.153,1.9855908835222624,2.32174428126559,0.0646065982418333,0.1033677000907455,0.9803921568627451,2.5112115981030083,3.170677173835106,3.4455190317431854,1.4928883451410508e-12,0.03229864902293428,0.9972354283201075,0.00010000011857921843,0.9677451612941477,1.0,0.0005912552900622074,0.9677610082351633,1.0,0.022263171355498768,0.9684601023017902,1.0,0.03225806451612903,0.03225806451612903,0.03225806451612903,0.03225806451612903,0.03225806451612903,-0.023065851672315424,-0.005529143359785049,0.5022423196206017,0.19309020295230328
8.0,0.00535466450804029,0.4777452108007011,0.005367772368147783,0.005172482924608118,3.07385601943527,0.153,1.9316161873407507,2.156662997007729,0.06955189577978484,0.10513471859414346,0.9803921568627451,2.3887260540035054,3.07385601943527,3.3926716002879,3.6027043688921764e-12,0.03231988884561,0.9973161138159261,0.00010000011857921843,0.9677451612941477,1.0,0.0005912552900622074,0.9677610082351633,1.0,0.022263171355498768,0.9684601023017902,1.0,0.03225806451612903,0.03225806451612903,0.03225806451612903,0.03225806451612903,0.03225806451612903,-0.10505649951347082,-0.005367772368147783,0.4777452108007011,0.2074820795654415
8.200000000000001,0.005196836878437163,0.457739507122187,0.005221234965686827,0.0051760768218552045,2.9814214401205223,0.153,1.8680271189731226,2.0447090071997676,0.07336007200624858,0.1078524184258888,0.9803921568627451,2.2886975356109347,2.981421440120523,3.323902140702258,1.0112470524942302e-11,0.032341962188660534,0.9973893825171566,0.00010000011857921843,0.9654925208249133,1.0,0.0005912552900622074,0.9669919363712086,1.0,0.022263171355498768,0.9680732464473124,1.0,0.03225806451612903,0.03225806451612903,0.03225806451612903,0.03225806451612903,0.03225806451612903,-0.16987230972231573,-0.005221234965686827,0.457739507122187,0.21394228505220692
8.4,0.005068115347027727,0.4405951153464357,0.005074535546680359,0.005179187783444686,2.892652862497068,0.153,1.797383716183959,1.9789652490198233,0.07579718748183913,0.11145235939424973,0.9803921568627451,2.2029755767321784,2.8926528624970684,3.2458289860804075,2.7025718438622914e-11,0.03236651107026477,0.9974627322266598,0.00010000011857921843,0.962035494716196,1.0,0.0005912552900622074,0.9657329411657156,1.0,0.022263171355498768,0.9674296073637578,1.0,0.06451612903225806,0.03225806451612903,0.03225806451612903,0.03225806451612903,0.03225806451612903,-0.22414661566444333,-0.005074535546680359,0.4405951153464357,0.21552303793196742
8.6,0.004905221279620869,0.42535925666968666,0.004921363284232649,0.005180677778501181,2.8070819908529066,0.153,1.7211804564490263,1.9550592636502675,0.07672401690777231,0.11596482859998171,0.9803921568627451,2.1267962833484333,2.8070819908529066,3.162893662841527,7.000437549319154e-11,0.032393597001303495,0.9975393183578837,0.00010000011857921843,0.9564636664206646,1.0,0.0005912552900622074,0.9636179698747959,1.0,0.022263171355498768,0.9663361713259069,1.0,0.06451612903225806,0.03225806451612903,0.03225806451612903,0.03225806451612903,0.03225806451612903,-0.2713054382063363,-0.004921363284232649,0.42535925666968666,0.21412679176190602
8.8,0.004706098992273322,0.4114387886877604,0.004738193942090296,0.005185065923268735,2.7243827074456997,0.153,1.6404639309939233,1.944135242685652,0.07715512620037081,0.12153547134552392,0.9803921568627451,2.057193943438802,2.7243827074456997,3.077904350215902,1.737484159156244e-10,0.03242890265766909,0.9976309030289549,0.00010000011857921843,0.9460599488085565,1.0,0.0005912552900622074,0.9595371343667252,1.0,0.022263171355498768,0.9642057838311483,1.0,0.0967741935483871,0.03225806451612903,0.03225806451612903,0.03225806451612903,0.03225806451612903,-0.31278305951286967,-0.004738193942090296,0.4114387886877604,0.21094681740060064
9.0,0.0044498701975639295,0.3984610222944004,0.004503384212116046,0.005193661323872605,2.6443228507840444,0.153,1.5562390090455063,1.9162078946668033,0.07827960651737242,0.1285658706386496,0.9803921568627451,1.9923051114720018,2.644322850784045,2.992599851082596,4.163175604869287e-10,0.03247886209064326,0.997748307893942,0.00010000011857921843,0.9279721562408697,1.0,0.0005912552900622074,0.9519685930102011,1.0,0.022263171355498768,0.9601765218351855,1.0,0.16129032258064516,0.06451612903225806,0.06451612903225806,0.03225806451612903,0.03225806451612903,-0.3471259392913527,-0.004503384212116046,0.3984610222944004,0.20672757951952284
9.200000000000001,0.0013227462793916835,0.38608996104935706,0.0002886878663399539,0.005102557943123692,2.5666069129061664,0.153,1.4885620789203762,1.8740006834584118,0.08004266024235356,0.15539507909115563,0.9803921568627451,1.9304498052467851,2.5666069129061664,2.9080393824596698,9.82670309842922e-10,0.032937651627049064,0.99985565606683,0.00010000011857921843,0.9136163258634512,1.0,0.0005912552900622074,0.9274628189222769,1.0,0.022263171355498768,0.9330057148356921,1.0,0.12903225806451613,0.06451612903225806,0.06451612903225806,0.06451612903225806,0.06451612903225806,-0.31498636255428675,-0.0002886878663399539,0.38608996104935706,0.20203517929066284
9.4,0.0002305849036006409,0.3740876691551051,0.00014776896147195018,0.005032704325279082,2.4906998609780553,0.153,1.4503818529398356,1.8205901716382202,0.08239086552083581,0.15750184032576264,0.9803921568627451,1.8704383457755254,2.4906998609780553,2.8248456797353962,1.4574816197494e-09,0.032822497637443444,0.999926115519264,0.00010000011857921843,0.91225358544761,1.0,0.0005912552900622074,0.9269384354789132,1.0,0.022263171355498768,0.9327793936728243,1.0,0.16129032258064516,0.06451612903225806,0.06451612903225806,0.06451612903225806,0.06451612903225806,-0.3727075387622787,-0.00014776896147195018,0.3740876691551051,0.19724418235170665
9.600000000000001,0.0001901141048846531,0.3626787612230486,0.00015282521162296447,0.005022301002027611,2.4170728005163697,0.153,1.4056949560997773,1.7638073461470274,0.08504330154178658,0.16065183298334687,0.9803921568627451,1.8133938061152428,2.4170728005163697,2.7432776105639265,4.142586615002286e-10,0.032762995969507984,0.9999235873941885,0.00010000011857921843,0.9059022874168388,1.0,0.0005912552900622074,0.9245118116736095,1.0,0.022263171355498768,0.9315582307722966,1.0,0.16129032258064516,0.06451612903225806,0.06451612903225806,0.06451612903225806,0.06451612903225806,-0.4275697801807895,-0.00015282521162296447,0.3626787612230486,0.19217598625272797
9.8,0.00017697412310751893,0.35175153285575234,0.0001502079838238135,0.0050160166456868814,2.3456737245649806,0.153,1.3552372389923222,1.708872941734011,0.08777715202617314,0.16479341103409226,0.9803921568627451,1.7587576642787617,2.3456737245649806,2.6634887982055897,3.8817762370158774e-10,0.03272205110028596,0.9999248960080881,0.00010000011857921843,0.8948663640781135,1.0,0.0005912552900622074,0.920208096031145,1.0,0.022263171355498768,0.9293442271709297,1.0,0.22580645161290322,0.06451612903225806,0.06451612903225806,0.06451612903225806,0.06451612903225806,-0.4801122198551292,-0.0001502079838238135,0.35175153285575234,0.1869777676782111
10.0,0.00016520051291924126,0.3412327021960432,0.00014443335124747492,0.005011313147768755,2.2764158891248507,0.153,1.2995298889334626,1.655316375717487,0.09061711839525746,0.17010581583176954,0.9803921568627451,1.7061635109802158,2.2764158891248507,2.5856343032234923,6.822357215537328e-10,0.032691319533174355,0.9999277833243763,0.00010000011857921843,0.8787217127853562,1.0,0.0005912552900622074,0.9136302180446562,1.0,0.022263171355498768,0.9258941376278271,1.0,0.25806451612903225,0.0967741935483871,0.0967741935483871,0.06451612903225806,0.06451612903225806,-0.5306876689132535,-0.00014443335124747492,0.3412327021960432,0.18175729706361046
10.200000000000001,0.0001521065494718888,0.3310767712172153,0.00013206287611544631,0.005007447554600835,2.2092224870644284,0.153,1.2389654597706796,1.6014958395344019,0.09366243501675849,0.1773314034825012,0.9803921568627451,1.6553838560860763,2.2092224870644284,2.5098088135238754,1.2266827531159966e-09,0.03266673585450017,0.9999339685619423,0.00010000011857921843,0.8558825876685094,1.0,0.0005912552900622074,0.9032749786614794,1.0,0.022263171355498768,0.9202524270894591,1.0,0.3225806451612903,0.0967741935483871,0.0967741935483871,0.06451612903225806,0.06451612903225806,-0.5795133436847535,-0.00013206287611544631,0.3310767712172153,0.17658115787047848
10.4,5.448791843153602e-05,0.3212493173246003,1.4303912291735443e-05,0.005019763736333656,2.144016181014373,0.153,1.189409991260864,1.546094899662234,0.09701862416904007,0.20262668838721645,0.9803921568627451,1.6062465866230016,2.1440161810143734,2.43605153949973,2.18685246187316e-09,0.03279540217438545,0.9999928480438541,0.00010000011857921843,0.8409533112258829,1.0,0.0005912552900622074,0.8798231074730011,1.0,0.022263171355498768,0.8940017918355619,1.0,0.3548387096774194,0.12903225806451613,0.12903225806451613,0.0967741935483871,0.0967741935483871,-0.6266036501838024,-1.4303912291735443e-05,0.3212493173246003,0.17149302359452395
10.600000000000001,0.000850272229549641,0.3117433154252747,0.012768084255688095,0.007257314162984481,2.0807652751197017,0.15684362524849163,1.1738599834568053,1.4901611006047495,0.10066025743064005,0.2004006874609582,0.9563665706040071,1.5587165771263736,2.0807652751197017,2.364362899880583,1.6992844625307863e-09,0.045725401796748895,0.993615957872156,0.00010001439944415677,0.8511917624872524,1.0,0.002532687301908455,0.8847397074965196,1.0,0.04941981379910375,0.898594800003855,1.0,0.3548387096774194,0.0967741935483871,0.0967741935483871,0.0967741935483871,0.0967741935483871,-0.004044245250154947,-0.012768084255688095,0.3117433154252747,0.16650024003586988
10.8,0.003241758112497604,0.30267442359316504,0.007178920124991217,0.008690826034892159,2.0197497480486755,0.1574130958986668,1.1740998584945352,1.4371192947925493,0.10437546871963246,0.19892451715800935,0.952906739707102,1.513372117965825,2.0197497480486755,2.294724517315929,2.5973495305109843e-08,0.05329902205653221,0.9964105399375044,0.00010002276052040507,0.8662775642864382,1.0,0.002933773326935238,0.890454809970675,1.0,0.05333053587559067,0.901933875026048,1.0,0.22580645161290322,0.0967741935483871,0.0967741935483871,0.0967741935483871,0.0967741935483871,0.001034198001387529,-0.007178920124991217,0.30267442359316504,0.1614794958656882
11.0,0.0049088503550980475,0.29399619160472484,0.006178755332989283,0.009171266156167564,1.960916560497437,0.15797339681335226,1.1735865590007668,1.3923104177133283,0.10773459574220068,0.19815012576158517,0.9495269648295722,1.4699809580236243,1.960916560497437,2.227179372307417,2.070536278879084e-07,0.055029893882496836,0.9969106223335054,0.00010003449738453324,0.8755524669660583,1.0,0.0033551157428601524,0.8938335790446955,1.0,0.05715076889302954,0.904033175921652,1.0,0.16129032258064516,0.0967741935483871,0.0967741935483871,0.0967741935483871,0.0967741935483871,0.003876470431431661,-0.006178755332989283,0.29399619160472484,0.15648767228531713
11.200000000000001,0.005909759624387246,0.2856151154793586,0.0064115175364958255,0.009326066572132748,1.904049724414346,0.15854815080092924,1.1726153183633838,1.3588839183323191,0.11038470466563947,0.19765766321623693,0.9460848281247873,1.4280755773967928,1.9040497244143462,2.1617922232893054,5.344507042811687e-07,0.05496932450088974,0.9967942412317521,0.00010005125020468861,0.8813654800369111,1.0,0.0038142367294146185,0.8959342677636345,1.0,0.06104149083950669,0.9054798846362594,1.0,0.16129032258064516,0.0967741935483871,0.0967741935483871,0.0967741935483871,0.0967741935483871,0.005709743736639641,-0.0064115175364958255,0.2856151154793586,0.15163477348445262
11.4,0.00663925290565417,0.2774861773774693,0.007243180860190934,0.009428854921626715,1.8489999687059537,0.15914675686837151,1.1713438360052215,1.3350648346038267,0.11235409405754566,0.19729381286436176,0.9425262754431326,1.3874308868873464,1.8489999687059537,2.098547454050482,9.90162492460574e-07,0.054663250081271736,0.9963784095699045,0.00010007520482306613,0.8849799235139764,1.0,0.004320717420565519,0.897252988532859,1.0,0.06506380029542193,0.9065391112366507,1.0,0.16129032258064516,0.0967741935483871,0.0967741935483871,0.0967741935483871,0.0967741935483871,0.006920870431359652,-0.007243180860190934,0.2774861773774693,0.14696409054704807
11.600000000000001,0.007397721175316113,0.26960202004756456,0.008349358354500902,0.009583111298170256,1.7956969990573692,0.1597741274531378,1.169875328518289,1.318250048247444,0.11378721373795393,0.19698758739029276,0.9388253429454366,1.3480101002378229,1.7956969990573692,2.0373733186817717,1.611874968086528e-06,0.054579357020410973,0.9958253208227495,0.00010010936010041746,0.8870786159331276,1.0,0.004881791977218832,0.898046325777945,1.0,0.06924704475262201,0.9073462694240846,1.0,0.12903225806451613,0.0967741935483871,0.0967741935483871,0.0967741935483871,0.0967741935483871,0.007704585247342216,-0.008349358354500902,0.26960202004756456,0.1424683984784161
11.8,0.008313701408970068,0.261968867043076,0.009626742230942842,0.009810022555971958,1.7441122186593643,0.160433499557561,1.168282221627433,1.3063052751341981,0.11482767684957128,0.19670304673154684,0.9349668268389444,1.30984433521538,1.7441122186593645,1.978187291995185,2.501491939547713e-06,0.054745606843610774,0.9951866288845286,0.0001001578480824176,0.8880481938334808,1.0,0.0055040266535037055,0.8984563758498124,1.0,0.0736084093885751,0.9079760756521682,1.0,0.12903225806451613,0.0967741935483871,0.0967741935483871,0.0967741935483871,0.0967741935483871,0.008183539176381191,-0.009626742230942842,0.261968867043076,0.13812421106782638
12.0,0.009422983030964904,0.25459354847476695,0.011066366458695853,0.010106128776272904,1.6942306945683059,0.1611276800094766,1.1666164832268737,1.2976880768126322,0.11559018124635037,0.19642057142863847,0.9309387436794091,1.2729677423738348,1.6942306945683059,1.9209202993197285,3.8200319680743e-06,0.055086857488421875,0.9944668167706521,0.00010022637918243842,0.887702853432767,0.9986066762926498,0.006194197733295555,0.8984278828268676,0.9995353428698226,0.07816143935082305,0.9084032972322225,0.999767644437658,0.12903225806451613,0.0967741935483871,0.0967741935483871,0.0967741935483871,0.0967741935483871,0.0084427846963427,-0.011066366458695853,0.25459354847476695,0.13391019510215138
12.200000000000001,0.010730138314420684,0.2474800185799839,0.012685575684257877,0.010466128269754198,1.646039740110997,0.16185953212237286,1.164915632004325,1.2913269565243084,0.11615958239091893,0.196128462474113,0.9267294797725811,1.2374000928999194,1.6460397401109972,1.8655210717883512,5.794738035098516e-06,0.0555361942195122,0.9936572121578711,0.0001003228533451527,0.8866528680719414,0.994755725031348,0.006959716105063546,0.8981680064209618,0.9982488432775918,0.0829192618504478,0.9087334743337173,0.9991240379456663,0.12903225806451613,0.0967741935483871,0.0967741935483871,0.0967741935483871,0.0967741935483871,0.008543249319642454,-0.012685575684257877,0.2474800185799839,0.1298116689702759
12.4,0.012235608331283726,0.24062970009249948,0.014505963468840921,0.01088849748578645,1.5995264067721606,0.16263213817704988,1.1632067895275766,1.287607119533762,0.1164951620136385,0.1958189723062244,0.9223269255471641,1.2031485004624973,1.5995264067721608,1.8119524495195274,8.688267960177776e-06,0.05605275781935697,0.9927470182655795,0.00010045819739361069,0.8855765870256144,0.9924919485811694,0.0078088320464859235,0.8979061607538648,0.9974910258786999,0.08789556459913721,0.9090832977985288,0.9987447250028971,0.12903225806451613,0.0967741935483871,0.0967741935483871,0.0967741935483871,0.0967741935483871,0.00852893371269961,-0.014505963468840921,0.24062970009249948,0.12581948280511954
12.600000000000001,0.013944113708995618,0.23404262183230565,0.016549665945087222,0.011375629412929373,1.5546780771077975,0.16344885832242104,1.1615095517461684,1.2868289734032903,0.11656560669697497,0.1954863339687509,0.917718248628622,1.1702131091615282,1.5546780771077975,1.7601866839415787,1.2851540464547605e-05,0.05661578984052826,0.9917251670274564,0.00010064751644503494,0.8844927703276357,0.9920172835883923,0.008750767629743573,0.8976512642036282,0.9973319818284666,0.09310485230879408,0.9094592861426434,0.9986650998459158,0.12903225806451613,0.0967741935483871,0.0967741935483871,0.0967741935483871,0.0967741935483871,0.008431643168759509,-0.016549665945087222,0.23404262183230565,0.12192787212121045
12.8,0.015866172926286778,0.22771838287950386,0.018840569849769784,0.011932968411683358,1.5114837053883237,0.16431337170638713,1.1598381021918982,1.2855394153281878,0.11668253669352192,0.19512570088584458,0.9128897937048982,1.1385919143975192,1.5114837053883237,1.710202257634451,1.8723923632572155e-05,0.057216960454201736,0.9905797150751151,0.00010091168307742509,0.8834135970734391,0.9912298124648946,0.00979584528176271,0.8974097602847024,0.9970680151634611,0.09856255987549041,0.9098669175561019,0.9985329313288623,0.12903225806451613,0.0967741935483871,0.0967741935483871,0.0967741935483871,0.0967741935483871,0.008274356037837993,-0.018840569849769784,0.22771838287950386,0.11813280426896594
13.0,0.018017975482523922,0.221656800926306,0.021405934472420896,0.012568374059261176,1.4699349866812816,0.16522972762537919,1.158202682189612,1.2839341270795988,0.1168284235431812,0.19473249914428686,0.9078269519398523,1.1082840046315299,1.4699349866812816,1.6619822108497122,2.6862246170222378e-05,0.05785541573466963,0.9892970327637896,0.00010127953843630434,0.8823471218972431,0.9902480604437752,0.010955641459914428,0.8971867733056572,0.9967387280875699,0.1042851999842993,0.9103113620324487,0.9983680322512392,0.12903225806451613,0.0967741935483871,0.0967741935483871,0.0967741935483871,0.0967741935483871,0.008073654802108254,-0.021405934472420896,0.221656800926306,0.11443096261842436
13.200000000000001,0.020421613898991046,0.21585835968858855,0.024278249009594077,0.013291830968714027,1.4300274099423056,0.166202413014696,1.1566107103579795,1.2821427660370681,0.11699165176716626,0.19430191703174107,0.9025139724459756,1.0792917984429427,1.4300274099423056,1.615513500846371,3.795223508651506e-05,0.058534708997622795,0.987860875495203,0.00010179095173700328,0.8812986976244181,0.9891505696142521,0.012243177402302548,0.8969868431318594,0.9963703635690189,0.11029057620578231,0.9107980583547399,0.9981835318412292,0.12903225806451613,0.0967741935483871,0.0967741935483871,0.0967741935483871,0.0967741935483871,0.007841543160169051,-0.024278249009594077,0.21585835968858855,0.11081915183004187
13.4,0.023105911333123938,0.21032456449222645,0.027497478801304487,0.01411544889076722,1.3917613435684324,0.16723643284248232,1.1550675600898572,1.280250042232205,0.11716461242091784,0.19382837162341465,0.8969337449411093,1.0516228224611321,1.3917613435684324,1.5707869905351197,5.283659976576867e-05,0.059260923423147815,0.9862512605993478,0.00010250108595161793,0.8802717813047616,0.9879887476312592,0.013673147997357426,0.8968144771851781,0.99598010973405,0.11659802866382628,0.9113333170242366,0.9979880306542797,0.12903225806451613,0.0967741935483871,0.0967741935483871,0.0967741935483871,0.0967741935483871,0.007586724628350097,-0.027497478801304487,0.21032456449222645,0.10729392806862409
13.600000000000001,0.026108448269252026,0.20505829836985545,0.03111465864535523,0.015053770857219914,1.355143316720101,0.16833740177844128,1.1535771069420606,1.2783093917531552,0.11734248450938815,0.19330475242488496,0.8910675727157996,1.0252914918492773,1.355143316720101,1.52779789831171,7.253485265812944e-05,0.060041227339369015,0.9844426706773224,0.00010348636397636117,0.8792683711612147,0.9867951206923504,0.015262190681624939,0.8966747143675424,0.9955788538881135,0.12322869065557701,0.9119251751873608,0.9977869779658972,0.12903225806451613,0.0967741935483871,0.0967741935483871,0.0967741935483871,0.0967741935483871,0.007315460640237109,-0.03111465864535523,0.20505829836985545,0.10385132400223611
13.8,0.02947951596309565,0.20006430874854747,0.03519848447516316,0.0161244761676649,1.3201878137835734,0.16951164053863071,1.1521421732474935,1.2763521219307334,0.11752242772401672,0.19272104396945958,0.8848949813910618,1.0003215437427373,1.3201878137835736,1.486546536063735,9.827394836006006e-05,0.060882207295926555,0.9824007577624184,0.00010485283132644633,0.878289197996088,0.9855888184304655,0.01702918734458371,0.8965739623406898,0.9951730081262836,0.13020570481669608,0.9125849535438424,0.9975835842385934,0.12903225806451613,0.0967741935483871,0.0967741935483871,0.0967741935483871,0.0967741935483871,0.007032095638972877,-0.03519848447516316,0.20006430874854747,0.1004864984130062
14.0,0.033289996899346606,0.19534995710890857,0.0398489222456031,0.017349806110119787,1.2869200028213088,0.17076627404576916,1.1507649051323086,1.2743921002632508,0.11770317782809117,0.19206131579708638,0.8783935870135379,0.9767497855445428,1.286920002821309,1.4470394213577837,0.0001315251711473259,0.06178689999345853,0.9800755388771984,0.00010674789801178985,0.8773335895577911,0.9843783444665092,0.018995594000769465,0.8965216621371986,0.9947654258014585,0.1375543722162718,0.9133306586389925,0.997379278466608,0.12903225806451613,0.0967741935483871,0.0967741935483871,0.0967741935483871,0.0967741935483871,0.00673906640961161,-0.0398489222456031,0.19534995710890857,0.09719319140140312
14.200000000000001,0.03765216374959743,0.19092676509787415,0.045234354719420056,0.018760111711060855,1.255381027702579,0.17210931058036005,1.149447234313491,1.2724237093500765,0.11788526015175903,0.19129491780632993,0.8715391369252105,0.9546338254893707,1.255381027702579,1.4092910555221845,0.00017406061212866625,0.06274612926024485,0.97738282264029,0.00010937680000751185,0.8763985230134969,0.9831602017027741,0.021185760209580136,0.8965349305912184,0.9943549238043221,0.14530210616089276,0.9141969349487702,0.9971734668578548,0.12903225806451613,0.0967741935483871,0.0967741935483871,0.0967741935483871,0.0967741935483871,0.006435472737916767,-0.045234354719420056,0.19092676509787415,0.09396249420678153
14.4,0.04278962511901952,0.18681431367622423,0.051735279589815164,0.020404474334502185,1.2256404042436602,0.17354987988339463,1.148192281614024,1.2703980207621448,0.1180732318128228,0.19033746536226237,0.8643048332893263,0.934071568381121,1.2256404042436604,1.373326839503326,0.00022805911525895328,0.0636995727864437,0.9741323602050924,0.00011302614516228912,0.8754738117689251,0.9819039770634812,0.023627530772680556,0.8966589847794805,0.9939312332603798,0.15347919682800298,0.9152791642604835,0.9969609984030139,0.12903225806451613,0.0967741935483871,0.0967741935483871,0.0967741935483871,0.0967741935483871,0.006105805186934751,-0.051735279589815164,0.18681431367622423,0.09077942269858903
14.600000000000001,0.05649654149388376,0.18315534570163441,0.09333163157648539,0.023101233944258125,1.1979548225025243,0.17293053070576642,1.1484531764715074,1.267778846734299,0.11831716579464036,0.1723074834318101,0.8674003334623329,0.915776728508172,1.1979548225025243,1.3391891392192705,0.00029637519356325964,0.060193685900658815,0.9533341842117573,0.00011134185867651552,0.8809451497089146,0.9802757479392044,0.022566346672875028,0.9174471132010571,0.993381537544761,0.14998028568897157,0.9356588447926028,0.996685274520453,0.22580645161290322,0.06451612903225806,0.06451612903225806,0.06451612903225806,0.06451612903225806,-0.034592562100892524,-0.09333163157648539,0.18315534570163441,0.08750523154696035
14.8,0.16270667183285276,0.18427665346716265,0.8980788169454506,0.050055891921164955,1.1770557102895904,0.7334523668225941,1.1552756162223925,1.260666648641243,0.11898466590011819,0.13311094647535365,0.2045122584440193,0.9213832673358132,1.1770557102895907,1.3069657080893922,0.00038418846964324133,0.058656262522768766,0.5509605915272747,0.5288259053207998,0.8951860854730752,0.9758317666216437,0.8086643244204336,0.9610679632313385,0.991878129450379,0.8992570874924979,0.9799635426131148,0.9959307846403594,0.29032258064516125,0.0,0.0,0.0,0.0,-0.09669649145886165,-0.8980788169454506,0.18427665346716265,0.07968703775573965
15.0,0.4955218377041446,0.2172619969709535,0.645863306504117,0.12078004093947764,1.2070618090052385,1.0484749760876384,1.164596477828745,1.252542389952121,0.11975642597272401,0.1293718699645894,0.1430649308958443,1.0863099848547675,1.2070618090052385,1.2775038221139703,0.000549493046409235,0.11328387465778728,0.6770683467479415,0.8263607775145673,0.910168149938607,0.9707146005699948,0.9384036909813839,0.9687267242615802,0.9901413162895146,0.9687123376316688,0.9841899020775037,0.9950584474529003,0.45161290322580644,0.0,0.0,0.0,0.0,-0.027363829476323466,-0.645863306504117,0.2172619969709535,0.03951339303356858
15.200000000000001,0.6868792311706522,0.2562488597478653,0.6736611347176358,0.13203874751715602,1.2793838488011844,1.1017574749545664,1.1685837024796746,1.2357251525622381,0.12138621576891884,0.1285924939096957,0.1361461151023147,1.2527868056267133,1.2793838488011844,1.3349430769276338,0.0012541743630546504,0.11862798334085299,0.6631694326411821,0.8672043884602674,0.9142424152792243,0.9599817063388488,0.953616414418109,0.9704028297038837,0.9864785449544983,0.9765328255321342,0.9850708477753077,0.9932162606160483,0.4838709677419355,0.0,0.0,0.0,0.0,-0.014220719515278903,-0.6736611347176358,0.2562488597478653,0.029339741479945062
15.4,0.8163831465871405,0.2980603899443891,0.7395815571525735,0.12194985872117374,1.3750630076490855,1.1231723290354692,1.170662061932055,1.2196005125217029,0.12299109295211183,0.12824918759902762,0.1335502986694957,1.2650311973847832,1.3750630076490855,1.5357372457546292,0.00228461368939857,0.10773013018685387,0.6302092214237133,0.8829558075674233,0.9161349103609533,0.949509701078802,0.959355515547836,0.9711483733000965,0.9828783950839742,0.9794669332769416,0.9854588943614364,0.9914022330472507,0.4838709677419355,0.0,0.0,0.0,0.0,-0.0071123111888248755,-0.7395815571525735,0.2980603899443891,0.0653358778431895
15.600000000000001,0.9124060369417559,0.34148099378983215,0.8187697994109309,0.10438674163784167,1.4843952672441536,1.1311091438715672,1.1715794421323142,1.209343673096927,0.12403422065778463,0.1281072699446331,0.13261319724335274,1.2967672638030245,1.4843952672441536,1.7469150978488777,0.0025665735841294466,0.09166692466686367,0.5906151002945346,0.8887003923768111,0.9169335468985346,0.942754362371308,0.9614315871762784,0.9714577522608194,0.9805419223485725,0.9805261593906809,0.985619306971365,0.9902231631248396,0.45161290322580644,0.0,0.0,0.0,0.0,-0.0023261768166901453,-0.8187697994109309,0.34148099378983215,0.10119597900875116
15.8,0.9925354680417551,0.3858557793749965,0.9031981519001349,0.08587839361995757,1.6023264192742759,1.1306567357133763,1.1716720277905357,1.2041515543170918,0.12456903739585273,0.1280863594586368,0.13266625958351455,1.3486129775119753,1.6023264192742759,1.9626811521174796,0.002079720229574054,0.07545135879483698,0.5484009240499326,0.8883742817727956,0.9170408279827357,0.9393064301072559,0.961313971959532,0.9715026096831664,0.9793450795234796,0.9804661818740669,0.9856429425482625,0.9896186481393503,0.45161290322580644,0.0,0.0,0.0,0.0,0.0012512382821704,-0.9031981519001349,0.3858557793749965,0.13381055550192034
16.0,1.0673025376853464,0.43096205851949165,0.9897628253876587,0.0691350196802753,1.7266748881711844,1.124230611295629,1.1711246791249559,1.2023895549825976,0.12475158269498687,0.1281519710793101,0.13342458254817596,1.4156316237419018,1.7266748881711844,2.1818475618293607,0.0013372610595877269,0.061053714842320264,0.5051185873061707,0.883724665643761,0.9166410865626242,0.9381319797508791,0.9596338990045363,0.9713574330676289,0.9789367367611231,0.9796090329418284,0.9855687803070758,0.989412313219363,0.4193548387096774,0.0,0.0,0.0,0.0,0.004136140139932895,-0.9897628253876587,0.43096205851949165,0.16393899617933466
16.2,1.1415097765024569,0.4767876235586009,1.0770543789538545,0.054939962426118566,1.8567851835600497,1.1135606758151362,1.1700435828940525,1.2027996721245051,0.12470904629950139,0.12828872407212014,0.13470303258526858,1.4947319358638735,1.8567851835600497,2.4076523998670005,0.0007144421522430244,0.04895245915050795,0.4614728105230728,0.8759318411061419,0.9158230719956816,0.9384055387539735,0.9568048059029746,0.9710559163291327,0.9790318804882538,0.9781639730725104,0.9854142054264116,0.9894603930318845,0.4193548387096774,0.0,0.0,0.0,0.0,0.006627293749938493,-1.0770543789538545,0.4767876235586009,0.19357118085593877
16.400000000000002,1.216250633413578,0.5232829962525992,1.163965425847518,0.04328879988483884,1.992558258284279,1.0991447405469223,1.1684874814352553,1.2045522747426214,0.12452759680525341,0.1284904937539928,0.13646974276141433,1.58421950280113,1.992558258284279,2.6352886097680157,0.0003231843186042039,0.039047465325433336,0.418017287076241,0.8652571405944935,0.9146269675916211,0.9395732189953849,0.9529021119471275,0.9706118317880609,0.9794377914714397,0.9761670221536699,0.9851861407686934,0.9896654893397873,0.4193548387096774,0.0,0.0,0.0,0.0,0.008910455508338647,-1.163965425847518,0.5232829962525992,0.2211214986641938
16.6,1.2906990054823189,0.5702296953768416,1.2490520282300066,0.03392285178393652,2.1339239763585143,1.0814866146809665,1.1664853544930565,1.207122890431254,0.12426241038839991,0.12875630041136574,0.13869797181377902,1.6831729412558278,2.1339239763585143,2.863685738792955,0.00012404527420063166,0.031076116967562666,0.3754739858849967,0.8519486891610466,0.9130654189116106,0.9412819486412893,0.9479912887640485,0.970027846925075,0.9800311771963648,0.97364840641602,0.9848856937254593,0.9899652353116788,0.4193548387096774,0.0,0.0,0.0,0.0,0.011102981400494316,-1.2490520282300066,0.5702296953768416,0.2465636789521474
16.8,1.363169829182605,0.6172221939668363,1.3305093192034672,0.026519553752502138,2.280611384079909,1.0608469539161813,1.1640472027144297,1.2101835712194373,0.12394813775967312,0.12908857342481223,0.14139645633733106,1.7910162029987666,2.280611384079909,3.091002150853006,4.009692356024571e-05,0.02475227570440653,0.3347453403982664,0.8360603894113644,0.9111334790745037,0.9433103180490755,0.9420610507097311,0.9692993280040523,0.9807346317697367,0.9705982506963422,0.9845101183150341,0.9903204644959424,0.4193548387096774,0.0,0.0,0.0,0.0,0.013281089373683067,-1.3305093192034672,0.6172221939668363,0.2696746066337667
17.0,1.4316907990432355,0.6637193303355686,1.4064154090215957,0.020751712786137782,2.432072422496175,1.0370377323608653,1.1611702195747307,1.213528360115906,0.12360650556668759,0.12949267539522485,0.1446427601612122,1.9072753817184616,2.432072422496175,3.3185966516778427,1.0789950881714701e-05,0.019802784179428427,0.2967922954892022,0.8172745903548727,0.9088125934176287,0.9455194017996079,0.9349515739910136,0.9684154828368106,0.9814996131527844,0.9669288829123872,0.9840533530730515,0.9907066187904607,0.4193548387096774,0.0,0.0,0.0,0.0,0.015499503366859332,-1.4064154090215957,0.6637193303355686,0.29167306245827207
17.2,1.4943481771653824,0.7091184832510556,1.4749973892569113,0.0163118863669748,2.587481777988603,1.0095132432173077,1.1578413778950816,1.2170250646637129,0.12325136462283777,0.12997749788683594,0.1485864608590489,2.0314446112651106,2.587481777988603,3.545592416255278,2.3973738597871044e-06,0.015980160964131945,0.2625013053715443,0.7949276236160966,0.9060699434537556,0.9478204056648891,0.9263510138234298,0.9673582799828853,0.9822951594583681,0.9624712322809984,0.983505347671164,0.9911080423197495,0.4193548387096774,0.0,0.0,0.0,0.0,0.017808722386828194,-1.4749973892569113,0.7091184832510556,0.312923879697968
17.400000000000002,1.5494103304469855,0.7528112493763482,1.534728713239196,0.01292759602439249,2.7457717168580484,0.9770631958502208,1.1540362014788828,1.220586062388379,0.12289178503848211,0.13055778483258526,0.1535212877090033,2.162911341744977,2.7457717168580484,3.764056246881741,4.4018727059888223e-07,0.013072638265691041,0.23263564338040205,0.7676839485531548,0.9028513881272509,0.9501549209191549,0.915644954693332,0.966097875707362,0.9831009770826689,0.9568932902136504,0.9828494367214501,0.9915144829408942,0.4193548387096774,0.0,0.0,0.0,0.0,0.02027763930006192,-1.534728713239196,0.7528112493763482,0.3309032803949312
17.6,1.595011341693571,0.7941636518567046,1.5839998609649997,0.01037246003369139,2.905649134190924,0.9369395877640609,1.1497109174842701,1.2241525084472524,0.12253375209781989,0.13126098477885956,0.1600957008956834,2.300917117316007,2.905649134190924,3.9708182592835226,6.767432193112103e-08,0.010918436572011218,0.20800006951750016,0.732601410801306,0.8990594473298056,0.952484154154928,0.9014785121096136,0.9645790466551669,0.9839036569716347,0.9494620880667201,0.9820545945352208,0.9919191753570494,0.4193548387096774,0.0,0.0,0.0,0.0,0.023043736835941894,-1.5839998609649997,0.7941636518567046,0.34511290267328665
17.8,1.6273244649237724,0.8322513306579877,1.6193638458119486,0.008480516340225815,3.065459194047188,0.881537316323757,1.1447742527034717,1.2276879031353893,0.12218088947273598,0.13215249720614006,0.1701572891157229,2.4445416597379857,3.0654591940471883,4.161256653289938,8.92792478126375e-09,0.009448188252767243,0.19031807709402568,0.6815034715086381,0.8944752510573603,0.9547844054422153,0.8800118358766215,0.9626715448792611,0.9846950659686774,0.9380892561714307,0.9810468986579607,0.9923180236531085,0.4193548387096774,0.0,0.0,0.0,0.0,0.026509831805790154,-1.6193638458119486,0.8322513306579877,0.35478776533407025
18.0,1.6227602769832705,0.8636530424466579,1.6193791722203603,0.0072497451893941125,3.221977301116414,0.7704900556956176,1.1389183443336843,1.2311778035295242,0.12183455514709735,0.13353583355256965,0.19468129262820436,2.592691252049212,3.221977301116414,4.318265212233289,1.063417299471347e-09,0.009064894033857513,0.19031041388981987,0.5692626158875984,0.8882081578348731,0.9570466000588999,0.8287729599919706,0.9597838923162131,0.9854721425506576,0.9103692418707618,0.9794832835130619,0.9927094928703849,0.4193548387096774,0.0,0.0,0.0,0.0,0.03347614615277446,-1.6193791722203603,0.8636530424466579,0.35661861843804255
18.2,0.7558457514912907,0.7618492421879448,0.7760099109293519,0.010594188767221476,3.2836361904641453,0.153,1.3396245364765438,2.192000650840906,0.06843063661612339,0.1406310869139055,0.9803921568627451,2.7440156640578652,3.283636190464146,3.9471905259124016,1.48814103382718e-10,0.02363769095434383,0.611995044535324,0.00010000011857921843,0.9327323250307924,1.0,0.0005912552900622074,0.9558717412492208,1.0,0.022263171355498768,0.9624877330613446,1.0,0.03225806451612903,0.03225806451612903,0.03225806451612903,0.03225806451612903,0.03225806451612903,1.1700240636202193,-0.7760099109293519,0.7618492421879448,0.2771646298776243
18.400000000000002,0.5293379588039443,0.6903908818274074,0.5329069392890873,0.012749033097286042,3.266359721959413,0.153,1.531201987026019,2.5313487124009693,0.05925694838690394,0.12949724605287252,0.9803921568627451,2.8926652966524746,3.2663597219594136,3.6239933757592824,1.2514109203015038e-10,0.027808236268202096,0.7335465303554564,0.00010000011857921843,0.9526993469276392,1.0,0.0005912552900622074,0.9626834173998383,1.0,0.022263171355498768,0.9659134338628054,1.0,0.03225806451612903,0.03225806451612903,0.03225806451612903,0.03225806451612903,0.03225806451612903,0.7942199058505672,-0.5329069392890873,0.6903908818274074,0.1866958561173378
18.6,0.3299916216541255,0.6302526669726611,0.32075060392436394,0.012212784374807736,3.2201982733768397,0.153,1.6385787418449766,2.53600523889736,0.059148142795327624,0.12283407568233709,0.9803921568627451,3.0148453112816376,3.2201982733768397,3.3934319335330168,1.4971265147852404e-10,0.030779835058970705,0.839624698037818,0.00010000011857921843,0.9628254259021038,1.0,0.0005912552900622074,0.9661083711156171,1.0,0.022263171355498768,0.9676321821228088,1.0,0.03225806451612903,0.03225806451612903,0.03225806451612903,0.03225806451612903,0.03225806451612903,0.5190526250313123,-0.32075060392436394,0.6302526669726611,0.128289412323692
18.8,0.12424645355434204,0.5715670920506909,0.0972607746326104,0.008727127889834475,3.1457319864351443,0.153,1.684627360943655,2.3762003047855424,0.06312599139807695,0.1189434362342407,0.9803921568627451,2.857835460253454,3.1457319864351443,3.237703402545261,1.822506139700908e-10,0.03265182604041936,0.9513696126836948,0.00010000011857921843,0.9677451612941477,1.0,0.0005912552900622074,0.9677610082351633,1.0,0.022263171355498768,0.9684601023017902,1.0,0.03225806451612903,0.03225806451612903,0.03225806451612903,0.03225806451612903,0.03225806451612903,0.27116178300227045,-0.0972607746326104,0.5715670920506909,0.10767651194760673
19.0,0.0066897900991291165,0.5152314203264858,0.005709387227085694,0.005186036285030658,3.045415712075191,0.153,1.67832386902742,2.143365251114293,0.0699834057317193,0.11765014976626838,0.9803921568627451,2.576157101632429,3.0454157120751915,3.157115973810207,1.719237162234841e-10,0.032310772759943276,0.9971453063864572,0.00010000011857921843,0.9677451612941477,1.0,0.0005912552900622074,0.9677610082351633,1.0,0.022263171355498768,0.9684601023017902,1.0,0.03225806451612903,0.03225806451612903,0.03225806451612903,0.03225806451612903,0.03225806451612903,0.047022035962897196,-0.005709387227085694,0.5152314203264858,0.1240631249612115
19.200000000000003,0.0053876363469877045,0.4775973288761457,0.005441578387767931,0.005160156651703187,2.9475140129304838,0.153,1.6379269283649598,1.923634563299895,0.07797738866922978,0.11869201392760763,0.9803921568627451,2.3879866443807285,2.9475140129304838,3.141298978939541,3.818070433067168e-11,0.0323219614886811,0.997279210806116,0.00010000011857921843,0.9671621182748976,1.0,0.0005912552900622074,0.9675654776400786,1.0,0.022263171355498768,0.9683621883888038,1.0,0.03225806451612903,0.03225806451612903,0.03225806451612903,0.03225806451612903,0.03225806451612903,-0.08979633764967429,-0.005441578387767931,0.4775973288761457,0.1556845491421546
19.400000000000002,0.00517815143507842,0.45046952369199644,0.005208184801974269,0.005170062386245305,2.8558869468757506,0.153,1.5797752955266926,1.766730588739448,0.08490258840597996,0.12165477139591645,0.9803921568627451,2.252347618459982,2.855886946875751,3.112941899634634,5.606275809627614e-11,0.032356138744769225,0.9973959075990129,0.00010000011857921843,0.9627541384964087,1.0,0.0005912552900622074,0.9660032872766783,1.0,0.022263171355498768,0.9675689306955424,1.0,0.06451612903225806,0.03225806451612903,0.03225806451612903,0.03225806451612903,0.03225806451612903,-0.18217635246164454,-0.005208184801974269,0.45046952369199644,0.1778561514427614
19.6,0.0049692117812659385,0.42923175963342086,0.004995135517571692,0.005174395861061248,2.769008489984259,0.153,1.5109434814599951,1.6666043440671934,0.0900033655462213,0.12636964298537254,0.9803921568627451,2.146158798167104,2.769008489984259,3.0624558650688245,1.3595813845176127e-10,0.03239220307172892,0.9975024322412142,0.00010000011857921843,0.9557362136166956,1.0,0.0005912552900622074,0.9633407044648765,1.0,0.022263171355498768,0.9661926063442259,1.0,0.06451612903225806,0.03225806451612903,0.03225806451612903,0.03225806451612903,0.03225806451612903,-0.25060885450675574,-0.004995135517571692,0.42923175963342086,0.18936806049302218
19.8,0.004700350947336958,0.4116525878686667,0.004754966574790798,0.005182121664092198,2.6859364486269,0.153,1.4352494757861778,1.6129195892720702,0.09299905649214464,0.13291580136384024,0.9803921568627451,2.0582629393433334,2.6859364486269,2.998427854768802,3.197175328874707e-10,0.03244040241856075,0.9976225167126046,0.00010000011857921843,0.9397995060070833,1.0,0.0005912552900622074,0.9570766686211931,1.0,0.022263171355498768,0.9629189313283917,1.0,0.12903225806451613,0.03225806451612903,0.03225806451612903,0.03225806451612903,0.03225806451612903,-0.3030953241136485,-0.004754966574790798,0.4116525878686667,0.19430074918793017
20.0,0.004319781598396468,0.3964448544050395,0.0044104341011586,0.005196151883433364,2.606065017380799,0.153,1.3555360096167468,1.5988546970298203,0.09381715566689944,0.14256151756530408,0.9803921568627451,1.9822242720251975,2.606065017380799,2.9267549157329342,7.532628890686253e-10,0.03251955245751378,0.9977947829494207,0.00010000011857921843,0.9106346547451651,1.0,0.0005912552900622074,0.9436654303043474,1.0,0.022263171355498768,0.9555539556404864,1.0,0.1935483870967742,0.06451612903225806,0.06451612903225806,0.03225806451612903,0.03225806451612903,-0.33153073582393167,-0.0044104341011586,0.3964448544050395,0.195202999699599
20.200000000000003,0.0003451072837709342,0.3825636505467402,0.00013197214570470628,0.005049202590057134,2.528517471823434,0.153,1.317767754151705,1.580809089474172,0.09488811836848358,0.1659261746317554,0.9803921568627451,1.9128182527337008,2.528517471823434,2.851201454191911,1.7026238465734093e-09,0.03290076698412906,0.9999340139271476,0.00010000011857921843,0.9056912329649376,1.0,0.0005912552900622074,0.924537288548307,1.0,0.022263171355498768,0.9315062240877816,1.0,0.16129032258064516,0.06451612903225806,0.06451612903225806,0.06451612903225806,0.06451612903225806,-0.33193698350528067,-0.00013197214570470628,0.3825636505467402,0.1939325283013634
20.400000000000002,0.00020007286490840258,0.36986112912155433,0.0001476918197944599,0.005029749330256498,2.4533407848057682,0.153,1.2787008894708027,1.5492877237039677,0.09681868493825453,0.16941900255005474,0.9803921568627451,1.8493056456077717,2.4533407848057687,2.774053329948497,5.899792392610533e-10,0.03281262832320953,0.9999261540901028,0.00010000011857921843,0.8957987921846305,1.0,0.0005912552900622074,0.9207657841424219,1.0,0.022263171355498768,0.9295892276706329,1.0,0.22580645161290322,0.06451612903225806,0.06451612903225806,0.06451612903225806,0.06451612903225806,-0.3930170548974419,-0.0001476918197944599,0.36986112912155433,0.19111452143041657
20.6,0.00018157929301290036,0.35807487810239436,0.0001473200633357319,0.005021395830834499,2.380598081115045,0.153,1.233577559710355,1.5130786647277397,0.09913562559352504,0.17405082984912185,0.9803921568627451,1.7903743905119716,2.380598081115045,2.6966423149367786,3.546582630183758e-10,0.03275937325962566,0.9999263399683321,0.00010000011857921843,0.8799307707167946,1.0,0.0005912552900622074,0.9145196772872795,1.0,0.022263171355498768,0.9263519547728978,1.0,0.29032258064516125,0.0967741935483871,0.0967741935483871,0.06451612903225806,0.06451612903225806,-0.4496877620649382,-0.0001473200633357319,0.35807487810239436,0.18729537104779345
20.8,0.00016700122402236848,0.34696620058177746,0.00014050972265367,0.00501543878019024,2.3101387013255463,0.153,1.1830195447848821,1.474551567702195,0.10172584213771929,0.1801737664785304,0.9803921568627451,1.7348310029088871,2.3101387013255463,2.619871319893902,6.162715474006146e-10,0.03272093538649685,0.9999297451386732,0.00010000011857921843,0.8575925040126071,1.0,0.0005912552900622074,0.9051360406622422,1.0,0.022263171355498768,0.9213678789856264,1.0,0.3548387096774194,0.0967741935483871,0.0967741935483871,0.06451612903225806,0.06451612903225806,-0.503096896410017,-0.00014050972265367,0.34696620058177746,0.18290833217690305
21.0,8.518135289233587e-05,0.33638740032127656,0.01750297578436877,0.005252973030844792,2.241839992464682,0.15568966189437106,1.1361657096137303,1.4334185810941953,0.10464493901390479,0.2052038718009699,0.9634551079041378,1.6819370016063828,2.241839992464682,2.5443259782110816,1.1471981539919999e-09,0.03362373845458393,0.9912485121078156,0.00010000497038172181,0.8373801860461955,1.0,0.0018064790467293807,0.879164840309618,1.0,0.04140748599012905,0.8948918528296811,1.0,0.3870967741935484,0.0967741935483871,0.0967741935483871,0.0967741935483871,0.0967741935483871,-0.007459845424440788,-0.01750297578436877,0.33638740032127656,0.1782270551649711
21.200000000000003,0.0010423532355302593,0.32627343006793835,0.007690928673588893,0.007369188039662827,2.17566863955942,0.15621689821018864,1.136783649838354,1.3897816313383484,0.10793062493965416,0.20328756741655843,0.9602034204915281,1.6313671503396916,2.17566863955942,2.4703568276807673,1.6552036868925005e-09,0.0465992911081121,0.9961545356632056,0.00010000828903776139,0.8525409026214119,1.0,0.002123667164326744,0.8854279668403264,1.0,0.04508293896145862,0.8985695451557454,1.0,0.3548387096774194,0.0967741935483871,0.0967741935483871,0.0967741935483871,0.0967741935483871,-0.0005896512368726431,-0.007690928673588893,0.32627343006793835,0.17339119998382233
21.400000000000002,0.002514079357491612,0.3166362389167983,0.005818947860057655,0.008317699470369682,2.111741082865204,0.15670708022516333,1.1366094385361218,1.3489331630513126,0.11119898606443712,0.20245754606964514,0.9571998902951524,1.5831811945839915,2.111741082865204,2.3981705757322374,2.310070331364675e-08,0.05172266136800373,0.9970905260699712,0.00010001282622733738,0.8614046363951797,1.0,0.0024406547355881863,0.8887721278376053,1.0,0.04847789443655674,0.9006263595717576,1.0,0.1935483870967742,0.0967741935483871,0.0967741935483871,0.0967741935483871,0.0967741935483871,0.0020897509402892367,-0.005818947860057655,0.3166362389167983,0.16843113877063753
21.6,0.003751038332535118,0.3074081989202022,0.005289696404884525,0.00878083756575712,2.04997552747918,0.1572059262332282,1.1360138152776675,1.3164778134314927,0.11394039342677137,0.20195228080179944,0.9541625026111444,1.5370409946010108,2.04997552747918,2.327927913927763,1.0066706243876468e-07,0.05373979852872636,0.9973551517975577,0.00010001935330003154,0.8664201971355511,1.0,0.0027846605974621882,0.8906492614517396,1.0,0.05191111976595799,0.9019243585483738,1.0,0.16129032258064516,0.0967741935483871,0.0967741935483871,0.0967741935483871,0.0967741935483871,0.0037475977345862305,-0.005289696404884525,0.3074081989202022,0.1634499633275288
21.8,0.004654082475420637,0.2985188075658927,0.0054994432307027274,0.009005234821364734,1.9902329126113938,0.15772258141528334,1.1351481161313979,1.292743246473455,0.11603232150637274,0.20159225018486843,0.9510369324038022,1.4925940378294635,1.990232912611394,2.2597349275877394,2.4751345653627394e-07,0.05431863664511959,0.9972502783846486,0.00010002875023206285,0.8676987623717829,0.9956153350130375,0.003163266845285734,0.8912033048546143,0.9985363034279159,0.055444019718495385,0.9025576363062566,0.9992678836900099,0.16129032258064516,0.0967741935483871,0.0967741935483871,0.0967741935483871,0.0967741935483871,0.004833578568539956,-0.0054994432307027274,0.2985188075658927,0.1585424505500437
22.0,0.005393423354244152,0.289925031914635,0.006152501479220529,0.009159118563206087,1.932399143234551,0.158262268810624,1.1341058688694923,1.2758504006757792,0.11756864278174742,0.20129853185096638,0.9477938179913836,1.4496251595731748,1.932399143234551,2.193622647684703,4.828360756564907e-07,0.05446351809308909,0.9969237492603897,0.00010004224363086021,0.8672535669830252,0.9852792006342662,0.0035825026740415977,0.8911434866961898,0.9950687875686396,0.059109782441339284,0.9028896325242471,0.9975313463541653,0.16129032258064516,0.0967741935483871,0.0967741935483871,0.0967741935483871,0.0967741935483871,0.005535699780465933,-0.006152501479220529,0.289925031914635,0.15375948087638255
22.200000000000003,0.006133713434133812,0.281608674440886,0.0070572854847268385,0.009325179002740693,1.876402031603984,0.1588284537562253,1.1329521274748842,1.2638766941378978,0.11868246380024944,0.20103178925005474,0.9444151627278605,1.4080433722044299,1.8764020316039842,2.1295682294092617,8.39810536801071e-07,0.05460776982460873,0.9964713572576366,0.00010006154144248385,0.8666141420708218,0.9778416374201749,0.004047846603020749,0.8910013350186948,0.9925586371001671,0.06292874993472691,0.9031911374848101,0.9962723702434519,0.16129032258064516,0.0967741935483871,0.0967741935483871,0.0967741935483871,0.0967741935483871,0.005962756307442668,-0.0070572854847268385,0.281608674440886,0.14911513715566527
22.400000000000002,0.006969632044040226,0.2735641053666233,0.008127807573481194,0.009532957742675496,1.8221975431044386,0.15942377882747644,1.131734119071821,1.255340038736599,0.11948953699506247,0.20077102098805355,0.9408884992139437,1.3678205268331165,1.8221975431044386,2.0675254909436656,1.381857774709085e-06,0.05486860066061225,0.9959360962132594,0.00010008901466362403,0.8658706632347856,0.9724816758340137,0.004564692614672467,0.890818375680824,0.9907417663918515,0.06691501437110524,0.9034858895202251,0.9953601178662854,0.16129032258064516,0.0967741935483871,0.0967741935483871,0.0967741935483871,0.0967741935483871,0.006188684897758895,-0.008127807573481194,0.2735641053666233,0.14460569258284683
22.6,0.007943122506871698,0.2657898783231926,0.009342187215535924,0.009788735310872786,1.7697554570984917,0.16005058846734435,1.1304864550802782,1.2533494791395954,0.1196793093199932,0.20050421371217692,0.937203676889979,1.3289493916159631,1.7697554570984917,2.0074450226578437,2.208217482314263e-06,0.05523890363930802,0.995328906392232,0.00010012794842153422,0.8650742397180583,0.9712249157625432,0.0051386712442785245,0.8906177938512733,0.9903147955832453,0.0710800491487157,0.9037874675843065,0.9951456140819309,0.16129032258064516,0.0967741935483871,0.0967741935483871,0.0967741935483871,0.0967741935483871,0.006266790839911024,-0.009342187215535924,0.2657898783231926,0.140222430415322
22.8,0.009069705868345535,0.2582849930038516,0.010706295827938028,0.010092301605493324,1.7190511185806816,0.16071121426252524,1.129234602154658,1.2540452754660352,0.11961290627585688,0.20022387945882322,0.9333511708459358,1.291424965019258,1.7190511185806816,1.9492825658969146,3.459945719084149e-06,0.05568376091506184,0.994646852086031,0.00010018288782137762,0.864255345074767,0.9716645133751903,0.005775872630193309,0.8904133690826034,0.9904641860437299,0.07543462048042911,0.9041043354850951,0.9952206708862626,0.16129032258064516,0.0967741935483871,0.0967741935483871,0.0967741935483871,0.0967741935483871,0.006236245397375134,-0.010706295827938028,0.2582849930038516,0.13595723751471572
23.0,0.010355786905608894,0.2510478944966978,0.012235084417058228,0.010443700655715605,1.6700621285889194,0.16140811308626604,1.1279972447497122,1.2538838182607752,0.11962830831333361,0.19992486635733703,0.9293213155885859,1.255239472483489,1.6700621285889194,1.8930005267959122,5.327864613560575e-06,0.05617425423232571,0.9938824577914709,0.00010026011199660267,0.8634329997588713,0.9715625349248626,0.006482995033194776,0.890213868316486,0.9904295342570565,0.07998965348336076,0.90444231649399,0.9952032616284758,0.16129032258064516,0.0967741935483871,0.0967741935483871,0.0967741935483871,0.0967741935483871,0.006125928177305964,-0.012235084417058228,0.2510478944966978,0.13180395122456748
23.200000000000003,0.011807177499103335,0.24407655201912948,0.013945777821882999,0.010845122755329823,1.6227675774117987,0.16214393924834528,1.126788104153661,1.2531716739447083,0.11969628991679412,0.1996032278316593,0.9251039582198308,1.2203827600956474,1.6227675774117987,1.838567043666371,8.063094291095872e-06,0.056693906151706504,0.9930271110890585,0.00010036828398723732,0.862619578610077,0.9711125284089829,0.0072674607668383445,0.8900253088506154,0.9902765952405735,0.08475662419894654,0.9048058715117053,0.9951264205442233,0.16129032258064516,0.0967741935483871,0.0967741935483871,0.0967741935483871,0.0967741935483871,0.005957160411364723,-0.013945777821882999,0.24407655201912948,0.12775808527128288
23.400000000000002,0.013432214116355874,0.23736884783901802,0.015856873234018964,0.011300926921003105,1.5771483734322234,0.16292158711354252,1.1256172112679352,1.2521169996475168,0.11979711164549836,0.1992556161331783,0.9206883056906555,1.18684423919509,1.5771483734322234,1.7859546672902584,1.1990020352367737e-05,0.0572361698507295,0.9920715633829905,0.00010051934147383776,0.8618233534686928,0.9704454554403849,0.008137519648657533,0.889852148689328,0.9900497971525047,0.08974773224511967,0.9051987845712745,0.9950124595524923,0.16129032258064516,0.0967741935483871,0.0967741935483871,0.0967741935483871,0.0967741935483871,0.005745676398236421,-0.015856873234018964,0.23736884783901802,0.12381615513966816
23.6,0.015242705345634516,0.23092292492366384,0.01798867136079174,0.011817338152027063,1.533187830362105,0.16374423335368135,1.1244918833296207,1.250860153285671,0.11991748206703252,0.19887890899356303,0.9160627945657522,1.154614624618319,1.533187830362105,1.7351395007682309,1.7521293678394636e-05,0.05780116475513246,0.9910056643196041,0.0001007297207160552,0.8610499438674794,0.9696495414427988,0.009102364725160452,0.8896979698707496,0.9897790583758771,0.09497604802418752,0.9056245848404672,0.9948764022482839,0.16129032258064516,0.0967741935483871,0.0967741935483871,0.0967741935483871,0.0967741935483871,0.00550312261256021,-0.01798867136079174,0.23092292492366384,0.11997514107098178
23.8,0.01725420187169285,0.22473746296795538,0.02036432708439606,0.012402175251938232,1.4908723153576864,0.164615383690179,1.1234174336271725,1.2494949516068898,0.12004850424333069,0.19846994077301597,0.9112149583924278,1.1236873148397768,1.4908723153576864,1.6861008065929248,2.5174107557965013e-05,0.05839309499827254,0.989817836457802,0.00010102204132285564,0.8603031632780243,0.9687838143009967,0.01017226625026535,0.8895659010329343,0.9894844036153798,0.100455662638639,0.906086850510765,0.9947283050341058,0.16129032258064516,0.0967741935483871,0.0967741935483871,0.0967741935483871,0.0967741935483871,0.005238167013806819,-0.02036432708439606,0.22473746296795538,0.11623212162898391
24.0,0.019486287726532766,0.21881188508830485,0.023010931013335734,0.013064750859831721,1.4501918983963662,0.1655389283527098,1.1223976657609804,1.248083049603714,0.1201843098883743,0.19802526108191523,0.9061312737291534,1.0940594254415241,1.4501918983963664,1.6388210169364805,3.5588025669623015e-05,0.05901869769068142,0.9884945344933321,0.00010142743121351977,0.8595855157192642,0.9678871604469884,0.011358730977775728,0.889458912155509,0.9891790376506163,0.10620186192842211,0.906589481632566,0.9945748009612165,0.16129032258064516,0.0967741935483871,0.0967741935483871,0.0967741935483871,0.0967741935483871,0.004957278706683305,-0.023010931013335734,0.21881188508830485,0.11258406224229102
24.200000000000003,0.02196332627722617,0.2131465455315746,0.025960955591520563,0.013815932823789602,1.4111410519157948,0.16651920825753053,1.1214352530524603,1.246663926695474,0.12032112006128569,0.19754084970520794,0.9007969805382288,1.065732727657873,1.4111410519157948,1.593286001157516,4.9543934998783147e-05,0.059686207818563104,0.9870195222042397,0.00010198874447656678,0.8588985098331924,0.9669845736690332,0.012674692521330164,0.8893800758563832,0.9888714606093115,0.11223132948501964,0.9071370223423404,0.9944201614486405,0.16129032258064516,0.0967741935483871,0.0967741935483871,0.0967741935483871,0.0967741935483871,0.004665309846607041,-0.025960955591520563,0.2131465455315746,0.10902767652325958
24.400000000000002,0.024715682841946175,0.20774294812216093,0.029254385659001514,0.014668345014097514,1.3737195127490625,0.1675610898884185,1.1205320309371924,1.2452618010206704,0.12045659786323928,0.19701171180995983,0.8951958960155206,1.0387147406108046,1.3737195127490625,1.5494854832742475,6.798438056170376e-05,0.06040456805802506,0.9853728071704992,0.0001027650269984642,0.8582428485042272,0.9660914684070809,0.014134733519188309,0.8893328598556536,0.9885669261434671,0.11856235708374366,0.907735118408337,0.9942670279439229,0.16129032258064516,0.0967741935483871,0.0967741935483871,0.0967741935483871,0.0967741935483871,0.004365893742321408,-0.029254385659001514,0.20774294812216093,0.10555928681711155
24.6,0.02778189640300227,0.2026040299622176,0.03294219284299249,0.01563678765318987,1.337933424806088,0.1686700474637741,1.1196892098711124,1.2438898678263481,0.12058945400216137,0.1964312008084479,0.8893102376829298,1.013020149811088,1.337933424806088,1.5074136480770055,9.203716972820248e-05,0.06118269043017202,0.9835289035785038,0.00010383772957907127,0.8576184986730395,0.9652163135789975,0.015755339930805,0.8893215384890483,0.9882683303479203,0.12521504464616523,0.9083912826131503,0.9941168577619223,0.16129032258064516,0.0967741935483871,0.0967741935483871,0.0967741935483871,0.0967741935483871,0.0040616801063950575,-0.03294219284299249,0.2026040299622176,0.10217465630828962
24.8,0.03121269947930427,0.19773459166268306,0.03709274823181241,0.016739011616587775,1.303797000674081,0.16985224356096948,1.1189075657452545,1.2425526446900554,0.1207192312060277,0.1957897351386016,0.8831205102460515,0.9886729583134153,1.303797000674081,1.4670699646035832,0.00012304310043103847,0.06202827287233195,0.9814536258840938,0.0001053193612103062,0.8570246417459185,0.9643620784500528,0.01755517495934677,0.8893519173632258,0.9879766980473048,0.13221142812736086,0.9091163452046834,0.9939701677671486,0.16129032258064516,0.0967741935483871,0.0967741935483871,0.0967741935483871,0.0967741935483871,0.0037543173979959488,-0.03709274823181241,0.19773459166268306,0.09886871463330137
25.0,0.03507915894016025,0.1931420304582424,0.04180571165609903,0.017997225343452435,1.2713351994627289,0.17111459531177506,1.1181876698803404,1.2412461806654003,0.12084629329500844,0.195071806651784,0.8766055269960826,0.965710152291212,1.2713351994627289,1.4284603060951346,0.00016259213835021196,0.06294507238311128,0.9790971441719505,0.00010736552800761419,0.8564593879336422,0.9635263256118896,0.01955534817289748,0.8894329396290653,0.9876912087883716,0.13957545532487137,0.9099278353804745,0.9938265467257543,0.16129032258064516,0.0967741935483871,0.0967741935483871,0.0967741935483871,0.0967741935483871,0.0034440734632986136,-0.04180571165609903,0.1931420304582424,0.09563503178614402
25.200000000000003,0.03949292129823095,0.18883785854381935,0.04724818101854056,0.019441625259356755,1.2405889386395983,0.17246478564560389,1.1175303055380008,1.2399537296657706,0.12097225598928799,0.19424756335719442,0.8697427677104673,0.9441892927190967,1.2405889386395983,1.391598682710936,0.00021258265696377725,0.0639247998176279,0.9763759094907297,0.00011019156118920078,0.8559187906955106,0.9626983999763732,0.021779600966906013,0.8895811601294092,0.9874082304269327,0.14733258133582158,0.9108594954946814,0.9936841683540907,0.16129032258064516,0.0967741935483871,0.0967741935483871,0.0967741935483871,0.0967741935483871,0.0031279635647195048,-0.04724818101854056,0.18883785854381935,0.09246460726498014
25.400000000000002,0.0446746853760572,0.18484149440107447,0.053796262005046946,0.021120962597481533,1.2116271968829673,0.17391121950603172,1.1169379563281172,1.2386210544677563,0.12110241422018778,0.19323517235859008,0.8625090458571454,0.9242074720053723,1.2116271968829673,1.3565101307971184,0.00027533319531564956,0.06490941947120024,0.9731018689974765,0.00011409530231847143,0.8553920998192462,0.9618435209215923,0.024254377194950924,0.8898405252872498,0.9871158692824887,0.1555090144014543,0.9120038230489039,0.9935370476761779,0.16129032258064516,0.0967741935483871,0.0967741935483871,0.0967741935483871,0.0967741935483871,0.0027870721462389947,-0.053796262005046946,0.18484149440107447,0.0893425494836275
25.6,0.057769502256255344,0.18126736940946142,0.09710079816080963,0.02376067018065836,1.1846789316209372,0.17289713144565802,1.1176814416743819,1.2355837710331197,0.12140010537252295,0.175726128302602,0.8675678928030414,0.906336847047307,1.1846789316209372,1.323236716455561,0.0003538752671688299,0.06173423183775392,0.9514496009195952,0.00011125613715928939,0.860248393243677,0.9598906639508642,0.022509603426577988,0.9100385688072633,0.9864473587861335,0.14979088972357446,0.9317946761767799,0.9932005608951466,0.22580645161290322,0.06451612903225806,0.06451612903225806,0.06451612903225806,0.06451612903225806,-0.041969824560410283,-0.09710079816080963,0.18126736940946142,0.08615930634437248
25.8,0.15842061052092357,0.1822563225139101,0.8973113822955541,0.04961271663816909,1.1643687645189933,0.7095265228949685,1.1250849793368445,1.223558819743242,0.12259320727341638,0.13664709280918336,0.21140858750139288,0.9112816125695505,1.1643687645189933,1.2918645496340417,0.0004537799504495718,0.059404083935175066,0.551344308852223,0.5019129916190559,0.8740173922398454,0.9520970310515537,0.7947057056334105,0.9532882244729045,0.9837703407610895,0.8914620168387517,0.9759665595392407,0.991851971879569,0.3548387096774194,0.0,0.0,0.0,0.0,-0.10228376777001896,-0.8973113822955541,0.1822563225139101,0.07865380699332819
26.0,0.4849915456892874,0.21427102332978198,0.63781512202878,0.12053885182998249,1.1933667217262762,1.0286921197724574,1.1351487183733846,1.2164305225644625,0.12331160491087646,0.13266802270417277,0.14581622345194925,1.07135511664891,1.1933667217262762,1.2632269229469164,0.0006405468709391012,0.11533167997445758,0.68109243898561,0.8105711348958858,0.8896236841579992,0.947429772759206,0.9323882905875682,0.9614014278892413,0.9821601933249542,0.9656024918447955,0.9804641889804583,0.9910399514126079,0.5483870967741935,0.0,0.0,0.0,0.0,-0.030898504017517772,-0.63781512202878,0.21427102332978198,0.03965350663492135
26.200000000000003,0.6719045054228235,0.25204996312689537,0.6630807797013547,0.13252696782266324,1.2638274746000644,1.0808097941913486,1.1398412273605008,1.2007758910812008,0.12491923023615775,0.13179851413510588,0.13878482671618325,1.2393244711654965,1.2638274746000644,1.3152183054843019,0.001424054044704345,0.12144490649922184,0.6684596101493226,0.8514334093933934,0.8941919465844251,0.9370544561591296,0.9478001250337998,0.9632722109659986,0.9785617943954246,0.9735502324316824,0.9814470134184349,0.9892228175590658,0.6451612903225806,0.0,0.0,0.0,0.0,-0.017735023882311227,-0.6630807797013547,0.25204996312689537,0.028269783753786824
26.400000000000002,0.7983120389370936,0.29248074294102094,0.725774598468822,0.12333086806153006,1.357159345432947,1.1022634782580023,1.1426183697386088,1.185928468215735,0.126483176700935,0.13137230966761546,0.13608361608520073,1.2515715273974255,1.357159345432947,1.5092648156060904,0.0025626103670091057,0.11108234647932642,0.637112700765589,0.8675808616761889,0.8965771316614541,0.927052076519071,0.9537543914429837,0.9642000439289433,0.9750675011296097,0.9766034695298523,0.9819287615933537,0.9874550548710919,0.7096774193548387,0.0,0.0,0.0,0.0,-0.010582455758023544,-0.725774598468822,0.29248074294102094,0.0629412404159945
26.6,0.8920505182632914,0.33442704381963395,0.8014280520201043,0.10650637704486575,1.4639027517791325,1.1106545867483921,1.1442239985060123,1.1769039457306807,0.12745305217485062,0.13115124598762198,0.13505549050956292,1.2830045919974513,1.4639027517791325,1.7127872063215372,0.0028878629410655303,0.0953043042368755,0.5992859739899479,0.8737935253085283,0.8978605014396019,0.9208939608449003,0.9560255832130612,0.9646846429430569,0.9729036684740356,0.9777655822185518,0.9821786346765826,0.9863587835386757,0.7741935483870968,0.0,0.0,0.0,0.0,-0.005736341490404341,-0.8014280520201043,0.33442704381963395,0.09722315098647376
26.8,0.9701584542869441,0.37730588579779056,0.8823168207600856,0.08844859238935951,1.579120386494594,1.111234504587683,1.1449916851214488,1.1728321111923894,0.12789554324829894,0.1310543544008182,0.13498500935736926,1.3341011264424945,1.579120386494594,1.9219569170220892,0.0023708164747460853,0.07913059441305131,0.5588415896199572,0.874220776802352,0.8984404868394817,0.9180957602710232,0.9561813792920856,0.9648983008680548,0.9719172509691,0.9778452485970752,0.9822881533434855,0.9858586262589859,0.8387096774193548,0.0,0.0,0.0,0.0,-0.002087974920403232,-0.8823168207600856,0.37730588579779056,0.12881187757996443
27.0,1.0428267169294594,0.42094403564379007,0.96551699015698,0.0718710418339186,1.7006428628717871,1.1060821945628592,1.1451043886074563,1.1720743460483938,0.12797822979891982,0.13104723836586016,0.13561379139574914,1.399963283609651,1.7006428628717871,2.132650231458608,0.0015578152402399108,0.06458167956322249,0.51724150492151,0.8704152918429473,0.8984986440594402,0.9175736582740526,0.9547919275252649,0.9649151159970528,0.971732978531777,0.9771345225899197,0.9822961967524951,0.9857651638532853,0.8387096774193548,0.0,0.0,0.0,0.0,0.0008759848020679917,-0.96551699015698,0.42094403564379007,0.15719418022498047
27.200000000000003,1.114962976443828,0.46536702401213087,1.0498667788799108,0.05762929995321375,1.8277929965541422,1.0960783589276255,1.144666893773282,1.1733885447456451,0.12783489379685006,0.13111471899483737,0.13685152961760516,1.4775127127192138,1.8277929965541424,2.351985600161034,0.0008579208190552103,0.052207506185031914,0.4750666105600446,0.8629646389873288,0.8981219806952796,0.9184788723137318,0.9520597861459476,0.964768289477298,0.9720524233837926,0.9757354801704031,0.9822199219305918,0.9859271796524247,0.7741935483870968,0.0,0.0,0.0,0.0,0.0034524414041267326,-1.0498667788799108,0.46536702401213087,0.18592216262538808
27.400000000000002,1.1879292673975603,0.5105785335606978,1.1344404769764687,0.04578895466475324,1.9604873246015377,1.0827907914736428,1.1437367325242096,1.1759644416594899,0.12755487724469286,0.13125089361882972,0.13853091583449367,1.565059445535378,1.9604873246015377,2.5738404033132527,0.00040362648095970465,0.041961914976519646,0.4327797615117657,0.8529405045775745,0.89734941387205,0.9202494163211655,0.9483590256530616,0.9644711081513363,0.9726766319302902,0.9738372334210581,0.9820660007927757,0.9862436884486445,0.7096774193548387,0.0,0.0,0.0,0.0,0.005826924548436488,-1.1344404769764687,0.5105785335606978,0.21281059661277862
27.6,1.2611051864996372,0.5564173040289172,1.2179539306552023,0.03614815443970564,2.0987068435255525,1.0658304861517687,1.1423416502074208,1.1792960377721493,0.12719452554370522,0.13145506231689627,0.14073532512809056,1.6617038569032767,2.0987068435255525,2.7973855843985413,0.00016275447956790287,0.033620673349541656,0.39102303467239885,0.839930006665705,0.8961923184376721,0.9225321041687395,0.9435122434470627,0.964025655606914,0.9734802171940408,0.9713455416745644,0.981835224474901,0.9866510018100034,0.6451612903225806,0.0,0.0,0.0,0.0,0.00811720690155264,-1.2179539306552023,0.5564173040289172,0.23786936362817224
27.8,1.3329415344472726,0.602525418815502,1.298698097280413,0.028432939350116714,2.242255635811404,1.0457278657802385,1.1404902795368854,1.1830718346413984,0.12678858173093654,0.1317300543970207,0.14344076017146393,1.7669159539987063,2.242255635811404,3.0209543724269547,5.588038037787692e-05,0.026929307353889067,0.35065095135979346,0.8241889020438377,0.8946441471273341,0.9251092507621964,0.9375808406174936,0.9634264813053787,0.974385870464843,0.9682875296312341,0.9815243949486474,0.9871098489264414,0.6129032258064516,0.0,0.0,0.0,0.0,0.010400367797763183,-1.298698097280413,0.602525418815502,0.26088891066738995
28.0,1.4014949716411225,0.6483850444893825,1.3747185871492529,0.022354547795517567,2.3906709065996186,1.0223114358311853,1.1381782186571956,1.187100142865718,0.1263583370800484,0.13208183500627357,0.1467263250146891,1.8802887629507798,2.390670906599619,3.242263281635757,1.6153471854168713e-05,0.02163954943599508,0.31264070642537356,0.80540375210368,0.8926841330793608,0.9278472188427689,0.9304027108028566,0.9626615787263145,0.9753461981562894,0.9645737842636141,0.9811267696786045,0.9875961638084848,0.5806451612903225,0.0,0.0,0.0,0.0,0.012732642218610396,-1.3747185871492529,0.6483850444893825,0.28154459942725646
28.200000000000003,1.464733069231685,0.6933817194323184,1.4440630537589652,0.01763152554679179,2.5432025314304307,0.9949604857311354,1.1353904404077102,1.1912611313107044,0.12591697660357645,0.1325202559283499,0.1507597559412364,2.0013990634338,2.5432025314304307,3.466908597161592,3.893619010406773e-06,0.017520758414715294,0.27796847312051737,0.7828319092909424,0.8902761860016738,0.9306629393725984,0.9216284025544957,0.9617110029641869,0.9763318284714896,0.9600147096040565,0.9806312129794922,0.988095043149834,0.5806451612903225,0.0,0.0,0.0,0.0,0.015167198194330822,-1.4440630537589652,0.6933817194323184,0.3028719703037436
28.400000000000002,1.5206454474470261,0.7368531313580202,1.5048754391045387,0.014005969399970971,2.6988250830616956,0.9623359467002923,1.1320996744034901,1.1954774577263636,0.12547288033793602,0.13306176014771764,0.15587072322750473,2.1297249732746235,2.6988250830616956,3.684265656790101,7.808866926268645e-07,0.014371414855820762,0.2475622804477306,0.754989558962833,0.887360793402805,0.9335032974435596,0.9105697444330153,0.9605415622971568,0.9773240707015871,0.9542376721724031,0.9800191389885097,0.9885970148131541,0.5483870967741935,0.0,0.0,0.0,0.0,0.017778789229787623,-1.5048754391045387,0.7368531313580202,0.3212717412598653
28.6,1.566850918636313,0.7780571080063703,1.5550064698297452,0.01125826855829771,2.856227003279668,0.9213651022688465,1.1282573093459716,1.199698161222696,0.1250314494498554,0.13373750455060143,0.1628019116749999,2.264596961656476,2.856227003279668,3.8902855400318512,1.3151519526023405e-07,0.012038489101725867,0.22249676508512742,0.7185540677988713,0.8838295642679685,0.9363337643591083,0.8956793027316459,0.9590908039004395,0.9783108571641475,0.9464031991921895,0.9792553303998346,0.9890959737422752,0.5483870967741935,0.0,0.0,0.0,0.0,0.020722257655560877,-1.5550064698297452,0.7780571080063703,0.335975639530911
28.8,1.598155949117469,0.8158205844995723,1.5896934552134137,0.009230007518822744,3.0136026498642843,0.863126845624341,1.1237593514983177,1.2038918513387327,0.1245959093694333,0.1346251302012271,0.17378673918026244,2.4051696775252425,3.0136026498642843,4.079102922497861,1.9081937503036345e-08,0.010479415527414607,0.20515327239329317,0.6638164889974579,0.8794299920912737,0.939133465740474,0.8723317968146393,0.95720486211212,0.9792849632032611,0.9339868098623932,0.9782520278307226,0.9895882741634389,0.5161290322580645,0.0,0.0,0.0,0.0,0.024481579971618192,-1.5896934552134137,0.8158205844995723,0.34594620396100795
29.0,1.5748170093838467,0.8449046037154471,1.5734122348629305,0.008011889382450888,3.1667640584480723,0.7282194587969434,1.1182016578741614,1.2080458226091326,0.12416747543237275,0.13617219829760735,0.2059818619071342,2.550393087782416,3.1667640584480723,4.224523018577235,2.5070637237707043e-09,0.01045045044047322,0.21329388256853477,0.5229922198498224,0.8729314503870348,0.9418942915637585,0.8056795611090872,0.9540208343680957,0.9802436489842545,0.8975959627502379,0.9765033431294688,0.9900725423562797,0.5161290322580645,0.0,0.0,0.0,0.0,0.033622007076248725,-1.5734122348629305,0.8449046037154471,0.3459868523642627
29.200000000000003,0.6886858269095457,0.731431909359796,0.7046996928094107,0.011435128702686906,3.2056466121281106,0.153,1.3385820941980104,2.17870321106784,0.06884829436060776,0.14105180358138378,0.9803921568627451,2.698870699854519,3.2056466121281106,3.7973940073490913,4.217314331697161e-10,0.025153490865470265,0.6476501535952947,0.00010000011857921843,0.9268659329808016,1.0,0.0005912552900622074,0.9538301808082787,1.0,0.022263171355498768,0.9614559087122312,1.0,0.03225806451612903,0.03225806451612903,0.03225806451612903,0.03225806451612903,0.03225806451612903,1.0289745163454975,-0.7046996928094107,0.731431909359796,0.25600993872923467
29.400000000000002,0.46219842805190264,0.6619159531003564,0.461743146043496,0.012850851043284697,3.1809664582464188,0.153,1.50095111315061,2.418276078281667,0.06202765736597955,0.13099281646027988,0.9803921568627451,2.8426512125423447,3.1809664582464188,3.4926661760961446,3.513877790366922e-10,0.029116485265769376,0.769128426978252,0.00010000011857921843,0.9478589635816443,1.0,0.0005912552900622074,0.9610229923312017,1.0,0.022263171355498768,0.9650772395403412,1.0,0.03225806451612903,0.03225806451612903,0.03225806451612903,0.03225806451612903,0.03225806451612903,0.6777742186185558,-0.461743146043496,0.6619159531003564,0.17217428399062032
29.6,0.25332022075088856,0.60075903080987,0.2374645331501175,0.011286071243567045,3.1263235549672213,0.153,1.5847596506773924,2.364234277908435,0.0634454890539445,0.12512425636736435,0.9803921568627451,2.9568763240339906,3.1263235549672213,3.2731639515866267,4.036623520720817e-10,0.031823373965108884,0.8812677334249412,0.00010000011857921843,0.9598958597367842,1.0,0.0005912552900622074,0.9651155326916817,1.0,0.022263171355498768,0.9671336985452571,1.0,0.03225806451612903,0.03225806451612903,0.03225806451612903,0.03225806451612903,0.03225806451612903,0.4049883924690205,-0.2374645331501175,0.60075903080987,0.12103566118524864
29.8,0.032153718589933565,0.5394150891688593,0.00586484895550532,0.0060735739139799625,3.040973500873656,0.153,1.6084039474881524,2.175008849969712,0.06896523662516997,0.12220604625022216,0.9803921568627451,2.6970754458442965,3.0409735008736565,3.1320535045729283,4.434197734069532e-10,0.03275536450265774,0.9970675755222473,0.00010000011857921843,0.9671635981464607,1.0,0.0005912552900622074,0.9675667313695485,1.0,0.022263171355498768,0.968362910957338,1.0,0.03225806451612903,0.03225806451612903,0.03225806451612903,0.03225806451612903,0.03225806451612903,0.15014090905427233,-0.00586484895550532,0.5394150891688593,0.11100759836335584
30.0,0.005602318544380356,0.48994490422285075,0.0055606809908119725,0.0051559509323403085,2.94049598791219,0.153,1.5836476586360868,1.934207406387587,0.0775511455000303,0.12213570184417252,0.9803921568627451,2.4497245211142538,2.94049598791219,3.0683920422388757,2.1565683769219674e-10,0.03231328460752366,0.997219659504594,0.00010000011857921843,0.9677451612941477,1.0,0.0005912552900622074,0.9677610082351633,1.0,0.022263171355498768,0.9684601023017902,1.0,0.03225806451612903,0.03225806451612903,0.03225806451612903,0.03225806451612903,0.03225806451612903,-0.04030922881187407,-0.0055606809908119725,0.48994490422285075,0.12916741472015822
30.200000000000003,0.005234643210293765,0.45715232743591727,0.00528431271122809,0.005165644038287249,2.8470437096693453,0.153,1.5327203878457127,1.74796240163647,0.08581420278809637,0.12444994353326125,0.9803921568627451,2.2857616371795864,2.8470437096693457,3.0566691546764004,7.365343046935168e-11,0.0323481235596474,0.997357843644386,0.00010000011857921843,0.9635443139308355,1.0,0.0005912552900622074,0.9662951141549284,1.0,0.022263171355498768,0.9677186328671341,1.0,0.06451612903225806,0.03225806451612903,0.03225806451612903,0.03225806451612903,0.03225806451612903,-0.15629720852602974,-0.00528431271122809,0.45715232743591727,0.1593208869493416
30.400000000000002,0.005009509060817188,0.4327002687318284,0.005042797612934358,0.005172060513642665,2.7591881471295308,0.153,1.4674686120216733,1.6249575498461113,0.09231010374037493,0.12886880463312747,0.9803921568627451,2.1635013436591417,2.7591881471295308,3.0220547782710288,1.6200414171800424e-10,0.03238686559306834,0.9974786011935328,0.00010000011857921843,0.9567087036249003,1.0,0.0005912552900622074,0.9637179499112382,1.0,0.022263171355498768,0.9663887868411438,1.0,0.06451612903225806,0.03225806451612903,0.03225806451612903,0.03225806451612903,0.03225806451612903,-0.23737749274861242,-0.005042797612934358,0.4327002687318284,0.17743437648645669
30.6,0.004722446630419502,0.41318568958615876,0.0047822537110089325,0.005180702009091177,2.6756383758971207,0.153,1.3935592764676175,1.5523120382047462,0.09663005652747206,0.135417280630192,0.9803921568627451,2.0659284479307938,2.6756383758971207,2.96837290619912,3.761139718947682e-10,0.0324377051009034,0.9976088731444955,0.00010000011857921843,0.9403448622672241,1.0,0.0005912552900622074,0.9573142810578348,1.0,0.022263171355498768,0.9630464242845537,1.0,0.12903225806451613,0.03225806451612903,0.03225806451612903,0.03225806451612903,0.03225806451612903,-0.29702526755408665,-0.0047822537110089325,0.41318568958615876,0.18650518804212077
30.8,0.004309523298392428,0.396794508155928,0.004407381232034657,0.005195995285644752,2.595590304023861,0.153,1.3147817604037582,1.5236309374344086,0.09844903796229026,0.14553038270666657,0.9803921568627451,1.9839725407796398,2.595590304023861,2.903363231995901,8.738248473442607e-10,0.032522980564237004,0.9977963093839827,0.00010000011857921843,0.908685677987667,1.0,0.0005912552900622074,0.9426910729633157,1.0,0.022263171355498768,0.9549983428553451,1.0,0.1935483870967742,0.06451612903225806,0.06451612903225806,0.03225806451612903,0.03225806451612903,-0.3273336684827377,-0.004407381232034657,0.396794508155928,0.19000740951802733
31.0,0.00033311679949791785,0.38218682321736025,0.0001295687110436372,0.005048715021532969,2.518034859729276,0.153,1.2782932587912397,1.5127293223459994,0.09915851949466688,0.16884196905824586,0.9803921568627451,1.9109341160868012,2.518034859729276,2.8321225351594386,1.927264980909106e-09,0.03290134729646185,0.9999352156444782,0.00010000011857921843,0.9024161871161085,1.0,0.0005912552900622074,0.923333774484592,1.0,0.022263171355498768,0.9308867599097834,1.0,0.1935483870967742,0.06451612903225806,0.06451612903225806,0.06451612903225806,0.06451612903225806,-0.33374665644234935,-0.0001295687110436372,0.38218682321736025,0.1903789399416784
31.200000000000003,0.00019845178316503967,0.36905511368911026,0.0001457355560732232,0.005029632869256901,2.4429793787965877,0.153,1.239245327030774,1.4874599777923956,0.1008430493858541,0.17265550124545204,0.9803921568627451,1.845275568445551,2.442979378796588,2.7578016527749765,6.032653706172356e-10,0.03281224922215432,0.9999271322219634,0.00010000011857921843,0.8899350307334976,1.0,0.0005912552900622074,0.9185584243998555,1.0,0.022263171355498768,0.9284462770519423,1.0,0.25806451612903225,0.06451612903225806,0.06451612903225806,0.06451612903225806,0.06451612903225806,-0.3968891367637136,-0.0001457355560732232,0.36905511368911026,0.18858872409474792
31.400000000000002,0.00017951605394764576,0.35701725734570583,0.00014504809238347072,0.00502122625255828,2.370424988061178,0.153,1.1940837201187102,1.4561746953720542,0.10300961861013168,0.17771940521835514,0.9803921568627451,1.785086286728529,2.370424988061178,2.6822838395196853,4.022633150357295e-10,0.032758702644143614,0.9999274759538083,0.00010000011857921843,0.8708510196180242,1.0,0.0005912552900622074,0.9109666155716635,1.0,0.022263171355498768,0.9244909469601673,1.0,0.3225806451612903,0.0967741935483871,0.0967741935483871,0.06451612903225806,0.06451612903225806,-0.4547684246600455,-0.00014504809238347072,0.35701725734570583,0.185420827576839
31.6,0.00016350727380982244,0.3457674576699963,0.00013339140908108504,0.005015105358005749,2.3001921568133876,0.153,1.14344195262271,1.4213847625867622,0.1055308906836856,0.1847335481025913,0.9803921568627451,1.7288372883499812,2.3001921568133876,2.6068197167364753,7.124552857153226e-10,0.032719563856455025,0.9999333042954595,0.00010000011857921843,0.8445121442099123,1.0,0.0005912552900622074,0.8993730888656982,1.0,0.022263171355498768,0.9182281107720233,1.0,0.3870967741935484,0.0967741935483871,0.0967741935483871,0.06451612903225806,0.06451612903225806,-0.5088540268123479,-0.00013339140908108504,0.3457674576699963,0.18144970186654213
31.8,0.0003141102635735232,0.33511749313301475,0.01013757592883513,0.006418756131938944,2.232143635178891,0.15581234853621848,1.1220392540996205,1.3831213800174469,0.10845035162286905,0.20534999718318953,0.9626964833607691,1.6755874656650735,2.232143635178891,2.5322113840546283,1.3275983042518534e-09,0.040979736610858346,0.9949312120355824,0.00010000562248480928,0.8428779340965822,1.0,0.001878062990795042,0.8817739940679786,1.0,0.042264975803336616,0.8964075161122017,1.0,0.4193548387096774,0.0967741935483871,0.0967741935483871,0.0967741935483871,0.0967741935483871,-0.0025589855726372707,-0.01013757592883513,0.33511749313301475,0.17703560980050803
32.0,0.0015835610675311999,0.3250115885332423,0.006384034759101098,0.007795419343631371,2.166323149774598,0.1562936757776383,1.1221863710848934,1.3431752270509916,0.11167567490753422,0.20428417377161934,0.9597317310100734,1.6250579426662113,2.166323149774598,2.4589452962777267,5.054742164972336e-09,0.04904348419809392,0.9968079826204495,0.00010000889625875391,0.8527307162950623,1.0,0.0021719225365768005,0.8856324826307634,1.0,0.045616099836466036,0.8987460985240685,1.0,0.3548387096774194,0.0967741935483871,0.0967741935483871,0.0967741935483871,0.0967741935483871,0.0007130517659068025,-0.006384034759101098,0.3250115885332423,0.17233671974637987
32.2,0.002927769070497339,0.31539736291433046,0.005425211502357863,0.008507443360615614,2.102743831036687,0.15677596529978977,1.1218430879548678,1.3086829444264987,0.11461905317772302,0.2036855769789788,0.9567793106115937,1.5769868145716521,2.102743831036687,2.3873308335404646,4.279570073719905e-08,0.05268897551694552,0.9972873942488211,0.00010001360127992436,0.8579268787774521,1.0,0.0024868821235635974,0.8876347607148906,1.0,0.048953284795919726,0.9001075742210578,1.0,0.1935483870967742,0.0967741935483871,0.0967741935483871,0.0967741935483871,0.0967741935483871,0.002575027884869796,-0.005425211502357863,0.31539736291433046,0.16747109725355455
32.4,0.0039980072423238325,0.30618890031583157,0.005266528050172692,0.008867441902144066,2.0412890182539893,0.15727179144611572,1.1211999972959072,1.2826078023382972,0.11694923399540992,0.20328135324317484,0.95376290064956,1.5309445015791576,2.0412890182539893,2.3175877985854676,1.3571749211132536e-07,0.05411712729501803,0.9973667359749137,0.00010002038792967468,0.8586160895357494,0.9894356746877417,0.002831673279620059,0.8880185962940975,0.9964660831259229,0.052362798550136,0.9006484063998212,0.9982314775707709,0.16129032258064516,0.0967741935483871,0.0967741935483871,0.0967741935483871,0.0967741935483871,0.003771308795115752,-0.005266528050172692,0.30618890031583157,0.16257294804797073
32.6,0.0048247281664911155,0.29731901172670505,0.005666112871869355,0.00906842460210692,1.9818285264889621,0.15778744056555535,1.1203624351788608,1.2638375812139835,0.1186861367549436,0.2029663142693151,0.9506460049187505,1.4865950586335253,1.9818285264889621,2.2498390833644257,3.005905653191947e-07,0.054577016151129046,0.9971669435640653,0.00010003015529080072,0.8583565059497221,0.977817188820166,0.0032123771572528143,0.8880300523098369,0.9925503648308335,0.05588589355327285,0.9010045018006482,0.9962682186229143,0.16129032258064516,0.0967741935483871,0.0967741935483871,0.0967741935483871,0.0967741935483871,0.004546757241519733,-0.005666112871869355,0.29731901172670505,0.1577370984443861
32.800000000000004,0.005563762456685617,0.28875001903467823,0.00640396891967443,0.00923209013544294,1.9242655415111147,0.1583270348882772,1.119401002312255,1.2505227983616454,0.11994983233933867,0.20268996429678351,0.9474061085388661,1.443750095173391,1.9242655415111147,2.1841233358216403,5.601848963781098e-07,0.05477311588444097,0.9967980155401628,0.00010004416126189585,0.8578610444342593,0.9694357275638038,0.0036344203888917493,0.8879375234683782,0.9897063020196287,0.05954801886398622,0.9013168661822087,0.9948398360322295,0.16129032258064516,0.0967741935483871,0.0967741935483871,0.0967741935483871,0.0967741935483871,0.00502610531446733,-0.00640396891967443,0.28875001903467823,0.15301046973397156
33.0,0.006338952378768948,0.2804649248569206,0.007348642519008575,0.009415601816968273,1.8685376487369607,0.15889355862116689,1.1183663856695218,1.2410863406674097,0.12086185713665627,0.2024260092132411,0.9440281991394575,1.402324624284603,1.8685376487369607,2.1204275301501077,9.579970971021428e-07,0.05499359921996132,0.9963256787404957,0.00010006415718819366,0.8572400614267188,0.9634239957163968,0.004103005187429864,0.8877929284918189,0.9876562420311056,0.06336614329095082,0.9016152203512905,0.9938089545771953,0.16129032258064516,0.0967741935483871,0.0967741935483871,0.0967741935483871,0.0967741935483871,0.005289375360128093,-0.007348642519008575,0.2804649248569206,0.14840793387887094
33.2,0.007218804189421976,0.272456753868324,0.008445370018356657,0.009638948131495146,1.8146037581502796,0.15948945434651077,1.117295834896005,1.239140396136024,0.12105165844624283,0.20215984711309673,0.9405010545343409,1.36228376934162,1.8146037581502796,2.058716561918117,1.566994978924295e-06,0.055308831401069444,0.9957773149908217,0.00010009257319467341,0.8565549986378229,0.9621768094789076,0.004623411828684776,0.8876246172040018,0.9872298716456301,0.06735295151517075,0.9019160691592165,0.9935944180308541,0.16129032258064516,0.0967741935483871,0.0967741935483871,0.0967741935483871,0.0967741935483871,0.005393403686836551,-0.008445370018356657,0.272456753868324,0.14392944379914266
33.4,0.008234037761732598,0.2647221304448854,0.009683584635933995,0.009906544887843321,1.7624333045604055,0.1601169847939788,1.116216820520307,1.2404370507861995,0.12092512062980441,0.20188274729574587,0.9368150430324663,1.3236106522244269,1.7624333045604055,1.9989504381778787,2.4962639902284865e-06,0.055707002269717996,0.995158207682033,0.00010013277362249715,0.8558417712022797,0.9630081410837446,0.005201230884504008,0.8874489752761299,0.9875141164501893,0.07151933044642436,0.9022292811066771,0.9937374464755967,0.16129032258064516,0.0967741935483871,0.0967741935483871,0.0967741935483871,0.0967741935483871,0.0053799426383566995,-0.009683584635933995,0.2647221304448854,0.13957022243038003
33.6,0.00939698179563333,0.2572584476200504,0.011071593002852875,0.010218866917184526,1.7120003245531985,0.1607784394346144,1.1151495954123458,1.2407379719394112,0.12089579217563023,0.2015889920298975,0.9329609152040701,1.286292238100252,1.7120003245531987,1.9410914782777748,3.898157802557961e-06,0.05616027674089308,0.9944642034985736,0.0001001894079050897,0.8551224153837057,0.9632009093918334,0.0058425362557230865,0.8872761083371569,0.9875800034717115,0.07587573491624819,0.90256131906965,0.9937705970649249,0.16129032258064516,0.0967741935483871,0.0967741935483871,0.0967741935483871,0.0967741935483871,0.005279960958831556,-0.011071593002852875,0.2572584476200504,0.13532517630335475
33.800000000000004,0.010714097322864567,0.2500630475458777,0.012624031267881808,0.010577061431562609,1.6632811149927675,0.16147624273207642,1.1141090487604584,1.24039241959195,0.12092947169843658,0.20127443581119234,0.9289292187017383,1.2503152377293885,1.6632811149927678,1.885106100325349,5.977063297097024e-06,0.05664734789218155,0.9936879843660591,0.00010026889094579918,0.8544110402353556,0.9629795453793469,0.006554012048686091,0.8871127047134736,0.9875043418654356,0.08043284911840998,0.9029168688018309,0.9937325283681332,0.16129032258064516,0.0967741935483871,0.0967741935483871,0.0967741935483871,0.0967741935483871,0.005116452814291281,-0.012624031267881808,0.2500630475458777,0.1311901116031652
34.0,0.012192012746207808,0.2431332235995073,0.014357456847230443,0.0109841817658515,1.6162537585350856,0.16221301549316078,1.1131060895109872,1.2396458676566822,0.12100229905460569,0.2009357452911939,0.9247100150624121,1.2156661179975363,1.6162537585350856,1.8309645993416328,9.000432845626585e-06,0.057157188033019286,0.9928212715763848,0.00010038006064550756,0.8537169846276133,0.9625010209794675,0.007343058832200485,0.8869635330571916,0.9873407439136265,0.08520190671375856,0.9032996980594225,0.9936502100242519,0.16129032258064516,0.0967741935483871,0.0967741935483871,0.0967741935483871,0.0967741935483871,0.004906508217591546,-0.014357456847230443,0.2431332235995073,0.1271616861444466
34.2,0.013839919030609162,0.2364664625612062,0.016289851088274743,0.01144517074881914,1.5708984223582205,0.16299161737296577,1.1121486774777307,1.238663300091,0.12109828392346819,0.20056996883639835,0.9202927268140564,1.182332312806031,1.5708984223582205,1.7786405389159416,1.3311843719474132e-05,0.05768677873523134,0.9918550744558626,0.00010053507831675012,0.8530465599308186,0.9618706389806876,0.008217896245534914,0.8868322638690084,0.9871251460811784,0.09019486364888046,0.90371314313794,0.993541716240349,0.16129032258064516,0.0967741935483871,0.0967741935483871,0.0967741935483871,0.0967741935483871,0.004662841944235399,-0.016289851088274743,0.2364664625612062,0.12323703339604819
34.4,0.015670193494174638,0.23006068829040385,0.018441207262992698,0.011966596737625944,1.527197894053991,0.16381518765094033,1.1112425569804418,1.2375360445621146,0.12120859077932995,0.2001742623494704,0.9156660145555129,1.1503034414520192,1.527197894053991,1.7281103707552987,1.934593280758893e-05,0.058238402545440486,0.9907793963685037,0.00010075066365308597,0.8524040354008199,0.9611466220962792,0.009187676140068862,0.8867219460303748,0.9868774077816794,0.09542453709541346,0.9041604187824296,0.9934170340031934,0.16129032258064516,0.0967741935483871,0.0967741935483871,0.0967741935483871,0.0967741935483871,0.004394934964005726,-0.018441207262992698,0.23006068829040385,0.1194134320560111
34.6,0.017698764476515368,0.22391445287010137,0.020834403904563592,0.012556481435570074,1.485138137228031,0.16468719315854827,1.1103918308339493,1.2363394618545702,0.12132590168641272,0.1997456703577567,0.9108176362905853,1.1195722643505068,1.4851381372280312,1.6793533772832245,2.7644577711312675e-05,0.058817648273121116,0.9895827980477182,0.00010104979261409636,0.8517922517898973,0.9603771314190209,0.010262616797053844,0.8866353262425739,0.98661397319384,0.10090476444778858,0.9046448656278809,0.9932844349346805,0.16129032258064516,0.0967741935483871,0.0967741935483871,0.0967741935483871,0.0967741935483871,0.004109895330650315,-0.020834403904563592,0.22391445287010137,0.11568809667276168
34.800000000000004,0.019945446616438087,0.21802710540049094,0.023496309952260708,0.013224231702474519,1.4447088952508633,0.16561148372571302,1.1095993675935725,1.2351227030261924,0.12144542370768732,0.1992809116291362,0.9057342922452837,1.0901355270024546,1.4447088952508633,1.6323518319376331,3.8874139257978915e-05,0.05943207046774071,0.9882518450238696,0.00010146403694289826,0.8512129916684298,0.9595936652363963,0.011454161243752465,0.8865750881102946,0.9863456094741653,0.10665057872967228,0.9051701925222911,0.9931493365957292,0.16129032258064516,0.0967741935483871,0.0967741935483871,0.0967741935483871,0.0967741935483871,0.0038131051185532755,-0.023496309952260708,0.21802710540049094,0.11205803635327025
35.0,0.02243462288312582,0.21239895106266823,0.026459091667173418,0.01398072389923526,1.4059043552085988,0.16659235573715364,1.1088670933999043,1.2339166754659552,0.12156412420908126,0.19877612011981902,0.9004014580156802,1.061994755313341,1.4059043552085988,1.587091353850576,5.384428320983674e-05,0.06009040086104229,0.9867704541664133,0.0001020367959619149,0.8506672018348616,0.9588161113804757,0.012775163030301224,0.8865440723354442,0.9860791264506863,0.11267839719057203,0.9057407693390006,0.9930151668385578,0.16129032258064516,0.0967741935483871,0.0967741935483871,0.0967741935483871,0.0967741935483871,0.003508623137314232,-0.026459091667173418,0.21239895106266823,0.10851996369769523
35.2,0.02519654997318279,0.20703144640150814,0.029762314618219543,0.014838535890298033,1.3687239705978302,0.16763462541317298,1.1081962219737342,1.2327394518085186,0.12168021375477119,0.19822645547162424,0.8948032044709826,1.0351572320075406,1.3687239705978302,1.5435613995617687,7.352811964318995e-05,0.06080189920991166,0.9851188426908902,0.00010282777404652215,0.8501551239485369,0.9580561686939556,0.014240104324054021,0.8865455419549627,0.9858185398588607,0.1190062248733077,0.9063620672400867,0.9928839483013788,0.16129032258064516,0.0967741935483871,0.0967741935483871,0.0967741935483871,0.0967741935483871,0.003199512484219083,-0.029762314618219543,0.20703144640150814,0.10507019462787381
35.4,0.02826947130273756,0.20192747311255116,0.03345630568382618,0.01581235908629873,1.3331735718262627,0.16874370696043312,1.1075874472214646,1.2315998921740374,0.12179280052973851,0.19762546289860078,0.8889220386462878,1.0096373655627557,1.3331735718262627,1.501755869709076,9.908457068535026e-05,0.06157567191365427,0.9832718471580869,0.00010391919653610074,0.849676346712704,0.9573196353232022,0.015865341880890966,0.8865835718525241,0.985565848845192,0.12565383445639117,0.907041382210431,0.9927566890220947,0.16129032258064516,0.0967741935483871,0.0967741935483871,0.0967741935483871,0.0967741935483871,0.002887959026649664,-0.03345630568382618,0.20192747311255116,0.10170449085690621
35.6,0.031703491126819174,0.19709175322246275,0.03760838676272904,0.016919758087276752,1.2992669846771923,0.16992568998875157,1.1070411107629419,1.2304993171156144,0.12190173364062615,0.1969638249034702,0.8827388019429517,0.9854587661123138,1.2992669846771923,1.4616739189844463,0.00013188584241249072,0.062419603805476766,0.9811958066186355,0.00010542444865107435,0.8492297394354983,0.9566074531663774,0.017669372325935937,0.8866637461172999,0.985321388989256,0.13264288132036117,0.9077892460197619,0.9926335595587472,0.16129032258064516,0.0967741935483871,0.0967741935483871,0.0967741935483871,0.0967741935483871,0.0025752750574814243,-0.03760838676272904,0.19709175322246275,0.09841779826024073
35.800000000000004,0.03556834252941127,0.19253154237550868,0.04231615156265911,0.018182621854741145,1.2670285834660735,0.17118739843030234,1.1065574121313944,1.2294310126808636,0.12200765919586988,0.19622652713439545,0.8762327214235419,0.9626577118775433,1.2670285834660735,1.4233210625283945,0.0001735530391434692,0.06333781347858768,0.9788419242186704,0.00010750005917866389,0.8488131680107611,0.9559153572822223,0.01967308470834295,0.8867946847124542,0.9850837075539307,0.13999684556798309,0.9086226297163594,0.9925138296009258,0.16129032258064516,0.0967741935483871,0.0967741935483871,0.0967741935483871,0.0967741935483871,0.0022614127402519474,-0.04231615156265911,0.19253154237550868,0.09520375913450925
36.0,0.03997308102865981,0.18825812078292922,0.04774212163045499,0.019630628209538932,1.236498418896922,0.1725363747590542,1.106136819806999,1.2283851859951058,0.12211153448458929,0.19538490513789866,0.8693818924239826,0.941290603914646,1.236498418896922,1.3867108912927901,0.00022601423052968087,0.06432302203309226,0.9761289391847725,0.00011036215212962317,0.848422562684512,0.9552370627458042,0.021899893248375192,0.8869922759909038,0.9848506544627386,0.14774048651725025,0.9095739333551301,0.9923964171039278,0.16129032258064516,0.0967741935483871,0.0967741935483871,0.0967741935483871,0.0967741935483871,0.0019431383430349863,-0.04774212163045499,0.18825812078292922,0.0920535260581498
36.2,0.045129244530718156,0.18429035419757142,0.05424429677416143,0.021311114421415468,1.207743652307831,0.17398075437803337,1.1057815064422731,1.2273116028067776,0.12221835078961224,0.19436236404021806,0.8621643269466065,0.921451770987857,1.207743652307831,1.3518678596784433,0.00029161550769311233,0.06532224778012578,0.9728778516129193,0.00011430867526917515,0.8480475898406122,0.9545399820577086,0.024375649299796662,0.8872977449590536,0.9846110317062802,0.15589865767992572,0.910729733786993,0.9922756803122669,0.16129032258064516,0.0967741935483871,0.0967741935483871,0.0967741935483871,0.0967741935483871,0.0016021874772916,-0.05424429677416143,0.18429035419757142,0.08895265832938783
36.4,0.05614625532375791,0.1806845741722995,0.10881812764476817,0.023622003457923087,1.1809335856648395,0.17110958361234327,1.1062286258401621,1.2266948312046826,0.12227980112436901,0.17863902169694792,0.8766312022582673,0.9034228708614974,1.1809335856648395,1.3188330715404424,0.0003734084220371621,0.0632479370102232,0.9455909361776159,0.0001073563373115345,0.850576601814181,0.954139150762522,0.01954725268556766,0.9054489306002179,0.9844731923817003,0.13954643401786615,0.9285021694493811,0.9922062216630143,0.1935483870967742,0.0967741935483871,0.0967741935483871,0.06451612903225806,0.06451612903225806,-0.0666118759872542,-0.10881812764476817,0.1806845741722995,0.08585144147364863
36.6,0.13311062291687964,0.18058617099463417,0.9636904794062862,0.042879043396932326,1.160101699943677,0.5980882953666694,1.1133246338242766,1.2104149800865016,0.12392444117742192,0.13924395473485993,0.2507990896361542,0.9029308549731708,1.160101699943677,1.2876875392587006,0.00047677952896754705,0.054140331733862526,0.5181547602968569,0.3690940970454047,0.8633141480032381,0.9434634074265686,0.7173064475413494,0.9480101670682615,0.9807876834313866,0.8469380759605671,0.9730312700511283,0.9903472492580039,0.3870967741935484,0.06451612903225806,0.06451612903225806,0.0,0.0,-0.1314707627750734,-0.9636904794062862,0.18058617099463417,0.07951638141900949
36.800000000000004,0.47143949926255685,0.21171349171756682,0.6357477622996219,0.11911848584328583,1.186223516871747,1.0179095725463259,1.1243566025857585,1.203997948568255,0.12458492988162799,0.13394489051122113,0.14736083051539764,1.058567458587834,1.186223516871747,1.2591734288337504,0.000662867522930224,0.1151508226619418,0.682126118850189,0.8018174183821251,0.8818327516369108,0.9392041331948312,0.9290196546185703,0.958575856392452,0.9793095256125487,0.9638565889025654,0.9790209175401556,0.9896006845171899,0.6129032258064516,0.0,0.0,0.0,0.0,-0.03302515545593288,-0.6357477622996219,0.21171349171756682,0.04145856718415607
37.0,0.66021950254725,0.24891587523806372,0.6572167347386786,0.13274377166776594,1.254759343735906,1.0719788414614972,1.1294155402659176,1.1889935306547994,0.12615712039862184,0.13300954401281248,0.13992813495786485,1.2332948905950598,1.254759343735906,1.300438470412322,0.0014391215069821082,0.12265534386736056,0.6713916326306607,0.8446747372902014,0.8867318230771296,0.9291300267484963,0.9452855521678812,0.9605868403810986,0.9757954862577148,0.9722579262715829,0.9800781600209265,0.987823603397777,0.7096774193548387,0.0,0.0,0.0,0.0,-0.019385330649667493,-0.6572167347386786,0.24891587523806372,0.02694173141141191
37.2,0.787378238460229,0.2887739698784695,0.7179133161914577,0.12441389950363499,1.346525373386549,1.093927372085199,1.132504909526655,1.174398183742563,0.12772499317223154,0.13253963682896117,0.1371206204613714,1.2459282427780929,1.346525373386549,1.491502125045519,0.0026335518926329598,0.11290172810052947,0.6410433419042711,0.8613518822595007,0.8893635761840107,0.9191734349258156,0.9514663222385809,0.9616098543742232,0.9722973882595801,0.9754313209398932,0.9806093063262072,0.9860514027175752,0.8387096774193548,0.0,0.0,0.0,0.0,-0.012073909900390568,-0.7179133161914577,0.2887739698784695,0.06059593930359017
37.4,0.8812613245463405,0.33014817888579484,0.7919789248328479,0.10801788412834765,1.451903895314723,1.1031059744121814,1.1343992687237527,1.1655746630821242,0.12869188457078812,0.13228165423176041,0.13597968235094673,1.2763065190470886,1.451903895314723,1.6919266845816907,0.0030197718809447174,0.09733235847752712,0.604010537583576,0.8682072253962453,0.8908649204468079,0.9130777524534484,0.9539838646329327,0.9621756108847259,0.9701432779191155,0.9767209480891087,0.9809009096641406,0.9849585043504084,1.0,0.0,0.0,0.0,0.0,-0.007138485331814395,-0.7919789248328479,0.33014817888579484,0.09440656417537921
37.6,0.9590433430801272,0.3724594171021157,0.8714647038043177,0.09011119008581621,1.5658505128674152,1.1044143215954556,1.1354407635829273,1.1617323369498969,0.12911752150570394,0.1321512246551562,0.13581859368077323,1.3264276877004029,1.5658505128674152,1.8986662486424561,0.0025177348780936444,0.0811432042428996,0.5642676480978411,0.8691787819623183,0.8916472347063101,0.9104050622058655,0.9543395836000754,0.9624633261798482,0.9691957706204193,0.9769030301149334,0.9810483370500018,0.9844773976698963,1.0,0.0,0.0,0.0,0.0,-0.003426802729094694,-0.8714647038043177,0.3724594171021157,0.12577892964194573
37.800000000000004,1.0310668175953688,0.415538220560522,0.9534010190717364,0.07351827098614896,1.686114635235179,1.0996343664334103,1.1358160537765356,1.161224468194904,0.12917399185806983,0.1321127862046109,0.1364089779100983,1.3913377498201305,1.686114635235179,2.106639316091501,0.0016805907142942466,0.06646227058866734,0.5232994904641318,0.8656224808503726,0.8918968149830517,0.9100509599028924,0.9530362101219695,0.96254949407645,0.9690700971645142,0.9762357059860874,0.9810917848662718,0.9844135680030006,1.0,0.0,0.0,0.0,0.0,-0.0004126754528467197,-0.9534010190717364,0.415538220560522,0.15381162110912075
38.0,1.102409430685345,0.45941948174243835,1.03661874704192,0.0591671926012497,1.8119706913422482,1.0903480510616528,1.1356319412355214,1.1627946783175103,0.1289995583889672,0.13215069013127656,0.13757075078361228,1.4678910001865901,1.8119706913422482,2.32286505793031,0.0009417887710306599,0.053901966353447656,0.48169062647904004,0.8586597074772665,0.8917028039540352,0.9111451307769185,0.9504740001559083,0.9624682993684723,0.9694583210853449,0.9749225288512227,0.9810489412339634,0.9846107339451594,1.0,0.0,0.0,0.0,0.0,0.002206272918389582,-1.03661874704192,0.45941948174243835,0.18201995277211327
38.2,1.1746517307727908,0.504124951506193,1.120302315948218,0.04716971390939088,1.9433203717258154,1.0774167812971245,1.1349471591982312,1.1656242022482817,0.12868641515050622,0.1322588155248809,0.13922188943392164,1.554353798222718,1.9433203717258156,2.5424717124795726,0.0004520624141078078,0.04345175330295469,0.4398488420258911,0.8488444094928407,0.8911052423333627,0.9131121389395462,0.946838462253841,0.9622334965688357,0.9701554563688205,0.9730562109404594,0.9809267247510202,0.9849646865550534,1.0,0.0,0.0,0.0,0.0,0.004618812269400599,-1.120302315948218,0.504124951506193,0.20872607296912887
38.400000000000006,1.247317478723826,0.5495230858121546,1.2032428758516371,0.03734915138607785,2.08016488420091,1.0610704831163147,1.1337900744236216,1.169203241231513,0.12829249416209804,0.13243636942697887,0.14136666921452473,1.6498094547127515,2.08016488420091,2.7641172034977317,0.0001866453309234155,0.03490402166120983,0.39837856207418143,0.8362344139521293,0.890116058674161,0.9155915773095933,0.9421264098534481,0.9618473751699427,0.9710327790463448,0.9706319197287963,0.9807260317156113,0.9854099440117511,1.0,0.0,0.0,0.0,0.0,0.006945174151717179,-1.2032428758516371,0.5495230858121546,0.23370063479920075
38.6,1.3189404680748356,0.5952834368279354,1.2837876080921555,0.029449453643331215,2.222344900561976,1.041317829810629,1.1321695365797875,1.173219592806856,0.1278533029278297,0.13268617014749223,0.14404823936153918,1.7537320237988985,2.222344900561976,2.986244361299239,6.589590355728385e-05,0.02801525502410056,0.3581061959539223,0.8206884079511462,0.8887288768687197,0.9183625709525276,0.9362515731760617,0.9613045184922844,0.9720113930547746,0.9676008826966227,0.9804436765307647,0.9859063714114801,0.8064516129032258,0.0,0.0,0.0,0.0,0.009264126918861054,-1.2837876080921555,0.5952834368279354,0.25675016636304654
38.800000000000004,1.3876023096325139,0.6409048677523064,1.3599919521262143,0.02319593163493855,2.3694395564805433,1.018224139322773,1.1300810915296575,1.1774827302136173,0.12739040340131969,0.13301423828903958,0.1473153053509082,1.8657341409790311,2.3694395564805433,3.2066213701119297,1.967664482404538e-05,0.02254583421567327,0.3200040239368928,0.8020742903925179,0.8869228230706,0.9212907094773097,0.9291188533196542,0.960592817369015,0.9730433678788385,0.9639080469856652,0.9800728539784574,0.9864295968093275,0.7096774193548387,0.0,0.0,0.0,0.0,0.011632902276986823,-1.3599919521262143,0.6409048677523064,0.2775500804998814
39.0,1.4512412981586291,0.6857748564017737,1.4298481556800566,0.01831679346260305,2.520738948983949,0.9911647455043504,1.1275095016216512,1.1818749468343868,0.1269169808546751,0.133430540177975,0.15133710180911758,1.9854227876887995,2.520738948983949,3.4288742820088682,4.917602035781474e-06,0.018271045282323553,0.2850759221599717,0.7796445450076968,0.8846615126135646,0.9242934570887799,0.9203758482429633,0.9596921084315084,0.9740993688179219,0.9593621230185934,0.9796022989033528,0.9869647166055944,0.6451612903225806,0.0,0.0,0.0,0.0,0.014105296560557992,-1.4298481556800566,0.6857748564017737,0.29831330882614754
39.2,1.5077576552833305,0.7292171920943415,1.4913903856672723,0.01455909732551758,2.6752468836923287,0.9588028865453772,1.1244272043644963,1.1863213110003823,0.12644129259847012,0.13395169845695248,0.1564450859555281,2.112312804274286,2.6752468836923287,3.6460859604717077,1.0256172589166452e-06,0.014992337395160536,0.2543048071663639,0.7519129433440269,0.8818850265861823,0.9273187860476851,0.9093311616919286,0.9585688630710739,0.9751610004570146,0.953588457494772,0.9790132223710967,0.9875023973826319,0.6129032258064516,0.0,0.0,0.0,0.0,0.0167562749759623,-1.4913903856672723,0.7292171920943415,0.3169797856141338
39.400000000000006,1.554628790244571,0.7704597978438751,1.5423140621440372,0.011704687043579617,2.831662369285244,0.9180797122885149,1.120785285493347,1.1907728898540642,0.12596860516230204,0.13460914337132485,0.16338450571584043,2.245773288553171,2.831662369285244,3.852298989219375,1.798843338087249e-07,0.012557902934959737,0.22884296892798137,0.7155595109354521,0.878484573504399,0.9303332004694612,0.8944332950548081,0.957160138576694,0.9762165077240731,0.9457446804827396,0.9782700980921007,0.9880366862675466,0.6129032258064516,0.0,0.0,0.0,0.0,0.01974032729477275,-1.5423140621440372,0.7704597978438751,0.33201531147101565
39.6,1.5864318524325782,0.8082801151596835,1.5776271980392786,0.009595055975646997,2.9881626720255166,0.8601241747654171,1.1164796698191524,1.1951994614984836,0.12550206457752014,0.13548095035287747,0.17439342411333772,2.3849945195456876,2.9881626720255166,4.041400575798417,2.7141665740148584e-08,0.010927646283956725,0.2111864009803607,0.6608976663781329,0.8742078173639056,0.9333164188965241,0.8710513148113941,0.9553113785459987,0.9772588490180136,0.9333010606937354,0.9772846757085263,0.9885640272327122,0.5806451612903225,0.0,0.0,0.0,0.0,0.023539587590884176,-1.5776271980392786,0.8082801151596835,0.34232391829223086
39.800000000000004,1.5626976314233516,0.8373222080871021,1.5611377503807866,0.008325213179768703,3.1404776991644265,0.7260264231334459,1.111107951414067,1.199588154167439,0.12504291533631046,0.13701472414854796,0.20660405079007646,2.5289538068209687,3.1404776991644265,4.18661104043551,3.703083972249454e-09,0.010880410954268475,0.2194311248096067,0.5205386155053205,0.8678330902203367,0.936260154410335,0.8044175590329253,0.9521606631529791,0.9782852197143884,0.8968926891300029,0.9755510178443714,0.9890830136015567,0.5483870967741935,0.0,0.0,0.0,0.0,0.03267904088287239,-1.5611377503807866,0.8373222080871021,0.34258249494700527
40.0,0.677412739226434,0.7248456840647088,0.6931023064440958,0.01154141151915883,3.178896963011397,0.153,1.3262191089078528,2.145214443713505,0.06992307945696109,0.141949463156729,0.9803921568627451,2.676267242730223,3.178896963011397,3.764014113869453,6.287179875138277e-10,0.025444681321241742,0.6534488467779521,0.00010000011857921843,0.9231257249614392,1.0,0.0005912552900622074,0.9525286911676082,1.0,0.022263171355498768,0.9607981198234676,1.0,0.03225806451612903,0.03225806451612903,0.03225806451612903,0.03225806451612903,0.03225806451612903,1.0027181806510113,-0.6931023064440958,0.7248456840647088,0.25369006336826205
40.2,0.4482417983278134,0.654992734157179,0.4468664540934417,0.012833663952691437,3.1530525339379576,0.153,1.483414720408103,2.373157358380878,0.06320693377970509,0.13196776018990508,0.9803921568627451,2.8189921442438433,3.1530525339379576,3.4592106774834717,4.944620231259637e-10,0.02940906716914608,0.7765667729532791,0.00010000011857921843,0.9453432852262058,1.0,0.0005912552900622074,0.9601575339958945,1.0,0.022263171355498768,0.9646410749966927,1.0,0.03225806451612903,0.03225806451612903,0.03225806451612903,0.03225806451612903,0.03225806451612903,0.6515956123430061,-0.4468664540934417,0.654992734157179,0.17038954492035588
40.400000000000006,0.2355430185601203,0.5932552763300716,0.2178771861287352,0.011004478118965839,3.0967015765102235,0.153,1.562264282186376,2.309195242507915,0.06495769488815144,0.12624240549374,0.9803921568627451,2.932220455829536,3.0967015765102235,3.2406411089536644,5.581722971580343e-10,0.032049978347161646,0.8910614069356324,0.00010000011857921843,0.9582245428146188,1.0,0.0005912552900622074,0.964547193488025,1.0,0.022263171355498768,0.9668481038965036,1.0,0.03225806451612903,0.03225806451612903,0.03225806451612903,0.03225806451612903,0.03225806451612903,0.3773160397195796,-0.2178771861287352,0.5932552763300716,0.1204423119550033
40.6,0.02099964693507793,0.5312221610538119,0.005798449592317123,0.0056839123625987585,3.008997068002196,0.153,1.5807505842178278,2.1138574779086827,0.07096031854919592,0.12357306857176205,0.9803921568627451,2.6561108052690594,3.0089970680021962,3.100727546063488,5.888330433962041e-10,0.032567586898191385,0.9971007752038414,0.00010000011857921843,0.9663985178462089,1.0,0.0005912552900622074,0.96731039679273,1.0,0.022263171355498768,0.9682345795572666,1.0,0.03225806451612903,0.03225806451612903,0.03225806451612903,0.03225806451612903,0.03225806451612903,0.12042306789255605,-0.005798449592317123,0.5312221610538119,0.11184570288646159
40.800000000000004,0.005504167545403621,0.483626618445748,0.005521053887133975,0.005155132542576728,2.9095527734424733,0.153,1.552183020834275,1.8771681558762747,0.07990759886398083,0.12383295329028583,0.9803921568627451,2.41813309222874,2.9095527734424733,3.039921030014106,2.300958279791932e-10,0.03231840903781654,0.997239473056433,0.00010000011857921843,0.9672118685664924,1.0,0.0005912552900622074,0.9675822551913703,1.0,0.022263171355498768,0.9683706016066729,1.0,0.03225806451612903,0.03225806451612903,0.03225806451612903,0.03225806451612903,0.03225806451612903,-0.06129863313640971,-0.005521053887133975,0.483626618445748,0.12952647377041293
41.0,0.005198429129672217,0.4517162246945084,0.00523976104420143,0.005166548651473271,2.8172566448913816,0.153,1.4988831971882004,1.699285877550676,0.08827237487326596,0.12653585408151788,0.9803921568627451,2.258581123472542,2.817256644891382,3.0282298376801533,9.868046599214377e-11,0.03235619447396509,0.9973801194778993,0.00010000011857921843,0.9624069595446224,1.0,0.0005912552900622074,0.9658732832128823,1.0,0.022263171355498768,0.9675020102930946,1.0,0.06451612903225806,0.03225806451612903,0.03225806451612903,0.03225806451612903,0.03225806451612903,-0.1735135865453507,-0.00523976104420143,0.4517162246945084,0.159060734269573
41.2,0.004951218132376936,0.4277906614581781,0.004988127154770261,0.0051731201850094164,2.730421986009942,0.153,1.4319194541176714,1.584631400804259,0.09465923742510053,0.1314476298389516,0.9803921568627451,2.1389533072908904,2.730421986009942,2.9928315579693354,2.2187197411197107e-10,0.03239786690727338,0.9975059364226149,0.00010000011857921843,0.9538407280669174,1.0,0.0005912552900622074,0.9626106595362132,1.0,0.022263171355498768,0.96581349272699,1.0,0.0967741935483871,0.03225806451612903,0.03225806451612903,0.03225806451612903,0.03225806451612903,-0.25215326756472617,-0.004988127154770261,0.4277906614581781,0.17646817180687865
41.400000000000006,0.004633516824538848,0.40863365034407684,0.004704841174107299,0.005183988862557215,2.647801119306272,0.153,1.3568018896845893,1.5190834404019744,0.09874375298325122,0.13870048502817567,0.9803921568627451,2.043168251720384,2.647801119306272,2.9389375315961894,5.098317398057996e-10,0.032455872016132314,0.9976475794129464,0.00010000011857921843,0.9329640594655847,1.0,0.0005912552900622074,0.9543191734403225,1.0,0.022263171355498768,0.961465505009566,1.0,0.16129032258064516,0.06451612903225806,0.06451612903225806,0.03225806451612903,0.03225806451612903,-0.3089576659830201,-0.004704841174107299,0.40863365034407684,0.18512565117433308
41.6,0.002055869383555471,0.392450093208732,0.0007661090703634521,0.005134719404130249,2.5685611380420985,0.153,1.2880080179764575,1.4967369391504906,0.1002180116468136,0.16780950795925945,0.9803921568627451,1.9622504660436597,2.5685611380420985,2.8741114004910835,1.1921226129468056e-09,0.03294429193824061,0.9996169454648183,0.00010000011857921843,0.9061339616910186,1.0,0.0005912552900622074,0.9247768007878426,1.0,0.022263171355498768,0.9316055784823527,1.0,0.16129032258064516,0.06451612903225806,0.06451612903225806,0.06451612903225806,0.06451612903225806,-0.2843946883471574,-0.0007661090703634521,0.392450093208732,0.18845125978580093
41.800000000000004,0.00024672099881759864,0.3780245316610935,0.0001360533448377943,0.005039973091880667,2.4916789137133293,0.153,1.2539019473540125,1.483481761743451,0.10111347767680919,0.17092329407970247,0.9803921568627451,1.8901226583054676,2.4916789137133293,2.803295681542365,1.785999701179418e-09,0.03286858404497686,0.9999319733275811,0.00010000011857921843,0.8978986168044174,1.0,0.0005912552900622074,0.9216384406906857,1.0,0.022263171355498768,0.930022972799669,1.0,0.1935483870967742,0.06451612903225806,0.06451612903225806,0.06451612903225806,0.06451612903225806,-0.35376011258916196,-0.0001360533448377943,0.3780245316610935,0.18872242480229218
42.0,0.00019106214373067505,0.36509873460293907,0.00014565647231412626,0.005026717493084846,2.417429188686027,0.153,1.2129688088040078,1.4578867710401262,0.10288864881665866,0.17520851448519065,0.9803921568627451,1.8254936730146951,2.417429188686027,2.72950421845157,4.408601676563826e-10,0.03279405003756138,0.9999271717638429,0.00010000011857921843,0.882346701627706,1.0,0.0005912552900622074,0.9156258584669464,1.0,0.022263171355498768,0.9269282139252296,1.0,0.25806451612903225,0.0967741935483871,0.0967741935483871,0.06451612903225806,0.06451612903225806,-0.41591094531115935,-0.00014565647231412626,0.36509873460293907,0.18682884605695418
42.2,0.0001740802094147593,0.3532260109187629,0.00014230819173399745,0.005019200607034515,2.3456478730070374,0.153,1.166115000725214,1.427089641059856,0.10510902446786705,0.1809008000306039,0.9803921568627451,1.7661300545938143,2.3456478730070374,2.654595248121882,4.909716087682825e-10,0.032745810814505526,0.999928845904133,0.00010000011857921843,0.8599955086055919,1.0,0.0005912552900622074,0.9065159718131598,1.0,0.022263171355498768,0.9221377653988181,1.0,0.3548387096774194,0.0967741935483871,0.0967741935483871,0.06451612903225806,0.06451612903225806,-0.4729947037262896,-0.00014230819173399745,0.3532260109187629,0.18361613999580068
42.400000000000006,0.00011968537659423681,0.3421167093564974,0.00045655002566236114,0.005026396385158249,2.2761570637792787,0.153,1.1161612708288051,1.3925056569574197,0.10771949058199533,0.20807434691655496,0.9803921568627451,1.7105835467824868,2.2761570637792787,2.579801354214965,9.069511306302397e-10,0.032816265967528006,0.9997717249871688,0.00010000011857921843,0.8338465106947057,1.0,0.0005912552900622074,0.8778634325580472,1.0,0.022263171355498768,0.8929243011331741,1.0,0.4193548387096774,0.0967741935483871,0.0967741935483871,0.0967741935483871,0.0967741935483871,-0.5262704765508374,-0.00045655002566236114,0.3421167093564974,0.17963834686937882
42.6,0.0008112889344050613,0.3316081573868649,0.007726482885623609,0.007134416365491254,2.2088609163454884,0.15598371300656266,1.116604905061223,1.3543036158055686,0.11075802962452906,0.205321667317796,0.9616388602936325,1.6580407869343243,2.2088609163454884,2.505897191208905,1.4957881822029485e-09,0.045292020441659635,0.9961367585571882,0.0001000066493416706,0.8463266840932373,1.0,0.001980314934106653,0.8832187258768478,1.0,0.04346043014792684,0.8972907112724119,1.0,0.3870967741935484,0.0967741935483871,0.0967741935483871,0.0967741935483871,0.0967741935483871,-0.0008038516047086386,-0.007726482885623609,0.3316081573868649,0.1752236568834134
42.800000000000004,0.002150540560426901,0.3216563749240639,0.005837362839802962,0.008145175057587235,2.1438375101519314,0.15645994004964953,1.1165096294678483,1.3171471543369822,0.1138824917975897,0.20454782055027163,0.9587118591020833,1.6082818746203194,2.1438375101519314,2.4333545008742483,1.5282920632697205e-08,0.0509307287861418,0.9970813185800985,0.00010001033669278319,0.85319377320377,1.0,0.0022782024817351158,0.8858931748793815,1.0,0.046768883225195595,0.8990034512667068,1.0,0.25806451612903225,0.0967741935483871,0.0967741935483871,0.0967741935483871,0.0967741935483871,0.0015448416098134965,-0.005837362839802962,0.3216563749240639,0.17051500942581202
43.0,0.0033821529226177372,0.31217450906373345,0.005273766473461894,0.008685355779578697,2.081019281833466,0.15694439105216712,1.116045370870695,1.287331833845042,0.11652007357883432,0.2040653714847706,0.9557525375350377,1.5608725453186671,2.081019281833466,2.36249046255223,7.281419464946504e-08,0.0534918695598365,0.997363116763269,0.00010001565884975817,0.8550345732526108,0.992324069744146,0.0026016372286148852,0.8867096664661936,0.9974347812036107,0.05011386872550477,0.8997622135374707,0.9987165669192006,0.1935483870967742,0.0967741935483871,0.0967741935483871,0.0967741935483871,0.0967741935483871,0.002992164527842081,-0.005273766473461894,0.31217450906373345,0.16566770289493635
43.2,0.00433481395222766,0.30307721966699724,0.005386554086815876,0.00896624793602473,2.0202757949244896,0.1574453057005489,1.1153463376890445,1.265419549144004,0.1185377609358634,0.20371353319814045,0.9527117962176058,1.515386098334986,2.0202757949244896,2.293513675296483,1.9148268696714346e-07,0.05444528417420512,0.9973067229565921,0.0001000233317087981,0.854984816468436,0.9788052408686283,0.0029572828077342812,0.886813013009702,0.9928845659315242,0.05355088473967019,0.9001599040015072,0.996435931036782,0.16129032258064516,0.0967741935483871,0.0967741935483871,0.0967741935483871,0.0967741935483871,0.003930513430899424,-0.005386554086815876,0.30307721966699724,0.16081303257204274
43.400000000000006,0.005113769413880919,0.29430700275372396,0.0059440900066012325,0.009147167342196009,1.9614889622287524,0.1579677538220254,1.1144959644393844,1.2497843060737257,0.12002071019057219,0.2034208799653038,0.949560884235891,1.4715350137686196,1.9614889622287524,2.226526953265804,3.893122308371803e-07,0.05477693609241391,0.9970279549966994,0.00010003435851830678,0.8546179908275822,0.9689674092510306,0.0033507421404738932,0.8867724433060199,0.9895469057799547,0.057112429050688994,0.900490696312609,0.9947597212561574,0.16129032258064516,0.0967741935483871,0.0967741935483871,0.0967741935483871,0.0967741935483871,0.00452554424085394,-0.0059440900066012325,0.29430700275372396,0.15603166749608474
43.6,0.005862615225554493,0.2858338213926024,0.006771161306537543,0.009318046405715898,1.904576845354518,0.15851525967958807,1.1135525845699825,1.2387164021697805,0.12109309260558314,0.2031514889608568,0.9462811359814807,1.429169106963012,1.904576845354518,2.161555538081586,6.968626133621364e-07,0.05498547003886281,0.9966144193467312,0.0001000501407194347,0.8540826083339037,0.9619047242311023,0.003787238523909637,0.8866590213656225,0.9871368060343512,0.060819599801524106,0.9007951948212619,0.9935475840998094,0.16129032258064516,0.0967741935483871,0.0967741935483871,0.0967741935483871,0.0967741935483871,0.004873136461051322,-0.006771161306537543,0.2858338213926024,0.15135986243117194
43.800000000000004,0.006678432627402747,0.27764406084668275,0.007774782876591946,0.009517649150040235,1.8494861722275708,0.15909052186804082,1.1125587991514048,1.2327245565791332,0.1216816840383685,0.2028860366213945,0.9428594377509111,1.3882203042334138,1.8494861722275708,2.0985823905071146,1.1687872762962931e-06,0.055251378113782196,0.996112608561704,0.00010007262676445066,0.8534593971601939,0.9580465471777183,0.0042719261407097465,0.8865105231026258,0.985815239729203,0.06468721969628106,0.9010952413712592,0.992882286407866,0.16129032258064516,0.0967741935483871,0.0967741935483871,0.0967741935483871,0.0967741935483871,0.005038720273125005,-0.007774782876591946,0.27764406084668275,0.14680816449656484
44.0,0.007611314074826115,0.26973153000632866,0.008922287675175111,0.00975823355368997,1.7961799896273825,0.15969586942923591,1.111546019240565,1.2347461299021245,0.12148246215753691,0.2026134233919512,0.9392854087967983,1.3486576500316432,1.7961799896273825,2.0375738838236956,1.8914947528953238e-06,0.05560440735561715,0.9955388561624124,0.0001001045172781869,0.8527944040995697,0.9593509865439771,0.0048101392063475525,0.8863481379867842,0.9862624541653672,0.0687270223193963,0.9014033820308733,0.9931074712306804,0.16129032258064516,0.0967741935483871,0.0967741935483871,0.0967741935483871,0.0967741935483871,0.005069826600880636,-0.008922287675175111,0.26973153000632866,0.14237602165035754
44.2,0.008682939954364676,0.2620925824864551,0.01021234717963071,0.010042226354946863,1.7446291307894857,0.16033354430080646,1.1105374513529587,1.235552097854844,0.12140321744459731,0.20232673175174118,0.9355497045495396,1.3104629124322755,1.7446291307894857,1.9784933067451531,2.9900473343498057e-06,0.05602493814052926,0.9948938264101846,0.0001001495474856168,0.8521152232157476,0.9598702661933114,0.005407590614225057,0.8861844958419347,0.9864403713538487,0.07294957004103479,0.9017274358242298,0.9931970432524272,0.16129032258064516,0.0967741935483871,0.0967741935483871,0.0967741935483871,0.0967741935483871,0.005001689016201252,-0.01021234717963071,0.2620925824864551,0.1380596148246614
44.400000000000006,0.00990261365970685,0.254724149236422,0.011656161509708385,0.010370352493476117,1.69480798004228,0.16100585845167809,1.109550187419751,1.235619439441584,0.12139660093708933,0.202021217472906,0.9316431180982074,1.2736207461821099,1.69480798004228,1.921306065142776,4.635909460466741e-06,0.05648840993880159,0.9941719192451458,0.00010021287423736285,0.8514391573883462,0.9599136338463,0.006070518943318661,0.8860276458053752,0.9864552272084919,0.07736526963276792,0.9020727652552121,0.9932045220347006,0.16129032258064516,0.0967741935483871,0.0967741935483871,0.0967741935483871,0.0967741935483871,0.004860528992410643,-0.011656161509708385,0.254724149236422,0.13385496591853768
44.6,0.011276606685325855,0.24762322678014637,0.013268886161708737,0.010744609306549205,1.6466929726371449,0.16171528094427595,1.1085967860908077,1.23515104432309,0.12144263706808889,0.20169327097769527,0.9275561290443985,1.2381161339007318,1.646692972637145,1.8659809108000078,7.056573486395854e-06,0.056978766641890916,0.9933655569191456,0.00010030160568952227,0.8507774894063984,0.9596119255766149,0.00680580451464923,0.8858831056026882,0.9863518659219759,0.08198488220787623,0.9024434503080204,0.9931524863950464,0.16129032258064516,0.0967741935483871,0.0967741935483871,0.0967741935483871,0.0967741935483871,0.0046658784484862464,-0.013268886161708737,0.24762322678014637,0.12975872055918372
44.800000000000004,0.01281244463095193,0.24078695344641166,0.015067300378517556,0.01116885375520211,1.6002624752350476,0.16246448869374933,1.1076864183921047,1.2343509563573996,0.12152135438259289,0.20133985943181357,0.9232786881984697,1.2039347672320582,1.6002624752350476,1.8124897464606624,1.0547254584779455e-05,0.05748903172708073,0.9924663498107412,0.00010042552566545686,0.8501377670890921,0.9590962168334127,0.007621070023363942,0.8857549466942741,0.9861751407049417,0.0868197665838741,0.90284291906119,0.9930635105032165,0.16129032258064516,0.0967741935483871,0.0967741935483871,0.0967741935483871,0.0967741935483871,0.0044322863852398475,-0.015067300378517556,0.24078695344641166,0.1257680290405782
45.0,0.01452040981908595,0.2342128133162126,0.01706973910933063,0.011648678579997828,1.5554971651212486,0.16325640805804614,1.1068257270406745,1.233357078182664,0.12161928013663577,0.20095819351786068,0.9188000751962349,1.171064066581063,1.5554971651212486,1.7608072846700409,1.5484654098983645e-05,0.05801893182724706,0.9914651304453347,0.0001005980856775832,0.8495250953095406,0.9584549883113842,0.00852478538575087,0.8856464087008036,0.9859553134611242,0.09188204022145235,0.9032743243408162,0.9929528228946011,0.16129032258064516,0.0967741935483871,0.0967741935483871,0.0967741935483871,0.0967741935483871,0.004170610515264198,-0.01706973910933063,0.2342128133162126,0.12188026507172209
45.2,0.01641408465936284,0.22789883415952908,0.019296845342396063,0.012191184207090297,1.512380547256157,0.16409425825350557,1.1060194829801204,1.2322618444320887,0.12172737529589772,0.20054549328413424,0.9141087664887599,1.1394941707976454,1.512380547256157,1.7109108981145296,2.2342083262387345e-05,0.05857245766955815,0.990351577328802,0.00010083776589995889,0.8489429113365492,0.9577475843330389,0.009526387134687486,0.8855602815915665,0.985712686027275,0.09718472843848315,0.9037408083867412,0.9928306405861926,0.16129032258064516,0.0967741935483871,0.0967741935483871,0.0967741935483871,0.0967741935483871,0.0038889974074944877,-0.019296845342396063,0.22789883415952908,0.11809279031215607
45.400000000000006,0.018510563436599983,0.22184375285638858,0.021772490306689818,0.01280483729304034,1.4708995197258443,0.16498160004364465,1.1052710332981677,1.2311261155387356,0.12183967028784912,0.20009879223604046,0.9091922975672355,1.1092187642819429,1.4708995197258445,1.6627807112676112,3.1706003949237677e-05,0.059156212238395164,0.9891137548466551,0.00010116994586090728,0.8483934352063832,0.9570131563931261,0.010636417411816866,0.8854991610477634,0.9854606633867892,0.10274192014024136,0.904245724292294,0.9927037111155944,0.16129032258064516,0.0967741935483871,0.0967741935483871,0.0967741935483871,0.0967741935483871,0.0035935953001962756,-0.021772490306689818,0.22184375285638858,0.11440280237703813
45.6,0.020830936706248235,0.2160471584060268,0.024524824844232684,0.013499478404765742,1.431044959472135,0.16592239315377688,1.1045826472001297,1.2299889526269352,0.12195231483960825,0.1996147234002947,0.9040371052325649,1.080235792030134,1.431044959472135,1.6163998929277583,4.4293741998191585e-05,0.059778399852269654,0.9877375875778837,0.00010162948242725602,0.8478779607912877,0.9562769138935796,0.011866688938135623,0.885465663229821,0.9852078886084006,0.10856894610551819,0.9047928778205729,0.9925763865299465,0.16129032258064516,0.0967741935483871,0.0967741935483871,0.0967741935483871,0.0967741935483871,0.003289046917218097,-0.024524824844232684,0.2160471584060268,0.11080724751884236
45.800000000000004,0.023401172127166154,0.2105096543400199,0.027587829076142212,0.014286449312202009,1.3928124137206106,0.16692106335621384,1.1039557823024533,1.2288743493813317,0.1220629269994255,0.1990892340204613,0.8986283515334199,1.0525482717000993,1.3928124137206106,1.571755067921251,6.0972081180503656e-05,0.06044808964600527,0.9862060854619289,0.00010226427250719416,0.8473970390573181,0.955554414478134,0.01323048022760516,0.8854626468270255,0.9849597060788642,0.11468257799326388,0.905386849890281,0.9924513592010928,0.16129032258064516,0.0967741935483871,0.0967741935483871,0.0967741935483871,0.0967741935483871,0.002978883778486985,-0.027587829076142212,0.2105096543400199,0.10730273788570471
46.0,0.026253501031226527,0.2052330661214736,0.03100361434482868,0.0151788584911125,1.3562029779936196,0.1679825764426594,1.1033912871589715,1.2277957215710742,0.12217016020227013,0.19851715314672336,0.8929497521500527,1.026165330607368,1.3562029779936196,1.528836833072938,8.277788110242551e-05,0.06117463673283311,0.9844981928275857,0.00010314018838536489,0.8469505741268644,0.9548544201871975,0.014742760079933435,0.8854934954264506,0.9847191348256784,0.12110122232409655,0.9060334853384076,0.9923301511807611,0.16129032258064516,0.0967741935483871,0.0967741935483871,0.0967741935483871,0.0967741935483871,0.0026657354293462276,-0.03100361434482868,0.2052330661214736,0.10388544384288449
46.2,0.02942899565605751,0.20022074165956727,0.034826425128562155,0.01619209279385409,1.3212245198377384,0.1691125161420469,1.1028895609424196,1.2267583817258327,0.12227346658840549,0.1978914183954252,0.8869834322257186,1.0011037082978362,1.3212245198377386,1.4876404431587444,0.00011094192897087437,0.061966986853677915,0.9825867874357189,0.00010434792780199659,0.8465378265310831,0.9541804635022195,0.016420438386210285,0.8855625639737472,0.9844874009413248,0.12784508343717835,0.9067407669307292,0.9922133817267211,0.16129032258064516,0.0967741935483871,0.0967741935483871,0.0967741935483871,0.0967741935483871,0.002351441985749936,-0.034826425128562155,0.20022074165956727,0.1005509252045877
46.400000000000006,0.032982253647075216,0.19547802837624295,0.03913019700318432,0.017344724247396182,1.2878935054439908,0.17031715461672292,1.1024507262771268,1.2257606437971622,0.12237299407438135,0.19720155501879053,0.8807098752768381,0.9773901418812148,1.2878935054439908,1.4481666952560215,0.00014691750738978553,0.0628323488043661,0.9804349014984078,0.00010601252085876985,0.8461573053882787,0.9535315348540921,0.018282624820270987,0.8856760235744574,0.9842641695707703,0.13493622123817087,0.9075205345023695,0.9921008836456816,0.16129032258064516,0.0967741935483871,0.0967741935483871,0.0967741935483871,0.0967741935483871,0.002036878532394884,-0.03913019700318432,0.19547802837624295,0.09729382103079341
46.6,0.03699098386764606,0.19101310229250826,0.044025222165386735,0.01866028301684439,1.256238001987638,0.1716034927770301,1.1020748740185085,1.2247924781678419,0.12246972664657763,0.1964300483828823,0.8741080823739397,0.9550655114625413,1.256238001987638,1.4104231434814993,0.00019241999033401677,0.06377291373073128,0.9779873889173066,0.00010830647444982578,0.8458063822495553,0.952901181815545,0.020350851552261434,0.8858438151655103,0.9840472312030981,0.14239837127355395,0.90839258522482,0.9919915447164462,0.16129032258064516,0.0967741935483871,0.0967741935483871,0.0967741935483871,0.0967741935483871,0.0017212593465883719,-0.044025222165386735,0.19101310229250826,0.09410724395058466
46.800000000000004,0.04158226365895995,0.18683880680682557,0.04970628009834854,0.02017176542070535,1.2263038944521318,0.17297921681002082,1.1017626142951715,1.223827182267409,0.12256632486466922,0.19554097445041516,0.8671561981040856,0.9341940340341278,1.2263038944521318,1.3744260424240398,0.0002494958727211441,0.0647747755401575,0.9751468599508257,0.00011146772890978349,0.845479922181392,0.9522720508976829,0.022649150482614996,0.8860856616824377,0.983830618008736,0.1502562371916889,0.9093975248183815,0.991882357650576,0.16129032258064516,0.0967741935483871,0.0967741935483871,0.0967741935483871,0.0967741935483871,0.001399240549127656,-0.04970628009834854,0.18683880680682557,0.09098128173391513
47.0,0.04703209746956421,0.18297766482105526,0.05666770817433853,0.021936451024485153,1.1981705944483958,0.17445240264704745,1.1015174629221376,1.2227716491159306,0.1226721277913588,0.19442071895615498,0.8598333856340195,0.9148883241052762,1.198170594448396,1.3402036857196549,0.0003206635989368181,0.06574839137401979,0.9716661459128307,0.00011582330284822663,0.8451626341603405,0.9515833682449912,0.025203643511595496,0.8864623241517405,0.9835933914098185,0.1585333713181801,0.9106637739569243,0.9917627663024752,0.16129032258064516,0.0967741935483871,0.0967741935483871,0.0967741935483871,0.0967741935483871,0.0010371669083580753,-0.05666770817433853,0.18297766482105526,0.08789850806697161
47.2,0.06689102765823568,0.17995416175285817,0.1090495345512883,0.02600220347153009,1.1725344835098153,0.17558750442725266,1.1039452136600685,1.211918770422596,0.12377067148460372,0.17502369108544602,0.8542749126100042,0.8997708087642907,1.1725344835098153,1.3078039047794543,0.00040932774286221864,0.060496379531335784,0.9454752327243559,0.00011998184504118815,0.8530135691254159,0.9444573242262723,0.02723415122863063,0.9087301121825198,0.9811319762874154,0.16481623421359462,0.9325886562337056,0.9905210584846158,0.3225806451612903,0.06451612903225806,0.06451612903225806,0.06451612903225806,0.06451612903225806,-0.021231225547241217,-0.1090495345512883,0.17995416175285817,0.0843268398431338
47.400000000000006,0.2595080607426533,0.1876854627825197,0.7294992815295036,0.07711918071716706,1.1593330939769626,0.8835915255559742,1.1139599413995513,1.204425468691382,0.12454070749846913,0.13621378794194391,0.16976170058400783,0.9384273139125985,1.1593330939769626,1.2773557256504469,0.000524874828726033,0.08306504080060106,0.6352503592352482,0.6834547582587895,0.8708527677126273,0.9394888073064566,0.8808509491031251,0.9537726556357369,0.9794084594190527,0.9385363984885788,0.9764563334503525,0.9896506700382305,0.45161290322580644,0.0,0.0,0.0,0.0,-0.06257596345675782,-0.7294992815295036,0.1876854627825197,0.07004520509248867
47.6,0.531257482018349,0.2212903704134236,0.6330405338493439,0.12644040970499945,1.2002879928403627,1.0362537664057117,1.1221226709915488,1.1957111413967778,0.1254483585598914,0.13406384869403642,0.14475218798989856,1.1064518520671178,1.200287992840363,1.2503912525277112,0.0007974118926117572,0.12041581288798667,0.683479733075328,0.8166475327326185,0.8807469267441124,0.9336603444638224,0.9347123938462458,0.9582861715892201,0.9773788742798603,0.9668051942587571,0.9788864565200721,0.9886247323119601,0.6451612903225806,0.0,0.0,0.0,0.0,-0.028479630194841683,-0.6330405338493439,0.2212903704134236,0.029747476095189306
47.800000000000004,0.6982584910872873,0.25922745746190945,0.6704273994531236,0.1319295636764664,1.2763778409184148,1.0769918495784503,1.126593888755747,1.179796600812844,0.1271405595648051,0.1332962910016198,0.13927682002302255,1.2370316424514722,1.2763778409184148,1.3491037850367764,0.0018242319263232268,0.12142233852660099,0.6647863002734382,0.8485194853863604,0.8848665316760362,0.9228743635726313,0.9467176338046267,0.9599438317735418,0.9736005900417364,0.9729941217014554,0.9797540436658473,0.9867120007291277,0.8064516129032258,0.0,0.0,0.0,0.0,-0.01745665290686918,-0.6704273994531236,0.25922745746190945,0.034223717481279024
48.0,0.8135343718889566,0.29940762432957124,0.7357625587827021,0.12048648639671983,1.3723460372239094,1.0945985138765424,1.1293944229149362,1.1668659411099176,0.12854947146483742,0.13288721797733435,0.13703654636691587,1.250251242139644,1.3723460372239094,1.5428650212520578,0.0028937557092901744,0.10932092420083764,0.6321187206086489,0.861855498041114,0.8871881501341031,0.9139734618030968,0.951651722795346,0.9608366141339435,0.9704604060705629,0.975526351716554,0.9802164277980892,0.9851194769800016,1.0,0.0,0.0,0.0,0.0,-0.010995242440333994,-0.7357625587827021,0.29940762432957124,0.06994440693476722
48.2,0.9012246449004957,0.3408828393539618,0.811362327254795,0.10330593576009652,1.4801225010320467,1.1013290139888445,1.1311181291942356,1.1597615713981073,0.12933692898547508,0.1326587395478709,0.136199081377801,1.286670207925843,1.480122501032047,1.7446702912949326,0.0029966376067794777,0.0932574939481228,0.5943188363726025,0.8668854438933458,0.8885301117463248,0.9090298916883489,0.9534994903279037,0.9613385504649808,0.9687075300560335,0.9764729565995112,0.9804746819338339,0.9842293966257831,1.0,0.0,0.0,0.0,0.0,-0.006468052181656775,-0.811362327254795,0.3408828393539618,0.10297294343147075
48.400000000000006,0.9763369688924451,0.3832115170783473,0.8912463613368384,0.08564433961525585,1.5956020379518852,1.100945073722329,1.132050163366505,1.157151623532173,0.1296286475769953,0.13254527715903078,0.13624657903490625,1.34122682222371,1.5956020379518852,1.9509075116588501,0.002336312348505796,0.07736357793523811,0.5543768193315808,0.8665995126022135,0.8892177588420832,0.9072041814508567,0.9533946444170424,0.9615893489098312,0.9680585683684839,0.9764192689651273,0.9806029309385137,0.9838996607600793,1.0,0.0,0.0,0.0,0.0,-0.002981091343231379,-0.8912463613368384,0.3832115170783473,0.13320299391179916
48.6,1.0475607909569837,0.426310701525797,0.9731830211072716,0.0696526044886022,1.717073007917775,1.0950790203307428,1.1323499765455467,1.1574608142008838,0.12959402008227872,0.13251855808479943,0.1369764165098296,1.409463446309443,1.717073007917775,2.159406812963168,0.0014849349717947677,0.06322909281258403,0.5134084894463642,0.8622158349377069,0.8894022181047352,0.9074207363926027,0.9517843324956574,0.9616500415782177,0.9681355898533267,0.9755943178011894,0.9806331320889669,0.9839388009701291,1.0,0.0,0.0,0.0,0.0,-9.069143584107542e-05,-0.9731830211072716,0.426310701525797,0.16074464554416767
48.800000000000004,1.118817469909552,0.4702354817164806,1.0562237557375618,0.05595782864234467,1.8440554931447664,1.0847350508845846,1.1321084231512761,1.1595676340506882,0.12935856054899428,0.13256628710874474,0.1382826155360955,1.488691842504034,1.8440554931447664,2.3761885975965553,0.0007993729282427709,0.05123401940689983,0.4718881221312191,0.8544164474972148,0.889155537718165,0.9088944063037813,0.9489057357684629,0.9615476344557458,0.9686594006803255,0.9741178926461701,0.9805791829356139,0.984204945999286,1.0,0.0,0.0,0.0,0.0,0.002466871395529535,-1.0562237557375618,0.4702354817164806,0.1885849751153792
49.0,1.1910294373752845,0.5149807104123565,1.1395164497094386,0.044565376682564085,1.9765188121122186,1.0710613298871547,1.1313742104671942,1.1627555012462027,0.12900390480994067,0.13268413200157056,0.14004800268141857,1.5774619115648216,1.9765188121122186,2.595681092309502,0.0003699428316223053,0.0412922244538508,0.43024177514528067,0.8439687359313403,0.8885083199832008,0.9111178536178565,0.9450221105881873,0.9612920320743498,0.9694486466268164,0.97212243717783,0.9804459802914074,0.9846058210910456,1.0,0.0,0.0,0.0,0.0,0.004857779526888484,-1.1395164497094386,0.5149807104123565,0.21472598900509604
49.2,1.2633922239575475,0.560367652084275,1.221746426279665,0.035271443220708874,2.1144434032791146,1.0538265598743493,1.130169253871323,1.1665817097855546,0.12858079184832544,0.1328724444879081,0.1423384128958421,1.6750032900727825,2.1144434032791146,2.8169755927704068,0.00014733628577493507,0.0331821237477478,0.3891267868601675,0.8305727683054664,0.8874665777604094,0.9137764089951568,0.9399953716564372,0.9608830721895982,0.9703906568125352,0.9695335367209408,0.9802331265943505,0.9850840748696671,1.0,0.0,0.0,0.0,0.0,0.007188449250983997,-1.221746426279665,0.560367652084275,0.23913599124297563
49.400000000000006,1.334291652264619,0.6060205064007813,1.301169386636849,0.027817336030649845,2.257613628203138,1.0332614411327152,1.128498068853594,1.1707763704083616,0.12812011225310319,0.13313498076747943,0.14517139034585685,1.780853859162718,2.257613628203138,3.0383269211210244,5.011140123718569e-05,0.026663299363299073,0.3494153066815755,0.8142490736765698,0.8860195282351332,0.9166783562495184,0.9337964120852927,0.9603133654880571,0.9714168248273815,0.9663313607227226,0.9799363761302405,0.9856047910309208,0.9032258064516129,0.0,0.0,0.0,0.0,0.00953000054484461,-1.301169386636849,0.6060205064007813,0.2615774732222544
49.6,1.4017478019308278,0.6514043985548733,1.375798712563465,0.021932364708584333,2.4055402076468284,1.0092092457178483,1.1263528863662782,1.175175082932703,0.12764055516363412,0.13347880925311717,0.14863121858669193,1.894644464778723,2.4055402076468284,3.257378627821856,1.4388857997315635e-05,0.021502619513276217,0.3121006437182675,0.7946769580931443,0.8841420187775726,0.919707373281212,0.9262536327059541,0.9595686514826827,0.9724856187695583,0.9624206416484494,0.9795477393183918,0.9861468448343017,0.7741935483870968,0.0,0.0,0.0,0.0,0.011937036149122934,-1.375798712563465,0.6514043985548733,0.28170543160539535
49.800000000000004,1.4636741266280169,0.6958843501987593,1.443616200243124,0.017352019580596057,2.557442562144467,0.980886767165901,1.1237151464777049,1.1796760752010857,0.12715354931177292,0.13391548342088697,0.1529228500384387,2.015974069781646,2.5574425621444674,3.479421750993796,3.4572174840020723e-06,0.017483751988697706,0.27819189987843795,0.7709456758576424,0.8817919196746529,0.9227919712034489,0.9169399435834197,0.9586255693393412,0.9735716153141742,0.9575697173222041,0.979054157013645,0.9866973181357441,0.6774193548387096,0.0,0.0,0.0,0.0,0.014466526989955167,-1.443616200243124,0.6958843501987593,0.3024458541171776
50.0,1.517888425756472,0.7387596069268174,1.5025892662036562,0.013833509586186973,2.712249914609019,0.9466128931080545,1.1205523646383606,1.1842142171341437,0.12666627188703014,0.13446476679856592,0.15845970522068276,2.1443329036202563,2.712249914609019,3.693798034634087,6.94218142099076e-07,0.01442003891212692,0.24870536689817188,0.741203961484068,0.8788987784028608,0.9258869137186817,0.9049934066952909,0.9574443365671534,0.9746588240609297,0.9513112895432967,0.9784332900709113,0.9872480984019184,0.6451612903225806,0.0,0.0,0.0,0.0,0.017207734097794414,-1.5025892662036562,0.7387596069268174,0.32022279374285834
50.2,1.5614188634216333,0.7791800741354563,1.549995417471537,0.01117297126539516,2.8685517125664566,0.9023583953649396,1.1168050641629284,1.188747244843656,0.12618325775360933,0.13516629894752774,0.1662310682434951,2.279054675166555,2.8685517125664566,3.8959003706772815,1.1785708016080633e-07,0.012181758277919008,0.22500229126423152,0.7010771954159434,0.875327913800933,0.9289633109293676,0.8883577569026041,0.9559458236623064,0.9757371194311719,0.9425271489759375,0.977640333032241,0.9877940597772312,0.6129032258064516,0.0,0.0,0.0,0.0,0.02036565674660605,-1.549995417471537,0.7791800741354563,0.3341481104055501
50.400000000000006,1.586052096586999,0.8155170568636767,1.5782517586681515,0.00924246530741567,3.0242078901496208,0.8348113292785794,1.1123334363285216,1.1932503771767793,0.1257070627162916,0.13613286083844256,0.17968131808851445,2.4192845402778262,3.024207890149621,4.077585284318383,1.740209053268737e-08,0.010806485901641091,0.21087412066592426,0.6359069249061983,0.8707264303334987,0.9320046110032476,0.8599304018723049,0.9539079697841296,0.9768007752858706,0.9273240391793763,0.9765478071147248,0.9883323133799775,0.5806451612903225,0.0,0.0,0.0,0.0,0.02470318331236572,-1.5782517586681515,0.8155170568636767,0.342715487101715
50.6,0.9771761080962583,0.8046767499198714,0.9690270817603794,0.007845120502972225,3.1654153959910993,0.153,1.129757120390614,1.3124516489173728,0.11428992460311461,0.15674963042130213,0.9803921568627451,2.563932172330193,3.1654153959911,4.122528065140759,2.3822035446245856e-09,0.02103592431401054,0.5154864591198103,0.00010000011857921843,0.8802698855084162,1.0,0.0005912552900622074,0.9375274446457027,1.0,0.022263171355498768,0.9532043096585127,1.0,0.06451612903225806,0.03225806451612903,0.03225806451612903,0.03225806451612903,0.03225806451612903,1.5018137573667831,-0.9690270817603794,0.8046767499198714,0.342599643059407
50.800000000000004,0.6007022466931785,0.699963770164232,0.6101331359390081,0.012305117074345793,3.164586397814253,0.153,1.377439434330831,2.2379008944437855,0.06702709685331326,0.13872561178305925,0.9803921568627451,2.7111970431942227,3.164586397814253,3.651157549354659,5.8070385935275e-10,0.026897630775167543,0.694933432030496,0.00010000011857921843,0.9300089357815331,1.0,0.0005912552900622074,0.9548973120645289,1.0,0.022263171355498768,0.961991947470949,1.0,0.03225806451612903,0.03225806451612903,0.03225806451612903,0.03225806451612903,0.03225806451612903,0.8740417909085882,-0.6101331359390081,0.699963770164232,0.22553516897008008
51.0,0.3802378513996164,0.6339070011116099,0.37404774710783917,0.012591391776169424,3.1290724611966074,0.153,1.5064135054047971,2.35776030861517,0.06361969851299365,0.1303252526478424,0.9803921568627451,2.847387081018005,3.129072461196608,3.37453304554332,5.778705757946612e-10,0.030419049937167812,0.8129761264460804,0.00010000011857921843,0.9488075428388653,1.0,0.0005912552900622074,0.9613385466368335,1.0,0.022263171355498768,0.9652349226392747,1.0,0.03225806451612903,0.03225806451612903,0.03225806451612903,0.03225806451612903,0.03225806451612903,0.557105498390095,-0.37404774710783917,0.6339070011116099,0.1513097609321876
51.2,0.16364342022166548,0.5723745131698118,0.13908564374557275,0.009634213996559891,3.0630524807515767,0.153,1.5645989447740758,2.236257288645373,0.06707636047141223,0.12559854418825428,0.9803921568627451,2.861872565849059,3.0630524807515767,3.1790821556429836,6.491131249484032e-10,0.032612030975485616,0.9304571781272136,0.00010000011857921843,0.9605071687302185,1.0,0.0005912552900622074,0.9653217121560493,1.0,0.022263171355498768,0.9672370925451306,1.0,0.03225806451612903,0.03225806451612903,0.03225806451612903,0.03225806451612903,0.03225806451612903,0.2907175032473899,-0.13908564374557275,0.5723745131698118,0.11321341857874521
51.400000000000006,0.008056727256546495,0.5120103735681382,0.005717860724035573,0.005230792673367148,2.9672835719361066,0.153,1.5652407303318956,2.016955491599899,0.0743695141636548,0.12392848987378888,0.9803921568627451,2.560051867840691,2.9672835719361066,3.0633242811099453,5.990419227636805e-10,0.032342556161621225,0.9971410696379822,0.00010000011857921843,0.9674511492630048,1.0,0.0005912552900622074,0.9676628706002252,1.0,0.022263171355498768,0.9684110167609099,1.0,0.03225806451612903,0.03225806451612903,0.03225806451612903,0.03225806451612903,0.03225806451612903,0.04592374473270336,-0.005717860724035573,0.5120103735681382,0.11550594634398886
51.6,0.005346884119969957,0.47091746546552643,0.005416705798159116,0.005158758596314805,2.8704629922753844,0.153,1.5264275632865736,1.7972565292249045,0.08346053975093354,0.12508386309979655,0.9803921568627451,2.354587327327632,2.8704629922753844,3.0263709879307603,1.3331142656704814e-10,0.0323314611828296,0.9972916471009204,0.00010000011857921843,0.9654605610013725,1.0,0.0005912552900622074,0.9669807523343048,1.0,0.022263171355498768,0.9680675860428201,1.0,0.03225806451612903,0.03225806451612903,0.03225806451612903,0.03225806451612903,0.03225806451612903,-0.10625951095850272,-0.005416705798159116,0.47091746546552643,0.13883528985797983
51.800000000000004,0.005124063398973766,0.4421099144709386,0.005149119111593992,0.005168570849968942,2.780349756170218,0.153,1.4675555826679385,1.6429397710526144,0.09129975586621569,0.12860823116939443,0.9803921568627451,2.210549572354693,2.7803497561702186,3.009654015954148,1.3746999529677224e-10,0.032370719515033085,0.997425440444203,0.00010000011857921843,0.9603669602028851,1.0,0.0005912552900622074,0.9650910446955447,1.0,0.022263171355498768,0.9670968929260374,1.0,0.06451612903225806,0.03225806451612903,0.03225806451612903,0.03225806451612903,0.03225806451612903,-0.20534949010888537,-0.005149119111593992,0.4421099144709386,0.16514825167722078
52.0,0.004834780457686338,0.4199962317390715,0.004886605387506959,0.005176384684245915,2.6952204685032473,0.153,1.397183744850656,1.5469569431001462,0.09696456043527345,0.1343857904111151,0.9803921568627451,2.0999811586953574,2.6952204685032473,2.967649165741643,3.1806236981321615e-10,0.032417734018135434,0.9975566973062465,0.00010000011857921843,0.9474568391754791,1.0,0.0005912552900622074,0.9601366378935389,1.0,0.022263171355498768,0.9645258041067071,1.0,0.0967741935483871,0.03225806451612903,0.03225806451612903,0.03225806451612903,0.03225806451612903,-0.27603131662771574,-0.004886605387506959,0.4199962317390715,0.1793180547895656
52.2,0.004483089942439579,0.4019872117842641,0.004568605946501103,0.005190113442657548,2.614009448478784,0.153,1.3200812163575875,1.4969133453176795,0.10020620129361366,0.14285939856598326,0.9803921568627451,2.0099360589213204,2.614009448478784,2.9098691694113796,7.292112173387081e-10,0.03248780109063258,0.9977156970267494,0.00010000011857921843,0.9201185643297348,1.0,0.0005912552900622074,0.9487931462889322,1.0,0.022263171355498768,0.9584962904326718,1.0,0.1935483870967742,0.06451612903225806,0.06451612903225806,0.03225806451612903,0.03225806451612903,-0.32436221825713685,-0.004568605946501103,0.4019872117842641,0.1859861761679456
52.400000000000006,0.0006060447864446472,0.386432171462114,0.0001437883801349571,0.005067866836821586,2.5357539466775028,0.153,1.2701158650028188,1.4845441595959645,0.10104111691822235,0.16931815370634123,0.9803921568627451,1.93216085731057,2.5357539466775028,2.8429734428983497,1.7408400177762228e-09,0.03294684297819057,0.9999281058099325,0.00010000011857921843,0.9034365030867152,1.0,0.0005912552900622074,0.9237373098743054,1.0,0.022263171355498768,0.9310833629905696,1.0,0.1935483870967742,0.06451612903225806,0.06451612903225806,0.06451612903225806,0.06451612903225806,-0.31333157385994986,-0.0001437883801349571,0.386432171462114,0.18823460102147452
52.6,0.0002089993695301112,0.37258356132982917,0.0001423737504964162,0.005033179015732292,2.4599406467173344,0.153,1.2331455036187513,1.465914488599896,0.10232520461904017,0.17292478761354133,0.9803921568627451,1.8629178066491459,2.4599406467173344,2.7712126236141867,1.0322965339285854e-09,0.03283357797564851,0.9999288131247518,0.00010000011857921843,0.8916892633751426,1.0,0.0005912552900622074,0.9192731906060142,1.0,0.022263171355498768,0.9288117883419145,1.0,0.22580645161290322,0.06451612903225806,0.06451612903225806,0.06451612903225806,0.06451612903225806,-0.3799218690801611,-0.0001423737504964162,0.37258356132982917,0.18771426217277515
52.800000000000004,0.00018345020149799812,0.3600754289125147,0.000144940854492015,0.005023333461816436,2.386731955471378,0.153,1.189733831933664,1.4385066992500866,0.10427480113801144,0.17778206725587126,0.9803921568627451,1.8003771445625734,2.386731955471378,2.6971380759529584,3.9493151780653575e-10,0.032772448033609715,0.999927529572754,0.00010000011857921843,0.8729728083966412,1.0,0.0005912552900622074,0.9119066186061694,1.0,0.022263171355498768,0.9249886673601071,1.0,0.29032258064516125,0.0967741935483871,0.0967741935483871,0.06451612903225806,0.06451612903225806,-0.4400628595066185,-0.000144940854492015,0.3600754289125147,0.18533059248734626
53.0,0.0001671013887431826,0.3485081510714927,0.00013696344503721924,0.005016693971223579,2.315921932427898,0.153,1.1406508413657674,1.4066872219200497,0.10663351288231535,0.18438765835417456,0.9803921568627451,1.7425407553574632,2.315921932427898,2.622394318870344,6.366263120555826e-10,0.03272988424594622,0.9999315182774814,0.00010000011857921843,0.8470637874293482,1.0,0.0005912552900622074,0.9008457378771081,1.0,0.022263171355498768,0.9190756218208377,1.0,0.3870967741935484,0.0967741935483871,0.0967741935483871,0.06451612903225806,0.06451612903225806,-0.49567582393278065,-0.00013696344503721924,0.3485081510714927,0.18183640312599533
53.2,0.00023110169192646358,0.3376348455432214,0.010472910249277101,0.006205537345518719,2.2473476359275297,0.1557073553400476,1.11427308607863,1.3709924541044485,0.10940979255643103,0.20620686877920213,0.9633456279083068,1.6881742277161067,2.2473476359275297,2.5480525473141182,1.1988674674237602e-09,0.0396786952700421,0.9947635448753614,0.00010000506039415467,0.8399988095740967,1.0,0.0018167187902770902,0.8807076489845892,1.0,0.04153123360941673,0.8957885340070194,1.0,0.4193548387096774,0.0967741935483871,0.0967741935483871,0.0967741935483871,0.0967741935483871,-0.0028287298473176764,-0.010472910249277101,0.3376348455432214,0.1777081860502557
53.400000000000006,0.0013954593719437394,0.32735453374568674,0.006476803903979089,0.007661942500347403,2.181012053387281,0.15618506936972973,1.1144773492556208,1.3327158256449247,0.11255212635252707,0.20512737946273546,0.9603990996406443,1.6367726687284336,2.181012053387281,2.4747731050000095,3.6484024499218557e-09,0.04832556110174891,0.9967615980480105,0.00010000804748175243,0.8492608737703393,1.0,0.0021038154114009595,0.8843954479877006,1.0,0.044861758565318,0.8980438601448809,1.0,0.3548387096774194,0.0967741935483871,0.0967741935483871,0.0967741935483871,0.0967741935483871,0.00040868975381869177,-0.006476803903979089,0.32735453374568674,0.17318675682945905
53.6,0.0027268203246988976,0.31760356148115443,0.005483885678595035,0.008430340934825219,2.1169382220255843,0.15666271871139922,1.114199007217476,1.2989389892419259,0.11547886485995892,0.20452384988325142,0.9574709365048544,1.588017807405772,2.1169382220255843,2.4029693261973057,3.4518918872648593e-08,0.052362366723246755,0.9972580571607025,0.00010001234651979711,0.8534694736520237,0.99936097684429,0.0024111026273787653,0.886077556052372,0.9997869468884863,0.0481715250134217,0.8992439854367462,0.9998934677691176,0.1935483870967742,0.0967741935483871,0.0967741935483871,0.0967741935483871,0.0967741935483871,0.0022304378360929744,-0.005483885678595035,0.31760356148115443,0.16842331388358367
53.800000000000004,0.00382939134087957,0.30828709896527284,0.005259168207937481,0.00883282547666295,2.0550161393414927,0.157152917115453,1.1136283142721206,1.2731984568908696,0.11781352638951323,0.20411618425754904,0.9544843503592231,1.541435494826364,2.0550161393414927,2.332926081842426,1.1682618287692679e-07,0.054065550404737144,0.9973704158960313,0.00010001855214434384,0.8536926196971641,0.983639955242455,0.002747092294281959,0.8863072254900539,0.9945166364320331,0.05154732825961453,0.8997047787557739,0.9972545490887508,0.16129032258064516,0.0967741935483871,0.0967741935483871,0.0967741935483871,0.0967741935483871,0.003393405422979112,-0.005259168207937481,0.30828709896527284,0.1635747213166528
54.0,0.0046877874963281016,0.29932924895198804,0.005597817012481743,0.00905633581261542,1.9951147444698274,0.15766203401962908,1.112868988945513,1.25460725314751,0.11955932792807136,0.20379824900147075,0.9514021617996178,1.4966462447599402,1.9951147444698276,2.264812119884748,2.67493987402536e-07,0.05466881490583385,0.9972010914937591,0.00010002748725331145,0.8534761962245865,0.9720193305385812,0.0031177377373679048,0.8863326460012757,0.9905847323165928,0.05503119299263551,0.900064147887355,0.9952812316575113,0.16129032258064516,0.0967741935483871,0.0967741935483871,0.0967741935483871,0.0967741935483871,0.00414346356374716,-0.005597817012481743,0.29932924895198804,0.15875428085912696
54.2,0.005440934197241188,0.2906848035062341,0.0062900145277682284,0.009227178639176933,1.9371317612169936,0.15819431343238025,1.1119902090979186,1.2414132448430597,0.12083003030869313,0.20351926452121852,0.9482009608652406,1.4534240175311703,1.9371317612169938,2.1986974473575214,5.086615076970406e-07,0.05491877375462794,0.9968549927361159,0.00010004030508695007,0.8530273349652007,0.9636332619551539,0.003528396157802327,0.8862545229077579,0.9877277469517092,0.05864958000008666,0.900379490110264,0.9938449291327297,0.16129032258064516,0.0967741935483871,0.0967741935483871,0.0967741935483871,0.0967741935483871,0.004603566904945081,-0.0062900145277682284,0.2906848035062341,0.15402317549744587
54.400000000000006,0.006213012673572865,0.28233155433575224,0.007200479115943237,0.009408972525307018,1.8809991902607743,0.15875283818236835,1.11104164202711,1.232076808486408,0.12174565657499328,0.20325279925140047,0.9448649971705484,1.411657771678761,1.8809991902607743,2.134588581527393,8.806272418171544e-07,0.05514805881846248,0.9963997604420284,0.00010005861301305897,0.8524556671661132,0.957627989724664,0.0039842072512313,0.8861248369545125,0.9856716553209517,0.06242029228514719,0.9006806815974627,0.9928099768590117,0.16129032258064516,0.0967741935483871,0.0967741935483871,0.0967741935483871,0.0967741935483871,0.004851872332993057,-0.007200479115943237,0.28233155433575224,0.14940570070205056
54.6,0.007077760898660158,0.27425942466982267,0.008267395051008819,0.009626219723039547,1.826671882912592,0.15934009813924077,1.1100598357013374,1.23187007574373,0.12176608796137767,0.202984199106338,0.9413826259158015,1.3712971233491134,1.826671882912592,2.0724613329616974,1.4512572244626234e-06,0.05545498685738119,0.9958663024744956,0.00010008464236612786,0.8518221976252082,0.9574943440213808,0.00449036179722827,0.8859719323059834,0.9856257999005377,0.06635649221811057,0.9009842861805606,0.992786882818821,0.16129032258064516,0.0967741935483871,0.0967741935483871,0.0967741935483871,0.0967741935483871,0.004943800335532225,-0.008267395051008819,0.27425942466982267,0.1449072699866007
54.800000000000004,0.008070347388314154,0.2664633471756431,0.009474958730182337,0.00988557040162906,1.774116700948938,0.15995835541266437,1.1090717814910063,1.2332674721273311,0.12162811668198523,0.2027047365411688,0.9377440747813793,1.3323167358782153,1.774116700948938,2.0122811991695353,2.323111072604317e-06,0.05584056125571973,0.9952625206349088,0.00010012148251960995,0.8511625518803894,0.9583971432279832,0.005052323152906442,0.8858121541727562,0.985935478072735,0.07046922566428561,0.9013001687932443,0.9929428347552939,0.16129032258064516,0.0967741935483871,0.0967741935483871,0.0967741935483871,0.0967741935483871,0.004920154902854718,-0.009474958730182337,0.2664633471756431,0.14052598908020617
55.0,0.009205627351783598,0.2589398107346174,0.01082873241882032,0.010188246412215487,1.723306053768081,0.16060986354877882,1.108097418778305,1.233744772117219,0.12158106229912226,0.20240873016604535,0.9339401496623743,1.294699053673087,1.7233060537680813,1.954012961798915,3.6405855164953854e-06,0.05628093977210892,0.9945856337905898,0.00010017340241941653,0.8504985713852651,0.9587052003567608,0.00567599997524172,0.8856555534518139,0.986041103317362,0.07476888492032137,0.9016347512339676,0.9929960213471652,0.16129032258064516,0.0967741935483871,0.0967741935483871,0.0967741935483871,0.0967741935483871,0.004811304747369433,-0.01082873241882032,0.2589398107346174,0.13625820767933783
55.2,0.010490872808765568,0.2516856395043035,0.012342060407021238,0.01053543352099405,1.6742150755785818,0.1612969872052917,1.107151407643422,1.2335501295783657,0.12160024664037838,0.20209209388508848,0.9299615733621025,1.2584281975215175,1.6742150755785818,1.897623923694087,5.598473315474195e-06,0.05675527137095092,0.9938289697964894,0.0001002462906520783,0.8498442172996813,0.9585795937393806,0.0063678754091249425,0.8855087524801821,0.9859980386173005,0.07926595620330767,0.9019926521057305,0.9929743368691925,0.16129032258064516,0.0967741935483871,0.0967741935483871,0.0967741935483871,0.0967741935483871,0.004639880181398728,-0.012342060407021238,0.2516856395043035,0.13210045007566437
55.400000000000006,0.011932649715658468,0.24469777164244133,0.014030763756748943,0.010929972653109236,1.6268208290812851,0.16202227092061752,1.1062444965700624,1.2329285986360006,0.121661546472315,0.20175156934423105,0.9257986519241678,1.2234888582122065,1.6268208290812851,1.8430844805217435,8.452430668785939e-06,0.05725202156584788,0.9929846181216255,0.00010034825744804129,0.849208723159716,0.9581783341433416,0.007135114713140386,0.885376449984103,0.9858604400465432,0.08397139680289743,0.9023775543969691,0.9929050483365496,0.16129032258064516,0.0967741935483871,0.0967741935483871,0.0967741935483871,0.0967741935483871,0.004422753871263604,-0.014030763756748943,0.24469777164244133,0.12804976194397097
55.6,0.01353957189363614,0.23797340497075062,0.015912126015629635,0.011376514454684182,1.5811024657386727,0.16278848356906941,1.1053844995577957,1.232049134161971,0.12174839122956624,0.2013842999153528,0.9214411038871592,1.189867024853753,1.5811024657386727,1.790367862516019,1.2531557442631655e-05,0.0577676579348935,0.9920439369921852,0.00010049045805726761,0.8485983055946542,0.9576101009119379,0.00798566524331519,0.8852622339453359,0.9856655177052182,0.08889682807843341,0.9027926870165482,0.9928068858194989,0.16129032258064516,0.0967741935483871,0.0967741935483871,0.0967741935483871,0.0967741935483871,0.004172519637841279,-0.015912126015629635,0.23797340497075062,0.12410350645020166
55.800000000000004,0.015323291516697979,0.23151018809308482,0.018005260410407065,0.011881326705000486,1.5370416693077087,0.16359865990222197,1.1045770502040506,1.2310255201146922,0.1218496266316435,0.2009875575373117,0.9168779260762314,1.157550940465424,1.537041669307709,1.7394499313070155,1.825279903097057e-05,0.058304145830286605,0.9909973697947965,0.00010068822090912756,0.8480171667611598,0.9569480629061964,0.008928366075498054,0.8851690630702649,0.9854383200092092,0.09405468715764267,0.9032411335512823,0.9926924572437614,0.16129032258064516,0.0967741935483871,0.0967741935483871,0.0967741935483871,0.0967741935483871,0.0038985908943128533,-0.018005260410407065,0.23151018809308482,0.12025912477392889
56.0,0.017298813555851517,0.22530639869777092,0.020331966877566998,0.01245209029270821,1.4946231942652002,0.1644561460521841,1.1038261519084438,1.2299335544589345,0.12195780776627983,0.20055853577612973,0.9120972587573773,1.1265319934888545,1.4946231942652002,1.6903091619483126,2.613652687707727e-05,0.058866840052652296,0.9898340165612165,0.00010096259622132573,0.8474680931513559,0.9562410243106784,0.009973074855675534,0.885099575937691,0.9851955632903988,0.09945837935569384,0.9037260661745066,0.9925701777555181,0.16129032258064516,0.0967741935483871,0.0967741935483871,0.0967741935483871,0.0967741935483871,0.0036080685926943856,-0.020331966877566998,0.22530639869777092,0.11651394814828801
56.2,0.019484785183330296,0.2193610882361981,0.022917657608981123,0.01309782835903794,1.4538354270850946,0.16536465113382656,1.1031345614212404,1.2288225933544112,0.12206806809316022,0.20009415633380656,0.9070862422623065,1.0968054411809904,1.4538354270850946,1.642926854376484,3.682367889626887e-05,0.059463195015995084,0.9885411711955094,0.0001013424860713229,0.8469528114703715,0.9555208448139,0.011130816034562473,0.8850563148608073,0.9849481716730504,0.10512244023521362,0.9042509643533694,0.9924455481110817,0.16129032258064516,0.0967741935483871,0.0967741935483871,0.0967741935483871,0.0967741935483871,0.003306316462332773,-0.022917657608981123,0.2193610882361981,0.11286509206040199
56.400000000000006,0.021904142313568974,0.21367422527091767,0.025792576440555104,0.013828964737690729,1.4146709980796164,0.16632830868225165,1.10250409650443,1.227723797733798,0.1221773173061225,0.1995908359407081,0.9018308500121603,1.0683711263545883,1.4146709980796164,1.5972874932679062,5.109365751831357e-05,0.060101895310131596,0.9871037117797224,0.00010186758262032814,0.8464722263433403,0.9548077154368131,0.012413957589426467,0.8850419349907063,0.9847030793389414,0.11106272434321143,0.9048198783354364,0.9923220613506875,0.16129032258064516,0.0967741935483871,0.0967741935483871,0.0967741935483871,0.0967741935483871,0.0029974002901405755,-0.025792576440555104,0.21367422527091767,0.10930938249541904
56.6,0.024585144946444894,0.20824687096303368,0.028993585755208162,0.01465750203388249,1.3771275352605707,0.1673517463552512,1.1019358671785282,1.2266557006433498,0.12228370187439622,0.19904415604212308,0.8963157138592551,1.0412343548151684,1.3771275352605707,1.5533792034324643,6.988348373997964e-05,0.06079222499746259,0.9855032071223959,0.00010259243151108046,0.8460265605977841,0.9541137114922325,0.013836417310003984,0.8850594398131939,0.9844644429300425,0.1172966026311044,0.9054378025091525,0.9922018125604597,0.16129032258064516,0.0967741935483871,0.0967741935483871,0.0967741935483871,0.0967741935483871,0.0026844027804100445,-0.028993585755208162,0.20824687096303368,0.1058432687142412
56.800000000000004,0.027563152906020256,0.20308141338915653,0.03256699009929709,0.015597373782683279,1.34120865125493,0.1684401622171974,1.1014304518376752,1.2256276923243425,0.12238626863556941,0.1984483267496097,0.8905239583335268,1.0154070669457826,1.34120865125493,1.5111943329888804,9.430965754247988e-05,0.061543499411870754,0.9837165049503515,0.00010359206475603787,0.8456154108071082,0.9534450112631839,0.01541389851464364,0.8851125098788732,0.984234397814438,0.12384314980956392,0.9061112813112912,0.9920858791205934,0.16129032258064516,0.0967741935483871,0.0967741935483871,0.0967741935483871,0.0967741935483871,0.0023695897430792007,-0.03256699009929709,0.20308141338915653,0.10246270164890688
57.0,0.030883830605260777,0.1981819211376601,0.036573561163075974,0.01666507735451717,1.3069253505844116,0.16959940070174537,1.100988055245516,1.2246419034178035,0.12248478480229287,0.19779520869662595,0.8844370875094509,0.9909096056883004,1.3069253505844118,1.4707302091205035,0.00012569322690872907,0.06236421181207723,0.981713219418462,0.00010496981831430474,0.8452377143450546,0.9528030873325358,0.017164145661409835,0.8852060606221532,0.9840134630153783,0.13072327222529564,0.9068495148447971,0.9919745241556901,0.16129032258064516,0.0967741935483871,0.0967741935483871,0.0967741935483871,0.0967741935483871,0.002054388734308507,-0.036573561163075974,0.1981819211376601,0.09916292470932196
57.2,0.034609339365306656,0.19355473751023614,0.041098779799181084,0.01788085476294098,1.2742982534998422,0.17083601151352204,1.1006086965087232,1.2236934336272054,0.12257972125859838,0.19707218091962583,0.8780350153991225,0.9677736875511807,1.2742982534998422,1.4319901389265164,0.00016559183004590273,0.06326018623888376,0.9794506101004095,0.00010686816360461832,0.8448915563098716,0.9521848293648483,0.019107190298508683,0.8853473998092505,0.9838005796305651,0.1379596735070805,0.9076667688591358,0.9918672154152919,0.16129032258064516,0.0967741935483871,0.0967741935483871,0.0967741935483871,0.0967741935483871,0.0017391111155905387,-0.041098779799181084,0.19355473751023614,0.09593806661756939
57.400000000000006,0.038832193772029504,0.18920957538120733,0.04627738292265571,0.019271184937157296,1.2433614569157567,0.17215727495045752,1.1002925282501042,1.2227672030127663,0.1226725738394162,0.19625667958270357,0.8712963192706563,0.9460478769060366,1.2433614569157567,1.394984837011945,0.00021584775669366188,0.0642294153418908,0.9768613085386721,0.00010948364838109473,0.8445735516255035,0.951580465749023,0.021265548460127327,0.8855491512545822,0.9835923913613325,0.14557656823447998,0.9085885477485488,0.9917622621246592,0.16129032258064516,0.0967741935483871,0.0967741935483871,0.0967741935483871,0.0967741935483871,0.0014218071849951969,-0.04627738292265571,0.18920957538120733,0.09278030508855444
57.6,0.04371636382429852,0.18516213596419592,0.052372919509350746,0.020875567484803077,1.2141711589064976,0.17357105790283148,1.100040732447733,1.221822390634894,0.12276743424390488,0.19529637812551415,0.8641993763958792,0.9258106798209795,1.2141711589064976,1.359734806483885,0.0002786773091651867,0.06524251163678688,0.9738135402453246,0.00011308700371279447,0.8442763858608929,0.9509633636841837,0.023664114307492882,0.8858397308212689,0.9833797240273944,0.1535983970472074,0.9096739973617287,0.9916550393472829,0.16129032258064516,0.0967741935483871,0.0967741935483871,0.0967741935483871,0.0967741935483871,0.0010919534568853556,-0.052372919509350746,0.18516213596419592,0.08967765284366716
57.800000000000004,0.04972731285403736,0.18144313595660952,0.06032419033025471,0.022776667839829404,1.1868328341610235,0.17508349689087935,1.0998617374717465,1.2206482189233654,0.1228855272752561,0.1939369754891132,0.8567340878134698,0.9072156797830475,1.1868328341610235,1.3262747560804793,0.00035687639519392793,0.0660743020174053,0.9698379048348726,0.00011804209046215231,0.8439655610935155,0.9501955908708487,0.02632607693715668,0.8863541346197604,0.9831150036513503,0.16203657502078694,0.9112105597138838,0.9915215562267068,0.16129032258064516,0.0967741935483871,0.0967741935483871,0.0967741935483871,0.0967741935483871,0.000635908622263634,-0.06032419033025471,0.18144313595660952,0.08660554243480259
58.0,0.07932940039160764,0.17940444124343502,0.12457700312202569,0.029503195582018037,1.163399985748704,0.17700104360827765,1.103696452516838,1.2050597633587186,0.12447515431261516,0.17353127091825898,0.8474526304599996,0.897022206217175,1.163399985748704,1.294665449444143,0.0004545980517931872,0.06217173108845527,0.9377114984389872,0.0001262940799824668,0.8535005484740722,0.9399109271580841,0.029834253439128128,0.9097213622463569,0.9795551234466828,0.17252760803822634,0.9342755711925935,0.9897247662292705,0.3870967741935484,0.06451612903225806,0.06451612903225806,0.06451612903225806,0.06451612903225806,-0.013568904598031374,-0.12457700312202569,0.17940444124343502,0.08217960360024004
58.2,0.3866954660975207,0.2000911551401357,0.651661693990776,0.10535164873987343,1.1691732239276857,0.9773725838482719,1.1164535146771046,1.2001596452620928,0.12498337249728368,0.13514674460136786,0.15347269043438416,1.0004557757006785,1.1691732239276857,1.2652329482533664,0.0005986649831450275,0.10542625683906356,0.674169153004612,0.7679483935421528,0.8751868470658211,0.9366424665391048,0.9157500825982374,0.9559673825596413,0.9784183597458556,0.9569482207696148,0.9776624357347999,0.9891503161669183,0.5806451612903225,0.0,0.0,0.0,0.0,-0.04210633333233285,-0.651661693990776,0.2000911551401357,0.054720615660888844
58.400000000000006,0.6052098063937519,0.23580198063709307,0.6416989301675751,0.13177600444749735,1.2265994059217487,1.0558961543730216,1.1226765427835506,1.1878321772904317,0.1262804652608128,0.1338684409419134,0.14205942447916972,1.1790099031854653,1.2265994059217487,1.2419421046930996,0.001109301959895463,0.12345676693665937,0.6791505349162125,0.8321949520596588,0.8816256858127813,0.928343496442369,0.9406069475372497,0.9586957257739857,0.9755200625300011,0.969848883393271,0.9791073301502914,0.9876841840186324,0.7419354838709677,0.0,0.0,0.0,0.0,-0.02337692256854377,-0.6416989301675751,0.23580198063709307,0.022775017755129523
58.6,0.7477177795889874,0.27471477201619865,0.6938093093876918,0.12866203762226464,1.311775230851323,1.0845695759913137,1.1264114385751949,1.1722175707554965,0.12796259307333596,0.1332751741106846,0.1383037135841632,1.2387638922438962,1.311775230851323,1.4234174408625473,0.0023441312910649674,0.11769203975173835,0.6530953453061541,0.8542909541052487,0.8848952255417128,0.9176723731969543,0.9488592757472911,0.9599833199960512,0.9717678246674846,0.974094045063786,0.9797779125467342,0.9857828383841416,0.9032258064516129,0.0,0.0,0.0,0.0,-0.014744133968869165,-0.6938093093876918,0.27471477201619865,0.048462740076042406
58.800000000000004,0.8496434600453521,0.3154178823352116,0.7641839312691519,0.11406341417685437,1.4130040581075238,1.0972579179533246,1.1287736443261096,1.1617125602010963,0.12911971957506813,0.13294522206274292,0.13670441337966333,1.2614734550723588,1.4130040581075238,1.6197429099238287,0.003077417467329099,0.10330160574857414,0.6179080343654241,0.863847422237501,0.8867970050426159,0.91039127687138,0.9523843205273846,0.9607055464813548,0.9691908787157388,0.9759017688523278,0.9801508645193936,0.9844749131443097,1.0,0.0,0.0,0.0,0.0,-0.009210448729839768,-0.7641839312691519,0.3154178823352116,0.0828574103071764
59.0,0.930821478106472,0.35718414113145563,0.8417308229125138,0.096310536689426,1.524028300177915,1.1008418630894556,1.1301931226166908,1.156660114737104,0.12968373171067052,0.1327630162834137,0.13625935298193764,1.305712752238742,1.5240283001779151,1.8244118848377122,0.002810867810084008,0.0869982306286429,0.5791345885437431,0.8665226280929207,0.88787961524569,0.9068597826418671,0.9533664483023808,0.9611067262142049,0.9679360517626927,0.9764048302951034,0.9803568156727644,0.9838373979663051,1.0,0.0,0.0,0.0,0.0,-0.005164041285638715,-0.8417308229125138,0.35718414113145563,0.11515266443441025
59.2,1.0035467945045564,0.39973928491904864,0.9224123358731322,0.07918181064945873,1.6418562082715327,1.0981150528296038,1.1308941940916777,1.1554278312592265,0.12982204162117564,0.1326819931034238,0.13659770860392326,1.366075615863776,1.6418562082715327,2.0308105184030634,0.00200921126850696,0.0716990347061327,0.5387938320634339,0.8644881839472538,0.8883805804821928,0.9059955171821482,0.9526197429394146,0.9612865387866997,0.9676284608649528,0.9760223795800159,0.9804483979344806,0.9836810632677239,1.0,0.0,0.0,0.0,0.0,-0.0019501828781080394,-0.9224123358731322,0.39973928491904864,0.14401545924506898
59.400000000000006,1.0744120206210888,0.4430851503820863,1.004714199861421,0.0640784613118662,1.7653837010159856,1.0906050262760276,1.1310046642417935,1.1566073564756534,0.12968964719113604,0.13268172384697738,0.13753833549822245,1.4388422032693813,1.7653837010159856,2.242369036316032,0.001193636066797306,0.05839450191502964,0.4976429000692894,0.8588533447398403,0.8884127210949597,0.9068228041629027,0.9505454430561108,0.9612893478980269,0.9679228951758063,0.9749591685529788,0.9804487022808951,0.9838307115701374,1.0,0.0,0.0,0.0,0.0,0.0007874028743990319,-1.004714199861421,0.4430851503820863,0.17163049094013194
59.6,1.1459489650918109,0.48727340714805695,1.0878372538079568,0.05130822177146448,1.8943799303330608,1.0787915597291815,1.1305962355611991,1.159254639548419,0.12939348688604918,0.13275368213351876,0.13904446938540732,1.521891412018912,1.8943799303330608,2.4599541482620753,0.0006056729983929815,0.04722064638230869,0.4560813730960216,0.8498945887781912,0.8880286389902031,0.9086756870339315,0.9472287781610979,0.9611340767382219,0.9685816934818569,0.9732567526782526,0.980367366265307,0.9841654680012446,1.0,0.0,0.0,0.0,0.0,0.0032674180806556985,-1.0878372538079568,0.48727340714805695,0.1987409687447572
59.800000000000004,1.2182853081907388,0.5322421054084016,1.1707773946227094,0.040766076023677295,2.028857552413554,1.0638991691385105,1.1297054875526842,1.1627773496881333,0.12900148084259747,0.13289565240419904,0.14099080472208855,1.6141006392882753,2.028857552413554,2.6800337649632957,0.0002647998077789121,0.038016055581959626,0.41461130268864527,0.8384329125942196,0.8872477629341172,0.9111330658069994,0.9429513295560671,0.960826074980874,0.969454041995972,0.9710567675355641,0.9802068941820469,0.9846085609540287,1.0,0.0,0.0,0.0,0.0,0.005628927066010397,-1.1707773946227094,0.5322421054084016,0.22418298180990373
60.0,1.2902292286239627,0.5777343967344151,1.2520509043675159,0.03221976279244237,2.168737159335367,1.0452838844095378,1.1283465118129579,1.1668122570089492,0.1285553859234524,0.1331094314616503,0.14350168622826545,1.7148575557543315,2.168737159335367,2.9013598871335886,9.946093672051353e-05,0.030547066314092902,0.37397454781624206,0.8238372656997961,0.8860687896570462,0.9139362481583723,0.9374474815292789,0.9603620976598823,0.970447234612632,0.9682186635847518,0.9799652550660388,0.9851127917388539,1.0,0.0,0.0,0.0,0.0,0.007961800137079186,-1.2520509043675159,0.5777343967344151,0.24783264853375922
60.2,1.359982561237582,0.6233079295990136,1.3297864785236362,0.025404800272964087,2.3137041387045985,1.0234244444693834,1.1265184780946282,1.1711385413078077,0.12808049151255438,0.1334000625084056,0.14656675518217738,1.8237588977899433,2.3137041387045985,3.1219210280852407,3.1780650251167545e-05,0.024575845976680177,0.33510676073818185,0.8063077688189422,0.8844751240596785,0.9169282964514465,0.9307506932443109,0.9597320672065192,0.9715051057175974,0.9647541495142113,0.979636748475825,0.9856495752152834,0.8709677419354839,0.0,0.0,0.0,0.0,0.01032861946818163,-1.3297864785236362,0.6233079295990136,0.2693989921463306
60.400000000000006,1.4255010864489923,0.6683816021331022,1.401962514552127,0.02005288487744471,2.463157912641586,0.9978271281897365,1.1242092777671966,1.1756214203983217,0.12759209503785435,0.13377619730372928,0.15032664051951647,1.9404380910322752,2.4631579126415866,3.341908010665511,8.541931493779588e-06,0.019876026413034865,0.29901874272393647,0.7852301409023218,0.8824354032595922,0.920013924522009,0.9225686075055789,0.9589184926942487,0.9725936550578054,0.9605042693807793,0.9792115951398274,0.9862016203679516,0.7419354838709677,0.0,0.0,0.0,0.0,0.012782497801153078,-1.401962514552127,0.6683816021331022,0.289637116724202
60.6,1.4846710922775201,0.7122925566862821,1.4665621202905765,0.015907356121295322,2.6162063557543807,0.967431625376745,1.1213954338293322,1.1801765718491364,0.1270996252408023,0.13425202914014536,0.15504971727752417,2.0644624615975355,2.616206355754381,3.56146278343141,1.9185330801101144e-06,0.016241836838470348,0.26671893985471173,0.7594055490546169,0.879898183933298,0.923134045064795,0.9123416639964856,0.9578927151216229,0.9736919003286689,0.9551656730456215,0.978673752070956,0.9867582696854246,0.6774193548387096,0.0,0.0,0.0,0.0,0.015388486726885045,-1.4665621202905765,0.7122925566862821,0.30938006651233413
60.800000000000004,1.5351372927406672,0.7542992434654554,1.5214109478581046,0.012739252578439022,2.771658168021757,0.9299004048005096,1.1180361278483373,1.1847495313646952,0.12660903931923673,0.1348530650813634,0.1613075972713221,2.195269213586709,2.771658168021757,3.7714962173272766,3.6136522255042503e-07,0.01350500777085726,0.23929452607094767,0.7262826926972017,0.8767740861598424,0.9262509933970784,0.8988791939291314,0.9566035463486485,0.974786560640394,0.9480922552477623,0.9779943880805986,0.9873127896174816,0.6451612903225806,0.0,0.0,0.0,0.0,0.018265841708010877,-1.5214109478581046,0.7542992434654554,0.3257535807730507
61.0,1.5728666431140532,0.7933815681409278,1.5628009355143622,0.010367667470695837,2.9279006202688125,0.8790909421160709,1.1140511419780916,1.1893055885358161,0.1261240184574166,0.13563618179616588,0.1706308105495128,2.33212500711456,2.9279006202688125,3.9669078407046388,5.8053567383640554e-08,0.011577890266398796,0.21859953224281897,0.6791738791036137,0.8728752063478991,0.9293412016212574,0.879007939034279,0.9549379846678657,0.9758694080738709,0.9375540246008738,0.9771092142335809,0.9878610192415287,0.6129032258064516,0.0,0.0,0.0,0.0,0.021736303210528704,-1.5628009355143622,0.7933815681409278,0.3378551189419497
61.2,1.580484032586042,0.8267122404494849,1.5747823808784838,0.008740426030479562,3.081998389544297,0.7880788875572367,1.1092078581221516,1.1938267994092815,0.12564636685507616,0.1368169323110703,0.1903362751728402,2.4740935492370255,3.081998389544297,4.133561202247424,8.264178656632159e-09,0.010726230000753555,0.21260880956075817,0.5879381025765691,0.8675658959869706,0.9323928509280579,0.8377391289867526,0.9524757171696472,0.976936390592659,0.915280509557461,0.9757745862580948,0.9884009192313845,0.5806451612903225,0.0,0.0,0.0,0.0,0.027531770353147536,-1.5747823808784838,0.8267122404494849,0.3429566482888158
61.400000000000006,0.7557130509190308,0.7483843930841916,0.7810407034809286,0.010382800204723793,3.1665234755238814,0.153,1.2502048873077527,1.9412048961995738,0.07727159574636608,0.14705897562550865,0.9803921568627451,2.6199532988337064,3.166523475523882,3.87245150897278,1.173023042873852e-09,0.023922206368633403,0.6094796482595357,0.00010000011857921843,0.9098858329812435,1.0,0.0005912552900622074,0.94792703582186,1.0,0.022263171355498768,0.9584729910948822,1.0,0.03225806451612903,0.03225806451612903,0.03225806451612903,0.03225806451612903,0.03225806451612903,1.1421483761585132,-0.7810407034809286,0.7483843930841916,0.285825735762785
61.6,0.5071538024001452,0.6711816789458905,0.5098707863547849,0.012793875129954418,3.150116725444292,0.153,1.4371079707454866,2.3233353543173014,0.06456235416951964,0.1349216580240436,0.9803921568627451,2.765712437528396,3.150116725444292,3.523476037950455,5.767215353824914e-10,0.028518142362023286,0.7450646068226076,0.00010000011857921843,0.938490240507697,1.0,0.0005912552900622074,0.9578081372338146,1.0,0.022263171355498768,0.963458069198808,1.0,0.03225806451612903,0.03225806451612903,0.03225806451612903,0.03225806451612903,0.03225806451612903,0.7316930382615251,-0.5098707863547849,0.6711816789458905,0.19123512368623263
61.800000000000004,0.29211589167171775,0.6080302366305759,0.27912587501269837,0.011804274407411873,3.1021042222180064,0.153,1.534317817317882,2.3217818469358464,0.0646055529282225,0.1282063970783265,0.9803921568627451,2.889593773599182,3.1021042222180064,3.2815264812916523,6.345435948702067e-10,0.03151546723790342,0.8604370624936508,0.00010000011857921843,0.9537977676202696,1.0,0.0005912552900622074,0.9630399528538806,1.0,0.022263171355498768,0.9660904613870075,1.0,0.03225806451612903,0.03225806451612903,0.03225806451612903,0.03225806451612903,0.03225806451612903,0.44325596541045564,-0.27912587501269837,0.6080302366305759,0.13088365453845688
62.0,0.06709077945023631,0.5460958232245182,0.03191766023118703,0.0071707217249356485,3.023006640027972,0.153,1.567590971284672,2.150834419369918,0.069740375478993,0.12474119950379509,0.9803921568627451,2.730479116122591,3.023006640027972,3.11861434634784,6.928979536398533e-10,0.03296801725139274,0.9840411698844065,0.00010000011857921843,0.9638033030826029,1.0,0.0005912552900622074,0.9664368883085019,1.0,0.022263171355498768,0.9677967627055298,1.0,0.03225806451612903,0.03225806451612903,0.03225806451612903,0.03225806451612903,0.03225806451612903,0.1825610364814856,-0.03191766023118703,0.5460958232245182,0.11015132132688146
62.2,0.005771002318338879,0.49242780442113254,0.005593076301790845,0.00515808822084932,2.922984123730593,0.153,1.5485835534401668,1.9144823586396693,0.07835016046143257,0.12432329570734596,0.9803921568627451,2.4621390221056627,2.922984123730593,3.0351774615897527,4.1730423160830026e-10,0.032314617477795245,0.9972034618491046,0.00010000011857921843,0.9677451612941477,1.0,0.0005912552900622074,0.9677610082351633,1.0,0.022263171355498768,0.9684601023017902,1.0,0.03225806451612903,0.03225806451612903,0.03225806451612903,0.03225806451612903,0.03225806451612903,-0.027874501094973136,-0.005593076301790845,0.49242780442113254,0.12235484454918041
62.400000000000006,0.005242383874521776,0.45748538295724894,0.00529674563553284,0.005164121088577229,2.829283052748001,0.153,1.4998425288183712,1.719760188530191,0.0872214632019124,0.12652169506165695,0.9803921568627451,2.2874269147862445,2.829283052748001,3.0194245448863084,1.0138012547638167e-10,0.032348459300019436,0.9973516271822336,0.00010000011857921843,0.9633406301396916,1.0,0.0005912552900622074,0.9662204195228051,1.0,0.022263171355498768,0.9676803836038339,1.0,0.06451612903225806,0.03225806451612903,0.03225806451612903,0.03225806451612903,0.03225806451612903,-0.153067316111345,-0.00529674563553284,0.45748538295724894,0.1512795102206799
62.6,0.005001496521460913,0.4318823897502306,0.005038219832479873,0.005171538215623426,2.741486514420404,0.153,1.435361964444773,1.59245838178802,0.09419398441771475,0.13101807981503816,0.9803921568627451,2.1594119487511527,2.741486514420404,2.991103431108776,2.014573313821103e-10,0.03238956474972113,0.9974808900837601,0.00010000011857921843,0.9559173538215784,1.0,0.0005912552900622074,0.9634131179980502,1.0,0.022263171355498768,0.96623054083905,1.0,0.06451612903225806,0.03225806451612903,0.03225806451612903,0.03225806451612903,0.03225806451612903,-0.23865919709301633,-0.005038219832479873,0.4318823897502306,0.17188290635390885
62.800000000000004,0.0046920074845952725,0.4117045325350288,0.004759025094850822,0.005181570003952029,2.658168509953232,0.153,1.3616178100614091,1.5167934452537466,0.0988928324218241,0.13785942332137704,0.9803921568627451,2.058522662675144,2.658168509953232,2.941718320463172,4.630991399095462e-10,0.03244452723720744,0.9976204874525746,0.00010000011857921843,0.9374466527777874,1.0,0.0005912552900622074,0.956153911383216,1.0,0.022263171355498768,0.9624363478013662,1.0,0.12903225806451613,0.03225806451612903,0.03225806451612903,0.03225806451612903,0.03225806451612903,-0.3002445241393563,-0.004759025094850822,0.4117045325350288,0.18252710260952573
63.0,0.003485878569502595,0.39491490857440575,0.002008938151571993,0.005178855375435848,2.578443452307255,0.153,1.285619132525009,1.4849157133678506,0.10101583453500788,0.16783682489055884,0.9803921568627451,1.9745745428720287,2.578443452307255,2.8796366685902703,1.0727306540088263e-09,0.03277419771626605,0.998995530924214,0.00010000011857921843,0.9062433679771958,1.0,0.0005912552900622074,0.9249372724291905,1.0,0.022263171355498768,0.9317033553905237,1.0,0.1935483870967742,0.06451612903225806,0.06451612903225806,0.06451612903225806,0.06451612903225806,-0.2725480170978535,-0.002008938151571993,0.39491490857440575,0.18704617264843662
63.2,0.0002805522974459931,0.3800726369323453,0.00013132035693974586,0.005043968675591245,2.5011868692993158,0.153,1.2526564591335954,1.4747025627518757,0.10171542641120239,0.170924879854656,0.9803921568627451,1.9003631846617262,2.5011868692993158,2.8104378172433075,2.037114618803906e-09,0.03288533472676437,0.9999343398215301,0.00010000011857921843,0.898938873477896,1.0,0.0005912552900622074,0.9220417788499953,1.0,0.022263171355498768,0.9302263784276902,1.0,0.1935483870967742,0.06451612903225806,0.06451612903225806,0.06451612903225806,0.06451612903225806,-0.3439114602636967,-0.00013132035693974586,0.3800726369323453,0.18808209073352683
63.400000000000006,0.00019413714468008016,0.36685408952401943,0.00014494780324403322,0.005028145200061722,2.42656095429436,0.153,1.212709240336842,1.4514450915349764,0.10334528042074774,0.17508377850629092,0.9803921568627451,1.834270447620097,2.42656095429436,2.737575309834464,5.253810583983935e-10,0.0328031073722556,0.999927526098378,0.00010000011857921843,0.8838522497744633,1.0,0.0005912552900622074,0.9162365159808908,1.0,0.022263171355498768,0.9272449283040083,1.0,0.25806451612903225,0.0967741935483871,0.0967741935483871,0.06451612903225806,0.06451612903225806,-0.40747031127281474,-0.00014494780324403322,0.36685408952401943,0.18668300485763584
63.6,0.00017607906826807182,0.3547861830710387,0.00014281007819016978,0.005020152069644007,2.3544498055308627,0.153,1.1667043888920952,1.4221295711979987,0.10547562123586274,0.18062031498951017,0.9803921568627451,1.7739309153551934,2.3544498055308627,2.6631529509418748,4.649069900374079e-10,0.032752002954397695,0.9999285949609049,0.00010000011857921843,0.8618940971700677,1.0,0.0005912552900622074,0.9073611588176045,1.0,0.022263171355498768,0.9225913795729321,1.0,0.3225806451612903,0.0967741935483871,0.0967741935483871,0.06451612903225806,0.06451612903225806,-0.46549291444023044,-0.00014281007819016978,0.3547861830710387,0.18377255402124748
63.800000000000004,0.0001426182911145584,0.343541997304295,0.0007992596872044011,0.005017679917334382,2.284662154482122,0.153,1.115798523471814,1.3887692720336662,0.10800930220780672,0.2078632412701495,0.9803921568627451,1.717709986521475,2.284662154482122,2.5885621436935162,8.477787544807196e-10,0.03274987745428624,0.9996003701563978,0.00010000011857921843,0.8348767944515535,1.0,0.0005912552900622074,0.8784455975834469,1.0,0.022263171355498768,0.8932597973497451,1.0,0.4193548387096774,0.0967741935483871,0.0967741935483871,0.0967741935483871,0.0967741935483871,-0.5194212173727618,-0.0007992596872044011,0.343541997304295,0.17997611248222184
64.0,0.0007032679969164837,0.33293133987647267,0.008006735072121796,0.007010490887993553,2.2170813380797796,0.15592485058490796,1.1136231127751095,1.351573944920386,0.11098171917544303,0.20569053746755742,0.9620018838390253,1.6646566993823633,2.2170813380797796,2.514684847418772,1.437199165959628e-09,0.04456717020099692,0.9959966324639391,0.00010000628061303859,0.8447014965371519,1.0,0.0019448952997418339,0.8826187330588078,1.0,0.04305009674275321,0.8969428159423223,1.0,0.4193548387096774,0.0967741935483871,0.0967741935483871,0.0967741935483871,0.0967741935483871,-0.0010394570441844136,-0.008006735072121796,0.33293133987647267,0.17567248392752444
64.2,0.0020195161297023876,0.3228972871558673,0.005912328259654265,0.00807376875982252,2.1517773446641195,0.15639962981153455,1.1135702988881535,1.3146569171946407,0.11409820922715445,0.20489560964446518,0.9590815539701324,1.6144864357793363,2.15177734466412,2.4420597914130098,1.256253538870986e-08,0.05056755609924826,0.9970438358701729,0.00010000979364668433,0.8514974201279389,1.0,0.0022393697778030383,0.8852871733000981,1.0,0.04635100907899479,0.8986545710344639,1.0,0.3225806451612903,0.0967741935483871,0.0967741935483871,0.0967741935483871,0.0967741935483871,0.0013476332382283823,-0.005912328259654265,0.3228972871558673,0.17103182683095922
64.4,0.0032673423170227903,0.31335060863872166,0.005296282259351637,0.008648776583483973,2.0886926732972793,0.1568817560477785,1.1131440989532233,1.284699636569459,0.11675880939808303,0.2044038185294602,0.9561341215119835,1.566753043193608,2.0886926732972793,2.3710428885393227,6.49213767752352e-08,0.053356077741251055,0.9973518588703242,0.0001000148658801669,0.8531189350171604,0.9907164307820241,0.002558675733121383,0.8860368814973936,0.9968958501898876,0.049682556061059126,0.8993796594853133,0.9984467186327947,0.1935483870967742,0.0967741935483871,0.0967741935483871,0.0967741935483871,0.0967741935483871,0.0028068643661394166,-0.005296282259351637,0.31335060863872166,0.16621990137144765
64.60000000000001,0.0042441754617388834,0.30420153657203475,0.005361431855668952,0.008949666961178923,2.0276988660337465,0.1573797139318553,1.1124815323783683,1.2625894925255008,0.11880345978482822,0.20404712979627423,0.9531088616983338,1.5210076828601735,2.0276988660337465,2.301870192800701,1.763608701715633e-07,0.05443468312675118,0.9973192840721655,0.00010002218065124829,0.8531024167123015,0.9770365095732285,0.0029095006918306754,0.8861536784615706,0.9922861467391071,0.05310207299494514,0.8997828325145365,0.9961356058517352,0.16129032258064516,0.0967741935483871,0.0967741935483871,0.0967741935483871,0.0967741935483871,0.0037505997628476673,-0.005361431855668952,0.30420153657203475,0.16137825205437561
64.8,0.00503705124334089,0.29538788895764173,0.005884511698505346,0.009138411696779234,1.9686751004899932,0.1578987039988885,1.1116667874639197,1.2467917502274528,0.12030878450441737,0.20375178555325696,0.9499761315397237,1.4769394447882085,1.9686751004899934,2.234664355923072,3.6487628906375867e-07,0.05481749256036804,0.9970577441507473,0.0001000326958989277,0.8527621571974884,0.9670659270677576,0.00329743805603945,0.886122715826427,0.9888991914833352,0.0566430659960516,0.900116666532946,0.994434104596733,0.16129032258064516,0.0967741935483871,0.0967741935483871,0.0967741935483871,0.0967741935483871,0.004348820372047105,-0.005884511698505346,0.29538788895764173,0.15659648163453843
65.0,0.005787690487235029,0.2868760886069523,0.006688021518220788,0.009309881013975233,1.9115357324509508,0.15844234677647379,1.1107585591273748,1.2356099659244142,0.12139753169421744,0.20348081834612794,0.9467166010335354,1.4343804430347615,1.9115357324509508,2.169463585974447,6.5958610959286e-07,0.05503802866026113,0.9966559892408896,0.00010004775085642105,0.8522501803126252,0.9599075331345372,0.0037277005760125077,0.8860170381051539,0.986453137399431,0.060327384186555096,0.9004229466577551,0.993203469979685,0.16129032258064516,0.0967741935483871,0.0967741935483871,0.0967741935483871,0.0967741935483871,0.004698450046803859,-0.006688021518220788,0.2868760886069523,0.15191718287420172
65.2,0.006596661419897758,0.278650387571326,0.007673765899357088,0.009506578438163311,1.8562246721910434,0.1590133943669871,1.1097995938266831,1.2297936483848815,0.12197168215740804,0.2032144099814135,0.9433167601832013,1.39325193785663,1.8562246721910436,2.106258194698206,1.1125272161436811e-06,0.05530029502130471,0.9961631170503215,0.00010006920821216384,0.8516488845307069,0.9561503770687486,0.004205413653990364,0.8858753497179878,0.9851644315446119,0.06417029820927139,0.9007240738238782,0.9925544952296087,0.16129032258064516,0.0967741935483871,0.0967741935483871,0.0967741935483871,0.0967741935483871,0.004865142817951251,-0.007673765899357088,0.278650387571326,0.14735462641392572
65.4,0.007517557124971978,0.2707034379955652,0.008804695834099041,0.00974280243026864,1.8027031918061738,0.1596141974495945,1.1088214883916436,1.231913223434044,0.12176182311109912,0.2029412114044193,0.9397660258096361,1.3535171899778258,1.8027031918061738,2.0450183048156845,1.8066328464213258e-06,0.055645873305005235,0.9955976520829505,0.000100099650332297,0.8510052075603335,0.957522239959241,0.004735863386605118,0.8857193140591192,0.9856353716789218,0.06818377046158987,0.9010328761145545,0.9927917034718049,0.16129032258064516,0.0967741935483871,0.0967741935483871,0.0967741935483871,0.0967741935483871,0.004896602080942641,-0.008804695834099041,0.2707034379955652,0.14291023039982415
65.60000000000001,0.008574277261878475,0.26303102437834686,0.010077150859947093,0.010021744718552635,1.7509411093552274,0.1602469926655452,1.1078475800816474,1.2328503841044924,0.12166926492784097,0.20265419174612526,0.9360550079904968,1.3151551218917343,1.7509411093552274,1.9857088473992792,2.86266842679097e-06,0.056059144755735556,0.9949614245700265,0.0001001426490437498,0.8503471966232709,0.9581278202040243,0.005324691682913234,0.8855617910814061,0.9858431152564124,0.07237841457686342,0.901357300673882,0.9928963239984759,0.16129032258064516,0.0967741935483871,0.0967741935483871,0.0967741935483871,0.0967741935483871,0.004828190589517681,-0.010077150859947093,0.26303102437834686,0.13858110327155929
65.8,0.009777067670058806,0.25562977905343354,0.011501208582690214,0.010344289209271867,1.7009121685649897,0.16091407149220668,1.1068950861398397,1.232984040347573,0.12165607590323362,0.20234855841183497,0.9321745364404922,1.2781488952671676,1.7009121685649897,1.9282958498692528,4.4469477647319895e-06,0.05651630030483227,0.9942493957086549,0.0001002031357042581,0.8496924138681738,0.9582141379861684,0.005978048073597197,0.8854109473091466,0.9858727193390118,0.0767645959279108,0.9017027646758332,0.9929112318397076,0.16129032258064516,0.0967741935483871,0.0967741935483871,0.0967741935483871,0.0967741935483871,0.004686271338029985,-0.011501208582690214,0.25562977905343354,0.13436370395109762
66.0,0.011132376194758827,0.2484965271503287,0.013091628337532413,0.010712314895284184,1.6525923294079523,0.16161787073794825,1.1059766425960769,1.2325720975474026,0.12169673506196764,0.20202069456196156,0.9281151850045977,1.2424826357516434,1.6525923294079523,1.8727481657544258,6.780689819882533e-06,0.057000765403734145,0.9934541858312338,0.000100287907246679,0.8490522770126678,0.957948058111761,0.006702705258525742,0.8852723494800431,0.9857814572247302,0.08135296910267273,0.9020733563128203,0.9928652739086958,0.16129032258064516,0.0967741935483871,0.0967741935483871,0.0967741935483871,0.0967741935483871,0.004490497525821188,-0.013091628337532413,0.2484965271503287,0.13025487620057505
66.2,0.012647501479065536,0.2416282694740579,0.014864833564692148,0.011129516676142445,1.605959495903826,0.1623610282735839,1.105101481361861,1.231821768760692,0.12177086312649889,0.2016675818524366,0.9238670239710779,1.2081413473702896,1.605959495903826,1.8190375804885441,1.0151495001756232e-05,0.05750509140785658,0.9925675832176539,0.00010040631839093094,0.8484344166787611,0.9574631109714639,0.00750616196829333,0.8851500853614063,0.9856150828567812,0.08615475787018693,0.9024724872847593,0.9927814853458764,0.16129032258064516,0.0967741935483871,0.0967741935483871,0.0967741935483871,0.0967741935483871,0.0042555320016996745,-0.014864833564692148,0.2416282694740579,0.12625188817777264
66.4,0.014332404725997144,0.23502236375014302,0.01683882070601106,0.011601314371695927,1.5609938474972107,0.16314642470134363,1.1042762973468,1.2308733765635853,0.12186468799802755,0.2012864620144578,0.9194194740987458,1.175111818750715,1.5609938474972107,1.7671385514471585,1.4926710288373696e-05,0.05802860152013411,0.9915805896469945,0.000100571228970129,0.847843996146901,0.9568496003528658,0.008396745857669752,0.885047391291316,0.9854045207542453,0.0911819201767507,0.9029032753228405,0.9926754330539165,0.16129032258064516,0.0967741935483871,0.0967741935483871,0.0967741935483871,0.0967741935483871,0.003992336659300572,-0.01683882070601106,0.23502236375014302,0.12235219142393167
66.60000000000001,0.016200182025350746,0.22867671094671638,0.019033783550784555,0.012134625650524979,1.517678347963707,0.16397722499228534,1.1035058712526313,1.2298208187914226,0.12196898743949461,0.20087460792805958,0.9147611810546072,1.1433835547335818,1.5176783479637073,1.7170280986765132,2.1568503897700846e-05,0.05857504260729669,0.9904831082246077,0.0001008003025147155,0.847284474124683,0.956167982235634,0.009383728677043537,0.8849670295619774,0.9851704779893314,0.0964472900717806,0.9033688029500465,0.9925575411278472,0.16129032258064516,0.0967741935483871,0.0967741935483871,0.0967741935483871,0.0967741935483871,0.00370912955908638,-0.019033783550784555,0.22867671094671638,0.11855320574820584
66.8,0.018267425673936088,0.22258990701871006,0.02147296547948585,0.012737739940305557,1.4759992724370754,0.16485692751132006,1.102793556603171,1.2287260942557903,0.12207765481765191,0.20042912724454764,0.909879871379382,1.1129495350935503,1.4759992724370756,1.668685926113214,3.065010005390082e-05,0.059150901299369923,0.9892635172602571,0.00010111779061101122,0.8467580888674419,0.9554582492569497,0.010477463106114953,0.8849115536947944,0.9849266633619933,0.10196474051311545,0.9038723394509824,0.9924347120279816,0.16129032258064516,0.0967741935483871,0.0967741935483871,0.0967741935483871,0.0967741935483871,0.0034121078093565516,-0.02147296547948585,0.22258990701871006,0.11485218747739719
67.0,0.020554610010600573,0.2167613889044427,0.024183753965228316,0.013420289283426663,1.4359467937252817,0.16578942007062372,1.102141626215439,1.2276292056281857,0.12218673139439042,0.19994675681972898,0.9047621973471065,1.0838069445222134,1.4359467937252817,1.6220946889720658,4.2872998591827615e-05,0.059764276435589785,0.9879081230173858,0.00010155699006137249,0.8462661527344995,0.954746285296658,0.011689543388367384,0.8848835191977542,0.9846819609723789,0.10774935872557972,0.9044175732284686,0.9923114204020641,0.16129032258064516,0.0967741935483871,0.0967741935483871,0.0967741935483871,0.0967741935483871,0.003105985647233689,-0.024183753965228316,0.2167613889044427,0.11124613385296948
67.2,0.023086847180166837,0.21119158407268612,0.02719903982467442,0.014193362571705866,1.3975156444544452,0.16677904432181026,1.1015515259245636,1.2265548179778807,0.12229375956248949,0.1994235993818077,0.8993935695576113,1.0559579203634306,1.3975156444544452,1.5772404074448576,5.908577512133402e-05,0.06042420687391494,0.9864004800876628,0.00010216363541785431,0.8458092305566423,0.9540481215231577,0.0130329939061225,0.8848856926999531,0.9844418835362291,0.11381763542534593,0.9050089094535387,0.9921904441369626,0.16129032258064516,0.0967741935483871,0.0967741935483871,0.0967741935483871,0.0967741935483871,0.0027943362772141767,-0.02719903982467442,0.21119158407268612,0.10773171399682827
67.4,0.02589526359976188,0.20588210480991137,0.030559407596567167,0.015069761170238513,1.360705952779325,0.16783066876024444,1.101024077940403,1.2255167686309105,0.12239734603352095,0.19885472049824499,0.8937579830196795,1.0294105240495568,1.360705952779325,1.5341129928221262,8.030414699204937e-05,0.06114008406844973,0.9847202962017164,0.00010300059570022719,0.8453872410131622,0.9533728137909308,0.014522488669849436,0.8849213175498375,0.9842095541294056,0.12018766140192111,0.9056519256225619,0.9920733580968758,0.16129032258064516,0.0967741935483871,0.0967741935483871,0.0967741935483871,0.0967741935483871,0.002479842894797732,-0.030559407596567167,0.20588210480991137,0.10430517687966435
67.60000000000001,0.029019263441176817,0.20083602847315893,0.03431672117956164,0.016064448712961588,1.3255243878374585,0.16894976580111118,1.1005596503504205,1.2245209173367566,0.1224968866405639,0.19823346351700363,0.8878378687815467,1.0041801423657946,1.3255243878374587,1.4927068875234217,0.00010773353127438441,0.061921001355287573,0.9828416394102192,0.00010415438897530893,0.8449994806235643,0.9527242575118116,0.01617459715706233,0.8849945202573812,0.9839863248432078,0.12687929522341818,0.9063541458940457,0.9919608451848089,0.16129032258064516,0.0967741935483871,0.0967741935483871,0.0967741935483871,0.0967741935483871,0.0021643843289996384,-0.03431672117956164,0.20083602847315893,0.10096219399924296
67.8,0.03251079496767643,0.1960583385613786,0.03854096337379409,0.017195384091462432,1.291985870067312,0.17014248423032866,1.100158318308901,1.2235662822588091,0.122592459578967,0.19755007682929368,0.8816140229675912,0.980291692806893,1.2919858700673121,1.4530219141080776,0.00014279723301740462,0.062774591970668,0.980729518313103,0.00010574422200492449,0.8446445308095891,0.9521018986072978,0.018008042553796736,0.8851110680946264,0.9837720172586347,0.13391424344792804,0.9071265927233966,0.9918528170148593,0.16129032258064516,0.0967741935483871,0.0967741935483871,0.0967741935483871,0.0967741935483871,0.0018489737002524986,-0.03854096337379409,0.1960583385613786,0.0976975790689115
68.0,0.036442713337796855,0.19155666930486126,0.04333454617120802,0.01848508786068911,1.2601162965440353,0.17141569503973353,1.099820085326892,1.2226441634315999,0.12268491887205714,0.19678864997593737,0.8750657281716855,0.9577833465243062,1.2601162965440353,1.4150644282405487,0.00018717344798880342,0.06370428910409964,0.978332726914396,0.00010793449296534999,0.8443199403325934,0.9515001378541315,0.020043931417673678,0.8852800345653242,0.9835647137579872,0.14131592340997495,0.907987250048503,0.9917483082658949,0.16129032258064516,0.0967741935483871,0.0967741935483871,0.0967741935483871,0.0967741935483871,0.001533127898100034,-0.04333454617120802,0.19155666930486126,0.09450475688802346
68.2,0.040930875389349676,0.18734290475106374,0.04887230623849259,0.01996448530805599,1.2299580057128114,0.17277695741479404,1.0995453554737082,1.221731625701519,0.12277655488689664,0.1959178462983921,0.8681713247206206,0.9367145237553186,1.2299580057128114,1.3788491033638188,0.00024285710981128785,0.06470035497852385,0.9755638468807537,0.00011095188734537845,0.844021125570171,0.9509040481033807,0.022305848280273228,0.8855187016518921,0.9833592776895527,0.14910881750904945,0.9089715383757471,0.9916447300862345,0.16129032258064516,0.0967741935483871,0.0967741935483871,0.0967741935483871,0.0967741935483871,0.0012125965856752408,-0.04887230623849259,0.18734290475106374,0.09137447978575672
68.4,0.04620990888409517,0.18343729470112133,0.05556007383596384,0.02168458946324738,1.2015828728624884,0.17423429423997755,1.0993367092550554,1.2207564771096773,0.12287462963550874,0.1948486048789398,0.860909734529076,0.9171864735056066,1.2015828728624884,1.3444019528155846,0.0003122844441149889,0.06569748651881623,0.9722199630820181,0.00011510810714994144,0.8437359727311657,0.9502664193982672,0.024819578678408703,0.8858748952198765,0.983139430588216,0.1573167507632086,0.9101801251965325,0.9915338740658185,0.16129032258064516,0.0967741935483871,0.0967741935483871,0.0967741935483871,0.0967741935483871,0.0008636955613170599,-0.05556007383596384,0.18343729470112133,0.08829119905739545
68.60000000000001,0.06157725168265202,0.18005972665697162,0.10055894133788423,0.024737885134080848,1.1753245595584283,0.17426569188019492,1.1009397823496665,1.214012415078246,0.12355722078042515,0.17649392783179643,0.8607546234810394,0.900298633284858,1.1753245595584283,1.311766737398306,0.00039867060794344705,0.06128310129148142,0.9497205293310579,0.00011520947919528671,0.8499408746136844,0.945838445777124,0.024874743109994695,0.9070030132706899,0.9816099960583874,0.1574920761527838,0.9309268156776372,0.9907623264557816,0.25806451612903225,0.06451612903225806,0.06451612903225806,0.06451612903225806,0.06451612903225806,-0.03228422718407757,-0.10055894133788423,0.18005972665697162,0.08503674151677924
68.8,0.19289977634339184,0.18300621760596023,0.8172037710564468,0.05963954540926269,1.1570616457130405,0.7876354352544916,1.1095115448306638,1.2024566999935047,0.12474461658437284,0.13761006894051792,0.19044343777084347,0.915031088029801,1.1570616457130405,1.281038896232909,0.0005086165889649773,0.06864075536377924,0.5913981144717766,0.5874714390759216,0.8651355360626924,0.9381767754757612,0.8375174131257253,0.9509075836816957,0.9789523179652281,0.9151593813433162,0.9748780866837294,0.9894201871656272,0.4193548387096774,0.0,0.0,0.0,0.0,-0.08370776864344034,-0.8172037710564468,0.18300621760596023,0.07564161369530896
69.0,0.49607007697618644,0.21525825712851884,0.6323094552605628,0.12259975723661752,1.1897409041683955,1.0237563147251791,1.1190747021435004,1.195247780276013,0.12549699106352757,0.13449884811521376,0.14651924275579833,1.0762912856425941,1.1897409041683955,1.2532234925806989,0.0007279908139142073,0.11804334068533236,0.6838452723697186,0.8065771060108673,0.8782738405272381,0.9333489044293563,0.9308543186975163,0.9573368090312688,0.9772701872802869,0.9648078538426266,0.9783947672178062,0.9885697619358718,0.6451612903225806,0.0,0.0,0.0,0.0,-0.03146285964159672,-0.6323094552605628,0.21525825712851884,0.03656598943387499
69.2,0.674528176962906,0.2526099565342607,0.6609198613674774,0.13264854948001342,1.2613316370833758,1.071074083135621,1.1239739950319698,1.1799004609971215,0.1271293680767245,0.13362713515737773,0.1400463351338572,1.2335702354803408,1.2613316370833758,1.3178903544957994,0.0016278648510861672,0.12270809883345957,0.6695400693162613,0.8439785541403486,0.8828916493202922,0.9229453547231963,0.9450257752208501,0.95921477442899,0.9736255539467836,0.9721243220430896,0.9793800833243299,0.9867246507113985,0.8064516129032258,0.0,0.0,0.0,0.0,-0.019055944578376796,-0.6609198613674774,0.2526099565342607,0.029482388775618453
69.4,0.7959836252578059,0.29240939129730814,0.7232703480778024,0.12302671253888316,1.3545993499657434,1.0910947035728686,1.1270407131494795,1.1661673921085867,0.1286264742223498,0.13317096225709063,0.13747660905035478,1.24549329537501,1.3545993499657434,1.5091490135731493,0.002800120163764737,0.11195490344452565,0.6383648259610988,0.8592221769865286,0.8854633069053144,0.913489060927186,0.9506814948319283,0.9602090693956242,0.9702889284630716,0.975028939298883,0.9798957054703267,0.9850324390892125,1.0,0.0,0.0,0.0,0.0,-0.0121210075445728,-0.7232703480778024,0.29240939129730814,0.06422327355884795
69.60000000000001,0.8867634050356663,0.3336130342481721,0.7975230594287037,0.10635758847785275,1.4606435272101037,1.099360477654721,1.1289636038675868,1.1582660126800997,0.12950392945823952,0.13291303545511557,0.1364429621119333,1.2784281761524683,1.4606435272101037,1.7090374544784697,0.003072606443216852,0.09617959427597765,0.6012384702856481,0.865418139700623,0.8869714713992141,0.9079843509414781,0.952961211335585,0.9607752039133006,0.9683359916100713,0.9761972929039663,0.9801872457417035,0.9840406323609724,1.0,0.0,0.0,0.0,0.0,-0.007357249002223835,-0.7975230594287037,0.3336130342481721,0.09746018938981284
69.8,0.9630237173321389,0.37571045619522525,0.8766755978831031,0.08860218062181215,1.574847161960301,1.1000689029491482,1.1300586581261238,1.1551257377142854,0.12985599325040903,0.132777532989782,0.13635509521073508,1.3303518929320428,1.574847161960301,1.9145851588434784,0.0024931942285781666,0.08010692182634929,0.5616622010584484,0.8659465506586741,0.8877875863498456,0.9057834665652764,0.9531551283966351,0.9610743488893208,0.9675529624535675,0.9762966107725407,0.9803404071239756,0.9836426870031225,1.0,0.0,0.0,0.0,0.0,-0.0037339274464778943,-0.8766755978831031,0.37571045619522525,0.12818833638094945
70.0,1.0343560081188,0.4185775177267046,0.9581233243041194,0.0722855159464971,1.6952005988407508,1.0949502820077024,1.130500241494074,1.1551226577602423,0.129856339491121,0.1327321970264433,0.13699252145491006,1.396519088235432,1.6952005988407508,2.1214021871730844,0.0016347891185739525,0.06563243016358025,0.5209383378479403,0.8621193114077693,0.88808176010278,0.905781304273698,0.951748813927696,0.9611759670835024,0.9675521925315012,0.9755761140316574,0.9803916513489019,0.9836422956397188,1.0,0.0,0.0,0.0,0.0,-0.0007626646797662395,-0.9581233243041194,0.4185775177267046,0.15570219081195755
70.2,1.10533600485869,0.4622651562912714,1.0408184627596224,0.05820828249872882,1.821087464932426,1.0854354754229496,1.1303879705464752,1.1570602567480415,0.12963888364948276,0.13276290361150894,0.13819338265275619,1.4739837233361828,1.821087464932426,2.33698367470489,0.0009045741747732639,0.05327227224918793,0.47959076862018885,0.854947383922285,0.8879353054209755,0.9071401749014535,0.9491022481208236,0.9611109737282729,0.9680358009927413,0.9742187545140538,0.9803569430282678,0.9838880907048235,1.0,0.0,0.0,0.0,0.0,0.0018415455913227408,-1.0408184627596224,0.4622651562912714,0.1836559545542297
70.4,1.1772744003795974,0.5067899162123618,1.1239690515247753,0.04644292252029845,1.9524407490671358,1.0722865979758,1.1297760481748444,1.1601671765343446,0.12929171160321956,0.1328643449281382,0.1398879742441631,1.5611380779286415,1.9524407490671358,2.5556466101171256,0.00042999808735150755,0.042988499044843385,0.4380154742376124,0.8449113874033093,0.8873839690119569,0.9093131569486894,0.9453738243556978,0.9608913728722284,0.968808140810548,0.9723033207993389,0.9802422817028356,0.9842805068159332,1.0,0.0,0.0,0.0,0.0,0.004257350764884538,-1.1239690515247753,0.5067899162123618,0.21001581599038546
70.60000000000001,1.24959876510975,0.5520098969430877,1.2063470664257894,0.03680835475056362,2.0892614608914393,1.055760854538028,1.1286898788784012,1.1639656596300396,0.12886978130237683,0.1330362550428083,0.1420776299436068,1.65713363992969,2.0892614608914393,2.7763772481024738,0.00017612572694106823,0.03457254577729233,0.3968264667871053,0.8320890155516261,0.8864369712675447,0.9119598961453224,0.9405670329216999,0.9605183267406018,0.9697472069796715,0.9698283053610468,0.9800479679630477,0.9847574238073735,1.0,0.0,0.0,0.0,0.0,0.006599053012108794,-1.2063470664257894,0.5520098969430877,0.2346847501223626
70.8,1.3208008463608998,0.5975829456560021,1.2862823953848994,0.02905372374908643,2.231378387493194,1.0357632261711929,1.127136277694708,1.168164191854549,0.12840660674751866,0.1332818948207238,0.14482074301333392,1.7614787727312078,2.231378387493194,2.9975677625414545,6.17549504465218e-05,0.02778636064792587,0.3568588023075503,0.8162548941229969,0.8850858841830066,0.9148727472427473,0.9345625663793896,0.9599854905467506,0.9707785919549555,0.9667277050254414,0.9797703159820744,0.9852809600757416,1.0,0.0,0.0,0.0,0.0,0.008942199220799016,-1.2862823953848994,0.5975829456560021,0.2574533516414828
71.0,1.3889375176298286,0.6429987146752689,1.36181027881433,0.022911316748674904,2.378354798176108,1.0123492451828253,1.1251091490719598,1.1725858584142383,0.12792240237559613,0.13360779839528056,0.14817020975099432,1.8738037996713666,2.378354798176108,3.216948514128516,1.8328651186932977e-05,0.022396521925275054,0.319094860592835,0.7972619946461305,0.8833077602752843,0.9179261383884526,0.9272569126385644,0.959279703334365,0.9718573917146188,0.9629417299573697,0.9794019400868925,0.9858282668035077,0.8387096774193548,0.0,0.0,0.0,0.0,0.011342965064945573,-1.36181027881433,0.6429987146752689,0.277987262076593
71.2,1.4519239552783374,0.687634238012691,1.4308984211132003,0.018116696217514973,2.5294625240851762,0.9848210753332651,1.1225916087017425,1.1771217747448774,0.12742946670280578,0.13402470212268905,0.15231193133152612,1.9937244022155254,2.5294625240851762,3.4381711900634544,4.559979620146464e-06,0.01818475013725258,0.2845507894433999,0.7742873356754697,0.881063459516423,0.921043308645014,0.918262884834663,0.9583792540987202,0.9729562601285723,0.9582602520174689,0.9789307047406784,0.9863854427104556,0.7419354838709677,0.0,0.0,0.0,0.0,0.013856593658945537,-1.4308984211132003,0.687634238012691,0.2985190028219054
71.4,1.5075926678373632,0.7307970199018066,1.491510912870847,0.01442371494302375,2.6836817102259034,0.9516902317951467,1.1195537389483894,1.181702828308389,0.12693546668981526,0.1345507042309079,0.15761431082155714,2.1207583586275423,2.6836817102259034,3.6539850995090326,9.482232159733747e-07,0.014959259981209371,0.2542445435645765,0.7456821836504632,0.878288178679248,0.9241760553076712,0.9068123952101512,0.9572476833599892,0.9740581241693573,0.9522668572107675,0.9783361531229304,0.9869438216642694,0.6774193548387096,0.0,0.0,0.0,0.0,0.016564295397669654,-1.491510912870847,0.7307970199018066,0.3168668597821746
71.60000000000001,1.553176969115643,0.7716701491962209,1.5411081366050807,0.01162152244634879,2.839665873564659,0.9094850280646154,1.1159418481365768,1.1862841813024796,0.12644525010466517,0.1352209148346632,0.1649284984044213,2.2542732883177403,2.839665873564659,3.858350745981104,1.662924327148386e-07,0.01257874051832853,0.22944593169745967,0.7076735938416227,0.8748616698744486,0.9272935827098949,0.8911353167391536,0.9558148088679906,0.9751521657875727,0.9439994719817782,0.97757859950771,0.9874979241273469,0.6451612903225806,0.0,0.0,0.0,0.0,0.0196419050656447,-1.5411081366050807,0.7716701491962209,0.3315093412504286
71.8,1.5820462566289797,0.8088460807440545,1.5735662330881035,0.00956491061142214,2.9954508731997898,0.8475550005073794,1.1116368504932561,1.1908387075291091,0.12596164287541298,0.1361277815918411,0.17697966493054038,2.3934523292488854,2.9954508731997898,4.044230403720272,2.5206355742863897e-08,0.011036397625971684,0.2132168834559482,0.6485746972736549,0.8704901959861349,0.9303776612023196,0.8656032917332337,0.9538981465245212,0.9762320587220613,0.9303777764754247,0.9765535482975771,0.9880445558917713,0.6129032258064516,0.0,0.0,0.0,0.0,0.023682057278032312,-1.5735662330881035,0.8088460807440545,0.3411608020574199
72.0,1.5141653830667943,0.8335632883122529,1.5203270833999267,0.008544431662865507,3.145335647777889,0.6597125960873048,1.1060518515436033,1.1953558131353086,0.1254856490023366,0.1380615506231728,0.22737173867777621,2.537252781354346,3.145335647777889,4.167816441561264,3.489570594854671e-09,0.011899273987389714,0.2398364583000366,0.4439673280255128,0.8632155198997055,0.9334215306590322,0.7628615135945734,0.949999770272051,0.9772955346966307,0.87341852003906,0.9743677671230055,0.9885825821142025,0.5806451612903225,0.03225806451612903,0.03225806451612903,0.0,0.0,0.03889820975665528,-1.5203270833999267,0.8335632883122529,0.33698315644276305
72.2,0.635568327692872,0.710107257680372,0.6478932938630046,0.011987526492876112,3.162003432944996,0.153,1.3468283000341912,2.179667172242941,0.06881784609603751,0.14068836726653786,0.9803921568627451,2.6841609625644143,3.162003432944996,3.6945187242304502,6.881337979554665e-10,0.026277161813942632,0.6760533530684977,0.00010000011857921843,0.9251853208709326,1.0,0.0005912552900622074,0.9532326107134006,1.0,0.022263171355498768,0.9611523029494144,1.0,0.03225806451612903,0.03225806451612903,0.03225806451612903,0.03225806451612903,0.03225806451612903,0.928699848121104,-0.6478932938630046,0.710107257680372,0.23856364081555612
72.4,0.41015909854758587,0.6421718801507428,0.4061111049254098,0.012733683331053606,3.131032247801901,0.153,1.488094813227018,2.3504954591114284,0.06381633260278893,0.13154146342633152,0.9803921568627451,2.823679126277671,3.131032247801901,3.4048730330020316,6.069051435827052e-10,0.03001617965726103,0.7969444475372951,0.00010000011857921843,0.9460238390710259,1.0,0.0005912552900622074,0.9603865423024681,1.0,0.022263171355498768,0.9647558471959649,1.0,0.03225806451612903,0.03225806451612903,0.03225806451612903,0.03225806451612903,0.03225806451612903,0.5957431287191683,-0.4061111049254098,0.6421718801507428,0.16020955805435352
72.60000000000001,0.19434135752257434,0.580364486965162,0.17272010836686325,0.010265606071578037,3.0693933175681134,0.153,1.5550133375900113,2.2541366059928607,0.06654432548640092,0.1263609624913827,0.9803921568627451,2.9018224348258097,3.0693933175681134,3.1976951678048615,6.795580086212548e-10,0.032417953112449716,0.9136399458165684,0.00010000011857921843,0.9586582477841133,1.0,0.0005912552900622074,0.9646939864970114,1.0,0.022263171355498768,0.9669217819373079,1.0,0.03225806451612903,0.03225806451612903,0.03225806451612903,0.03225806451612903,0.03225806451612903,0.3250538843283013,-0.17272010836686325,0.580364486965162,0.1163026812771392
72.8,0.010803664204584694,0.5187033215115732,0.005749255965110001,0.005326070973214866,2.976675444016872,0.153,1.5628401106605567,2.0443082260391616,0.073374454052178,0.12427471986683988,0.9803921568627451,2.5935166075578655,2.9766754440168723,3.069922149897551,6.667426492223279e-10,0.032390136868603266,0.997125372017445,0.00010000011857921843,0.9666340396750001,1.0,0.0005912552900622074,0.9673894020456019,1.0,0.022263171355498768,0.9682741447094242,1.0,0.03225806451612903,0.03225806451612903,0.03225806451612903,0.03225806451612903,0.03225806451612903,0.07252645954731352,-0.005749255965110001,0.5187033215115732,0.11368631777343308
73.0,0.005389797141127007,0.4750448906898547,0.005454042781709134,0.005156959010787738,2.8789137062570713,0.153,1.5277891303169404,1.8155743582393986,0.08261848341230056,0.12510279246761707,0.9803921568627451,2.3752244534492735,2.8789137062570713,3.0217197134391784,1.7828541445281636e-10,0.03232699300029279,0.9972729786091454,0.00010000011857921843,0.96599449550181,1.0,0.0005912552900622074,0.9671665649281272,1.0,0.022263171355498768,0.96816149846415,1.0,0.03225806451612903,0.03225806451612903,0.03225806451612903,0.03225806451612903,0.03225806451612903,-0.09118711321800937,-0.005454042781709134,0.4750448906898547,0.1338238162473429
73.2,0.005149871561090877,0.44498926098259395,0.005178371258219183,0.005167827398256056,2.7881175502089204,0.153,1.470864421336169,1.653861669642286,0.09069682353327864,0.12836213822334694,0.9803921568627451,2.2249463049129696,2.7881175502089204,3.0085736020512663,1.2935792355025918e-10,0.03236639106267783,0.9974108143708904,0.00010000011857921843,0.9610138043653854,1.0,0.0005912552900622074,0.9653400598697257,1.0,0.022263171355498768,0.9672260198874655,1.0,0.06451612903225806,0.03225806451612903,0.03225806451612903,0.03225806451612903,0.03225806451612903,-0.19551968862998428,-0.005178371258219183,0.44498926098259395,0.1619496414085813
73.4,0.004869834077528905,0.4221480639274714,0.004916704573541875,0.005175272434500259,2.7024973137075636,0.153,1.401594169823063,1.5510757836698832,0.09670707361899257,0.13389681175748022,0.9803921568627451,2.110740319637357,2.7024973137075636,2.9696504784748208,2.9719403097373044e-10,0.032412068852556146,0.9975416477132291,0.00010000011857921843,0.9494411271569437,1.0,0.0005912552900622074,0.9609061138892201,1.0,0.022263171355498768,0.964926525023255,1.0,0.0967741935483871,0.03225806451612903,0.03225806451612903,0.03225806451612903,0.03225806451612903,-0.2693061951962311,-0.004916704573541875,0.4221480639274714,0.17750809949307592
73.60000000000001,0.0045241926042470714,0.403686512709829,0.00460680517441614,0.005188408692344381,2.620911812851852,0.153,1.3250711374141984,1.4957615748482664,0.1002833623501903,0.14204072126728878,0.9803921568627451,2.018432563549145,2.6209118128518525,2.913772956473186,6.801454519236502e-10,0.032479037774429044,0.9976965974127919,0.00010000011857921843,0.9234577664311372,1.0,0.0005912552900622074,0.9502929614061826,1.0,0.022263171355498768,0.9593123577405365,1.0,0.16129032258064516,0.06451612903225806,0.06451612903225806,0.03225806451612903,0.03225806451612903,-0.320750374094378,-0.00460680517441614,0.403686512709829,0.1850370145376351
73.8,0.0007862347357152421,0.38787254630549023,0.00017776203846198158,0.005078269382288574,2.5424187029161045,0.153,1.2706587703617953,1.4806919873567448,0.10130398575855894,0.1692330237004163,0.9803921568627451,1.939362731527451,2.5424187029161045,2.8479999654216313,1.6152800749716377e-09,0.03296153406290057,0.999911118980769,0.00010000011857921843,0.9039919508177144,1.0,0.0005912552900622074,0.9239492708870405,1.0,0.022263171355498768,0.9311885737177681,1.0,0.1935483870967742,0.06451612903225806,0.06451612903225806,0.06451612903225806,0.06451612903225806,-0.3064052843685686,-0.00017776203846198158,0.38787254630549023,0.18778502833813057
74.0,0.0002144706015363682,0.37381763492995507,0.00014103093711992365,0.0050345371958764925,2.466348593356607,0.153,1.234377085437078,1.463909774321879,0.10246533128688473,0.1727448076427384,0.9803921568627451,1.8690881746497752,2.4663485933566074,2.7768760351792596,1.2205667081921735e-09,0.032841256088848816,0.99992948453144,0.00010000011857921843,0.8927727680252591,1.0,0.0005912552900622074,0.9196934741186985,1.0,0.022263171355498768,0.9290270619901321,1.0,0.22580645161290322,0.06451612903225806,0.06451612903225806,0.06451612903225806,0.06451612903225806,-0.37398786437849396,-0.00014103093711992365,0.37381763492995507,0.18760949117609343
74.2,0.00018499075815342584,0.36117117973055596,0.00014498965751941206,0.005024080109349438,2.392908337056376,0.153,1.1915471042354953,1.43742578900236,0.10435321332596025,0.17749959570138205,0.9803921568627451,1.8058558986527797,2.3929083370563764,2.7031399974963004,3.9804362844401076e-10,0.032777263572592405,0.9999275051712403,0.00010000011857921843,0.8744585375751173,1.0,0.0005912552900622074,0.912515377327112,1.0,0.022263171355498768,0.925307906037863,1.0,0.29032258064516125,0.0967741935483871,0.0967741935483871,0.06451612903225806,0.06451612903225806,-0.43479421336138735,-0.00014498965751941206,0.36117117973055596,0.18543871376099427
74.4,0.00016853444092997664,0.349508566910796,0.00013821715917949895,0.005017251909544476,2.321889534899832,0.153,1.14298200935303,1.4062735663769856,0.10666487914328673,0.18392385151850857,0.9803921568627451,1.7475428345539799,2.3218895348998325,2.628539211784034,6.066315786224333e-10,0.03273345900931273,0.9999308914204103,0.00010000011857921843,0.8490364610077512,1.0,0.0005912552900622074,0.9017811230687383,1.0,0.022263171355498768,0.919591424496138,1.0,0.3548387096774194,0.0967741935483871,0.0967741935483871,0.06451612903225806,0.06451612903225806,-0.4908659844596267,-0.00013821715917949895,0.349508566910796,0.18207258462754447
74.60000000000001,0.00018723641452385203,0.3385662206694998,0.010892585901472573,0.0060604681349096644,2.253121935428531,0.15566623153207043,1.1130918036774315,1.3711754390034174,0.1093951916970022,0.20642015601212652,0.963600123955573,1.692831103347499,2.253121935428531,2.5542170081492497,1.1410996896708195e-09,0.0387776016772251,0.9945537070492637,0.00010000485320982773,0.8388879772316141,1.0,0.001792962746925484,0.8802674331625133,1.0,0.04124357119466894,0.8955301133624146,1.0,0.4193548387096774,0.0967741935483871,0.0967741935483871,0.0967741935483871,0.0967741935483871,-0.0031267536145975633,-0.010892585901472573,0.3385662206694998,0.17801975365902853
74.8,0.0012973318222970899,0.32822754383605035,0.0065676156024900845,0.007586092166210509,2.1865898192437454,0.15614430724431871,1.1133398942859998,1.333160703357885,0.11251456754027404,0.20529441125566547,0.960649815848203,1.6411377191802516,2.1865898192437454,2.480881297689194,2.992654368722819e-09,0.04790259839228984,0.996716192198755,0.00010000774658436235,0.8483690581211585,1.0,0.002078523124345551,0.8840648655014384,1.0,0.04457836858556209,0.8978464756625573,1.0,0.3870967741935484,0.0967741935483871,0.0967741935483871,0.0967741935483871,0.0967741935483871,0.00023819347461785656,-0.0065676156024900845,0.32822754383605035,0.17354700622518143
75.0,0.0026304335662452358,0.3184294761549728,0.005527172138611425,0.008388164208742086,2.1223262286283706,0.1566209490648226,1.1130908876151264,1.2991051477855722,0.1154640948468928,0.2046743819296009,0.9577262869088967,1.5921473807748638,2.1223262286283706,2.408972567802084,3.070551517594127e-08,0.052164037383197526,0.9972364139306943,0.00010001190836159387,0.8527001331521574,0.9994610968747248,0.0023834335795748516,0.8857989722569906,0.9998203333435061,0.04788289690063689,0.8990738357923217,0.9999101626359734,0.22580645161290322,0.0967741935483871,0.0967741935483871,0.0967741935483871,0.0967741935483871,0.0021021769756852243,-0.005527172138611425,0.3184294761549728,0.16881053865229215
75.2,0.0037529515282857108,0.309075459025814,0.005256316725041454,0.00881184228433108,2.0602255284145508,0.15710954453798945,1.1125434227744342,1.2729894061906826,0.1178328737619764,0.20425906115466247,0.9547478508775745,1.54537729512907,2.0602255284145508,2.338792951978881,1.0841294989680783e-07,0.05400052644482613,0.9973718416374793,0.000100017916983667,0.8529616119407385,0.9835105413069838,0.002716531765143274,0.8860461699244045,0.9944730194901428,0.05124948789544975,0.899543281892947,0.9972326803330607,0.16129032258064516,0.0967741935483871,0.0967741935483871,0.0967741935483871,0.0967741935483871,0.0032875433022378775,-0.005256316725041454,0.309075459025814,0.16397256908229424
75.4,0.004626303562127532,0.30008663698099936,0.005561609571085757,0.009044846434002714,2.0001560166864794,0.1576166427849208,1.1118037075379243,1.2540859344465476,0.11960902828098291,0.2039374200881187,0.95167615138641,1.5004331849049968,2.0001560166864794,2.270524950167857,2.5308418157441377e-07,0.05466289561654101,0.9972191952144571,0.00010002657043905494,0.8527686783263094,0.9716901913778813,0.0030838062721489645,0.8860814726649132,0.9904729109233262,0.054721496606388864,0.8999068397826584,0.9952250542681729,0.16129032258064516,0.0967741935483871,0.0967741935483871,0.0967741935483871,0.0967741935483871,0.004052274685850454,-0.005561609571085757,0.30008663698099936,0.15915229815432444
75.60000000000001,0.005384123215096177,0.2914150321141589,0.006232187264403111,0.009217801589542374,1.9420126467709113,0.1581465923647187,1.1109420765187479,1.2406627964916115,0.12090311761114712,0.20365671544708688,0.948487082504244,1.4570751605707946,1.9420126467709113,2.20424830652402,4.861889522448262e-07,0.05492994809689615,0.9968839063677984,0.00010003898760202828,0.8523358164372027,0.9631527581949196,0.0034906259927028147,0.8860094567179287,0.9875635465127147,0.05832617049148557,0.9002241263406915,0.9937623169659114,0.16129032258064516,0.0967741935483871,0.0967741935483871,0.0967741935483871,0.0967741935483871,0.004522825020066165,-0.006232187264403111,0.2914150321141589,0.15441578349699997
75.8,0.006152960673739256,0.2830366464158273,0.007128022894810071,0.009398090971394117,1.8857249756292962,0.15870253834252368,1.1100088859328383,1.2311667589674835,0.12183564810164084,0.20338959551250316,0.9451644665963614,1.4151832320791367,1.8857249756292962,2.139975327578922,8.463624752435819e-07,0.05515851266537773,0.996435988552595,0.00010005672860110308,0.8517762014437339,0.9570394540531931,0.00394212718400812,0.8858839116245393,0.9854696897866682,0.06208179548294579,0.9005260578097064,0.9927082574801046,0.16129032258064516,0.0967741935483871,0.0967741935483871,0.0967741935483871,0.0967741935483871,0.004778691504440671,-0.007128022894810071,0.2830366464158273,0.14979036640328894
76.0,0.0070097679192713475,0.27494046017341095,0.00818303161152345,0.009612392141925307,1.8312463178740341,0.15928700009887328,1.1090411477479198,1.2306804263709856,0.12188379435132322,0.203120954175332,0.9416964341527644,1.3747023008670547,1.8312463178740341,2.077684707033793,1.3991561013440938e-06,0.0554597729185677,0.9959084841942383,0.00010008195969664329,0.8511526245626094,0.9567247061504046,0.0044434800024736295,0.8857340724200014,0.9853616449668403,0.0660017879459532,0.9008297089531402,0.9926538367274309,0.16129032258064516,0.0967741935483871,0.0967741935483871,0.0967741935483871,0.0967741935483871,0.004876035474110724,-0.00818303161152345,0.27494046017341095,0.1452830306077926
76.2,0.007992035962439723,0.26712095515321205,0.009378797762017221,0.00986831258155928,1.778542672074461,0.15990224799945585,1.1080662517654014,1.2321710360165894,0.12173634634760272,0.20284183165941091,0.938073115773272,1.33560477576606,1.778542672074461,2.017343184408844,2.244205167854597e-06,0.05583984301826792,0.9953106011189914,0.00010011768063890486,0.8505016856201933,0.9576888949030887,0.005000112505453574,0.8855767504045924,0.9856925511922345,0.07009730347808428,0.9011452072007667,0.9928205004114277,0.16129032258064516,0.0967741935483871,0.0967741935483871,0.0967741935483871,0.0967741935483871,0.004856193751643756,-0.009378797762017221,0.26712095515321205,0.14089260445284205
76.4,0.009115687682340185,0.2595744315288009,0.010719767223350996,0.010167304184328247,1.7275860018865041,0.16055052798744382,1.1071044031533317,1.2327123080828764,0.12168289309391349,0.2025464348630667,0.9342853111746294,1.2978721576440044,1.7275860018865044,1.95891591251907,3.522415535804324e-06,0.05627591216523431,0.9946401163883245,0.0001001680367892156,0.8498457412490145,0.9580386351947091,0.005617883206273344,0.8854222328659759,0.9858125259439287,0.07437874135950821,0.9014791006213436,0.9928809197860998,0.16129032258064516,0.0967741935483871,0.0967741935483871,0.0967741935483871,0.0967741935483871,0.004749926334440796,-0.010719767223350996,0.2595744315288009,0.1366157093408469
76.60000000000001,0.010388386693824978,0.252297612396374,0.012218803327398664,0.010510525965001084,1.678351139825702,0.16123418985113788,1.1061704901446436,1.2325618844899335,0.12169774344602091,0.20223062116127408,0.9303237739991125,1.26148806198187,1.678351139825702,1.9023702413472303,5.424329259852553e-06,0.056746882133962145,0.9938905983363007,0.0001002387466877225,0.8491990677684503,0.9579414598719036,0.006303214953962064,0.8852772745002698,0.9857791938951215,0.0788565529493684,0.9018360717139955,0.992864134110279,0.16129032258064516,0.0967741935483871,0.0967741935483871,0.0967741935483871,0.0967741935483871,0.004580175821286656,-0.012218803327398664,0.252297612396374,0.13244898373550779
76.80000000000001,0.011816605269737653,0.2452873752684187,0.01389157687765108,0.010900677323947236,1.6308149095653872,0.16195575627557204,1.1052754034238659,1.231973451544977,0.1217558704791,0.20189111313824357,0.9261788740918291,1.2264368763420934,1.6308149095653872,1.8476764442339406,8.20047930483579e-06,0.05724060260148771,0.9930542115611745,0.00010033768644518941,0.8485710725502946,0.9575611766325807,0.007063200839231011,0.8851466382056471,0.9856487314927526,0.08354162342109055,0.9022198250130359,0.9927984318611586,0.16129032258064516,0.0967741935483871,0.0967741935483871,0.0967741935483871,0.0967741935483871,0.004364043316008467,-0.01389157687765108,0.2452873752684187,0.12838951069764842
77.0,0.0134087803432057,0.23854084902323028,0.01575512949038127,0.011342294101038904,1.584956183809271,0.1627179716027173,1.1044270887568775,1.231119719226782,0.12184030330877091,0.20152505079466204,0.9218403998190884,1.1927042451161514,1.584956183809271,1.794807594510786,1.217374466284253e-05,0.05775317739580651,0.9921224352548094,0.00010047568955428588,0.8479681017803791,0.9570090176617151,0.007905707093942954,0.8850339502124496,0.9854592427949688,0.08844549520622746,0.9026335932378632,0.9927029955982851,0.16129032258064516,0.0967741935483871,0.0967741935483871,0.0967741935483871,0.0967741935483871,0.004114308075220646,-0.01575512949038127,0.23854084902323028,0.1244346922082245
77.2,0.01517629405849899,0.2320556166944372,0.01782839310952511,0.011841509687350656,1.5407563481077136,0.16352384091534017,1.1036312673418127,1.2301170197571971,0.12193961841907308,0.20112972008962765,0.9172974360213214,1.160278083472186,1.5407563481077136,1.7437393329492668,1.775354049057706e-05,0.058286217715239154,0.9910858034452374,0.00010066764174521983,0.847394439075673,0.956359873828047,0.008839478939987272,0.8849421821125559,0.9852363778001945,0.09358050594692605,0.9030804441279093,0.9925907375700865,0.16129032258064516,0.0967741935483871,0.0967741935483871,0.0967741935483871,0.0967741935483871,0.0038405346182583955,-0.01782839310952511,0.2320556166944372,0.12058199155859668
77.4,0.017133792882989565,0.22582987861540624,0.020132838289014687,0.012405883038333622,1.4981998152171907,0.1643766750689146,1.1028919876528909,1.2290426829711325,0.122046208873222,0.20070234596556577,0.9125382292658785,1.129149393077031,1.4981998152171907,1.6944498889031296,2.545153456500353e-05,0.05884493014743443,0.9899335808554927,0.00010093398356581512,0.8468529156859044,0.9556635851813291,0.009874265322227398,0.8848739641252974,0.984997214839191,0.09895994080361963,0.9035635143910783,0.9924702560625782,0.16129032258064516,0.0967741935483871,0.0967741935483871,0.0967741935483871,0.0967741935483871,0.0035499104019354744,-0.020132838289014687,0.22582987861540624,0.1168287691373937
77.60000000000001,0.01929959684431126,0.21986259654933504,0.022693445636015275,0.013044320209151654,1.4572745674543066,0.16528014303760988,1.1022120515870866,1.227947327109942,0.12215507675971352,0.2002398971819417,0.9075500374286773,1.0993129827466752,1.4572745674543066,1.6469202831807004,3.589828410002582e-05,0.05943667605938773,0.9886532771819924,0.00010130277698635115,0.8463453018761504,0.9549528556795778,0.011020966417390485,0.8848318200185628,0.9847529718475718,0.10459820247616103,0.9040862303044431,0.9923472003237838,0.16129032258064516,0.0967741935483871,0.0967741935483871,0.0967741935483871,0.0967741935483871,0.003247867992429765,-0.022693445636015275,0.21986259654933504,0.11317217542303189
77.80000000000001,0.021696201345414296,0.2141536413646611,0.025539937634287746,0.01376710108410386,1.417972777459777,0.1662383322112281,1.1015933124654873,1.226863091466409,0.12226303084944254,0.19973885946594652,0.902318965817131,1.0707682068233055,1.417972777459777,1.6011346567463787,4.986099553296517e-05,0.060070055795581306,0.9872300311828561,0.00010181255475120128,0.8458725403377272,0.9542485268242565,0.012291807315084047,0.8848183708825745,0.9845108088494443,0.11051099643763994,0.9046525641269565,0.9922251774693349,0.16129032258064516,0.0967741935483871,0.0967741935483871,0.0967741935483871,0.0967741935483871,0.0029385639309049,-0.025539937634287746,0.2141536413646611,0.10960906631743512
78.0,0.02435124716539912,0.20870395638556524,0.02870838757978733,0.014586055230102342,1.3802915338461577,0.1672558156886297,1.1010368961252912,1.22580913398598,0.12236815328030962,0.19919492582408824,0.8968298015971304,1.0435197819278261,1.3802915338461577,1.5570807370788133,6.826306033820289e-05,0.060754346290271065,0.9856458062101063,0.00010251625838093968,0.8454348829743009,0.9535630887784887,0.01370053911218232,0.8848365595633761,0.9842750264591398,0.11671551808516353,0.9052673841469935,0.9921063553004557,0.16129032258064516,0.0967741935483871,0.0967741935483871,0.0967741935483871,0.0967741935483871,0.0026251189182818074,-0.02870838757978733,0.20870395638556524,0.10613593073120402
78.2,0.02729929464779808,0.20351578320060423,0.03224397215097086,0.0155149041597901,1.3442337956549304,0.16833772891927604,1.100543383682566,1.2247952515225793,0.12246944933329106,0.19860248434235517,0.8910658410505845,1.017578916003021,1.3442337956549304,1.514750425273664,9.22051294751117e-05,0.06149890814529634,0.9838780139245146,0.00010348669651949694,0.8450319553999093,0.9529029884173954,0.0152626727427987,0.8848899669093173,0.9840478530886146,0.12323064799441454,0.9059370336329592,0.9919918581696826,0.16129032258064516,0.0967741935483871,0.0967741935483871,0.0967741935483871,0.0967741935483871,0.0023098436835617686,-0.03224397215097086,0.20351578320060423,0.10274877858259956
78.4,0.03058481829579677,0.19859300532498025,0.03620572874590655,0.016569851817033996,1.3098097581619776,0.16948984553514954,1.1001129774645673,1.2238240487976662,0.12256663868255083,0.19795369568407747,0.8850087716251552,0.9929650266249013,1.3098097581619776,1.4741405135533048,0.0001229894074669798,0.06231236300503542,0.9818971356270467,0.00010482411797196265,0.8446627390596634,0.9522700076092347,0.01699573226107615,0.8849833407010734,0.9838299143379922,0.13007708524139955,0.9066703735575116,0.9918820029354023,0.16129032258064516,0.0967741935483871,0.0967741935483871,0.0967741935483871,0.0967741935483871,0.001994241051006998,-0.03620572874590655,0.19859300532498025,0.09944293396520339
78.60000000000001,0.0342677305068329,0.19394168776625753,0.040675801972799075,0.017770651935292914,1.2770388979250553,0.17071864437716525,1.099745678203681,1.2228913041471652,0.12266012481347131,0.19723657592661914,0.8786386545373921,0.9697084388312875,1.2770388979250553,1.4352536352549556,0.0001621509785929161,0.06320096309008229,0.9796620990136005,0.00010666671570589885,0.8443254023269506,0.9516614760413173,0.018919511986497158,0.8851236485397372,0.9836203025123978,0.13727736706650448,0.9074809496089266,0.9917763335293157,0.16129032258064516,0.0967741935483871,0.0967741935483871,0.0967741935483871,0.0967741935483871,0.0016787442163170713,-0.040675801972799075,0.19394168776625753,0.0962126739275581
78.80000000000001,0.0384366575929588,0.18957114760791263,0.04578211490043205,0.01914301249669081,1.245953760201946,0.1720313180298506,1.099441576206454,1.2219831826726955,0.12275128015421882,0.19643001096965834,0.8719342600977587,0.9478557380395631,1.2459537602019461,1.3980996944247865,0.0002115045922853103,0.06416393634323671,0.977108942549784,0.00010920507683733608,0.844016737795886,0.9510684284513938,0.02105624746626534,0.8853227317005723,0.983415938221256,0.14485548984932733,0.9083926275138002,0.991673298666031,0.16129032258064516,0.0967741935483871,0.0967741935483871,0.0967741935483871,0.0967741935483871,0.0013616718828321356,-0.04578211490043205,0.18957114760791263,0.09305041765294617
79.0,0.043244416841508225,0.18549627393108548,0.051767196695608586,0.020724506734858438,1.216607664078726,0.17343567741711247,1.0992016456385856,1.2210631774276937,0.12284376662310938,0.19548681281983873,0.8648739534671998,0.9274813696554273,1.2166076640787262,1.3626980670829067,0.0002732267036653525,0.06517680058004752,0.9741164016521957,0.00011270176470222956,0.8437300792211058,0.9504670354929019,0.023430590626835147,0.8856062887151384,0.9832086113300633,0.15283590791877483,0.9094587448868489,0.9915687591996686,0.16129032258064516,0.0967741935483871,0.0967741935483871,0.0967741935483871,0.0967741935483871,0.0010341186407173547,-0.051767196695608586,0.18549627393108548,0.08994478413501243
79.2,0.04908878262586104,0.18174519334248004,0.05940512193485925,0.022589343232283836,1.1890980319043685,0.17493902831578148,1.0990324385659376,1.219966583772334,0.12295418743042595,0.19420877613511037,0.8574415980477256,0.9087259667124001,1.1890980319043687,1.329081726418196,0.0003500421887985283,0.06606735623904493,0.9702974390325704,0.0001175140485941,0.8434386800840834,0.9497494396701559,0.02606768468414994,0.8860797080491458,0.9829611096658237,0.1612368608223504,0.9109033375350035,0.9914439481607064,0.16129032258064516,0.0967741935483871,0.0967741935483871,0.0967741935483871,0.0967741935483871,0.0006185277993876193,-0.05940512193485925,0.18174519334248004,0.08687352367253114
79.4,0.07623129429055893,0.17944950122810632,0.12038790173359581,0.028635911340839187,1.1650749715635889,0.17675838802907803,1.1025886252058867,1.204944650498023,0.12448704588879048,0.17402456227294105,0.8486160214095407,0.8972475061405316,1.1650749715635889,1.2973076560362748,0.00044588245823464645,0.06172237375919151,0.9398060491332021,0.0001251136090814432,0.8526635371510897,0.9398343414131273,0.029382450793523574,0.909221088223908,0.9795285172660125,0.17121260195685242,0.9337179932506714,0.9897113249222069,0.3870967741935484,0.06451612903225806,0.06451612903225806,0.06451612903225806,0.06451612903225806,-0.014757209734737473,-0.12038790173359581,0.17944950122810632,0.0826790976451203
79.60000000000001,0.3576739758435839,0.19674159667129307,0.6625068302178356,0.09966076676891843,1.1653375238900998,0.9605335549187738,1.1147661261699129,1.1998536381043083,0.12501524789055968,0.13547152248460032,0.15616320661768504,0.9837079833564653,1.1653375238900998,1.2676311199522392,0.0005814794673543633,0.10111825430428488,0.6687465848910822,0.7534215421078918,0.8735408999006997,0.9364377851198378,0.9099389141798795,0.9552739472634736,0.9783470840386509,0.9539070718381477,0.9772953322329935,0.9891142867169549,0.5483870967741935,0.0,0.0,0.0,0.0,-0.045786549146892994,-0.6625068302178356,0.19674159667129307,0.05867744822979328
79.80000000000001,0.587287901794634,0.23196038906874816,0.6382211710253083,0.13090892802993345,1.2189563228743183,1.050816272586672,1.1214057433719953,1.1884694027931473,0.12621275705328985,0.13404524253594324,0.1427461716316616,1.1598019453437407,1.2189563228743183,1.2432229728731004,0.001020216823076343,0.12317488702373748,0.6808894144873459,0.828206588249555,0.8806085465163916,0.9287751810615297,0.9391018736853197,0.9583089333371133,0.9756712472074669,0.9690726381575236,0.9789074874650464,0.9877607160775131,0.7096774193548387,0.0,0.0,0.0,0.0,-0.024654917396998738,-0.6382211710253083,0.23196038906874816,0.02274778674132559
80.0,0.7352625690116852,0.2705978725668007,0.6871559036380925,0.12970921142158243,1.3019467518455456,1.0820363516134222,1.1253373272376903,1.1726652509832787,0.1279137416873444,0.13341041786073302,0.13862750523707942,1.23752089865285,1.3019467518455459,1.4034045276363118,0.0022292222456755757,0.11890304058982222,0.6564220481809537,0.8523669336650328,0.8840866607202366,0.9179808298753162,0.9481463966922457,0.9596851939110163,0.971876693046609,0.9737280563195457,0.979625043595973,0.9858380561677145,0.8709677419354839,0.0,0.0,0.0,0.0,-0.015519860593643277,-0.6871559036380925,0.2705978725668007,0.04470175071572587
80.2,0.8401280183226165,0.31112436212428035,0.756303659739519,0.11580467141225122,1.4018533720784048,1.0958543978769524,1.1278312191670874,1.1615941516391526,0.12913288155620575,0.13305875799175487,0.13687949812548245,1.25776659133054,1.4018533720784048,1.599196776686133,0.0030617637573388088,0.10499811061155676,0.6218481701302405,0.862796896710668,0.8861065730205075,0.9103087342932514,0.9519980946425057,0.9604544234097095,0.9691615863783971,0.9757038667579385,0.9800225323906588,0.9844600358708999,1.0,0.0,0.0,0.0,0.0,-0.009775803330346083,-0.756303659739519,0.31112436212428035,0.07956773129353369
80.4,0.9226609160343692,0.3527626730833971,0.8332843620845711,0.09815957731464663,1.512002652048276,1.1002299525114658,1.1293513888284152,1.156099112786441,0.12974666128621842,0.13286217075225995,0.13633513581192638,1.3001043028259684,1.512002652048276,1.8028399345577182,0.0028816630734321814,0.08871496981052823,0.5833578189577144,0.8660666192773592,0.8872713892016724,0.9064664656621102,0.9531991803608139,0.9608870319007815,0.9677960950315079,0.9763191713149142,0.9802447392210955,0.9837662672990289,1.0,0.0,0.0,0.0,0.0,-0.005616041322501326,-0.8332843620845711,0.3527626730833971,0.11196418818031305
80.60000000000001,0.9957950604380365,0.39520105943571526,0.9136499935410032,0.08088763103948692,1.629146421091594,1.0981217609599907,1.1301356610211313,1.1545855232235391,0.1299167510616349,0.13276997433043855,0.13659687416527314,1.3590289452820477,1.6291464210915942,2.008938900095708,0.002104669352840884,0.0732483009583759,0.5431750032294984,0.8644931963081846,0.887837654289669,0.9054040966689313,0.9526215840734504,0.9610913666339383,0.9674178623509674,0.9760233227641621,0.9803489508409505,0.9835740111282719,1.0,0.0,0.0,0.0,0.0,-0.0023360235840465537,-0.9136499935410032,0.39520105943571526,0.14112100193103033
80.80000000000001,1.066621665173477,0.4384251221369751,0.995741832813025,0.06555946898921544,1.752043599126587,1.0911265933722933,1.1303191049843584,1.155599509175119,0.12980275502805624,0.13276000248267894,0.13747259109174684,1.4306368387023871,1.752043599126587,2.219357588119831,0.0012724701874458927,0.05972462927718648,0.5021290835934875,0.8592461899530188,0.8879267044387503,0.9061159932724294,0.9506903511853578,0.9611154850642226,0.967671349872586,0.9750334808848444,0.9803602222372525,0.9837028633232004,1.0,0.0,0.0,0.0,0.0,0.00043989299401096804,-0.995741832813025,0.4384251221369751,0.16863023021616258
81.0,1.1379963091899599,0.4824915215311271,1.0787416872177733,0.05255444736763293,1.8804102488837526,1.079646530218039,1.1299778623237975,1.1581549316695514,0.12951635044524293,0.13282287859401673,0.13893436027595707,1.5126738531105977,1.8804102488837529,2.4364863723114154,0.0006561169277255833,0.04833444196142968,0.46062915639111335,0.8505468876085778,0.8875955473130406,0.9079066268631429,0.9474710535663781,0.9609801349312715,0.968308360558598,0.9733812113983407,0.9802891520017353,0.984026592649341,1.0,0.0,0.0,0.0,0.0,0.002940762369659705,-1.0787416872177733,0.4824915215311271,0.1958871986636969
81.2,1.2102458421951139,0.5273556501437583,1.1616978881220121,0.04179350381362956,2.0142537892982024,1.0651605538334188,1.1291513281189811,1.161630936211846,0.12912879239352884,0.13295589861830823,0.14082384055639616,1.603943187153155,2.014253789298203,2.6562024357288445,0.00029148473151989615,0.038933785975701456,0.4191510559389939,0.8394110598979468,0.8868661901857445,0.9103343779433388,0.9433178860153885,0.9606917169987552,0.9691706868707457,0.971245490761702,0.9801387965765389,0.9844646579403684,1.0,0.0,0.0,0.0,0.0,0.005311983979257917,-1.1616978881220121,0.5273556501437583,0.22148124294105345
81.4,1.2822685665551012,0.5727828985798433,1.2431770968147067,0.033051704991477394,2.1535146870222714,1.0468742735353236,1.127855400794858,1.165646318245864,0.12868397356217723,0.13316051898219985,0.14328368151931542,1.7037985208232374,2.1535146870222714,2.8773532007576983,0.00011135616443120561,0.03129201267002918,0.3784114515926467,0.8250960626586297,0.8857390413565184,0.9131274896612946,0.9379247087876339,0.9602477115526052,0.970160892940545,0.9684650790465108,0.9799075097309634,0.9849674463354198,1.0,0.0,0.0,0.0,0.0,0.007647295579365748,-1.2431770968147067,0.5727828985798433,0.24531196681054152
81.60000000000001,1.3523142904129237,0.6183487105330414,1.3213386879832996,0.02606743430110737,2.2979071868720626,1.0253707484443415,1.1260904779440148,1.1699694532603135,0.12820847551361292,0.13344147336789317,0.14628854999772037,1.8118264116294445,2.2979071868720626,3.0979966801518,3.624397514965485e-05,0.025171653031387443,0.33933065600835016,0.8078859171974669,0.8841988866857318,0.9161211372902469,0.9313575457423849,0.9596386863291366,0.9712199528188574,0.9650686108821419,0.9795899408811102,0.985504912116626,1.0,0.0,0.0,0.0,0.0,0.01001120468323212,-1.3213386879832996,0.6183487105330414,0.2671008351751826
81.80000000000001,1.4183511965560223,0.6634837535025194,1.3941650698474797,0.020572888470471284,2.44686229862985,1.0001939161841775,1.1238454739781416,1.1744591748075073,0.12771836026108344,0.13380701845293622,0.14997091821180275,1.9276638452609036,2.44686229862985,3.317418767512597,9.936230708497172e-06,0.020345383575136145,0.30291746507626016,0.7872044109993611,0.882215897973215,0.9192153683638415,0.9233411663905242,0.9588479554647975,0.9723121737879099,0.9609063500382817,0.9791767573248539,0.9860589000412396,0.7741935483870968,0.0,0.0,0.0,0.0,0.012457000148385564,-1.3941650698474797,0.6634837535025194,0.28721601726534995
82.0,1.4782671344379792,0.7075310102479273,1.4596316698153666,0.016310211240904284,2.5995187150738213,0.9703579731162713,1.121098126189524,1.179027560438272,0.12722348911355516,0.13427066320692355,0.15458212758151527,2.0508903266560465,2.5995187150738217,3.537655051239636,2.2771912670753577e-06,0.016605266321884884,0.27018416509231663,0.7619302065444973,0.8797410345423038,0.922348456991256,0.9133515999355144,0.957848232716022,0.97341561609114,0.9556941998440137,0.978652689580188,0.9866182636573592,0.7096774193548387,0.0,0.0,0.0,0.0,0.015047334211373567,-1.4596316698153666,0.7075310102479273,0.3072647097472752
82.2,1.5297494229766826,0.7497582984862583,1.5155967737865743,0.013047282694848023,2.754717636653256,0.9337093362248853,1.1178098255297626,1.183618028168181,0.12673007374866244,0.13485635305808863,0.16064956639126104,2.1809606015848075,2.754717636653256,3.7487914924312915,4.373710037011085e-07,0.013778433440527513,0.24220161310671287,0.7297079454575769,0.8766900570830628,0.9254811846842599,0.9002900961271786,0.9565914308935004,0.9745164354321708,0.9488360418565145,0.9779906716090281,0.9871759817707184,0.6451612903225806,0.0,0.0,0.0,0.0,0.017892833699406335,-1.5155967737865743,0.7497582984862583,0.3240183841082734
82.4,1.5690754692179134,0.7891931063927426,1.5586390981091869,0.010597199774208605,2.910901911635557,0.8847322912862309,1.1139062255534609,1.1881943066038054,0.1262419784090216,0.13561596402371726,0.16954281139883431,2.317162063510195,2.9109019116355572,3.9459655319637132,7.148599186331765e-08,0.011765493453050507,0.2206804509454066,0.6845364543752641,0.8728904350288156,0.9285888550697186,0.8813154236316751,0.9549743684111139,0.9756059978278048,0.9387838136930412,0.9771320668212963,0.9877276865438828,0.6129032258064516,0.0,0.0,0.0,0.0,0.021279830135926547,-1.5586390981091869,0.7891931063927426,0.33661938348039383
82.60000000000001,1.5820891219132278,0.8234089861793841,1.5757260367868717,0.008883388048698494,3.065386034396419,0.8012166818832959,1.1091847312474892,1.1927368848316855,0.125761181621517,0.1367299833117486,0.18721527321100984,2.458582421457515,3.0653860343964197,4.11704493089692,1.0300138015933777e-08,0.010754852976848342,0.21213698160656408,0.6016653937949489,0.867801156548301,0.9316585540844576,0.8442092520517286,0.952644171267974,0.9766798630870467,0.9188082459227866,0.9758728666022237,0.9882711416049034,0.6129032258064516,0.0,0.0,0.0,0.0,0.02658834404172393,-1.5757260367868717,0.8234089861793841,0.34274891861747714
82.80000000000001,0.7850062325051284,0.7579763468196067,0.8152231829744174,0.009855169345745209,3.1642143916159062,0.153,1.223914788091246,1.8479302365892558,0.08117189546985094,0.1489263662629412,0.9803921568627451,2.6040383482164944,3.1642143916159062,3.915429595265222,1.4388499326608286e-09,0.02330575947827843,0.5923884085127913,0.00010000011857921843,0.9049236766747448,1.0,0.0005912552900622074,0.9461942818941576,1.0,0.022263171355498768,0.9575964113113582,1.0,0.03225806451612903,0.03225806451612903,0.03225806451612903,0.03225806451612903,0.03225806451612903,1.2006551256946,-0.8152231829744174,0.7579763468196067,0.296967415697956
83.0,0.5277583132468098,0.6771693901778957,0.5319277410087593,0.012729279682667865,3.151101397939075,0.153,1.4224335818952423,2.3050698605574462,0.06507394963019679,0.13586254474797607,0.9803921568627451,2.7503322041315528,3.151101397939075,3.549219274686176,5.917433438362293e-10,0.028182757712217094,0.7340361294956204,0.00010000011857921843,0.9362571068531843,1.0,0.0005912552900622074,0.9570419447131936,1.0,0.022263171355498768,0.963072183430205,1.0,0.03225806451612903,0.03225806451612903,0.03225806451612903,0.03225806451612903,0.03225806451612903,0.7613314070501072,-0.5319277410087593,0.6771693901778957,0.198866941499273
83.2,0.31167926379266403,0.6134479230156887,0.30024922480170413,0.012026419844503485,3.1059229478148915,0.153,1.526348464015245,2.3277516809795644,0.06443986324902018,0.12878674152483927,0.9803921568627451,2.8773940734993433,3.1059229478148915,3.299108649217811,6.427726947534751e-10,0.031299841196878675,0.8498753875991479,0.00010000011857921843,0.9524829801497117,1.0,0.0005912552900622074,0.9625911200737396,1.0,0.022263171355498768,0.965864699773716,1.0,0.03225806451612903,0.03225806451612903,0.03225806451612903,0.03225806451612903,0.03225806451612903,0.46727633642526856,-0.30024922480170413,0.6134479230156887,0.13507394603728595
83.4,0.08859925622837443,0.5516133026468851,0.055906657276555416,0.007781329571541463,3.0297989582313254,0.153,1.5649441453451276,2.16600109546989,0.0692520425376143,0.12504227808348298,0.9803921568627451,2.7580665132344255,3.0297989582313254,3.1287514818510056,7.074888607924425e-10,0.03293355459099413,0.9720466713617223,0.00010000011857921843,0.9628982196707396,1.0,0.0005912552900622074,0.9661312708677591,1.0,0.022263171355498768,0.9676434586183508,1.0,0.03225806451612903,0.03225806451612903,0.03225806451612903,0.03225806451612903,0.03225806451612903,0.20546890754656785,-0.055906657276555416,0.5516133026468851,0.11033450336924845
83.60000000000001,0.005950048103735318,0.4960848484226011,0.005620120269461681,0.005162483834736402,2.9301256138358527,0.153,1.5498018366333235,1.9327600415013444,0.07760922037868799,0.12436380199370763,0.9803921568627451,2.4804242421130054,2.9301256138358527,3.037575827090972,4.828087878705899e-10,0.032314873438829626,0.9971899398652692,0.00010000011857921843,0.9677451612941477,1.0,0.0005912552900622074,0.9677610082351633,1.0,0.022263171355498768,0.9684601023017902,1.0,0.03225806451612903,0.03225806451612903,0.03225806451612903,0.03225806451612903,0.03225806451612903,-0.014069015786327438,-0.005620120269461681,0.4960848484226011,0.12045956239334114
83.80000000000001,0.005260842043740583,0.4599533173668796,0.005319976988571451,0.005163108356669241,2.8358366626100366,0.153,1.5029279601634709,1.7320594774422964,0.08660210688694277,0.12635743148642972,0.9803921568627451,2.299766586834398,2.8358366626100366,3.0185692110538302,1.0398902728797714e-10,0.03234520543976403,0.9973400115057143,0.00010000011857921843,0.9637396366808209,1.0,0.0005912552900622074,0.9663664038125198,1.0,0.022263171355498768,0.9677550952790036,1.0,0.06451612903225806,0.03225806451612903,0.03225806451612903,0.03225806451612903,0.03225806451612903,-0.14441287726482355,-0.005319976988571451,0.4599533173668796,0.1485525423386827
84.0,0.005021442764800037,0.43370875475810733,0.00505946849908856,0.005170896503357523,2.7476203324588546,0.153,1.4394875009562391,1.5994119423625008,0.0937844691708592,0.13067174256535788,0.9803921568627451,2.1685437737905366,2.7476203324588546,2.992766926746765,1.8999917530271844e-10,0.03238595972655452,0.9974702657504557,0.00010000011857921843,0.9567347831448401,1.0,0.0005912552900622074,0.9637287377316271,1.0,0.022263171355498768,0.9663944812206327,1.0,0.06451612903225806,0.03225806451612903,0.03225806451612903,0.03225806451612903,0.03225806451612903,-0.2326917468139901,-0.00505946849908856,0.43370875475810733,0.1703394516109539
84.2,0.004717718963150919,0.4131411645273458,0.004782956089550483,0.005180527441466002,2.6639839052225582,0.153,1.3663441444510793,1.5194027616042094,0.09872300076750395,0.1373196548184111,0.9803921568627451,2.065705822636729,2.6639839052225587,2.944981837521663,4.372713760701251e-10,0.032439452153273846,0.9976085219552248,0.00010000011857921843,0.9393668587732323,1.0,0.0005912552900622074,0.9569330165800751,1.0,0.022263171355498768,0.9628473767011368,1.0,0.12903225806451613,0.03225806451612903,0.03225806451612903,0.03225806451612903,0.03225806451612903,-0.2961300065826611,-0.004782956089550483,0.4131411645273458,0.18171704307621972
84.4,0.004187640200270748,0.39611511953250883,0.004206047367129262,0.005196901487001085,2.5840094403322387,0.153,1.287828520359476,1.4840728214662073,0.1010732073455841,0.15054035519219633,0.9803921568627451,1.980575597662544,2.5840094403322387,2.883853146504225,1.0097275041131848e-09,0.032547159583403505,0.9978969763164354,0.00010000011857921843,0.9044634469714165,1.0,0.0005912552900622074,0.9371854127422361,1.0,0.022263171355498768,0.9511214638982324,1.0,0.22580645161290322,0.06451612903225806,0.06451612903225806,0.06451612903225806,0.03225806451612903,-0.30578600809054696,-0.004206047367129262,0.39611511953250883,0.18667736009394742
84.60000000000001,0.000305313410637141,0.3811183674734169,0.0001291284596036668,0.005046416799653069,2.5065830519673957,0.153,1.2543707262115125,1.474264815591112,0.10174562833873027,0.17074211676965179,0.9803921568627451,1.9055918373670842,2.5065830519673957,2.8151910776300073,2.0891170849785484e-09,0.032894323468111254,0.9999354357701982,0.00010000011857921843,0.8996573309226727,1.0,0.0005912552900622074,0.9223158267047666,1.0,0.022263171355498768,0.9303652587693184,1.0,0.1935483870967742,0.06451612903225806,0.06451612903225806,0.06451612903225806,0.06451612903225806,-0.33888303567085576,-0.0001291284596036668,0.3811183674734169,0.18798384298767082
84.80000000000001,0.00019593668029430016,0.36778023532254184,0.00014464734694263903,0.005028896422242822,2.431762199606653,0.153,1.2149146422058663,1.4518679148847442,0.10331518346963929,0.1748175600807391,0.9803921568627451,1.838901176612709,2.431762199606653,2.742614284844927,5.799506250782419e-10,0.03280781047180074,0.9999276763265287,0.00010000011857921843,0.8850464486000612,1.0,0.0005912552900622074,0.9167053782880743,1.0,0.022263171355498768,0.9274875680022006,1.0,0.25806451612903225,0.0967741935483871,0.0967741935483871,0.06451612903225806,0.06451612903225806,-0.4030171544659531,-0.00014464734694263903,0.36778023532254184,0.186767375701325
85.0,0.00017722434170577858,0.355630508987901,0.00014318804032664723,0.0050206507053967555,2.359474753757159,0.153,1.1693366897210775,1.4230165092343554,0.1054098803679421,0.1802478697036595,0.9803921568627451,1.7781525449395048,2.359474753757159,2.6683165114636025,4.4977603475071913e-10,0.03275521952015999,0.9999284059798367,0.00010000011857921843,0.8634950383077702,1.0,0.0005912552900622074,0.9080371610839592,1.0,0.022263171355498768,0.9229506509292408,1.0,0.3225806451612903,0.0967741935483871,0.0967741935483871,0.06451612903225806,0.06451612903225806,-0.46143341921996395,-0.00014318804032664723,0.355630508987901,0.18396721974831348
85.2,0.00016266651162974888,0.34432776694863126,-0.0009446585310448619,0.005012205076323813,2.289524739092842,0.153,1.11770361646289,1.3900469791678922,0.10791002192587244,0.20713928424196545,0.9803921568627451,1.7216388347431562,2.289524739092842,2.59374565360486,8.119695664758515e-10,0.0327043289956349,1.0004723292655224,0.00010000011857921843,0.8366175862454185,1.0,0.0005912552900622074,0.8794352360887446,1.0,0.022263171355498768,0.8940212380060457,1.0,0.4193548387096774,0.0967741935483871,0.0967741935483871,0.0967741935483871,0.0967741935483871,-0.5157171188456869,0.0009446585310448619,0.34432776694863126,0.18023540923141884
85.4,0.0006247174252300152,0.3336699388102974,0.008275659920872203,0.006912708995221032,2.22178493985263,0.1558911933418176,1.1131686396525668,1.3531826822424184,0.11084977805910759,0.20580255491249316,0.962209582109618,1.6683496940514868,2.22178493985263,2.5198234562647737,1.4086501596521534e-09,0.0439867138373647,0.9958621700395639,0.00010000607742777883,0.8439704286223878,1.0,0.0019247819697289544,0.882334520642274,1.0,0.04281533087232243,0.8967720493139164,1.0,0.4193548387096774,0.0967741935483871,0.0967741935483871,0.0967741935483871,0.0967741935483871,-0.0012446921671371985,-0.008275659920872203,0.3336699388102974,0.175971244190746
85.60000000000001,0.0019291163787003218,0.3235949016486561,0.0059788592626757175,0.008021014193187966,2.1563201190655796,0.15636578604874585,1.1131476549360706,1.3160850680479725,0.11397439545642832,0.20497941294601646,0.9592891372876073,1.6179745082432806,2.1563201190655796,2.4471133608347837,1.077467411549379e-08,0.050289931178532296,0.9970105703686621,0.00010000949929717505,0.8510148645286305,1.0,0.002217718369033329,0.8851052346959268,1.0,0.04611637314257205,0.898537988453183,1.0,0.3225806451612903,0.0967741935483871,0.0967741935483871,0.0967741935483871,0.0967741935483871,0.001221628663667082,-0.0059788592626757175,0.3235949016486561,0.17135536286891065
85.80000000000001,0.0031912205641891635,0.3140151095953063,0.005314094357062871,0.008621251266365431,2.093082457468332,0.15684694837789231,1.1127426364415094,1.2856811586445407,0.11666967271896633,0.20447571894371902,0.9563463079855661,1.5700755479765314,2.093082457468332,2.3759843473762463,5.97825634486823e-08,0.053240397322621126,0.9973429528214686,0.00010001443961189828,0.8528211630068578,0.9913164200556623,0.00253494722328484,0.8859241715837624,0.9970970535672042,0.049442717077219325,0.8992983888840245,0.9985474717589541,0.1935483870967742,0.0967741935483871,0.0967741935483871,0.0967741935483871,0.0967741935483871,0.0027175781512384645,-0.005314094357062871,0.3140151095953063,0.16655448520927446
86.0,0.004185107328989448,0.3048391223020367,0.005341846880274392,0.008935143181919632,2.0319451112237266,0.15734350742869135,1.1120955091389024,1.263161080194545,0.11874970053454927,0.20411346668563252,0.9533281827213654,1.5241956115101833,2.0319451112237266,2.3066831228295928,1.6668233240250854e-07,0.05439913869432591,0.9973290765598628,0.00010002156541942504,0.8528331016210359,0.9773941645302104,0.002883280746148415,0.8860539242289481,0.9924072112417149,0.0528541696747641,0.8997078504863887,0.9961963711010048,0.16129032258064516,0.0967741935483871,0.0967741935483871,0.0967741935483871,0.0967741935483871,0.003684018639361908,-0.005341846880274392,0.3048391223020367,0.16171408567267795
86.2,0.004986220980749278,0.29600236774582506,0.00584067946068112,0.00912818249626351,1.9727853581228403,0.1578607963365976,1.111292417182207,1.2470514398748231,0.12028373105046632,0.2038156011645253,0.9502042526135718,1.4800118387291252,1.9727853581228403,2.239340889081901,3.492626128718554e-07,0.05481005462970279,0.9970796602696594,0.00010003181142843058,0.8525092327789779,0.9672311729688231,0.003268342350438534,0.8860299528300495,0.9889555139458932,0.05638521578712736,0.9000445343602336,0.9944624230603742,0.16129032258064516,0.0967741935483871,0.0967741935483871,0.0967741935483871,0.0967741935483871,0.004298105342570149,-0.00584067946068112,0.29600236774582506,0.15692800373957366
86.4,0.005736585831186716,0.2874694635390597,0.0066290040228473845,0.009299326164722375,1.915515156120677,0.1584025118343223,1.1103931008622052,1.235646730033755,0.1213939197620847,0.20354370067536176,0.9469546805980531,1.4373473176952984,1.915515156120677,2.1740014076133285,6.355347499674364e-07,0.05503413300760961,0.9966854979885763,0.0001000464849162385,0.8520072866199009,0.9599312079733295,0.0036953545977083907,0.8859281945730676,0.986461247205726,0.06005827767913802,0.900351869394015,0.9932075526250949,0.16129032258064516,0.0967741935483871,0.0967741935483871,0.0967741935483871,0.0967741935483871,0.004659260295181586,-0.0066290040228473845,0.2874694635390597,0.15224184524972623
86.60000000000001,0.006539923614477496,0.2792236408466753,0.0076038222290750745,0.009493804082797042,1.8600767263445104,0.15897144878164315,1.109441073622986,1.2292013332227278,0.12203045664352563,0.2032772327676047,0.9435656600578259,1.3961182042333764,1.8600767263445104,2.1106579357213042,1.0757548865978598e-06,0.05529196482951317,0.9961980888854625,0.00010006740472472733,0.851412552044497,0.9557664580141806,0.004169438523772781,0.885788774865253,0.9850325571692569,0.06388896127011635,0.9006530638629338,0.9924880611502438,0.16129032258064516,0.0967741935483871,0.0967741935483871,0.0967741935483871,0.0967741935483871,0.004834422092557369,-0.0076038222290750745,0.2792236408466753,0.14767154450750508
86.80000000000001,0.007452495109455502,0.2712570918714862,0.008724978409477169,0.009727204885217375,1.8064304138179577,0.15956997370027923,1.1084684566422867,1.2314156104084688,0.12181102686382544,0.20300449480670663,0.9400264756685707,1.356285459357431,1.8064304138179577,2.0492817958900233,1.7505478911825978e-06,0.05563226780973764,0.9956375107952614,0.00010009709280879556,0.8507734484493882,0.9572004445466831,0.004695859399505557,0.8856340675255536,0.9855249445041272,0.06788937832408265,0.9009613455092228,0.9927360874004515,0.16129032258064516,0.0967741935483871,0.0967741935483871,0.0967741935483871,0.0967741935483871,0.0048720734832193024,-0.008724978409477169,0.2712570918714862,0.14321924288340243
87.0,0.008499627580611537,0.2635654178293201,0.009987242688589193,0.0100031586280959,1.754545572798966,0.16020032408127396,1.1074989826958785,1.2324213100937564,0.12171162472725236,0.20271827461836847,0.9363276938434965,1.3178270891466004,1.754545572798966,1.9898382641892012,2.7779168488781252e-06,0.056041561856139926,0.9950063786557054,0.00010013903787438257,0.8501188292341539,0.9578506332260094,0.005280226534594602,0.8854773050280424,0.9857480374637935,0.07207019182926458,0.9012848664102796,0.9928484437963361,0.16129032258064516,0.0967741935483871,0.0967741935483871,0.0967741935483871,0.0967741935483871,0.004808150837097125,-0.009987242688589193,0.2635654178293201,0.13888230950880415
87.2,0.009692153328123388,0.256145187734287,0.011400152149878773,0.010322571259285233,1.7043957095543543,0.16086478253369862,1.1065501574160228,1.2326010009939288,0.12169388137689727,0.20241368809130722,0.9324601546555249,1.2807259386714351,1.7043957095543543,1.9322933429611728,4.320819832228128e-06,0.05649594310203352,0.9942999239250606,0.00010019805691548249,0.8494667083699682,0.9579667310623118,0.005928646489892735,0.8853268522772163,0.9857878623677837,0.0764417554503677,0.9016291471832631,0.9928684994909674,0.16129032258064516,0.0967741935483871,0.0967741935483871,0.0967741935483871,0.0967741935483871,0.004669442777210542,-0.011400152149878773,0.256145187734287,0.13465726355321248
87.4,0.011036580421092054,0.24899318960847794,0.012978215086026257,0.010687231228998815,1.655956607140871,0.16156577249607643,1.1056348393669386,1.2322203438893493,0.12173147501082783,0.2020870716729791,0.9284144635500857,1.2449659480423896,1.655956607140871,1.876615761620269,6.596446400675714e-06,0.05697835704462324,0.9935108924569869,0.0001002807898100888,0.8488287785994753,0.9577207632560352,0.0066478415274580874,0.8851883876287681,0.9857034845071556,0.08101468805665224,0.9019983288212563,0.9928260065892829,0.16129032258064516,0.0967741935483871,0.0967741935483871,0.0967741935483871,0.0967741935483871,0.004475929687636923,-0.012978215086026257,0.24899318960847794,0.13054096147276176
87.60000000000001,0.012540110867440016,0.24210638976597143,0.01473775308125913,0.011100713962417614,1.6092059914259709,0.16230591471835637,1.104762430187099,1.2314913030649264,0.1218035398436685,0.20173538652045056,0.9241807377155024,1.2105319488298572,1.609205991425971,1.8227771476021386,9.887472722475732e-06,0.05748082444146889,0.9926311234593704,0.00010039637564967119,0.8482128466533839,0.9572494042804487,0.007445252018644589,0.8850660620657583,0.9855417471015148,0.08580016040499998,0.9023958461944885,0.9927445501420962,0.16129032258064516,0.0967741935483871,0.0967741935483871,0.0967741935483871,0.0967741935483871,0.0042425197179939145,-0.01473775308125913,0.24210638976597143,0.1265306744129382
87.80000000000001,0.014212457359907716,0.23548210495057298,0.016696617482674148,0.01156832333432059,1.5641238447440486,0.1630880689274773,1.103939735698454,1.2305573662241465,0.12189598316757988,0.20135587310162398,0.9197484585258204,1.1774105247528648,1.5641238447440486,1.770751786185574,1.455539885444709e-05,0.058002318255413056,0.9916516912586629,0.00010055737814863111,0.8476241826924232,0.9566450375274316,0.008329138248623741,0.8849631421723091,0.9853342930292938,0.09081006192699287,0.9028248184620801,0.9926400594434417,0.16129032258064516,0.0967741935483871,0.0967741935483871,0.0967741935483871,0.0967741935483871,0.003980349655094528,-0.016696617482674148,0.23548210495057298,0.12262386069609323
88.0,0.01606651179410507,0.229118181695265,0.018874783263747252,0.01209688569788116,1.5206928857324626,0.16391537667319897,1.103171632028284,1.2295147602591405,0.1219993487254964,0.20094581400342337,0.9151063374551961,1.145590908476325,1.5206928857324629,1.7205165222177423,2.105541830431792e-05,0.05854638723114846,0.9905626083681264,0.0001007810543651638,0.8470663290063458,0.9559696411032057,0.009308695944969494,0.8848824058607103,0.9851023539959998,0.09605715228879502,0.9032883171751046,0.9925232231062513,0.16129032258064516,0.0967741935483871,0.0967741935483871,0.0967741935483871,0.0967741935483871,0.0036977740796283465,-0.018874783263747252,0.229118181695265,0.11881796017322627
88.2,0.018118600773728313,0.22301315823346132,0.021295248858731908,0.012694587627334025,1.478899114366728,0.16479130884732632,1.1024615485636526,1.2284272113889514,0.12210735695963525,0.20050233933122227,0.9102421787241827,1.1150657911673065,1.478899114366728,1.672050842357888,2.9952490741436278e-05,0.05911935010364597,0.989352375570634,0.00010109109723099004,0.846541588872965,0.9552643337935942,0.010394190403532472,0.8848264088715058,0.9848600265649637,0.1015552166450406,0.903789586237847,0.9924011390511991,0.16129032258064516,0.0967741935483871,0.0967741935483871,0.0967741935483871,0.0967741935483871,0.0034011065555955705,-0.021295248858731908,0.22301315823346132,0.11511024391272014
88.4,0.020388866228106914,0.21716640147742503,0.023985026203372284,0.013370958752432691,1.4387323843799065,0.16571972058600187,1.1018118008772029,1.227335707631826,0.12221595042600741,0.20002222664922714,0.9051427281532014,1.085832007387125,1.4387323843799065,1.6253371646864063,4.1938836204094483e-05,0.059729246536921625,0.9880074868983139,0.00010152003441056347,0.8460513150996748,0.9545556421161775,0.011597114383444792,0.8847976910588192,0.9846164161607908,0.10731923648304183,0.9043322680395385,0.9922783934954311,0.16129032258064516,0.0967741935483871,0.0967741935483871,0.0967741935483871,0.0967741935483871,0.003095131079261057,-0.023985026203372284,0.21716640147742503,0.11149773250851816
88.60000000000001,0.022902049814714845,0.21157825586341736,0.026976521442051205,0.01413697431741279,1.4001870507867025,0.16670491573137022,1.1012238691848786,1.2262656511901477,0.12232259776209016,0.19950164268886164,0.8997935024406318,1.0578912793170867,1.4001870507867027,1.5803612423984854,5.785219809065908e-05,0.060385076560550296,0.9865117392789744,0.00010211253998171674,0.8455961091285633,0.9538600776050681,0.012930375237763015,0.8847989886325683,0.9843772008894288,0.1133655825934747,0.9049206954069822,0.9921578476930364,0.16129032258064516,0.0967741935483871,0.0967741935483871,0.0967741935483871,0.0967741935483871,0.002783470967108237,-0.026976521442051205,0.21157825586341736,0.10797712570348907
88.80000000000001,0.025688760318730613,0.20625023603388556,0.030309635986641936,0.015005291410006415,1.3632627960363795,0.1677517192559455,1.1006986031809403,1.2252314810645841,0.12242584549791961,0.19893575364799207,0.894178615070639,1.0312511801694277,1.3632627960363795,1.5371126664024746,7.869573077856112e-05,0.06109622343300456,0.984845182006679,0.00010293001798589388,0.8451759262898019,0.9531870881054297,0.014408512074987518,0.8848334928445118,0.9841456387807456,0.11971221185054652,0.9055603320918127,0.9920411445327124,0.16129032258064516,0.0967741935483871,0.0967741935483871,0.0967741935483871,0.0967741935483871,0.0024688642316922638,-0.030309635986641936,0.20625023603388556,0.10454470715482969
89.0,0.028787650132404113,0.20118529513426198,0.034035197442311205,0.015990684201215126,1.3279657398966307,0.16886555427794075,1.1002363867768488,1.2242395179166383,0.12252504334712538,0.19831806835395036,0.8882806244375369,1.0059264756713098,1.327965739896631,1.4955855022540965,0.00010566081978529005,0.06187183557229988,0.9829824012788444,0.00010405695917834036,0.84479010105415,0.9525408693754678,0.016047939942958524,0.8849052399774309,0.9839231853428241,0.12637883888032952,0.9062585152076091,0.99192901904728,0.16129032258064516,0.0967741935483871,0.0967741935483871,0.0967741935483871,0.0967741935483871,0.0021532519140560064,-0.034035197442311205,0.20118529513426198,0.10119619882710926
89.2,0.032249443804667856,0.1963882463510148,0.03822135432874196,0.017110832815951965,1.294310081705297,0.17005251480536107,1.099837297290053,1.2232892236009445,0.12262022513241093,0.19763917046273136,0.8820804571557627,0.9819412317550739,1.294310081705297,1.455779125053689,0.00014015418384647377,0.06271974270179145,0.980889322835629,0.00010560976102870071,0.8444372681888429,0.9519211563595097,0.01786720715298521,0.8850198203940552,0.9837097616600421,0.13338702274516417,0.907025888252704,0.9918214330062027,0.16129032258064516,0.0967741935483871,0.0967741935483871,0.0967741935483871,0.0967741935483871,0.0018376930165820704,-0.03822135432874196,0.1963882463510148,0.09792649794838044
89.4,0.0361449802736993,0.19186648076757562,0.04296736284623193,0.01838782711639184,1.2623207338455322,0.17131941535157916,1.099501323761646,1.222372510838273,0.12271218361834207,0.19688377446997804,0.8755575057979986,0.9593324038378781,1.2623207338455322,1.4176993360729355,0.00018383374171940822,0.06364382999354745,0.978516318576884,0.00010774893258614482,0.8441150642637885,0.9513227488954881,0.01988723020863986,0.8851859617705878,0.9835035874880232,0.14076005646813525,0.9078797287649649,0.9917174903304572,0.16129032258064516,0.0967741935483871,0.0967741935483871,0.0967741935483871,0.0967741935483871,0.0015218567709805592,-0.04296736284623193,0.19186648076757562,0.0947291659952452
89.60000000000001,0.040585403952534335,0.18763147825037058,0.048439588051762295,0.01985171976942091,1.2320385174213127,0.17267376246000862,1.0992287992463872,1.2214680830474118,0.12280304502575994,0.19602243519499635,0.8686901696182134,0.9381573912518528,1.2320385174213129,1.3813600946914897,0.00023866891048225045,0.0646360997497738,0.9757802059741189,0.00011069579528708137,0.8438191474776094,0.9507317884811798,0.02213139885359345,0.8854199481069815,0.9832998942299,0.14852235584206339,0.9088533192722437,0.9916147877064048,0.16129032258064516,0.0967741935483871,0.0967741935483871,0.0967741935483871,0.0967741935483871,0.0012019942215974189,-0.048439588051762295,0.18763147825037058,0.09159522537752496
89.80000000000001,0.0457894702731194,0.18370254084325843,0.05501116030843778,0.021551019614613958,1.203532116320815,0.17412355596055581,1.0990219666309282,1.220511211021168,0.12289932173134169,0.19497485976221854,0.8614572518492528,0.918512704216292,1.203532116320815,1.346786391969422,0.00030705651379596296,0.06563984605836971,0.9724944198457811,0.00011475476948007927,0.8435385435372058,0.9501059409766314,0.02462534856589391,0.8857649761749089,0.983084083968481,0.1566978800336624,0.9100374165572914,0.9915059640531139,0.16129032258064516,0.0967741935483871,0.0967741935483871,0.0967741935483871,0.0967741935483871,0.0008577239469012149,-0.05501116030843778,0.18370254084325843,0.08850989546898021
90.0,0.05846220091377168,0.1801775020933467,0.09989331423683123,0.024148288183143622,1.1770144614355118,0.17279491086521515,1.1000308905349974,1.217878884339583,0.12316495665440512,0.1778404460513904,0.8680811214226337,0.9008875104667335,1.1770144614355118,1.3140202339649407,0.00039212865994850963,0.0627000951318323,0.9500533428815844,0.00011099692706725355,0.8479768088039566,0.9483809593131938,0.022336247220897543,0.9055427851803881,0.9824887695013499,0.1492107762577053,0.929404816861895,0.9912057111249031,0.22580645161290322,0.06451612903225806,0.06451612903225806,0.06451612903225806,0.06451612903225806,-0.047178649519150316,-0.09989331423683123,0.1801775020933467,0.08538076285629614
90.2,0.15566798950075675,0.18107763987801126,0.8978058992004461,0.04928036483109645,1.1570379994558877,0.694293750372006,1.107771602943203,1.2022963938873994,0.12476124919164333,0.13877703149163126,0.21604688205767264,0.9053881993900562,1.1570379994558877,1.2831468347483619,0.0004996873840421794,0.0597864067207052,0.551097050399777,0.48446214129903786,0.8615314578432887,0.9380698220882508,0.7853858567646337,0.9486231117471214,0.9789151157684862,0.8862192516692983,0.9735590435434551,0.989401386968051,0.4193548387096774,0.03225806451612903,0.03225806451612903,0.0,0.0,-0.10591178953012395,-0.8978058992004461,0.18107763987801126,0.07807011797404985
90.4,0.47879540393086095,0.21252783092634708,0.6331736960396985,0.12038361106224076,1.1854237993544074,1.0173081308528702,1.1182751632966836,1.1957500123043638,0.12544428054065476,0.13463556310521857,0.14744795156040483,1.0626391546317353,1.1854237993544077,1.2549894360806138,0.0006998401005941087,0.11653408316836628,0.6834131519801507,0.801326036173042,0.8775444647190219,0.9336864638231185,0.9288298338376891,0.9570419841225619,0.9773879883702166,0.963758114091458,0.9782402352925387,0.9886293417857558,0.6451612903225806,0.0,0.0,0.0,0.0,-0.03295413549653842,-0.6331736960396985,0.21252783092634708,0.03975239149943489
90.60000000000001,0.6632079511191652,0.249614568370375,0.6569585033912448,0.13280597302694322,1.2547961721632113,1.0685811214119876,1.1233769144487586,1.1807707565383787,0.1270356664656477,0.1337097945957255,0.14037305824923707,1.2315255627680912,1.2547961721632113,1.3037429661741953,0.0015320823133071432,0.1231151830451287,0.6715207483043776,0.8420566863046466,0.8824145327340787,0.9235399122900979,0.9443078982983911,0.9590338089714088,0.9738345787569225,0.9717550198030993,0.9792866515642211,0.98683056367939,0.7741935483870968,0.0,0.0,0.0,0.0,-0.019771262523910954,-0.6569585033912448,0.249614568370375,0.027638158376329876
90.80000000000001,0.7878688689189578,0.2892577136433629,0.7178153749087346,0.12413019502901523,1.3467685647057988,1.0898387690318987,1.1265586319755019,1.166657313088027,0.1285724593822369,0.133231840422655,0.13763503764253557,1.2437850538169641,1.3467685647057988,1.4939245279939453,0.002738430740556795,0.11307471184146099,0.6410923125456327,0.8582757885258543,0.8850996174662323,0.9138288294119917,0.9503323206333036,0.9600748895163164,0.9704092126409404,0.9748498640170412,0.9798268935563509,0.9850934932372275,1.0,0.0,0.0,0.0,0.0,-0.012590414574729314,-0.7178153749087346,0.2892577136433629,0.061540256350516506
91.0,0.8802999750520557,0.3303628457113657,0.7914568573636818,0.10773797931916053,1.452016251925098,1.0988402679068472,1.1285623496914499,1.1583388356140019,0.12949578775064494,0.13296138755549278,0.13650755654025237,1.2750316370742925,1.4520162519250983,1.693073374259818,0.0030921502682863754,0.09747049138969374,0.6042715713181591,0.8650298553597022,0.8866774315585771,0.9080353005230111,0.9528186678311074,0.9606682561780636,0.9683541034234568,0.9761242804174106,0.9801325923115144,0.9840498351100602,1.0,0.0,0.0,0.0,0.0,-0.007708166625999227,-0.7914568573636818,0.3303628457113657,0.0949221824636265
91.2,0.9572341615031814,0.3723846039955343,0.8703232628340911,0.08995062146986037,1.5656646072170457,1.0999891102346497,1.1297203075596973,1.1549082214806556,0.12988045042028687,0.1328171258879627,0.1363649863479121,1.3256899296610527,1.5656646072170457,1.8984404225438556,0.0025578389608153715,0.0813293667167151,0.5648383685829544,0.865887054249306,0.8875440833735312,0.9056307408245388,0.9531332982556164,0.9609865776551135,0.9674985787452492,0.9762854306051647,0.9802956544104469,0.983615042532332,1.0,0.0,0.0,0.0,0.0,-0.004018034262127053,-0.8703232628340911,0.3723846039955343,0.1259153650594573
91.4,1.02870548512046,0.41517646616427356,0.9516068927426979,0.07348404098177767,1.685552447150496,1.0952863657463643,1.1302144779955712,1.1547248004541744,0.12990108114158652,0.1327647115010301,0.13695048591039938,1.3908839765217287,1.6855524471504961,2.105095044122653,0.0017017095294832934,0.06670240832189171,0.524196553628651,0.8623712665627175,0.8878795885169336,0.9055019264908163,0.9518415223950266,0.9611037282702334,0.9674527048331698,0.9756236277214341,0.9803548995314401,0.983591723179553,1.0,0.0,0.0,0.0,0.0,-0.0010080016844738054,-0.9516068927426979,0.41517646616427356,0.15364091471979002
91.60000000000001,1.099613985080301,0.458784569506119,1.0342021446905374,0.059228208789954745,1.8109917226893115,1.0861314107351676,1.130148892619189,1.1565556530861916,0.12969544491848276,0.132789076057095,0.1381048356740459,1.4675407897082458,1.8109917226893115,2.31983904456632,0.0009533390970830826,0.05417595702059054,0.48289892765473125,0.8554745109879974,0.8877700232414555,0.9067865629942345,0.9492972700598477,0.9610526407034369,0.9679100005697432,0.9743188410890243,0.9803273597440556,0.98382415827288,1.0,0.0,0.0,0.0,0.0,0.0016177810254644764,-1.0342021446905374,0.458784569506119,0.18149765339138527
91.80000000000001,1.1714599353346244,0.5032339334292608,1.117326127792937,0.047289625730541456,1.941894281580425,1.073217612990301,1.1295805139668864,1.1596018326481439,0.12935474554869408,0.1328844161746751,0.1397666215913618,1.5539726978937332,1.941894281580425,2.5382384856852918,0.000458512867107039,0.043736781975244214,0.4413369361035315,0.8456268030790517,0.8872537415025818,0.9089182996455591,0.945640579324955,0.9608463850990716,0.9686678888186853,0.9724404883409014,0.9802195947365436,0.9842092581770601,1.0,0.0,0.0,0.0,0.0,0.004044232863150504,-1.117326127792937,0.5032339334292608,0.20797581864164627
92.0,1.243783972773387,0.5483980961975122,1.1997964211249832,0.03749835368142365,2.078267447024101,1.0569944817687558,1.128536517320611,1.1633675854379455,0.1289360318076363,0.1330501545410527,0.1419118099358406,1.6492900342341348,2.078267447024101,2.758802932624565,0.00019006895280727947,0.03518288524235132,0.4001017894375084,0.8330543274013277,0.8863415849336377,0.911543886968812,0.9409306166841835,0.9604867916941587,0.9695997269054947,0.9700157353206077,0.980032257058019,0.9846825394210503,1.0,0.0,0.0,0.0,0.0,0.006389587177538986,-1.1997964211249832,0.5483980961975122,0.23277390567233644
92.2,1.3151268874576612,0.5939497991550374,1.279973519440105,0.029606615341965188,2.2199579926855915,1.037247909394091,1.1270248553913709,1.1675504394767702,0.12847410692357025,0.13328931208823327,0.14461345126993083,1.7529845337152536,2.2199579926855915,2.9799860497558375,6.750706884003754e-05,0.028276909304746307,0.3600132402799475,0.817442608103724,0.8850262713471874,0.9144477644362369,0.9350156406319269,0.9599680219769353,0.9706282502033277,0.9669620113893521,0.9797619320833637,0.9852046631593555,1.0,0.0,0.0,0.0,0.0,0.008731560771385108,-1.279973519440105,0.5939497991550374,0.2556959711377218
92.4,1.3835668897020204,0.6393903885142221,1.3559063835159368,0.023347445788923813,2.366552141553426,1.014118121419504,1.1250402986697747,1.1719666810649834,0.12798998676625584,0.13360816100990502,0.1479117637598652,1.8646833774025307,2.366552141553426,3.1995613749878866,2.031597876268358e-05,0.02278482147627144,0.32204680824203163,0.798714254169669,0.8832859479806968,0.9174994421618202,0.9278195986127614,0.9592774550378448,0.9717067787726115,0.9632338570795339,0.9794015302156998,0.9857518746975192,0.8387096774193548,0.0,0.0,0.0,0.0,0.011127251850435227,-1.3559063835159368,0.6393903885142221,0.27641406886710734
92.60000000000001,1.4470235158311582,0.6841033852302014,1.4255610128197973,0.018455973076710243,2.517344786227088,0.9869456779245679,1.1225667707828162,1.1765035558295494,0.12749642723709018,0.13401705684030585,0.15198404872234972,1.9840075217354325,2.517344786227088,3.420516926151007,5.126675778665697e-06,0.018487112082235527,0.28721949359010135,0.7760857907655759,0.8810828714102167,0.9206193541966989,0.9189733062170129,0.9583941488786185,0.9728069530572052,0.9586308648585038,0.9789393463695577,0.9863097557628902,0.7419354838709677,0.0,0.0,0.0,0.0,0.013631226952268122,-1.4255610128197973,0.6841033852302014,0.29687861024588547
92.80000000000001,1.5033393011156186,0.7274011207746518,1.4869046966413118,0.014684280209030107,2.6713390503200536,0.9543268121107746,1.1195755493575306,1.181089732872798,0.12700135800448517,0.13453334474602213,0.15717885958608963,2.110485312001779,2.6713390503200536,3.6370056038732588,1.0816633503272831e-06,0.015189505939605682,0.25654765167934407,0.7479976399481243,0.8783547962749687,0.9237576869285596,0.9077500442859073,0.9572831467497163,0.9739111179468231,0.9527590572085476,0.9783557749260764,0.9868693432788781,0.6774193548387096,0.0,0.0,0.0,0.0,0.0163213134965947,-1.4869046966413118,0.7274011207746518,0.3154808603201059
93.0,1.5498372665262807,0.7684820299075525,1.5374778960056297,0.011818244686436828,2.8272174836336466,0.9130248564083614,1.1160154796903767,1.1856789332778312,0.12650979602490045,0.13519018224330195,0.16428906502071253,2.243498091669737,2.8272174836336466,3.8424101495377627,1.9224467255580278e-07,0.012745501882383846,0.23126105199718516,0.7109306551754131,0.8749877023480003,0.9268826032550849,0.8925004114999525,0.9558781238055127,0.9750080802240612,0.94472223743611,0.9776133372238253,0.9874249664705328,0.6451612903225806,0.0,0.0,0.0,0.0,0.01936125852153875,-1.5374778960056297,0.7684820299075525,0.33044182529272537
93.2,1.5804975520698594,0.8060266642194857,1.5717230394547048,0.009705406385327232,2.983089858386978,0.853419413194536,1.1117758815408918,1.190242818767291,0.12602470490462758,0.13607201508028602,0.17576351988352024,2.3822449626489015,2.983089858386978,4.030133321097428,2.945538183457314e-08,0.011130513071979353,0.21413848027264754,0.6543453327554871,0.8707113332426679,0.9299750156033515,0.8681630224541536,0.9540121919434823,0.9760912075861061,0.9317524116600074,0.9766165823979029,0.9879732755092363,0.6129032258064516,0.0,0.0,0.0,0.0,0.023279611483117246,-1.5717230394547048,0.8060266642194857,0.3405635940793622
93.4,1.5421143452431003,0.8334451903328954,1.5426694628188309,0.008510499646910792,3.1341126586182786,0.701347876329998,1.1063875978011424,1.1947695687116477,0.12554722176406705,0.13773850192261167,0.21387389206183616,2.5257037035951213,3.1341126586182786,4.167225951664477,4.096659057564513e-09,0.01139343393576993,0.22866526859058459,0.49257360536942046,0.8640522132297195,0.9330273205257659,0.7897452584378513,0.9506139637149793,0.9771579348743327,0.8886754295005053,0.9747329160920477,0.9885129850830802,0.5806451612903225,0.03225806451612903,0.03225806451612903,0.0,0.0,0.03420354945142444,-1.5426694628188309,0.8334451903328954,0.339247931267667
93.60000000000001,0.6540185708901141,0.7157368444017236,0.6679642078884442,0.011793026415418217,3.1622537645993924,0.153,1.3318777514326754,2.151805783356667,0.06970889341416792,0.14165150999869905,0.9803921568627451,2.6724446764113625,3.162253764599393,3.7194459407592904,7.446241651695812e-10,0.025934949951336075,0.6660178960557779,0.00010000011857921843,0.9229946336248086,1.0,0.0005912552900622074,0.9524742070169355,1.0,0.022263171355498768,0.9607694806984973,1.0,0.03225806451612903,0.03225806451612903,0.03225806451612903,0.03225806451612903,0.03225806451612903,0.9590158692930344,-0.6679642078884442,0.7157368444017236,0.24547101650704412
93.80000000000001,0.42584981757278734,0.6467229444356075,0.4229136691337354,0.012784566109036659,3.1336245992017586,0.153,1.4798493352895994,2.3481565161327547,0.06387989853718917,0.13209621525362256,0.9803921568627451,2.8133974889372113,3.1336245992017586,3.4219189088233626,6.084061202034675e-10,0.029790732369472557,0.7885431654331323,0.00010000011857921843,0.9447769245856661,1.0,0.0005912552900622074,0.9599598688333195,1.0,0.022263171355498768,0.9645411031293063,1.0,0.03225806451612903,0.03225806451612903,0.03225806451612903,0.03225806451612903,0.03225806451612903,0.6168245360834984,-0.4229136691337354,0.6467229444356075,0.1646772920165051
94.0,0.210460331441707,0.584771520217998,0.190346724244433,0.010568671091319193,3.0742417575488203,0.153,1.5514782910514782,2.2655924349109093,0.06620784819397514,0.12667586301876427,0.9803921568627451,2.9234836143965595,3.0742417575488203,3.2095376458239584,6.80306024651901e-10,0.032296749177129234,0.9048266378777835,0.00010000011857921843,0.9578453915005044,1.0,0.0005912552900622074,0.9644175256984774,1.0,0.022263171355498768,0.9667828523938982,1.0,0.03225806451612903,0.03225806451612903,0.03225806451612903,0.03225806451612903,0.03225806451612903,0.34380199504383036,-0.190346724244433,0.584771520217998,0.1181583757400159
94.2,0.013386015357873964,0.5226868018432741,0.0057645581211367425,0.005416520527250496,2.9834010740460353,0.153,1.5632753975900129,2.0613613158933197,0.07276744685343792,0.12436510743954872,0.9803921568627451,2.61343400921637,2.9834010740460353,3.076148078444626,6.850153467613355e-10,0.03243582423834049,0.9971177209394316,0.00010000011857921843,0.9662173956011096,1.0,0.0005912552900622074,0.9672496111544422,1.0,0.022263171355498768,0.9682041350327234,1.0,0.03225806451612903,0.03225806451612903,0.03225806451612903,0.03225806451612903,0.03225806451612903,0.08830080583889574,-0.0057645581211367425,0.5226868018432741,0.11301293448667254
94.4,0.005420065808934562,0.4775519120322555,0.005475690224106877,0.005156085583012009,2.885106942989996,0.153,1.5304388305043615,1.8297557284701504,0.08197815569918408,0.12500443156800203,0.9803921568627451,2.3877595601612773,2.885106942989996,3.021843206232377,2.077375221986052e-10,0.03232442027469386,0.9972621548879466,0.00010000011857921843,0.9663217468785978,1.0,0.0005912552900622074,0.9672793809284038,1.0,0.022263171355498768,0.9682183829198135,1.0,0.03225806451612903,0.03225806451612903,0.03225806451612903,0.03225806451612903,0.03225806451612903,-0.08212181292022291,-0.005475690224106877,0.4775519120322555,0.1315443524509811
94.60000000000001,0.00516364669400264,0.4467948054545822,0.0051960713934966485,0.005167379974386358,2.7938900257162547,0.153,1.4746719263117543,1.6623659446328276,0.0902328398174272,0.12810292882477914,0.9803921568627451,2.233974027272911,2.7938900257162547,3.009730600594653,1.2338178017945734e-10,0.03236369022244816,0.9974019643032517,0.00010000011857921843,0.9613694204043617,1.0,0.0005912552900622074,0.9654779788081059,1.0,0.022263171355498768,0.9672976400572227,1.0,0.06451612903225806,0.03225806451612903,0.03225806451612903,0.03225806451612903,0.03225806451612903,-0.18941931779504154,-0.0051960713934966485,0.4467948054545822,0.16032302515316002
94.80000000000001,0.004889050725233241,0.42354741973285637,0.004935543108517182,0.00517462455222704,2.707956501426001,0.153,1.4060761769127572,1.55607955744656,0.0963960995966952,0.13348052082616507,0.9803921568627451,2.1177370986642816,2.707956501426001,2.972429228504744,2.8168587974738797e-10,0.032408484984762315,0.9975322284457414,0.00010000011857921843,0.950502113124172,1.0,0.0005912552900622074,0.9613240361832476,1.0,0.022263171355498768,0.9651449258650197,1.0,0.0967741935483871,0.03225806451612903,0.03225806451612903,0.03225806451612903,0.03225806451612903,-0.26495818142120764,-0.004935543108517182,0.42354741973285637,0.17663637350036224
95.0,0.004550722701253989,0.40483178871846115,0.004631076485322128,0.0051873077097578536,2.6261230748529587,0.153,1.3299263129980943,1.4974378923537273,0.10017109942651749,0.14141211356853794,0.9803921568627451,2.0241589435923055,2.6261230748529587,2.9175401431098575,6.44455743796605e-10,0.032473415421745706,0.9976844617573389,0.00010000011857921843,0.9257197369889707,1.0,0.0005912552900622074,0.9512750198292769,1.0,0.022263171355498768,0.9598414790638518,1.0,0.16129032258064516,0.06451612903225806,0.06451612903225806,0.03225806451612903,0.03225806451612903,-0.31813319430836684,-0.004631076485322128,0.40483178871846115,0.18463211456696077
95.2,0.0009550688785867465,0.3888752067417906,0.00022332275122805,0.005087205190253664,2.5474656726606106,0.153,1.2724261793723222,1.4804913932145223,0.10131771159730416,0.16907003036244045,0.9803921568627451,1.9443760337089528,2.5474656726606106,2.8523325212919386,1.5236377477844915e-09,0.03296963417880168,0.999888338624386,0.00010000011857921843,0.9044236713311659,1.0,0.0005912552900622074,0.9241138674512732,1.0,0.022263171355498768,0.9312707167391099,1.0,0.1935483870967742,0.06451612903225806,0.06451612903225806,0.06451612903225806,0.06451612903225806,-0.30158389821546894,-0.00022332275122805,0.3888752067417906,0.18764434076715045
95.4,0.00021927082641734816,0.3746997924678218,0.0001400494655983131,0.005035559773106185,2.471216434638846,0.153,1.236621281806665,1.4647903827023658,0.102403730780419,0.17250595082008707,0.9803921568627451,1.873498962339109,2.471216434638846,2.781510357430546,1.3555057678187286e-09,0.032846809289466886,0.9999299752672008,0.00010000011857921843,0.8936772420925895,1.0,0.0005912552900622074,0.9200415183717497,1.0,0.022263171355498768,0.9292054735593367,1.0,0.22580645161290322,0.06451612903225806,0.06451612903225806,0.06451612903225806,0.06451612903225806,-0.3697461360779659,-0.0001400494655983131,0.3746997924678218,0.18765568831889698
95.60000000000001,0.00018615665043622418,0.3619702982913555,0.00014507471347613432,0.00502461892926055,2.397608982960673,0.153,1.1941981684100849,1.4387704431418098,0.1042556863153572,0.1771759171001291,0.9803921568627451,1.8098514914567776,2.397608982960673,2.707916749919405,4.024336037340287e-10,0.03278072060286747,0.9999274626432619,0.00010000011857921843,0.875808505727142,1.0,0.0005912552900622074,0.9130573045464813,1.0,0.022263171355498768,0.9255911821676724,1.0,0.29032258064516125,0.0967741935483871,0.0967741935483871,0.06451612903225806,0.06451612903225806,-0.4309519857311669,-0.00014507471347613432,0.3619702982913555,0.18560015341560962
95.80000000000001,0.00016962486684714536,0.3502490032564023,0.0001391150420162468,0.005017653784111595,2.3264367534067354,0.153,1.1459971553210897,1.4079309564327473,0.10653931523748342,0.18345737650834776,0.9803921568627451,1.7512450162820115,2.3264367534067354,2.6333526483491423,5.835472975482623e-10,0.03273601905989521,0.9999304424789919,0.00010000011857921843,0.8508432169734635,1.0,0.0005912552900622074,0.9026005375150523,1.0,0.022263171355498768,0.92003810005394,1.0,0.3548387096774194,0.0967741935483871,0.0967741935483871,0.06451612903225806,0.06451612903225806,-0.4873062466430911,-0.0001391150420162468,0.3502490032564023,0.18230224396054043
96.0,0.0001555880421021281,0.3392629051232088,0.011344133945311752,0.005923491055648056,2.2575256090928146,0.15563435232239783,1.1128819772628642,1.373128269771115,0.10923961242528589,0.20654145825429052,0.9637975020403835,1.696314525616044,2.2575256090928146,2.5590000850259313,1.0951372809658426e-09,0.03791991620620721,0.9943279330273441,0.0001000046974359428,0.8380377602513903,1.0,0.0017746523674608797,0.8799162983283415,1.0,0.041020470454579745,0.8953225797527622,1.0,0.4193548387096774,0.0967741935483871,0.0967741935483871,0.0967741935483871,0.0967741935483871,-0.003443095957751538,-0.011344133945311752,0.3392629051232088,0.1782883489447101
96.2,0.0012142080207362918,0.3288846377454365,0.00665936145030499,0.007518362430027034,2.190844550681574,0.15611347406161802,1.1131728518851423,1.3351870787013569,0.1123438073905677,0.205361481109472,0.9608395489347381,1.6444231887271825,2.190844550681574,2.485593113963052,2.5298591230082574e-09,0.04751978502879278,0.9966703192748475,0.00010000752516025916,0.8478564356193573,1.0,0.002059489602484683,0.8838675311593179,1.0,0.04436390915321912,0.8977232573162938,1.0,0.3870967741935484,0.0967741935483871,0.0967741935483871,0.0967741935483871,0.0967741935483871,8.613025888563886e-05,-0.00665936145030499,0.3288846377454365,0.17384178454874638
96.4,0.002549435531106543,0.3190535377665532,0.005568563491069378,0.008350655491732093,2.126436018677145,0.15658960763588248,1.112948055630323,1.300725545584987,0.1153202537684759,0.20472281715171442,0.957917975941256,1.595267688832766,2.126436018677145,2.4135864137390954,2.7658456601728852e-08,0.051981540083227605,0.9972157182544653,0.0001000115880233599,0.8525385557583827,1.0,0.002362772192104219,0.8857305925351896,1.0,0.04766622662020826,0.8990167416551211,1.0,0.22580645161290322,0.0967741935483871,0.0967741935483871,0.0967741935483871,0.0967741935483871,0.002005437558516468,-0.005568563491069378,0.3190535377665532,0.1691192031473081
96.60000000000001,0.003689630979421562,0.3096727804598492,0.005254328912521533,0.0087925140712113,2.064198818058499,0.1570771593253285,1.1124166338840626,1.274136815945663,0.11772676067653705,0.20429909085886666,0.954944694978404,1.548363902299246,2.064198818058499,2.3432910305025154,1.0165753821166984e-07,0.053931557867998886,0.9973728355437392,0.00010001745441289235,0.8528530208075537,0.9842205027827624,0.0026938177664946835,0.8860008735389393,0.9947122538305052,0.051026990729062666,0.8994980354480738,0.9973526222603389,0.16129032258064516,0.0967741935483871,0.0967741935483871,0.0967741935483871,0.0967741935483871,0.0032214925176825976,-0.005254328912521533,0.3096727804598492,0.1642849398286757
96.80000000000001,0.004575481377157256,0.3006616131994974,0.005530011448768635,0.009033194001555606,2.004000871855562,0.1575828744809888,1.1116879579867016,1.2548507056623905,0.11953613232485724,0.20397358160337647,0.9518800852823407,1.503308065997487,2.004000871855562,2.274897677812492,2.4151801641280983e-07,0.05464132079815527,0.9972349942756157,0.00010002590470995012,0.8526809345640096,0.9721729745540889,0.003058675191900415,0.8860455812680662,0.9906369225304505,0.05449098569047288,0.8998659656358426,0.9953074501520763,0.16129032258064516,0.0967741935483871,0.0967741935483871,0.0967741935483871,0.0967741935483871,0.004006744845712548,-0.005530011448768635,0.3006616131994974,0.15946185310843444
97.0,0.0053366494024971785,0.29197008396929197,0.006182326316416464,0.009207545267400035,1.94573483638133,0.15811120174874055,1.1108338793322954,1.2411474232147823,0.12085590897129252,0.20369128678432244,0.9486993858813981,1.4598504198464597,1.94573483638133,2.2084921925646,4.6807690763687433e-07,0.05492024055866309,0.9969088368417918,0.00010003803338892955,0.8522596587870046,0.9634631029310791,0.0034627355908201972,0.8859784914317601,0.9876696055002107,0.058086199368997414,0.9001850496066633,0.993815677917814,0.16129032258064516,0.0967741935483871,0.0967741935483871,0.0967741935483871,0.0967741935483871,0.004492044443844018,-0.006182326316416464,0.29197008396929197,0.15471929969508233
97.2,0.006102188337307922,0.2835729463851742,0.007066327858544108,0.009386352607983027,1.8893283009208723,0.15866534280501907,1.109905707227817,1.2314538361794032,0.12180724570673016,0.20342379641374858,0.9453860392457113,1.417864731925871,1.8893283009208723,2.1440904121574285,8.185599623543508e-07,0.05514668396842581,0.996466836070728,0.00010005536708811288,0.851706632533394,0.9572251703371615,0.003911140328886277,0.8858555067324406,0.9855334302734918,0.06183134710058893,0.9004873997875309,0.9927403613245154,0.16129032258064516,0.0967741935483871,0.0967741935483871,0.0967741935483871,0.0967741935483871,0.004758749528878323,-0.007066327858544108,0.2835729463851742,0.15008664058118854
97.4,0.0069520745612282955,0.27545857439379234,0.008111979942545533,0.009598165252451654,1.8347334033397726,0.15924784360993477,1.1089411151680388,1.2303887692223823,0.12191268625997087,0.2031554821615703,0.9419279821924205,1.3772928719689617,1.8347334033397729,2.0816726034806714,1.3565866328478316e-06,0.0554426836434593,0.9959440100287272,0.0001000800260054825,0.8510868139305287,0.956535871642332,0.004409048928225673,0.8857069093965332,0.9852968115861109,0.06574006416307689,0.9007906812196865,0.9926211795750015,0.16129032258064516,0.0967741935483871,0.0967741935483871,0.0967741935483871,0.0967741935483871,0.004864080270984686,-0.008111979942545533,0.27545857439379234,0.1455718111790867
97.60000000000001,0.007925756093703913,0.2676212055637425,0.009298641623722181,0.009851350756262358,1.7819155457127283,0.15986098265323714,1.1079679916416,1.2319545008758246,0.12175774340153112,0.20287711742020123,0.9383152631144078,1.3381060278187125,1.7819155457127283,2.0212060069313678,2.179413376601988e-06,0.05581831568714717,0.9953506791881389,0.00010011494654968637,0.8504379602399796,0.9575489255450274,0.004961866454522782,0.8855500526656528,0.9856445279819157,0.06982359907432582,0.9011053229382635,0.992796314856219,0.16129032258064516,0.0967741935483871,0.0967741935483871,0.0967741935483871,0.0967741935483871,0.004850113839158371,-0.009298641623722181,0.2676212055637425,0.14117399568328215
97.80000000000001,0.009040088408084469,0.26005706335632095,0.010629849974904015,0.010147529436624296,1.7308464114842315,0.16050700223802467,1.1070069079553506,1.2325501668900045,0.12169890040133866,0.2025827720759451,0.9345386675252756,1.3002853167816046,1.7308464114842315,1.962655788948537,3.4250796270681645e-06,0.05625139970242016,0.994685075012548,0.0001001641869696252,0.8497830666101993,0.9579338895204926,0.0055754179410108795,0.8853955109512843,0.9857765970988014,0.0740923671686261,0.9014380278796879,0.9928628263785321,0.16129032258064516,0.0967741935483871,0.0967741935483871,0.0967741935483871,0.0967741935483871,0.004748138810145464,-0.010629849974904015,0.26005706335632095,0.13688989758116601
98.0,0.010302989145405644,0.2527628462449304,0.012118146078867076,0.010487803196227895,1.6815006745127388,0.16118824245853816,1.106073024227268,1.2324355314221433,0.12171022027165236,0.20226823246997136,0.9305889667392082,1.2638142312246519,1.6815006745127388,1.9059891603568413,5.280683576736912e-06,0.05672041836111303,0.9939409269605665,0.00010023334618048607,0.8491367808096487,0.9578598223965974,0.006256085048097527,0.8852501966534304,0.9857511897314349,0.07855679983017863,0.9017935588341375,0.9928500312830324,0.16129032258064516,0.0967741935483871,0.0967741935483871,0.0967741935483871,0.0967741935483871,0.004581500578710665,-0.012118146078867076,0.2527628462449304,0.1327161520206525
98.2,0.011720900951061172,0.24573541159369663,0.013779073370447703,0.01087476195444424,1.6338550174496684,0.16190721282165066,1.1051774408796602,1.231870229289474,0.12176607278391487,0.20193018477332278,0.9264565635209403,1.2286770579684831,1.6338550174496684,1.8511762299668992,7.992575333184315e-06,0.05721266723444568,0.9931104633147761,0.00010033013620628171,0.848508743559838,0.9574944432943703,0.00701091308385734,0.8851189635746194,0.9856258339638573,0.08322774502263942,0.9021756614945227,0.9927868999742371,0.16129032258064516,0.0967741935483871,0.0967741935483871,0.0967741935483871,0.0967741935483871,0.00436760406862248,-0.013779073370447703,0.24573541159369663,0.12864982887967266
98.4,0.013302078514390078,0.23897186233360523,0.015629591598619763,0.011312823943204865,1.5878881609581428,0.1626666410848345,1.104328249415927,1.2310309999327633,0.12184908422955451,0.2015657553743397,0.9221312925602948,1.1948593116680262,1.5878881609581428,1.7981899040226514,1.1878611218967392e-05,0.05772379080404866,0.9921852042006901,0.00010046516543365161,0.847905445488697,0.9569516089767006,0.007847712985755961,0.8850054870581028,0.9854395372260877,0.08811669281708662,0.9025875839665713,0.9926930703326339,0.16129032258064516,0.0967741935483871,0.0967741935483871,0.0967741935483871,0.0967741935483871,0.0041194474159956945,-0.015629591598619763,0.23897186233360523,0.12468832241995591
98.60000000000001,0.015057697458568718,0.232469741933439,0.017688466531785352,0.011808029552461187,1.543581300363075,0.16346951340451546,1.1035312850665397,1.2300370259096907,0.1219475486025028,0.20117222989532965,0.9176022909471546,1.162348709667195,1.543581300363075,1.7470056640055724,1.734221905784808e-05,0.058255147895988756,0.9911557667341073,0.00010065301094696023,0.8473312725731055,0.9563080563552694,0.008775167445716957,0.8849127662224615,0.9852185834045818,0.09323592179697576,0.9030323943703982,0.9925817739113607,0.16129032258064516,0.0967741935483871,0.0967741935483871,0.0967741935483871,0.0967741935483871,0.0038467612726341277,-0.017688466531785352,0.232469741933439,0.12082910389659804
98.80000000000001,0.01700219308011659,0.22622720267158167,0.019976966770416604,0.012367850275258033,1.500918623746959,0.16431911851949424,1.102790684266346,1.2289676405632692,0.12205366117797123,0.20074684502416343,0.9128578667625005,1.1311360133579083,1.5009186237469592,1.6976015657304289,2.4888000381190393e-05,0.05881176883319593,0.9900115166147917,0.00010091368977246853,0.8467891313872533,0.9556149197503999,0.009802953872947969,0.8848434432223325,0.984980494772338,0.09859864759254654,0.9035132161377746,0.9924618325605136,0.16129032258064516,0.0967741935483871,0.0967741935483871,0.0967741935483871,0.0967741935483871,0.0035568560502236557,-0.019976966770416604,0.22622720267158167,0.11706954749032095
99.0,0.019153628234044876,0.22024315098474168,0.022519816047065655,0.013001101727746356,1.459887855369034,0.1652190994841127,1.102109312223581,1.2278748033143956,0.12216229178667551,0.20028659419295258,0.9078853502310963,1.1012157549237083,1.459887855369034,1.6499584322482208,3.513833271465368e-05,0.0594009024669807,0.9887400919764672,0.0001012746820534073,0.8462808469041961,0.9549057689058692,0.010941890149784592,0.884800039717164,0.984736786144706,0.10421919112617815,0.9040334476577451,0.9923390450219601,0.16129032258064516,0.0967741935483871,0.0967741935483871,0.0967741935483871,0.0967741935483871,0.003255263846228998,-0.022519816047065655,0.22024315098474168,0.11340681998039928
99.2,0.021534182806669293,0.21451739167082484,0.02534636008525526,0.013717967173927348,1.420480864485324,0.1661735130066378,1.1014890694396469,1.226791596331355,0.12227015611173553,0.19978800656131487,0.9026709328460081,1.072586958354124,1.4204808644853242,1.6040601799336902,4.8851086894595405e-05,0.060031097035956923,0.9873268199573724,0.00010177371976546942,0.8458074056077955,0.954202054447307,0.012204105883543355,0.8847851609726842,0.9844948264834421,0.11011316045344303,0.9045970120966469,0.9922171236304682,0.16129032258064516,0.0967741935483871,0.0967741935483871,0.0967741935483871,0.0967741935483871,0.002946193349334658,-0.02534636008525526,0.21451739167082484,0.10983779912644366
99.4,0.024171124741946992,0.20905078939528227,0.028492182327681137,0.014530167196856188,1.3826943824039704,0.16718689732895173,1.1009311162157336,1.225737808411665,0.12237527387229159,0.19924684067407678,0.8971994958723629,1.0452539469764113,1.3826943824039704,1.5598942823001762,6.693899106505244e-05,0.06071160712022597,0.9857539088361594,0.00010246264100532737,0.8453690963555571,0.9535166746657203,0.013603242936981575,0.8848017179144908,0.9842590564817525,0.11629764460903619,0.905208703663468,0.9920983067405429,0.16129032258064516,0.0967741935483871,0.0967741935483871,0.0967741935483871,0.0967741935483871,0.0026328356705676154,-0.028492182327681137,0.20905078939528227,0.10635900263357813
99.60000000000001,0.027098473825197218,0.20384548985533515,0.032001731154854385,0.015451279659068007,1.3465309363408189,0.1682643473058236,1.1004360612737665,1.2247237708213845,0.1224765972325332,0.19865759742576508,0.8914544429746142,1.0192274492766757,1.3465309363408189,1.5174523373126032,9.049039616266064e-05,0.06145180349113708,0.9839991344225728,0.00010341273015616678,0.8449655835559164,0.9528564231936485,0.015154685787602368,0.8848532337788464,0.9840318237174118,0.1227914027918159,0.9058747381166701,0.9919837787437801,0.16129032258064516,0.0967741935483871,0.0967741935483871,0.0967741935483871,0.0967741935483871,0.002317540236814658,-0.032001731154854385,0.20384548985533515,0.10296647686075834
99.80000000000001,0.03035987934405691,0.19890525148687058,0.0359328727817263,0.01649731115112011,1.3120001781053965,0.16941159125507702,1.1000041228600126,1.2237525211402893,0.12257380263472749,0.19801263403661606,0.8854175731939754,0.9945262574343529,1.3120001781053967,1.476730777425574,0.00012079356408517627,0.062260400902408954,0.9820335636091369,0.00010472212780541576,0.8445958916853312,0.9522233636487927,0.01687581486348806,0.8849443515566984,0.9838138507470644,0.12961500794117148,0.9066037542563687,0.9918739053645189,0.16129032258064516,0.0967741935483871,0.0967741935483871,0.0967741935483871,0.0967741935483871,0.00200186369638021,-0.0359328727817263,0.19890525148687058,0.09965560079818571
100.0,0.034014007466953884,0.19423597395720565,0.04036578243195699,0.017687736935641286,1.2791208915139958,0.17063505615031882,1.099635302936292,1.2228202856467743,0.1226672486224433,0.1973003341277829,0.8790690692999179,0.9711798697860282,1.2791208915139958,1.4377318146088987,0.00015936752325296317,0.06314389429776987,0.9798171087840215,0.0001065261043201885,0.8442582483278485,0.9516151181489971,0.018786259807160543,0.8850818377992818,0.9836043306353455,0.13679085990357887,0.9074088823281034,0.9917682813331694,0.16129032258064516,0.0967741935483871,0.0967741935483871,0.0967741935483871,0.0967741935483871,0.0016863207336812736,-0.04036578243195699,0.19423597395720565,0.09642073526339325
100.2,0.03814678237491577,0.18984669842251134,0.045423995227484415,0.019047727505046397,1.2479245490202868,0.17194189338308963,1.0993296678018474,1.2219140734320681,0.12275822274367085,0.19650050896695592,0.8723877412806971,0.9492334921125567,1.247924549020287,1.4004648032065865,0.00020800646498718726,0.06410226435381138,0.9772880023862578,0.00010901122874674448,0.843949573329629,0.9510232732797239,0.020908097955635724,0.8852770441894685,0.9834003742615884,0.14434291020996545,0.9083129420948896,0.9916654513062475,0.16129032258064516,0.0967741935483871,0.0967741935483871,0.0967741935483871,0.0967741935483871,0.0013694836408658373,-0.045423995227484415,0.18984669842251134,0.09325447095943282
100.4,0.04290442459534605,0.1857518119141506,0.05133761607798393,0.020613701386315172,1.2184626661512783,0.17333988010571935,1.0990880762784676,1.2209999178432067,0.12285013111627585,0.19556897369975296,0.8653519311800352,0.928759059570753,1.2184626661512783,1.3649483872042092,0.00026885907868049727,0.06511387162066624,0.974331191961008,0.00011243455975872108,0.8436635887352044,0.9504256620552753,0.02326582921068195,0.8855540760777268,0.9831943448514114,0.15229563931913712,0.9093658766581758,0.991561565274684,0.16129032258064516,0.0967741935483871,0.0967741935483871,0.0967741935483871,0.0967741935483871,0.001043387496148851,-0.05133761607798393,0.1857518119141506,0.09014579437758095
100.60000000000001,0.048649051385659274,0.1819779422512262,0.05879630193566454,0.02245514633081447,1.1908279346355064,0.17483663104106706,1.0989161431977652,1.2199356025653705,0.12295730994699142,0.19433427650061819,0.8579437793260084,0.909889711256131,1.1908279346355064,1.3312144210033618,0.0003446033895505136,0.06603242436750605,0.9706018490321677,0.00011714711964082875,0.8433771892659832,0.9497291538218824,0.025885057543651294,0.8860042088963314,0.982954111183899,0.160669234406523,0.9107614817436013,0.9914404187123516,0.16129032258064516,0.0967741935483871,0.0967741935483871,0.0967741935483871,0.0967741935483871,0.0006453429521058873,-0.05879630193566454,0.1819779422512262,0.08707377334776104
100.80000000000001,0.07415544888638045,0.17951333392568103,0.11791039579915674,0.028049391905255246,1.1664224245214392,0.17656289002807907,1.1022615934960294,1.2055046648350671,0.12442921572644637,0.17429228659091378,0.8495556454481759,0.897566669628405,1.1664224245214394,1.2993175851161816,0.000439035272255445,0.0614050504375902,0.9410448021004216,0.0001241927374646993,0.8523620599218374,0.9402068359433473,0.02902007288299835,0.9089892965001665,0.979657909710811,0.17015052447937362,0.9334153786339732,0.9897766916118819,0.3548387096774194,0.06451612903225806,0.06451612903225806,0.06451612903225806,0.06451612903225806,-0.015758179069000643,-0.11791039579915674,0.17951333392568103,0.08302852253414049
101.0,0.33722149061452605,0.1945709645019178,0.6722241393110022,0.09536747125712002,1.163245375390346,0.9473425142337335,1.1140125636371057,1.2001316813810046,0.12498628469452065,0.13566271141903471,0.1583376632487869,0.972854822509589,1.163245375390346,1.2694749569296049,0.000569511181740443,0.0977858329512448,0.6638879303444989,0.7418490542075841,0.8726532556731155,0.9366237649034689,0.9052558848776235,0.954871979349503,0.9784118477523834,0.9514492362372169,0.9770792272241211,0.9891470244470726,0.5483870967741935,0.0,0.0,0.0,0.0,-0.048631066270893974,-0.6722241393110022,0.1945709645019178,0.06130149444680329
101.2,0.5750099536567653,0.22945023138134688,0.6363379433147345,0.1301563146176952,1.2141917344150033,1.0474617366233596,1.1209517143786356,1.1893779314660482,0.12611634706817484,0.1341188548544095,0.1432033216636114,1.1472511569067343,1.2141917344150033,1.244396474818419,0.0009641045312808135,0.12281280154265982,0.6818310283426328,0.8255604785562892,0.8802067951394483,0.9293901471985909,0.9381006526588744,0.9581494810554883,0.9758865398865164,0.9685559115383666,0.9788242818612163,0.987869690379558,0.7096774193548387,0.0,0.0,0.0,0.0,-0.02551312060697259,-0.6363379433147345,0.22945023138134688,0.02327500352782419
101.4,0.7269020635847011,0.2679138391942967,0.6829667886312354,0.1303311423695685,1.2956782696197668,1.0805562017966281,1.1250112586506398,1.1734843310272176,0.12782445920577096,0.13345539673075138,0.1388173976981454,1.2370305175970728,1.2956782696197668,1.390338810492967,0.002145061845285219,0.1196194210031689,0.6585166056843823,0.8512402441238575,0.8838264734951217,0.9185447992435054,0.9477284427389828,0.9595866763340524,0.9720756804177724,0.9735134167427059,0.9795742030013898,0.9859389740975605,0.8709677419354839,0.0,0.0,0.0,0.0,-0.016008106486821327,-0.6829667886312354,0.2679138391942967,0.042176100866258115
101.60000000000001,0.8338928593100063,0.3083379380714572,0.751277834609227,0.11692931084855339,1.394696150876194,1.0951706819903786,1.127586094661996,1.1620150611436266,0.12908610655388036,0.13308978483578487,0.13696495209987533,1.2555950113038108,1.394696150876194,1.5858351149076089,0.0030398406460616445,0.10607388992846893,0.6243610826953865,0.8622845513282492,0.8859213336390479,0.9106021021241415,0.9518096170232441,0.9603860456250474,0.96926568739288,0.9756072762729869,0.9799874620743553,0.984512906672876,1.0,0.0,0.0,0.0,0.0,-0.010114729908387216,-0.751277834609227,0.3083379380714572,0.07737300915185169
101.80000000000001,0.9174379668974008,0.34990990276645545,0.8279057357225406,0.09937034100972855,1.5042784299590017,1.1000778484329021,1.1291654169285008,1.1561959882162673,0.12973579006394406,0.13288449610005937,0.1363539864143979,1.2966311186286896,1.5042784299590017,1.7888997608523796,0.0029208579111691243,0.08981928075973246,0.5860471321387297,0.8659532204176918,0.8871354153016416,0.9065344018728416,0.9531575755707178,0.9608376361931796,0.967820272140824,0.9762978640691449,0.9802195043951443,0.9837785552778966,1.0,0.0,0.0,0.0,0.0,-0.005876095743571223,-0.8279057357225406,0.34990990276645545,0.10986790377705043
102.0,0.9909153810532236,0.39229111811250605,0.9080996499065503,0.08200608101117872,1.6209961625771996,1.0983746590608587,1.1299967496530605,1.1544702088488503,0.1299297278095799,0.13278584974016935,0.13656542306634625,1.3545818887586112,1.6209961625771996,1.9948888552238606,0.0021645895707447893,0.07424681085630327,0.5459501750467248,0.864682136498464,0.8877391047875572,0.905323087420213,0.9526909801534739,0.9610561071130348,0.9673890086832515,0.9760588726249988,0.980331006520214,0.9835593432279665,1.0,0.0,0.0,0.0,0.0,-0.0025506896947268126,-0.9080996499065503,0.39229111811250605,0.13923964776615982
102.2,1.0617614092484582,0.43545440971619964,0.990091106895284,0.06652781821083506,1.743510456165287,1.091679279980909,1.1302202911548735,1.1553541342479374,0.12983032262886263,0.13277042875519257,0.13740299257362762,1.4254188972207125,1.7435104561652872,2.2046745926535647,0.0013239192025056217,0.06057977685298951,0.504954446552358,0.8596622279693923,0.8878598524773712,0.9059437929397895,0.9508437662498651,0.9610921738027448,0.9676100460742282,0.9751121496028857,0.980348437194772,0.9836717030647134,1.0,0.0,0.0,0.0,0.0,0.00025104182862470403,-0.990091106895284,0.43545440971619964,0.16670936949778653
102.4,1.1330591858776053,0.4794583471486276,1.073042853347972,0.05336616878097621,1.8714982324283134,1.0804459748834638,1.1299153035243272,1.1578323174554115,0.12955243841323902,0.13282825050774213,0.13883155982526466,1.5067949058648735,1.8714982324283136,2.4215851107553474,0.0006897419158425126,0.04904780073358078,0.46347857332601405,0.851156265691794,0.8875577983053963,0.9076808385815412,0.9476972755414972,0.9609678839786123,0.9682280834664941,0.9734974089825507,0.9802830800108706,0.9839858016345939,1.0,0.0,0.0,0.0,0.0,0.0027654596023965333,-1.073042853347972,0.4794583471486276,0.1940772731798879
102.60000000000001,1.2052671664437504,0.5242687195200227,1.156032612670642,0.04246007831600988,2.004961163265448,1.066156437022039,1.1291231567091444,1.16126375086585,0.12916962222247827,0.13295626744445216,0.14069229879526512,1.5974602551711192,2.004961163265448,2.641130102406187,0.00030953981497347966,0.03951913178162142,0.421983693664679,0.8401823572875348,0.8868567626002618,0.9100783559885149,0.9436067255935883,0.9606903775413842,0.9690798213960069,0.971394175273912,0.9801383796843306,0.9844185070971019,1.0,0.0,0.0,0.0,0.0,0.005142377360955602,-1.156032612670642,0.5242687195200227,0.21978097942183597
102.80000000000001,1.2773495864433628,0.5696650684387302,1.23765888924178,0.0335895930739279,2.143851211382377,1.0481387606074601,1.1278610236203097,1.165254428764703,0.12872725157459078,0.133155698621845,0.14311082238106135,1.6967436143810626,2.1438512113823776,2.862218170481124,0.00011951059198712164,0.03176525756123651,0.38117055537911,0.826095320356515,0.885758351694461,0.912855424595117,0.9383031956264495,0.9602576408690646,0.9700645300516086,0.9686604654882868,0.9799129582890629,0.9849185282571624,1.0,0.0,0.0,0.0,0.0,0.007478251386983395,-1.23765888924178,0.5696650684387302,0.2437359261067571
103.0,1.3475874664555565,0.6152345060500445,1.3161027654113444,0.026494494348062014,2.2879006516910083,1.0268637893440584,1.1261301717997947,1.169564882130361,0.12825282486831785,0.13343106401817859,0.14607584915991362,1.8042229154104146,2.2879006516910083,3.0829536444963566,3.934313627667453e-05,0.025548560833597533,0.34194861729432774,0.8090942209861377,0.8842483113470396,0.915841576554132,0.9318216461963676,0.9596606876991617,0.9711211506475631,0.9653090312630462,0.9796017067953827,0.9854547830768867,1.0,0.0,0.0,0.0,0.0,0.009838967285661249,-1.3161027654113444,0.6152345060500445,0.2656724476219625
103.2,1.413959023031072,0.6604156798048779,1.3893514631547463,0.020906964066061948,2.4365604542404804,1.0019583398157887,1.123920226091178,1.1740492986095372,0.12776294843636432,0.13379035397679304,0.14970682316749584,1.919536003704817,2.4365604542404804,3.3020783990243894,1.0917765826777169e-05,0.02064083827950009,0.30532426842262683,0.7886728212229895,0.8822978525816615,0.9189335114140952,0.9239149380382169,0.9588833751757613,0.9722127837356455,0.9612048624080585,0.9791955935445097,0.9860085010574114,0.7741935483870968,0.0,0.0,0.0,0.0,0.012278006922644288,-1.3893514631547463,0.6604156798048779,0.28572542836604503
103.4,1.4743557299316514,0.7045560505007193,1.4553781668172303,0.016568111011049443,2.588989125803726,0.9724846839892428,1.1212097478322893,1.178617056405441,0.1272678001601908,0.13424662556664319,0.1542440744513147,2.0422690222175413,2.588989125803726,3.5227802525035963,2.5339223029879185e-06,0.01683255445383046,0.27231091659138484,0.7637598107009931,0.8798595252387759,0.9220675561605183,0.9140821009026382,0.9578993237816341,0.9733167877237562,0.9560763086460605,0.9786798598475545,0.9865681779180634,0.7096774193548387,0.0,0.0,0.0,0.0,0.014856551964458176,-1.4553781668172303,0.7045560505007193,0.3059723209257848
103.60000000000001,1.5264934519979967,0.7469301012548706,1.5120641313986372,0.013243609831611604,2.7440490496350316,0.9364051309456473,1.1179615597983905,1.1832099506550289,0.12677378170878253,0.13482282299433213,0.16018707613073363,2.171886977147402,2.744049049635032,3.734650506274353,4.924519243470218e-07,0.013947767166169973,0.2439679343006814,0.7321233971495571,0.8768523848160583,0.9252033223962727,0.9012823964492255,0.9566624342501497,0.9744188970019747,0.9493588046521246,0.9780285713690064,0.9871265777132218,0.6774193548387096,0.0,0.0,0.0,0.0,0.017679864993591365,-1.5120641313986372,0.7469301012548706,0.32297112935290323
103.80000000000001,1.5668398443466678,0.7865952109101442,1.556163956301908,0.010742650334218394,2.900218651594043,0.8885853280750894,1.1141049901097504,1.1877905556770643,0.12628489028059076,0.13556773905533492,0.1688076488106546,2.3076898579651943,2.900218651594043,3.9329760545507204,8.13249468061091e-08,0.011879688496599539,0.22191802184904602,0.6881798954630308,0.873113404244895,0.928315289836056,0.8828763068880272,0.9550755821514811,0.9755101823751758,0.9396147839482561,0.9771865765514276,0.9876791823225813,0.6451612903225806,0.0,0.0,0.0,0.0,0.02101304072436329,-1.556163956301908,0.7865952109101442,0.33589248062767546
104.0,1.5829680159808657,0.8213483768236411,1.5762218104273686,0.008974736267293882,3.054958142365263,0.8093781488649335,1.109454603544569,1.1923382662219288,0.12580322568635957,0.13664260192850736,0.18532746431363262,2.448780305883522,3.054958142365263,4.106741884118206,1.1801454264370922e-08,0.010774062852455009,0.21188909478631565,0.610097554055078,0.8681543183240287,0.9313897822199085,0.8481349349279924,0.952823018784421,0.9765859336048354,0.920942077358816,0.9759716356792968,0.9882236182844102,0.6129032258064516,0.0,0.0,0.0,0.0,0.026051808752233188,-1.5762218104273686,0.8213483768236411,0.34264539283516804
104.2,0.8070356996379612,0.7655521233522048,0.8415092323638629,0.00942600648326577,3.163466534724131,0.153,1.2051298336454859,1.7707230824704303,0.08471115641115774,0.15030813651839342,0.9803921568627451,2.5939987343833955,3.1634665347241313,3.9486728262662987,1.638754501960579e-09,0.022823993885437786,0.5792453838180686,0.00010000011857921843,0.9012902266628898,1.0,0.0005912552900622074,0.9449219847167671,1.0,0.022263171355498768,0.9569523121794958,1.0,0.03225806451612903,0.03225806451612903,0.03225806451612903,0.03225806451612903,0.03225806451612903,1.24751891130027,-0.8415092323638629,0.7655521233522048,0.30495450228689014
104.4,0.5426460058076049,0.6816326061989856,0.5478718981164461,0.012667076450485907,3.1527226578079484,0.153,1.4125237364572503,2.2920160955997995,0.0654445665926907,0.1364976503115637,0.9803921568627451,2.740581852086548,3.1527226578079484,3.5691787835509823,5.961053294698375e-10,0.027932212152918915,0.726064050941777,0.00010000011857921843,0.9348629748098078,1.0,0.0005912552900622074,0.9565626750017431,1.0,0.022263171355498768,0.9628306864740245,1.0,0.03225806451612903,0.03225806451612903,0.03225806451612903,0.03225806451612903,0.03225806451612903,0.7833668251605111,-0.5478718981164461,0.6816326061989856,0.2045199546975677
104.60000000000001,0.3257827659828137,0.6174809399929029,0.3154609427043733,0.012169600078198088,3.109562410531594,0.153,1.5213857854899586,2.333010700282926,0.06429460438471601,0.12915802080293667,0.9803921568627451,2.869763874937431,3.109562410531594,3.313246051363289,6.401006717799572e-10,0.03113404590288593,0.8422695286478133,0.00010000011857921843,0.9515485636285096,1.0,0.0005912552900622074,0.9622727663324822,1.0,0.022263171355498768,0.9657046469298626,1.0,0.03225806451612903,0.03225806451612903,0.03225806451612903,0.03225806451612903,0.03225806451612903,0.4850609573533433,-0.3154609427043733,0.6174809399929029,0.13832686241709088
104.80000000000001,0.10409640273017663,0.5557181588558779,0.07315154718002215,0.008199285504014695,3.035556272573997,0.153,1.5638926654909198,2.1781278540906173,0.0688664807799476,0.12521170491489506,0.9803921568627451,2.7785907942793897,3.035556272573997,3.1371861011836777,7.081633245351212e-10,0.032892546278076876,0.9634242264099889,0.00010000011857921843,0.962325737103494,1.0,0.0005912552900622074,0.9659376152044353,1.0,0.022263171355498768,0.9675462733432684,1.0,0.03225806451612903,0.03225806451612903,0.03225806451612903,0.03225806451612903,0.03225806451612903,0.2224169745629798,-0.07315154718002215,0.5557181588558779,0.11058014478988733
105.0,0.006141869941240667,0.49896898606036244,0.0056402807601028115,0.005167872775408546,2.9363371432942706,0.153,1.5517227837534748,1.947626221021463,0.07701683124872398,0.12433753444274337,0.9803921568627451,2.494844930301812,2.9363371432942706,3.0407081026137135,5.23156716325305e-10,0.03231613617119861,0.9971798596199486,0.00010000011857921843,0.9677451612941477,1.0,0.0005912552900622074,0.9677610082351633,1.0,0.022263171355498768,0.9684601023017902,1.0,0.03225806451612903,0.03225806451612903,0.03225806451612903,0.03225806451612903,0.03225806451612903,-0.003215991889826769,-0.0056402807601028115,0.49896898606036244,0.11920984471539141
105.2,0.005275662632205681,0.46192566524949163,0.0053380719640856444,0.005162314554041153,2.8415838211787734,0.153,1.506309619193132,1.7425042742484136,0.08608300261685085,0.1261725016274927,0.9803921568627451,2.309628326247458,2.8415838211787734,3.0189389903610753,1.06833328261329e-10,0.03234263799910342,0.9973309640179572,0.00010000011857921843,0.9640575815970143,1.0,0.0005912552900622074,0.9664817490600442,1.0,0.022263171355498768,0.9678140016533826,1.0,0.06451612903225806,0.03225806451612903,0.03225806451612903,0.03225806451612903,0.03225806451612903,-0.13753149922697075,-0.0053380719640856444,0.46192566524949163,0.14659087058348094
105.4,0.005037894939679058,0.4351959368843373,0.005076311648120946,0.005170397587330453,2.75302902765518,0.153,1.4436919980631893,1.6058102669882215,0.0934107864943052,0.13034112833061406,0.9803921568627451,2.1759796844216863,2.75302902765518,2.9949655740681593,1.8024381153417582e-10,0.03238307659383697,0.9974618441759395,0.00010000011857921843,0.9573966703914825,1.0,0.0005912552900622074,0.9639817764486581,1.0,0.022263171355498768,0.9665255826751901,1.0,0.06451612903225806,0.03225806451612903,0.03225806451612903,0.03225806451612903,0.03225806451612903,-0.22785050827968853,-0.005076311648120946,0.4351959368843373,0.16925708386027113
105.60000000000001,0.004739143218403039,0.41433376586816717,0.004802179232691994,0.005179705090802574,2.669130766406504,0.153,1.3710348777850916,1.5230048590438712,0.09848950849320905,0.13683040259145576,0.9803921568627451,2.071668829340836,2.6691307664065045,2.9483401516270287,4.1523915609567523e-10,0.032435367310335854,0.997598910383654,0.00010000011857921843,0.9409521496542363,1.0,0.0005912552900622074,0.9575675503956874,1.0,0.022263171355498768,0.9631808974396103,1.0,0.12903225806451613,0.03225806451612903,0.03225806451612903,0.03225806451612903,0.03225806451612903,-0.2926919535280096,-0.004802179232691994,0.41433376586816717,0.1811787399391465
105.80000000000001,0.004312439840395406,0.39712292776115293,0.004414336125352136,0.005195744586941145,2.5889437454278963,0.153,1.292823303463559,1.4848108172027377,0.10102297091462989,0.14707084004463436,0.9803921568627451,1.9856146388057645,2.5889437454278963,2.8878930705966996,9.568478506295477e-10,0.03252313357960663,0.9977928319373239,0.00010000011857921843,0.9080248255337395,1.0,0.0005912552900622074,0.9424633212138227,1.0,0.022263171355498768,0.9548841462154295,1.0,0.1935483870967742,0.06451612903225806,0.06451612903225806,0.03225806451612903,0.03225806451612903,-0.32582269452605594,-0.004414336125352136,0.39712292776115293,0.18647087590345993
106.0,0.0003322879780813608,0.3820157200395527,0.00012758284920222351,0.005048830764901023,2.511376240843898,0.153,1.2564966071402457,1.47503633359499,0.1016924102706113,0.17053603423297622,0.9803921568627451,1.9100786001977634,2.511376240843898,2.8196039272278375,2.0926921722892737e-09,0.032902382338583606,0.9999362085753989,0.00010000011857921843,0.900312633515741,1.0,0.0005912552900622074,0.9225642676093557,1.0,0.022263171355498768,0.9304911425670281,1.0,0.1935483870967742,0.06451612903225806,0.06451612903225806,0.06451612903225806,0.06451612903225806,-0.3345681177764681,-0.00012758284920222351,0.3820157200395527,0.18796856758621536
106.2,0.00019764555073869497,0.3685839517816525,0.0001443772284330791,0.005029560555344316,2.4363874248576662,0.153,1.2174596753113873,1.4532966261462976,0.10321361606525885,0.1745350971025317,0.9803921568627451,1.8429197589082622,2.4363874248576662,2.747214779677159,6.347481202862879e-10,0.03281192449197807,0.9999278113857835,0.00010000011857921843,0.8861683695031425,1.0,0.0005912552900622074,0.9171422703537385,1.0,0.022263171355498768,0.9277133779126482,1.0,0.25806451612903225,0.0967741935483871,0.0967741935483871,0.06451612903225806,0.06451612903225806,-0.39915272007013936,-0.0001443772284330791,0.3685839517816525,0.186887637625572
106.4,0.0001782418713725807,0.35636936579000283,0.00014352559223285155,0.005021086131994433,2.3639463320815044,0.153,1.172247118080059,1.4247591125827854,0.10528095498759919,0.17986882214409838,0.9803921568627451,1.781846828950014,2.363946332081505,2.672986411014512,4.37265968153588e-10,0.03275802144924501,0.9999282372038836,0.00010000011857921843,0.865030535740965,1.0,0.0005912552900622074,0.9086758119187518,1.0,0.022263171355498768,0.9232888433039296,1.0,0.3225806451612903,0.0967741935483871,0.0967741935483871,0.06451612903225806,0.06451612903225806,-0.4578810774404818,-0.00014352559223285155,0.35636936579000283,0.1841688469599963
106.60000000000001,0.0001602659548554622,0.34501942181990947,0.00010357297404883781,0.005014502523743611,2.2938537292012855,0.153,1.1214445455168285,1.3920543028192043,0.1077544171202361,0.18812703951170914,0.9803921568627451,1.7250971090995473,2.2938537292012855,2.5984074036847997,7.805612228279631e-10,0.0327163630708184,0.9999482135129756,0.00010000011857921843,0.8357461100080353,1.0,0.0005912552900622074,0.8945870735647673,1.0,0.022263171355498768,0.9154322871550398,1.0,0.3870967741935484,0.0967741935483871,0.0967741935483871,0.06451612903225806,0.06451612903225806,-0.5124485142048654,-0.00010357297404883781,0.34501942181990947,0.18048412754761886
106.80000000000001,0.0005526291860470985,0.3343229770256459,0.008554902844161605,0.0068156299103759475,2.2259741518671605,0.15586122911085862,1.113086662540382,1.3554276073718095,0.11066618326511131,0.20587885865435446,0.9623945663440795,1.6716148851282293,2.2259741518671605,2.5244290063347057,1.3863783018770275e-09,0.043406052091601754,0.9957225485779192,0.00010000590110371109,0.8433623002342053,1.0,0.0019069610645444173,0.8820921900750409,1.0,0.04260623917071426,0.8966247676531145,1.0,0.4193548387096774,0.0967741935483871,0.0967741935483871,0.0967741935483871,0.0967741935483871,-0.0014527264743641466,-0.008554902844161605,0.3343229770256459,0.17624825171600514
107.0,0.001844709229208387,0.3242130675623878,0.006046444289590669,0.007969715201305,2.160366188409459,0.15633587772666424,1.1130968439266153,1.3181128877419506,0.11379905423500099,0.20502487479491796,0.9594726570842439,1.621065337811939,2.160366188409459,2.4516331244326213,9.251412764119665e-09,0.05001629965653186,0.9969767778552047,0.000100009245245051,0.8506778347431861,1.0,0.002198668550901739,0.8849742101515125,1.0,0.045908936726872955,0.8984497946988244,1.0,0.3225806451612903,0.0967741935483871,0.0967741935483871,0.0967741935483871,0.0967741935483871,0.0011034884561658131,-0.006046444289590669,0.3242130675623878,0.17165067590160765
107.2,0.0031200504212821503,0.3146047555760203,0.005333128224752404,0.00859429974913137,2.096992037053831,0.15681629376803186,1.112710903682814,1.287220309465522,0.11653016884287883,0.2045084122735549,0.9565332555422158,1.5730237778801015,2.0969920370538313,2.3803978870327107,5.522015705359464e-08,0.05312294130628585,0.9973334358876238,0.00010001407253455121,0.8527617870685187,0.9922560445800169,0.0025141364878418795,0.8858938292838573,0.9974119888341818,0.049231406189860834,0.8992614349025864,0.9987051560227888,0.1935483870967742,0.0967741935483871,0.0967741935483871,0.0967741935483871,0.0967741935483871,0.0026409494372518494,-0.005333128224752404,0.3146047555760203,0.16685731589153924
107.4,0.0041301889952176365,0.3054054538020388,0.0053243199573156375,0.00892061033724367,2.0357266545037747,0.15731169369977038,1.1120763581738151,1.2642546346516252,0.11864698446712328,0.20414027345404315,0.9535209778255597,1.527027269010194,2.0357266545037747,2.310977954480874,1.5801753592721254e-07,0.054357987881836774,0.9973378400213422,0.00010002103640565129,0.8528023726656797,0.9780778277463017,0.0028603335109699726,0.8860369046862737,0.9926385458229965,0.052636249177295445,0.8996775502132983,0.9963124733049743,0.16129032258064516,0.0967741935483871,0.0967741935483871,0.0967741935483871,0.0967741935483871,0.0036331364485771983,-0.0053243199573156375,0.3054054538020388,0.16201647499727392
107.60000000000001,0.004939100175974197,0.2965485676787749,0.005799907360191758,0.009117673806680809,1.97644563884637,0.15782754677487612,1.1112815436668002,1.247806137758202,0.12021098106592804,0.20383980580983171,0.9504044323387901,1.4827428383938746,1.97644563884637,2.243511357997414,3.3523345057919773e-07,0.05479500819222032,0.9971000463199041,0.00010003105180376677,0.8524938409765561,0.9677111458519123,0.003242919975600436,0.8860197529952261,0.9891190716757481,0.0561589482919799,0.9000171753234558,0.9945446539494194,0.16129032258064516,0.0967741935483871,0.0967741935483871,0.0967741935483871,0.0967741935483871,0.004265228206017102,-0.005799907360191758,0.2965485676787749,0.1572254940513982
107.80000000000001,0.0056891435065978165,0.28799713811235483,0.006573957612742154,0.009288475107493607,1.9190587206566874,0.15836762612718447,1.1103874219040286,1.2361586230328816,0.12134365056806308,0.20356700693365573,0.9471632786838362,1.439985690561774,1.9190587206566874,2.178046376296954,6.138566283202985e-07,0.05502196172655393,0.9967130211936289,0.00010004539884486924,0.8520002151727302,0.9602607539053444,0.003667133089849317,0.8859214704656038,0.9865741191843788,0.05982249472803638,0.9003255258236078,0.9932643729879059,0.16129032258064516,0.0967741935483871,0.0967741935483871,0.0967741935483871,0.0967741935483871,0.00463951953179681,-0.006573957612742154,0.28799713811235483,0.15253254171860392
108.0,0.0064871796389818475,0.2797335356278529,0.00753877978407691,0.009480864886862913,1.8635065816220675,0.15893476693931433,1.109438324865954,1.2289504339664254,0.12205537005742084,0.20330058017341449,0.9437834332199583,1.3986676781392644,1.8635065816220675,2.114578554683804,1.042497021108272e-06,0.05527529857089693,0.9962306101079615,0.00010006585906412261,0.8514099177089871,0.9556037606273949,0.004138092198110893,0.885783712721875,0.9849766607329999,0.06364280753075899,0.9006266737825946,0.9924599009769222,0.16129032258064516,0.0967741935483871,0.0967741935483871,0.0967741935483871,0.0967741935483871,0.004824375713771659,-0.00753877978407691,0.2797335356278529,0.14795491448587153
108.2,0.007392006623804568,0.2717495808640108,0.00865115226202584,0.009711672174590116,1.809748738086188,0.1595313520643454,1.1084669647703955,1.231260685426577,0.12182635389517993,0.20302843932605055,0.9402540507492155,1.3587479043200539,1.809748738086188,2.053080065657469,1.6996824781958757e-06,0.055610589739620124,0.9956744238689871,0.0001000949031076725,0.8507729960190131,0.9571002232805141,0.004661046748517424,0.8856296276035855,0.985490547562963,0.0676321452631454,0.9009342804984753,0.9927187629237152,0.16129032258064516,0.0967741935483871,0.0967741935483871,0.0967741935483871,0.0967741935483871,0.004869184846749253,-0.00865115226202584,0.2717495808640108,0.14349531334306578
108.4,0.008430346461700336,0.2640407477814239,0.009904368343172765,0.009984932563909704,1.757754152894101,0.16015962083818316,1.107497514559594,1.2323267168527163,0.12172096729598658,0.20274317499107902,0.9365656537833096,1.3202037389071195,1.757754152894101,1.9935163347420577,2.7008773297732387e-06,0.05601627447430898,0.9950478158284136,0.00010013594913517936,0.8501191868321983,0.9577895078820436,0.005241579184306624,0.8854728532781314,0.9857270684157666,0.07180122053625164,0.9012567209776923,0.9928378836877966,0.16129032258064516,0.0967741935483871,0.0967741935483871,0.0967741935483871,0.0967741935483871,0.004810530541508817,-0.009904368343172765,0.2640407477814239,0.13915126980588724
108.60000000000001,0.009613577036995377,0.25660357201512074,0.011307417222431893,0.010301578607501582,1.707496142812711,0.160821849468112,1.1065478072067492,1.2325503257806336,0.12169888471287998,0.20243980034325024,0.9327090845932736,1.2830178600756037,1.707496142812711,1.9358532518310874,4.2059861581430664e-06,0.056468377900715266,0.994346291388784,0.00010019371723353247,0.8494670053024176,0.9579339921750711,0.005885760670950495,0.885321974260903,0.9857766323116613,0.07616038453020994,0.9015996319372342,0.9928628441115381,0.16129032258064516,0.0967741935483871,0.0967741935483871,0.0967741935483871,0.0967741935483871,0.004675680396037635,-0.011307417222431893,0.25660357201512074,0.1349193142961333
108.80000000000001,0.01094828942215108,0.24943482891089241,0.012874628450852077,0.010663302864447584,1.6589503621240411,0.1615204504891045,1.1056309459874232,1.2321978326925045,0.1217336989403978,0.2021145983465385,0.9286749730190876,1.247174144554462,1.6589503621240411,1.8800593739535236,6.4285099177845785e-06,0.05694928453945045,0.993562685774574,0.00010027471432592104,0.8488284446477938,0.9577062141682116,0.006600271277064676,0.8851827921040213,0.9856984930725409,0.08072022854059005,0.9019672148237261,0.9928234928333436,0.16129032258064516,0.0967741935483871,0.0967741935483871,0.0967741935483871,0.0967741935483871,0.0044849741884414596,-0.012874628450852077,0.24943482891089241,0.13079628074247276
109.0,0.012441568676721191,0.24253146692027855,0.014622233880346114,0.011073566690409362,1.6120944046930543,0.16225803069659397,1.1047565145520173,1.23148623571188,0.12180404104418603,0.20176450430331536,0.9244534730024226,1.2126573346013927,1.6120944046930543,1.8261061592182746,9.646667262963081e-06,0.05745050033669001,0.9926888830598269,0.00010038789721667315,0.8482115013319844,0.9572461267239059,0.007392502724401068,0.8850595283149498,0.9855406222876602,0.085491881781166,0.9023629337315213,0.9927439836242555,0.16129032258064516,0.0967741935483871,0.0967741935483871,0.0967741935483871,0.0967741935483871,0.004253586192375897,-0.014622233880346114,0.24253146692027855,0.12677942375415563
109.2,0.014102941462100041,0.23589077342559484,0.01656797172350477,0.011537572474431075,1.5669080938695856,0.16303743328644552,1.1039314540631862,1.230562506382522,0.12189547399827269,0.20138675002808648,0.920034111040379,1.1794538671279742,1.5669080938695856,1.77396773397036,1.4216624541111048e-05,0.05797064712674039,0.9917160141382476,0.0001005455797687183,0.8476215716534601,0.9566483654526253,0.008270659858804536,0.8849554894131866,0.9853354356073898,0.09048718267995003,0.902789917600862,0.9926406349685786,0.16129032258064516,0.0967741935483871,0.0967741935483871,0.0967741935483871,0.0967741935483871,0.003992850882310273,-0.01656797172350477,0.23589077342559484,0.1228661991474264
109.4,0.015945095949801476,0.22951055542426838,0.018731653472990883,0.012062057274542261,1.5233739562193385,0.1638617805527777,1.1031607443982627,1.2295253166701365,0.1219983012681981,0.20097862194804697,0.9154056516045668,1.1475527771213418,1.5233739562193385,1.7236207813912423,2.058725307244609e-05,0.05851304916041638,0.9906341732635046,0.0001007646764887594,0.8470622880573281,0.9559764832549732,0.00924387522912523,0.8848734744982948,0.9851047042186756,0.095718830998932,0.9032512336420804,0.9925244070700064,0.16129032258064516,0.0967741935483871,0.0967741935483871,0.0967741935483871,0.0967741935483871,0.0037112704177585804,-0.018731653472990883,0.22951055542426838,0.11905405421577943
109.60000000000001,0.017984130814819203,0.22338930284840597,0.02113606162731041,0.012655123216708242,1.4814777662586378,0.16473452080523784,1.1024478907728947,1.2284400408494789,0.12210608170690485,0.2005372661667531,0.9105559615967914,1.1169465142420298,1.4814777662586378,1.675044613387107,2.9316154514547372e-05,0.059083889305060464,0.9894319691863448,0.00010106841022704613,0.8465360184865979,0.9552726588230233,0.010322341633302963,0.8848160455007549,0.9848628875499251,0.10120054104276412,0.9037501076763675,0.9924025804970832,0.16129032258064516,0.0967741935483871,0.0967741935483871,0.0967741935483871,0.0967741935483871,0.00341526780100454,-0.02113606162731041,0.22338930284840597,0.11534027382331598
109.80000000000001,0.020239924953421543,0.2175263253328873,0.02380791270644189,0.01332621310401814,1.4412091137724847,0.16565948268245811,1.1017952662967954,1.2273488164101547,0.12221464509065293,0.2000594904978304,0.9054718605365033,1.0876316266644364,1.441209113772485,1.628221451281541,4.108707745007622e-05,0.05969112791971284,0.988096043646779,0.00010148866267782619,0.8460441661124694,0.9545641582608467,0.011517468244265219,0.8847857358820863,0.984619344272873,0.10694721099514387,0.9042901479013785,0.9922798689443592,0.16129032258064516,0.0967741935483871,0.0967741935483871,0.0967741935483871,0.0967741935483871,0.0031097027581749037,-0.02380791270644189,0.2175263253328873,0.11172189708753495
110.0,0.02273690168700646,0.21192189995102698,0.02677921824906604,0.014086205578566385,1.4025620447447082,0.16664093940775657,1.101204395045989,1.2262778482767038,0.12232138108895628,0.1995415104078846,0.9001389486467214,1.0596094997551349,1.4025620447447082,1.583136822733697,5.6728070211246135e-05,0.06034372271336203,0.986610390875467,0.00010206921893784858,0.8455873741647975,0.9538680104852895,0.012842066297903406,0.8847852617905729,0.9843799297837894,0.11297511723703155,0.9048756320574809,0.9921592229251291,0.16129032258064516,0.0967741935483871,0.0967741935483871,0.0967741935483871,0.0967741935483871,0.0027982645323881006,-0.02677921824906604,0.21192189995102698,0.10819564674890285
110.2,0.025505244496704306,0.20657746020757997,0.030089323510578136,0.01494764005491418,1.3655358737620156,0.16768368041631793,1.1006761598337573,1.22524215728096,0.12242477873343656,0.1989785711763092,0.8945414343696796,1.0328873010378998,1.3655358737620156,1.5397800560564046,7.723127688921907e-05,0.06105104828484807,0.9849553382447109,0.00010287025710452236,0.8451656359533019,0.9531940394670172,0.014310563920217633,0.8848177755265308,0.9841480311610812,0.11930210930946487,0.9055119345087402,0.9920423503197981,0.16129032258064516,0.0967741935483871,0.0967741935483871,0.0967741935483871,0.0967741935483871,0.0024837434393772395,-0.030089323510578136,0.20657746020757997,0.10475783603715766
110.4,0.02858298939299197,0.20149585657674574,0.03378819853967974,0.01592513565705975,1.3301362668727303,0.16879308838364637,1.1002109675012948,1.2242485172777413,0.12252414267451384,0.19836431897234222,0.8886619792101206,1.0074792828837287,1.3301362668727303,1.4981449084386986,0.00010377554132673122,0.061822295900156525,0.9831059007301601,0.00010397457430614403,0.8447783251759324,0.9525467351128315,0.015939248987436882,0.8848872419162322,0.983925205008561,0.125947785290557,0.9062062371281926,0.9919300370971128,0.16129032258064516,0.0967741935483871,0.0967741935483871,0.0967741935483871,0.0967741935483871,0.0021681221990003524,-0.03378819853967974,0.20149585657674574,0.10140422928136045
110.60000000000001,0.032019908825180216,0.19668176582067481,0.037942597254388755,0.01703615211388634,1.296376841771847,0.16997521246683214,1.0998089072984778,1.2232967995802912,0.12261946573510571,0.19768958255198832,0.88248161495471,0.983408829103374,1.296376841771847,1.4582303875255274,0.00013775306904028237,0.06266543191111613,0.9810287013728056,0.00010549622531640406,0.8444241245188533,0.9519260993409131,0.017746526053311482,0.8849991192196688,0.9837114643455769,0.13293358536419225,0.9069689063723018,0.9918222913694853,0.16129032258064516,0.0967741935483871,0.0967741935483871,0.0967741935483871,0.0967741935483871,0.0018525232050920631,-0.037942597254388755,0.19668176582067481,0.09812978874057834
110.80000000000001,0.03588521649293427,0.19214238500831854,0.042649160322718815,0.01830243490002242,1.2642817210813166,0.17123682204646334,1.0994699637159486,1.222379470444388,0.12271148495766906,0.19693959605274786,0.8759798167668578,0.9607119250415926,1.2642817210813166,1.4200418428076889,0.00018080456881812982,0.06358472207493539,0.9786754198386406,0.00010759248341724786,0.8441007496032941,0.9513272941535209,0.019753157274199896,0.8851618558414898,0.9835051538284489,0.1402827091993605,0.9078166324164474,0.9917182800418042,0.16129032258064516,0.0967741935483871,0.0967741935483871,0.0967741935483871,0.0967741935483871,0.0015367571137410996,-0.042649160322718815,0.19214238500831854,0.09492818300499323
111.0,0.040286349241958376,0.18788886255550843,0.048067793199054076,0.01975333946634485,1.23389047838526,0.17258537980588887,1.0991944222539456,1.2214764856630633,0.1228022002556802,0.196086346135608,0.8691350343158197,0.9394443127775421,1.2338904783852602,1.3835926467109232,0.00023487739607847236,0.06457345182408096,0.975966103400473,0.00011048021069518234,0.8438040481705853,0.9507372814361236,0.021982371333474093,0.8853909769160478,0.9833017879397405,0.1480195156033873,0.908781079346702,0.9916157425683904,0.16129032258064516,0.0967741935483871,0.0967741935483871,0.0967741935483871,0.0967741935483871,0.0012174187025913302,-0.048067793199054076,0.18788886255550843,0.09179065567956543
111.2,0.04543028178159837,0.18393977424054236,0.05454757270206523,0.021435488536269236,1.2052693253562734,0.1740288680100582,1.0989842825204639,1.2205284960946912,0.12289758123628658,0.1950558489497613,0.8619259650147846,0.9196988712027118,1.2052693253562736,1.34890696277039,0.000302335642600112,0.06558112079116211,0.9727262136489674,0.0001144577842484881,0.8435238677984414,0.9501172520305596,0.024459682609816468,0.8857263441033169,0.9830879851868412,0.15616808335324517,0.9099458727179772,0.9915079313725115,0.16129032258064516,0.0967741935483871,0.0967741935483871,0.0967741935483871,0.0967741935483871,0.0008764742870006198,-0.05454757270206523,0.18393977424054236,0.0887030055906535
111.4,0.05445143899723298,0.1803389372306966,0.09772002029562965,0.023522627936412185,1.1785651979190488,0.16785912513993842,1.0991245675858112,1.2198249664537082,0.1229684619721156,0.18263434925436045,0.8936064683701295,0.9016946861534829,1.1785651979190488,1.316025400425336,0.0003862456931188853,0.06444278370291724,0.9511399898521852,0.00010302636280556626,0.842856600123393,0.9496567061406723,0.014563654614895347,0.8996573474112465,0.982929116405014,0.12035892170410419,0.9239861638562908,0.9914278133359183,0.16129032258064516,0.0967741935483871,0.0967741935483871,0.06451612903225806,0.06451612903225806,-0.1041522814734798,-0.09772002029562965,0.1803389372306966,0.08562834761618297
111.60000000000001,0.11719170995321206,0.17973838577265305,0.9738030786207805,0.03898814389982213,1.157564064364509,0.4585326923259787,1.1060807654186193,1.20239305220489,0.12475121984856556,0.14201164794503113,0.3271304369577261,0.8986919288632652,1.157564064364509,1.2850265982890812,0.0004919246824438265,0.05184793556704072,0.5130984606896097,0.1937488587530649,0.8560986066172885,0.938134312998627,0.5786079873385597,0.9429009152998586,0.9789375483420952,0.7606590947058788,0.9699028862484282,0.989412723352561,0.3870967741935484,0.06451612903225806,0.06451612903225806,0.0,0.0,-0.17292292394512726,-0.9738030786207805,0.17973838577265305,0.07984249834800197
111.80000000000001,0.46394829554216704,0.21029154680939693,0.6345501096824748,0.11831597413244935,1.182092701938796,1.0115733691795636,1.1178014605040398,1.1963763141711885,0.1253786105786583,0.13473076898771616,0.1482838561889559,1.0514577340469846,1.1820927019387961,1.2566081836711027,0.0006785280051757897,0.11507641644329095,0.6827249451587626,0.7966240896726742,0.8770619903206396,0.9341071581011438,0.9270095368061043,0.9568385665227545,0.9775347620364165,0.9628132729179669,0.9781326220138584,0.9887035699714082,0.6451612903225806,0.0,0.0,0.0,0.0,-0.034271841428185075,-0.6345501096824748,0.21029154680939693,0.04239775958898441
112.0,0.6536122963139149,0.24715616728118112,0.653870803431174,0.13284521835620583,1.2495522799213137,1.0665496053355383,1.1230766680221225,1.1817573437715823,0.1269296110496547,0.13375629359867605,0.1406404345842027,1.2295942219877842,1.2495522799213137,1.2921266043452386,0.001452666708917349,0.12336453526397051,0.673064598284413,0.8404866262946252,0.8821562456853115,0.9242132425765502,0.9437206212531265,0.9589327445529634,0.9740711888792717,0.9714527985191587,0.9792340927303383,0.9869504404216394,0.7741935483870968,0.0,0.0,0.0,0.0,-0.020365618857104646,-0.653870803431174,0.24715616728118112,0.026271990435133175
112.2,0.7810868773742763,0.28667406870209533,0.7134157649436514,0.12500903048988835,1.3404202342177949,1.0888945309107638,1.1263522644596444,1.1673352059166955,0.12849779501185063,0.13325992327722555,0.1377543882735257,1.2425689096150285,1.3404202342177949,1.4814275792458522,0.0026801179091067184,0.11396141386734683,0.6432921175281743,0.8575634099314402,0.8849363045917342,0.9142986626432901,0.9500693160261585,0.9600133151940285,0.9705754929723184,0.9747149594042541,0.979795150895333,0.9851778879982136,1.0,0.0,0.0,0.0,0.0,-0.012966669328787712,-0.7134157649436514,0.28667406870209533,0.05929595377568122
112.4,0.8749860251736091,0.32770513948489555,0.7865414957594719,0.10886969827487201,1.4450007888144416,1.0985219736967202,1.128419865195266,1.158653807352907,0.12946058524823237,0.1329793151811395,0.13654710929015243,1.272382123359587,1.4450007888144416,1.680005922098378,0.003101691527630946,0.0985193589246519,0.6067292521202641,0.8647921710312207,0.8865701454578239,0.9082556199120666,0.9527313902169439,0.960628728187225,0.968432415868398,0.9760795730843562,0.9801123283265148,0.9840896252638089,1.0,0.0,0.0,0.0,0.0,-0.007981511285694479,-0.7865414957594719,0.32770513948489555,0.09281483150528964
112.60000000000001,0.9525417719802521,0.36967391293329194,0.8651826806550498,0.09106385484903382,1.5581962090104053,1.1000467367028441,1.12962622438307,1.1549652534764638,0.1298740369448324,0.13282820638846426,0.13635784280365493,1.3219678143228548,1.5581962090104053,1.88526602212695,0.0026080949056258873,0.08232936547444378,0.5674086596724751,0.8659300232068159,0.8874760929730777,0.9056707884676475,0.953149064322516,0.9609620250138908,0.9675128397968672,0.9762935051085332,0.9802831298798496,0.9836222918230616,1.0,0.0,0.0,0.0,0.0,-0.004233951669926156,-0.8651826806550498,0.36967391293329194,0.1240402308213477
112.80000000000001,1.0241656428674168,0.4124138975404019,0.9463488214174112,0.07447441043873727,1.677713242105075,1.0956859354371948,1.1301599614252875,1.1546186664939706,0.12991302180786568,0.13277040121205352,0.13690054343916333,1.3863445974631752,1.6777132421050753,2.0918311578515394,0.0017563640977697756,0.06757846531576996,0.5268255892912944,0.8626706944938528,0.8878429367260803,0.9054273781990253,0.9519516752845596,0.9610909947143437,0.9674261543885841,0.9756800787823782,0.9803484683273812,0.983578226384878,1.0,0.0,0.0,0.0,0.0,-0.0011908454893230364,-0.9463488214174112,0.4124138975404019,0.1519513009778314
113.0,1.0950355718288287,0.45596597819622453,1.0288787999891107,0.060069969519234816,1.802800244136877,1.0868225533421134,1.1301289306435849,1.1563504666116728,0.1297184584873551,0.13279000068858246,0.13801701072427278,1.4623311520625695,1.802800244136877,2.3059458350932687,0.0009940487592015783,0.05491489760504723,0.4855606000054446,0.8559976072972288,0.8877609299373566,0.9066427187674408,0.9494907215450601,0.9610503435538533,0.9678588174120939,0.9744181115389909,0.9803263146129846,0.9837981455356886,1.0,0.0,0.0,0.0,0.0,0.0014531325349088492,-1.0288787999891107,0.45596597819622453,0.1797443296095214
113.2,1.1668165809669897,0.5003614062635883,1.111993731644878,0.047987225315397265,1.9333492513239348,1.074101611021018,1.1295924818384981,1.1593379053442916,0.12938419360613773,0.13288076947052077,0.1396515920476213,1.5481703035276992,1.9333492513239348,2.5241657088965077,0.00048266684648627824,0.04434749980516307,0.444003134177561,0.8463054078710531,0.8872706960757308,0.9087338800755786,0.9458934697059563,0.9608540707637182,0.9686023696871648,0.9725705087348334,0.9802237166855253,0.9841759723975564,1.0,0.0,0.0,0.0,0.0,0.0038883355131837105,-1.111993731644878,0.5003614062635883,0.20632651047579076
113.4,1.2391438537099841,0.5454859051044155,1.1945468555401357,0.03806589629205988,2.069371332041594,1.0581206942402768,1.1285793127907306,1.1630696698586502,0.12896905824930482,0.1330418635028071,0.14176076587151426,1.6429362031065298,2.069371332041594,2.7446215449277944,0.00020201821693479718,0.03568004670445763,0.40272657222993213,0.8339344340381086,0.8863844682436555,0.9113365619295276,0.9412618632598589,0.9605045790427201,0.9695262110206827,0.9701864637100823,0.9800416285987877,0.9846452089160663,1.0,0.0,0.0,0.0,0.0,0.0062363652507970435,-1.1945468555401357,0.5454859051044155,0.23123465465357615
113.60000000000001,1.3106023106056661,0.5910245878058067,1.2749243463548234,0.03006070131935195,2.210727594491012,1.0385780047846715,1.1270983806225219,1.1672335236417828,0.12850898895706678,0.1332760961550325,0.14442824641862073,1.746105081030656,2.2107275944910123,2.9658187101414075,7.249032067372165e-05,0.028675703716838148,0.3625378268225882,0.8185049893975995,0.8850959633398137,0.914228210765475,0.9354205328001215,0.9599964684665746,0.9705505627319305,0.9671713524589804,0.9797768703399636,0.9851652352385893,1.0,0.0,0.0,0.0,0.0,0.00857688002605285,-1.2749243463548234,0.5910245878058067,0.25428460937944597
113.80000000000001,1.379287829744252,0.6364884659425882,1.351187524740768,0.023705121374204056,2.357022529336403,1.0156789467211982,1.125145185406744,1.1716398816952318,0.1280256863422631,0.13358952289665452,0.14768446317040249,1.8573006277124562,2.357022529336403,3.1855668033581552,2.2057074772831714e-05,0.023099802389906218,0.3244062376296159,0.7999933230555071,0.8833842378380408,0.9172741184696104,0.9283146162138683,0.9593175651967711,0.97162722638328,0.9634907798771207,0.9794225972802832,0.9857115226906805,0.8709677419354839,0.0,0.0,0.0,0.0,0.010967776244835636,-1.351187524740768,0.6364884659425882,0.2751540675201221
114.0,1.443125065344472,0.6812667548114594,1.4213025219456,0.01873378272104015,2.5075697432436486,0.9887952890443303,1.1227043390891949,1.1761725495552986,0.12753230812665522,0.1339921854490603,0.15169975187176998,1.9761473260769413,2.5075697432436486,3.4063337740572965,5.631549382923502e-06,0.018731710756312074,0.2893487390272001,0.7776479922603363,0.8812127067223458,0.9203922445862467,0.9195895129657538,0.9584475615082945,0.9727269513833924,0.9589522117690803,0.9789674590437653,0.9862691988133954,0.7419354838709677,0.0,0.0,0.0,0.0,0.01346316220153354,-1.4213025219456,0.6812667548114594,0.29557186591594004
114.2,1.4999652117984965,0.7246759805955761,1.4832400120117732,0.014897241172401765,2.661391128250194,0.9565902414993027,1.1197480840662257,1.1807581735749961,0.12703702024424116,0.13450082549517023,0.1568069519138089,2.1021814157293472,2.661391128250194,3.6233799029778804,1.20175781016688e-06,0.015375080566568106,0.2583799939941134,0.7499799530239631,0.8785211749601055,0.9235313199917127,0.9085512498471293,0.9573527049141403,0.9738315586564312,0.9531794325354759,0.9783925321422549,0.986829033474016,0.6774193548387096,0.0,0.0,0.0,0.0,0.016138207830377324,-1.4832400120117732,0.7246759805955761,0.3143810206980302
114.4,1.5472006867578696,0.7659268191537724,1.5346024821989384,0.011978671459636889,2.81719274227835,0.916009993275479,1.1162272903183592,1.1853491904258413,0.1265449887776208,0.13514706599767298,0.1637536720135861,2.234794930239509,2.81719274227835,3.8296340957688617,2.1582703202377023e-07,0.012879237023411857,0.23269875890053085,0.7136673704498778,0.8752005312611248,0.9266585864605577,0.8936441992974857,0.9559697034530465,0.9749295240876085,0.9453274037910433,0.9776620724535695,0.9873851873370733,0.6451612903225806,0.0,0.0,0.0,0.0,0.019147389730393094,-1.5346024821989384,0.7659268191537724,0.3296000942093996
114.60000000000001,1.5792613693718265,0.8037658606875054,1.5702505569487393,0.009819951114530961,2.973141441415266,0.85819940649912,1.1120376783752774,1.1899162110566432,0.12605929611363165,0.13600936273243006,0.17478455340804738,2.3731996101356847,2.973141441415266,4.018829303437527,3.335558039260278e-08,0.011206139028586462,0.21487472152563042,0.65902158096126,0.8709981967745901,0.9297542154137903,0.8702262877555074,0.9541433543495943,0.9760139512885271,0.9328589587491143,0.9766873997086923,0.9879341763137163,0.6129032258064516,0.0,0.0,0.0,0.0,0.022972474712104923,-1.5702505569487393,0.8037658606875054,0.34009680328238073
114.80000000000001,1.555063959853362,0.8327493996241122,1.5534376041745204,0.008519929505389608,3.1249101953584293,0.724312175395309,1.1067768445797102,1.1944463736310353,0.12558119251851405,0.1375370347858735,0.20709302576355873,2.516389489019419,3.1249101953584293,4.163746998120561,4.655505295113821e-09,0.011152486274469133,0.2232811979127398,0.5186170804823668,0.8646940192821384,0.9328098873978583,0.8034264524774426,0.9510091653092878,0.9770820228267019,0.8963399900875851,0.9749606387764232,0.988474587200834,0.5806451612903225,0.0,0.0,0.0,0.0,0.032137432822275686,-1.5534376041745204,0.8327493996241122,0.34045388521423603
115.0,0.6702191271801311,0.720773125949657,0.6856628870944708,0.01160700609576741,3.1628523675422446,0.153,1.3189722370222847,2.1255315052618875,0.07057058417090761,0.1424864350580322,0.9803921568627451,2.6629881330684917,3.1628523675422446,3.743401817972425,7.968712954521698e-10,0.025628200217918857,0.6571685564527646,0.00010000011857921843,0.9208716943649117,1.0,0.0005912552900622074,0.9517417229044046,1.0,0.022263171355498768,0.9604000442384419,1.0,0.03225806451612903,0.03225806451612903,0.03225806451612903,0.03225806451612903,0.03225806451612903,0.986339761088499,-0.6856628870944708,0.720773125949657,0.2521229737798018
115.2,0.4394515685194493,0.6507362262009441,0.43747205994112326,0.012815593222398221,3.1362484409548284,0.153,1.4729305307198632,2.345973806086658,0.06393933283092212,0.13256109661378881,0.9803921568627451,2.8050389678209373,3.1362484409548284,3.438692428943135,6.058119940198051e-10,0.029589085170098943,0.7812639700294384,0.00010000011857921843,0.943736399453963,1.0,0.0005912552900622074,0.9596038822476364,1.0,0.022263171355498768,0.9643619432980747,1.0,0.03225806451612903,0.03225806451612903,0.03225806451612903,0.03225806451612903,0.03225806451612903,0.635432935179155,-0.43747205994112326,0.6507362262009441,0.16919071687252654
115.4,0.22437396238643287,0.5886451668378528,0.20553619118122635,0.01081450038405286,3.0788031829145748,0.153,1.5487052073991814,2.2757797045992234,0.065911476272004,0.12693101261568623,0.9803921568627451,2.9176008901217347,3.0788031829145748,3.220804660716605,6.764650927436375e-10,0.032182568788778884,0.8972319044093868,0.00010000011857921843,0.9571628845255178,1.0,0.0005912552900622074,0.9641853772283148,1.0,0.022263171355498768,0.9666661881658556,1.0,0.03225806451612903,0.03225806451612903,0.03225806451612903,0.03225806451612903,0.03225806451612903,0.36026666199813895,-0.20553619118122635,0.5886451668378528,0.12002840340525713
115.60000000000001,0.016684125940561945,0.5263382757033345,0.005778388176114202,0.005532144030829417,2.989734894708245,0.153,1.5640191539370756,2.0766891691385765,0.07223035696874218,0.1244247017450086,0.9803921568627451,2.6316913785166722,2.989734894708245,3.0819160467664237,6.944049023793462e-10,0.032494527877898506,0.9971108059119429,0.00010000011857921843,0.9658149219803839,1.0,0.0005912552900622074,0.9671144973047355,1.0,0.022263171355498768,0.9681364579387128,1.0,0.03225806451612903,0.03225806451612903,0.03225806451612903,0.03225806451612903,0.03225806451612903,0.10281054402020076,-0.005778388176114202,0.5263382757033345,0.11228852022407075
115.80000000000001,0.005452359887943618,0.4798499537844202,0.005495088605928844,0.005155458943197861,2.8909848981310176,0.153,1.5332243622522517,1.842826419180794,0.08139670586374634,0.12489470667767469,0.9803921568627451,2.399249768922101,2.890984898131018,3.022861236688765,2.369347130519789e-10,0.03232221055032437,0.9972524556970356,0.00010000011857921843,0.9666169537563633,1.0,0.0005912552900622074,0.9673804671048949,1.0,0.022263171355498768,0.9682692672006471,1.0,0.03225806451612903,0.03225806451612903,0.03225806451612903,0.03225806451612903,0.03225806451612903,-0.0738115701095409,-0.005495088605928844,0.4798499537844202,0.1297311175521643
116.0,0.005176150812917536,0.4484580933322939,0.005212140192055292,0.0051669475370392385,2.799381645736297,0.153,1.4785201499770242,1.6704060344591853,0.08979852617005443,0.12784770806711757,0.9803921568627451,2.2422904666614696,2.7993816457362977,3.0111614974308845,1.1818370405693556e-10,0.03236123011099972,0.9973939299039724,0.00010000011857921843,0.9616925070833018,1.0,0.0005912552900622074,0.9656021906571649,1.0,0.022263171355498768,0.9673620013450508,1.0,0.06451612903225806,0.03225806451612903,0.03225806451612903,0.03225806451612903,0.03225806451612903,-0.18380079846600525,-0.005212140192055292,0.4484580933322939,0.15890001302567908
116.2,0.004907060792189448,0.42484531326897923,0.0049525940595778195,0.005174045800515095,2.7131583097805905,0.153,1.4105481897681924,1.561016445233066,0.09609123623140588,0.13308175435374767,0.9803921568627451,2.124226566344896,2.713158309780591,2.9752893970203367,2.6751548067936907e-10,0.03240524977760886,0.9975237029702111,0.00010000011857921843,0.9514722237755622,1.0,0.0005912552900622074,0.9617023665665193,1.0,0.022263171355498768,0.9653421222901595,1.0,0.0967741935483871,0.03225806451612903,0.03225806451612903,0.03225806451612903,0.03225806451612903,-0.2609143049394818,-0.0049525940595778195,0.42484531326897923,0.1758863183395911
116.4,0.00457490130181035,0.40590151636024435,0.004652829940691827,0.005186322447290143,2.6310940042283915,0.153,1.3347510660639668,1.4998121503699902,0.10001252487719635,0.1408245722368828,0.9803921568627451,2.0295075818012216,2.6310940042283915,2.9212687945133773,6.1209262210328e-10,0.03246840156319903,0.9976735850296541,0.00010000011857921843,0.9278042075660153,1.0,0.0005912552900622074,0.9521614850065074,1.0,0.022263171355498768,0.9603162386896205,1.0,0.16129032258064516,0.06451612903225806,0.06451612903225806,0.03225806451612903,0.03225806451612903,-0.31556663247575534,-0.004652829940691827,0.40590151636024435,0.1842973172938455
116.60000000000001,0.0011563150664250258,0.3898174761217814,0.00029264981441623483,0.005097120080437111,2.552280694661391,0.153,1.2743524330981593,1.4807804530750124,0.10129793359205114,0.1688983800363248,0.9803921568627451,1.949087380608907,2.552280694661391,2.8565538804252637,1.4413510716596171e-09,0.03297406758247012,0.9998536750927919,0.00010000011857921843,0.9048071207051747,1.0,0.0005912552900622074,0.9242612486406647,1.0,0.022263171355498768,0.9313443275075244,1.0,0.1935483870967742,0.06451612903225806,0.06451612903225806,0.06451612903225806,0.06451612903225806,-0.29705294761940804,-0.00029264981441623483,0.3898174761217814,0.1875430766287137
116.80000000000001,0.00022458231440771782,0.3755334094218732,0.00013902588723668785,0.005036583539084015,2.4758647380601433,0.153,1.238995858679178,1.4660751281737994,0.10231399272617486,0.17226210898015784,0.9803921568627451,1.8776670471093657,2.4758647380601433,2.7859895837118986,1.4857685635252783e-09,0.032852201264878964,0.9999304870563817,0.00010000011857921843,0.8945364746742255,1.0,0.0005912552900622074,0.9203710164170609,1.0,0.022263171355498768,0.929374228477937,1.0,0.22580645161290322,0.06451612903225806,0.06451612903225806,0.06451612903225806,0.06451612903225806,-0.3657378164407362,-0.00013902588723668785,0.3755334094218732,0.1877199908978568
117.0,0.00018728757183537212,0.36272807095769555,0.00014513981908659268,0.005025136519436199,2.4020990481517086,0.153,1.1969560149724863,1.4404645288323932,0.10413307443369431,0.1768508404216405,0.9803921568627451,1.8136403547884776,2.4020990481517086,2.7125130616691955,4.093446692640507e-10,0.03278403385122613,0.9999274300904567,0.00010000011857921843,0.8771229068861831,1.0,0.0005912552900622074,0.9135811388116788,1.0,0.022263171355498768,0.9258644984843399,1.0,0.29032258064516125,0.0967741935483871,0.0967741935483871,0.06451612903225806,0.06451612903225806,-0.4273085684249375,-0.00014513981908659268,0.36272807095769555,0.18576702608868173
117.2,0.00017065192575123328,0.3509529212240432,0.0001398707500515073,0.005018034617647414,2.330781137149569,0.153,1.1490973415105628,1.4098859816559324,0.10639158198014192,0.18300214420736427,0.9803921568627451,1.754764606120216,2.330781137149569,2.6379723549076135,5.622906271782651e-10,0.03273844708114197,0.9999300646249742,0.00010000011857921843,0.8525970624766234,1.0,0.0005912552900622074,0.9033809427350353,1.0,0.022263171355498768,0.9204610198674321,1.0,0.3548387096774194,0.0967741935483871,0.0967741935483871,0.06451612903225806,0.06451612903225806,-0.48392207973086465,-0.0001398707500515073,0.3509529212240432,0.18252960141606217
117.4,0.00013254135791109932,0.33992655782312337,0.011834966149643744,0.005782472946052538,2.261733732007665,0.1556035816111131,1.1128123882941139,1.3753332604785111,0.10906447499699923,0.20665559923134788,0.9639880936345177,1.6996327891156167,2.261733732007665,2.5635835317507754,1.0523806972966487e-09,0.0370316905544772,0.9940825169251781,0.00010000455099453187,0.8372059593045669,1.0,0.0017570660394920835,0.8795661540375204,1.0,0.04080504063243439,0.8951153931210163,1.0,0.4193548387096774,0.0967741935483871,0.0967741935483871,0.0967741935483871,0.0967741935483871,-0.003786055738982101,-0.011834966149643744,0.33992655782312337,0.17854982014459947
117.60000000000001,0.0011339822678008763,0.32951139894804277,0.0067682022618045234,0.007450089698731229,2.1949109805702736,0.15608410216571397,1.113147845091982,1.337462300990367,0.11215269386578423,0.2054153096575868,0.9610203596567798,1.6475569947402138,2.1949109805702736,2.4901039691664204,2.1771286293835803e-09,0.04713101119255243,0.9966158988690977,0.00010000731908188549,0.8473904091356065,1.0,0.0020414367560571915,0.8836857257938002,1.0,0.04415953486342753,0.897608749597951,1.0,0.3870967741935484,0.0967741935483871,0.0967741935483871,0.0967741935483871,0.0967741935483871,-6.785283979293677e-05,-0.0067682022618045234,0.32951139894804277,0.17412637471474937
117.80000000000001,0.002470009998289609,0.3196490981416257,0.0056122461297425374,0.00831261922404459,2.13036382295479,0.15655983823575353,1.1129471433824902,1.3025891984300315,0.11515526167481668,0.20475679422293427,0.958100121271999,1.5982454907081283,2.13036382295479,2.4180009978742785,2.4871557129373877e-08,0.05179360355955569,0.9971938769351287,0.00010001129031960264,0.8524085427394056,1.0,0.0023432264868576904,0.8856734457477541,1.0,0.04746034379318846,0.8989663893799971,1.0,0.22580645161290322,0.0967741935483871,0.0967741935483871,0.0967741935483871,0.0967741935483871,0.0019110973666687237,-0.0056122461297425374,0.3196490981416257,0.16941613814767104
118.0,0.0036274287164874317,0.3102429802269968,0.005254323991101817,0.008772829095302285,2.06799593353229,0.15704644793907083,1.1124310604460577,1.2755095943180768,0.1176000562192511,0.20432419250300218,0.9551314402105762,1.5512149011349838,2.06799593353229,2.3475932886155855,9.534876580696236e-08,0.05385833545336509,0.9973728380044491,0.00010001702481563688,0.8528351543013861,0.9850687925779471,0.0026723606144356676,0.8859868584122096,0.9949979495748521,0.05081590853345945,0.8994696625140196,0.997495839062854,0.16129032258064516,0.0967741935483871,0.0967741935483871,0.0967741935483871,0.0967741935483871,0.003159894793492962,-0.005254323991101817,0.3102429802269968,0.16458486674599104
118.2,0.0045258605733397685,0.30121061157264917,0.005500234227544976,0.009021334306227634,2.0076750878243645,0.15755088654508145,1.1117123971268421,1.2558243529787605,0.11944345532415146,0.20399461823309192,0.9520733477883614,1.5060530578632456,2.0076750878243645,2.2790789612206734,2.306328808513413e-07,0.05461624837605106,0.9972498828862275,0.00010002528670264195,0.8526842373253276,0.9727870543892363,0.0030349572475835774,0.8860412454781772,0.990845459929519,0.05427253687855886,0.8998421874759573,0.9954122049806915,0.16129032258064516,0.0967741935483871,0.0967741935483871,0.0967741935483871,0.0967741935483871,0.003966957213333858,-0.005500234227544976,0.30121061157264917,0.15975868669386845
118.4,0.005290588602690922,0.29250016460240547,0.006134333739435949,0.0091971834131922,1.9492917402889234,0.1580777048912462,1.1108646278359997,1.2418280846719587,0.12078966634067065,0.20371066252757955,0.9489004164325167,1.4625008230120273,1.9492917402889234,2.2125494950089655,4.509801854564629e-07,0.05490735411016079,0.996932833130282,0.00010003714786045626,0.8522742745881018,0.9638987156764695,0.0034364322779615658,0.8859790858551417,0.9878184358771513,0.05785897016683877,0.900163148782848,0.9938905534032629,0.16129032258064516,0.0967741935483871,0.0967741935483871,0.0967741935483871,0.0967741935483871,0.004467908156269795,-0.006134333739435949,0.29250016460240547,0.15501005887936722
118.60000000000001,0.006053057311701114,0.28408519056530745,0.007006680750794025,0.009374595032580845,1.8927715457764183,0.15863016257481344,1.1099400781283484,1.2319273864865818,0.12176042325659735,0.2034427933151609,0.9455957023889244,1.4204259528265373,1.8927715457764183,2.148024018841487,7.922779069286258e-07,0.0551318176382817,0.996496659624603,0.00010005410393918743,0.8517272449917321,0.9575313964082001,0.0038819345411666693,0.8858585268630076,0.9856385134399214,0.0615943602919207,0.9004659271768887,0.9927932857577799,0.16129032258064516,0.0967741935483871,0.0967741935483871,0.0967741935483871,0.0967741935483871,0.004746134399140484,-0.007006680750794025,0.28408519056530745,0.15037026697642294
118.80000000000001,0.006896295322357104,0.27595348505338524,0.008043273829418718,0.009584011515621504,1.8380654830526304,0.15921083268424574,1.1089771246010318,1.2302250867794209,0.12192890684149653,0.20317483002618936,0.9421469473593352,1.379767425266926,1.8380654830526304,2.0854842389686055,1.3162843499990985e-06,0.05542264033323749,0.9959783630852906,0.00010007823251964315,0.8511104090630124,0.9564298692253982,0.004376614966988498,0.8857109604824691,0.9852604135711289,0.0654925630748008,0.9007688119077021,0.9926028450990817,0.16129032258064516,0.0967741935483871,0.0967741935483871,0.0967741935483871,0.0967741935483871,0.004859980411671835,-0.008043273829418718,0.27595348505338524,0.14584814149834713
119.0,0.007861689469075908,0.2680990663605992,0.009221255800888617,0.009834562143651781,1.7851383836623562,0.15982200188317552,1.1080041617298544,1.231864272134679,0.12176666163072272,0.2028972664687671,0.9385441192861851,1.340495331802996,1.7851383836623562,2.024897798574775,2.1179895574557643e-06,0.055793883079074374,0.9953893720995557,0.00010011241139082773,0.8504627373548234,0.9574905917621122,0.004925857414074583,0.8855543086388242,0.9856245123944466,0.06956491796823182,0.9010825480306467,0.9927862343878892,0.16129032258064516,0.0967741935483871,0.0967741935483871,0.0967741935483871,0.0967741935483871,0.004852295965058304,-0.009221255800888617,0.2680990663605992,0.14144317646616766
119.2,0.008967050356296628,0.2605180905149231,0.010543199756160693,0.010128053430440731,1.733961661016457,0.16046591030732296,1.107042156243867,1.2325146744238888,0.12170240493900335,0.20260402538665373,0.9347779831412245,1.3025904525746153,1.733961661016457,1.9662298432454257,3.3326783127888994e-06,0.05622408562898805,0.9947284001219197,0.00010016061828566865,0.8498079084111858,0.957910958445085,0.005535456707329269,0.8853994526387555,0.9857687311542646,0.07382186352540565,0.9014140048005655,0.9928588651234241,0.16129032258064516,0.0967741935483871,0.0967741935483871,0.0967741935483871,0.0967741935483871,0.004754942654592059,-0.010543199756160693,0.2605180905149231,0.13715214073863416
119.4,0.010220564094803392,0.2532072413649805,0.012021325469389499,0.010465534204815814,1.6845098466736605,0.1611448893937708,1.1061065535451926,1.2324354081822508,0.12171023244231409,0.20229081708626784,0.9308393245625224,1.2660362068249025,1.6845098466736608,1.9094474201861886,5.144149899477727e-06,0.056691317008418625,0.9939893372653053,0.00010022834157709918,0.8491609620450786,0.9578597427652231,0.006211756517913471,0.8852534719795002,0.9857511624146488,0.07827381493992526,0.9017680309513679,0.9928500175262689,0.16129032258064516,0.0967741935483871,0.0967741935483871,0.0967741935483871,0.0967741935483871,0.00459168767243015,-0.012021325469389499,0.2532072413649805,0.13297165076133247
119.60000000000001,0.01162866415262058,0.24616336361034677,0.013671065251818604,0.010849486568999278,1.6367594991483372,0.1618614366714497,1.1052086751839427,1.2318922888162647,0.12176389231572853,0.2019542877297105,0.9267185753730437,1.2308168180517338,1.6367594991483374,1.8545204636812256,7.794744293314596e-06,0.057182300420219864,0.9931644673740907,0.00010032314174206544,0.8485317855091228,0.9575087054244352,0.006961758035460186,0.8851213174854464,0.9856307276723075,0.08293158733029714,0.9021484173989402,0.9927893646048296,0.16129032258064516,0.0967741935483871,0.0967741935483871,0.0967741935483871,0.0967741935483871,0.004380250490975485,-0.013671065251818604,0.24616336361034677,0.12889875343009496
119.80000000000001,0.013199420527866493,0.23938354068417866,0.015509299843365687,0.011284213954176753,1.5906892055785542,0.16261826474778204,1.1043567658570799,1.231066244479952,0.1218455957773138,0.2015915472683217,0.9224056118951168,1.1969177034208933,1.5906892055785542,1.8014217111708597,1.1597522151551518e-05,0.05769222554859186,0.9922453500783172,0.00010045541938907041,0.8479270215949508,0.9569744157464447,0.007793221164631636,0.8850067176304622,0.9854473657591615,0.08780662370947347,0.9025584308281102,0.9926970134060376,0.16129032258064516,0.0967741935483871,0.0967741935483871,0.0967741935483871,0.0967741935483871,0.004133860584546456,-0.015509299843365687,0.23938354068417866,0.12493082826832638
120.0,0.014943830098926282,0.23286528124511163,0.017554646692026443,0.011775667997585728,1.5462799877383895,0.16341834276558959,1.1035567851403814,1.2300794672768958,0.12194334105264307,0.20119987756484245,0.9178896166825219,1.164326406225558,1.5462799877383895,1.7501264913207033,1.6950182394816768e-05,0.05822218384719319,0.9912226766539868,0.00010063946697060961,0.8473511669578155,0.9563355490723532,0.008714771277576396,0.8849127034283206,0.985228024629834,0.0929111512720785,0.9030011436085116,0.9925865297964356,0.16129032258064516,0.0967741935483871,0.0967741935483871,0.0967741935483871,0.0967741935483871,0.0038624249695164287,-0.017554646692026443,0.23286528124511163,0.12106535091966335
