t,source_integral,heat_loss_surface,reactant_supply_surface,reactant_inventory,heat_inventory,J_min,J_mean,J_max,phi_min,phi_mean,phi_max,theta_min,theta_mean,theta_max,u_min,u_mean,u_max,A_min,A_mean,A_max,D_over_D0_min,D_over_D0_mean,D_over_D0_max,M_over_M0_min,M_over_M0_mean,M_over_M0_max,geometric_skin_thickness,functional_skin_thickness,A_functional_skin_thickness,D_functional_skin_thickness,M_functional_skin_thickness,surface_q,surface_n,surface_h,mean_abs_internal_h
0.0,0.025994270858444697,1.967741935483871e-05,0.6894955077750986,0.026012500000000004,4.9999999999999996e-05,1.2950064174641447,1.2999999999999998,1.3049935825358554,0.11494309397945156,0.11538546883058842,0.11582954182862426,1.6129032258064516e-06,4.9999999999999996e-05,9.838709677419355e-05,0.015006417464144738,0.02,0.024993582535855263,0.9969863314216022,0.9990408383580583,1.0,0.9989944328798402,0.999680026331643,1.0,0.9994970899680228,0.9998399815031443,1.0,0.0,0.0,0.0,0.0,0.0,-0.0009405127121299428,-0.6894955077750986,1.967741935483871e-05,2e-05
0.2,0.1110255980110836,0.007858599975125813,0.3971228370440911,0.1065663279540892,0.013914169755793961,1.2963817730880056,1.3001046085407166,1.3034355209050623,0.11508049120515373,0.11537572951031307,0.11570665610539801,0.005535652658372353,0.013914169755793961,0.03929299987562906,0.01851927292473118,0.08212344003679324,0.43268166136558406,0.9978179290138175,0.9993835559994609,1.0,0.9992721132610891,0.9997944050491796,1.0,0.9996359903724142,0.9998971883152221,1.0,0.0,0.0,0.0,0.0,0.0,-0.0001550569302968402,-0.3971228370440911,0.007858599975125813,0.006997649237981668
0.4,0.1687788096801711,0.01810342928866824,0.34706317556284233,0.1519359531791901,0.0395606023458648,1.296167377272121,1.3000696976190176,1.3025692957404982,0.11515702119688491,0.11537875520658766,0.1157257948550487,0.011084907961192153,0.0395606023458648,0.09093487962544254,0.01602970603442577,0.11708149552489573,0.5041954634816538,0.9976883744447976,0.9994395027751952,1.0,0.9992288635903155,0.9998130575816999,1.0,0.9996143574276242,0.9999065150321513,1.0,0.0,0.0,0.0,0.0,0.0,0.00048825207921261715,-0.34706317556284233,0.01810342928866824,0.01658865900157936
0.6000000000000001,0.21509459853637378,0.028913879158497188,0.32710002989486375,0.18052959333445917,0.07339990782984447,1.2952772451976793,1.2999148503953528,1.3025749190343052,0.11515652405713911,0.11539261998439582,0.11580532318940544,0.021718203334695062,0.07339990782984447,0.14621327136602003,0.01630624570211585,0.1391566894992499,0.5327142430073375,0.9971501791290015,0.9992985045233914,1.0,0.9990491558011688,0.9997659970613842,1.0,0.999524464822424,0.9998829771272105,1.0,0.0,0.0,0.0,0.0,0.0,0.0010482266055713285,-0.32710002989486375,0.028913879158497188,0.026068715011670872
0.8,0.2538045786283694,0.039909816430592604,0.31929267903010916,0.198032284026611,0.11351750505034515,1.2939651334683444,1.2996545050639836,1.30316504880834,0.11510437617795634,0.1154160110470572,0.11592275256902786,0.04126946047643274,0.11351750505034515,0.20253099930701177,0.020207443346642266,0.15273319283242823,0.5438676013855583,0.9963559369583584,0.9990396031681952,1.0,0.9987838337108035,0.999679567124819,1.0,0.9993917318418243,0.9998397459553646,1.0,0.0,0.0,0.0,0.0,0.0,0.0015467380542865256,-0.31929267903010916,0.039909816430592604,0.03394364757015641
1.0,0.2867241532300453,0.05094636067416767,0.3177506378472702,0.2075209314211775,0.15857071899437045,1.2923965844146248,1.2992988455137098,1.3039852117610806,0.11503197938680562,0.11544803506224358,0.11606344508248655,0.07010848734505086,0.15857071899437047,0.26002072116029296,0.025604481016668883,0.16016524358528333,0.5460705173610425,0.9954050472102254,0.9987035054166538,1.0,0.9984659968726355,0.9995673218799008,1.0,0.9992327040353289,0.999783596712866,1.0,0.0,0.0,0.0,0.0,0.0,0.002004844508201875,-0.3177506378472702,0.05094636067416767,0.040341571331637335
1.2000000000000002,0.31495680665700193,0.06197910765173729,0.3198340257501732,0.2109936496230416,0.207517332214912,1.290692663755137,1.2988539600251874,1.3048069549870664,0.1149595343791579,0.11548814519449084,0.1162166673850849,0.10704748503772435,0.207517332214912,0.3175537626483337,0.03062511507477681,0.1629763658139968,0.5430942489283239,0.9943703336343632,0.9983219495518947,1.0,0.9981199116748146,0.999439833140964,1.0,0.9990595135357825,0.9997198143455682,1.0,0.0,0.0,0.0,0.0,0.0,0.00244188207364536,-0.3198340257501732,0.06197910765173729,0.045087330413386355
1.4000000000000001,0.3392195783291663,0.07301066641048236,0.3241582121428316,0.20988408871246134,0.2594977548489673,1.2889307738219618,1.2983225271997811,1.3055085423719377,0.11489775450068651,0.11553608224920744,0.11637552849732742,0.1504834208002967,0.2594977548489673,0.3751165759974672,0.034207645188980326,0.16226072185759588,0.5369168397959548,0.9932984877015463,0.997911421110658,1.0,0.9977611533731084,0.999302595381359,1.0,0.9988799493671122,0.9996511459927454,1.0,0.0,0.0,0.0,0.0,0.0,0.002872187394517306,-0.3241582121428316,0.07301066641048236,0.048503922489393385
1.6,0.35997945718039565,0.08405644947404661,0.3299262493565465,0.2052978359932902,0.31376677735338204,1.2871498170495899,1.2977049803122358,1.3060343668106695,0.11485149534487317,0.11559178768364123,0.11653655076751719,0.19884034467486025,0.3137667773533821,0.4330398500085293,0.03595838907942845,0.15886435148242176,0.5286767866335049,0.9922130431064969,0.9974856646954691,1.0,0.997397580312825,0.9991601909940547,1.0,0.9986979423946325,0.9995798829495234,1.0,0.0,0.0,0.0,0.0,0.0,0.003303879443032273,-0.3299262493565465,0.08405644947404661,0.05103780231420616
1.8,0.37754878802191755,0.09512452312556056,0.3366451772213086,0.19813835683242,0.3696529001672537,1.2853543720576597,1.29700069554043,1.306366595102756,0.11482228691571933,0.11565530891040464,0.11669933464331123,0.25070892171868814,0.3696529001672537,0.491542767655784,0.03591467741995299,0.15348025818427266,0.5190783182552734,0.9911167286099408,0.9970444517170224,1.0,0.9970300970646625,0.9990125418550498,1.0,0.9985139442410428,0.9995059859036396,1.0,0.0,0.0,0.0,0.0,0.0,0.0037396350872830747,-0.3366451772213086,0.09512452312556056,0.053062492912782595
2.0,0.3921723057639015,0.10620670970392809,0.3439858663779786,0.18917399694494577,0.42653913178576025,1.2835442171418932,1.2962089322592023,1.3065077615318204,0.1148098805200605,0.115726718882744,0.11686391321524517,0.3048781650797829,0.4265391317857603,0.5500861920586418,0.03435638202986007,0.14669863391195495,0.5085916194600305,0.9900093537130252,0.996585365779963,1.0,0.996658631146271,0.9988588363508888,1.0,0.9983279175033908,0.9994290482685477,1.0,0.0,0.0,0.0,0.0,0.0,0.0041782173256599,-0.3439858663779786,0.10620670970392809,0.05461387190702447
2.2,0.4040968570387426,0.11727758928329667,0.35170984420384627,0.17906921134864093,0.4838598538719037,1.2817114169427681,1.2953294574579848,1.3064703176184909,0.11481317101289266,0.11580605886155311,0.11703102431418687,0.36033481669861084,0.4838598538719037,0.6085102642185112,0.03167494026096191,0.13903022743383148,0.49755736542307677,0.9888859938637433,0.9961069093152234,1.0,0.9962815199532276,0.9986985645244216,1.0,0.9981390281954069,0.9993488137054827,1.0,0.0,0.0,0.0,0.0,0.0,0.004616024743199734,-0.35170984420384627,0.11727758928329667,0.05586153816653183
2.4000000000000004,0.41361460581800996,0.1282982000325772,0.35963155467646735,0.1683929109734533,0.5411095459952154,1.2798437828817262,1.2943628851563191,1.3062704781621801,0.1148307356766098,0.11589330449523405,0.11720180385004214,0.41625551406437755,0.5411095459952154,0.666591886666091,0.028284974971040926,0.13091254925724544,0.48624063617647517,0.9877390716967753,0.9955988377450149,1.0,0.995896204116129,0.9985282975462052,1.0,0.997945992373431,0.9992635660356667,1.0,0.0,0.0,0.0,0.0,0.0,0.005048380705289915,-0.35963155467646735,0.1282982000325772,0.0569237002150165
2.6,0.42108237186157577,0.13922217391801178,0.3676011020147168,0.15761586470627853,0.5978561000099173,1.2779314023101769,1.2933107875372338,1.3059246981483497,0.11486114031894999,0.11598835198607764,0.1173771923350799,0.4719979986012688,0.5978561000099173,0.7240768659802312,0.0245671866288952,0.12270785604801242,0.4748555685504046,0.9865623508448282,0.9950625441868474,1.0,0.9955005670630889,0.998348483497366,1.0,0.9977477469559998,0.9991735272417913,1.0,0.0,0.0,0.0,0.0,0.0,0.005470515253053629,-0.3676011020147168,0.13922217391801178,0.05787593851228787
2.8000000000000003,0.4269060360357806,0.15000233944196362,0.37549770862530085,0.14710514931746502,0.653753546577387,1.2759680858007745,1.2921756412620813,1.3054478932239086,0.11490309247775714,0.1160910195428365,0.1175577991873227,0.5270902651462215,0.653753546577387,0.780713910544891,0.020834288693805793,0.11469889932957793,0.4635747019638559,0.9853518400194735,0.994491912543484,1.0,0.9950932406985039,0.9981570662298986,1.0,0.9975436031046738,0.9990776670437843,1.0,0.0,0.0,0.0,0.0,0.0,0.005878244551463657,-0.37549770862530085,0.15000233944196362,0.05876067747164015
3.0,0.4315089795926254,0.16059648191694278,0.3832281130891556,0.13712280388268042,0.7085485865250288,1.273951529714789,1.2909606653816985,1.3048526462141141,0.11495550891145329,0.11620105941402148,0.11774388310800321,0.5812142403842511,0.7085485865250288,0.8363441106978645,0.01731520439157901,0.10708787077526487,0.452531267015492,0.9841059143474785,0.9938801680151242,1.0,0.9946736489762749,0.9979517699384785,1.0,0.997333268403826,0.9989748453185034,1.0,0.0,0.0,0.0,0.0,0.0,0.006268372489348889,-0.3832281130891556,0.16059648191694278,0.05962159142819791
3.2,0.43529173244212727,0.17097125452773604,0.3907257531736665,0.12783186233352972,0.7620785661463785,1.271882743281765,1.2896696044039146,1.3041491349958898,0.11501752060010587,0.11631817572999555,0.11793539993550327,0.6341837573114527,0.7620785661463785,0.8909424729937663,0.014154417067335416,0.10000097056447368,0.44182035260904784,0.9828249839357244,0.9932277108771422,1.0,0.9942418992558877,0.9977327106632552,1.0,0.9971167927702933,0.9988651178819413,1.0,0.0,0.0,0.0,0.0,0.0,0.006638845778984215,-0.3907257531736665,0.17097125452773604,0.06052128264772928
3.4000000000000004,0.4385947388830389,0.18110395438083207,0.39794890023451424,0.11930999637241956,0.8142610224235729,1.2697651058807558,1.2883065019637028,1.3033453640994201,0.1150884517118349,0.11644204396125474,0.11813208545840018,0.6859170788354662,0.8142610224235729,0.9441552124590021,0.01142210909453195,0.09349880338356281,0.431501571093551,0.9815109301154329,0.9925305800270529,1.0,0.9937985949469764,0.9974985510075088,1.0,0.9968944748479908,0.9987478138736168,1.0,0.0,0.0,0.0,0.0,0.0,0.0069887084928892396,-0.39794890023451424,0.18110395438083207,0.06135387199686475
3.6,0.44167721562086504,0.1909823122279522,0.404877013817892,0.11156846398923714,0.8650772257210824,1.2676033916305645,1.2868754980148671,1.3024476028929708,0.11516778077430752,0.11657232885556601,0.1183335426446355,0.7364077199337631,0.8650772257210825,0.9959317657835447,0.009130816459424264,0.08759086003387681,0.42160426597444,0.980166515150381,0.9917848905480182,1.0,0.9933446383990866,0.997247979179564,1.0,0.9966667634108849,0.998622275259474,1.0,0.0,0.0,0.0,0.0,0.0,0.007317922446137631,-0.404877013817892,0.1909823122279522,0.06211247843533684
3.8000000000000003,0.4447128065684011,0.20060288066262505,0.411505906565886,0.10457294611555183,0.9145531833142189,1.265402906520487,1.2853806684063689,1.3014608543602952,0.11525509929665094,0.11670869896840161,0.1185393199486629,0.7856964507754178,0.9145531833142189,1.0462675005336357,0.007254108734248584,0.08225148236711168,0.4121344191915915,0.9787948548950735,0.9909814027218038,1.0,0.9928810541248739,0.9969778980942594,1.0,0.9964341688507232,0.9984869513114297,1.0,0.0,0.0,0.0,0.0,0.0,0.007627115667878603,-0.411505906565886,0.20060288066262505,0.0627903237089372
4.0,0.447799777773087,0.20996871120193028,0.41784254657051706,0.09826263012484102,0.9627417617018977,1.263168879762749,1.2838259177808102,1.3003892902109047,0.115350073342785,0.11685083658892768,0.11874896730211823,0.8338482554148969,0.9627417617018978,1.0951905267432585,0.005743703788613725,0.07743451541565935,0.4030820763278328,0.9773990434069633,0.9901108566960527,1.0,0.9924088625140762,0.9966852025487312,1.0,0.9961971998895613,0.9983402870642493,1.0,0.0,0.0,0.0,0.0,0.0,0.007917327529414597,-0.41784254657051706,0.20996871120193028,0.06338244335947354
4.2,0.4509778037122254,0.2190870235844189,0.42390046877773635,0.09256528611393573,1.0097082933928658,1.2609060959550786,1.2822149207365647,1.2992365985994867,0.11545241271812434,0.11699844336437912,0.11896207059446554,0.8809353092982668,1.0097082933928658,1.1427490741982136,0.004543021756885942,0.07308490633410729,0.3944279017460909,0.9759819231759281,0.9891347753478419,0.999540291289077,0.9919290021570724,0.9963570436844572,0.9998467402733329,0.995956324605541,0.9981758551512561,0.9999233672000798,0.0,0.0,0.0,0.0,0.0,0.008189793829541991,-0.42390046877773635,0.2190870235844189,0.06388639570972028
4.4,0.4542505262607494,0.2279671979732991,0.4296961323252107,0.08740778939421211,1.0555203701880225,1.2586187223035723,1.2805510986627955,1.2980061791843391,0.11556185356086615,0.117151242682341,0.11917826847948379,0.927027245840502,1.0555203701880225,1.1890009923156561,0.003595604997620669,0.06914682120177433,0.3861483823925561,0.9745459744389188,0.9881101724405325,0.9987985849363482,0.9914422920717075,0.9960124019952438,0.9995993678113522,0.9957119514361509,0.9980031427604394,0.99979966383638,0.0,0.0,0.0,0.0,0.0,0.008445785778454895,-0.4296961323252107,0.2279671979732991,0.06430200811102509
4.6000000000000005,0.4575984493341845,0.236619336616136,0.43524652704488165,0.08272212278488399,1.1002418818180046,1.2563102875029084,1.2788376240287562,1.2967013007522372,0.11567814415932381,0.11730897947303165,0.11939725519413351,0.972185482881948,1.1002418818180049,1.2340064835936762,0.002849962264354739,0.06556828700047425,0.3782192470787405,0.9730932981858457,0.9870533104071166,0.9980109588930318,0.990949425472934,0.9956566809966119,0.9993365461800484,0.9954644259920016,0.9978248494368612,0.9996682180448868,0.0,0.0,0.0,0.0,0.0,0.00868651187448738,-0.43524652704488165,0.236619336616136,0.06463103225310972
4.800000000000001,0.4609941883511148,0.2450533532693641,0.4405677823255347,0.07844853622965467,1.1439297660190664,1.2539837418009465,1.2770774383893524,1.29532524292492,0.11580103207229347,0.11747141869838179,0.11961877574630511,1.0164600634555676,1.1439297660190664,1.2778236572107866,0.002263402859674857,0.062303646217144196,0.3706174538206647,0.9716256499648,0.9859658465750578,0.9971792124026065,0.9904509807298688,0.995290416333842,0.9990588518971318,0.9952140364962178,0.9976412408491604,0.9995293151653808,0.0,0.0,0.0,0.0,0.0,0.008913068039696978,-0.4405677823255347,0.2450533532693641,0.0648769001546316
5.0,0.46440994663357343,0.25327850019782056,0.4456745591986464,0.07453593042592235,1.1866334725924645,1.2516415480121614,1.2752732768350068,1.293881291283592,0.11593026424486967,0.11763834318493012,0.11984261807082688,1.059891156710743,1.1866334725924645,1.3205063321275183,0.0018013141450013022,0.059313868271615264,0.3633220582876479,0.9701444936050377,0.9848493164674558,0.9963051491383002,0.9899474391334567,0.9949141032294861,0.9987668628920674,0.9949610226506733,0.9974525624732218,0.9993832412313228,0.0,0.0,0.0,0.0,0.0,0.009126422013752161,-0.4456745591986464,0.25327850019782056,0.06504399468807279
5.2,0.4678214331236464,0.26130317015564736,0.45057989049971314,0.07094123358695546,1.228395427388877,1.2492857775608248,1.273427693592298,1.292372732431948,0.1160655871450758,0.11780955128716947,0.12006860455328992,1.1025105207842343,1.228395427388877,1.3621032411320944,0.0014364795039311018,0.056566079564446085,0.35631444214326696,0.96865105880386,0.9837051495129493,0.9953905756322936,0.9894392040648511,0.9945282017567034,0.9984611581546321,0.9947055852167956,0.9972590422333452,0.9992302828154177,0.0,0.0,0.0,0.0,0.0,0.009327416477613773,-0.45057989049971314,0.26130317015564736,0.06513722287835502
5.4,0.4712090309558073,0.26913489018746056,0.45529529047069034,0.06762823611199739,1.2692520555671793,1.2469182044926987,1.2715430854359397,1.2908028247907235,0.1162067491015286,0.11798485471957945,0.12029658357664816,1.1443434533008139,1.2692520555671793,1.4026581544618442,0.0011477082655051106,0.05403267072808356,0.34957815647044227,0.9671463981942828,0.9825346835492224,0.9944372848751268,0.9889266200877456,0.9941331417270116,0.9981423124141301,0.9944478955706282,0.997060892952748,0.9990707243873009,0.0,0.0,0.0,0.0,0.0,0.009516784676113513,-0.45529529047069034,0.26913489018746056,0.06516167030168483
5.6000000000000005,0.4745575443506755,0.276780398313529,0.4598309629944392,0.06456635951655347,1.3092348937459486,1.2445403787366522,1.269621712072859,1.2891747689686879,0.1163535027294994,0.11816407664646472,0.12052642289699493,1.1854104588168441,1.3092348937459488,1.4422103816276293,0.0009185778040360864,0.05169035007124423,0.3430986242936582,0.9656314319748075,0.9813391775486104,0.9934470394219814,0.9884099879033451,0.9937293269931956,0.9978108906257896,0.9941881031903333,0.9968583145126608,0.9989048455713093,0.0,0.0,0.0,0.0,0.0,0.009695167943131092,-0.4598309629944392,0.276780398313529,0.06512238465995898
5.800000000000001,0.47785561362378504,0.2842457512391643,0.46419601739416444,0.06172960120740803,1.3483715531236922,1.2421536851337143,1.2676657126445077,1.2874916822585405,0.11650560703962558,0.11834705012644864,0.12075800425923378,1.2257285483579134,1.3483715531236922,1.480795394295039,0.000736368540106693,0.04951933154457188,0.33686283229405073,0.964106984071837,0.9801198219571416,0.9924215567538212,0.9878895764983682,0.9933171389516567,0.9974674431813433,0.9939263417422173,0.9966514956105508,0.9987329187629582,0.0,0.0,0.0,0.0,0.0,0.009863132917382916,-0.46419601739416444,0.2842457512391643,0.06502425336751087
6.0,0.4810948282584352,0.291536436501745,0.4683986690959286,0.05909563926545444,1.3866865399397352,1.2397593849015744,1.2656771193797598,1.2857565788377912,0.1166628290835475,0.11853361682135227,0.12099121960823762,1.2653122421816783,1.3866865399397355,1.5184454394521025,0.0005911827096831197,0.04750264522081168,0.3308590441486734,0.9625738075623766,0.9788777472629007,0.9913624978703657,0.9873656316915991,0.9928969394485274,0.9971125021724848,0.9936627333633392,0.9964406152195034,0.9985552072688427,0.0,0.0,0.0,0.0,0.0,0.010021186113106567,-0.4683986690959286,0.291536436501745,0.06487193387085238
6.2,0.4842691183855241,0.2986574682436242,0.47244639610638295,0.056645156845177576,1.4242018739108921,1.2373586438387165,1.2636578682197175,1.2839723578453195,0.11682494493239748,0.11872362599284486,0.12122596851519772,1.3041742518770376,1.4242018739108924,1.5551900626284194,0.0004752983391337678,0.04562561754949401,0.3250765769908815,0.9610326019415115,0.9776140306529676,0.9902714604742702,0.9868383819390826,0.9924690730378924,0.9967465791669007,0.9933973915705652,0.9962258437223311,0.99837196420063,0.0,0.0,0.0,0.0,0.0,0.010169785140110923,-0.47244639610638295,0.2986574682436242,0.06466982998008056
6.4,0.48737421283862353,0.30561347051649657,0.47634606577593563,0.05436130594990426,1.46093757681353,1.2349525536708237,1.2616098075529734,1.2821417974936082,0.11699174014389604,0.11891693368066517,0.12146215622141421,1.3423259816740463,1.46093757681353,1.5910565529748468,0.00038266721266936915,0.04387545900738368,0.31950562032009183,0.9594840262205588,0.9763297014678846,0.9891499756740036,0.9863080427446848,0.992033868831445,0.9963701641436966,0.9931304234717133,0.9960073438404466,0.9981834319470905,0.0,0.0,0.0,0.0,0.0,0.01030934799835427,-0.47634606577593563,0.30561347051649657,0.06442208614992073
6.6000000000000005,0.4904071259587734,0.31240874614938546,0.4801040375380959,0.05222927685840792,1.4969120614961675,1.2325421453849619,1.259534705563658,1.280267553105908,0.11716300990062778,0.11911340201482311,0.12169969242970613,1.3797779022878716,1.4969120614961675,1.626070308148859,0.00030852192330065866,0.04224093311979143,0.3141370892312916,0.9579287070387549,0.9750257457700003,0.9879995069571907,0.9857748193861824,0.991591642046738,0.9959837251748289,0.9928619311316504,0.9957852714112974,0.9979898420178008,0.0,0.0,0.0,0.0,0.0,0.010440260046185812,-0.4801040375380959,0.31240874614938546,0.06413258987433663
6.800000000000001,0.4933658721128265,0.3190473301805853,0.4837262379606541,0.05023597577022907,1.53214241908564,1.2301283981468507,1.2574342562312344,1.2783521585963316,0.11733855885588243,0.11931289865943784,0.12193849050714561,1.4165397953878835,1.53214241908564,1.6602551226036348,0.0002490946527750619,0.04071210929973716,0.3089625171990656,0.95636724402994,0.9737031100446332,0.9868214511738326,0.9852389087144859,0.991142695259544,0.9955877087693653,0.992592012473458,0.9955597760170057,0.9977914152173949,0.0,0.0,0.0,0.0,0.0,0.01056287919834327,-0.4837262379606541,0.3190473301805853,0.0638049851094017
7.0,0.49624928791115197,0.32553303295184916,0.4872182188193469,0.04836977137476138,1.5666446414776811,1.2277122457618894,1.2553100843159417,1.2763980305501772,0.11751820075697246,0.11951529635650067,0.1221784669150331,1.4526209281825824,1.5666446414776811,1.69363341806758,0.00020140611298017562,0.03928016892776782,0.30397397311521873,0.9548002136696,0.9723627042447541,0.9856171410446921,0.9847005004405953,0.9906873194317183,0.9951825407218251,0.9923207619227443,0.9953310015000657,0.9975883620713341,0.0,0.0,0.0,0.0,0.0,0.01067754005155433,-0.4872182188193469,0.32553303295184916,0.06344268692662196
7.2,0.4990568195340661,0.33186947522231947,0.4905852058070605,0.04662027977750758,1.6004338076890219,1.2252945804068502,1.2531637497089272,1.2744074734537902,0.11770175797343907,0.11972047253220146,0.12241954089945747,1.4880301977086507,1.6004338076890219,1.7262264327557282,0.00016309175785209144,0.03793724076350246,0.2991639917041993,0.9532281713981443,0.9710054044242612,0.9843878483280692,0.9841597778364009,0.9902257947984768,0.9947686271763992,0.9920482707574106,0.9950990864083193,0.9973808833591876,0.0,0.0,0.0,0.0,0.0,0.010784557007960743,-0.4905852058070605,0.33186947522231947,0.06304889361618306
7.4,0.5017883876480598,0.3380601153104804,0.49383213549431654,0.044978193153558506,1.6335242287910023,1.222876255505541,1.2509967512311009,1.2723826852555147,0.1178890610020189,0.11992830895736943,0.12266163426158724,1.522776233214733,1.6335242287910023,1.7580543717751873,0.00013227083754261353,0.03667627009920246,0.29452552072240484,0.9516516532129712,0.9696320550150738,0.9831347871560803,0.9836169182558914,0.9897583916340468,0.9943463557444693,0.9917746273672963,0.9948641643787689,0.9971691706741789,0.0,0.0,0.0,0.0,0.0,0.010884226716960418,-0.49383213549431654,0.3380601153104804,0.06262659964853622
7.6000000000000005,0.5044442969191397,0.3441082711992075,0.49696368502792865,0.04343513959161945,1.6659295635140434,1.2204580881634255,1.2488105299859167,1.2703257631654141,0.11807994795463178,0.12013869145190677,0.12290467116795759,1.5568674699098282,1.6659295635140434,1.7891365299277306,0.00010744630751702846,0.0354909119116214,0.2900518785315304,0.9500711769920296,0.9682434708150929,0.981859117493908,0.9830720935661328,0.9892853709184701,0.9939160966610102,0.9914999174686148,0.9946263644716609,0.9969534070019243,0.0,0.0,0.0,0.0,0.0,0.010976830109426586,-0.49696368502792865,0.3441082711992075,0.062178608349583116
7.800000000000001,0.5070251574254071,0.3500171385101178,0.499984297134796,0.04198356500385554,1.6976629132162693,1.2180408607901119,1.2466064723501662,1.2682387095892134,0.1182742640370798,0.12035150962503986,0.1231485780392448,1.5903122064800757,1.6976629132162693,1.819491392691036,8.742528577578143e-05,0.034375440920121146,0.2857367183788629,0.9484872433012167,0.9668404387410369,0.9805619486664754,0.9825254704019163,0.988806984923946,0.9934782039622627,0.9912242242296755,0.9943858114640863,0.9967337673096706,0.0,0.0,0.0,0.0,0.0,0.011062634011080819,-0.499984297134796,0.3500171385101178,0.06170754317929094
8.0,0.5095318320030207,0.3557898042159655,0.5028981999642008,0.04061663468287324,1.7287368986351432,1.215625322366166,1.2443859126328594,1.2661234377832988,0.1184718610553618,0.12056665664823146,0.12339328347325886,1.6231186492086496,1.7287368986351432,1.8491367169071697,7.125715948432459e-05,0.03332467673946586,0.28157400005114164,0.9469003359770987,0.9654237193665899,0.9792443427030016,0.9819772103435612,0.988323477727785,0.9930330166013048,0.9909476283579262,0.9941426261066638,0.996510419104319,0.0,0.0,0.0,0.0,0.0,0.011141892399783901,-0.5028981999642008,0.3557898042159655,0.06121585779534489
8.200000000000001,0.5119653774152005,0.36142925810641935,0.505709424060015,0.03932814789055233,1.7591637246932654,1.2132121898751618,1.2421501355186815,1.263981777008012,0.11867259696976565,0.12078402904911742,0.12363871814990157,1.6552949467465945,1.7591637246932654,1.8780895994604674,5.818299156979665e-05,0.032333918933319536,0.27755796562854995,0.9453109228249919,0.9639940483218515,0.9779073173637751,0.9814274701350265,0.9878350856780835,0.9925808594560105,0.9906702082073804,0.9938969253564554,0.9962835229364442,0.0,0.0,0.0,0.0,0.0,0.011214847534389338,-0.505709424060015,0.36142925810641935,0.06070584540606368
8.4,0.514326995050908,0.3669384025435144,0.5084218172370207,0.03811246481377241,1.788955233936473,1.2108021496865422,1.2399003783247426,1.2618154773304355,0.11887633548238609,0.1210035265237028,0.12388481473941276,1.6868492150829544,1.788955233936473,1.9063665361328899,4.759559699464219e-05,0.03139889151111443,0.2736831182328274,0.9437194562932122,0.9625521375724707,0.9765518489445654,0.980876401894496,0.9873420378183478,0.992122044261721,0.9903920398823302,0.9936488225892475,0.9960532328665311,0.0,0.0,0.0,0.0,0.0,0.011281730952336463,-0.5084218172370207,0.3669384025435144,0.060179647856152395
8.6,0.5166180039543421,0.3723200602412433,0.5110390570972239,0.03696444504010116,1.8181229494594429,1.2083958587224166,1.2376378330693545,1.2596262141699925,0.11908294564895168,0.1212250517670959,0.12413150783104168,1.7177895543137582,1.8181229494594429,1.9339834704642556,3.9009150734013947e-05,0.03051569627328075,0.26994420414682296,0.9421263740128684,0.9610986765771087,0.9751788749187508,0.9803241532790751,0.9868445562704738,0.9916568704891181,0.9901131973179687,0.9933984277908741,0.9958196969037366,0.0,0.0,0.0,0.0,0.0,0.011342764288606255,-0.5110390570972239,0.3723200602412433,0.05963926431776423
8.8,0.5188398161791616,0.3775769804905945,0.5135646617002588,0.035879394027600146,1.8466781107546775,1.205993945584613,1.2353636483814276,1.2574155925063737,0.11929230152221106,0.12144851031995478,0.12437873386444455,1.7481240610146356,1.8466781107546777,1.9609558348601135,3.2034808695519796e-05,0.02968077224180153,0.2663361975710588,0.9405320993183488,0.959634333341837,0.9737892963683852,0.9797708676432813,0.9863428565824374,0.9911856261509397,0.9898337523579344,0.9931458477307831,0.995583057408977,0.0,0.0,0.0,0.0,0.0,0.01139815997597926,-0.5135646617002588,0.3775769804905945,0.05908655929220793
9.0,0.5209939131376121,0.38271184435097416,0.5160019990676588,0.03485301624153435,1.8746317038101719,1.2035970117208947,1.2330789312687986,1.2551851506974276,0.11950428183177152,0.12167381042869702,0.12462643105563301,1.7778608372216407,1.8746317038101719,1.987298585906014,2.6360980260255527e-05,0.028890860153383106,0.26285428704620173,0.9389370418010731,0.9581597553840138,0.9723839801717222,0.9792166842096134,0.9858371480450514,0.9907085885265228,0.9895537748380125,0.9928911861200431,0.9953434514568131,0.0,0.0,0.0,0.0,0.0,0.01144812187422542,-0.5160019990676588,0.38271184435097416,0.05852326998600675
9.200000000000001,0.5230818243626255,0.3877272691200619,0.5183542958284197,0.03388137409113194,1.9019944862410436,1.201205632572829,1.2307847487732615,1.2529363639869697,0.11971876969288758,0.12190086291671297,0.12487453932322908,1.8070079960124497,1.9019944862410436,2.0130262354591775,2.1737543487522e-05,0.028142971357690765,0.25949386310225736,0.9373415978590067,0.9566755706237451,0.9709637609973032,0.9786617382382906,0.9853276339839964,0.9902260248210866,0.9892733326694906,0.9926345437569152,0.9951010111646141,0.0,0.0,0.0,0.0,0.0,0.011492845839697494,-0.5183542958284197,0.3877272691200619,0.057951013389823176
9.4,0.5251051130952417,0.39262581207414604,0.5206246449079733,0.03296085218558458,1.9287770078998323,1.1988203586629886,1.228482129522892,1.2506706477554492,0.11993565233916831,0.12212958106560469,0.12512300021939138,1.8355736638955005,1.9287770078998323,2.0381528778274314,1.796357007052402e-05,0.027434360772483977,0.25625050727432375,0.9357461512137848,0.9551823882095758,0.9695294431380711,0.9781061611863966,0.9848145120293278,0.9897381927710851,0.9889924919172346,0.9923760186610893,0.9948558639946828,0.0,0.0,0.0,0.0,0.0,0.011532520228562715,-0.5206246449079733,0.39262581207414604,0.05737129315365065
9.600000000000001,0.527065364756994,0.397409973584315,0.5228160124267356,0.032088125882059775,1.9549896279670012,1.1964417166402745,1.226172065188281,1.248389360517931,0.12015482087877462,0.12235988050583153,0.1253717568635225,1.8635659811471694,1.9549896279670012,2.0626922134953145,1.4877578691530535e-05,0.026762503100500382,0.2531199822475205,0.934151073407691,0.9536807992826211,0.9680818021884724,0.9775500808606564,0.9842979743638691,0.9892453411966026,0.98871131687462,0.9921157061972912,0.9946081330298324,0.0,0.0,0.0,0.0,0.0,0.011567326344823298,-0.5228160124267356,0.397409973584315,0.05678550610385618
9.8,0.5289641754607957,0.4020821997773185,0.5249312440598428,0.031260133348180126,1.9806425292840835,1.1940702102888654,1.2238555118505743,1.2460938066914113,0.12037617007203914,0.12259167911594075,0.12562075387820998,1.8909931009237275,1.9806425292840835,2.086657570096223,1.2349600005025885e-05,0.0261250717057445,0.2500982227716531,0.9325567242840561,0.9521713776845003,0.9666215865784104,0.9769936215650811,0.9837782079523327,0.9887477105054585,0.9884298701359403,0.9918536991891845,0.9943579372247465,0.0,0.0,0.0,0.0,0.0,0.011597438845459648,-0.5249312440598428,0.4020821997773185,0.05619494834563935
10.0,0.5308031424951706,0.40664488483556016,0.5269730709109494,0.030474050811090787,2.005745730214829,1.1917063214940262,1.2215333912936297,1.2437852391688997,0.12059959812694863,0.12282489692911912,0.12586993732813886,1.9178631871638379,2.005745730214829,2.1100619211596707,1.0274857746188585e-05,0.025519919906465648,0.2471813272700724,0.9309634524463524,0.9506546806173051,0.9651495189877476,0.9764369042418224,0.9832553947540015,0.988245533157041,0.988148212665454,0.9915900880249964,0.9941053916371507,0.0,0.0,0.0,0.0,0.0,0.011623026108051354,-0.5269730709109494,0.40664488483556016,0.05560082106872529
10.200000000000001,0.5325838577854852,0.41110037298308166,0.5289441149243577,0.0297272706463885,2.0303090943815634,1.1893505111658844,1.2192065922253104,1.2414648617005213,0.12082500651249566,0.12305945604655368,0.12611925466190746,1.9441844114042415,2.0303090943815634,2.132917902949032,8.568815302015634e-06,0.02494506442530515,0.2443655501080605,0.9293715956965221,0.949131249258977,0.9636662976414665,0.975880046605407,0.9827297119201264,0.9877390340858624,0.9878664038631535,0.9913249607554492,0.9938506076387847,0.0,0.0,0.0,0.0,0.0,0.011644250564899386,-0.5289441149243577,0.41110037298308166,0.05500423611287227
10.4,0.5343079023350358,0.4154509602229577,0.5308468939182375,0.029017381823095965,2.0543423387151942,1.187003220121348,1.216875971435686,1.2391338310989601,0.12105229978828706,0.12329528055684222,0.12636865465677963,1.9699649488364286,2.0543423387151942,2.1552378296673926,7.163217734715087e-06,0.02439867062245298,0.2416472944025178,0.9277814814523798,0.9476016093391463,0.9621725974963404,0.9753231632702671,0.9822013319777482,0.9872284310884807,0.9875845016272105,0.9910584031848501,0.9935936931079995,0.0,0.0,0.0,0.0,0.0,0.011661269008662184,-0.5308468939182375,0.4154509602229577,0.054406221272604166
10.600000000000001,0.5359768400987617,0.41969889587821685,0.5326838263227727,0.028342152329035482,2.077855040170209,1.1846648699181714,1.214542354896763,1.2367932592999897,0.12128138544747423,0.12353229646098413,0.12661808736707197,1.995212973982702,2.077855040170209,2.1770337073044,6.002843833792086e-06,0.023879039221501516,0.23902310525318182,0.9261934271397697,0.9460662716785326,0.9606690713386302,0.9747663658700313,0.9816704230010017,0.9867139351803966,0.9873025624123168,0.9907904989558788,0.9933347526072971,0.0,0.0,0.0,0.0,0.0,0.011674232872448384,-0.5326838263227727,0.41969889587821685,0.0538077253219029
10.8,0.5375922132887472,0.42384638395902424,0.5344572356274915,0.027699513460846502,2.100856641200075,1.1823358636412375,1.2122065388084704,1.2344442152983413,0.1215121737710504,0.12377043160245463,0.12686750407624892,2.0199366560453216,2.1008566412000755,2.198317246243165,5.042920809476864e-06,0.023384594447806033,0.23648966338929794,0.9246077405591289,0.944525732695135,0.959156350805751,0.9742097631684062,0.9811371487710154,0.9861957509273238,0.9870206412838316,0.9905213296286236,0.9930738875480216,0.0,0.0,0.0,0.0,0.0,0.011683288486072502,-0.5344572356274915,0.42384638395902424,0.05320962277348331
11.0,0.5391555411611562,0.4278955843692585,0.5361693545255194,0.02708754586887013,2.1233564540819208,1.180016586647418,1.209869290595431,1.2320877269573292,0.12174457769369124,0.12400961560188366,0.12711685725212532,2.044144153894392,2.1233564540819208,2.2190998727005193,4.2471602676988595e-06,0.02291387350379693,0.23404377924925787,0.9230247202304498,0.9429804748803229,0.9576350473308672,0.9736534611630142,0.9806016689254834,0.9856740767504429,0.9867387919684174,0.9902509747544171,0.9928111963420015,0.0,0.0,0.0,0.0,0.0,0.011688577310489154,-0.5361693545255194,0.4278955843692585,0.05261271839647319
11.200000000000001,0.5406683164081885,0.43184861401445823,0.5378223288646864,0.02650446683199723,2.1453636645912413,1.177707407273907,1.2075313498585498,1.2297247826981819,0.12197851268060142,0.1242497797959217,0.12736610050471858,2.0678436110278167,2.1453636645912413,2.239392739389808,3.586098331549914e-06,0.022465516961765394,0.2316823873361623,0.9214446557196415,0.9414309672475596,0.9561057530141133,0.9730975631832026,0.9800641390988417,0.9851491052068662,0.9864570669016796,0.9899795119449349,0.9925467745407536,0.0,0.0,0.0,0.0,0.0,0.01169023615614398,-0.5378223288646864,0.43184861401445823,0.05201775152043175
11.4,0.5421320023084502,0.43570754782316945,0.5394182214026952,0.025948618797704364,2.1668873349679703,1.1753936518147328,1.205193429284668,1.2273563330898245,0.12221389661336615,0.12449085717995656,0.12761681992106183,2.0910431504984293,2.1668873349679703,2.2592067353794287,3.035748842919765e-06,0.022038260113044467,0.22940254085329254,0.9198575081065584,0.939877665755954,0.9545690414336796,0.9725385330187264,0.9795247110538109,0.9846210232498065,0.9861736732949646,0.9897070169369475,0.9922807149645076,0.0,0.0,0.0,0.0,0.0,0.011688397385820337,-0.5394182214026952,0.43570754782316945,0.05142540010321343
11.600000000000001,0.5435480315491519,0.4394744196798328,0.5409590153507066,0.025418459094359375,2.187936406244119,1.173086425230529,1.2028562155172025,1.224983292352094,0.12245064968354348,0.12473278235437502,0.12786781670457292,2.113750869828553,2.187936406244119,2.2785524951964247,2.576558594854658e-06,0.021630925206903164,0.2272014066418477,0.9182708874992738,0.9383210137106417,0.9530254684051186,0.971979045314085,0.9789835328049876,0.9840900124712987,0.9858899661741103,0.9894335636530596,0.9920131078224803,0.0,0.0,0.0,0.0,0.0,0.011683189101717714,-0.5409590153507066,0.4394744196798328,0.050836284580793964
11.8,0.5449178053169313,0.44315122328712886,0.5424466177358641,0.02491255061616555,2.2085197001101586,1.1707896640423265,1.2005203699906284,1.2226065397736556,0.12268869429388943,0.12497549147406264,0.1281186575239335,2.1359748359942685,2.2085197001101586,2.2974404072986525,2.1925770925896085e-06,0.02124241442297263,0.2250762603773369,0.9166875321384342,0.9367614421419717,0.9514755726896736,0.9714200661089312,0.978440748735174,0.9835562493277221,0.9856064353429258,0.9891592242587917,0.9917440408245235,0.0,0.0,0.0,0.0,0.0,0.011674735319143759,-0.5424466177358641,0.44315122328712886,0.05025097151459444
12.0,0.5462426918439595,0.4467399129815432,0.5438828626196267,0.024429553337657162,2.2286459204420304,1.1685036825358561,1.1981865297313463,1.220226921049043,0.12292795496680509,0.12521892220086828,0.128369300192939,2.157723080551602,2.2286459204420304,2.315880622025899,1.870764669914012e-06,0.020871703466063974,0.22302448197196176,0.9151077008694097,0.9351993701652643,0.9499198766543989,0.9708616890714566,0.9778964997050567,0.9830199053490533,0.9853231284853952,0.9888840692163108,0.991473599284608,0.12903225806451613,0.0,0.0,0.0,0.0,0.01166315612948575,-0.5438828626196267,0.4467399129815432,0.04966997704244596
12.200000000000001,0.5475240262102654,0.4502424044993178,0.5452695141514415,0.023968216656794272,2.248323654468624,1.166228781478994,1.1958553081271226,1.2178452495448782,0.12316835825902889,0.1254630136587992,0.1286197034254053,2.1790035948949495,2.248323654468624,2.3338830590099047,1.6004437929159183e-06,0.020517835789731004,0.22104355121222627,0.9135316453653162,0.93363520532265,0.9483588868905453,0.9703040057578464,0.9773509231567581,0.9824811473340469,0.98504009226819,0.9886081673350754,0.9912018662172489,0.16129032258064516,0.0,0.0,0.0,0.0,0.011648567852283007,-0.5452695141514415,0.4502424044993178,0.04909377012984268
12.4,0.5487631104139538,0.4536605757021807,0.5466082694779533,0.02352737243483175,2.267561373689976,1.163965248585405,1.1935272956670786,1.21546230750236,0.12340983268188162,0.12570770639173587,0.12886982681166692,2.1998243256809196,2.267561373689976,2.35145741414324,1.3728642496396418e-06,0.020179917345270873,0.2191310436029239,0.911959610322903,0.9320693439083528,0.946793094794772,0.9697471056677116,0.9768041532117404,0.9819401375329,0.9847573723672336,0.9883315858196298,0.9909289224276544,0.1935483870967742,0.0,0.0,0.0,0.0,0.011631083177487955,-0.5466082694779533,0.4536605757021807,0.04852277564622914
12.600000000000001,0.5499612115478358,0.45699626728783915,0.5479007615593126,0.023105928566625907,2.2863674346932217,1.161713358953276,1.1912030606539774,1.2130788471797644,0.1236523086267052,0.12595294232347815,0.12911963079700883,2.220193170484873,2.2863674346932217,2.3686131662476693,1.1808233451550128e-06,0.019857111722420544,0.21728462634383913,0.9103918336453624,0.9305021712786284,0.9452229771156038,0.9691910762951625,0.9762563207634719,0.9813970338182152,0.9844750134920802,0.9880543903147655,0.9906548465960041,0.22580645161290322,0.0,0.0,0.0,0.0,0.011610811300577367,-0.5479007615593126,0.45699626728783915,0.04795737728472909
12.8,0.5511195629037663,0.4602512834562771,0.5491485618157288,0.022702863240597955,2.3047500796874814,1.1594733754803368,1.188883149890431,1.210695591938583,0.1238957182951479,0.12619866471994717,0.12936907666194514,2.240117973616577,2.3047500796874814,2.3853595832367342,1.0183911097437245e-06,0.0195486358207099,0.21550205454895888,0.9088285466126825,0.9289340621474831,0.9436489964674254,0.9686360031757215,0.9757075535652592,0.9808519898450377,0.9841930594082066,0.9877766449482455,0.9903797153562488,0.22580645161290322,0.0,0.0,0.0,0.0,0.01158785804825517,-0.5491485618157288,0.4602512834562771,0.047397920285604626
13.0,0.552239364629007,0.46342739255120363,0.5503531826572825,0.022317219672897962,2.3227174369522996,1.1572455492572449,1.1865680893406487,1.2083132372774392,0.12413999563389595,0.12644481815336472,0.12961812650415855,2.2596065221514907,2.3227174369522996,2.401705727980772,8.806858382186088e-07,0.019253755875838562,0.2137811676324535,0.9072699740407889,0.9273653808693081,0.9420716018146971,0.9680819699294945,0.9751579763136372,0.9803051552008766,0.9839115529574257,0.987498412371292,0.9901036033698849,0.25806451612903225,0.0,0.0,0.0,0.0,0.011562325996898812,-0.5503531826572825,0.46342739255120363,0.04684471401783388
13.200000000000001,0.5533217831924083,0.4665263276943448,0.5515160799311004,0.021948101239557417,2.3402775212574363,1.1550301199425221,1.184258384769089,1.2059324518184635,0.12438507627339349,0.1266913484682643,0.12986674322178235,2.278666542207779,2.3402775212574363,2.4176604639302353,7.636729344067658e-07,0.018971783780841883,0.21211988581271354,0.9057163344315343,0.9257964817093592,0.9404912289293892,0.9675290583013165,0.9746077107276472,0.979756675546732,0.9836305360767842,0.9872197537970064,0.989826583395221,0.29032258064516125,0.0,0.0,0.0,0.0,0.011534314585735797,-0.5515160799311004,0.4665263276943448,0.04629803441739996
13.4,0.5543679518035883,0.46954978740018616,0.5526386552503538,0.02159466705755956,2.3574382341860005,1.1528273161192433,1.1819545223571415,1.2035538782496473,0.1246308974702055,0.12693820274921055,0.13011489049803593,2.2973056954387947,2.357438234186001,2.4332324604256326,6.640082787957549e-07,0.01870207374885337,0.21051620678520874,0.9041678401135174,0.9242277091028698,0.9389083008239218,0.9669773481978463,0.9740568756242738,0.9792066927499093,0.9833500498159288,0.9869407290368554,0.9895487263525252,0.29032258064516125,0.0,0.0,0.0,0.0,0.011503920223762482,-0.5526386552503538,0.46954978740018616,0.0457581262717182
13.600000000000001,0.5553789710835028,0.472499436173424,0.5537222582169882,0.02125612794375112,2.374207364414284,1.1506373556340062,1.1796569692989674,1.2011781342254915,0.12487739805280305,0.12718532929010642,0.13036253278718676,2.315531575738487,2.3742073644142843,2.4484301977575007,5.789197821976954e-07,0.018444019261180177,0.20896820254715973,0.9026246973739495,0.9226593979035616,0.937323228161084,0.9664269177216751,0.9735055869903146,0.9786553450091192,0.9830701343529735,0.9866613965353649,0.9892701013853069,0.3225806451612903,0.0,0.0,0.0,0.0,0.011471236390898074,-0.5537222582169882,0.472499436173424,0.0452252053746082
13.8,0.556355909327099,0.47537690509628583,0.5547681885562956,0.020931742690091057,2.390592587992468,1.1484604459205419,1.177366174377581,1.1988058132285992,0.1251245183705133,0.12743267756497054,0.13060963530160447,2.333351706178292,2.390592587992468,2.4632619720093145,5.061037546949783e-07,0.01819705025193247,0.20747401634814897,0.9010871065830923,0.9210918736223006,0.9357364096426216,0.9658778432029783,0.972953958050945,0.9781027669724373,0.9827908290091335,0.9863818134031495,0.9889907759180182,0.3548387096774194,0.0,0.0,0.0,0.0,0.011436353734396165,-0.5547681885562956,0.47537690509628583,0.04469946055417437
14.0,0.5572998038549601,0.47818379239668646,0.5557776981394044,0.02062081468359255,2.4066014685807424,1.146296784309637,1.1750825685221713,1.1964374853949282,0.1253722002453701,0.12768019820007517,0.1308561639997431,2.3507735361555406,2.4066014685807424,2.4777358996309324,4.4364577473239165e-07,0.01796063055641439,0.2060318598008508,0.8995552623123072,0.9195254526565809,0.9341482323782426,0.9653301992290694,0.9724020993352155,0.9775490898487234,0.9825121722623079,0.9861020354484072,0.9887108157104789,0.3870967741935484,0.0,0.0,0.0,0.0,0.011399360160009697,-0.5557776981394044,0.47818379239668646,0.04418105556539771
14.200000000000001,0.5582116609102254,0.4809216640186126,0.5567519929489732,0.020322688743426045,2.422241457752955,1.1441465583264032,1.1728065653475386,1.194073698305202,0.12562038692662034,0.12792784294735193,0.13110208557495642,2.36780443877139,2.4222414577529556,2.491859921903052,3.8994728409611226e-07,0.01773425551726584,0.20464001007289542,0.8980293534463509,0.9179604425114319,0.9325590722366478,0.9647840586720757,0.9718501187386998,0.9769944415130478,0.9822342017597231,0.9858221172069789,0.9884302849092992,0.4193548387096774,0.0,0.0,0.0,0.0,0.011360340920067893,-0.5567519929489732,0.4809216640186126,0.04367013088794124
14.4,0.5590924563499353,0.4835920541803551,0.5576922349496612,0.02003674823974334,2.437519895288943,1.142009945975049,1.1705385616763626,1.1917149777446052,0.12586902304767902,0.1281755646589889,0.1313473674451494,2.384451708414536,2.437519895288943,2.5056418091804007,3.4367111863573606e-07,0.01751744980585985,0.2032968072147696,0.8965095632899169,0.9163971420122227,0.9309692941799375,0.9642394927147272,0.9712981215834527,0.9764389466065889,0.9819569543296293,0.9855421119710609,0.9881492460965335,0.45161290322580644,0.0,0.0,0.0,0.0,0.011319378697273702,-0.5576922349496612,0.4835920541803551,0.04316680540252794
14.600000000000001,0.5599431366779578,0.4861964659196275,0.5585995438682543,0.019762412452236883,2.452444009482425,1.13988711601182,1.1682789380450922,1.1893618284322063,0.12611805458539652,0.12842331726313647,0.13159197774321066,2.4007225585481753,2.452444009482425,2.5190891649512084,3.036986929427743e-07,0.017309765425633464,0.20200065161677955,0.894996069668795,0.9148358415098834,0.9293792525823082,0.9636965708743861,0.9707462106754723,0.9758827266313121,0.9816804659921154,0.9852620718166668,0.9878677603357224,0.45161290322580644,0.0,0.0,0.0,0.0,0.011276553684384502,-0.5585995438682543,0.4861964659196275,0.04267117796292818
14.8,0.5607646196768592,0.48873637163378947,0.5594749989058967,0.019499134120628283,2.4670209174976305,1.1377782282079931,1.1660280591941905,1.1870147347218514,0.12636742882147028,0.1286710557406419,0.13183588530802773,2.416624119699354,2.4670209174976305,2.5322094297605795,2.6909193859113717e-07,0.017110779858457253,0.20075000156300465,0.8934890450268901,0.9132768230790466,0.9277892915341335,0.9631553610257526,0.9701944863598343,0.9753259000398053,0.9814047719692645,0.9849820476299234,0.9875858872155092,0.4838709677419355,0.0,0.0,0.0,0.0,0.011231943660843666,-0.5594749989058967,0.48873637163378947,0.042183328874923924
15.0,0.5615577949675424,0.49121321361537434,0.5603196403815361,0.019246397182053485,2.481257625766522,1.1356834336037118,1.1637862745433867,1.184674161276508,0.12661709430580664,0.12891873610274612,0.13207905967600947,2.432163437642969,2.481257625766522,2.5450098849946174,2.390613685358349e-07,0.016920094351546323,0.19954337088351978,0.8919886565195897,0.9117203607095198,0.9261997451326981,0.9626159294224232,0.9696430465736547,0.9747685823207057,0.9811299066947352,0.9847020891322812,0.987303684891053,0.5483870967741935,0.0,0.0,0.0,0.0,0.011185624066527344,-0.5603196403815361,0.49121321361537434,0.041703321282341485
15.200000000000001,0.5623235248615627,0.49362840457878465,0.5611344712990307,0.01900371469193845,2.4951610304173744,1.1336028747525693,1.1615539186524966,1.1823405537174787,0.1268670008216961,0.12916631536968395,0.1323214710731396,2.4473474717707315,2.4951610304173744,2.5574976565187746,2.1294188964773837e-07,0.01673733234381405,0.1983793267156704,0.8904950661033392,0.9101667204914582,0.9246109377604851,0.9620783407172434,0.9690919868970083,0.9742108860800305,0.9808559038227461,0.9844222449047033,0.9870212101233931,0.5806451612903225,0.0,0.0,0.0,0.0,0.011137668072337306,-0.5611344712990307,0.49362840457878465,0.041231202463731555
15.4,0.5630626451862308,0.49598332817984914,0.5619204588467002,0.018770626901790655,2.508737917748715,1.1315366859576397,1.1593313116683868,1.180014339249479,0.1271170993527113,0.12941375155012957,0.13256309040749512,2.4621830936391156,2.508737917748715,2.5696797181915745,1.9017282691776438e-07,0.016562138010452896,0.19725648736185686,0.889008430621834,0.9086161607945977,0.9230231843515916,0.9615426579816028,0.9685414006019295,0.9736529211186045,0.9805827962365299,0.9841425624108984,0.9867385183168619,0.6129032258064516,0.0,0.0,0.0,0.0,0.011088146647991542,-0.5619204588467002,0.49598332817984914,0.040767005047922834
15.600000000000001,0.5637759659246395,0.4982793395307627,0.5626785358372631,0.01854669947534887,2.5219949647552857,1.1294849934999303,1.157118759758622,1.177695927262853,0.12736734205120598,0.1296610036214322,0.1328038892621279,2.476677085690233,2.5219949647552857,2.58156289526846,1.702798491624055e-07,0.016394174911166463,0.19617352023248122,0.8875289018894807,0.9070689324418905,0.9214367906471085,0.9610089427239017,0.9679913786996258,0.9730947945058724,0.9803106160563807,0.9838630880196602,0.9864556635546946,0.6451612903225806,0.0,0.0,0.0,0.0,0.011037128627423967,-0.5626785358372631,0.4982793395307627,0.04031074815319394
15.8,0.5644642719392283,0.5005177657088412,0.5634096020852697,0.018331521840415234,2.5349387396974876,1.1274479158596682,1.1549165555322916,1.1753857099143656,0.12761768220827566,0.12990803151059255,0.1330438398882723,2.490836140136631,2.534938739697488,2.5931538676932013,1.5286051862712245e-07,0.016233124741086454,0.19512913987818611,0.8860566267723426,0.9055252788778488,0.9198520534403253,0.9604772549072699,0.9674420099860034,0.9725366106503961,0.9800393946473318,0.9835838670263707,0.9861726986329816,0.7096774193548387,0.0,0.0,0.0,0.0,0.010984680771773433,-0.5634096020852697,0.5005177657088412,0.039862438452483585
16.0,0.5651283237973258,0.5026999062582845,0.5641145257230961,0.018124705665749526,2.5475757027141146,1.125425563930699,1.152724978448468,1.1730840626875763,0.12786807422508562,0.13015479607593516,0.13328291519885596,2.5046668580021905,2.5475757027141146,2.6044591732826956,1.3757350307432278e-07,0.01607868617647161,0.1941221061098627,0.8845917472667139,0.9039854363318752,0.9182692608123953,0.9599476529665842,0.9668933810856112,0.9719784713672501,0.9797691626264897,0.9833049436737167,0.9858896750930766,0.7741935483870968,0.0,0.0,0.0,0.0,0.010930867830015373,-0.5641145257230961,0.5026999062582845,0.039422071169500784
16.2,0.565768858476562,0.504827033686607,0.5647941444626882,0.017925883445647904,2.5599122064853703,1.1234180412284693,1.1505442952127483,1.1707913449335379,0.12811847358550044,0.13040125908943334,0.13352108876226826,2.5181757483135656,2.5599122064853703,2.6154852108192115,1.241287513993306e-07,0.01593057380126831,0.19315122219615968,0.8831344005756125,0.902449633976845,0.916688692358903,0.959420193824895,0.966345576494101,0.9714204759424742,0.9794999498700786,0.9830263611716682,0.9856066432525353,0.8709677419354839,0.0,0.0,0.0,0.0,0.010875752597519661,-0.5647941444626882,0.504827033686607,0.038989631010976654
16.400000000000002,0.5663865900145735,0.5069003939557537,0.5654492668047573,0.01773470718549542,2.571954496943116,1.1214254440920242,1.148374760162283,1.168507900392778,0.12836883682992603,0.13064738321964792,0.13375833479634425,2.5313692274343302,2.5719544969431163,2.6262382430533573,1.122785092035569e-07,0.015788517109733363,0.19221533313606093,0.8816847191834379,0.9009180940831788,0.915110619407883,0.9588949329093442,0.9657986786192806,0.9708627211947647,0.97923178552024,0.9827481617167622,0.9853236522346819,1.0,0.0,0.0,0.0,0.0,0.010819395972640339,-0.5654492668047573,0.5069003939557537,0.03856509303801394
16.6,0.5669822102657619,0.5089212069666242,0.5660806731942403,0.017550847185245372,2.583708714022075,1.1194478618802939,1.1462166156396891,1.1662340576995698,0.12861912153026925,0.1308931320152428,0.13399462816253963,2.544253618532482,2.5837087140220754,2.636724399617387,1.0181105091229303e-07,0.01565225958345162,0.1913133240082282,0.8802428309289417,0.8993910321686382,0.9135353052299312,0.9583719241666365,0.9652527678208528,0.9703053015346333,0.9789646979916171,0.982470386510736,0.9850407499969122,1.0,0.0,0.0,0.0,0.0,0.010761857011328813,-0.5660806731942403,0.5089212069666242,0.03814842347962855
16.8,0.567556389635026,0.5108906670376132,0.5666891171263192,0.01737399090901907,2.5951808924547843,1.117485377163019,1.1440700923562195,1.1639701308692534,0.12886928626594563,0.13113846988904304,0.1342299443602634,2.554453335188066,2.5951808924547843,2.646949679858092,9.254583925942284e-08,0.015521557833372843,0.19044411839097253,0.8788088590767154,0.8978686571440454,0.9119630052408422,0.9578512200781318,0.9647079224489085,0.9697483090211779,0.9786987149777605,0.9821930757785475,0.9847579833578133,1.0,0.0,0.0,0.0,0.0,0.010703192979936063,-0.5666891171263192,0.5108906670376132,0.0377395804928601
17.0,0.5681097776827245,0.5128099433780446,0.567275326207282,0.01720384193080324,2.6063769626118605,1.1155380659066205,1.1419354097445382,1.1617164197692382,0.12911929060088156,0.13138336210260348,0.13446425952133864,2.564049716890223,2.6063769626118605,2.6569199555968446,8.43279173325182e-08,0.01539618079892769,0.1896066768467398,0.8773829223873699,0.8963511714551353,0.9103939671971323,0.9573328716746289,0.9641642188812475,0.969191833416593,0.9784338634573893,0.9819162687858165,0.9844753980231583,1.0,0.0,0.0,0.0,0.0,0.010643459406367337,-0.567275326207282,0.5128099433780446,0.03733851487265665
17.2,0.5686430037766008,0.5146801805554755,0.5678400031693168,0.017040118955543467,2.617302751380285,1.1136059976551758,1.1398127763014367,1.1594732105743895,0.12936909506144756,0.13162777475125903,0.13469755040457942,2.573400902777377,2.617302751380285,2.6667308851424902,7.702341204453232e-08,0.015275909004360495,0.18879999547240459,0.8759651351864749,0.8948387712207057,0.9088284313848507,0.9568169285508615,0.9636217315595924,0.9686359622385575,0.9781701697005212,0.9816400038557227,0.9841930386108488,1.0,0.0,0.0,0.0,0.0,0.01058271012957325,-0.5678400031693168,0.5146801805554755,0.036982334062474066
17.400000000000002,0.5691566778258415,0.5165024989564097,0.5683838268404096,0.01688255491082884,2.627963983076807,1.1116892357067525,1.1377023899208123,1.1572407762075014,0.12961866111525952,0.13187167474962855,0.13492979439046024,2.582512494782048,2.627963983076807,2.676309474494065,7.051767439830408e-08,0.015160533868792262,0.1880231045137007,0.8745556074323874,0.8933316463672437,0.9072666308020887,0.9563034388797603,0.9630805330247523,0.968080780810641,0.9779076592744977,0.9813643183853916,0.9839109486748762,1.0,0.0,0.0,0.0,0.0,0.010520997347419014,-0.5683838268404096,0.5165024989564097,0.03663848032177914
17.6,0.5696513908815432,0.5182779952416243,0.5689074530745706,0.016730896097428567,2.6383662804008625,1.109787837285385,1.1356044382172126,1.1550193767654635,0.12986795115079594,0.1321150298175462,0.13516096947585043,2.5913899762081214,2.6383662804008625,2.685649082543422,6.471261794564781e-08,0.015049857060367034,0.18727506703632774,0.8731544447831489,0.8918299807601898,0.9057087913355278,0.9557924494265434,0.9625406939508029,0.9675263723108481,0.977646357049936,0.9810892488617967,0.9836291707283608,1.0,0.0,0.0,0.0,0.0,0.010458371663127491,-0.5689074530745706,0.5182779952416243,0.036301865731182686
17.8,0.5701277156539161,0.520007742795966,0.5694115156434307,0.016584901395617056,2.6485151654232926,1.107901853708849,1.133519098840239,1.1528092599316884,0.1301169284577819,0.1323578084663967,0.135391054268801,2.6000387139798296,2.6485151654232926,2.694755059915444,5.952226568307559e-08,0.014943689892368292,0.18655497765224166,0.8717617486624981,0.8903339523319768,0.9041551319313369,0.9552840055626576,0.9620022831783244,0.9669728178184083,0.9773862872066206,0.9808148308772042,0.9833477462657244,1.0,0.0,0.0,0.0,0.0,0.010394882130338193,-0.5694115156434307,0.520007742795966,0.0359724024199591
18.0,0.5705862071918033,0.5216927921712531,0.569896627087528,0.016444341530069757,2.6584160606014966,1.1060313305523293,1.1314465397800817,1.150610661375285,0.13036555720830034,0.13259997998583228,0.13562002798337827,2.608463960856265,2.6584160606014966,2.7036326457403095,5.4871558780543324e-08,0.014841852764311003,0.1858619613035314,0.8703776163250485,0.8888437332069876,0.9026058647606781,0.954778151279586,0.961465367746756,0.9664201963588988,0.9771274732393445,0.9805410991441881,0.9830667157840406,1.0,0.0,0.0,0.0,0.0,0.010330576296714175,-0.569896627087528,0.5216927921712531,0.035649999394949436
18.2,0.5710274035556638,0.5233341715229937,0.5703633795313762,0.016308998384193796,2.6680742898238705,1.1041763078082139,1.1293869196644584,1.1484238051374966,0.13061380243858758,0.1328415144308493,0.1358478704345228,2.616670857614968,2.668074289823871,2.712286969862456,5.069766096404066e-08,0.014744174640491341,0.18519517209803402,0.869002140920735,0.887359489823562,0.901061195380101,0.9542749292025678,0.9609300129259084,0.9658685849478005,0.9768699379637191,0.9802680875102364,0.9827861188036116,1.0,0.0,0.0,0.0,0.0,0.010265500246237486,-0.5703633795313762,0.5233341715229937,0.03533456293972245
18.400000000000002,0.5714518262198028,0.5249328870421529,0.5708123454668673,0.01617866435282349,2.67749507948878,1.1023368200421986,1.1273403880472177,1.1462489040059582,0.13086163003146503,0.13308238260920555,0.13607456203291643,2.6246644352107644,2.67749507948878,2.7207230550053514,4.69460276291038e-08,0.014650492556685844,0.1845537921901895,0.867635411558642,0.8858813830531693,0.8995213228871312,0.953774380604267,0.9603962822466808,0.9653180586325901,0.9766137035219765,0.9799958289719756,0.9825059938878258,1.0,0.0,0.0,0.0,0.0,0.010199698640358773,-0.5708123454668673,0.5249328870421529,0.03502599698313282
18.6,0.5718599805461029,0.5264899233804473,0.5712440785020712,0.0160531417398424,2.686683559606043,1.1005128965457633,1.1253070856888399,1.144086159877195,0.13110900669937378,0.13332255606915994,0.13630008377985642,2.6324496169022367,2.686683559606043,2.7289458188850007,4.356526402559384e-08,0.014560651161215474,0.18393703071132686,0.8662775133702022,0.8844095683168619,0.8979864400712682,0.953276545418391,0.9598642375310219,0.9647686905334454,0.9763587913887635,0.9797243556890268,0.9822263786623349,1.0,0.0,0.0,0.0,0.0,0.010133214757899106,-0.5712440785020712,0.5264899233804473,0.034724203438057315
18.8,0.5722523565873724,0.5280062440681599,0.5716591140750007,0.015932242204515685,2.6956447649117554,1.0987045614851083,1.1232871448290769,1.141935764107685,0.1313558999679906,0.13356200708751703,0.13652441726213135,2.6400312203407994,2.695644764911756,2.7369600762714454,4.051207848169218e-08,0.014474502294148664,0.18334412274999895,0.8649285275717957,0.8829441956991131,0.8964567335605376,0.9527814622532724,0.9593339389211677,0.9642205518826112,0.9761052223769333,0.9794536989975211,0.9819473098335724,1.0,0.0,0.0,0.0,0.0,0.010066090533662045,-0.5716591140750007,0.5280062440681599,0.034429082514925526
19.0,0.5726294296070887,0.5294827919269184,0.5720579701405722,0.01581578623647467,2.704383636011448,1.0969118340467883,1.1212806894519745,1.1397978978540046,0.13160227816038078,0.13380070865796015,0.13674754464687616,2.647413959634592,2.704383636011448,2.744770541014516,3.775525785078191e-08,0.014391904587262371,0.182774328370611,0.863588531526876,0.8814854100591453,0.8949323839638783,0.9522891684054594,0.958805444908205,0.9636737120625254,0.9758530166433609,0.9791838894232847,0.981668823206666,1.0,0.0,0.0,0.0,0.0,0.009998366596047276,-0.5720579701405722,0.5294827919269184,0.03414053301241068
19.200000000000003,0.5729916601176692,0.530920489477752,0.5724411478317759,0.01570360265191031,2.712905020554574,1.0951347285801187,1.1192878355434748,1.137672732402536,0.13184811038164743,0.1340386344796576,0.13696944867640198,2.6546024473887595,2.712905020554574,2.752381828034077,3.52621138982727e-08,0.014312723078473243,0.18222693166889145,0.8622575988076536,0.8800333511398387,0.8934135660096272,0.9517996998733298,0.9582788123599808,0.9631282386427946,0.9756021936947874,0.9789149566947193,0.9813909537027895,1.0,0.0,0.0,0.0,0.0,0.00993008230371377,-0.5724411478317759,0.530920489477752,0.03385845258201711
19.400000000000002,0.5733394945001016,0.5323202393407309,0.5728091320865725,0.015595528137523896,2.721213674409328,1.0933732547363317,1.1173086913418122,1.1355604294888715,0.13209336650407646,0.13427575894612961,0.13719011266301065,2.6616011967036544,2.721213674409328,2.759798455256103,3.299299533632597e-08,0.014236828864634666,0.18170123987632486,0.8609357992562489,0.8785881536742989,0.8919004486801095,0.951313091370697,0.9577540965483922,0.9625841974160223,0.9753527723936805,0.9786469297553866,0.9811137353759531,1.0,0.0,0.0,0.0,0.0,0.009861275780978812,-0.5728091320865725,0.5323202393407309,0.03358273797008268
19.6,0.5736733662264769,0.533682924627168,0.5731623922461202,0.015491406839560374,2.7293142628359273,1.0916274176046488,1.1153433575809217,1.1334611416072464,0.1323380171527541,0.13451205713436037,0.1374095204837783,2.66841462313584,2.7293142628359273,2.7670248455060276,3.092749638706094e-08,0.014164098790660266,0.18119658250554246,0.8596231990454338,0.877149947490181,0.8903931953424896,0.9508293763404524,0.9572313511760914,0.9620416524325411,0.9751047709641314,0.9783798367763122,0.9808372014292606,1.0,0.0,0.0,0.0,0.0,0.009791983952107744,-0.5731623922461202,0.533682924627168,0.0333132852472267
19.8,0.573993695835901,0.5350094093296542,0.5735013826387608,0.015391089946772388,2.7372113617057163,1.0898972178454942,1.1133919277270627,1.131375012310791,0.1325820336915791,0.13474750479414246,0.13762765657528658,2.675047046648271,2.7372113617057163,2.7740653283887533,2.9065852748417685e-08,0.014094415129693656,0.18071231051605602,0.8583198607390587,0.8757188576118535,0.8888919638763669,0.9503485869682836,0.9567106284026317,0.9615006660342216,0.9748582069978107,0.9781137051680332,0.9805613842307193,1.0,0.0,0.0,0.0,0.0,0.009722242575022758,-0.5735013826387608,0.5350094093296542,0.033049990018645704
20.0,0.5743008900729298,0.5363005387064803,0.5738265431390763,0.015294435277946695,2.744909458752272,1.0881826518207804,1.1114544882088135,1.1293021765026865,0.13282538820967477,0.13498207833764478,0.13784450592831582,2.6815026935324013,2.744909458752272,2.780924142131207,2.7372731228873305e-08,0.01402766526400911,0.18024779551560527,0.8570258433520836,0.8742950043604475,0.8873969067980957,0.9498707541964357,0.9561919788700736,0.9609612988873465,0.9746130974599654,0.9778485615923878,0.9802863153286,1.0,0.0,0.0,0.0,0.0,0.009652086274099539,-0.5738265431390763,0.5363005387064803,0.03279274760274091
20.200000000000003,0.5745953441816264,0.5375571396506165,0.5741382996791984,0.015201306975567864,2.7524129547486846,1.0864837117212285,1.1095311186406474,1.1272427607177498,0.13306805350827042,0.13521575482919132,0.1380600540825109,2.6877856982530823,2.7524129547486846,2.787605435336927,2.580831587977885e-08,0.013963741457690623,0.17980242902971658,0.8557412024101488,0.8728785034518785,0.8859081713814058,0.9493959077374975,0.9556754517280813,0.9604236100143989,0.9743694586954493,0.9775844319740689,0.9800120254662648,1.0,0.0,0.0,0.0,0.0,0.00958154857117137,-0.5741382996791984,0.5375571396506165,0.032541453203285574
20.400000000000002,0.5748774420311852,0.5387800210722824,0.5744370647881059,0.015111575163267797,2.759726164768924,1.0847690093916578,1.107621892043354,1.1251968833995025,0.13331000308747062,0.13544851197486438,0.1382782866226244,2.693900105361412,2.759726164768924,2.79411326882025,2.4380624114071043e-08,0.013902540593506794,0.17937562173127733,0.8544421982258747,0.8714694660951874,0.8844258997778973,0.9489152686114154,0.9551610946593635,0.9598876568260487,0.9741227857111733,0.9773213415123766,0.9797385445971214,1.0,0.0,0.0,0.0,0.0,0.009510661917819949,-0.5744370647881059,0.5387800210722824,0.032296002093497554
20.6,0.5751475553983006,0.5399699742422001,0.5747232380339032,0.015025115606115356,2.7668533194152656,1.083066764859532,1.1057268750483469,1.1231646551574395,0.1335512111347323,0.13568032811351685,0.1384956171371893,2.699849871211,2.7668533194152656,2.8004516172376968,2.307422032355795e-08,0.013843963910648148,0.17896680280870955,0.8531501969043457,0.8700679990815853,0.8829502291262655,0.9484367370757739,0.9546489539019507,0.9593534951493091,0.9738771323059843,0.9770593146913765,0.9794659018976484,1.0,0.0,0.0,0.0,0.0,0.009439457722662178,-0.5747232380339032,0.5399699742422001,0.03205628973205105
20.8,0.5754060454437161,0.5411277731739123,0.5749972065357821,0.01494180944120631,2.773798566102984,1.0813798633207887,1.1038461281143441,1.1211461790383646,0.13379165251105685,0.13591118220574588,0.13871166376204552,2.705638865869561,2.773798566102984,2.8066243708956846,2.187779263736452e-08,0.013787916801727364,0.17857541923459683,0.8518674423676008,0.8686742048851195,0.8814812916747169,0.9479611521223011,0.9541390742759388,0.9588211792607075,0.9736329301092433,0.9767983752923627,0.9791941257830022,1.0,0.0,0.0,0.0,0.0,0.00936796638385659,-0.5749972065357821,0.5411277731739123,0.03182221190906394
21.0,0.5756532626502519,0.5422541749439319,0.5752593453810276,0.014861542893018588,2.780565970186552,1.0797082928371793,1.101979705706293,1.119141550748771,0.13403130274239325,0.13614105382694172,0.13892641280529655,2.7112708747196597,2.7805659701865526,2.8126353372766673,2.0781829273917795e-08,0.013734308594600356,0.17820093516996044,0.850593985465021,0.8672881817379218,0.8800192148707326,0.9474885417532295,0.9536314992011785,0.9582907619078709,0.9733901945971993,0.9765385464017159,0.978923243916735,1.0,0.0,0.0,0.0,0.0,0.009296217313102872,-0.5752593453810276,0.5422541749439319,0.03159366486882445
21.200000000000003,0.5758895467624175,0.5433499200591546,0.575510018071865,0.014784207000667522,2.78715951631656,1.0780520377096758,1.1001276565050215,1.1171508589164945,0.13427013800578594,0.13636992315608162,0.13913985109538438,2.7167496002957727,2.78715951631656,2.8184882427696434,1.9775554231275783e-08,0.01368305234202877,0.17784283132590703,0.8493298737927538,0.8659100237305029,0.8785641214821969,0.94701893280884,0.9531262707243257,0.9577622943427019,0.9731489406579502,0.9762798504235688,0.9786532832264514,1.0,0.0,0.0,0.0,0.0,0.009224238966114073,-0.575510018071865,0.5433499200591546,0.0313705454155419
21.400000000000002,0.5761152279185314,0.5444157327874422,0.5757495769149128,0.014709697393021576,2.793583109660369,1.076411078592454,1.0982900235949211,1.115174185324642,0.13450813511822193,0.13659777096668455,0.13935196597580943,2.7220786639372108,2.7935831096603696,2.8241867342456173,1.884813700854182e-08,0.013634064652739523,0.1775006044072673,0.8480751517501093,0.8645398208981973,0.8771161297011985,0.9465523509809445,0.9526234295410693,0.9572358263485276,0.9729091825974128,0.9760223090900312,0.9783842699164148,1.0,0.0,0.0,0.0,0.0,0.009152058868380872,-0.5757495769149128,0.5444157327874422,0.03115275101116696
21.6,0.5763306262212101,0.5454523215133709,0.5759783634665744,0.014637914037196125,2.7998405772045354,1.074785392607192,1.0964668446513801,1.113211605143942,0.13474527152508842,0.13682457861729505,0.13956274529944357,2.727261607566854,2.7998405772045354,2.829734380735884,1.799478556311847e-08,0.013587265495675238,0.17717376647632235,0.8468298605977304,0.8631776593097134,0.8756753532494292,0.9460888208272191,0.9521230150193519,0.9567114062680652,0.9726709341457498,0.975765943471945,0.9781162294805942,1.0,0.0,0.0,0.0,0.0,0.009079703643953663,-0.5759783634665744,0.5454523215133709,0.030940179878920955
21.8,0.5765360527284388,0.5464603790257646,0.5761967088423258,0.014568761041523602,2.805935668872714,1.0731749534435575,1.0946581521042535,1.11126318713482,0.13498152529172353,0.13705032804444445,0.13977217742427409,2.732301895128823,2.8059356688727144,2.8351346747860746,1.7212016959594366e-08,0.013542578052925408,0.17686184451096312,0.8455940385067134,0.8618236211400594,0.8742419014640153,0.9456283657823558,0.9516250652170821,0.9561890810245007,0.9724342084621818,0.9755107739868418,0.9778491867122152,1.0,0.0,0.0,0.0,0.0,0.009007199035656235,-0.5761967088423258,0.5464603790257646,0.03073273106770833
22.0,0.5767318094409639,0.5474405828764813,0.5764049341111654,0.014502146439179908,2.811872058950915,1.0715797314804956,1.0928639733332008,1.109328993888946,0.13521687508964214,0.1372750017511795,0.13998025120609536,2.7372029143824066,2.811872058950915,2.8403910341630443,1.6485109206607023e-08,0.013499928552267929,0.17656437984119225,0.8443677206251293,0.8604777847693978,0.8728158794149249,0.9451710081758805,0.951129616909579,0.9556688961542944,0.9721990181432459,0.9752568204119082,0.9775831657193279,1.0,0.0,0.0,0.0,0.0,0.008934569934781325,-0.5764049341111654,0.5474405828764813,0.03053030452450678
22.200000000000003,0.5769181899646523,0.5483935956835703,0.5766033506611179,0.014437982005050204,2.8176533471965235,1.06999969388189,1.0910843308208267,1.1074090820177451,0.1354513001886293,0.1374985828003478,0.14018695599417383,2.7419679784178514,2.8176533471965235,2.8455068032887527,1.5812269232723824e-08,0.013459246128215365,0.17628092762697437,0.8431509391263723,0.85914022485257,0.8713973879859782,0.9447167692433995,0.9506367056064774,0.9551508958269672,0.9719653752276985,0.9750041018915756,0.9773181899337449,1.0,0.0,0.0,0.0,0.0,0.008861840402961216,-0.5766033506611179,0.5483935956835703,0.03033280118073324
22.400000000000002,0.5770954787401598,0.5493200654407614,0.5767922605348451,0.014376183048767428,2.823283060083139,1.0684348046974466,1.0893192423147495,1.1055035023516326,0.1356847804470264,0.13772105480633082,0.14039228162590245,2.7466003272038066,2.823283060083139,2.850485254685201,1.5194844950126768e-08,0.013420462660090568,0.1760110563787926,0.8419437232628727,0.8578110123972753,0.8699865239661143,0.9442656691400231,0.9501463655720148,0.9546351228688398,0.971733291202555,0.974752636946865,0.9770542821220207,1.0,0.0,0.0,0.0,0.0,0.008789033695257187,-0.5767922605348451,0.5493200654407614,0.03014012300400324
22.6,0.5772639515421041,0.5502206258139213,0.5769719567117106,0.014316668249211684,2.8287646520592515,1.0668850249663366,1.08756872099114,1.1036123001414708,0.13591729630122068,0.13794240192613386,0.14059621842075526,2.751103129069606,2.8287646520592515,2.855329590387747,1.4613206408419772e-08,0.013383512646665431,0.17575434755469901,0.8407460994233151,0.8564902148453846,0.8685833801447249,0.9438177269552882,0.949658629846692,0.9541216187884844,0.9715027770099243,0.9745024434854576,0.9767914643973324,1.0,0.0,0.0,0.0,0.0,0.008716172282241516,-0.5769719567117106,0.5502206258139213,0.02995217303285144
22.8,0.5774238777999189,0.551095896439133,0.5771427234244894,0.014259359540412256,2.834101506691844,1.0653503128146395,1.085832775606615,1.1017355152445298,0.13614882875651652,0.13816260885148737,0.1407987571747196,2.755479482195665,2.834101506691844,2.8600429433687107,1.4079947808899811e-08,0.01334833312562715,0.17551039510787234,0.8395580911864288,0.8551778961474856,0.8671880453978862,0.9433729607269924,0.949173530266658,0.9536104237990805,0.971273843053302,0.9742535388106238,0.9765297582297974,1.0,0.0,0.0,0.0,0.0,0.008643277871839897,-0.5771427234244894,0.551095896439133,0.029768855447189997
23.0,0.5775755182454689,0.5519464832417263,0.5773048364940777,0.014204181894671306,2.839296938021741,1.0638306235571964,1.0841114106572287,1.09987318231831,0.13637935937653317,0.13838166079961256,0.14099988915381634,2.7597324162086316,2.8392969380217417,2.8647011405815923,1.3587788271256942e-08,0.013314863497938154,0.17527880500846044,0.8383797193795037,0.8538741168446978,0.8658006047827251,0.942931387456986,0.9486910974859939,0.9531015768439738,0.9710464992048946,0.9740059396316589,0.9762691844584572,1.0,0.0,0.0,0.0,0.0,0.008570371434036314,-0.5773048364940777,0.5519464832417263,0.029620150371593216
23.200000000000003,0.5777191261252956,0.5527729786837124,0.5774585635679091,0.014151063204562145,2.8443541915803334,1.0623259097803914,1.0824046265073517,1.0980253309783898,0.1366088702765566,0.13859954350736944,0.14119960608981913,2.763864893418562,2.8443541915803334,2.8692358144788432,1.3128817427681491e-08,0.013283045441771385,0.17505919490298694,0.8372110021234107,0.8525789341296179,0.8644211396072566,0.9424930231220979,0.9482113609914993,0.9525951156134681,0.9708207548104582,0.9737596620705004,0.9760097632987933,1.0,0.0,0.0,0.0,0.0,0.008497473216508566,-0.5774585635679091,0.5527729786837124,0.029476466188612903
23.400000000000002,0.5778549476292175,0.5535759620721604,0.5776041644190694,0.014099934148017928,2.84927644569019,1.060836121442545,1.0807124195432225,1.0961919859854619,0.1368373441128125,0.13881624322186795,0.14139790017333417,2.767879810360802,2.84927644569019,2.8736471872136,1.27024035352483e-08,0.013252822809169068,0.1748511936870437,0.8360519548924846,0.8512924019276837,0.8630497275240665,0.9420578826908124,0.9477343491252292,0.9520910765705707,0.9705966186971201,0.9735147216723398,0.9757515143548507,1.0,0.0,0.0,0.0,0.0,0.008424602768336537,-0.5776041644190694,0.5535759620721604,0.029336589771302348
23.6,0.5779832220085002,0.5543559998366027,0.577741891199791,0.0140507280564278,2.85406681266758,1.0593612059654407,1.0790347823124709,1.0943731674148198,0.1370647640734258,0.13903174669243426,0.14159476404773444,2.771779999183013,2.85406681266758,2.8779381455181765,1.230694866176941e-08,0.01322414152469618,0.17465444114315568,0.8349025905687816,0.8500145709697435,0.8616864426130978,0.9416259801380326,0.9472600891039986,0.9515894949729717,0.9703740991802361,0.9732711334147005,0.9754944566294573,1.0,0.0,0.0,0.0,0.0,0.00835177895982131,-0.577741891199791,0.5543559998366027,0.02920043691086389
23.8,0.5781041816719007,0.5551136457978478,0.5778719886927732,0.014003380789758418,2.858728339980553,1.0579011083211631,1.0773717036561878,1.0925688908168167,0.13729111387004467,0.13924604116312628,0.14179019080341318,2.775568228989239,2.8587283399805536,2.8821115140637352,1.1939060611195335e-08,0.013196949489366758,0.1744685875817525,0.8337629194938522,0.8487454888606841,0.8603313554597366,0.9411973284590952,0.9467886070376323,0.9510904048935133,0.9701532040698847,0.9730289117159017,0.9752386085336914,1.0,0.0,0.0,0.0,0.0,0.008279020001290452,-0.5778719886927732,0.5551136457978478,0.029067924801110874
24.0,0.5782180524680222,0.5558494414322012,0.5779946945542326,0.013957830622623376,2.8632640113928822,1.0564557711173463,1.0757231688374025,1.0907791673726717,0.137516377729601,0.13945911436531971,0.14198417397195387,2.7792472071610055,2.8632640113928822,2.8861700566762267,1.1596547656334678e-08,0.013171196493596337,0.17429329349395337,0.8326329495204199,0.8474852001469774,0.8589845332313863,0.940771939683935,0.9463199279470207,0.9505938392403113,0.9699339406774578,0.9727880704434363,0.9749839878961943,1.0,0.0,0.0,0.0,0.0,0.008206343461463858,-0.5779946945542326,0.5558494414322012,0.028938972042760264
24.200000000000003,0.5783250539071936,0.5565639161321702,0.5781102395447467,0.013914018135162343,2.867676748112468,1.0550251346817618,1.0740891596674491,1.0890040040472093,0.13774054038601805,0.13967095451018158,0.14217670752009717,2.7828195806608504,2.8676767481124683,2.890116477541435,1.1277882446763312e-08,0.013146834133646892,0.17412822922179028,0.8315126860646407,0.8462337463842324,0.8576460397536795,0.9403498248916473,0.9458540757823748,0.9500998297769554,0.9697163158224794,0.9725486229224786,0.9747306119725451,1.0,0.0,0.0,0.0,0.0,0.008133766285571359,-0.5781102395447467,0.5565639161321702,0.028813498643942982
24.400000000000002,0.5784253993243905,0.5572575874635336,0.5782188477523357,0.013871886108436168,2.871969409935256,1.0536091371454475,1.0724696546294075,1.0872434037378023,0.1379635870719651,0.1398815502811438,0.1423677858436159,2.7862879373176677,2.8719694099352564,2.893953422396642,1.0981230714597397e-08,0.013123815731303978,0.17397307463952041,0.8304021321583084,0.8449911662040919,0.8563159355857084,0.9399309942252154,0.9453910734414414,0.9496084071425555,0.9695003358395297,0.9723105819443911,0.974478497454578,1.0,0.0,0.0,0.0,0.0,0.008061304813157491,-0.5782188477523357,0.5572575874635336,0.02869142601852457
24.6,0.578519296138374,0.5579309614120123,0.5783207368018721,0.013831379428118152,2.8761447963498856,1.0522077145223803,1.0708646289958998,1.08549736541647,0.13818550351105632,0.14009089082673987,0.14255740376137446,2.789654807060061,2.876144796349886,2.8976834796764877,1.0704867684185888e-08,0.013102096260402802,0.17382751885446832,0.8293012884993952,0.8437574953783299,0.8549942780919391,0.9395154569057896,0.944930942786877,0.9491196008707723,0.9692860065849584,0.9720739597748225,0.974227660479203,1.0,0.0,0.0,0.0,0.0,0.007988974794662013,-0.5783207368018721,0.5579309614120123,0.02857267698288807
24.8,0.5786069457816598,0.5585845326434108,0.5784161180816756,0.013792444984322454,2.880205647706791,1.0508208007918376,1.0692740549495208,1.0837658842746016,0.13840627590930277,0.14029896575273573,0.14274555650874887,2.7929226632170536,2.880205647706791,2.9013091817218855,1.0447421307605348e-08,0.013081632268699166,0.17369125988332057,0.8282101535057265,0.8425327668864665,0.8536811215178892,0.93910322124833,0.9444737046651287,0.9486334394104455,0.969073333444324,0.9718387681626013,0.973978116638065,1.0,0.0,0.0,0.0,0.0,0.007916791410018359,-0.5784161180816756,0.5585845326434108,0.028457175751158525
25.0,0.5786885442456173,0.5592187847206671,0.5785051969111041,0.013755031593884815,2.884154646212818,1.049448327969815,1.067697901687226,1.082048951848534,0.13862589094859834,0.14050576511599988,0.14293223973225902,2.7960939236033355,2.884154646212818,2.9048330057957887,1.0207579415295816e-08,0.01306238182025167,0.17356400441270822,0.8271287233610362,0.8413170109724958,0.8523765170530431,0.9386942946745482,0.9440193789214506,0.9481499501417024,0.9688623213384596,0.9716050183466655,0.9737298809849091,1.0,0.0,0.0,0.0,0.0,0.007844769281691644,-0.5785051969111041,0.5592187847206671,0.02834484792822607
25.200000000000003,0.5787642819709006,0.5598341903776922,0.5785881727630626,0.013719089906902664,2.8879944172001015,1.0480902261955367,1.0661361355447696,1.0803465561683312,0.13884433577685062,0.14071127941540806,0.1431174494818877,2.799170951888461,2.8879944172001015,2.9082573753715137,9.98408792645083e-09,0.013044304421852108,0.1734454674813391,0.8260569920738631,0.8401102552184418,0.8510805129130524,0.9382886837308805,0.9435679844213956,0.9476691593994111,0.9686529747321554,0.9713727210663423,0.9734829680467351,1.0,0.0,0.0,0.0,0.0,0.007772922495353593,-0.5785881727630626,0.5598341903776922,0.028235620499522256
25.400000000000002,0.5788343442016906,0.56043121172438,0.5786652394252378,0.0136845723339818,2.891727530066506,1.0467464237968744,1.0645887200920428,1.0786586818723787,0.13906159800208906,0.1409154995862146,0.14330118220600496,2.8021560586219003,2.891727530066506,2.911584661090926,9.775846300918382e-09,0.013027360968525149,0.17333537224966025,0.8249949515207698,0.838912524596877,0.8497931543976303,0.9378863941007087,0.9431195390646469,0.9471910924878315,0.968445297639896,0.9711418865677106,0.9732373918304561,1.0,0.0,0.0,0.0,0.0,0.007701264611724032,-0.5786652394252378,0.56043121172438,0.028129421822891094
25.6,0.5788989109934825,0.5610103004736288,0.5787365851852443,0.013651432967443124,2.8953564993214167,1.045416847361819,1.0630556162351157,1.0769853103292613,0.13927766568528335,0.14111841699323027,0.1434834347452265,2.8050515023681437,2.895356499321417,2.9148171818263444,9.581858028507306e-09,0.013011513682461612,0.17323344973536528,0.8239425914952015,0.8377238415298751,0.8485144839555092,0.9374874306188831,0.9426740598014303,0.9467157736980707,0.9682392936328021,0.9709125246113129,0.9729931658310181,1.0,0.0,0.0,0.0,0.0,0.00762980868155691,-0.5787365851852443,0.5610103004736288,0.028026181618642433
25.8,0.5789581574001802,0.5615718981666024,0.5788023929999476,0.013619627510261162,2.8988837856481613,1.0441014218108515,1.061536782318351,1.0753264197593249,0.13949252733283757,0.14132002342367125,0.143664204325903,2.8078594908330117,2.8988837856481617,2.917957205746391,9.401179830897287e-09,0.012996726058563814,0.17313943857150327,0.8228998997579166,0.8365442259492893,0.8472445412506844,0.9370917972870066,0.9422315626496116,0.9462432263262073,0.96803496584599,0.9706846444802371,0.9727503030398822,1.0,0.0,0.0,0.0,0.0,0.007558567260570678,-0.5788023929999476,0.5615718981666024,0.027925830957612238
26.0,0.5790122536718463,0.562116436394556,0.57886284065852,0.013589113208846907,2.9023117969574965,1.0428000704676035,1.0600321742240253,1.0736819853532138,0.1397061718891128,0.1415203110800212,0.1438434885536,2.81058218197278,2.9023117969574965,2.9210069513680414,9.232953169904847e-09,0.012982962812980836,0.17305308477354275,0.8218668620869196,0.835373695356345,0.8459833632278512,0.9366994972887064,0.9417920627117218,0.945773472691313,0.9678323169859409,0.970458254988185,0.9725088159534774,1.0,0.0,0.0,0.0,0.0,0.00748755242410018,-0.57886284065852,0.562116436394556,0.027828302247821048
26.200000000000003,0.5790613653617559,0.5626443370137013,0.5789181009428161,0.013559848787554334,2.9056428894062107,1.0415127151262582,1.058541745467151,1.072051979384693,0.13991858872933838,0.14171927257322228,0.14402128540679038,2.8132216850685063,2.9056428894062107,2.923968588573346,9.076402362827002e-09,0.012970189832666717,0.17297414151026264,0.8208434623256247,0.8342122648787078,0.8447309841749234,0.936310533004397,0.9413555741912175,0.9453065341525781,0.9676313493376308,0.9702333644871701,0.972268716581213,1.0,0.0,0.0,0.0,0.0,0.0074167757809728285,-0.5789181009428161,0.5626443370137013,0.027733529220645144
26.400000000000002,0.5791056534527209,0.5631560123526553,0.5789683417790243,0.013531794387205337,2.908879368387749,1.0402392761167183,1.0570654472865013,1.0704363713187006,0.14012976765280385,0.141916900916075,0.1441975932306266,2.8157800617632764,2.908879368387749,2.9268442395941157,8.930805039573721e-09,0.012958374128173128,0.17290236888710814,0.8198296824300247,0.833059947325754,0.8434874357832824,0.9359249060258317,0.9409221104082495,0.9448424311257795,0.9674320647715701,0.9700099808749756,0.9720300164531739,1.0,0.0,0.0,0.0,0.0,0.00734624848662796,-0.5789683417790243,0.5631560123526553,0.027641446916574955
26.6,0.5791452745096499,0.5636518654161234,0.5790137263826034,0.013504911507266897,2.9120234895132318,1.0389796723688387,1.0556032287335375,1.0688351279166086,0.14033969887608627,0.1421131895166302,0.144372410730621,2.818259327080617,2.9120234895132318,2.929635979982553,8.795493771393645e-09,0.012947483789349273,0.172837533739138,0.8188255025158677,0.8319167532433126,0.8422527472072281,0.9355426171708157,0.9404916838154022,0.9443811830996306,0.9672344647509459,0.9697881116026243,0.9717927266277754,1.0,0.0,0.0,0.0,0.0,0.007275981255976671,-0.5790137263826034,0.5636518654161234,0.02755199167036051
26.8,0.5791803808032419,0.5641322900865902,0.5790544134002646,0.013479162950151058,2.915077459587118,1.0377338214758014,1.0541550367595331,1.0672482133392065,0.1405483730262522,0.14230813217154042,0.1445457369662282,2.820661450432951,2.9150774595871183,2.9323458395737396,8.669860051715384e-09,0.012937487942519185,0.17277940942819336,0.8178309009058848,0.8307826909680825,0.8410269451229859,0.9351636664980996,0.9400643060134887,0.9439228086521514,0.9670385503388774,0.9695677636818953,0.9715568576994483,1.0,0.0,0.0,0.0,0.0,0.007205984376181682,-0.5790544134002646,0.5641322900865902,0.02746510109537598
27.0,0.5792111204246597,0.5645976713220899,0.5790905570470569,0.013454512768099553,2.9180434375690227,1.036501639755966,1.0527208163002355,1.0656755892466805,0.14075578113413864,0.14250172305946648,0.1447175713444274,2.8229883566104497,2.9180434375690227,2.9349758034313047,8.553341419859334e-09,0.012928356709614366,0.1727277756470615,0.8168458541764981,0.8296577666811691,0.8398100537866603,0.9347880533222303,0.939639987767183,0.9434673254668201,0.9668443222056688,0.9693489436927751,0.9713224198062324,1.0,0.0,0.0,0.0,0.0,0.0071362677190939805,-0.5790905570470569,0.5645976713220899,0.02738071406732201
27.200000000000003,0.5792376374103557,0.5650483853488341,0.5791223072373954,0.013430926213028303,2.9209235355163305,1.0352772575911402,1.051300510357723,1.0641172148950835,0.1409619146277877,0.14269395673459334,0.1448887231899758,2.8252419267441704,2.920923535516331,2.9375295992002495,8.445416020353205e-09,0.012920061169652863,0.17268241823229225,0.8158657032355885,0.828541984460433,0.8386020950907137,0.9344140071038065,0.9392187390203776,0.9430147503483538,0.9666508655539532,0.9691316577907861,0.9710894226371979,1.0,0.0,0.0,0.0,0.0,0.007066840753206155,-0.5791223072373954,0.5650483853488341,0.027299509098311005
27.400000000000002,0.5792600718588814,0.5654847998495329,0.5791498097115558,0.01340836968872026,2.9237198195100484,1.034039080979606,1.049894060079726,1.062573047229612,0.14116676532600436,0.14288482812022826,0.1450622154995304,2.8274239992476646,2.923719819510049,2.940055497563772,8.345603978545728e-09,0.012912573322002614,0.17264312898349152,0.8148731495463959,0.8274353463318254,0.8374030886191544,0.9340349222862068,0.9388005689113179,0.9425650992381777,0.9664547634248916,0.9689159117142252,0.9708578754397277,1.0,0.0,0.0,0.0,0.0,0.0069977125552447145,-0.5791498097115558,0.5654847998495329,0.02724059480150615
27.6,0.5792785600381476,0.5659072741481629,0.5791732061581145,0.013386810705143234,2.9264343105672506,1.0328143423800666,1.048501404836766,1.0610430409751925,0.1413703254319794,0.14307433250244067,0.14523423411639777,2.829536370740814,2.9264343105672506,2.9425061639708687,8.25346219779428e-09,0.012905866051237478,0.1726097054884078,0.8138900206845211,0.8263378523199463,0.8362130517017821,0.9336591334646255,0.9383854857876146,0.9421183872297137,0.9662603270427114,0.96870171079135,0.9706277870267244,1.0,0.0,0.0,0.0,0.0,0.006928891821490243,-0.5791732061581145,0.5659072741481629,0.027183581553742755
27.8,0.579293234493701,0.5663161593911225,0.5791926343319769,0.013366217835008569,2.9290689855402654,1.0316029592856772,1.0471224822972032,1.0595271487244893,0.14157258752697122,0.14326246552373975,0.14540477869883772,2.831580796955612,2.9290689855402654,2.9448834327746383,8.168579163270198e-09,0.012899913093721549,0.17258195095431875,0.8129162923814199,0.8252495004978637,0.8350319994675471,0.933286639441912,0.937973497221132,0.9416746285835055,0.9660675567936885,0.9684890599475272,0.9703991657837531,1.0,0.0,0.0,0.0,0.0,0.0068603868788098404,-0.5791926343319769,0.5663161593911225,0.027128421093931137
28.0,0.5793042241545093,0.5667117987246016,0.5792082281682763,0.013346560672395265,2.9316257780012256,1.0304048480880506,1.0457572285001024,1.0580253210231867,0.1417735445640745,0.143449223176809,0.1455738492286113,2.8335589936230083,2.9316257780012256,2.9471890977533013,8.090574183666072e-09,0.012894689005777206,0.1725596740453194,0.8119519387752917,0.8241702870360905,0.8338599448968481,0.9329174383306137,0.9375646100227166,0.9412338367421107,0.9658764526984392,0.9682779637123141,0.9701720196760839,1.0,0.0,0.0,0.0,0.0,0.006792205695383205,-0.5792082281682763,0.5667117987246016,0.027075066232909666
28.200000000000003,0.5793116544324243,0.5670945274681406,0.5792201178924227,0.013327809793253004,2.9341065791112615,1.0292199241321973,1.0444055779259227,1.0565375064525542,0.1419731898620828,0.14363460179830473,0.14574144600482236,2.835472637340703,2.9341065791112615,2.9494249129465064,8.019095050082482e-09,0.012890169133278713,0.1725426887251105,0.8109969324544644,0.8231002062506841,0.8326968988727613,0.9325515275671225,0.9371588302567513,0.9407960243447567,0.9656870144188796,0.9680684262264675,0.96994635625563,1.0,0.0,0.0,0.0,0.0,0.006724355891115377,-0.5792201178924227,0.5670945274681406,0.02702347083378726
28.400000000000002,0.5793156473190642,0.5674646732844895,0.5792284301263126,0.013309936717756427,2.9365132384748063,1.0280481017701362,1.0430674635651171,1.0550636517094623,0.14217151709943107,0.1438185980627135,0.1459075696377667,2.837323366422447,2.9365132384748063,2.9515925934758673,7.953814410566028e-09,0.012886329582664297,0.17253081410526758,0.8100512445002881,0.8220392506505094,0.831542870231266,0.9321889039257765,0.9367561632555428,0.9403612032417802,0.9654992412651793,0.9678604512488875,0.9697221826677935,1.0,0.0,0.0,0.0,0.0,0.0066568447477551584,-0.5792284301263126,0.5674646732844895,0.026973589792403725
28.6,0.5793163214807668,0.5678225563459476,0.5792332879909092,0.013292913874415075,2.938847564979608,1.0268892944132189,1.0417428169847656,1.0536037016839903,0.1423685203082077,0.14400120897626026,0.1460722210427877,2.839112781729738,2.938847564979608,2.95369381635052,7.894428212520418e-09,0.012883147193293155,0.17252387429870103,0.8091148445295414,0.8209874109837237,0.83039786581056,0.9318295635329112,0.9363566136335666,0.939929384508881,0.9653131322027058,0.9676540421635028,0.9694995056582348,1.0,0.0,0.0,0.0,0.0,0.006589679218738265,-0.5792332879909092,0.5678225563459476,0.026925379017924578
28.8,0.5793137923496353,0.568168489497279,0.5792348112054253,0.013276714565800724,2.941111327622673,1.02574341458319,1.0404315683932859,1.0521575995346535,0.14256419386823965,0.14418243187086613,0.14623540143414165,2.840842447486395,2.9411113276226732,2.9557302212579826,7.84065430882106e-09,0.012880599511032155,0.17252169827796385,0.8081877007363434,0.8199446762834974,0.8292618904994355,0.9314735018808568,0.9359601853015653,0.9395005784611813,0.9651286858589586,0.9674492019861021,0.9692783315795578,1.0,0.0,0.0,0.0,0.0,0.006522865938767344,-0.5792348112054253,0.568168489497279,0.02687879541359357
29.0,0.5793081722114664,0.5685027784151966,0.5792331161831892,0.013261312935827326,2.9433062563218977,1.0246103739619812,1.0391336467032584,1.0507252867612993,0.14275853250125173,0.14436226439815975,0.14639711231887825,2.8425138920759827,2.943306256321898,2.9577034113401646,7.792230123833161e-09,0.012878664763026819,0.17252411973830123,0.8072697799335506,0.8189110339129537,0.8281349472847283,0.93112071384187,0.9355668814804994,0.9390747946670854,0.9649459005304867,0.9672459333710991,0.9690586663979113,1.0,0.0,0.0,0.0,0.0,0.0064564112331260415,-0.5792331161831892,0.5685027784151966,0.02683379685765743
29.200000000000003,0.5792995702914586,0.5688257217644526,0.5792283161242857,0.013246683938522151,2.9454340427133783,1.0234900834402625,1.0378489795923982,1.0493067032757466,0.1429515312650982,0.14454070452354328,0.14655735549073834,2.844128608822263,2.9454340427133783,2.9596149539546035,7.748911061939127e-09,0.01287732183361336,0.17253097696530603,0.8063610475936396,0.8178864696093379,0.8270170372978546,0.9307711936819991,0.9351767047153433,0.9386520419619493,0.964764774189786,0.9670442386182451,0.9688405156995102,1.0,0.0,0.0,0.0,0.0,0.006390321126728243,-0.5792283161242857,0.5688257217644526,0.02679034218448541
29.400000000000002,0.5792880928370647,0.5691376113506313,0.5792205211051483,0.013232803308193024,2.9474963409345842,1.0223824531647994,1.0365774935627357,1.0479017874702508,0.14314318554806205,0.1447177505203103,0.1467161330240683,2.845688056753157,2.9474963409345842,2.9614663814212427,7.710469437489048e-09,0.012876550241294828,0.17254211270693098,0.8054614678890725,0.8168709675274312,0.8259081598604759,0.9304249350748764,0.9347896568887368,0.9382323284615666,0.9645853044921778,0.9668441196792733,0.9686238846970788,1.0,0.0,0.0,0.0,0.0,0.006324601352917875,-0.5792205211051483,0.5691376113506313,0.02674839116589054
29.6,0.5792738431980257,0.5694387322697307,0.5792098381652313,0.01321964753091679,2.9494947683936608,1.0212873925846253,1.0353191139980726,1.046510476283851,0.1433334910632224,0.1448934009638159,0.14687344726775406,2.8471936613486535,2.9494947683936608,2.9632591917550455,7.67669296353708e-09,0.012876330116723188,0.1725573740496696,0.8045710037321566,0.8158645102822296,0.8248083125292911,0.9300819311154408,0.9344057392344881,0.937815661575472,0.9644074887826648,0.966645578164491,0.9684087782362166,1.0,0.0,0.0,0.0,0.0,0.006259257362028509,-0.5792098381652313,0.5694387322697307,0.02670790449265752
29.8,0.5792569219041249,0.5697293630545813,0.5791963713908603,0.013207193817291739,2.951430906524955,1.0202048104960704,1.0340737652197491,1.0451327052666632,0.1435224438428877,0.14506765472569672,0.14702930083917476,2.8486468152729065,2.9514309065249553,2.9649948493846345,7.64738341201272e-09,0.012876642181645612,0.17257661229877083,0.8036896168144003,0.8148670789908945,0.8237174911399896,0.9297421743335877,0.9340249523509373,0.93740204802007,0.9642313241027669,0.9664486153493119,0.9681952008016919,1.0,0.0,0.0,0.0,0.0,0.006194294329704461,-0.5791963713908603,0.5697293630545813,0.026668843756297782
30.0,0.5792374267405878,0.5700097758181646,0.5791802219963756,0.013195420076386737,2.9533063015308754,1.0191346150866503,1.0328413705407697,1.0437684086421797,0.14371004023309386,0.145240510968143,0.1471836966181808,2.850048879090823,2.9533063015308754,2.966674785857091,7.622355706712989e-09,0.012877467728762712,0.17259968286232036,0.8028172676453382,0.813878653313985,0.8226356898503637,0.9294056567077345,0.9336472962141764,0.9369914938315859,0.9640568071973264,0.9662532321807303,0.9679831565236594,1.0,0.0,0.0,0.0,0.0,0.006129717164991069,-0.5791802219963756,0.5700097758181646,0.0266311714310261
30.200000000000003,0.5792154528210357,0.5702802363938847,0.5791614884026819,0.013184304890823038,2.9551224651102026,1.0180767139778462,1.0316218523183338,1.042417519367637,0.14389627688816536,0.14541196913822194,0.14733663774109665,2.8514011819694236,2.955122465110203,2.9683004005291482,7.601436896026362e-09,0.012878788602448774,0.17262644513902586,0.8019539155908432,0.8128992114959813,0.8215629011826184,0.9290723696783013,0.9332727701911248,0.9365840043788495,0.9638839345212876,0.9660594292837387,0.9677726491838092,1.0,0.0,0.0,0.0,0.0,0.00606553051820051,-0.5791614884026819,0.5702802363938847,0.02659485085598796
30.400000000000002,0.5791910926582732,0.570541004472865,0.579140266313301,0.013173827492935383,2.956880875173002,1.0170310142668022,1.0304151320048127,1.0410799691925088,0.14408115076533867,0.14558202896225136,0.14748812759474986,2.852705022364325,2.956880875173002,2.9698730612449507,7.584465111273606e-09,0.012880587180293702,0.17265676240956992,0.8010995189109302,0.8119287304051085,0.8204991160648726,0.9287423041611134,0.9329013730524646,0.9361795843759106,0.9637127022464457,0.9658672069676857,0.9675636822214428,1.0,0.0,0.0,0.0,0.0,0.006001738788561556,-0.579140266313301,0.570541004472865,0.02655984621771605
30.6,0.5791644362329919,0.5707923337383235,0.5791166487880264,0.013163967741958528,2.958582976542342,1.0159974225669564,1.029221130197217,1.0397556887151758,0.14426465911944633,0.1457506904402248,0.1476381698105289,2.8539616686916176,2.958582976542342,2.9713941050006185,7.571288794434227e-09,0.012882846355425496,0.17269050173139094,0.8002540347970288,0.8109671855724724,0.8194443238718889,0.9284154505607036,0.9325331029854367,0.9357782378944911,0.9635431062681634,0.9656765652325782,0.9673562587394829,1.0,0.0,0.0,0.0,0.0,0.005938346131655808,-0.5791166487880264,0.5707923337383235,0.0265261225328366
30.8,0.5791355710603616,0.5710344719970911,0.5790907263142743,0.01315470610218605,2.960230181642941,1.0149758450476323,1.0280397666852028,1.0384446074378364,0.14444679949766057,0.14591795384028636,0.14778676825847079,2.8551723599854553,2.960230181642941,2.972864838595847,7.56176595530631e-09,0.012885549519571828,0.17272753383675102,0.7994174194087462,0.8100145512305198,0.818398512465027,0.9280917987835303,0.9321679576064962,0.9353799683762747,0.9633751422120536,0.9654875037753279,0.9671503815104139,1.0,0.0,0.0,0.0,0.0,0.005875356466647663,-0.5790907263142743,0.5710344719970911,0.02649364563104038
31.0,0.5791045822546439,0.5712676613083288,0.5790625868762226,0.013146023622054265,2.9618238711769282,1.0139661874726045,1.0268709604976463,1.0371466538197,0.14462756973429558,0.1460838196932563,0.14793392704138147,2.856338306541644,2.9618238711769282,2.974313912194571,7.555763386134487e-09,0.01288868054682489,0.1727677330339677,0.7985896279101042,0.8090708003508265,0.8173616682314543,0.927771338251094,0.9318059339738307,0.9349847786450417,0.9632088054406256,0.9653000219959366,0.9669460529821576,1.0,0.0,0.0,0.0,0.0,0.005812773483315936,-0.5790625868762226,0.5712676613083288,0.026473696279339508
31.200000000000003,0.5790715525919221,0.5714921381094991,0.5790323160218149,0.01313790191410684,2.963365394786853,1.0129683552376647,1.025714629947837,1.0358617553285232,0.14480696794566716,0.1462482887872069,0.14807965048898955,2.8574606905474953,2.963365394786853,2.9757200070156604,7.553156018988836e-09,0.012892223778075586,0.17281097711169288,0.7977706145052573,0.8081359046812306,0.816333776122611,0.9274540579129553,0.9314470285997403,0.934592670918645,0.9630440910598933,0.9651141190036291,0.9667432752838832,1.0,0.0,0.0,0.0,0.0,0.0057506006488895756,-0.5790323160218149,0.5714921381094991,0.02645691415220312
31.400000000000002,0.57903656257098,0.5717081333396478,0.5789999969277189,0.013130323135795733,2.9648560717061336,1.011982253407211,1.024570692677317,1.0345898384905376,0.14498499252500816,0.14641136216208891,0.14822394315213508,2.858540666698239,2.9648560717061336,2.9770788136824686,7.553826359258144e-09,0.012896164006082815,0.17285714724611573,0.7969603324736894,0.8072098347823101,0.8153148196919665,0.9271399462596523,0.9310912374628801,0.9342036468208391,0.9628809939259428,0.9649297936229267,0.9665420502317544,1.0,0.0,0.0,0.0,0.0,0.005688841214693222,-0.5789999969277189,0.5717081333396478,0.026440981946061686
31.6,0.5789996904723996,0.5719158725600554,0.5789657104623137,0.013123269971078022,2.9662971913971083,1.011007786749868,1.0234390656984136,1.033330828938812,0.14516164213743996,0.14657304110440755,0.14836680979699646,2.8595793628002766,2.9662971913971083,2.9783915396507377,7.557663896011553e-09,0.012900486461146814,0.17290612791098037,0.7961587342048896,0.8062925600632233,0.8143047811320521,0.9268289913355107,0.9307385560203687,0.933817707392955,0.9627195086514594,0.9647470443996644,0.9663423793346139,1.0,0.0,0.0,0.0,0.0,0.005627498222612964,-0.5789657104623137,0.5719158725600554,0.02642587485149724
31.8,0.578961012415958,0.5721155760723078,0.5789295352467788,0.013116725612770419,2.9676900141768687,1.0100448597731646,1.022319665435496,1.0320846514601012,0.14533691571499818,0.14673332714194948,0.14850825539935614,2.860577880361539,2.9676900141768687,2.979659364964065,7.564564579714102e-09,0.012905176797357547,0.17295780679031586,0.7953657712324995,0.8053840488169164,0.8133036413108113,0.9265211807513432,0.9303889792197563,0.9334348531054307,0.9625596296122076,0.9645658696069513,0.9661442637996047,1.0,0.0,0.0,0.0,0.0,0.005566574511377223,-0.5789295352467788,0.5721155760723078,0.02641156867270244
32.0,0.5789206024163775,0.5723074590338423,0.5788915477143597,0.013110673745624959,2.969035771831046,1.0090933767572972,1.0212124077649936,1.03085123004023,0.1455108124517115,0.14689222203855942,0.1486482851389058,2.861537295169211,2.969035771831046,2.9808834428353594,7.574430374786745e-09,0.01291022107938994,0.17301207469377183,0.7945813942679512,0.8044842682547081,0.8123113798072631,0.9262165016970432,0.9300425015108631,0.9330550838691964,0.96240135095347,0.9643862672510762,0.9659477045377338,1.0,0.0,0.0,0.0,0.0,0.005506072722669661,-0.5788915477143597,0.5723074590338423,0.02639803981348094
32.2,0.5788785324374807,0.5724917315710204,0.5788518221678732,0.013105098530091003,2.970335668215716,1.0081532417879735,1.0201172080542056,1.0296304879080478,0.1456833317987335,0.14704972778896713,0.14878690439359493,2.862458657855102,2.970335668215716,2.9820649002168005,7.587168812259334e-09,0.012915605769819373,0.17306882547446675,0.793805553233565,0.8035931845402554,0.8113279749465019,0.9259149409540562,0.9296991168574797,0.9326783990469187,0.9622446665964328,0.9642082350773525,0.9657527021693743,1.0,0.0,0.0,0.0,0.0,0.005445995307069074,-0.5788518221678732,0.5724917315710204,0.026385265263541045
32.4,0.5788348724448126,0.5726685988897804,0.5788104308355219,0.013099984586731164,2.971590879847628,1.0072243587883754,1.019033981198944,1.0284223475780059,0.1458544734595263,0.14720584661366448,0.1489241187340228,2.8633429944489017,2.971590879847628,2.9832048383584806,7.602692572295149e-09,0.012921317716932616,0.1731279559492545,0.7930381972951399,0.8027107628229198,0.8103534038340392,0.9256164849077403,0.9293588187489344,0.9323047974641047,0.9620895702445268,0.9640317705759095,0.9655592570297092,1.0,0.0,0.0,0.0,0.0,0.005386344529828391,-0.5788104308355219,0.5726685988897804,0.02637322258507741
32.6,0.5787896904567832,0.572838261383915,0.5787674439250756,0.013095316981260215,2.9728025564828906,1.0063066315502505,1.0179626416600334,1.0272267308913956,0.14602423738509476,0.14736058095383317,0.14905993391787528,2.864191306919575,2.9728025564828906,2.9843043333559494,7.620919124332826e-09,0.012927344143010593,0.1731893658213205,0.7922792748940104,0.8018369672705287,0.8093876423895051,0.9253211195596016,0.9290216002115272,0.9319342774200671,0.9619360553897144,0.9638568709874269,0.965367369174119,1.0,0.0,0.0,0.0,0.0,0.0053271224764916275,-0.5787674439250756,0.572838261383915,0.026361889899647748
32.800000000000004,0.5787430525943847,0.5730009147410325,0.5787229296764828,0.013091081210177455,2.9739718216843483,1.0053999637641458,1.0169031034987033,1.0260435590562846,0.14619262376927175,0.14751393346632205,0.14919435588440913,2.865004573705163,2.9739718216843483,2.9853644366868064,7.641770381852052e-09,0.012933672633060398,0.17325295760502463,0.7915287337785913,0.8009717611015504,0.8084306653797182,0.9250288305394119,0.9286874538198301,0.9315668366987571,0.9617841153187245,0.9636835333088105,0.9651770383835102,1.0,0.0,0.0,0.0,0.0,0.005268331058357598,-0.5787229296764828,0.5730009147410325,0.026351245875322067
33.0,0.5786950231295191,0.5731567500462408,0.5786769544129653,0.013087263186964848,2.9750997733777744,1.004504259048806,1.015855280410905,1.0248727526862018,0.14635963304405203,0.1476659070186753,0.1493273907489843,2.865783750231204,2.9750997733777744,2.9863861757365546,7.66517237157615e-09,0.012940291123975337,0.17331863655290672,0.7907865210353895,0.8001151066166869,0.8074824464511411,0.9247396031171946,0.9283563717078566,0.9312024725794619,0.9616337431192329,0.9635117542988126,0.9649882641695897,1.0,0.0,0.0,0.0,0.0,0.0052099720177918585,-0.5786769544129653,0.5731567500462408,0.026341269714111198
33.2,0.5786456645320052,0.5733059538836093,0.5786295825906539,0.013083849228824537,2.976187484397101,1.0036194209797482,1.0148190857605772,1.023714231837597,0.1465252658749753,0.1478165046842108,0.14945904479764627,2.8665297694180465,2.976187484397101,2.9873705543138978,7.691054942081945e-09,0.012947187894102975,0.17338631058478002,0.790052583119503,0.7992669652298906,0.8065429581617268,0.924453422215089,0.9280283455800955,0.9308411818473713,0.9614849316859857,0.9633415304835956,0.9648010457800834,1.0,0.0,0.0,0.0,0.0,0.005152046933393842,-0.5786295825906539,0.5733059538836093,0.026331941139666682
33.4,0.5785950375152896,0.573448708435451,0.5785808768468136,0.013080826043930842,2.9772360030188296,1.002745353117035,1.0137944326118966,1.0225679160461156,0.14668952315655806,0.1479657297371488,0.14958932448175885,2.867243542177255,2.9772360030188296,2.988318553155655,7.719351492598172e-09,0.01295435155320214,0.17345589021883762,0.7893268658845969,0.7984272974988151,0.8056121720121717,0.9241702724190792,0.9277033667224177,0.9304829608040156,0.9613376737268662,0.9631728581622371,0.9646153822039,1.0,0.0,0.0,0.0,0.0,0.005094557225020266,-0.5785808768468136,0.573448708435451,0.02632324038524892
33.6,0.5785432010809174,0.5735851915794722,0.5785308980467098,0.01307818071917291,2.978246353485832,1.0018645378613966,1.0127812337605335,1.0214337243617346,0.14685240600777186,0.1481135856477911,0.14972083982550524,2.867925957897361,2.978246353485832,2.9892311304214725,7.74999871140221e-09,0.01296177103277072,0.17352728850470034,0.7885948290644208,0.7975960631547098,0.8046900584765853,0.9238844810342657,0.9273814260128468,0.9301278052775761,0.9611890190748006,0.9630057334121791,0.9644312721762415,1.0,0.0,0.0,0.0,0.0,0.005037504158670422,-0.5785308980467098,0.5735851915794722,0.02631514818194787
33.800000000000004,0.5784902125618006,0.5737155769838366,0.5784797053291629,0.013075900708365592,2.979219536520694,1.0009854335348651,1.0117794017639477,1.0203115753827816,0.14701391576756911,0.14826007607775113,0.14985233048825916,2.8685778849191825,2.979219536520694,2.9901092221785395,7.7829363396577e-09,0.012969435576727173,0.17360042095833866,0.7878634953768736,0.7967732211317585,0.8037765870325894,0.9235987874712414,0.9270625139322034,0.9297757106330697,0.961040392320197,0.9628401520946206,0.9642487141836609,1.0,0.0,0.0,0.0,0.0,0.004980888851238291,-0.5784797053291629,0.5737155769838366,0.02630764574717238
34.0,0.5784361276643211,0.5738400342001831,0.5784273561508375,0.013073973820907204,2.9801565298287933,1.0001169408061228,1.0107888489707444,1.019201387288874,0.14717405399045558,0.1484052048752341,0.14998246093011455,2.8692001710009154,2.9801565298287933,2.9909628527751195,7.818106955192667e-09,0.012977334732429542,0.1736752054988035,0.7871402836681692,0.795958729595879,0.802871726190854,0.9233160928004764,0.9267466205746147,0.9294266717824109,0.9608933030528451,0.9626761098598517,0.9640677064690666,1.0,0.0,0.0,0.0,0.0,0.004924712275133858,-0.5784273561508375,0.5738400342001831,0.026304480198165708
34.2,0.5783810005093148,0.573958728754648,0.5783739063293063,0.013072388210864054,2.9810582885912758,0.9992589656987984,1.0098094875491195,1.01810307787282,0.14733282244210816,0.14854897607036832,0.15011123757603967,2.86979364377324,2.9810582885912758,2.9917962975693655,7.855455765020394e-09,0.012985458342016708,0.17375156238670525,0.786425140574442,0.7951525459729821,0.8019754435240795,0.9230363817105647,0.9264337356578972,0.9290806831943472,0.9607477440104638,0.9625136021525308,0.9638882470366755,1.0,0.0,0.0,0.0,0.0,0.004868975262776978,-0.5783739063293063,0.573958728754648,0.026307031609939545
34.4,0.578324883671961,0.5740718222369254,0.5783194100849349,0.013071132366462297,2.9819257459481183,0.9984114142812517,1.0088412295144191,1.017016564571504,0.14749022309503776,0.14869139387058689,0.15023866700080124,2.870359111184627,2.9819257459481183,2.9925974182652255,7.894930414174757e-09,0.012993796534057021,0.17382941416437864,0.7857180122103616,0.7943546269767027,0.8010877056954495,0.9227596385873534,0.9261238485338071,0.9287377389042831,0.9606037077614509,0.9623526242169046,0.9637103336569158,1.0,0.0,0.0,0.0,0.0,0.004813678510967784,-0.5783194100849349,0.5740718222369254,0.02630990475497358
34.6,0.5782678282206276,0.5741794723874156,0.5782639200816243,0.01307019509996903,2.9827598134714446,0.9975741926903777,1.0078839867558358,1.0159417644957922,0.1476462581242975,0.14883246265606057,0.15036475592403006,2.870897361937078,2.9827598134714446,2.993367078670673,7.936480811521612e-09,0.013002339715490701,0.17390868559767952,0.7850188441960145,0.7935649286356103,0.8002084784865399,0.9224858475246789,0.9258169481981635,0.9283978325239752,0.9604611867104618,0.9621931711019708,0.9635339638712779,1.0,0.0,0.0,0.0,0.0,0.00475882258513971,-0.5782639200816243,0.5741794723874156,0.02631308742155464
34.800000000000004,0.5782098837546911,0.5742818331824961,0.578207487466451,0.013069565537945214,2.9835613816292548,0.9967472071547082,1.0069376710622662,1.0148785944594851,0.14780092990323498,0.1489721869751814,0.15048951120534018,2.8714091659124805,2.9835613816292548,2.9941061225443786,7.980058964295288e-09,0.013011078563852734,0.17398930361935558,0.7843275816832883,0.7927834063199009,0.7993377268247124,0.9222149923349665,0.9255130233008407,0.9280609572511148,0.9603201731039257,0.9620352376665835,0.9633591349971147,1.0,0.0,0.0,0.0,0.0,0.004704407923493054,-0.578207487466451,0.5742818331824961,0.02631656773268094
35.0,0.5781510984413699,0.5743790549179583,0.5781501619082406,0.013069233111854026,2.984331320239761,0.9959303640168179,1.0060021941473543,1.0138269710073489,0.14795424099928853,0.14911057154009708,0.1506129398395037,2.871895274589791,2.984331320239761,2.994815374028273,8.025618823567938e-09,0.013020004019763864,0.17407119727394194,0.783644169381763,0.792010014767582,0.7984754148100054,0.9219470565596949,0.925212062155633,0.9277271058787967,0.9601806590354994,0.9618788185844992,0.9631858441323955,1.0,0.0,0.0,0.0,0.0,0.004650434841018056,-0.5781501619082406,0.5743790549179583,0.026320334137740427
35.2,0.57809151905161,0.5744712842906479,0.578091991635108,0.013069187549009023,2.985070478916488,0.9951235697550537,1.0050774676737408,1.012786810442258,0.14810619416982618,0.1492476212222968,0.15073504895168144,2.8723564214532393,2.985070478916488,2.9954956380712727,8.073116143068943e-09,0.013029107279677994,0.17415429766413135,0.7829685515841188,0.7912447081101587,0.79762150574151,0.9216820234797259,0.9249140527499912,0.9273962708048686,0.960042636451459,0.9617239083493678,0.9630140881604071,1.0,0.0,0.0,0.0,0.0,0.004596903533406416,-0.578091991635108,0.5744712842906479,0.026324375404391025
35.4,0.5780311909950404,0.5745586644783489,0.5780330234710033,0.013069418863847153,2.985779687504293,0.9943267310045997,1.0041634032765387,1.011758028851464,0.14825679235802877,0.14938334104824794,0.15085584579271066,2.8727933223917446,2.985779687504293,2.996147700844332,8.122508346421369e-09,0.013038379788874446,0.1742385378985667,0.7823006721910497,0.7904874398978182,0.7967759621432621,0.921419876125494,0.9246189827546295,0.9270684440411702,0.9599060971560253,0.9615705012796644,0.962843863754408,1.0,0.0,0.0,0.0,0.0,0.00454381408085737,-0.5780330234710033,0.5745586644783489,0.02632868061064203
35.6,0.5779701583540263,0.574641335217945,0.5779733028712897,0.013069917349512431,2.9864597565064965,0.9935397545778909,1.0032599125860628,1.0107405421320328,0.1484060386888147,0.14951773619508382,0.15097533773445035,2.8732066760897252,2.9864597565064965,2.9967723301469706,8.173754402316574e-09,0.013047813234684612,0.17432385304101472,0.7816404747357026,0.7897381631241337,0.7959387457896517,0.9211605972870586,0.9243268395330078,0.9267436172226605,0.9597710328166261,0.9614185915235621,0.9626751673822352,1.0,0.0,0.0,0.0,0.0,0.004491166451779494,-0.5779733028712897,0.574641335217945,0.026333239137134878
35.800000000000004,0.5779084639168645,0.5747194328819011,0.5779128739573876,0.013070673569737151,2.987111477503263,0.992762547484392,1.002366907249822,1.0097342660154653,0.14855393646480702,0.14965081198634292,0.15109353226518477,2.8735971644095053,2.987111477503263,2.997370275805463,8.22681470979248e-09,0.013057399539942983,0.17441018006087491,0.7809879024076279,0.7889968302502808,0.7951098177303559,0.9209041695240145,0.9240376101506829,0.9264217816164341,0.9596374349690908,0.96126817306375,0.9625079953108622,1.0,0.0,0.0,0.0,0.0,0.004438960506391754,-0.5779128739573876,0.5747194328819011,0.026338040659611168
36.0,0.5778461492101298,0.5747930905530926,0.5778517795505131,0.013071678351007554,2.987735623561413,0.991995016949746,1.0014842989538097,1.0087391160915284,0.1487004891623432,0.14978257388775904,0.15121043698508713,2.873965452765463,2.9877356235614134,2.997942270062814,8.281650991165492e-09,0.013067130856652797,0.17449745778498113,0.7803428980762533,0.788263393228782,0.7942891383148025,0.9206505751752616,0.9237512813845378,0.926102928130627,0.9595052950227783,0.9611192397221902,0.9623423436109086,1.0,0.0,0.0,0.0,0.0,0.0043871960002267035,-0.5778517795505131,0.5747930905530926,0.026343075141567987
36.2,0.5777832545302022,0.574862438098028,0.5777900612045422,0.01307292277500183,2.988332949635813,0.9912370704343187,1.0006119994430955,1.0077550078313264,0.14884570042752526,0.1499130275031032,0.15132605960174214,2.87431219049014,2.9883329496358133,2.9984890279607037,8.338226191223411e-09,0.013076999559857062,0.17458562685065376,0.779705404313887,0.7875378035267814,0.7934766672161897,0.9203997963686328,0.9234678397318798,0.9257870473232183,0.9593746042656378,0.9609717851648185,0.9621782081611068,1.0,0.0,0.0,0.0,0.0,0.004335872587539147,-0.5777900612045422,0.574862438098028,0.026348332827093732
36.4,0.5777198189740073,0.5749276022384903,0.5777277592380229,0.013074398171289097,2.9889041929625026,0.9904886156511384,0.9997499205417489,1.0067818566096298,0.14898957407231175,0.15004217857007626,0.15144040792573,2.874638011192451,2.988904192962503,2.9990112477135416,8.396504384004608e-09,0.013086998241706584,0.17467462965996725,0.7790753634182462,0.7868200121488561,0.7926723634550388,0.9201518150303781,0.9231872714194159,0.9254741294107189,0.9592453538692012,0.960825802906187,0.9620155846527167,1.0,0.0,0.0,0.0,0.0,0.004284989824620777,-0.5777277592380229,0.5749276022384903,0.026353804233880583
36.6,0.5776558804689829,0.5749887066216344,0.577664912765366,0.013076096110278134,2.9894500734437326,0.9897495605832505,0.9988979741721083,1.0058195777264853,0.14913211407065077,0.1501700329562534,0.15155348986627118,2.874943533108172,2.9894500734437326,2.999516189268885,8.456450686191902e-09,0.013097119705716493,0.1747644103351914,0.7784527174345112,0.7861099696593722,0.7918761854223202,0.9199066128945036,0.9229095624120995,0.9251641642767596,0.9591175348935045,0.9606812863140479,0.9618544685938984,1.0,0.0,0.0,0.0,0.0,0.004234547173027167,-0.577664912765366,0.5749887066216344,0.026362199133305
36.800000000000004,0.5775914758022997,0.5750458718885764,0.5776015597272385,0.013078008396405544,2.98997129402503,0.9890198135004984,0.9980560723734124,1.0048680864281352,0.14927332455465286,0.15029659665507988,0.1516653134269331,2.8752293594428817,2.98997129402503,3.000006098286909,8.518031175729464e-09,0.013107356961203551,0.17485491467537354,0.7778374081769212,0.7854076262043909,0.7910880909021447,0.9196641715119659,0.9226346984218573,0.9248571414805731,0.9589911382919413,0.9605382286138794,0.9616948553140378,1.0,0.0,0.0,0.0,0.0,0.004184544002715146,-0.5776015597272385,0.5750458718885764,0.026374161640352577
37.0,0.5775266406493598,0.5750992157415026,0.5775377369201826,0.013080127061553226,2.9904685410644913,0.9882992829757365,0.9972241273198119,1.0039272979272575,0.14941320981080514,0.15042187578191793,0.15177588670139974,2.8754960787075126,2.9904685410644913,3.0004730895009555,8.581212816220457e-09,0.013117703217896714,0.1749460901140248,0.7772293772499056,0.7847129315331298,0.7903080370940222,0.9194244722597231,0.9223626649161839,0.9245530502653702,0.9588661549160448,0.9603966228933551,0.9615367399680249,1.0,0.0,0.0,0.0,0.0,0.004134979595097621,-0.5775377369201826,0.5750992157415026,0.02638615518429288
37.2,0.5774614096015867,0.5751488530093304,0.5774734800254848,0.013082444358685892,2.9909424846944095,0.9875878779004971,0.9964020513377829,1.0029971274225566,0.1495517742762247,0.15054587657014537,0.1518852178693034,2.875744265046652,2.99094248469441,3.000917806022551,8.645963386843833e-09,0.013128151880713994,0.17503788567787873,0.7766285660687503,0.784025835018988,0.7895359806347111,0.919187496349635,0.9220934471266191,0.9242518795666155,0.9587425755201988,0.9602564621067522,0.9613801175404902,1.0,0.0,0.0,0.0,0.0,0.00408585314601452,-0.5774734800254848,0.5751488530093304,0.026398174872912315
37.4,0.5773958161935345,0.575194895711957,0.5774088236373169,0.013084952755699325,2.991393779175406,0.9868855075001125,0.9955897569229477,1.00207749011772,0.14968902253495245,0.1506686053673052,0.1519933151921201,2.875974478559785,2.9913937791754064,3.0013408757084226,8.712251416735905e-09,0.01313869654469871,0.17513025194669,0.7760349158798169,0.783346285680136,0.7887718776196528,0.9189532248372205,0.9218270300570971,0.9239536180202006,0.9586203907662773,0.960117739079305,0.9612249828499926,1.0,0.0,0.0,0.0,0.0,0.00403716376862244,-0.5774088236373169,0.575194895711957,0.026410215978816313
37.6,0.5773298929293342,0.5752374531231201,0.5773438012901706,0.013087644929470966,2.991823063243207,0.986192081348308,0.9947871567563321,1.0011683012397623,0.14982495931428577,0.1507900686313073,0.1521001870091292,2.8761872656156005,2.991823063243207,3.0017429114939844,8.780046123899625e-09,0.01314933099010882,0.17522314101404185,0.7754483677803036,0.7826742321996831,0.7880156836240068,0.918721638630266,0.9215633984921733,0.9236582539705167,0.9584995912282115,0.9599804465114978,0.9610713305531646,1.0,0.0,0.0,0.0,0.0,0.003988910496210224,-0.5773438012901706,0.5752374531231201,0.026422273934923742
37.800000000000004,0.5772636713084903,0.5752766318319033,0.5772784454856061,0.013090513760104554,2.99223096044821,0.9855075093812761,0.9939941637200604,1.0002694760567712,0.1499595894811516,0.15091027292668024,0.15220584173343682,2.8763831591595164,2.99223096044821,3.0021245117198867,8.849317358631213e-09,0.013160049177653293,0.17531650644913396,0.7748688627375547,0.7820096229454223,0.7872673537232876,0.9184927184972844,0.9213025370051301,0.9233657754784275,0.9583801673964847,0.959844576983301,0.9609191551488134,1.0,0.0,0.0,0.0,0.0,0.003941092284934708,-0.5772784454856061,0.5752766318319033,0.026434344330082998
38.0,0.5771971818510488,0.5753125358029154,0.5772127877183353,0.013093552325360948,2.992618079487981,0.984831701911246,0.9932106909125172,0.9993809298950826,0.15009291803851746,0.15102922492087603,0.15231028784806333,2.876562679014577,2.992618079487981,3.0024862604517684,8.920035550775151e-09,0.013170845243869541,0.17541030325952084,0.7742963416079398,0.7813524059891617,0.7865268425136137,0.9182664450758317,0.9210444299659565,0.9230761703291422,0.9582621096825548,0.9597101229583486,0.960768450981976,1.0,0.0,0.0,0.0,0.0,0.0038937080164845456,-0.5772127877183353,0.5753125358029154,0.026446422904807275
38.2,0.5771304541221636,0.5753452664351714,0.5771468585016574,0.013096753895267791,2.9929850145328007,0.9841645696395489,0.9924366516629796,0.9985025781558926,0.1502249501218424,0.15114693138062454,0.15241353390209691,2.8767263321758567,2.992985014532801,3.002828727793332,8.992171660631947e-09,0.013181713496636554,0.17550448785477513,0.7737307451552689,0.7807025291256471,0.7857941041315715,0.9180427988806665,0.9207890615492096,0.9227894260399899,0.9581454084232012,0.9595770767880588,0.960619212247931,1.0,0.0,0.0,0.0,0.0,0.003846756500673787,-0.5771468585016574,0.5753452664351714,0.026458505547122774
38.400000000000006,0.5770635167560576,0.5753749226197036,0.5770806873922664,0.01310011192690078,2.993332345544446,0.9835060236692001,0.9916719595457381,0.9976343363313297,0.15035569099556603,0.15126339916834022,0.152515588506911,2.8768746130985177,2.993332345544446,3.003152470192887,9.065697133541513e-09,0.013192648410818382,0.17559901801104796,0.7731720140687917,0.7800599398910805,0.7850690922737137,0.91782176031177,0.9205364157417519,0.9225055298681007,0.9580300538848016,0.9594454307156955,0.9604714329961684,1.0,0.0,0.0,0.0,0.0,0.003800236477963209,-0.5770806873922664,0.5753749226197036,0.02647058828852742
38.6,0.5769963974794126,0.5754016007959276,0.577014303014449,0.013103620059329853,2.993660638588279,0.9828559755170027,0.9909165283937215,0.9969752864138514,0.15045508353527426,0.15137863523857953,0.15261646033244788,2.877008003979638,2.993660638588279,3.0034580307434893,9.140583857729436e-09,0.013203644624032973,0.17569385283650127,0.7726200889807499,0.7794245855812438,0.7845182929062234,0.9176033096622112,0.9202864763503701,0.9222897339995368,0.9579160362675313,0.9593151768803719,0.9603590874478288,1.0,0.0,0.0,0.0,0.0,0.003754146621915866,-0.577014303014449,0.5754016007959276,0.02648266730006245
38.800000000000004,0.5769291231341989,0.5754253950067946,0.5769477330836869,0.013107272108723889,2.9939704461388246,0.9822143371251832,0.9901702723116365,0.9964514440926495,0.15053417894997106,0.15149264663454978,0.15271615810356726,2.8771269750339727,2.993970446138825,3.0037540621469705,9.21680412517084e-09,0.01321469693254174,0.1757889527375901,0.7720749104835092,0.7787964132692274,0.7840802034100235,0.917387427125868,0.9200392270092708,0.922118024222916,0.9578033457094923,0.9591863073209982,0.9602696841811315,1.0,0.0,0.0,0.0,0.0,0.0037084855415870643,-0.5769477330836869,0.5754253950067946,0.02649809625882251
39.0,0.5768617196999527,0.5754463969527516,0.5768810044296835,0.013111062063607517,2.9942623073789436,0.9815810208725704,0.9894331056886343,0.9959349150241503,0.15061225160116276,0.15160544048466829,0.15281469059646083,2.8772319847637577,2.9942623073789436,3.004035164578657,9.294330595455218e-09,0.013225800287254966,0.17588427938616646,0.7715364191462569,0.7781753698227744,0.7836479787138584,0.9171740928049957,0.9197946511874598,0.9219485504622409,0.957691972290764,0.9590588139801689,0.9601814369662579,1.0,0.0,0.0,0.0,0.0,0.003663251783848215,-0.5768810044296835,0.5754463969527516,0.026514425876064857
39.2,0.5767942123155244,0.5754646960445376,0.5768141430188293,0.01311498408026436,2.9945367484927274,0.9809559395853237,0.9887049432105217,0.9954256108744943,0.15068931154807544,0.15171702399917314,0.15291206663513246,2.877323480222688,2.994536748492728,3.0042993561414857,9.373136262411829e-09,0.013236949789849085,0.17597979568738667,0.7710045555312882,0.7775614019212422,0.7832215552865959,0.9169632867176516,0.9195527321959992,0.9217812902725748,0.9575819060373829,0.9589326887079954,0.9600943344330464,1.0,0.0,0.0,0.0,0.0,0.003618443835652227,-0.5768141430188293,0.5754646960445376,0.026530624898194213
39.400000000000006,0.5767266253003062,0.5754803794548379,0.5767471739761209,0.013119032478281141,2.9947942829522494,0.9803390065472256,0.9879856998715228,0.9949234440342188,0.15076536883258024,0.15182740446678472,0.15300829508794425,2.8774018972741895,2.99479428295225,3.004547135996772,9.453194423264989e-09,0.013248140688991541,0.1760754657483987,0.7704792602098697,0.7769544560721925,0.7828008699006419,0.9167549888049681,0.9193134531951475,0.9216162212624835,0.9574731369252469,0.9588079232658788,0.9600083652309512,1.0,0.0,0.0,0.0,0.0,0.003574060126233819,-0.5767471739761209,0.5754803794548379,0.026546692749972144
39.6,0.5766589821749603,0.5754935321688257,0.5766801216065489,0.013123201736227046,2.9950354117982974,0.9797191610302413,0.9872752909856072,0.9944283276228874,0.15084043347655302,0.15193658925141731,0.15310509987603468,2.8774676608441285,2.9950354117982974,3.004778991214949,9.534478650260061e-09,0.013259368376669297,0.17617125484778715,0.7699511197685215,0.7763544786276043,0.7823858596427489,0.9165454672229599,0.9190767972013814,0.9214533210994903,0.9573637163688163,0.9586845093302263,0.9599235180320288,1.0,0.0,0.0,0.0,0.0,0.0035300990292558287,-0.5766801216065489,0.5754935321688257,0.026562628917798443
39.800000000000004,0.5765913056816457,0.5755042370336113,0.57661300941597,0.013127486487463405,2.9952606239151924,0.9790991916966101,0.9865736321973946,0.9939401754932911,0.1509145154793197,0.15204458578894192,0.1532020466078374,2.877521185168056,2.9952606239151924,3.0049953970428342,9.616962764612574e-09,0.013270628384617225,0.17626712940575706,0.7694225073457482,0.7757614157997288,0.7819764619243568,0.9163356624227512,0.9188427470943006,0.9212925675153424,0.9572541353703221,0.9585624384961113,0.9598397815338233,1.0,0.0,0.0,0.0,0.0,0.003486558864893921,-0.57661300941597,0.5755042370336113,0.026578432947595907
40.0,0.5765236178037763,0.5755125748066204,0.5765458601314739,0.013131881516078853,2.9954703962998357,0.9784872608779229,0.985880639492649,0.993458902235246,0.1509876248151841,0.15215140158399926,0.15329785680134075,2.877562874033102,2.9954703962998357,3.005196817165286,9.700620812593244e-09,0.013281916380842895,0.1763630569550373,0.7689003892290275,0.7751752136765793,0.7815726144915031,0.9161283408306325,0.9186112856234165,0.9211339383111026,0.957145839025775,0.9584417022808756,0.9597571444621623,1.0,0.0,0.0,0.0,0.0,0.003443437901869059,-0.5765458601314739,0.5755125748066204,0.026594104442765592
40.2,0.5764559397853034,0.5755186242029303,0.5764786957212628,0.01313638175294505,2.9956651943250723,0.977883284241236,0.98519622920837,0.9929844231789932,0.1510597714310382,0.15225704420686284,0.1533925391887527,2.8775931210146517,2.9956651943250723,3.0053837039613533,9.785427043665405e-09,0.013293228166244217,0.1764590061124817,0.768384707226394,0.7745958182370701,0.7811742554342901,0.9159234827195281,0.9183823954148214,0.92097741136206,0.9570388174649705,0.9583222921276743,0.9596755955738577,1.0,0.0,0.0,0.0,0.0,0.003400734359424465,-0.5764786957212628,0.5755186242029303,0.026609643062200806
40.400000000000006,0.5763882921495491,0.5755224619415826,0.5764115374140529,0.013140982271888764,2.995845471997518,0.9772871779172005,0.9845203180424962,0.9925166543982091,0.15113096524405348,0.15236152129035266,0.15348610253915412,2.877612309707913,2.995845471997518,3.0055588518157488,9.87135589057206e-09,0.013304559671316739,0.1765549465513529,0.7678754031843931,0.7740231753658042,0.7807813231959234,0.9157210683008483,0.9181560589777479,0.9208229646224664,0.9569330607760259,0.9582041994089646,0.959595123659315,1.0,0.0,0.0,0.0,0.0,0.0033584464092495103,-0.5764115374140529,0.5755224619415826,0.026626021116791413
40.6,0.5763206947175922,0.5755241627908934,0.5763444057180108,0.013145678285975945,2.9960116722099386,0.976698858508425,0.9838528230632262,0.9920555127126417,0.151201216139453,0.1524648405267983,0.15357855565539816,2.877620813954467,2.996011672209939,3.005725710799574,9.958381951229714e-09,0.013315906952947622,0.1766508489742702,0.7673724190019421,0.7734572308675165,0.7803937565813334,0.9155210777309906,0.9179322587110095,0.9206705761300992,0.956828559008885,0.9580874154299399,0.9595157175450515,1.0,0.0,0.0,0.0,0.0,0.0033165721773528306,-0.5763444057180108,0.5755241627908934,0.02664448645413174
40.800000000000004,0.5762531666262252,0.5755237996127831,0.5762773204392385,0.01315046514390365,2.9961642269882973,0.9761182430974643,0.9831936617179732,0.991600915690384,0.15127053396836088,0.15256700966505204,0.15366990737107109,2.8776189980639155,2.9961642269882973,3.0058791061107026,1.0046479972338669e-08,0.013327266191293019,0.17674668508680205,0.7668756966438169,0.7728979304811787,0.7800114947653892,0.9153234911177022,0.9177109769093283,0.9205202240106568,0.956725302178753,0.9579719314319032,0.9594373660961277,1.0,0.0,0.0,0.0,0.0,0.0032751097458865314,-0.5762773204392385,0.5755237996127831,0.026662726392749157
41.0,0.5761857263454847,0.575521443406151,0.5762103006998174,0.013155338326496008,2.996303557733584,0.9755452492544522,0.9825427518419578,0.991152781649794,0.15133892854573028,0.15266803650755195,0.15376016654751334,2.877607217030755,2.996303557733584,3.0060194527048383,1.013562483462792e-08,0.013338633686736275,0.17684242757168947,0.7663851781537787,0.7723452198937688,0.7796344773007077,0.9151282885263087,0.9174921957695503,0.920371886481986,0.9566232802694642,0.95785773859559,0.9593600582184884,1.0,0.0,0.0,0.0,0.0,0.0032340571549203667,-0.5762103006998174,0.575521443406151,0.026680743003961938
41.2,0.5761183916957754,0.5755171633493085,0.5761433649554217,0.013160293443300459,2.99643007545853,0.9749797950443744,0.9819000116664496,0.9907110296610683,0.15140640964834765,0.15276792890743343,0.15384934207090212,2.8775858167465422,2.99643007545853,3.0061471553155643,1.022579153962604e-08,0.013350005856924184,0.1769380500636833,0.7659008056673311,0.7717990447537126,0.779262644125071,0.9149354499858062,0.9172758973967466,0.9202255418581448,0.9565224832367795,0.9577448280444301,0.9592837828612194,1.0,0.0,0.0,0.0,0.0,0.0031934124041695378,-0.5761433649554217,0.5755171633493085,0.026698538356629224
41.400000000000006,0.5760511798645896,0.575511026841494,0.5760765310125145,0.013165326229280745,2.9965441810193076,0.9744217990339957,0.9812653598266704,0.9902755795474874,0.15147298701291154,0.15286669476569067,0.15393744284939462,2.87755513420747,2.9965441810193076,3.006262608682206,1.0316955197872916e-08,0.01336137923387866,0.1770335271249791,0.7654225214241274,0.7712593506839978,0.7788959355684628,0.914744955494821,0.9170620638102064,0.920081168553306,0.9564229010116152,0.957633190847758,0.9592085290187189,1.0,0.0,0.0,0.0,0.0,0.0031531734546766804,-0.5760765310125145,0.575511026841494,0.026716114516527875
41.6,0.5759841074228368,0.5755030995434917,0.5760098160451349,0.013170432541603187,2.996646265342333,0.9738711802984502,0.9806387153693646,0.9898463518863376,0.1515386703341856,0.15296434202838718,0.1540244778103315,2.877515497717458,2.996646265342333,3.0063661977728753,1.0409091018500877e-08,0.013372750461181393,0.1771288342212358,0.764950267780016,0.7707260832949724,0.7785342923597258,0.9145567850274322,0.9168506769493127,0.9199387450855006,0.956324523503204,0.9575228180239657,0.9591342857327845,1.0,0.0,0.0,0.0,0.0,0.003113338230449042,-0.5760098160451349,0.5755030995434917,0.026733473545757013
41.800000000000004,0.5759171903407891,0.5754934454173679,0.5759432366112871,0.013175608356512927,2.996736709646244,0.9733278584274987,0.9800199977600446,0.9894232680095216,0.15160346926322385,0.15306087868391421,0.15411045589750086,2.8774672270868393,2.996736709646244,3.006463519296412,1.0502174300100443e-08,0.013384116291229013,0.17722394769816124,0.7644839872187462,0.7701991881968252,0.7781776556328576,0.9143709185388654,0.9166417186793153,0.9197982500802079,0.9562273406021876,0.9574137005436004,0.9590610420946202,1.0,0.0,0.0,0.0,0.0,0.0030739046200521786,-0.5759432366112871,0.5754934454173679,0.026752775636867777
42.0,0.5758504440036578,0.5754821267653495,0.5758768086689413,0.013180849766297232,2.9968158856591813,0.9727917535314642,0.9794091268899243,0.9890062500038638,0.15166739340566754,0.15315631276029865,0.15419538606846173,2.8774106338267473,2.9968158856591818,3.006550372877638,1.059618042279533e-08,0.013395473582556789,0.1773188447586552,0.7640236223633278,0.7696786110117566,0.7778259669329413,0.9141873359710537,0.9164351707969891,0.919659662273791,0.9561313421836424,0.9573058293324093,0.9589887872467608,1.0,0.0,0.0,0.0,0.0,0.0030348704781605756,-0.5758768086689413,0.5754821267653495,0.026772135376432808
42.2,0.575783883226803,0.5754692042678576,0.5758105475916575,0.01318615297633256,2.99688415583146,0.9722627862468479,0.9788060230825463,0.988595220711132,0.15173045232011095,0.15325065232255822,0.15427927729192803,2.8773460213392883,2.9968841558314603,3.006626282402511,1.0691084841461997e-08,0.013406819297228225,0.17741350344048926,0.7635691159870484,0.7691642973858464,0.7774791682217382,0.9140060172580652,0.9162310150361853,0.9195229605167868,0.9560365181100361,0.9571991952743271,0.9589175103849195,1.0,0.0,0.0,0.0,0.0,0.0029962336270687034,-0.5758105475916575,0.5754692042678576,0.026791210480740017
42.400000000000006,0.5757175222705877,0.575454737020719,0.5757444681838382,0.01319151430221277,2.996941873543702,0.9717408777416411,0.9782106071001089,0.9881901037277695,0.1517926555165367,0.15334390547010537,0.15436213854521086,2.877273685103595,2.996941873543702,3.0066916002682627,1.0786863080026073e-08,0.013418150498288954,0.17750790259451682,0.7631204110241608,0.7686561930006163,0.7771372018829319,0.9138269423314032,0.9160292330732767,0.9193881237770456,0.955942858234119,0.9570937892144125,0.958847200759756,1.0,0.0,0.0,0.0,0.0,0.00295799185816005,-0.5757444681838382,0.575454737020719,0.02681000480073752
42.6,0.5756513748548875,0.5754387825715693,0.5756785846956218,0.013196930166955645,2.9969893833105763,0.971225949720333,0.9776228001495056,0.9877908234043552,0.1518540124548181,0.15343608033419864,0.15444397881172026,2.8771939128578463,2.9969893833105763,3.006747622170936,1.088349072676957e-08,0.01342946434728271,0.17760202186339738,0.7626774505802396,0.768154243584301,0.77680001072704,0.9136500911251765,0.9158298065324926,0.9192551311427298,0.9558503524017472,0.9569896019617262,0.9587778476785701,1.0,0.0,0.0,0.0,0.0,0.0029201429333387957,-0.5756785846956218,0.5754387825715693,0.02682891568425712
42.800000000000004,0.5755854541732613,0.5754213969554678,0.5756129108374253,0.013202397098284992,2.9970270209801755,0.9707179244286264,0.9770425238880803,0.9873973048448065,0.15191453254328677,0.1535271850754412,0.1545248070785253,2.8771069847773387,2.9970270209801755,3.0067976394437674,1.098094343059064e-08,0.01344075810182737,0.17769584166082097,0.762240177942216,0.767658394922825,0.7764675379960102,0.9134754435811421,0.9156327169911511,0.9191239618251725,0.9557589904546412,0.956886624292162,0.9587094405069199,1.0,0.0,0.0,0.0,0.0,0.0028826845864218797,-0.5756129108374253,0.5754213969554678,0.026849168861037817
43.0,0.5755197729067882,0.575402634729738,0.5755474597941432,0.013207911725985988,2.997055113929166,0.9702167246578561,0.9764697004291095,0.9870094739053238,0.15197422513736514,0.15361722788132678,0.15460463233397365,2.87701317364869,2.997055113929166,3.0068379170991477,1.1079196898159752e-08,0.013452029113249483,0.17778934315122388,0.761808536588084,0.7671685928704931,0.7761397273674934,0.9133029796536191,0.9154379459847841,0.9189945951615975,0.9556687622330764,0.9567848469512171,0.958641968670168,1.0,0.0,0.0,0.0,0.0,0.0028456145244951797,-0.5755474597941432,0.575402634729738,0.02686908928697128
43.2,0.5754543432375885,0.575382549008054,0.575482244239012,0.013213470779331262,2.997073981253772,0.969722273749144,0.9759042523470148,0.9866272571930917,0.15203309953826225,0.15370621696383252,0.1546834635653664,2.87691274504027,2.9970739812537723,3.0068687772235663,1.1178226891915025e-08,0.013463274824275465,0.1778825082299829,0.761382470196304,0.7666847833603978,0.7758165229588145,0.9131326793142793,0.9152454750121592,0.9188670106177069,0.9555796575785106,0.9566842606567156,0.9585754216549557,1.0,0.0,0.0,0.0,0.0,0.002808930429233081,-0.575482244239012,0.575382549008054,0.026888682202623512
43.400000000000006,0.5753891768620212,0.5753611914937847,0.5754172763471475,0.013219071084575306,2.9970839339566937,0.9692344955972686,0.9753461026823168,0.9862505820647413,0.1520911649917317,0.15379416055705789,0.15476130975669197,2.8768059574689238,2.9970839339566937,3.006894414485075,1.12780092288446e-08,0.013474492766777648,0.17797531950407497,0.760961922654893,0.7662069124145504,0.7754978693306427,0.9129645225568149,0.9150552855401972,0.9187411877901348,0.9554916663361468,0.9565848561014758,0.9585097890106068,1.0,0.0,0.0,0.0,0.0,0.0027726299581829345,-0.5754172763471475,0.5753611914937847,0.02690955679993964
43.6,0.5753242850035796,0.5753386125126159,0.5753525678087653,0.013224709562515142,2.997085275130039,0.9687533146542647,0.9747951749463352,0.9858793766245919,0.15214843068688894,0.15388106691491044,0.15483817988641724,2.876693062563079,2.997085275130039,3.006911372663424,1.1378519780007226e-08,0.013485680559573702,0.17806776027319235,0.7605468380702002,0.7657349261537357,0.7751837114903719,0.912798489401476,0.9148673590087871,0.9186171064087755,0.9554047783574287,0.9564866239559264,0.9584450603504641,1.0,0.0,0.0,0.0,0.0,0.0027367107460151002,-0.5753525678087653,0.5753386125126159,0.026930163113287366
43.800000000000004,0.5752596784254845,0.5753148610444604,0.5752881298420879,0.013230383226115009,2.9970783001343437,0.9682786559327723,0.9742513931256411,0.9855135697226721,0.15220490575508835,0.15396694430883692,0.15491408292533354,2.876574305222302,2.9970783001343437,3.0069223939767604,1.1479734470742788e-08,0.013496835906277848,0.17815981451130303,0.7601371607753937,0.765268770807101,0.7748739948952258,0.9126345598994926,0.9146816768355015,0.9184947463389865,0.9553189835024755,0.9563895548706712,0.9583812253531594,1.0,0.0,0.0,0.0,0.0,0.0027011704057406244,-0.5752881298420879,0.5753148610444604,0.02695151633469063
44.0,0.5751953674429814,0.5752899847546772,0.5752239732059482,0.013236089178193132,2.9970632967737725,0.9678104450091264,0.9737146816862714,0.9851530909525232,0.15226059926885904,0.15405180102560045,0.15498902783445936,2.876449923773386,2.9970632967737725,3.0069268480531086,1.1581629281525467e-08,0.013507956593202508,0.17825146684864535,0.7597328353386484,0.7648083927214754,0.7745686654550712,0.9124727141373737,0.9144982204202088,0.9183740875836653,0.9552342716424534,0.9562936394790023,0.9583182737638158,1.0,0.0,0.0,0.0,0.0,0.0026660065298940716,-0.5752239732059482,0.5752899847546772,0.026973240717136596
44.2,0.5751313619353527,0.5752640300246096,0.5751601082120976,0.013241824609168442,2.9970405454675846,0.9673486080261974,0.973184965577706,0.984797870648814,0.15231552024089529,0.1541356453651021,0.15506302356299845,2.876320150123048,2.9970405454675846,3.0069263359753147,1.1684180249416683e-08,0.013519040487308702,0.1783427025541462,0.7593338065710431,0.7643537383704332,0.7742676695349867,0.9123129322410869,0.9143169711495871,0.9182551102852125,0.9551506326618828,0.9561988683993606,0.9582561953951891,1.0,0.0,0.0,0.0,0.0,0.0026312166916878654,-0.5751601082120976,0.5752640300246096,0.026995885843124453
44.400000000000006,0.5750676713576519,0.5752370419814609,0.5750965447372232,0.013247586794865502,2.9970103194179116,0.9668930716959941,0.972662170236622,0.9844478398847543,0.15236967762310286,0.15421848563824841,0.15513607904635215,2.8761852099073044,2.9970103194179116,3.0069222659966113,1.178736347007643e-08,0.013530085534204022,0.17843350751825254,0.7589400195341712,0.7639047543630977,0.7739709539575585,0.9121551943801187,0.9141379104015386,0.9181377947273742,0.9550680564608853,0.9561052322377478,0.9581949801287456,1.0,0.0,0.0,0.0,0.0,0.002596798446133017,-0.5750965447372232,0.5752370419814609,0.027019924518573726
44.6,0.575004304752156,0.5752090645275161,0.5750332922346821,0.01325337309437573,2.9969728847739656,0.9664437633020257,0.9721462215904224,0.984102930469321,0.15242308030569998,0.15430033016486275,0.155208203204187,2.87604532263758,2.9969728847739656,3.0069198390931255,1.189115510029072e-08,0.013541089756186842,0.1785238682361683,0.7585514195474717,0.7634613874526954,0.7736784660049293,0.9119994807714202,0.9139610195495079,0.9180221213369731,0.9549865329573682,0.9560127215900868,0.9581346179156781,1.0,0.0,0.0,0.0,0.0,0.0025627493311312227,-0.5750332922346821,0.5752090645275161,0.02704740006747938
44.800000000000004,0.5749412707595565,0.5751801403687299,0.5749703597459598,0.013259180947973319,2.996928500792717,0.9660006107014444,0.9716370460605528,0.9837630749443111,0.1524757371163694,0.15438118727164055,0.15527940493855394,2.8759007018436495,2.996928500792717,3.006913817376181,1.1995531360977114e-08,0.01355205125033554,0.17861377179148602,0.7581679521952861,0.7630235845448569,0.7733901534206051,0.9118457716832361,0.9137862799667,0.917908070685529,0.9549060520891496,0.9559213270445327,0.9580750987778651,1.0,0.0,0.0,0.0,0.0,0.002529066868537086,-0.5749703597459598,0.5751801403687299,0.027076043876723153
45.0,0.5748785776298919,0.5751503110426915,0.5749077559118577,0.013265007875084014,2.9968774199961374,0.9655635423269522,0.9711345705656053,0.983428206581225,0.15252765681946193,0.15446106529014947,0.15534969313206326,2.8757515552134576,2.9968774199961374,3.0068999671717163,1.2100468540632468e-08,0.013562968186641345,0.1787032058402033,0.7577895633336402,0.762591292705682,0.7731059644110291,0.9116940474388187,0.9136136730302078,0.917795623490772,0.9548266038160217,0.9558310391837336,0.9580164128087706,1.0,0.0,0.0,0.0,0.0,0.0024957485651925515,-0.5749077559118577,0.5751503110426915,0.027104005138040125
45.2,0.5748162332332118,0.5751196169459771,0.5748454889834184,0.01327085147230516,2.9968198883250636,0.9651324871884978,0.9706387225242213,0.9830982593779803,0.1525788481152505,0.15453997255487156,0.1554190766461101,2.8755980847298854,2.9968198883250636,3.006878561769336,1.2205942999185315e-08,0.013573838806183795,0.17879215859511655,0.7574161990967647,0.7621644591695574,0.7728258476469166,0.9115442884200324,0.9134431801250378,0.9176847606180478,0.9547481781217573,0.9557418485870427,0.9579585501742864,1.0,0.0,0.0,0.0,0.0,0.002462791913931478,-0.5748454889834184,0.5751196169459771,0.027131298588153094
45.400000000000006,0.5747542450700017,0.5750880973609082,0.574783566832592,0.013276709411475603,2.996756145289767,0.9647041481000529,0.9701494298577948,0.9827731680554777,0.15262931963923182,0.15461791740128958,0.1554880843991592,2.8754404868045405,2.996756145289767,3.00684986742403,1.2311931172218932e-08,0.013584661419347664,0.17888061881058265,0.7570450089796065,0.7617430313467425,0.772549752264384,0.911395352655327,0.9132747826480491,0.9175754630816265,0.9546701771583175,0.9556537458326834,0.9579015011135232,1.0,0.0,0.0,0.0,0.0,0.0024301943945601867,-0.574783566832592,0.5750880973609082,0.027157938661361136
45.6,0.5746926202813626,0.5750557904817235,0.574721996962651,0.01328257943779393,2.9966864241172853,0.9642717803179851,0.9696666209929811,0.9824528680540113,0.15267907996147617,0.15469490816401535,0.15555780337213118,2.8752789524086175,2.9966864241172853,3.006814143516242,1.2418409575533813e-08,0.013595434404080307,0.1789685757676414,0.756670147213716,0.7613269568307218,0.7722776278658517,0.9112448942607723,0.9131084620117941,0.9174677120459079,0.9545913722875373,0.9555667214998621,0.9578452559395444,1.0,0.0,0.0,0.0,0.0,0.002397953474808201,-0.574721996962651,0.5750557904817235,0.0271839394955757
45.800000000000004,0.5746313656589463,0.575022733440181,0.5746607865183592,0.013288459367983426,2.9966109518955903,0.9638453455486736,0.9691902248640204,0.9821372955295453,0.15272813758602205,0.15477095317496042,0.1556266269197075,2.8751136672009046,2.9966109518955903,3.0067716427085136,1.2525354810016676e-08,0.01360615620418819,0.1790560192594869,0.7563002516773284,0.7609161834053317,0.7720094245207436,0.9110963804399014,0.9129441996482699,0.9173614888265316,0.9545135795355477,0.9554807661708385,0.95778980504005,1.0,0.0,0.0,0.0,0.0,0.002366066611255213,-0.5746607865183592,0.575022733440181,0.027209314938239203
46.0,0.574570487654661,0.5749889623305989,0.5745999422959014,0.013294347088502512,2.996529949714654,0.9634247747369148,0.9687201709148759,0.9818263873498477,0.15277650095031667,0.15484606076154886,0.1556945637410673,2.8749448116529948,2.996529949714654,3.006722611098784,1.2632743566784952e-08,0.01361682532767173,0.1791429395772836,0.7559352697117876,0.7605106590516592,0.7717450927659932,0.9109497919506351,0.9127819770125787,0.9172567748913952,0.9544367890694773,0.9553958704329439,0.9577351388780103,1.0,0.0,0.0,0.0,0.0,0.002334531250233099,-0.5745999422959014,0.5749889623305989,0.02723407855212976
46.2,0.5745099923901474,0.5749545122343491,0.5745394707525768,0.013300240553799495,2.9964436328044832,0.9630099993909708,0.9682563891011965,0.9815200810905016,0.15282417842469914,0.15492023924497125,0.15576162251156622,2.8747725611717456,2.9964436328044832,3.0066672883703878,1.2740552632579897e-08,0.013627440345097655,0.1792293274963187,0.7555751489408826,0.7601103319547248,0.7714845836063469,0.9108051096144018,0.9126217755864977,0.9171535518615794,0.954360991083383,0.9553120248805558,0.9576812479922491,1.0,0.0,0.0,0.0,0.0,0.002303344828701398,-0.5745394707525768,0.5749545122343491,0.027258243621052714
46.400000000000006,0.574449885666034,0.5749194172438149,0.5744793780162636,0.013306137784610058,2.9963522106701763,0.9626009515835297,0.9677988098921051,0.9812183150307909,0.15287117831192637,0.15499349693847975,0.15582781188117675,2.874597086219074,2.9963522106701768,3.0066059079388476,1.284875889537942e-08,0.013637999888007587,0.1793151742624805,0.7552198372763433,0.7597151505099466,0.7712278485144836,0.9106623143192848,0.9124635768819604,0.9170518015121849,0.9542861758000128,0.9552292201170247,0.9576281229979795,1.0,0.0,0.0,0.0,0.0,0.00227250477510052,-0.5744793780162636,0.5749194172438149,0.02728182315541985
46.6,0.5743901729709685,0.5748837104858233,0.5744196698946593,0.013312036866296397,2.9962558872240805,0.9621975639524896,0.9673473642718193,0.9809210281494728,0.15291750884673969,0.15506584214572355,0.1558931404729752,2.8744185524291166,2.9962558872240805,3.0065386970955132,1.295733935020293e-08,0.013648502647362167,0.17940047157905809,0.7548692829231086,0.7593250633293922,0.7709748394309601,0.9105213870230725,0.9123073624444505,0.916951505773086,0.9542123334725163,0.9551474467565554,0.9575757545872944,1.0,0.0,0.0,0.0,0.0,0.0022420085101813314,-0.5744196698946593,0.5748837104858233,0.027304829897721983
46.800000000000004,0.5743308594904447,0.5748474241445657,0.5743603518843023,0.013317935947226873,2.996154860915083,0.9617997697015648,0.9669019837411075,0.9806281601204402,0.15296317819547123,0.1551372831591253,0.15595761688167512,2.874237120722828,2.996154860915083,3.0064658771481163,1.306627110508444e-08,0.013658947372019802,0.17948521159385372,0.7545234343843639,0.7589400192478243,0.7707255087639777,0.9103823087562064,0.9121531138563086,0.9168526467295998,0.9541394543861017,0.9550666954260415,0.9575241335296112,1.0,0.0,0.0,0.0,0.0,0.002211853447811357,-0.5743603518843023,0.5748474241445657,0.027327276327892898
47.0,0.5742719501154112,0.5748105894840115,0.5743014291793788,0.01332383323719497,2.9960493248551283,0.961407502600729,0.9664626003185883,0.9803396513082814,0.15300819445568914,0.1552078282582962,0.1560212496722056,2.874052947420058,2.9960493248551283,3.006387663558295,1.3175531387188626e-08,0.013669332867249247,0.1795693868866017,0.754182240466367,0.7585599673285364,0.7704798093889808,0.9102450606246375,0.9120008127399541,0.9167552066230733,0.9540675288596436,0.9549869567668596,0.9574732506720725,1.0,0.0,0.0,0.0,0.0,0.0021820369957595287,-0.5743014291793788,0.5748105894840115,0.027349174668569048
47.2,0.574213449450683,0.5747732368698354,0.57424290668032,0.013329727005876459,2.9959394669429975,0.9610206969864844,0.9660291465418717,0.9800554427637371,0.15305256565588057,0.15527748570849134,0.1560840473783361,2.873866184349177,2.9959394669429975,3.006304266076178,1.3285097549045716e-08,0.013679657993275073,0.17965299045668576,0.7538456502830428,0.7581848568689923,0.7702376946480978,0.9101096238125811,0.9118504407610204,0.9166591678513955,0.9539965472472368,0.9549082214366116,0.9574230969399048,1.0,0.0,0.0,0.0,0.0,0.002152556556457949,-0.57424290668032,0.5747732368698354,0.02737053689024692
47.400000000000006,0.574155361823151,0.5747353957908587,0.5741847890021963,0.013335615581323672,2.9958254699854083,0.9606392877619782,0.9656015554685533,0.9797754762190736,0.15309629975517028,0.15534626375910346,0.15614601850134424,2.8736769789542937,2.9958254699854083,3.0062158888720574,1.3394947074883956e-08,0.0136899216638553,0.17973601571114817,0.7535136132603775,0.7578146374062649,0.7699991183494248,0.9099759795851815,0.9117019796314098,0.9165645129694323,0.9539264999397024,0.9548304801108297,0.9573736633367365,1.0,0.0,0.0,0.0,0.0,0.0021234095277439663,-0.5741847890021963,0.5747353957908587,0.027391374716337815
47.6,0.5740976912897954,0.5746970948800209,0.57412708048291,0.01334149734849605,2.995707511815504,0.9602632103969636,0.9651797606770607,0.979499694083364,0.15313940464307452,0.1554141706421953,0.15620717150872773,2.873485474400104,2.9957075118155045,3.006122730665226,1.350505758703822e-08,0.013700122844890542,0.17981845645298564,0.7531860791405982,0.7574492587222824,0.7697640347661633,0.9098441092910827,0.9115554111122625,0.9164712246893892,0.9538573773660436,0.9547537234846345,0.9573249409448755,1.0,0.0,0.0,0.0,0.0,0.0020945933035809577,-0.57412708048291,0.5746970948800209,0.027411699628125195
47.800000000000004,0.5740404416455153,0.5746583619348901,0.5740697851911928,0.013347370747825731,2.9955857654087765,0.9598924009276051,0.964763696267358,0.9792280394376874,0.1531818881392899,0.1554812145710701,0.15626751483295986,2.87329180967445,2.9955857654087765,3.006024984850045,1.3615406852412821e-08,0.013710260553063772,0.17990030686972447,0.7528629979861482,0.7570886708488826,0.769532398635609,0.9097139943649075,0.9114107170168466,0.9163792858811026,0.9537891699948526,0.9546779422743505,0.957276920925549,1.0,0.0,0.0,0.0,0.0,0.002066105274758437,-0.5740697851911928,0.5746583619348901,0.02743152286962295
48.0,0.573983616430761,0.5746192239377222,0.5740129069344133,0.01335323427381727,2.99546039899647,0.9595267959561425,0.9643532968615108,0.9789604560302537,0.15322375799351431,0.15554740373887935,0.15632705687028683,2.873096119688611,2.99546039899647,3.0059228396192847,1.3725972788980397e-08,0.01372033385450995,0.1799815615222666,0.7525443201834633,0.7567328240726817,0.7693041651580096,0.9095856163296466,0.9112678792133669,0.9162886795722633,0.9537218683356699,0.9546031272190809,0.9572295945191048,1.0,0.0,0.0,0.0,0.0,0.00203794282957305,-0.5740129069344133,0.5746192239377222,0.027450855452339266
48.2,0.5739272189389907,0.5745797070750761,0.5739564492661965,0.01335908647368082,2.995331576176545,0.9591663326504103,0.9639484976041205,0.9786968882714602,0.15326502188529964,0.1556127463172682,0.1563858059795671,2.8728985353753806,2.995331576176545,3.0058164780848053,1.3836733472298622e-08,0.013730341863515075,0.18006221533400507,0.7522299964465545,0.7563816689397582,0.7690792899952857,0.9094589567989617,0.9111268796276923,0.9161993889485747,0.9536554629402958,0.9545292690822372,0.9571829530451788,1.0,0.0,0.0,0.0,0.0,0.0020101033544904084,-0.5739564492661965,0.5745797070750761,0.027469708159947773
48.400000000000006,0.5738712522239536,0.5745398367569995,0.5739004154938606,0.013364925945997589,2.9951994560222124,0.9588109487432198,0.9635492341626238,0.978437281228876,0.1533056874239362,0.15567725045505693,0.15644377048115213,2.8726991837849973,2.9951994560222124,3.0057060783956273,1.3947667142025186e-08,0.0137402837412438,0.18014226358019908,0.7519199778203967,0.7560351562601582,0.7688577292696288,0.9093339974793986,0.91098770024601,0.9161113973538463,0.9535899444040564,0.9544563586530305,0.9571369879028244,1.0,0.0,0.0,0.0,0.0,0.001982584234788462,-0.5739004154938606,0.5745398367569995,0.02748809155286353
48.6,0.5738157191067869,0.5744996376357892,0.5738448086856777,0.013370751339416764,2.9950641931881337,0.9584605825316092,0.9631554427274693,0.9781815806221665,0.15334576214836657,0.15574092427695946,0.15650095865580693,2.8724981881789455,2.9950641931881337,3.005591813853455,1.4058752208415698e-08,0.013750158694494872,0.1802217018776033,0.7516142156841289,0.7556932371122221,0.7686394395619707,0.9092107201725168,0.9108503231173962,0.9160246882900251,0.9535253033670229,0.9543843867479206,0.957091690570611,1.0,0.0,0.0,0.0,0.0,0.001955382855180654,-0.5738448086856777,0.5744996376357892,0.027506015972731997
48.800000000000004,0.5737606221829511,0.5744591336243364,0.5737896316779572,0.013376561351383248,2.994925938014298,0.9581151728759617,0.9627670600121677,0.9779297328179676,0.15338525352712748,0.15580377588233654,0.15655737874367126,2.872295668121682,2.9949259380142985,3.0054738530256886,1.4169967258788988e-08,0.013759965974483984,0.18030052617434694,0.751312661754075,0.7553558628467408,0.7684243779103498,0.9090891067769359,0.9107147303563164,0.9159392454171716,0.9534615305151861,0.9543133442120237,0.9570470526066893,1.0,0.0,0.0,0.0,0.0,0.0019284966004240178,-0.5737896316779572,0.5744591336243364,0.027523491546828073
49.0,0.5737059638289983,0.574418347914069,0.5737348870819596,0.01338235472689526,2.9947848366276477,0.9577746591990022,0.9623840232532256,0.9776816848246968,0.15342416895832078,0.15586581334398533,0.15661303894325906,2.8720917395703447,2.9947848366276477,3.005352359856003,1.4281291063942708e-08,0.013769704875653389,0.18037873274005753,0.7510152680865846,0.7550229850909389,0.768212501808152,0.908969139290298,0.9105809041450462,0.915855052553373,0.9533986165815878,0.9542432219204815,0.957003065648824,1.0,0.0,0.0,0.0,0.0,0.0019019228559081641,-0.5737348870819596,0.574418347914069,0.02754052819236939
49.2,0.5736517462091735,0.5743773029924956,0.5736805772906451,0.013388130257291036,2.9946410310414935,0.9574389814846688,0.9620062702099602,0.9774373842873227,0.1534625157696104,0.15592704470696334,0.1566679474104971,2.871886514962478,2.9946410310414935,3.0052274937725167,1.4392702584506146e-08,0.013779374734507516,0.1804563181562211,0.7507219870806948,0.7546945557522929,0.7680037692022536,0.9088507998111506,0.9104488267360203,0.915772093674605,0.9533365523474063,0.9541740107797911,0.956959721414397,1.0,0.0,0.0,0.0,0.0,0.001875659008226796,-0.5736805772906451,0.5743773029924956,0.027557135620741358
49.400000000000006,0.5735979712818605,0.5743360206603589,0.5736267044852569,0.013393886779063908,2.9944946592527577,0.9571080802768692,0.9616337391642028,0.9771967794820907,0.15350030121824515,0.1559874779874466,0.15672211225780108,2.8716801033017947,2.9944946592527577,3.005099409793621,1.4504180977217593e-08,0.013788974928474139,0.18053327930677576,0.7504327714806246,0.754370527022186,0.7677981384910614,0.9087340705407487,0.9103184804541091,0.9156903529145409,0.9532753286430019,0.9541057017290937,0.9569170117003822,1.0,0.0,0.0,0.0,0.0,0.0018497024457337224,-0.5736267044852569,0.5743360206603589,0.027573323341644064
49.6,0.5735446408058709,0.5742945220484136,0.5735732706417467,0.013399623172705027,2.9943458553371074,0.9567818966781221,0.9612663689198929,0.9769598193112059,0.1535375324911067,0.1560471211716224,0.1567755415531891,2.871472610242068,2.9943458553371074,3.0049682586315103,1.461570560111169e-08,0.013798504874790557,0.18060961336893322,0.7501475743781043,0.7540508513794021,0.767595568522459,0.9086189337847813,0.9101898476988214,0.915609814564309,0.9532149363489184,0.9540382857414289,0.9568749283832915,1.0,0.0,0.0,0.0,0.0,0.0018240505590832456,-0.5735732706417467,0.5742945220484136,0.027589100667151457
49.800000000000004,0.5734917563465772,0.5742528276338277,0.5735202775370442,0.013405338361573064,2.994194749542005,0.9564603723480932,0.9609040988025663,0.9767264532974794,0.15357421670478175,0.1561059822146148,0.15682824331943065,2.8712641381691384,2.994194749542005,3.004834186793463,1.4727256023605067e-08,0.013807964029414203,0.1806853178042226,0.7498663492145368,0.7537354815934628,0.767396018591647,0.90850537195502,0.9100629109464371,0.9155304630721975,0.953155366396845,0.9539717538249468,0.9568334634190916,1.0,0.0,0.0,0.0,0.0,0.0017987007417515077,-0.5735202775370442,0.5742528276338277,0.027604476715693785
50.0,0.5734393192819051,0.5742109572562211,0.5734677267551738,0.013411031310790156,2.9940414683777288,0.9561434495020201,0.9605468686587377,0.9764966315789475,0.15361036090565647,0.1561640690394435,0.1568802255332327,2.871054786281105,2.9940414683777288,3.0046973366809215,1.4838812026470432e-08,0.01381735188595713,0.18076039034975167,0.7495890497830057,0.7534243707278108,0.7671994484389191,0.9083933675708933,0.9099376527520718,0.91545228304332,0.9530966097705365,0.9539060970240858,0.9567926088430995,1.0,0.0,0.0,0.0,0.0,0.0017736503905464024,-0.5734677267551738,0.5742109572562211,0.027619460415962062
50.2,0.5733873308081703,0.5741689301333489,0.5734156196932239,0.013416701026163415,2.9938861347064054,0.9558310709090326,0.9601946188551864,0.9762703049034545,0.15364597207003425,0.15622138953601555,0.15693149612446072,2.8708446506667444,2.9938861347064054,3.0045578466864042,1.4950353611687627e-08,0.013826667974643877,0.18083482900968023,0.7493156302301165,0.7531174721428425,0.7670058182473297,0.9082829032609848,0.9098140557516704,0.9153752592392276,0.9530386575066931,0.9538413064207125,0.9567523567698475,1.0,0.0,0.0,0.0,0.0,0.001748896906099251,-0.5734156196932239,0.5741689301333489,0.027634060510729697
50.400000000000006,0.5733357919457832,0.5741267648764347,0.5733639575671681,0.01342234655313151,2.993728867829098,0.9555231798903855,0.9598472902781431,0.9760474246232176,0.1536810571042737,0.1562779515601484,0.15698206297539272,2.8706338243821734,2.993728867829098,3.004415851288329,1.5061861007160742e-08,0.013835911861292249,0.18090863204690277,0.7490460450577066,0.7528147394987914,0.7668150886403015,0.9081739617644666,0.9096921026639336,0.9152993765774832,0.9529815006958055,0.9537773731352259,0.9567126993929285,1.0,0.0,0.0,0.0,0.0,0.0017244376933433364,-0.5733639575671681,0.5741267648764347,0.027648285560605494
50.6,0.5732847035448043,0.5740844795051605,0.5733127414175471,0.013427966975735532,2.993569783570979,0.9552197203175851,0.9595048243323832,0.9758279426893639,0.15371562284494822,0.15633376293262546,0.15703193392000847,2.8704223975258025,2.993569783570979,3.0042714811437445,1.5173314672293525e-08,0.013845083146316524,0.18098179797493275,0.7487802491243871,0.7525161267584707,0.7666272206791457,0.9080665259324541,0.9095717762921791,0.9152246201311917,0.9529251304829552,0.9537142883276245,0.956673628984815,1.0,0.0,0.0,0.0,0.0,0.001700270161977352,-0.5733127414175471,0.5740844795051605,0.027662143947708016
50.800000000000004,0.5732340662903729,0.5740420914623277,0.5732619721150095,0.013433561415613615,2.993408994364646,0.954920636610425,0.9591671629402277,0.9756118116464535,0.15374967605902423,0.1563888314382821,0.15708111674331202,2.870210457311638,2.993408994364646,3.004124863179055,1.528469530341513e-08,0.013854181463752493,0.18105432554998632,0.7485181976469495,0.7522215881898681,0.7664421758605172,0.9079605787292949,0.909453059526135,0.9151509751284905,0.9528695380685835,0.9536520431985396,0.9566351378966576,1.0,0.0,0.0,0.0,0.0,0.0016763917269148887,-0.5732619721150095,0.5740420914623277,0.027675643879266153
51.0,0.5731838807079939,0.5739996176281846,0.5732116503657182,0.01343912903101874,2.993246609331604,0.9546258737349388,0.9588342485404568,0.9753989846269868,0.15378322344405881,0.15644316482512252,0.1571296191806854,2.869998088140923,2.993246609331604,3.003976120678758,1.5395983839046226e-08,0.013863206480303996,0.18112621376325969,0.7482598462016343,0.7519310783686066,0.7662599161138018,0.9078561032337931,0.909335935343672,0.9150784269520041,0.9528147147092195,0.9535906289902333,0.956597218558062,1.0,0.0,0.0,0.0,0.0,0.001652799808720934,-0.5732116503657182,0.5739996176281846,0.027688793391152575
51.2,0.5731341471687008,0.5739570743344379,0.5731617767166214,0.013444669015859214,2.9930827343619635,0.9543314857752083,0.9585060240871384,0.9751894153458935,0.15381627162841585,0.15649677080346738,0.15717808983128564,2.8697853716721893,2.9930827343619635,3.0038253733722358,1.550716146499937e-08,0.013872157894410606,0.18119746183339797,0.7480017383202803,0.7516445521802687,0.7660804037984348,0.9077517022137107,0.9092203868124685,0.9150069611382577,0.9527599272791364,0.9535300369875623,0.9565598634768445,1.0,0.0,0.0,0.0,0.0,0.0016294918340329784,-0.5731617767166214,0.5739570743344379,0.027701600351342948
51.400000000000006,0.5730848658940911,0.5739144773779502,0.5731123515605966,0.013450180598761147,2.9929174721923846,0.9540365387538705,0.9581824330483701,0.9749830580950182,0.15384882717149898,0.15654965704513038,0.15722668252929264,2.869572386889751,2.9929174721923846,3.003672737518661,1.561820961930793e-08,0.013881035435335708,0.1812680691991477,0.7477430550209833,0.7513619648225858,0.765903601701163,0.9076470443421238,0.9091063970916163,0.9149365633770593,0.952705001896216,0.95347025851891,0.9565230652387685,1.0,0.0,0.0,0.0,0.0,0.0016064652359701753,-0.5731123515605966,0.5739144773779502,0.027714072463308075
51.6,0.5730360369612312,0.5738718420341301,0.5730633751414665,0.013455663042152437,2.9927509224823017,0.9537458510184297,0.9578634194049451,0.9747798677376014,0.15388089656400056,0.15660183118262463,0.15727460291421125,2.8693592101706504,2.9927509224823017,3.0035183259900347,1.5729109996976433e-08,0.013889838862274738,0.18133803551219063,0.7474880238062988,0.751083271807497,0.7657294730332539,0.9075438403930507,0.9089939494331629,0.9148672195108484,0.952650836443395,0.9534112849570798,0.9564868165072631,1.0,0.0,0.0,0.0,0.0,0.00158371745453105,-0.5730633751414665,0.5738718420341301,0.027726217269339406
51.800000000000004,0.5729876603074489,0.5738291830700221,0.5730148475588898,0.013461115641367932,2.9925831818884885,0.953459369018271,0.957548927648937,0.9745797997027497,0.1539124862281678,0.15665330080839784,0.15732185856482528,2.8691459153501104,2.9925831818884885,3.0033622483523983,1.5839844554546334e-08,0.013898567963483328,0.18140736063015742,0.7472366012908391,0.7508084289630841,0.7655579814276481,0.9074420737987927,0.9088830271835937,0.914798915534013,0.9525974223542092,0.9533531077201637,0.9564511100231231,1.0,0.0,0.0,0.0,0.0,0.0015612459369763187,-0.5730148475588898,0.5738291830700221,0.02773804215380616
52.0,0.5729397357349999,0.573786514757104,0.5729667687731314,0.013466537723774973,2.992414344137952,0.9531770397313545,0.9572389027822097,0.9743828099799057,0.15394360251808362,0.15670407347409557,0.15736845701012303,2.8689325737855196,2.992414344137952,3.003204610945278,1.5950395514473595e-08,0.013907222555424637,0.18147604460981234,0.7469887444427986,0.7505373924353785,0.765389090936053,0.9073417281059529,0.9087736137852576,0.9147316375921725,0.9525447511184795,0.9532957182723717,0.9564159386041902,1.0,0.0,0.0,0.0,0.0,0.0015390481381995086,-0.5729667687731314,0.573786514757104,0.027749554346350108
52.2,0.5728922629156185,0.5737438508837946,0.5729191386097143,0.013471928647919025,2.9922445000992415,0.9528988106620027,0.9569332903148549,0.9741888551133258,0.15397425171996115,0.15675415668985304,0.1574144057287586,2.868719254418973,2.992244500099242,3.0030455169593715,1.6060745369313977e-08,0.013915802481935566,0.18154408770040797,0.7467444105848028,0.7502701186900469,0.7652227660260085,0.9072427869764392,0.9086656927777301,0.9146653719814369,0.9524928142829205,0.9532391081248356,0.956381295145021,1.0,0.0,0.0,0.0,0.0,0.0015171215210877248,-0.5729191386097143,0.5737438508837946,0.027760760925015684
52.400000000000006,0.5728452413949613,0.5737012047676838,0.5728719567639556,0.013477287802688915,2.9920737378521753,0.9526246298386193,0.9566320362635585,0.9739978921965553,0.154004440052453,0.1568035579236135,0.1574597121485416,2.8685060238384192,2.992073737852176,3.0028850665125333,1.6170876885710493e-08,0.013924307613411657,0.18161149033720608,0.7465035573946383,0.7500065645139576,0.7650589715778953,0.9071452341884074,0.9085592477991226,0.9146001051476368,0.9524416034517177,0.9531832688363762,0.9563471726165375,1.0,0.0,0.0,0.0,0.0,0.0014954635568694974,-0.5728719567639556,0.5737012047676838,0.027771668819316905
52.6,0.572798670596928,0.5736585892674831,0.572825222805388,0.013482614606501141,2.9919021427560217,0.9523544458113302,0.9563350871498992,0.973809878866908,0.15403417366697378,0.15685228460047448,0.15750438364595645,2.868292946337416,2.9919021427560217,3.0027233567240876,1.6280773108180734e-08,0.013932737846010063,0.18167825313515998,0.7462661429058599,0.7497466870166328,0.7648976728819011,0.9070490536371446,0.908454262587333,0.9145358236855237,0.9523911102870702,0.9531281920142447,0.9563135640656616,1.0,0.0,0.0,0.0,0.0,0.0014740717254496521,-0.572825222805388,0.5736585892674831,0.02778228481324551
52.800000000000004,0.5727525498278877,0.5736160167947097,0.5727789361820707,0.013487908506502935,2.991729797516172,0.9520882076495695,0.9560423899985787,0.9736247732999602,0.15406345864803409,0.15690034410205989,0.15754842754570675,2.8680800839735485,2.991729797516172,3.0025604817875036,1.6390417362702096e-08,0.013941093100870378,0.18174437688275616,0.7460321255082905,0.7494904436315823,0.7647388356349641,0.9069542293358986,0.9083507209812437,0.9144725143379528,0.9523413265097063,0.953073869314831,0.9562804626149392,1.0,0.0,0.0,0.0,0.0,0.0014529435157364518,-0.5727789361820707,0.5736160167947097,0.027792615548217377
53.0,0.5727068782807877,0.5735734993251057,0.5727330962247936,0.013493168977793466,2.9915567822493507,0.9518258649395956,0.9557538923355909,0.973442534204052,0.15409230101358726,0.15694774376591852,0.15759185112028787,2.8678674966255286,2.9915567822493507,3.002396533041463,1.649979326009124e-08,0.013949373323352806,0.18180986253600903,0.7458014639484084,0.7492377921175298,0.7645824259376632,0.9068607454166523,0.9082486069218619,0.9144101639950355,0.9522922438993665,0.9530202924443438,0.9562478614621465,1.0,0.0,0.0,0.0,0.0,0.0014320764259543178,-0.5727330962247936,0.5735734993251057,0.027802667525959775
53.2,0.5726616550391638,0.5735310484098,0.5726877021511741,0.0134983955226629,2.991383174547357,0.9515673677819485,0.9554695421863286,0.9732631208147966,0.15412070671538747,0.15699449088494835,0.1576346615895854,2.8676552420489996,2.991383174547357,3.002231599039369,1.6608884699176172e-08,0.013957578482293473,0.18187471121260826,0.7455741173296246,0.748988690559528,0.7644284102910891,0.9067685861308409,0.9081479044534108,0.9143487596932727,0.952243854295257,0.9529674531594627,0.9562157538798863,1.0,0.0,0.0,0.0,0.0,0.001411467963948046,-0.5726877021511741,0.5735310484098,0.02781244711134299
53.400000000000006,0.5726168790810454,0.5734886751862159,0.5726427530696504,0.01350358766984893,2.9912090495394077,0.9513126667888515,0.9551892880736277,0.9730864928896086,0.15414868163935833,0.15704059270684573,0.15767686612049836,2.8674433759310793,2.9912090495394077,3.0020657656173126,1.6717675869760013e-08,0.013965708569276524,0.18193892418621357,0.7453500451124618,0.7487430973699679,0.7642767555936786,0.906677735850021,0.9080485977243643,0.9142882886146675,0.9521961495964765,0.9529153432679587,0.9561841332151716,1.0,0.0,0.0,0.0,0.0,0.0013911156474760433,-0.5726427530696504,0.5734886751862159,0.02782196053515489
53.6,0.5725725492827676,0.5734463903887342,0.5725982479833736,0.01350874497381031,2.9910344799530884,0.9510617130815566,0.9549130790157586,0.972912610702247,0.15417623160597146,0.15708605643357937,0.157718471826588,2.867231951943671,2.9910344799530884,3.0018991159605357,1.6826151255375116e-08,0.013973763597922583,0.18200250288089495,0.7451292071146266,0.7485009712894864,0.7641274291380246,0.9065881790664853,0.9079506709884346,0.914228738085816,0.9521491217624113,0.9528639546292899,0.9561529928889965,1.0,0.0,0.0,0.0,0.0,0.0013710170044926584,-0.5725982479833736,0.5734463903887342,0.027831213896818738
53.800000000000004,0.5725286644226814,0.5734042043591129,0.5725541857940021,0.013513867014016915,2.990859536173951,0.9508144582876319,0.9546408645243579,0.9727414350373768,0.15420336237063487,0.1571308892208885,0.15775948576775148,2.8670210217955643,2.9908595361739514,3.001731730668428,1.6934295635827048e-08,0.013981743603193186,0.18206544886571133,0.7449115635109871,0.7482622713877664,0.7639803986076648,0.9064999003938282,0.9078541086055051,0.9141700955769829,0.9521027628131069,0.9528132791551686,0.9561223263958981,1.0,0.0,0.0,0.0,0.0,0.0013511695734222534,-0.5725541857940021,0.5734042043591129,0.027840213167058484
54.0,0.5724852231847669,0.5733621270566698,0.5725105653053982,0.013518953394256178,2.9906842863037792,0.9505708545382062,0.9543725946023077,0.972572927185145,0.15423007962409083,0.15717509817780542,0.15779991494991819,2.8668106352833487,2.9906842863037792,3.001563687818074,1.7042094089528188e-08,0.013989648640711118,0.18212776384943094,0.7446970748334476,0.7480269570642462,0.7638356320738391,0.9064128845674605,0.9077588950425188,0.9141123487011549,0.9520570648296086,0.9527633088101011,0.956092127303507,1.0,0.0,0.0,0.0,0.0,0.0013315709034214113,-0.5725105653053982,0.5733621270566698,0.02784896419050991
54.2,0.5724422241621622,0.5733201680682342,0.5724673852272304,0.013524003741955446,2.9905087962175654,0.9503308544651623,0.9541082197415658,0.9724070489357837,0.15425638899282165,0.1572186903662007,0.15783976632476976,2.8666008403411705,2.9905087962175654,3.0013950630263992,1.7149531995620437e-08,0.013997478786096184,0.18218944967538506,0.7444857019707459,0.7477949880487249,0.7636930979922363,0.9063271164450816,0.9076650148743134,0.9140554852130816,0.9520120199542798,0.9527140356119015,0.9560623892520878,1.0,0.0,0.0,0.0,0.0,0.0013122185546329823,-0.5724673852272304,0.5733201680682342,0.027857472688280618
54.400000000000006,0.572399665860594,0.573278336617873,0.5724246441784833,0.013529017707519724,2.9903331296191937,0.9500944111982775,0.953847690920941,0.9722437625742323,0.15428229603946395,0.157261672800352,0.1578790467894839,2.8663916830893648,2.9903331296191937,3.0012259295109334,1.7256595035888823e-08,0.014005234134315947,0.18225050831645237,0.7442774061681382,0.7475663244018775,0.7635527651997179,0.906242581007097,0.9075724527844125,0.9139994930082986,0.95196762039109,0.9526654516321795,0.9560331059540713,1.0,0.0,0.0,0.0,0.0,0.0012931100984307775,-0.5724246441784833,0.573278336617873,0.027865744260457515
54.6,0.572357546701722,0.5732366415763936,0.572382340690878,0.013533994963684693,2.9901573480959076,0.9498614783623317,0.9535909596038249,0.9720830308747858,0.15430780626323012,0.15730405244653467,0.15791776318649842,2.866183207881968,2.9901573480959076,3.0010563581492176,1.736326919646646e-08,0.014012914799051413,0.18231094187017424,0.7440721490270217,0.7473409265156766,0.7634146029110295,0.9061592633569996,0.9074811935657706,0.9139443601221384,0.9519238584058838,0.9526175489968027,0.9560042711935783,1.0,0.0,0.0,0.0,0.0,0.0012742431176552549,-0.572382340690878,0.5732366415763936,0.027873784388564908
54.800000000000004,0.5723158650263973,0.5731950914706291,0.5723404732122028,0.01353893520488464,2.9899815111715364,0.949632010074167,0.9533379777358765,0.9719248170957607,0.15433292510033825,0.15734583622263554,0.1579559223032982,2.8659754573531453,2.9899815111715364,3.0008864175368912,1.7469540769330812e-08,0.014020520912077335,0.18237075255399593,0.74386989250445,0.7471187551137244,0.7632785807154905,0.9060771487216984,0.9073912221214683,0.9138900747287233,0.9518807263266189,0.9525703198863329,0.9559758788259334,1.0,0.0,0.0,0.0,0.0,0.0012556152068389642,-0.5723404732122028,0.5731950914706291,0.02788159843797416
55.0,0.5722746190978371,0.5731536944925132,0.5722990401095597,0.013543838146634806,2.9898056763585332,0.949405960939702,0.9530886977426585,0.9717690849741998,0.15435765792444658,0.1573870309977872,0.15799353087222368,2.8657684724625656,2.9898056763585332,3.0007161740444928,1.757539635359384e-08,0.014028052622656556,0.18242994270062896,0.7436705989125787,0.7468997712514976,0.7631446685736852,0.905996222451809,0.9073025234653675,0.9138366251399519,0.9518382165435849,0.9525237565364403,0.9559479227771737,1.0,0.0,0.0,0.0,0.0,0.001237223972424914,-0.5722990401095597,0.5731536944925132,0.027889191660264948
55.2,0.5722338071047162,0.5731124585079467,0.5722580396725246,0.013548703524927978,2.9896298992088557,0.9491832860509216,0.9528430725272389,0.971615798720597,0.15438201004709556,0.1574276435920244,0.15803059557029833,2.865562292539733,2.9896298992088557,3.0005456918729783,1.768082285658874e-08,0.014035510096948438,0.18248851475353609,0.7434742309180298,0.7466839363165056,0.7630128368141331,0.9059164700219001,0.9072150827227217,0.9137839998044689,0.9517963215095968,0.9524778512382915,0.9559203970435495,1.0,0.0,0.0,0.0,0.0,0.0012190670329765424,-0.5722580396725246,0.5731124585079467,0.02789656919553735
55.400000000000006,0.5721934271641742,0.5730713910654591,0.5722174701162271,0.013553531095644954,2.989454233363693,0.9489639409828223,0.952601055467743,0.9714649230136475,0.1544059867181563,0.15746768077596068,0.1580671230190771,2.8653569553272957,2.989454233363693,3.00037503310801,1.7785807494753532e-08,0.014042893517430962,0.1825464712625326,0.7432807515411801,0.7464712120283676,0.7628830561299563,0.905837877030702,0.9071288851307411,0.9137321873066276,0.9517550337401672,0.9524325963389149,0.9558932956910176,1.0,0.0,0.0,0.0,0.0,0.0012011420193778627,-0.5722174701162271,0.5730713910654591,0.027903736074680982
55.6,0.5721534773247485,0.573030499404674,0.5721773295843476,0.013558320633978632,2.9892787306020745,0.9487478817903214,0.9523626004148711,0.9713164229950356,0.15442959312628304,0.15750714927048584,0.1581031197845149,2.8651524970233697,2.989278730602075,3.0002042577730275,1.7890337794313774e-08,0.014050203082336255,0.18260381487950325,0.7430901241553689,0.7462615604388061,0.7627552975755356,0.9057604292012699,0.9070439160391188,0.9136811763654383,0.9517143458136545,0.9523879842415424,0.9558666128547292,1.0,0.0,0.0,0.0,0.0,0.001183446575026434,-0.5721773295843476,0.573030499404674,0.027910697221595938
55.800000000000004,0.5721139555692295,0.5729897904645761,0.5721376161520384,0.013563071933871353,2.9891034408883956,0.9485350650051411,0.952127661689377,0.9711702642642523,0.15445283439937105,0.1575460557464832,0.15813859237685324,2.8649489523228806,2.9891034408883956,3.0000334238811313,1.799440159176882e-08,0.014057439005099199,0.18266054835423082,0.7429023124860378,0.7460549439315632,0.7626295325631701,0.9056841123811132,0.9069601609105151,0.9136309558335131,0.9516742503713912,0.9523440074059295,0.9558403427385127,1.0,0.0,0.0,0.0,0.0,0.0011659783560192538,-0.5721376161520384,0.5729897904645761,0.027917457455371806
56.0,0.5720748598174363,0.5729492708915916,0.5720983278287655,0.01356778480746521,2.9889284124188547,0.9483254476326574,0.9518961940795106,0.9710264128734396,0.1544757156050198,0.1575844068245664,0.15817354725052563,2.8647463544579583,2.9889284124188547,2.9998625874858016,1.8097987034183504e-08,0.014064601513818959,0.18271667453033502,0.7427172806098039,0.7458513252222405,0.7625057328597286,0.9056089125422856,0.9068776053210016,0.9135815146959981,0.9516347401177907,0.952300658348653,0.9558144796143504,1.0,0.0,0.0,0.0,0.0,0.0011487350313292705,-0.5720983278287655,0.5729492708915916,0.02792402149242094
56.2,0.5720361879289257,0.5729089470474812,0.572059462561077,0.013572459084565155,2.9887536916668567,0.9481189871487238,0.9516681528384258,0.9708848353222714,0.15449824175099988,0.15762220907483532,0.15820799080408113,2.8645447352374056,2.9887536916668567,2.999691802730478,1.8201082579287108e-08,0.014071690850733199,0.18277219634131855,0.7425349929534608,0.745650667358061,0.7623838705832966,0.9055348157814386,0.9067962349604644,0.9135328420694997,0.9515958078204341,0.9522579296433861,0.9557890178218502,1.0,0.0,0.0,0.0,0.0,0.0011317142829756627,-0.572059462561077,0.5729089470474812,0.02793039394856829
56.400000000000006,0.5719979377056206,0.572868825017047,0.5720210182352974,0.013577094612114447,2.9885793234273828,0.9479156414964668,0.9514434936815535,0.9707454985528657,0.15452041778572426,0.15765946901665087,0.1582419293801252,2.8643441250852346,2.988579323427383,2.99952112189703,1.8303676995383997e-08,0.0140787072717046,0.18282711680671807,0.7423554142929144,0.7454529337175616,0.7622639181998279,0.9054618083198379,0.9067160356329722,0.9134849272010029,0.9515574463101363,0.9522158139211532,0.9557639517677137,1.0,0.0,0.0,0.0,0.0,0.0011149138061854608,-0.5720210182352974,0.572868825017047,0.027936579341104363
56.6,0.5719601068943753,0.5728289106156657,0.57198299268015,0.013581691253682363,2.988405350860354,0.947715369083054,0.9512221727839463,0.9706083699447385,0.15454224859872187,0.15769619311842836,0.1582753692652784,2.864144553078328,2.988405350860354,2.999350595453128,1.8405759361079814e-08,0.014085651045719528,0.18288143902835716,0.7421785097520573,0.7452580880102128,0.7621458485197982,0.9053898765033477,0.9066369932571041,0.9134377594667863,0.9515196484809936,0.9521743038705638,0.9557392759251995,1.0,0.0,0.0,0.0,0.0,0.0010983313095494496,-0.57198299268015,0.5728289106156657,0.027942582090791968
56.800000000000004,0.5719226931894699,0.5727892093966468,0.5719453836693105,0.013586248888963693,2.988231815533015,0.9475172867756602,0.951004146777589,0.9704734173097836,0.154563739021116,0.1577323877974481,0.15830845736908955,2.863946046983234,2.988231815533015,2.999180272098558,1.8507319064825904e-08,0.014092522454398583,0.18293516618669925,0.7420035007980936,0.7450660942759693,0.7620296346948594,0.9053187042088261,0.9065590938662428,0.9133913283713289,0.9514822482779491,0.9521333922380272,0.9557149848335844,1.0,0.0,0.0,0.0,0.0,0.0010819645151707163,-0.5719453836693105,0.5727892093966468,0.027948406523833586
57.0,0.5718856942350338,0.5727497266584168,0.5719081889238903,0.013590767413289994,2.9880587574613626,0.9473174354429984,0.9507893727486839,0.970340608887289,0.15458489382610535,0.1577680594196846,0.15834185499800793,2.863748633292084,2.9880587574613626,2.999010198810476,1.8608345804285224e-08,0.014099321791518895,0.18298830153729947,0.7418268895899774,0.7448769168847549,0.7619152502144921,0.9052468689650386,0.9064823236088294,0.9133456235462113,0.9514444982119474,0.9520930718279431,0.9556910730976178,1.0,0.0,0.0,0.0,0.0,0.0010658111588039837,-0.5719081889238903,0.5727497266584168,0.027954056873801016
57.2,0.5718491076274103,0.5727104674515371,0.5718714061148539,0.013595246737152263,2.9878862151506116,0.9471206080562209,0.9505778082349051,0.9702099133389998,0.15460571772944634,0.1578032142996518,0.1583747610643227,2.863552337257685,2.9878862151506116,2.998840420887656,1.8708829585524962e-08,0.014106049362547779,0.18304084840735152,0.7416529120989649,0.7446905205358797,0.7618026689026779,0.905176093815229,0.9064066687485863,0.9133006347490182,0.9514073037698426,0.9520533355028795,0.9556675353869779,1.0,0.0,0.0,0.0,0.0,0.0010498689899927083,-0.5718714061148539,0.5727104674515371,0.027959537283527253
57.400000000000006,0.5718129309174509,0.5726714365855624,0.5718350328653719,0.013599686785734562,2.987714225634764,0.9469267641652444,0.9503694112226283,0.9700812997442073,0.15462621538993923,0.15783785870026606,0.15840718171297152,2.8633571829278117,2.987714225634764,2.9986709819937296,1.8808760722039633e-08,0.014112705484187502,0.1830928101923258,0.7414815343161202,0.7445068702573979,0.7616918649145629,0.9051063654194781,0.9063321156647032,0.9132563518622306,0.9513706580058781,0.9520141761837262,0.9556443664357215,1.0,0.0,0.0,0.0,0.0,0.0010341357721948552,-0.5718350328653719,0.5726714365855624,0.027964851806956365
57.6,0.5717771616127508,0.5726326386357333,0.5717990667531079,0.013604087498458805,2.9875428245152595,0.9467358637680965,0.9501641401441364,0.9699547375948792,0.15464639140991596,0.15787199883272515,0.15843912303373203,2.8631631931786665,2.9875428245152595,2.998501924199439,1.8908129833607655e-08,0.014119290483931218,0.18314419035270288,0.741312722571887,0.7443259314053989,0.7615828127331353,0.9050376705603524,0.9062586508519916,0.9132127648921187,0.9513345540366458,0.951975586849831,0.9556215610417326,1.0,0.0,0.0,0.0,0.0,0.0010186092829055499,-0.5717990667531079,0.5726326386357333,0.027970004410959613
57.800000000000004,0.5717417971798219,0.5725940779495166,0.5717635053124449,0.0136084488285401,2.987372045998748,0.9465478673077272,0.9499619538747998,0.96983019679083,0.15466625033572917,0.15790564085640302,0.15847059106122763,2.8629703897475824,2.9873720459987485,2.998333288023946,1.9006927844986704e-08,0.01412580469962956,0.1831949924107929,0.7411464435348265,0.7441476696632429,0.7614754871659144,0.9049699961427952,0.9061862609210067,0.913169863967633,0.95129898504108,0.9519375605391196,0.9555991140661703,1.0,0.0,0.0,0.0,0.0,0.0010032873137718057,-0.5717635053124449,0.5725940779495166,0.02797499897711517
58.0,0.5717068350462042,0.5725557586529904,0.5717283460366509,0.013612770742552486,2.9872019229340045,0.9463627356688047,0.9497628117302347,0.969707647634931,0.1546857966582429,0.15793879087876073,0.1585015917749481,2.8627787932649515,2.9872019229340045,2.998165112475196,1.9105145984452126e-08,0.014132248479067678,0.1832452199476415,0.7409826642103033,0.7439720510407357,0.7613698633416437,0.9049033291939838,0.9061149325981341,0.9131276393392909,0.9512639442604331,0.9519000903481959,0.9555770204329128,1.0,0.0,0.0,0.0,0.0,0.0009881676707026582,-0.5717283460366509,0.5725557586529904,0.027979839303450525
58.2,0.5716722726025235,0.5725176846570796,0.5716935863799827,0.013617053220005077,2.9870324868479865,0.9461804301744934,0.9495666734634417,0.9695870608283523,0.1547050348133253,0.1579714549552725,0.1585321310992843,2.862588423285398,2.9870324868479865,2.997997435089352,1.9202775782183027e-08,0.01413862217955285,0.18329487660002475,0.7408213519391258,0.7437990418732499,0.7612659167069968,0.9048376568631646,0.9060446527256518,0.9130860813780648,0.9512294249982377,0.951863169432426,0.9555552751280025,1.0,0.0,0.0,0.0,0.0,0.0009732481739705562,-0.5716935863799827,0.5725176846570796,0.02798452910615048
58.400000000000006,0.5716381072044866,0.5724798596636462,0.5716592237597342,0.013621296252928038,2.9868637679810734,0.94600091258321,0.9493734992619214,0.9694684074658516,0.15472396918234138,0.15800363908936615,0.15856221490357816,2.862399298318231,2.9868637679810734,2.9978302919693562,1.9299809068499458e-08,0.014144926167512019,0.18334396605752257,0.7406624743961222,0.743628608820788,0.7611636230232942,0.9047729664214498,0.9059754082617555,0.9130451805742662,0.9511954206202486,0.9518267910060049,0.9555338731990868,1.0,0.0,0.0,0.0,0.0,0.0009585266583102547,-0.5716592237597342,0.5724798596636462,0.027989072021232568
58.6,0.5716043361748255,0.5724422871714342,0.5716252555582269,0.01362549984546844,2.986695795321494,0.9458241450853737,0.9491832497447742,0.9693516590311022,0.1547426040926466,0.15803534923237922,0.15859184900218468,2.8622114358571706,2.986695795321494,2.9976637178225856,1.939623797195642e-08,0.014151160818099305,0.1833924920596759,0.7405059995886862,0.7434607188669952,0.7610629583632373,0.9047092452615962,0.9059071862805588,0.913004927536434,0.9511619245543741,0.9517909483420062,0.9555128097548622,1.0,0.0,0.0,0.0,0.0,0.0009440009730098398,-0.5716252555582269,0.5724422871714342,0.02799347160618575
58.800000000000004,0.571570956805181,0.5724049704818749,0.5715916791247442,0.013629664013495678,2.986528596638962,0.945650090300147,0.9489958859597798,0.9692367873920548,0.15476094381808192,0.158066591283528,0.15862103915454645,2.862024852409374,2.986528596638962,2.9974977459976606,1.9492054917299373e-08,0.014157326514813289,0.18344045839322248,0.7403518958552749,0.7432953393181209,0.7609638991076444,0.9046464808977558,0.9058399739720636,0.9129653129902173,0.9511289302905911,0.9517556347724179,0.9554920799645129,1.0,0.0,0.0,0.0,0.0,0.0009296689819964371,-0.5715916791247442,0.5724049704818749,0.027997731341579214
59.0,0.5715379663579423,0.5723679127047566,0.5715584917774125,0.013633788784216396,2.986362198517537,0.9454787112721489,0.9488113693804621,0.9691237647963468,0.15477899257946814,0.1580973710898916,0.15864979106528357,2.861839563523783,2.986362198517537,2.9973324085204145,1.9587252623285164e-08,0.014163423649123886,0.1834878688894107,0.7402001318638497,0.7431324378019276,0.7608664219422121,0.9045846609651957,0.9057737586421005,0.912926327777263,0.9510964313808433,0.9517208436881588,0.9554716790571538,1.0,0.0,0.0,0.0,0.0,0.0009155285639174532,-0.5715584917774125,0.5723679127047566,0.02800185463263718
59.2,0.5715053620680264,0.5723311167637579,0.5715256908050288,0.013637874195798344,2.98619662638772,0.9453099714681689,0.9486296619031371,0.9690125638667492,0.1547967545451008,0.15812769444640845,0.15867811038429408,2.8616555838187896,2.98619662638772,2.997167736129025,1.9681824100373547e-08,0.014169452620108334,0.1835347274213873,0.740050676610288,0.7429719822665558,0.7607705038542855,0.904523773219998,0.9057085277122442,0.9128879628541025,0.9510644214389284,0.9516865685390843,0.9554516023212695,1.0,0.0,0.0,0.0,0.0,0.0009015776122149877,-0.5715256908050288,0.5723311167637579,0.02800584481078199
59.400000000000006,0.571473141144607,0.5722945854018495,0.5714932734688376,0.013641920297003432,2.9860319045578203,0.9451438347738793,0.9484507258439472,0.968903157596656,0.15481423383124465,0.15815756709588685,0.15870600270686494,2.8614729270092476,2.9860319045578203,2.997003758308354,1.9775762648294346e-08,0.014175413834096528,0.18358103790166047,0.7399034994167563,0.742813940979338,0.760676122129647,0.9044638055387372,0.9056442687197027,0.9128502092910414,0.9510328941403716,0.9516528028339737,0.9554318451041566,1.0,0.0,0.0,0.0,0.0,0.0008878140351971653,-0.5714932734688376,0.5722945854018495,0.0280097051351487
59.6,0.571441300772803,0.57225832118657,0.571461237004255,0.013645927146829601,2.985868056244583,0.9449802654905214,0.9482745239358809,0.9687955193456093,0.15483143450262885,0.158186994729028,0.1587334735737977,2.86129160593285,2.985868056244583,2.9968405033234893,1.9869061853494452e-08,0.014181307704325397,0.18362680427963562,0.7397585699300376,0.7426582825255716,0.7605832543493164,0.9044047459181307,0.9055809693171791,0.9128130582710478,0.9510018432222849,0.9516195401405029,0.9554124028113634,1.0,0.0,0.0,0.0,0.0,0.0008742357561017516,-0.571461237004255,0.57225832118657,0.028013438794065426
59.800000000000004,0.5714098381153073,0.5722223265151741,0.571429578622546,0.013649894814161158,2.9857051036031166,0.9448192283315933,0.9481010193257814,0.968689622834871,0.15484836057294066,0.15821598298446113,0.15876052847154384,2.8611116325758705,2.985705103603117,2.9966779982525122,1.9961715586469783e-08,0.014187134650601858,0.18367203053921996,0.7396158581198179,0.7425049758072448,0.7604918783863694,0.9043465824746656,0.9055186172727077,0.9127765010886449,0.9509712624832124,0.9515867740852075,0.9553932709061318,1.0,0.0,0.0,0.0,0.0,0.0008608407131569379,-0.571429578622546,0.5722223265151741,0.02801704890650596
60.0,0.5713787503139753,0.5721866036196571,0.5713982955124527,0.013653823377427635,2.985543067756111,0.9446606884195411,0.9479301755713421,0.968585442143039,0.15486501600531827,0.15824453744879163,0.15878717283234955,2.8609330180982853,2.985543067756111,2.996516269018524,2.005371799898739e-08,0.014192895098974435,0.18371672069649608,0.7394753342769566,0.742353990041724,0.7604019724027841,0.9042893034442128,0.9054572004694682,0.9127405291488089,0.9509411457829685,0.9515544983534256,0.9553744449088409,1.0,0.0,0.0,0.0,0.0,0.0008476268596372266,-0.5713982955124527,0.5721866036196571,0.028020538523516027
60.2,0.5713480344913633,0.5721511545716623,0.5713673848417755,0.013657712924270862,2.98538196882239,0.9445046112824278,0.9477619566380929,0.9684829517016948,0.15488140471284403,0.1582726636566601,0.15881341203441374,2.8607557728583113,2.9853819688223906,2.9963553404209113,2.0145063521201746e-08,0.014198589481413403,0.18376087879746353,0.7393369690116995,0.7422052947603943,0.7603135148462832,0.9042328971816083,0.9053967069055748,0.912705133965862,0.9509114870424579,0.9515227066892323,0.9553559203964482,1.0,0.0,0.0,0.0,0.0,0.0008345921639125037,-0.5713673848417755,0.5721511545716623,0.028023910629604014
60.400000000000006,0.5713176877522264,0.5721159812872669,0.5713368437589069,0.013661563551220229,2.985221825944795,0.9443509628506072,0.9475963268963765,0.9683821262910964,0.15489753055903666,0.15830036709081363,0.15883925140205468,2.8605799064363344,2.985221825944795,2.9961952361659008,2.0235746858670156e-08,0.01420421823549924,0.18380450891584724,0.739200733251875,0.7420588598072705,0.7602264844472142,0.9041773521602228,0.9053371246938413,0.9126703071623748,0.9508822802434881,0.9514913928953601,0.9553376930019348,1.0,0.0,0.0,0.0,0.0,0.0008217346094951949,-0.5713368437589069,0.5721159812872669,0.02802716814411038
60.6,0.5712877071849664,0.5720810855316558,0.5713066693943235,0.013665375363375705,2.985062657317404,0.9441997094533994,0.9474332511183153,0.9682829410359193,0.15491339735834056,0.15832765318218806,0.15886469620588586,2.860405427658279,2.985062657317404,2.9960359788964133,2.0325762989272758e-08,0.014209781804118977,0.18384761515096637,0.7390665982410534,0.7419146553375595,0.7601408602154414,0.9041226569715088,0.9052784420615252,0.9126360404680721,0.9508535194285698,0.9514605508331037,0.9553197584137513,1.0,0.0,0.0,0.0,0.0,0.0008090521950809837,-0.5713066693943235,0.5720810855316558,0.02803031392254773
60.800000000000004,0.5712580898630435,0.572046468923682,0.571276858862032,0.01366914847409866,2.9849044802121356,0.9440508178157571,0.9472726944747707,0.968185371401034,0.15492900887661543,0.15835452731000063,0.15888975166300243,2.86023234461841,2.9849044802121356,2.9958775902212023,2.0415107160041266e-08,0.014215280635170585,0.18389020162566838,0.7389345355366825,0.7417726518161942,0.7600566214372593,0.9040688003245313,0.9052206473500495,0.9126023257187388,0.950825198700707,0.9514301744222171,0.9553021123752643,1.0,0.0,0.0,0.0,0.0,0.0007965429345868219,-0.571276858862032,0.572046468923682,0.028033350757910372
61.0,0.5712288328463406,0.5720121329403158,0.5712474092609723,0.01367288300471033,2.984747311004704,0.9439042550549284,0.9471146225322963,0.9680893931873183,0.1549443688316251,0.15838099480185436,0.1589144229371771,2.860060664701579,2.9847473110047043,2.9957200907433372,2.0503774883901112e-08,0.01422071518127528,0.18393227248432523,0.7388045170081836,0.7416328200163271,0.7599737476723184,0.9040157710454744,0.9051637290147033,0.912569154855132,0.9507973122231754,0.9514002576407944,0.9552847506842048,1.0,0.0,0.0,0.0,0.0,0.0007842048571826965,-0.5712474092609723,0.5720121329403158,0.028036281381963384
61.2,0.571199933182488,0.5719780789209883,0.5712183176763801,0.013676579084197569,2.98459116519999,0.9437599886771294,0.9469590012500834,0.9679949825275223,0.1549594808935233,0.15840706093385126,0.15893871513906344,2.859890394604941,2.98459116519999,2.9955635000880085,2.0591761936331955e-08,0.014226085899497172,0.1839738318908856,0.7386765148350317,0.7414951310177942,0.7598922187505801,0.9039635580771374,0.9051076756243219,0.9125365199218959,0.9507698542192918,0.9513707945251434,0.9552676691921183,1.0,0.0,0.0,0.0,0.0,0.0007720360073206617,-0.5712183176763801,0.5719780789209883,0.028039108466500588
61.400000000000006,0.5711713879081496,0.5719443080718273,0.5711895811811082,0.013680236848925942,2.984436057456795,0.9436179865742147,0.9468057969769037,0.9679021158821725,0.15497434868533777,0.15843273093071672,0.1589626333264077,2.8597215403591365,2.984436057456795,2.9954078369296946,2.0679064351950693e-08,0.014231393251070515,0.18401488402698815,0.7385505015048128,0.7413595562055423,0.7598120147692917,0.9039121504784133,0.9050524758609467,0.9125044130664853,0.950742818972176,0.9513417791696429,0.9552508638038175,1.0,0.0,0.0,0.0,0.0,0.0007600344447598884,-0.5711895811811082,0.5719443080718273,0.028041834624582006
61.6,0.5711431940502709,0.5719108214697938,0.571161196836908,0.013683856442359976,2.98428200161202,0.9434782170203362,0.9466549764480436,0.9678107700355114,0.15498897578345416,0.15845800996593307,0.15898618250427166,2.8595541073489685,2.98428200161202,2.9952531190186837,2.076567842102258e-08,0.014236637701134326,0.1840554330901314,0.7384264498112388,0.7412260672680275,0.759733116089976,0.9038615374237442,0.9049981185194667,0.9124728265380877,0.9507162008244977,0.9513132057265936,0.955234330476836,1.0,0.0,0.0,0.0,0.0,0.000748198244587106,-0.571161196836908,0.5719108214697938,0.028044462411741144
61.800000000000004,0.5711153486272841,0.5718776200667123,0.5711331616956714,0.013687438014790228,2.9841290107042724,0.9433406486686235,0.9465065067822382,0.9677209220914806,0.15500336571809717,0.15848290316188218,0.15900936762525958,2.8593881003335615,2.984129010704273,2.995099363206981,2.0851600685904032e-08,0.014241819718474033,0.18409548329189798,0.7383043328521605,0.7410946361955839,0.7596555033354463,0.9038117082025702,0.9049445925072405,0.9124417526865543,0.9506899941782209,0.9512850684060559,0.9552180652208844,1.0,0.0,0.0,0.0,0.0,0.0007365254972325902,-0.5711331616956714,0.5718776200667123,0.028046994327173388
62.0,0.5710878486502813,0.571844704693209,0.5711054728006362,0.013690981723067258,2.983977096996909,0.9432052505478599,0.9463603554786009,0.9676325494697507,0.15501752197380908,0.15850741558999815,0.15903219358975434,2.859223523466045,2.983977096996909,2.9949465854736093,2.0936827937421694e-08,0.014246939775270138,0.1841350388562339,0.7381841240275501,0.7409652352787599,0.7595791573868432,0.903762652218759,0.904891886843701,0.9124111839613356,0.9506641934943358,0.9512573614756776,0.9552020640973087,1.0,0.0,0.0,0.0,0.0,0.0007250143084841926,-0.5711054728006362,0.571844704693209,0.028049432814896653
62.2,0.5710606911241477,0.5718120760625485,0.5710781271875541,0.013694487730342252,2.9838262720005457,0.9430719920591532,0.9462164904135516,0.9675456299017875,0.15503144798992685,0.15853155227092802,0.15905466524616227,2.859060380312742,2.9838262720005457,2.9947948009493057,2.102135721119256e-08,0.014251998346853803,0.1841741040177798,0.7380657970374588,0.7408378371066315,0.7595040593806937,0.90371435899002,0.9048399906599411,0.9123811129104218,0.9506387932925836,0.951230079260512,0.9551863232185512,1.0,0.0,0.0,0.0,0.0,0.0007136627994965422,-0.5710781271875541,0.5718120760625485,0.028051780264889813
62.400000000000006,0.5710338730486629,0.5717797347743788,0.5710511218858207,0.013697956205814156,2.9836765464950123,0.9429393162458661,0.9460748798377416,0.9674601414269554,0.15504514716105772,0.158555318174701,0.1590770449547024,2.858898673871894,2.983676546495013,2.9946440239406473,2.1105185783889204e-08,0.014256995911469153,0.18421268302025598,0.7379479699206879,0.7407124145650862,0.7594301907059883,0.9036662646465156,0.9047888931982848,0.9123515321792885,0.9506134970215052,0.9512032161428272,0.9551708387476139,1.0,0.0,0.0,0.0,0.0,0.000702469106796208,-0.5710511218858207,0.5717797347743788,0.02805403901420907
62.6,0.5710073914195622,0.5717476813183836,0.5710244539195736,0.013701387324483201,2.983527930550802,0.9428067154377753,0.9459354923729792,0.9673760623886711,0.1550586228375508,0.1585787182209067,0.1590994183047903,2.8587384065919177,2.9835279305508022,2.9944942679536024,2.118831116945478e-08,0.014261932950042078,0.18425078011489482,0.7378301919516868,0.7405889408350814,0.7593575330012867,0.9036181852468103,0.9047385838118396,0.9123224345098493,0.9505882079375239,0.9511767665619045,0.9551556068975242,1.0,0.0,0.0,0.0,0.0,0.0006914313822844603,-0.5710244539195736,0.5717476813183836,0.02805621134808151
62.800000000000004,0.5709812432295728,0.5717159160778448,0.5709981203087532,0.013704781266910646,2.983380433549999,0.9426762147821569,0.9457982970091559,0.9672933714305925,0.15507187832596778,0.15860175727888046,0.15912144344775211,2.8585795803892236,2.983380433549999,2.9943455457165244,2.1270731115271456e-08,0.014266809945955503,0.18428839955892393,0.7377142623207877,0.7404673893908791,0.7592860681518425,0.903570855379245,0.9046890519640338,0.9122938127394128,0.9505633124396264,0.9511507250138274,0.9551406239308037,1.0,0.0,0.0,0.0,0.0,0.0006805477932365356,-0.5709981203087532,0.5717159160778448,0.028058299500975523
63.0,0.5709554254694049,0.5716844393331164,0.5709721180701309,0.013708138218984681,2.983234064206709,0.9425477845689707,0.9456632631011703,0.9672120474928428,0.155084916889551,0.15862444016789753,0.15914312510807646,2.858422196665582,2.983234064206709,2.994197869202605,2.135244359828656e-08,0.014271627384831039,0.1843255456140986,0.7376001554437414,0.7403477339982585,0.7592157782867471,0.9035242648329568,0.9046402872281406,0.912265659799646,0.9505388051876215,0.9511250860512654,0.9551258861589387,1.0,0.0,0.0,0.0,0.0,0.0006698165222960989,-0.5709721180701309,0.5716844393331164,0.028060305657651365
63.2,0.5709299351287246,0.5716532512650124,0.5709464442183051,0.013711458371692336,2.9830888305869947,0.9424213954472797,0.9455303603658565,0.9671320698082885,0.15509774174868798,0.15864677165737337,0.15916446795948322,2.858266256325062,2.9830888305869947,2.994051249651787,2.1433446821100922e-08,0.014276385754316728,0.18436222254527848,0.737487846027579,0.7402299487127043,0.7591466457761048,0.9034784035081312,0.9045922792867828,0.9122379687155452,0.9505146808987014,0.9510998442832438,0.9551113899418548,1.0,0.0,0.0,0.0,0.0,0.0006592357674685828,-0.5709464442183051,0.5716532512650124,0.028062231954189835
63.400000000000006,0.5709047691970843,0.5716223519581111,0.5709210957666645,0.013714741920897123,2.9829447401283473,0.9422970184220226,0.9453995588789117,0.9670534178988464,0.15511035608137416,0.15866875646707249,0.15918547662518456,2.858111759790555,2.9829447401283473,2.9939056975921647,2.1513739208022685e-08,0.014281085543880783,0.1843984346190507,0.7373773090685656,0.7401140078775749,0.759078653228227,0.9034332614153886,0.9045450179314289,0.9122107326044121,0.950490934347149,0.95107499437491,0.955097131687395,1.0,0.0,0.0,0.0,0.0,0.000648803742110779,-0.5709210957666645,0.5716223519581111,0.02806408047899935
63.6,0.5708799246648266,0.5715917414039757,0.5708960697283202,0.01371798906712254,2.9828017996586658,0.9421746248507927,0.9452708290718284,0.9669760715718296,0.15512276302367384,0.1586903992673237,0.15920615567815224,2.8579587070198786,2.9828017996586658,2.9937612228608694,2.1593319401090905e-08,0.014285727244611367,0.18443418610239976,0.7372685198501263,0.7399998861222512,0.7590117834868448,0.9033888286751554,0.9044984930618719,0.9121839446748357,0.950467560364035,0.9510505310472903,0.9550831078507976,1.0,0.0,0.0,0.0,0.0,0.0006385186749154753,-0.5708960697283202,0.5715917414039757,0.02806585327380477
63.800000000000004,0.5708553985239594,0.5715614195042953,0.5708713631170075,0.013721200015341153,2.9826600154147975,0.9420541864406341,0.9451441417288281,0.9669000109163433,0.1551349656701763,0.1587117046792418,0.15922650964138846,2.8578070975214764,2.9826600154147975,2.993617834624452,2.167218625607292e-08,0.014290311349022079,0.18446948126141782,0.7371614539407754,0.7398875583602653,0.7589460196283521,0.9033450955170303,0.9044526946856936,0.9121575982256813,0.9504445538369116,0.9510264490770383,0.9550693149341809,1.0,0.0,0.0,0.0,0.0,0.0006283788098956494,-0.5708713631170075,0.5715614195042953,0.02806755233461499
64.0,0.5708311877690018,0.571531386073948,0.5708469729479586,0.013724374974769147,2.982519393060626,0.9419356752448345,0.9450194679837987,0.9668252162997132,0.15514696707445041,0.15873267727495663,0.15924654298820454,2.85765693036974,2.982519393060626,2.9934755413987926,2.1750338838438413e-08,0.014294838350863107,0.1845043243600591,0.7370560871920179,0.739776999787412,0.7588813449590726,0.9033020522791352,0.9044076129177222,0.9121316866450893,0.950421909709498,0.9510027432961757,0.9550557494860297,1.0,0.0,0.0,0.0,0.0,0.0006183824063657473,-0.5708469729479586,0.571531386073948,0.028069179612670896
64.2,0.570807289397798,0.5715016408439842,0.5708228962387445,0.013727514158666257,2.9823799377047093,0.9418190636597236,0.9448967793172376,0.9667516683639497,0.155158770249497,0.1587533215778474,0.15926626014250497,2.857508204219921,2.9823799377047093,2.993334351068509,2.1827776419314505e-08,0.014299308744937967,0.18453871965893628,0.7369523957362346,0.7396681858798407,0.7588177430125413,0.9032596894074525,0.9043632379794694,0.912106203409474,0.9503996229813583,0.9509794085918294,0.9550424081006839,1.0,0.0,0.0,0.0,0.0,0.0006085277389170779,-0.5708228962387445,0.5715016408439842,0.0280707370153748
64.4,0.5707837004123095,0.5714721834645382,0.5707991300100915,0.013730617784140925,2.9822416539175043,0.9417043244214932,0.9447760475531983,0.9666793480222607,0.15517037816819668,0.15877364206278385,0.1592856654790747,2.857360917322691,2.9822416539175043,2.993194270905923,2.1904498471425294e-08,0.014303723026925565,0.18457267141415493,0.7368503559845763,0.7395610923921357,0.7587551975468195,0.903217997455163,0.9043195601985644,0.9120811420825357,0.9503776887075785,0.9509564399059557,0.9550292874178314,1.0,0.0,0.0,0.0,0.0,0.0005988130973943462,-0.5707991300100915,0.5714721834645382,0.02807222640720126
64.60000000000001,0.5707604178193746,0.571443013507663,0.5707756712866667,0.013733686071960682,2.982104545748163,0.9415914306030174,0.9446572448562424,0.966608236455595,0.15518179376375596,0.15879364315637304,0.15930476332387228,2.857215067538315,2.982104545748163,2.993055307589556,2.198050466501894e-08,0.014308081693207712,0.18460618387619035,0.7367499446248265,0.7394556953553765,0.7586936925418297,0.903176967081965,0.9042765700081692,0.9120564963142775,0.9503561019984332,0.9509338322350654,0.9550163841220057,1.0,0.0,0.0,0.0,0.0,0.0005892367868669951,-0.5707756712866667,0.571443013507663,0.028073649610589824
64.8,0.5707374386314422,0.5714141304700953,0.5707525170978395,0.01373671924636749,2.981968616740922,0.9414803556106766,0.9445403437283966,0.9665383151092253,0.15519301993015042,0.1588133292372114,0.1593235579543291,2.857070652350476,2.9819686167409225,2.9929174672221732,2.2055794863785538e-08,0.014312385240701728,0.18463926128880068,0.73665113861926,0.7393519710751867,0.7586332121967092,0.9031365890533876,0.904234257946387,0.9120322598400267,0.9503348580190489,0.9509115806299357,0.955003694942083,1.0,0.0,0.0,0.0,0.0,0.0005797971275984665,-0.5707525170978395,0.5714141304700953,0.02807500840681741
65.0,0.5707147598672861,0.5713855337759487,0.5707296644784152,0.01373971753489803,2.981833869951087,0.941371073181203,0.9444253170061194,0.9664695656893765,0.15520405952256341,0.15883270463614238,0.15934205359965073,2.8569276688797434,2.981833869951087,2.9927807553484116,2.213036912076988e-08,0.01431663416669812,0.18467190788797816,0.7365539152024982,0.7392498961297685,0.7585737409271999,0.9030968542400968,0.9041926146556603,0.9120084264794689,0.9503139519890627,0.9508896801953197,0.9549912166507873,1.0,0.0,0.0,0.0,0.0,0.0005704924550143375,-0.5707296644784152,0.5713855337759487,0.0280763045368581
65.2,0.5706923785526865,0.5713572227793396,0.5707071104693442,0.013742681168208815,2.981700307960628,0.9412635573785356,0.944312137857271,0.966401970159883,0.15521491535782336,0.15885177363651934,0.15936025444112298,2.8567861138966983,2.981700307960628,2.992645176971957,2.2204227674281353e-08,0.014320828968703273,0.18470412790093682,0.7364582518793528,0.739149447367924,0.758515263363051,0.9030577536171943,0.9041516308821577,0.9119849901356847,0.9502933791822761,0.9508681260896501,0.9549789460641966,1.0,0.0,0.0,0.0,0.0,0.000561321119665989,-0.5707071104693442,0.5713572227793396,0.028077539702220145
65.4,0.5706702917210905,0.5713291967669448,0.570684852118404,0.013745610379906044,2.9815679328933875,0.9411577825906744,0.944200779778091,0.9663355107388861,0.15522559021483745,0.1588705404744735,0.1593781646124235,2.856645983834724,2.9815679328933875,2.992510736572314,2.227737094380394e-08,0.014324970144287056,0.1847359255451371,0.7363641264226591,0.7390506019070654,0.7584577643454452,0.9030192782635059,0.9041112974751512,0.9119619447941933,0.9502731349263036,0.9508469135247357,0.9549668800412516,1.0,0.0,0.0,0.0,0.0,0.0005522814871926629,-0.570684852118404,0.5713291967669448,0.028078715565768648
65.60000000000001,0.5706484964142496,0.5713014549604926,0.57066288648086,0.013748505406379993,2.9814367464299227,0.9410537235265565,0.9440912165901862,0.9662701698955728,0.15523608683502138,0.15888900933918604,0.15939578819993586,2.8565072748024627,2.9814367464299227,2.992377438121176,2.2349799525910432e-08,0.014329058190935022,0.18476730502734273,0.7362715168711023,0.738953337131214,0.758401228924458,0.9029814193608626,0.9040716053863853,0.9119392845220087,0.9502532146022169,0.9508260377654543,0.9549550154832703,1.0,0.0,0.0,0.0,0.0,0.0005433719382820779,-0.57066288648086,0.5713014549604926,0.0280798337525341
65.8,0.5706269896828317,0.5712739965191922,0.5706412106201001,0.013751366486643983,2.981306749821964,0.9409513552129439,0.9439834224375244,0.9662059303469465,0.15524640792272698,0.15890718437316553,0.15941312924306691,2.856369982595961,2.981306749821964,2.992245285098375,2.2421514190182194e-08,0.014333093605905393,0.18479827054271408,0.7361804015270464,0.7388576306889892,0.7583456423565315,0.9029441681933799,0.9040325456694376,0.9119170034666965,0.9502336136441866,0.9508054941294375,0.9549433493334653,1.0,0.0,0.0,0.0,0.0,0.0005345908686273243,-0.5706412106201001,0.5712739965191922,0.028080895850498937
66.0,0.5706057685870113,0.5712468205420983,0.5706198216082474,0.013754193862177733,2.981177943906533,0.9408506529913215,0.943877371783438,0.9661427750546394,0.1552565561456658,0.15892506967252903,0.1594301917345681,2.8562341027104914,2.981177943906533,2.9921142805074563,2.24925158751381e-08,0.014337076886090523,0.18482882627393227,0.7360907589543534,0.7387634604915878,0.7582909901019782,0.9029075161467273,0.9039941094790694,0.9118950958554445,0.9502143275391192,0.9507852779867563,0.9549318785764638,1.0,0.0,0.0,0.0,0.0,0.0005259366888833439,-0.5706198216082474,0.5712468205420983,0.028081903411372754
66.2,0.5705848301970396,0.5712199260704135,0.5705987165267494,0.013756987776775078,2.981050329119694,0.9407515925148013,0.943773039407636,0.9660806872217563,0.1552665341353301,0.1589426692872877,0.15944697962086093,2.8560996303520674,2.981050329119694,2.991984426890869,2.2562805684175526e-08,0.014341008527882886,0.18485897639035798,0.7360025679761885,0.7386708047107547,0.7582372578225056,0.9028714547073893,0.9039562880705713,0.9118735559941361,0.9501953518262883,0.9507653847595943,0.9549206002378335,1.0,0.0,0.0,0.0,0.0,0.0005174078246195785,-0.5705987165267494,0.5712199260704135,0.028082857951352305
66.4,0.5705641715937902,0.5711933120897335,0.5705778924669461,0.013759748476395845,2.9809239055099734,0.9406541497450498,0.943670400403226,0.9660196502897571,0.15527634448741034,0.15895998722163648,0.1594634968023638,2.855966560448667,2.9809239055099734,2.991855726344771,2.26323848815252e-08,0.014344889027045322,0.18488872504721982,0.7359158076728374,0.7385796417767461,0.7581844313787608,0.9028359754619264,0.9039190727990979,0.9118523782664322,0.9501766820969665,0.9507458099219229,0.9549095113836086,1.0,0.0,0.0,0.0,0.0,0.0005090027162710647,-0.5705778924669461,0.5711933120897335,0.028083760951861523
66.60000000000001,0.570543789869287,0.5711669775322318,0.5705573465306166,0.013762476209021874,2.9807986727514364,0.9405583009492272,0.9435694301737467,0.9659596479353793,0.15528598976220867,0.15897702743424694,0.159479747133822,2.855834887661159,2.9807986727514364,2.9917281805334905,2.2701254888222728e-08,0.014348718878585525,0.18491807638483324,0.7358304573795145,0.7384899503762845,0.7581324968279107,0.9028010700962289,0.9038824551189983,0.9118315571328642,0.9501583139940513,0.95072654899917,0.9548986091198243,1.0,0.0,0.0,0.0,0.0,0.0005007198190890294,-0.5705573465306166,0.5711669775322318,0.028084613860281857
66.8,0.5705236821272024,0.571140921278787,0.5705370758305046,0.013765171224517071,2.98067463015644,0.9404640226969329,0.9434701044302092,0.9659006640675858,0.15529547248505074,0.15899379383856452,0.15949573442464146,2.855704606393935,2.98067463015644,2.9916017907036,2.2769417278099433e-08,0.014352498576634764,0.1849470345278505,0.7357464966841641,0.738401709450509,0.7580814404212295,0.9027667303947631,0.9038464265831385,0.9118110871299288,0.9501402432116881,0.9507075975678829,0.9548878905920497,1.0,0.0,0.0,0.0,0.0,0.0004925576030866963,-0.5705370758305046,0.571140921278787,0.028085418090664154
67.0,0.5705038454833536,0.571115142161054,0.5705170774908219,0.013767833774491547,2.980551776688064,0.9403712918571716,0.9433723991881497,0.9658426828245571,0.15530479514669276,0.15901029030310848,0.15951146243922423,2.8555757108052697,2.980551776688064,2.9914765576976707,2.2836873773794234e-08,0.014356228614330686,0.18497560358453996,0.7356639054252658,0.7383148981929177,0.7580312486017228,0.9027329482398171,0.9038109788422181,0.9117909628691949,0.9501224654948919,0.95068895125539,0.9548773529849292,1.0,0.0,0.0,0.0,0.0,0.00048451455298582913,-0.5705170774908219,0.571115142161054,0.028086175024429543
67.2,0.5704842770661621,0.5710896389634819,0.5704973486477356,0.013770464112169416,2.980430110972226,0.9402800855953354,0.9432762907646943,0.9657856885707181,0.15531396020372534,0.15902652065177564,0.1595269348973056,2.8554481948174093,2.980430110972226,2.991352481967664,2.2903626242789485e-08,0.01435990948370394,0.185003787646092,0.7355826636896381,0.738229496047307,0.7579819080017717,0.9026997156107409,0.9037761036440795,0.911771179036417,0.9501049766391647,0.9506706057394577,0.9548669935217249,1.0,0.0,0.0,0.0,0.0,0.00047658916816115116,-0.5704973486477356,0.5710896389634819,0.028086886011052647
67.4,0.5704649740171,0.571064410425277,0.5704778864498331,0.013773062492260409,2.980309631309492,0.940190381370193,0.9431817557756335,0.9657296658937936,0.15532297007897475,0.1590424886641466,0.15954215547429496,2.8553220521263847,2.980309631309492,2.991229563587997,2.2969676693471964e-08,0.014363541675568742,0.18503159078595266,0.7355027518102402,0.7381454827057058,0.7579334054407956,0.902667024583182,0.9037417928330139,0.9117517303906553,0.9500877724901114,0.950652556747944,0.9548568094638635,1.0,0.0,0.0,0.0,0.0,0.00046877996258093413,-0.5704778864498331,0.571064410425277,0.028087552368733185
67.60000000000001,0.5704459334911227,0.5710394552423137,0.5704586880585691,0.01377562917083537,2.9801903356865878,0.9401021569309012,0.9430887711325098,0.9656745996019019,0.1553318271619004,0.1590581980757955,0.15955712780161743,2.8551972762115683,2.9801903356865878,2.9911078022682838,2.3035027271221564e-08,0.014367125679417345,0.18505901705918693,0.7354241503639731,0.7380628381063042,0.7578857279229442,0.9026348673283185,0.9037080383490601,0.9117326117634041,0.9500708489430535,0.9506348000584484,0.9548467981104873,1.0,0.0,0.0,0.0,0.0,0.0004610854647482676,-0.5704586880585691,0.5710394552423137,0.02808817538505454
67.8,0.570427152657077,0.5710147720689941,0.5704397506486939,0.013778164405205158,2.980072221787616,0.9400145090653471,0.9429973140397171,0.9656204747206818,0.1553405338089889,0.15907365257860195,0.15957200506313932,2.8550738603449703,2.9800722217876165,2.990987197365748,2.3099680254529595e-08,0.014370661983318095,0.18508607050186576,0.7353460549268827,0.7379815424313824,0.7578388626348083,0.9026029148212406,0.903674832227299,0.9117138180577278,0.9500540328509367,0.9506173314979589,0.9548369567980083,1.0,0.0,0.0,0.0,0.0,0.0004535042176392057,-0.5704397506486939,0.5710147720689941,0.028088756317627344
68.0,0.5704086286980959,0.5709903595200593,0.5704210714086653,0.013780668453803175,2.9799552870049872,0.9399269714131522,0.9429073619916113,0.9655672764904567,0.15534909234414443,0.15908885582106583,0.15958686638652306,2.8549517976002963,2.9799552870049872,2.9908677478973296,2.3163638051148613e-08,0.014374151073817072,0.1851127551304781,0.735268050054925,0.7379015761052332,0.7577927969431587,0.9025709971098677,0.9036421665971431,0.9116953442474054,0.9500372347740438,0.9506001469424965,0.954827282899667,1.0,0.0,0.0,0.0,0.0,0.0004460347786410662,-0.5704210714086653,0.5709903595200593,0.02808929639472022
68.2,0.5703903588119745,0.5709662161723491,0.5704026475410409,0.013783141576071306,2.9798395284500656,0.939840882111108,0.9428188927696358,0.9655149903634268,0.1553575050590762,0.15910381140862442,0.15960148452263964,2.854831080861745,2.979839528450066,2.9907494525514875,2.3226903194275003e-08,0.014377593435843357,0.18513907494137022,0.7351913283649734,0.7378229197920876,0.7577475183927036,0.902539602243189,0.9036100336816225,0.9116771853760819,0.9500207115770056,0.9505832423167576,0.9548177738250945,1.0,0.0,0.0,0.0,0.0,0.0004386757194867197,-0.5704026475410409,0.5709662161723491,0.02808979681588008
68.4,0.5703723402115279,0.570942340566517,0.5703844762628545,0.013785584032349274,2.9797249429635553,0.939756219609402,0.9427318844394574,0.9654636020008935,0.15536577421368306,0.15911852290397183,0.15961586299726288,2.854711702832585,2.9797249429635553,2.9906323096996963,2.3289478338766044e-08,0.014380989552617728,0.1851650339102079,0.735115871021299,0.7377455543940326,0.7577030147038681,0.9025087226219631,0.9035784257966656,0.9116593365564258,0.9500044592745636,0.9505666135937514,0.9548084270198782,1.0,0.0,0.0,0.0,0.0,0.0004314256261894467,-0.5703844762628545,0.570942340566517,0.028090258752536332
68.60000000000001,0.5703545701249381,0.570918731208696,0.5703665548059768,0.013787996083767313,2.9796115271255963,0.9396729626377152,0.9426463153481192,0.965413097270525,0.1553739020364331,0.15913299382738047,0.1596300052934816,2.85459365604348,2.9796115271255963,2.99051631740766,2.335136625739369e-08,0.014384339905564703,0.1851906359914618,0.7350416594239624,0.7376694610489334,0.7576592737706023,0.9024783507395802,0.9035473353503779,0.9116417929692976,0.9499884739297062,0.9505502567944375,0.954799239965132,1.0,0.0,0.0,0.0,0.0,0.00042428309897557526,-0.5703665548059768,0.570918731208696,0.028090683348597243
68.8,0.5703370457960787,0.5708953865721206,0.5703488804174586,0.013790377992141948,2.9794992772656244,0.9395910902023344,0.9425621641212018,0.9653634622436468,0.15538189072474104,0.1591472276570246,0.15964391485204327,2.854476932860603,2.979499277265625,2.990401473446232,2.3412569837136056e-08,0.014387644974227821,0.1852158851179163,0.7349686752066552,0.7375946211283539,0.7576162836582088,0.9024484791812962,0.903516754842315,0.9116245498629251,0.9499727516532823,0.9505341679873597,0.9547902101770703,1.0,0.0,0.0,0.0,0.0,0.0004172467522157858,-0.5703488804174586,0.5708953865721206,0.028091071721029967
69.0,0.5703197644848292,0.5708723050987038,0.5703314503598589,0.013792730019875082,2.9793881894719547,0.939510581583276,0.9424794096600044,0.9653146831925637,0.15538974244534262,0.1591612278293054,0.15965759507169994,2.854361525493519,2.979388189471955,2.9902877753020576,2.3473092075507598e-08,0.014390905236188278,0.18524078520020149,0.7348969002345329,0.7375210162354753,0.7575740326011888,0.9024191006234605,0.9034866768627554,0.9116076025520826,0.9499572886036082,0.9505183432882791,0.9547813352065847,1.0,0.0,0.0,0.0,0.0,0.0004103152143550698,-0.5703314503598589,0.5708723050987038,0.02809142496043134
69.2,0.5703027234673723,0.5708494852005707,0.5703142619115579,0.013795052429856097,2.979278259601126,0.9394314163314321,0.9423980311387349,0.9652667465879206,0.1553974593346642,0.15917499773917823,0.15967104930955373,2.8542474260028534,2.9792782596011262,2.99017522018795,2.353293607692996e-08,0.014394121166986597,0.18526534012634574,0.7348263166020697,0.7374486282030196,0.7575325090011185,0.9023902078327477,0.9034570940919677,0.9115909464172839,0.9499420809860787,0.9505027788598037,0.9547726126388262,1.0,0.0,0.0,0.0,0.0,0.00040348712784198104,-0.5703142619115579,0.5708494852005707,0.028091744131586608
69.4,0.5702859200364769,0.5708269252615493,0.570297312367055,0.013797345485366937,2.979169483286994,0.9393535742657351,0.9423180080017174,0.9652196390960898,0.15540504349918968,0.159188540740481,0.15968428088140355,2.8541346263077467,2.979169483286994,2.990063805052992,2.359210504914469e-08,0.014397293240047349,0.18528955376134978,0.7347569066309018,0.73737743909117,0.7574917014245419,0.9023617936653843,0.9034279992994764,0.9115745769039783,0.9499271250527739,0.9504874709110184,0.9547640400927898,1.0,0.0,0.0,0.0,0.0,0.0003967611490556522,-0.570297312367055,0.5708269252615493,0.028092030274017354
69.60000000000001,0.5702693515017673,0.5708046236386205,0.5702805990372526,0.013799609449990147,2.979061855949595,0.9392770354703265,0.9422393199606133,0.9651733475765861,0.15541249701582496,0.159201860146264,0.15969729306209443,2.854023118193102,2.979061855949595,2.9899535265923816,2.3650602299668335e-08,0.014400421926606925,0.1853134299467819,0.7346886528676808,0.7373074311854968,0.7574515986008874,0.9023338510663746,0.9033993853433261,0.9115584895217551,0.9499124171020655,0.9504724156971094,0.9547556152209041,1.0,0.0,0.0,0.0,0.0,0.00039013594823228415,-0.5702805990372526,0.5708046236386205,0.028092284402517743
69.8,0.5702530151899772,0.5707825786633266,0.5702641192497245,0.013801844587519886,2.9789553728037688,0.9392017802917483,0.9421619469916571,0.9651278590795198,0.15541982193225762,0.15921495922912138,0.15971008908586698,2.853912893316633,2.9789553728037688,2.9898443812570186,2.370843123229154e-08,0.01440350769564424,0.18533697250039347,0.7346215380819247,0.7372385869948824,0.7574121894204033,0.9023063730687236,0.9033712451693425,0.9115426798435566,0.949897953478221,0.9504576095189929,0.9547473357086229,1.0,0.0,0.0,0.0,0.0,0.0003836102093904281,-0.5702641192497245,0.5707825786633266,0.02809250750767971
70.0,0.5702369084451939,0.5707607886431423,0.5702478703489735,0.013804051161875552,2.978850028867549,0.9391277893361621,0.9420858693329082,0.9650831608430802,0.1554270202673131,0.15922784122152323,0.15972267214670535,2.8538039432157114,2.9788500288675492,2.9897363652628446,2.376559534362335e-08,0.014406551013814098,0.18536018521575207,0.7345555452638876,0.7371708892494521,0.757373462932127,0.9022793527926654,0.9033435718103926,0.9115271435049003,0.9498837305710106,0.950443048722938,0.9547391992740241,1.0,0.0,0.0,0.0,0.0,0.00037718263025530996,-0.5702478703489735,0.5707607886431423,0.028092700556407526
70.2,0.5702210286290871,0.5707392518628043,0.570231849696673,0.013806229437018333,2.978745818970349,0.9390550434665683,0.9420110674815159,0.9650392402910424,0.1554340940113089,0.15924050931614903,0.15973504539868882,2.853696259314021,2.978745818970349,2.9896294745999428,2.3822098219680732e-08,0.014409552345383604,0.18538307186189573,0.7344906576224229,0.737104320898506,0.7573354083418633,0.9022527834448836,0.9033163583856421,0.9115118762031057,0.94986974481531,0.950428729700189,0.9547312036674086,1.0,0.0,0.0,0.0,0.0,0.000370851922182322,-0.570231849696673,0.5707392518628043,0.028092864492423802
70.4,0.5702053731211211,0.570717966585604,0.5702160546718956,0.013808379676870394,2.9786427377609055,0.9389835238000465,0.9419375221910021,0.9649960850303055,0.1554410451264051,0.15925296666622216,0.15974721195634314,2.85358983292802,2.9786427377609055,2.9895237050413903,2.3877943532525305e-08,0.014412512152171172,0.18540563618300623,0.7344268585828487,0.7370388651084544,0.7572980150101811,0.9022266583177342,0.9032895980998134,0.9114968736965271,0.9498559926907029,0.9504146488865894,0.9547233466709043,1.0,0.0,0.0,0.0,0.0,0.00036461681007786406,-0.5702160546718956,0.570717966585604,0.028093000236763237
70.60000000000001,0.5701899393187648,0.5706969310546461,0.5702004826713316,0.01381050214523663,2.9785407797150265,0.9389132117050244,0.9418652144685596,0.9649536828484685,0.15544787554695022,0.1592652163858448,0.15975917489499025,2.8534846552732307,2.978540779715027,2.9894190521518893,2.39331350369473e-08,0.014415430893488089,0.18542788189809767,0.734364131784838,0.7369745052607585,0.7572612724504487,0.902200970788472,0.9032632842424398,0.9114821318037994,0.9498424707210861,0.9504008027622015,0.9547156260980747,1.0,0.0,0.0,0.0,0.0,0.00035847603232161407,-0.5702004826713316,0.5706969310546461,0.028093108688256117
70.8,0.5701747246376797,0.5706761434940673,0.5701851311094936,0.01381259710572899,2.978439939143128,0.9388440887985515,0.9417941255723636,0.9649120217114292,0.1554545871798244,0.15927726155033373,0.1597709372511005,2.853380717470336,2.978439939143128,2.9893155112961627,2.3987676567197507e-08,0.014418309026082704,0.1854498127007234,0.7343024610802944,0.7369112249498755,0.7572251703268797,0.9021757143184711,0.9032374101871231,0.9114676464030897,0.9498291754742714,0.9503871878509283,0.9547080397935319,1.0,0.0,0.0,0.0,0.0,0.0003524283406864531,-0.5701851311094936,0.5706761434940673,0.028093190724004173
71.0,0.5701597265119018,0.5706556021102215,0.5701699974189081,0.013814664821693346,2.9783402101975636,0.9387761369435929,0.9417242370089028,0.9648710897610075,0.15546118190478073,0.1592891051965568,0.1597825020226445,2.853278010551107,2.9783402101975636,2.9892130776471313,2.404157203376827e-08,0.01442114700408723,0.18547143225870263,0.7342418305312445,0.7368490079812077,0.7571896984525949,0.9021508824524486,0.9032119693907852,0.9114534134313509,0.9498161035615872,0.950373800720132,0.9547005856325502,1.0,0.0,0.0,0.0,0.0,0.00034647250025805765,-0.5701699974189081,0.5706556021102215,0.028093247199845007
71.2,0.57014494239401,0.5706353050928307,0.5701550790502974,0.013816705556138805,2.9782415868797534,0.9387093382463447,0.9416555305303238,0.9648308753126066,0.15546766157478095,0.1593007503232696,0.15979387216944424,2.8531765254641535,2.9782415868797534,2.989111746193868,2.4094825420224148e-08,0.01442394527896694,0.18549274421386072,0.734182224407737,0.7367878383690561,0.7571548467877154,0.9021264688176885,0.9031869553929247,0.9114394288835903,0.9498032516374821,0.9503606379802534,0.9546932615206866,1.0,0.0,0.0,0.0,0.0,0.0003406072893527706,-0.5701550790502974,0.5706353050928307,0.02809327895080765
71.4,0.5701303697552859,0.5706152506161035,0.57014037347275,0.01381871957166935,2.97814406304713,0.9386436750535684,0.9415879881317939,0.9647913668528998,0.1554740280163289,0.1593121998914528,0.15980505061352435,2.8530762530805176,2.97814406304713,2.9890115117493536,2.414744078008188e-08,0.014426704299471639,0.18551375218178554,0.7341236271857533,0.7367277003345829,0.7571206054374738,0.9021024671232697,0.9031623618148686,0.9114256888121414,0.9497906163991289,0.9503476962844325,0.954686065393404,1.0,0.0,0.0,0.0,0.0,0.0003348314994363333,-0.57014037347275,0.5706152506161035,0.028093286791559455
71.60000000000001,0.570116006085859,0.5705954368398186,0.570125878173879,0.013820707130417787,2.978047632419881,0.9385791299499368,0.941521592048879,0.9647525530375405,0.1554802830298011,0.15932345682464927,0.15981604023946377,2.852977184199093,2.9780476324198815,2.988912368958008,2.4199422233741352e-08,0.014429424511589605,0.18553445975160127,0.7340660235451154,0.7366685783037756,0.7570869646503418,0.9020788711592872,0.9031381823590284,0.9114121893259438,0.9497781945860246,0.9503349723281245,0.9546789952156978,1.0,0.0,0.0,0.0,0.0,0.00032914393504022976,-0.570125878173879,0.5705954368398186,0.02809327151684248
71.8,0.5701018488948448,0.5705758619103769,0.5701115906599706,0.013822668493982102,2.977952288587519,0.9385156857553991,0.9414563247549401,0.9647144226889035,0.1554864283897736,0.15933452400930204,0.1598268438947474,2.8528793095518843,2.977952288587519,2.9888143123030315,2.4250773965467238e-08,0.014432106358503805,0.18555487048575625,0.7340093983674063,0.7366104569054213,0.7570539148161803,0.9020556747960807,0.9031144108081526,0.9113989265898297,0.9497659829795954,0.9503224628487207,0.954672048981726,1.0,0.0,0.0,0.0,0.0,0.00032354341367735184,-0.5701115906599706,0.5705758619103769,0.028093233901903762
72.0,0.5700878957104736,0.5705565239618248,0.5700975084561218,0.013824603923363892,2.977858025015257,0.9384533255225718,0.941392168958543,0.9646769647938566,0.15549246584534518,0.15934540429509175,0.15983746439011598,2.852782619809124,2.977858025015257,2.98871733611354,2.430150022042171e-08,0.014434750280550215,0.18557498791982593,0.733953736733908,0.7365533209690842,0.7570214464644166,0.9020328719834643,0.9030910410245824,0.9113858968238204,0.9497539784028001,0.9503101646251644,0.9546652247144446,1.0,0.0,0.0,0.0,0.0,0.0003180287657592179,-0.5700975084561218,0.5705565239618248,0.028093174702912647
72.2,0.5700741440802052,0.5705374211168438,0.5700836291063693,0.01382651367890899,2.977764835050222,0.9383920325341448,0.9413291076008896,0.964640168501554,0.15549839712045782,0.15935610049527413,0.15984790449991593,2.8526871055842187,2.977764835050222,2.9886214345715154,2.435160530174881e-08,0.014437356715178328,0.18559481556232946,0.7338990239235366,0.736497155523095,0.7569895502622286,0.9020104567499543,0.9030680669495068,0.911373096302426,0.9497421777197342,0.9502980744775723,0.954658520465244,1.0,0.0,0.0,0.0,0.0,0.00031259883450918124,-0.5700836291063693,0.5705374211168438,0.02809309465737466
72.4,0.570060591570837,0.570518551487712,0.570069950173807,0.013828398020250293,2.977672711927483,0.9383317903002966,0.9412671238532626,0.9646040231212597,0.15550422391421398,0.1593666153870177,0.15985816696245062,2.85259275743856,2.977672711927483,2.9885266017185548,2.4401093567710655e-08,0.014439926096913863,0.1856143568945613,0.7338452454107907,0.7364419457925402,0.7569582170127609,0.9019884232020011,0.9030454826022176,0.9113605213539555,0.9497305778352343,0.9502861892668499,0.9546519343135921,1.0,0.0,0.0,0.0,0.0,0.00030725247587774784,-0.570069950173807,0.570518551487712,0.02809299448453228
72.60000000000001,0.5700472357686049,0.5704999131772363,0.5700564692406946,0.013830257206252547,2.977581648775918,0.938272582556136,0.9412062011144887,0.964568518120197,0.15550994790119013,0.1593769517117408,0.15986825448032915,2.852499565886181,2.9775816487759186,2.988432831462452,2.4449969428875255e-08,0.014442458857323405,0.1856336153704361,0.7337923868637045,0.7363876771972679,0.7569274376533573,0.9019667655232204,0.903023282079369,0.9113481683598337,0.9497191756944823,0.9502745058943127,0.9546454643666784,1.0,0.0,0.0,0.0,0.0,0.0003019885584561316,-0.5700564692406946,0.5704999131772363,0.028092874885762738
72.8,0.5700340742792716,0.5704815042796568,0.5700431839085581,0.013832091494959167,2.977491638623915,0.9382143932591737,0.9411463230084206,0.964533643121424,0.1555155707317476,0.15938711217544876,0.15987816972081326,2.852407521398284,2.977491638623915,2.98834011758358,2.4498237345356675e-08,0.014444955424981018,0.18565259441634538,0.7337404341418268,0.7363343353498938,0.7568972032538102,0.9019454779736321,0.9030014595542329,0.911336033753923,0.9497079682826144,0.9502630213013039,0.9546391087590637,1.0,0.0,0.0,0.0,0.0,0.00029680596338937937,-0.5700431839085581,0.5704815042796568,0.02809273654496121
73.0,0.5700211047282056,0.5704633228815232,0.5700300917982796,0.01383390114354106,2.9774026744049062,0.9381569668166362,0.9410874733814327,0.9644993879017342,0.15552109403234002,0.1593970994490703,0.15988795617963752,2.852316614407616,2.9774026744049062,2.988248453741109,2.4545901824107648e-08,0.014447416225436929,0.18567129743102906,0.7336891592012955,0.7362819060538197,0.7568675050146322,0.9019244671585042,0.9029800092759609,0.9113241140218558,0.9496969064354561,0.9502517324688148,0.9546328656523323,1.0,0.0,0.0,0.0,0.0,0.00029170358428888543,-0.5700300917982796,0.5704633228815232,0.028092580128921928
73.2,0.5700083247604562,0.5704453670625421,0.570017190550179,0.013835686408247358,2.977314748962755,0.9380993945116919,0.9410296362999386,0.964465742389582,0.155526519405818,0.1594069161687936,0.15989776869867758,2.8522268353127105,2.977314748962755,2.9881578334790504,2.4592967416264088e-08,0.014449841681188003,0.18568972778545859,0.7336377507198478,0.7362303753012601,0.7568383342653433,0.9019034006397213,0.9029589255688437,0.9113124057003684,0.9496858151318697,0.9502406364171049,0.9546267332347473,1.0,0.0,0.0,0.0,0.0,0.00028668032714460057,-0.570017190550179,0.5704453670625421,0.028092406287710252
73.4,0.5699957320408171,0.5704276348964022,0.5700044778240885,0.013837447544357966,2.9772278550569826,0.9380428159879837,0.9409727960479229,0.9644326966630414,0.15553184843172918,0.15941656493640194,0.15990741301292744,2.852138174482011,2.9772278550569826,2.9880682502321334,2.463943871454188e-08,0.014452232211650023,0.1857078888227307,0.7335872264006473,0.7361797292712753,0.7568096824627878,0.9018826954799413,0.9029382028315751,0.9113009053766503,0.949674913953814,0.950229730205321,0.9546207097209115,1.0,0.0,0.0,0.0,0.0,0.0002817351102371024,-0.5700044778240885,0.5704276348964022,0.028092215655025274
73.60000000000001,0.5699833242538832,0.5704101244515712,0.569991951299418,0.013839184806137961,2.977141985367843,0.9379872157569176,0.940916937124493,0.9644002409477772,0.15553708266661723,0.15942604831960858,0.15991689170193657,2.852050622257856,2.977141985367843,2.9879796973315074,2.4685320350686147e-08,0.014454588233131808,0.1857257838579742,0.7335375725793123,0.7361299543278171,0.7567815411894567,0.9018623461288456,0.9029178355365163,0.9112896096876917,0.9496641999855685,0.9502190109311222,0.9546147933514298,1.0,0.0,0.0,0.0,0.0,0.00027686686404854166,-0.569991951299418,0.5704101244515712,0.0280920088485546
73.8,0.5699710991040983,0.5703928337920665,0.5699796086752114,0.013840898446793858,2.9770571325012614,0.9379325785432749,0.9408620442414463,0.9643683656150479,0.15554222364431675,0.15943536885239099,0.15992620731115717,2.8519641689603326,2.9770571325012614,2.9878921680103017,2.473061699297284e-08,0.014456910158811181,0.1857434161782695,0.7334887757757179,0.736081037017779,0.756753902151836,0.9018423471097786,0.9028978182289612,0.9112785153196423,0.9496536703499532,0.9502084757302979,0.9546089823925757,1.0,0.0,0.0,0.0,0.0,0.00027207453117367164,-0.5699796086752114,0.5703928337920665,0.02809178647032695
74.0,0.5699590543157964,0.5703757609782034,0.569967447670197,0.013842588718431451,2.9769732889936136,0.9378788892827882,0.9408081023208581,0.9643370611797368,0.15554727287624429,0.15944452903532425,0.1599353623522836,2.851878804891017,2.976973288993614,2.9878056554090144,2.4775333343761935e-08,0.014459198398712373,0.1857607890425757,0.7334408226920383,0.7360329640690633,0.7567267571787758,0.901822693019004,0.9028781455264061,0.9112676190071789,0.9496433222079455,0.9501981217763941,0.9546032751359621,1.0,0.0,0.0,0.0,0.0,0.000267357066230392,-0.569967447670197,0.5703757609782034,0.02809154910705279
74.2,0.5699471876332376,0.5703589040673204,0.5699554660228311,0.013844255872015413,2.976890447316386,0.9378261331197114,0.9407550964926856,0.9643063182984012,0.15555223185168743,0.15945353133591358,0.15994435930359474,2.8517945203366017,2.9768904473163866,2.987720152580752,2.4819474137102908e-08,0.01446145335968523,0.1857779056816698,0.7333937002107748,0.7359857223886476,0.7567000982198756,0.9018033785249554,0.9028588121178213,0.911256917532875,0.9496331527582925,0.9501879462803358,0.9545976698982149,1.0,0.0,0.0,0.0,0.0,0.0002627134357703065,-0.5699554660228311,0.5703589040673204,0.028091297330457714
74.4,0.5699354968206319,0.5703422611144771,0.5699436614913312,0.013845900157330617,2.9768085998806812,0.9377742954044029,0.9407030120923884,0.9642761277673464,0.15555710203809062,0.15946237818892636,0.15995320061029658,2.851711305572385,2.9768085998806812,2.9876356524963215,2.4863044136392163e-08,0.014463675445386067,0.18579476929809824,0.7333473953927936,0.7359392990606709,0.7566739173438837,0.9017843983674874,0.9028398127629229,0.9112464077265799,0.949623159237125,0.9501779464900524,0.9545921650206498,1.0,0.0,0.0,0.0,0.0,0.00025814261818805917,-0.5699436614913312,0.5703422611144771,0.028091031697613525
74.60000000000001,0.5699239796621635,0.5703258301731337,0.5699320318537047,0.01384752182294503,2.9767277390416,0.9377233616909513,0.9406518346585716,0.964246480520725,0.15556188488133763,0.15947107199672245,0.15996188868485928,2.851629150865668,2.9767277390416003,2.9875521480491747,2.490604813208151e-08,0.014465865056260054,0.18581138306613604,0.7333018954753923,0.7358936813445252,0.7566482067371224,0.9017657473571387,0.9028211422914485,0.911236086464805,0.9496133389175757,0.9501681196901047,0.9545867588689528,1.0,0.0,0.0,0.0,0.0,0.00025364360363173966,-0.5699320318537047,0.5703258301731337,0.028090752751258066
74.8,0.5699126339619994,0.5703096092958061,0.5699205749077715,0.013849121116173995,2.97664785710249,0.9376733177348143,0.940601549930643,0.9642173676286598,0.15556658180603122,0.15947961512958403,0.15997042590735408,2.85154804647903,2.97664785710249,2.987469632060209,2.4948490939438256e-08,0.014468022589524893,0.18582775013175493,0.7332571878703705,0.7358488566729579,0.7566229587019245,0.9017474203743937,0.9028027956024366,0.9112259506701141,0.949603689109398,0.9501584632013109,0.9545814498328645,1.0,0.0,0.0,0.0,0.0,0.0002492153939111369,-0.5699205749077715,0.5703096092958061,0.028090461020110296
75.0,0.5699014575443009,0.5702935965346991,0.5699092884711775,0.013850698283046336,2.9765689463190736,0.9376241494904517,0.9405521438464889,0.9641887802953933,0.15557119421576893,0.15948800992604428,0.15997881462579322,2.8514679826734954,2.9765689463190736,2.9873880972824356,2.4990377396356612e-08,0.014470148439156259,0.1858438736126035,0.733213260162099,0.7358048126501842,0.7565981656550993,0.9017294123689426,0.9027847676635075,0.9112159973105257,0.9495942071585828,0.9501489743803764,0.9545762363258682,1.0,0.0,0.0,0.0,0.0,0.0002448570024087132,-0.5699092884711775,0.5702935965346991,0.02809015701918097
75.2,0.5698904482532249,0.5702777899423208,0.5698981703814032,0.013852253568271793,2.9764909989034405,0.9375758431090018,0.9405036025401702,0.9641607098574493,0.15557572349341783,0.15949625869321485,0.15998705715646422,2.851388949711604,2.9764909989034405,2.9873075364055,2.5031712361219228e-08,0.014472242995874617,0.18585975659799533,0.7331701001056098,0.735761537050013,0.7565738201263972,0.9017117183589493,0.9027670535101463,0.9112062233989141,0.9495848904469799,0.9501396506195227,0.954571116784879,1.0,0.0,0.0,0.0,0.0,0.00024056745398685908,-0.5698981703814032,0.5702777899423208,0.028089841250071818
75.4,0.5698796039529145,0.570262187572073,0.5698872184957664,0.013853787215209851,2.97641400702793,0.9375283849359871,0.9404559123396348,0.9641331477818266,0.15558017100138483,0.1595043637071116,0.15999515578426113,2.851310937860365,2.97641400702793,2.987227942060079,2.5072500710809415e-08,0.014474306647133235,0.18587540214890505,0.7331276956247175,0.7357190178139805,0.756549914757008,0.9016943334303291,0.9027496482449906,0.9111966259924233,0.9495757363919238,0.9501304893461191,0.954566089669939,1.0,0.0,0.0,0.0,0.0,0.00023634578489729885,-0.5698872184957664,0.570262187572073,0.028089514201274222
75.60000000000001,0.5698689225274924,0.5702467874788246,0.5698764306914189,0.013855299465840066,2.9763379628288904,0.9374817615090022,0.9404090597644483,0.9641060856642182,0.1555845380818833,0.1595123272129803,0.16000311276302054,2.851233937394123,2.9763379628288904,2.987149306822148,2.5112747338273702e-08,0.014476339777107666,0.18589081329797286,0.7330860348101151,0.7356772430494968,0.7565264422980754,0.9016772527360158,0.9027325470371205,0.9111872021918864,0.9495667424458544,0.9501214880223158,0.954561153463915,1.0,0.0,0.0,0.0,0.0,0.00023219104269062152,-0.5698764306914189,0.5702467874788246,0.028089176348458565
75.8,0.5698584018810452,0.5702315877194636,0.5698658048653362,0.01385679056073383,2.976262858410325,0.9374359595554358,0.9403630315235448,0.9640795152272402,0.15558882605719918,0.15952015142561976,0.1600109303158534,2.851157938597318,2.976262858410325,2.9870716232171177,2.5152457151133425e-08,0.014478342766686655,0.18590599304951963,0.7330451059174946,0.7356362010280034,0.7565033956092194,0.9016604714952373,0.9027157451213517,0.9111779491412485,0.9495579060959405,0.9501126441446781,0.9545563066721988,1.0,0.0,0.0,0.0,0.0,0.00022810228612364647,-0.5698658048653362,0.5702315877194636,0.028088828154758654
76.0,0.5698480399375964,0.5702165863534305,0.5698553389343027,0.013858260739027323,2.9761886858474265,0.9373909659902412,0.9403178145129937,0.9640534283186898,0.15559303622995269,0.15952783852970404,0.16001861063547052,2.8510829317671527,2.976188685847427,2.986994883723844,2.5191635069346218e-08,0.014480315993464124,0.18592094437956755,0.7330048973657102,0.7355958801831413,0.7564807676570788,0.9016439849928063,0.9026992377975315,0.9111688640269968,0.9495492248637138,0.9501039552438207,0.9545515478224099,1.0,0.0,0.0,0.0,0.0,0.00022407858506795497,-0.5698553389343027,0.5702165863534305,0.028088470071049552
76.2,0.569837834641088,0.570201781443234,0.5698450308348918,0.013859710238395873,2.9761154371899923,0.9373467679136884,0.9402733958137858,0.9640278169098313,0.15559716988335617,0.15953539068010364,0.16002615588451263,2.85100890721617,2.9761154371899923,2.9869190807785317,2.5230286023416094e-08,0.014482259831732418,0.18593567023586877,0.7329653977349152,0.7355562691089325,0.7564585515138849,0.9016277885784009,0.9026830204298404,0.9111599440776026,0.9495406963046944,0.9500954188840468,0.954546875464106,1.0,0.0,0.0,0.0,0.0,0.0002201190204194764,-0.5698450308348918,0.570201781443234,0.02808810253622144
76.4,0.5698277839553408,0.5701871710549471,0.5698348785234407,0.013861139295029537,2.9760431044657536,0.9373033526091306,0.9402297626896389,0.9640026730936919,0.1556012282814712,0.15954281000220474,0.16003356819587972,2.8509358552747353,2.976043104465754,2.986844206778503,2.5268414952551522e-08,0.014484174652476834,0.18595017353794177,0.7329265957647115,0.7355173565579702,0.756436740356029,0.9016118776658466,0.9026670884460921,0.9111511865629602,0.949532318008019,0.9500870326629861,0.9545422881684905,1.0,0.0,0.0,0.0,0.0,0.00021622268400557643,-0.5698348785234407,0.5701871710549471,0.0280877259774453
76.60000000000001,0.5698178858640218,0.5701727532586859,0.5698248799760183,0.013862548143609977,2.9759716796835733,0.9372607075408282,0.9401869025848186,0.9639779890833817,0.15560521266946206,0.15955009859222674,0.16004084967305193,2.8508637662934295,2.9759716796835733,2.986770254085863,2.530602680287175e-08,0.014486060823371305,0.18596445717711657,0.7328884803523469,0.735479131439625,0.7564153274626627,0.9015962477324191,0.9026514373370451,0.9111425887938395,0.9495240875960783,0.9500787942112368,0.9545377845281274,1.0,0.0,0.0,0.0,0.0,0.00021238867849372733,-0.5698248799760183,0.5701727532586859,0.02808734081043624
76.80000000000001,0.5698081383706022,0.5701585261290724,0.5698150331883907,0.01386393701728852,2.975901154836571,0.9372188203517751,0.9401448031219817,0.9639537572104417,0.15560912427384557,0.15955725851753907,0.16004800239041198,2.8507926306453615,2.9759011548365715,2.9866972150310502,2.5343126525660764e-08,0.014487918708775112,0.18597852401658466,0.7328510405509011,0.7354415828182591,0.7563943062143085,0.9015808943181396,0.9026360626557081,0.9111341481213406,0.9495160027241524,0.9500707011920055,0.9545333631566577,1.0,0.0,0.0,0.0,0.0,0.00020861611729998397,-0.5698150331883907,0.5701585261290724,0.02808694743970901
77.0,0.5697985394983122,0.5701444877456785,0.5698053361759817,0.013865306147665289,2.975831521905115,0.9371776788615105,0.9401034521000341,0.9639299699232075,0.15561296430273863,0.15956429181697537,0.16005502839357097,2.8507224387283925,2.9758315219051155,2.986625081916273,2.537971907566789e-08,0.014489748669730662,0.18599237689145462,0.7328142655674701,0.7354046999114552,0.7563736700914931,0.9015658130250682,0.902620960016659,0.9111258619363591,0.9495080610800425,0.950062751300755,0.954529022688521,1.0,0.0,0.0,0.0,0.0,0.00020490412449719608,-0.5698053361759817,0.5701444877456785,0.028086546258828633
77.2,0.5697890872900869,0.5701306361934559,0.5697957869738268,0.013866655764769666,2.9757627728597535,0.9371372710639936,0.9400628374920087,0.9639066197851881,0.15561673394610395,0.15957120050114704,0.16006192969968544,2.8506531809672797,2.9757627728597535,2.986553847018845,2.541580940945458e-08,0.014491551063962547,0.18600601860881885,0.732778144761388,0.7353684720882557,0.7563534126733836,0.9015509995166135,0.90260612509536,0.91111772766905,0.9495002603837129,0.9500549422648469,0.9545247617786764,1.0,0.0,0.0,0.0,0.0,0.00020125183472331776,-0.5697957869738268,0.5701306361934559,0.02808613765065684
77.4,0.5697797798085162,0.5701169695631468,0.5697863836365241,0.013867986097041722,2.975694899664022,0.9370975851254975,0.9400229474429632,0.9638836994734723,0.1556204343759921,0.15957798655275435,0.1600687082977722,2.850584847815734,2.975694899664022,2.9864835025944196,2.5451402483787e-08,0.014493326245877415,0.1860194519478227,0.7327426676424709,0.7353328888674168,0.7563335276364537,0.9015364495168471,0.9025915536274804,0.9111097427883051,0.9494925983869347,0.9500472718431923,0.9545205791023297,1.0,0.0,0.0,0.0,0.0,0.00019765839308930055,-0.5697863836365241,0.5701169695631468,0.02808572198759502
77.60000000000001,0.5697706151357853,0.5701034859516839,0.5697771242381828,0.013869297371314737,2.9756278942771743,0.937058609382482,0.9399837702678917,0.9638612017771603,0.15562406674677962,0.15958465192689592,0.1600753661490282,2.8505174297584195,2.975627894277175,2.9864140408801054,2.548650325407486e-08,0.014495074566564774,0.1860326796597388,0.7327078238692343,0.7352979399156707,0.756314008753162,0.9015221588098086,0.9025772414082232,0.9111019048012343,0.9494850728729242,0.9500397378259008,0.954516473354664,1.0,0.0,0.0,0.0,0.0,0.0001941229550889434,-0.5697771242381828,0.5701034859516839,0.028085299631815098
77.80000000000001,0.5697615913736103,0.5700901834625697,0.569768006872364,0.013870589812798859,2.975561748656818,0.9370203323395034,0.9399452944496604,0.9638391195957982,0.15562763219540723,0.15959119855137716,0.16008190518714555,2.8504509173128483,2.975561748656818,2.986345454097505,2.552111667285399e-08,0.014496796373799052,0.18604570446805144,0.7326736032471403,0.7352636150460069,0.7562948498906396,0.9015081232388206,0.9025631842916543,0.9110942112526487,0.9494776816559871,0.9500323380339318,0.9545124432505705,1.0,0.0,0.0,0.0,0.0,0.00019064468650603628,-0.569768006872364,0.5700901834625697,0.028084870935495714
78.0,0.5697527066431726,0.5700770602062453,0.5697590296520192,0.01387186364506569,2.975496454761464,0.9369827426671793,0.9399075086369567,0.9638174459378398,0.1556311318416144,0.159597628327016,0.1600883273186182,2.8503853010312263,2.9754964547614646,2.986277734455646,2.555524768831287e-08,0.014498492012042324,0.18605852906854395,0.7326399957268944,0.7352299042159584,0.7562760450093949,0.9014943387058236,0.9025493781900377,0.9110866597245534,0.949470422581172,0.9500250703187492,0.9545084875243833,1.0,0.0,0.0,0.0,0.0,0.00018722276332260035,-0.5697590296520192,0.5700770602062453,0.028084436241046715
78.2,0.5697439590850496,0.570064114300443,0.5697501907094276,0.01387311909003388,2.9754320045529874,0.9369450808619038,0.9398704016422594,0.9637961739191443,0.15563456678816814,0.159603943127947,0.160094762290671,2.850320571502215,2.9754320045529874,2.986210874153811,2.5588901242863586e-08,0.014500161822447887,0.18607115612938915,0.732606322299561,0.7351967975259069,0.7562575881620499,0.9014805267173807,0.9025358190731718,0.9110792478356492,0.9494631489923699,0.9500179325619788,0.9545046049296209,1.0,0.0,0.0,0.0,0.0,0.00018385637162975088,-0.5697501907094276,0.570064114300443,0.02808399588132986
78.4,0.5697353468591408,0.5700513438705249,0.5697414881961254,0.01387435636795574,2.975368389999009,0.9369079960494194,0.9398339624398252,0.9637752967614674,0.1556379381210937,0.15961014480192456,0.16010109918208862,2.8502567193526245,2.975368389999009,2.9861448653842895,2.562208227175561e-08,0.01450180614286499,0.18608358829124938,0.7325731633768682,0.7351642852173965,0.7562394734920684,0.9014669253520848,0.9025225029677344,0.9110719732408336,0.9494559862662423,0.9500109226750629,0.9545007942387251,1.0,0.0,0.0,0.0,0.0,0.00018054470753546548,-0.5697414881961254,0.5700513438705249,0.028083550179877435
78.60000000000001,0.5697268681445915,0.5700387470498084,0.5697329202828332,0.013875575697404795,2.9753056030751925,0.9368715798262116,0.9397981801636963,0.9637548077909759,0.15564124690990155,0.15961623517062268,0.16010732231606897,2.8501937352490416,2.975305603075193,2.986079700335032,2.5654795701731272e-08,0.014503425307844276,0.18609582816738116,0.7325406009277874,0.735132357671464,0.7562216952325066,0.9014535682531395,0.9025094259566273,0.9110648336307078,0.9494489521226187,0.9500040385989238,0.9544970542428055,1.0,0.0,0.0,0.0,0.0,0.00017728697707256047,-0.5697329202828332,0.5700387470498084,0.028083099451104657
78.80000000000001,0.5697185211397123,0.5700263219798778,0.5697244851593818,0.01387677729526416,2.9752436357674648,0.9368358212924769,0.9397630441057226,0.9637347004368005,0.15564449420780885,0.15962221602993426,0.16011343352889418,2.850131609899389,2.975243635767465,2.9860153711922135,2.5687046449723446e-08,0.014505019648643843,0.18610787834374024,0.7325086252783394,0.7351010054069781,0.75620424770479,0.9014404514738347,0.9024965841783287,0.9110578267310964,0.9494420444859099,0.9499972783036257,0.9544933837513876,1.0,0.0,0.0,0.0,0.0,0.00017408239610924858,-0.5697244851593818,0.5700263219798778,0.028082644000517073
79.0,0.5697103040618956,0.5700140668108842,0.5697161810346344,0.013877961376715812,2.975182480074153,0.9368007097070793,0.9397285437136049,0.9637149682295938,0.15564768105196042,0.1596280891502674,0.16011943463076825,2.8500703340544207,2.975182480074153,2.9859518701427192,2.5718839421594518e-08,0.014506589493236204,0.18611974137909373,0.7324772268935705,0.735070219078995,0.7561871253174974,0.9014275711236437,0.9024839738262481,0.9110509503025681,0.9494352613100029,0.9499906397880364,0.9544897815921637,1.0,0.0,0.0,0.0,0.0,0.0001709301902589333,-0.5697161810346344,0.5700140668108842,0.02808218412491504
79.2,0.5697022151475298,0.5700019797018306,0.5697080061364013,0.0138791281552309,2.975122128008057,0.9367662344856086,0.9396946685889531,0.963695604800092,0.1556508084636495,0.15963385627684043,0.16012532740611332,2.850009898509153,2.975122128008057,2.985889189376546,2.5750179510915388e-08,0.014508135166316324,0.18613141980514106,0.7324463963759158,0.7350399894771245,0.7561703225651506,0.9014149233675812,0.9024715911480866,0.9110442021399583,0.9494286005779266,0.9499841210794988,0.9544862466107442,1.0,0.0,0.0,0.0,0.0,0.00016782959478907344,-0.5697080061364013,0.5700019797018306,0.02808172011259454
79.4,0.5696942526519114,0.5699900588208473,0.569699958711357,0.013880277842560712,2.975062571598432,0.9367323851984214,0.9396614084853678,0.9636766038777184,0.1556538774485321,0.15963951912997476,0.16013111361387014,2.8499502941042363,2.975062571598432,2.9858273210891113,2.578107159778453e-08,0.014509656989309928,0.1861429161266328,0.732416124463542,0.7350103075239106,0.7561538340270295,0.90140250442555,0.9024594324452007,0.9110375800719029,0.9494220603015119,0.9499777202334955,0.9544827776704145,1.0,0.0,0.0,0.0,0.0,0.0001647798545300061,-0.569699958711357,0.5699900588208473,0.02808125224354084
79.60000000000001,0.5696864148491512,0.5699783023454529,0.5696920370249547,0.013881410648728365,2.975003802892922,0.936699151568669,0.9396287533065326,0.9636579592892048,0.15565688899683883,0.15964507940538528,0.16013679498780198,2.8498915117272645,2.9750038028929224,2.9857662574835007,2.581152054768676e-08,0.014511155280382505,0.18615423282149324,0.7323864020286751,0.7349811642732252,0.7561376543660085,0.9013903105716834,0.9024474940719712,0.9110310819603792,0.9494156385210486,0.9499714353333235,0.9544793736518948,1.0,0.0,0.0,0.0,0.0,0.00016178022378772472,-0.5696920370249547,0.5699783023454529,0.028080780789622138
79.80000000000001,0.5696787000320823,0.569966708462807,0.569684239361332,0.013882526782021606,2.9749458139593985,0.9366665234703969,0.9395966931043312,0.9636396649572057,0.1556598440835884,0.1596505387744697,0.16014237323678698,2.849833542314035,2.9749458139593985,2.9857059907726216,2.5841531210389806e-08,0.014512630354449529,0.18616537234095432,0.7323572200759908,0.7349525509086742,0.7561217783273885,0.9013783381337105,0.9024357724351779,0.9110247057002444,0.9494093333049545,0.9499652644897654,0.954476033453101,1.0,0.0,0.0,0.0,0.0,0.00015882996625270207,-0.569684239361332,0.569966708462807,0.028080306014774587
80.0,0.5696711065121582,0.5699552753699463,0.5696765640232184,0.013883626448986146,2.974888596887749,0.9366344909266646,0.9395652180769777,0.963621714898943,0.15566274366879623,0.15965589888459508,0.16014785004510848,2.8497763768497313,2.974888596887749,2.9856465131812913,2.587110841887863e-08,0.014514082523186887,0.18617633710968792,0.7323285697410208,0.734924458742017,0.756106200737743,0.9013665834923277,0.9024242639933759,0.9110184492187816,0.9494031427494477,0.9499592058407665,0.9544727559889059,1.0,0.0,0.0,0.0,0.0,0.00015592835490839396,-0.5696765640232184,0.5699552753699463,0.028079828175189066
80.2,0.5696636326193638,0.5699440012740158,0.5696690093318427,0.013884709854419698,2.97483214379159,0.9366030441076229,0.9395343185671675,0.9636041032248918,0.1556655886976771,0.15966116135938208,0.1601532270727532,2.8497200063700787,2.97483214379159,2.9855878169482537,2.5900256988328375e-08,0.01451551209504181,0.18618712952593897,0.7323004422885113,0.7348968792115992,0.7560909165038143,0.9013550430805498,0.9024129652562792,0.9110123104752632,0.949397064978209,0.9499532575511132,0.9544695401909135,1.0,0.0,0.0,0.0,0.0,0.00015307467194687618,-0.5696690093318427,0.5699440012740158,0.028079347519489498
80.4,0.5696562767021024,0.5699328843924854,0.5696615736268328,0.013885777201366831,2.9747764468099245,0.9365721733286494,0.9395039850602446,0.963586824137446,0.15566838010085118,0.15966632779898818,0.16015850595570064,2.8496644219624265,2.9747764468099245,2.98552989432811,2.5928981715112983e-08,0.014516919375244809,0.18619775196166738,0.7322728291108446,0.7348698038807997,0.7560759206113759,0.9013437133830873,0.9024018727841485,0.9110062874605014,0.9493910981420551,0.9499474178121123,0.9544663850072231,1.0,0.0,0.0,0.0,0.0,0.00015026820867677926,-0.5696615736268328,0.5699328843924854,0.028078864288907896
80.60000000000001,0.5696490371270964,0.5699219229533565,0.569654255266114,0.013886828691114624,2.974721498108723,0.9365418690485398,0.9394742081823867,0.9635698719296079,0.15567111879454656,0.1596713997803876,0.16016368830620395,2.8496096147667824,2.974721498108723,2.985472737593198,2.595728737584926e-08,0.014518304665822157,0.1862082067626942,0.7322457217264922,0.7348432244364895,0.7560612081241251,0.9013325909357336,0.9023909831871814,0.9110003781964116,0.9493852404186215,0.9499416848412762,0.9544632894022024,1.0,0.0,0.0,0.0,0.0,0.00014750826543426243,-0.569654255266114,0.5699219229533565,0.02807837871745926
80.80000000000001,0.5696419122792852,0.56991111519536,0.5696470526258088,0.01388786452318878,2.9746672898824538,0.9365121218676468,0.9394449786988085,0.9635532409837219,0.15567380568079484,0.1596763788576501,0.16016877571308025,2.8495555759767996,2.9746672898824538,2.9854163390353907,2.5985178726477105e-08,0.01451966826560856,0.18621849624884446,0.7322191117784314,0.7348171326875034,0.7560467741826117,0.9013216723247386,0.9023802931249115,0.9109945807355884,0.9493794900120334,0.9499360568820054,0.9544602523562655,1.0,0.0,0.0,0.0,0.0,0.00014479415149691588,-0.5696470526258088,0.56991111519536,0.028077891032108823
81.0,0.5696349005617121,0.5699004593681424,0.569639964100133,0.013888884895350471,2.9746138143555547,0.9364829225260477,0.9394162875119834,0.9635369257702017,0.15567644164762834,0.15968126656221693,0.16017376974199743,2.8495022968407118,2.9746138143555547,2.9853606909678336,2.6012660501374866e-08,0.014521010470260614,0.18622862271409568,0.7321929910325791,0.734791520563128,0.7560326140031525,0.9013109541861878,0.9023697993056085,0.9109888931608765,0.9493738451525825,0.9499305322032792,0.9544572728656499,1.0,0.0,0.0,0.0,0.0,0.0001421251849953037,-0.569639964100133,0.5699004593681424,0.02807740145293852
81.2,0.5696280003954174,0.5698899537324453,0.5696329881012853,0.013889890003593962,2.974561063783832,0.9364542619017936,0.9393881256598793,0.9635209208462621,0.1556790275692766,0.159686064403175,0.16017867193574753,2.8494497686622267,2.9745610637838324,2.985305785726617,2.603973741250754e-08,0.014522331572271044,0.18623858842673524,0.7321673513762951,0.734766380111599,0.7560187228767632,0.9013004332054088,0.9023594984856843,0.9109833135849487,0.9493683040964174,0.9499251090993436,0.9544543499421952,1.0,0.0,0.0,0.0,0.0,0.00013950069282488153,-0.5696329881012853,0.5698899537324453,0.028076910193307335
81.4,0.5696212102193239,0.5698795965602714,0.5696261230593416,0.013890880042144657,2.974509030455822,0.936426131009124,0.9393604843142173,0.9635052208546939,0.15568156430635624,0.1596907738675288,0.16018348381452682,2.849397982801357,2.974509030455822,2.985251615672381,2.606641414860829e-08,0.01452363186098294,0.18624839562951198,0.7321421848168561,0.7347417034986146,0.7560050961681076,0.9012901061163665,0.9023493874691051,0.9109778401498897,0.9493628651252269,0.9499197858894045,0.9544514826131275,1.0,0.0,0.0,0.0,0.0,0.00013692001055766456,-0.5696261230593416,0.5698795965602714,0.02807641746001164
81.60000000000001,0.5696145284901295,0.5698693861350451,0.5696193674221457,0.013891855203457785,2.974457706694085,0.9363985209966702,0.9393333547787422,0.9634898205226536,0.15568405270605884,0.15969539642047031,0.16018820687621887,2.8493469306752255,2.974457706694085,2.9851981731918684,2.6092695374394058e-08,0.014524911622604629,0.1862580465397919,0.7321174834799172,0.7347174830058624,0.7559917293144822,0.9012799697010506,0.9023394631068067,0.9109724710267947,0.9493575265459213,0.9499145609173247,0.9544486699208482,1.0,0.0,0.0,0.0,0.0,0.0001343824823592521,-0.5696193674221457,0.5698693861350451,0.028075923453439545
81.80000000000001,0.5696079536821844,0.5698593207517635,0.5696127196551946,0.013892815678217759,2.9744070848564452,0.9363714231457461,0.939306728487515,0.9634747146604379,0.15568649360234144,0.15969993350564612,0.1601928425966632,2.8492966037588174,2.9744070848564457,2.985145450699411,2.611858572981265e-08,0.014526171140225317,0.18626754334972198,0.7320932396080422,0.7346937110295564,0.7559786178247627,0.9012700207888926,0.9023297222961141,0.910967204415352,0.9493522866903265,0.9499094325513183,0.954445910922717,1.0,0.0,0.0,0.0,0.0,0.00013188746089830283,-0.5696127196551946,0.5698593207517635,0.02807542836772264
82.0,0.5696014842873802,0.569849398717136,0.5696061782415248,0.013893761655338083,2.9743571573371894,0.9363448288686391,0.9392805970032184,0.9634598981602968,0.15568888781611082,0.15970438654542346,0.16019739242992462,2.84924699358568,2.97435715733719,2.9850934406383534,2.6144089829319792e-08,0.014527410693830926,0.18627688822639304,0.7320694455592457,0.7346703800789914,0.7559657572784032,0.9012602562561858,0.902320161980169,0.910962038543447,0.9493471439148817,0.9499043991836524,0.9544432046908453,1.0,0.0,0.0,0.0,0.0,0.0001294343072618248,-0.5696061782415248,0.569849398717136,0.028074932390885852
82.2,0.5695951188150323,0.5698396183497206,0.5695997416816002,0.013894693321961636,2.974307916568198,0.9363187297068645,0.9392549520154837,0.963445365995278,0.1556912361554035,0.15970875694115297,0.16020185780857,2.8491980917486033,2.974307916568198,2.985042135482435,2.6169212261188667e-08,0.014528630560320095,0.1862860833119996,0.7320460938054842,0.7346474827751086,0.755953143324449,0.9012506730254839,0.9023107791473601,0.9109569716667715,0.9493420966003253,0.9498994592303509,0.954440550311892,1.0,0.0,0.0,0.0,0.0,0.00012702239087085399,-0.5695997416816002,0.5698396183497206,0.028074435704991893
82.4,0.5695888557917582,0.5698299779800485,0.5695934084931935,0.013895610863461624,2.974259355020041,0.9362931173294832,0.939229785339232,0.9634311132180544,0.1556935394155683,0.15971304607342973,0.16020624014393425,2.8491498899002425,2.974259355020041,2.984991527737101,2.619395758685007e-08,0.014529831013521028,0.1862951307240093,0.7320231769312167,0.7346250118490736,0.7559407716805407,0.9012412680650284,0.9023015708307569,0.9109520020684279,0.949337143151395,0.9498946111308966,0.9544379468868568,1.0,0.0,0.0,0.0,0.0,0.0001246510893944952,-0.5695934084931935,0.5698299779800485,0.0280739384862841
82.60000000000001,0.5695826937613552,0.56982047595074,0.5695871772112657,0.013896514463443095,2.9742114652030214,0.9362679835314697,0.9392050889130324,0.9634171349597657,0.15569579837944683,0.1597172553023522,0.16021054082637892,2.8491023797537003,2.974211465203022,2.9849416099407677,2.6218330340259854e-08,0.014531012324208722,0.18630403255533456,0.7320006876319978,0.73460296014087,0.7559286381319281,0.9012320383881874,0.9022925341075502,0.9109471280585396,0.9493322819965346,0.9498898533479405,0.9544353935308769,1.0,0.0,0.0,0.0,0.0,0.00012231978866288074,-0.5695871772112657,0.56982047595074,0.028073440905327277
82.80000000000001,0.5695766312846833,0.5698111106166168,0.5695810463878508,0.013897404303744807,2.9741642396681645,0.9362433202320234,0.9391808547974795,0.963403426428913,0.15569801381754594,0.1597213859677786,0.16021476122556091,2.849055553083084,2.974164239668165,2.9848923746660336,2.6242335027296168e-08,0.014532174760122097,0.18631279087449878,0.7319786187130243,0.7345813205979052,0.7559167385305273,0.9012229810528765,0.9022836660984987,0.910942347973877,0.9493275115875915,0.9498851843670119,0.954432889373032,1.0,0.0,0.0,0.0,0.0,0.00012002788258527741,-0.5695810463878508,0.5698111106166168,0.028072943127142903
83.0,0.5695706669395416,0.5698018803448042,0.5695750145919347,0.013898280564441529,2.974117671008171,0.9362187902119092,0.9391570751735837,0.9633899829102437,0.15570018648821166,0.1597254393895814,0.16021895903846164,2.849009401724021,2.974117671008171,2.9848438145208425,2.6265976125186474e-08,0.014533318585981761,0.1863214077258075,0.7319566684502259,0.7345600862736277,0.7559050687939707,0.9012139722347978,0.9022749639673774,0.91093766017748,0.9493227667084131,0.9498806026962302,0.9544304335561463,1.0,0.0,0.0,0.0,0.0,0.00011777477306645912,-0.5695750145919347,0.5698018803448042,0.02807244531134314
83.2,0.5695647993205388,0.5697927835148253,0.5695690804093302,0.01389914342384704,2.9740717518583217,0.9361945270408669,0.9391337423411837,0.9633767997636252,0.15570231713780536,0.15972941686789935,0.1602231114019877,2.8489639175741264,2.9740717518583217,2.9847959221495928,2.6289258081960586e-08,0.014534444063508439,0.18632988512952822,0.7319349563808453,0.7345392503261614,0.7558936249046506,0.9012050609987543,0.9022664249204329,0.9109330630582795,0.9493180732016507,0.9498761068660205,0.9544280252365922,1.0,0.0,0.0,0.0,0.0,0.00011555986992134448,-0.5695690804093302,0.5697927835148253,0.02807194761226306
83.4,0.5695590270389755,0.5697838185186905,0.5695632424425559,0.013899993058517437,2.9740264748973395,0.9361707200671032,0.9391108487173697,0.9633638724229752,0.15570440650087083,0.15973331968338747,0.16022718590178534,2.8489190925934524,2.9740264748973395,2.984748690234196,2.6312185315929903e-08,0.01453555145144124,0.18633822508206302,0.731913651970686,0.7345188060169495,0.7558824029088015,0.9011963169060516,0.9022580462058438,0.9109285550307328,0.9493134677059534,0.9498716954288305,0.9544256635840984,1.0,0.0,0.0,0.0,0.0,0.00011338259079071711,-0.5695632424425559,0.5697838185186905,0.02807145017908704
83.60000000000001,0.5695533487227152,0.5697749837609796,0.5695574993107155,0.01390082964325463,2.973981832848205,0.9361473615438465,0.9390883868349291,0.9633511963952062,0.15570645530029928,0.15973714909746436,0.1602311838518966,2.848874918804898,2.9739818328482053,2.9847021114950993,2.6334762215194925e-08,0.014536641005556076,0.18634642955612055,0.7318927483195997,0.7344987467094138,0.755871398915603,0.9011877371342738,0.902249825113185,0.9109241345344677,0.9493089487360306,0.9498673669588512,0.9544233477815652,1.0,0.0,0.0,0.0,0.0,0.00011124236106331564,-0.5695574993107155,0.5697749837609796,0.028070953155974975
83.80000000000001,0.5695477630160548,0.5697662776589155,0.5695518496493692,0.013901653351110667,2.9739378184789413,0.936124443842584,0.9390663493408028,0.9633387672591384,0.1557084642474997,0.15974090635255808,0.16023510654660736,2.8488313882945775,2.9739378184789413,2.984656178692252,2.635699313717837e-08,0.014537712978685112,0.18635450050090113,0.731872238631941,0.7344790658676256,0.7558606090962533,0.9011793189035017,0.9022417589728965,0.9109198000339147,0.9493045148289231,0.9498631200517395,0.9544210770248718,1.0,0.0,0.0,0.0,0.0,0.00010913861378931966,-0.5695518496493692,0.5697662776589155,0.02807045668218604
84.0,0.5695422685795998,0.5697576986424336,0.5695462921104067,0.013902464353392313,2.9738944246033485,0.9361019594514759,0.9390447289945628,0.9633265806644581,0.15571043404256213,0.15974459267234914,0.16023895526070142,2.8487884932121683,2.9738944246033485,2.9846108846260284,2.637888240818173e-08,0.014538767620736026,0.186362439842276,0.7318521162151931,0.7344597570549907,0.7558500296830761,0.901171059475763,0.90223384515576,0.9109155500179523,0.9493001645437149,0.9498589533243422,0.9544188505226912,1.0,0.0,0.0,0.0,0.0,0.0001070707895984846,-0.5695462921104067,0.5697576986424336,0.028069960892197755
84.2,0.5695368640901406,0.5697492451542456,0.5695408253619269,0.01390326281966577,2.9738516440817016,0.9360799009737455,0.9390235186669037,0.9633146323307152,0.15571236537441438,0.15974820926201108,0.16024273124971955,2.848746225771228,2.9738516440817016,2.984566222138115,2.6400434322967437e-08,0.014539805178711182,0.18637024948296155,0.7318323744785759,0.7344408139329478,0.7558396569686688,0.9011629561544742,0.9022260810723766,0.9109113829995686,0.9492958964612409,0.9498548654144259,0.9544166674963132,1.0,0.0,0.0,0.0,0.0,0.00010503833662249551,-0.5695408253619269,0.5697492451542456,0.028069465915823297
84.4,0.5695315482405131,0.569740915649894,0.5695354480881063,0.01390404891776201,2.9738094698214197,0.9360582611261836,0.9390027113381507,0.9633029180462814,0.15571425892098598,0.15975175730844984,0.160246435750199,2.84870457824947,2.9738094698214197,2.984522184112346,2.6421653144366047e-08,0.014540825896727661,0.18637793130270514,0.7318130069317512,0.7344222302596786,0.7558294873050081,0.901155006283923,0.9022184641726514,0.9109072975155063,0.9492917091838163,0.9498508549804046,0.9544145271794592,1.0,0.0,0.0,0.0,0.0,0.00010304071041153384,-0.5695354480881063,0.569740915649894,0.02806897187832765
84.60000000000001,0.5695263197394762,0.5697327085978036,0.5695301589890699,0.013904822813782578,2.9737678947776858,0.9360370327376515,0.9389823000967833,0.963291433667337,0.15571611534936683,0.15975523798053964,0.1602500699799143,2.8486635429890175,2.9737678947776858,2.984478763475503,2.644254310290535e-08,0.014541830016037512,0.18638548715847164,0.7317940071835255,0.7344039998888323,0.7558195171025887,0.9011472072487479,0.9022109919452835,0.9109032921259197,0.9492876013349643,0.9498469207010747,0.9544124288181032,1.0,0.0,0.0,0.0,0.0,0.00010107737385271764,-0.5695301589890699,0.5697327085978036,0.028068478900540348
84.80000000000001,0.5695211773115824,0.569724622479327,0.5695249567807663,0.013905584672105372,2.9737269119540395,0.9360162087475095,0.9389622781379772,0.9632801751169079,0.15571793531595865,0.15975865242935752,0.16025363513813096,2.848623112396635,2.97372691195404,2.9844359531980786,2.6463108396462014e-08,0.014542817775047548,0.18639291888461954,0.7317753689404844,0.7343861167682608,0.7558097428295965,0.9011395564733905,0.9022036619172594,0.9108993654140471,0.9492835715591285,0.9498430612753486,0.9544103716702999,1.0,0.0,0.0,0.0,0.0,9.914779709285781e-05,-0.5695249567807663,0.569724622479327,0.028067987098965016
85.0,0.5695161196970437,0.5697166557887846,0.5695198401948393,0.013906334655390939,2.973686514402932,0.9359957822041388,0.9389426387621584,0.9632691383838811,0.15571971946662963,0.15976200178841515,0.16025713240584377,2.848583278943923,2.973686514402932,2.9843937462949865,2.6483353189937043e-08,0.014543789409339865,0.18640022829308675,0.7317570860057141,0.734368574938771,0.7558001610110691,0.9011320514215825,0.9021964716533535,0.9108955159858765,0.9492796185214052,0.9498392754219938,0.9544083550060105,1.0,0.0,0.0,0.0,0.0,9.725145745959063e-05,-0.5695198401948393,0.5697166557887846,0.028067496585886437
85.2,0.5695111456516001,0.5697088070334972,0.5695148079784925,0.01390707292458928,2.97364669522625,0.9359757462635223,0.938923375373577,0.9632583195220138,0.1557214684368703,0.15976528717388871,0.16026056294600582,2.848544035167486,2.97364669522625,2.9843521358262546,2.6503281614952156e-08,0.014544745151692866,0.18640741717358197,0.7317391522775629,0.734351368532884,0.7557907682280466,0.901124689595849,0.9021894187556297,0.9108917424698072,0.949275740907283,0.9498355618793718,0.9544063781069265,1.0,0.0,0.0,0.0,0.0,9.53878393789298e-05,-0.5695148079784925,0.5697088070334972,0.028067007469478798
85.4,0.5695062539463914,0.5697010747338167,0.5695098588943645,0.013907799638946708,2.9736074475758003,0.9359560941877383,0.9389044814788935,0.963247714649004,0.1557231828519398,0.15976850968484652,0.16026392790377228,2.8485053736690835,2.9736074475758003,2.9843111148976678,2.6522897769566608e-08,0.01454568523210175,0.186414487293765,0.7317215617483402,0.7343344917736135,0.7557815611167754,0.9011174685369858,0.9021825008629527,0.9108880435163343,0.9492719374223683,0.9498319194051813,0.9544044402663034,1.0,0.0,0.0,0.0,0.0,9.35564342987999e-05,-0.5695098588943645,0.5697010747338167,0.028066519853907415
85.60000000000001,0.5695014433678272,0.56969345742315,0.5695049917203993,0.013908514956012877,2.973568764653773,0.9359368193434886,0.9388859506857843,0.9632373199455644,0.15572486332701163,0.15977167040347393,0.16026722840673932,2.84846728711575,2.973568764653773,2.9842706766613727,2.654220571801548e-08,0.014546609877799224,0.18642144039942965,0.7317043085030271,0.7343179389732521,0.7557725363679201,0.9011103858235407,0.9021757156505,0.9108844177977348,0.9492682067921145,0.9498283467762055,0.9544025407887977,1.0,0.0,0.0,0.0,0.0,9.175674061404071e-05,-0.5695049917203993,0.56969345742315,0.028066033839428663
85.80000000000001,0.5694967127174448,0.5696859536479788,0.5695002052497113,0.013909219031648499,2.9735306397131684,0.9359179152007391,0.9388677767015575,0.9632271316544618,0.155726510467325,0.15977477039529692,0.16027046556516386,2.848429768239894,2.973530639713169,2.984230814316462,2.6561209490467863e-08,0.014547519313277184,0.1864282782146981,0.7316873867181002,0.7343017045321713,0.7557636907257346,0.901103439071341,0.9021690608292812,0.9108808640077372,0.9492645477615743,0.9498248427880568,0.9544006789902941,1.0,0.0,0.0,0.0,0.0,8.998826358525003e-05,-0.5695002052497113,0.5696859536479788,0.02806554952249076
86.0,0.5694920608117867,0.5696785619678726,0.5694954982904552,0.013909912020033144,2.9734930660581904,0.9358993753312959,0.9388499533317898,0.9632171460796061,0.1557281248683286,0.1597778107094026,0.160273640472195,2.8483928098393627,2.973493066058191,2.9841915211095107,2.6579913082804196e-08,0.01454841376030785,0.18643500244220684,0.7316707906602884,0.7342857829376365,0.7557550209872865,0.9010966259329944,0.9021625341456609,0.9108773808612133,0.9492609590951374,0.9498214062549294,0.9543988541977441,1.0,0.0,0.0,0.0,0.0,8.825051526101246e-05,-0.5694954982904552,0.5696785619678726,0.028065066995830588
86.2,0.5694874864822679,0.5696712809555009,0.5694908696656988,0.013910594073673064,2.973456037044614,0.9358811934073478,0.9388324744789746,0.9632073595851833,0.15572970711581696,0.15978079237865797,0.16027675420411147,2.8483564047775043,2.973456037044614,2.984152790335087,2.659832045641264e-08,0.01454929343796475,0.1864416147632872,0.7316545146853026,0.7342701687626317,0.7557465240017125,0.9010899440973758,0.9021561333808882,0.9108739670938821,0.9492574395762623,0.9498180360093511,0.9543970657490113,1.0,0.0,0.0,0.0,0.0,8.654301440708112e-05,-0.5694908696656988,0.5696712809555009,0.02806458634856711
86.4,0.5694829885750369,0.569664109196639,0.5694863182132892,0.013911265343409508,2.973419546080136,0.9358633632001379,0.9388153341411875,0.9631977685947337,0.15573125778607635,0.15978371641992647,0.16027980782053752,2.848320545983195,2.973419546080136,2.984114615336232,2.6616435538004383e-08,0.014550158562644572,0.1864481168381582,0.7316385532366806,0.7342548566646991,0.7557381966694299,0.9010833912891635,0.9021498563506282,0.9108706214619948,0.949253988007233,0.9498147309019394,0.954395312992707,1.0,0.0,0.0,0.0,0.0,8.486528642762114e-05,-0.5694863182132892,0.569664109196639,0.028064107666294375
86.60000000000001,0.5694785659508425,0.5696570452901681,0.5694818427857162,0.013911925978427457,2.9733835866246707,0.9358458785786308,0.9387985264107668,0.9631883695902551,0.15573277744602618,0.15978658383428213,0.1602828023646597,2.8482852264508405,2.973383586624671,2.9840769895048997,2.663426221944622e-08,0.014551009348089094,0.1864545103061196,0.731622900844621,0.7342398413847885,0.7557300359413629,0.9010769652683702,0.9021437009045002,0.9108673427420279,0.949250603208913,0.9498114898011578,0.9543935952880296,1.0,0.0,0.0,0.0,0.0,8.321686328587041e-05,-0.5694818427857162,0.5696570452901681,0.02806363103117225
86.80000000000001,0.5694742174849134,0.569650087848074,0.5694774422499882,0.013912576126264172,2.9733481521906535,0.9358287335080907,0.9387820454730061,0.9631791591113786,0.1557342666533491,0.15978939560722163,0.16028573886345965,2.84825043924037,2.9733481521906535,2.984039906282387,2.6651804357610828e-08,0.01455184600540639,0.18646079678573102,0.7316075521247424,0.734225117746121,0.755722038818244,0.9010706638298414,0.9021376649256213,0.9108641297304034,0.9492472840204824,0.9498083115930789,0.9543919120046184,1.0,0.0,0.0,0.0,0.0,8.159728343636041e-05,-0.5694774422499882,0.569650087848074,0.02806315652201685
87.0,0.5694699420668135,0.5696432354954412,0.5694731154874995,0.013913215932818017,2.9733132363432877,0.9358119220487607,0.9387658856048666,0.9631701337545037,0.15573572595662788,0.15979215270887415,0.16028861832792957,2.8482161774772057,2.9733132363432877,2.9840033591597086,2.666906577424448e-08,0.014552668743092663,0.18646697787500083,0.7315925017769311,0.734210680653065,0.7557142023498645,0.9010644848027913,0.9021317463301527,0.9108609812431923,0.949244029299195,0.9498051951811443,0.9543902625223984,1.0,0.0,0.0,0.0,0.0,8.000609174924067e-05,-0.5694731154874995,0.5696432354954412,0.028062684214383942
87.2,0.5694657386003056,0.5696364868704414,0.5694688613938914,0.013913845542357915,2.973278832700789,0.9357954383546113,0.9387500411737006,0.9631612901719129,0.15573715589548534,0.15979485609420913,0.16029144175327648,2.848182434352207,2.973278832700789,2.9839673416779595,2.668605025585035e-08,0.014553477767054726,0.1864730551515837,0.7315777445842466,0.734196525090024,0.7557065236343202,0.9010584260503629,0.9021259430668521,0.9108578961158121,0.9492408379201466,0.949802139485931,0.9543886462314223,1.0,0.0,0.0,0.0,0.0,7.844283943199415e-05,-0.5694688613938914,0.5696364868704414,0.028062214180655506
87.4,0.5694616060032336,0.56962984062432,0.5694646788789262,0.013914465097532665,2.9732449349345926,0.9357792766719808,0.9387345066359895,0.9631526250709733,0.15573855700071076,0.15979750670324183,0.160294210119145,2.8481492031216,2.973244934934593,2.9839318474286536,2.6702761553588144e-08,0.014554273280631658,0.18647903017296252,0.7315632754117335,0.7341826461203352,0.7556989998173212,0.9010524854691464,0.9021202531166312,0.9108548732027525,0.9492377087760234,0.9497991434449193,0.954387062531727,1.0,0.0,0.0,0.0,0.0,7.69070839594238e-05,-0.5694646788789262,0.56962984062432,0.02806174649012445
87.60000000000001,0.5694575432073802,0.5696232954213801,0.5694605668663584,0.013915074739380156,2.973211536769547,0.935763262900806,0.9387192765361002,0.9631441352133342,0.15573992979438675,0.1598001054612365,0.16029695324329107,2.8481164771069003,2.9732115367695475,2.9838968700540236,2.6719203383189557e-08,0.014555055484616369,0.18648490447663074,0.7315489384031522,0.7341690388851839,0.7556916280915095,0.9010465990729579,0.9021146744921159,0.9108519113773034,0.9492346081631681,0.9497962060122633,0.9543855108331918,1.0,0.0,0.0,0.0,0.0,7.539838900533224e-05,-0.5694605668663584,0.5696232954213801,0.02806128120907215
87.80000000000001,0.5694535491583312,0.5696168499389603,0.5694565242937961,0.013915674607337407,2.97317863198407,0.9357474092211715,0.938704345505051,0.9631358174140682,0.15574127479002528,0.15980265327890772,0.16029966903658963,2.8480842496948013,2.97317863198407,2.9838624032473042,2.6735379424888593e-08,0.01455582457727846,0.18649067958029117,0.7315347444706337,0.7341556986025254,0.755684405695715,0.9010407713442414,0.9021092052372139,0.9108490095312585,0.9492315384429637,0.9497933261585619,0.9543839905553825,1.0,0.0,0.0,0.0,0.0,7.391632436383466e-05,-0.5694565242937961,0.5696168499389603,0.028060818400850604
88.0,0.5694496228153494,0.5696105028674098,0.5694525501125698,0.013916264839250566,2.9731462144103,0.9357318667732734,0.9386897082592954,0.9631276685408795,0.15574259249269332,0.15980515105261964,0.16030233160408633,2.8480525143370485,2.9731462144103005,2.98382844075298,2.6751293323365968e-08,0.014556580754386319,0.18649635698204306,0.7315208289424378,0.7341426205660231,0.75567732991428,0.9010350578492656,0.9021038434266855,0.9108461665746449,0.9492285288850403,0.949790502870636,0.9543825011274112,1.0,0.0,0.0,0.0,0.0,7.246046587880417e-05,-0.5694525501125698,0.5696105028674098,0.028060358125959133
88.2,0.5694457631512446,0.569604252910063,0.5694486432876082,0.013916845571384581,2.973114277934216,0.9357166300609964,0.9386753595995182,0.9631196855133562,0.15574388339913112,0.15980759966458255,0.16030494188205457,2.848021264550315,2.973114277934216,2.9837949763670277,2.6766948687708142e-08,0.014557324209228603,0.18650193816055963,0.7315071869121464,0.7341298001439946,0.7556703980764142,0.9010294565778423,0.9020985871657177,0.9108433814354673,0.9492255784311076,0.9497877351513037,0.9543810419878013,1.0,0.0,0.0,0.0,0.0,7.103039537778577e-05,-0.5694486432876082,0.569604252910063,0.02805990044212061
88.4,0.5694419691522326,0.5695980987832082,0.5694448027973023,0.01391741693843357,2.9730828164957384,0.9357016936757997,0.9386612944094467,0.9631118653021589,0.15574514799788103,0.15980999998304782,0.16030750079199038,2.847990493916041,2.9730828164957384,2.9837620039371133,2.678234909138057e-08,0.014558055132636938,0.18650742457528244,0.7314938135511335,0.7341172327783728,0.7556636075554993,0.9010239655515397,0.9020934345895062,0.9108406530594296,0.9492226860395786,0.9497850220191614,0.9543796125843429,1.0,0.0,0.0,0.0,0.0,6.96257005993739e-05,-0.5694448027973023,0.5695980987832082,0.028059445404354906
88.60000000000001,0.5694382398178081,0.5695920392160535,0.5694410276333697,0.013917979073531438,2.9730518240888104,0.9356870522954791,0.9386475076546759,0.9631042049282282,0.15574638676941316,0.1598123528625008,0.16031000924081584,2.8479601960802676,2.9730518240888104,2.983729517362779,2.679749807221284e-08,0.014558773713008571,0.18651281766661468,0.7314807041074809,0.7341049139836779,0.7556569557684085,0.901018582823244,0.9020883838628394,0.9108379804096635,0.9492198506853398,0.9497823625083662,0.9543782123739505,1.0,0.0,0.0,0.0,0.0,6.824597511957686e-05,-0.5694410276333697,0.5695920392160535,0.02805899306505238
88.80000000000001,0.5694345741606179,0.5695860729506912,0.5694373168007321,0.013918532108262058,2.9730212947614625,0.935672700682866,0.9386339943815064,0.9630967014620735,0.15574760018623837,0.15981465914385115,0.16031246812109412,2.8479303647534557,2.9730212947614625,2.983697510595611,2.6812399132397583e-08,0.014559480136327891,0.18651811885609693,0.7314678539048335,0.7340928393459989,0.7556504401748905,0.9010133064766959,0.9020834331796874,0.9108353624664831,0.9492170713595073,0.9497797556684193,0.9543768408225343,1.0,0.0,0.0,0.0,0.0,6.689081828671617e-05,-0.5694373168007321,0.5695860729506912,0.028058543474045412
89.0,0.5694309712063255,0.5695801987420597,0.5694336693173838,0.01391907617266982,2.972991222615853,0.9356586336846817,0.9386207497157979,0.963089352023021,0.15574878871302741,0.15981691965462122,0.16031487831121774,2.847900993710298,2.972991222615853,2.98366597763937,2.682705573850209e-08,0.014560174586188745,0.18652332954659445,0.7314552583413968,0.7340810045219909,0.7556440582769293,0.9010081346260852,0.9020785807627965,0.9108327982271291,0.9492143470692151,0.9497772005639544,0.954375497404867,1.0,0.0,0.0,0.0,0.0,6.555983515511843e-05,-0.5694336693173838,0.5695801987420597,0.028058096678674878
89.2,0.5694274299934736,0.5695744153578994,0.569430084214255,0.013919611395270733,2.9729616018082936,0.935644846230395,0.9386077688618352,0.9630821537784314,0.15574995280673562,0.1598191352091329,0.1603172406755968,2.847872076789497,2.9729616018082936,2.9836349125501203,2.68414713214911e-08,0.014560857243817383,0.1865284511224928,0.7314429128889341,0.7340694052378793,0.7556378076180663,0.901003065415646,0.9020738248632871,0.9108302867054986,0.9492116768374017,0.9497746962745256,0.9543741816044422,1.0,0.0,0.0,0.0,0.0,6.425263641067491e-05,-0.569430084214255,0.5695744153578994,0.028057652723862108
89.4,0.5694239495733676,0.5695687215787107,0.5694265605350859,0.013920137903063144,2.972932426549262,0.935631333330953,0.9385950471012076,0.9630751039430027,0.15575109291671338,0.15982130660869157,0.16031955606486914,2.8478436078935534,2.972932426549262,2.9836043094363265,2.6855649276761563e-08,0.014561528288094271,0.18653348494987715,0.7314308130916513,0.7340580372884786,0.7556316857828038,0.9009980970192035,0.9020691637602573,0.910827826931906,0.9492090597025726,0.9497722418944001,0.9543728929133494,1.0,0.0,0.0,0.0,0.0,6.29688383053939e-05,-0.5694265605350859,0.5695687215787107,0.02805721165217311
89.60000000000001,0.5694205290099398,0.5695631161977067,0.5694230973363029,0.013920655821538426,2.9729036911033853,0.9356180900776345,0.9385825797917028,0.9630681997780798,0.15575220948481588,0.15982343464176846,0.16032182531608968,2.8478155809885335,2.9729036911033853,2.983574162458934,2.6869592964188987e-08,0.014562187895575908,0.18653843237671006,0.7314189545651869,0.734046896536223,0.7556256903960096,0.9009932276397664,0.9020645957603898,0.9108254179528464,0.9492064947185865,0.9497698365323516,0.95437163083215,1.0,0.0,0.0,0.0,0.0,6.170806259557515e-05,-0.5694230973363029,0.5695631161977067,0.028056773503882734
89.80000000000001,0.569417167379613,0.5695575980207644,0.569419693686881,0.013921165274692367,2.9728753897894196,0.9356051116409835,0.9385703623662132,0.963061438590896,0.155753302945524,0.1598255200841809,0.16032404925290636,2.847787990103822,2.9728753897894196,2.983544465831429,2.6883305708184247e-08,0.014562836240517803,0.1865432947330272,0.7314073329956778,0.734035978910204,0.755619819122262,0.9009884555091479,0.9020601191975631,0.9108230588307337,0.9492039809544562,0.9497674793114573,0.9543703948697406,1.0,0.0,0.0,0.0,0.0,6.0469936469548236e-05,-0.569419693686881,0.5695575980207644,0.028056338317038843
90.0,0.5694138637711789,0.5695521658663713,0.5694163486682158,0.0139216663850364,2.9728475169802095,0.9355923932696084,0.9385583903316553,0.9630548177338797,0.1557543737260545,0.15982756369927062,0.1603262286857592,2.847760829331856,2.9728475169802095,2.9835152138198837,2.6896790797760513e-08,0.014563473494896607,0.18654807333112036,0.7313959441387022,0.7340252804052254,0.7556140696652582,0.9009837788875372,0.9020557324324693,0.910820748643664,0.9492015174941237,0.9497651693688949,0.9543691845432292,1.0,0.0,0.0,0.0,0.0,5.9254092480726106e-05,-0.5694163486682158,0.5695521658663713,0.0280559061275257
90.2,0.569410617285673,0.5695468185655748,0.5694130613740032,0.013922159273608497,2.9728200671026275,0.9355799302890204,0.9385466592679035,0.9630483346040134,0.15575542224646186,0.1598295662380796,0.16032836441207307,2.847734092827874,2.9728200671026275,2.983486400742984,2.691005148661124e-08,0.014564099828431595,0.1865527694657097,0.7313847838182554,0.734014797080863,0.7556084397672582,0.9009791960630851,0.9020514338522336,0.9108184864851934,0.9491991034362423,0.9497629058557457,0.9543679993778188,1.0,0.0,0.0,0.0,0.0,5.80601684891241e-05,-0.5694130613740032,0.5695468185655748,0.028055476969122813
90.4,0.569407427036238,0.5695415549619264,0.5694098309101066,0.013922644059984684,2.9727930346375055,0.935567718100621,0.9385351648267355,0.9630419866421176,0.15575644891975254,0.1598315284395245,0.16033045721642503,2.8477077748096318,2.9727930346375055,2.9834580209720376,2.6923090993197334e-08,0.014564715408607319,0.1865573844141335,0.7313738479258631,0.7340045250605416,0.7556029272084701,0.9009747053515434,0.9020472218700396,0.910816271464093,0.9491967378939875,0.949760687936796,0.9543668389066795,1.0,0.0,0.0,0.0,0.0,5.6887807593289375e-05,-0.5694098309101066,0.5695415549619264,0.028055050873563872
90.60000000000001,0.5694042921479954,0.5695363739114212,0.5694066563944249,0.013923120862290639,2.972766414119551,0.9355557521805862,0.938523902730791,0.9630357713321555,0.15575745415199568,0.15983345103056867,0.1603325078707294,2.847681869557106,2.972766414119551,2.9834300689309607,2.693591250084308e-08,0.014565320400696054,0.1865619194365358,0.731363132419595,0.7339944605306181,0.7555975298064479,0.9009703050958662,0.902043094924759,0.9108141027041082,0.9491944199948478,0.949758514790343,0.9543657026708221,1.0,0.0,0.0,0.0,0.0,5.5736658061078526e-05,-0.5694066563944249,0.5695363739114212,0.02805462787059665
90.80000000000001,0.569401211757932,0.5695312742824413,0.5694035369567745,0.01392358979721294,2.9727402001372423,0.9355440280787074,0.9385128687725436,0.9630296862006243,0.15575843834241995,0.15983533472639247,0.16033451713443087,2.8476563714122065,2.9727402001372423,2.9834025390962595,2.6948519157842394e-08,0.014565914967779134,0.18656637577603644,0.7313526333230448,0.7339845997394769,0.7555922454155745,0.9009659936657942,0.9020390514805842,0.9108119793437514,0.9491921488804065,0.9497563856080038,0.95436459021899,1.0,0.0,0.0,0.0,0.0,5.4606373273383135e-05,-0.5694035369567745,0.5695312742824413,0.028054207988037625
91.0,0.5693981850147611,0.5695262549556946,0.5694004717387618,0.013924050980010476,2.9727143873327218,0.9355325414173956,0.9385020588132849,0.9630237288158964,0.15575940188351878,0.1598371802305613,0.1603364857546695,2.847631274778473,2.9727143873327218,2.9833754259969965,2.6960914077573234e-08,0.014566499270769,0.18657075465891157,0.7313423467244509,0.7339749389966382,0.7555870719264857,0.9009617694575,0.9020350900266665,0.9108099005360727,0.9491899237061545,0.949754299594522,0.9543635011075395,1.0,0.0,0.0,0.0,0.0,5.3496611660763804e-05,-0.5694004717387618,0.5695262549556946,0.028053791251828164
91.2,0.5693952110787948,0.5695213148241495,0.5693974598936513,0.013924504524526416,2.972688970401666,0.935521287890659,0.9384914687821216,0.9630178967875278,0.15576034516116033,0.15983898823519163,0.16033841446645045,2.8476065741207472,2.972688970401666,2.983348724214723,2.6973100338619574e-08,0.01456707346843182,0.1865750572947837,0.7313322687758016,0.7339654746718742,0.7555820072654795,0.9009576308932233,0.9020312090767609,0.9108078654484233,0.9491877436413,0.9497522559675838,0.9543624349003152,1.0,0.0,0.0,0.0,0.0,5.240703663468571e-05,-0.5693974598936513,0.5695213148241495,0.02805337768608836
91.4,0.5693922891218293,0.5695164527929711,0.5693945005862443,0.013924950543199732,2.9726639440931533,0.9355102632629715,0.9384810946749844,0.9630121877656591,0.15576126855468336,0.15984075942111578,0.16034030399283292,2.8475822639648554,2.9726639440931533,2.9833224283834228,2.698508098490245e-08,0.014567637717408932,0.18657928487679382,0.731322395691829,0.7339562031943367,0.7555770493939976,0.9009535764208635,0.9020274071688675,0.910805873262248,0.9491856078685533,0.94975025395763,0.9543613911685424,1.0,0.0,0.0,0.0,0.0,5.13373165289821e-05,-0.5693945005862443,0.5695164527929711,0.028052967313170595
91.60000000000001,0.5693894183270188,0.5695116677794559,0.5693915929927601,0.013925389147076656,2.9726393032095073,0.9354994633682701,0.9384709325536499,0.9630065994404208,0.1557621724369919,0.1598424944580438,0.16034215504509677,2.84755833889728,2.9726393032095073,2.9832965331894234,2.699685902581892e-08,0.014568192172238195,0.18658343858177126,0.7313127237491294,0.7339471210516965,0.7555721963081143,0.9009496045136208,0.902023682864887,0.9108039231728818,0.9491835155839393,0.9497482928076718,0.9543603694907196,1.0,0.0,0.0,0.0,0.0,5.0287124543760275e-05,-0.5693915929927601,0.5695116677794559,0.028052560153709685
91.80000000000001,0.5693865978887398,0.5695069587129639,0.5693887363007042,0.013925820445822643,2.9726150426061437,0.9354888841090111,0.9384609785447735,0.9630011295412592,0.1557630571746628,0.1598441940047242,0.16034396832289963,2.847534793564819,2.972615042606144,2.9832710333713055,2.7008437436387457e-08,0.014568736985376455,0.18658751957042255,0.731303249285328,0.7339382247892915,0.7555674460379529,0.9009457136696595,0.9020200347502717,0.9108020143893154,0.9491814659966196,0.9497463717731124,0.9543593694524967,1.0,0.0,0.0,0.0,0.0,4.925613867720613e-05,-0.5693887363007042,0.5695069587129639,0.028052156226673838
92.0,0.5693838270124773,0.5695023245348466,0.5693859297087449,0.013926244547734296,2.9725911571913914,0.9354783887533216,0.9384512288389365,0.9629957758363334,0.1557639231280422,0.15984585870910217,0.1603457672602139,2.847511622674233,2.9725911571913914,2.9832459237197897,2.701981915740084e-08,0.014569272307221222,0.1865915289875072,0.7312938498523626,0.733929511009287,0.755562796647168,0.9009418536051295,0.9020164614336866,0.9108001461339892,0.949179432618666,0.9497444901215647,0.9543583906465668,1.0,0.0,0.0,0.0,0.0,4.824404166506313e-05,-0.5693859297087449,0.5695023245348466,0.02805175554941506
92.2,0.569381104914708,0.5694977641983787,0.5693831724265994,0.013926661559750864,2.9725676419263176,0.9354680421419048,0.9384416796897033,0.962990536131971,0.1557647706513323,0.15984748920847666,0.16034754074179897,2.8474888209918934,2.9725676419263176,2.9832211990776165,2.7031007095586217e-08,0.014569798286131494,0.18659546796200072,0.7312845835239389,0.7339209763698451,0.7555582462324749,0.9009380481702517,0.9020129615466721,0.910798317642604,0.9491774280138764,0.9497426471326761,0.9543574326725676,1.0,0.0,0.0,0.0,0.0,4.725052092814652e-05,-0.5693831724265994,0.5694977641983787,0.028051358137716118
92.4,0.5693784308227642,0.5694932766686874,0.5693804636749068,0.013927071587466094,2.972544491824525,0.9354579080952313,0.9384323274126911,0.9629854082720363,0.15576560009269227,0.1598490861296544,0.1603492778263303,2.847466383343437,2.972544491824525,2.9831968543394187,2.704200412377156e-08,0.014570315068449703,0.186599337607276,0.7312755074626724,0.7339126175843028,0.7555537929231062,0.9009343208418725,0.9020095337433095,0.9107965281639049,0.9491754645494679,0.9497408420979533,0.9543564951369671,1.0,0.0,0.0,0.0,0.0,4.62752685100043e-05,-0.5693804636749068,0.5694932766686874,0.028050964005836263
92.60000000000001,0.5693758039747182,0.569488860922675,0.5693778026851012,0.013927474735140458,2.9725217019519614,0.9354479827131081,0.9384231683846517,0.9629803901373161,0.1557664117943365,0.15985065008910357,0.16035097917999722,2.847444304613375,2.9725217019519614,2.9831728844515686,2.705281308105827e-08,0.014570822798523626,0.1866031390212839,0.731266618181954,0.7339044314203648,0.7555494348802785,0.9009306701900437,0.9020061766998937,0.910794776959467,0.9491735414724323,0.9497390743205887,0.954355577652953,1.0,0.0,0.0,0.0,0.0,4.531798101198303e-05,-0.5693778026851012,0.569488860922675,0.02805057316656005
92.80000000000001,0.5693732236192697,0.5694845159489468,0.5693751886993008,0.013927871105712765,2.9724992674266972,0.9354382621599332,0.938414199042565,0.9629754796450058,0.15576720609261666,0.15985218169310428,0.160352645458022,2.847422579744734,2.9724992674266972,2.9831492844120313,2.7063436772999653e-08,0.014571321618726948,0.18660687328671308,0.7312579122527355,0.7338964146993011,0.7555451702967521,0.9009270948083706,0.9020028891146081,0.9107930633035193,0.9491716580421574,0.9497373431152911,0.9543546798403396,1.0,0.0,0.0,0.0,0.0,4.437835954380909e-05,-0.5693751886993008,0.5694845159489468,0.02805018563124147
93.0,0.5693706890156186,0.5694802407477367,0.569372620970187,0.013928260800811878,2.972477183418709,0.9354287426637721,0.9384054158827416,0.962970674748134,0.15576798331811365,0.1598536815378979,0.160354277304814,2.8474012037386838,2.972477183418709,2.98312604927019,2.7073877971785143e-08,0.014571811669480449,0.18661054147116127,0.7312493863027157,0.7338885642951588,0.7555409973963333,0.9009235933136814,0.9019996697072019,0.9107913864827467,0.9491698135302534,0.9497356478081153,0.9543538013254642,1.0,0.0,0.0,0.0,0.0,4.345610966574598e-05,-0.569372620970187,0.5694802407477367,0.02804980140984464
93.2,0.569368199433338,0.5694760343308285,0.569370098760878,0.013928643920769007,2.9724554451496537,0.9354194205154035,0.9383968154599428,0.9629659734349477,0.1557687437957361,0.15985515020983457,0.1603558753541294,2.8473801716541423,2.9724554451496537,2.983103174126674,2.7084139416430587e-08,0.014572293089273913,0.1866141446273172,0.7312410370154966,0.7338808771339792,0.7555369144333424,0.9009201643456826,0.9019965172186758,0.9107897457960754,0.949168007220372,0.9497339877362978,0.9543529417410752,1.0,0.0,0.0,0.0,0.0,4.25509413245484e-05,-0.569370098760878,0.5694760343308285,0.028049420510989857
93.4,0.5693657541522733,0.569471895721477,0.5693676213448148,0.013929020564629541,2.9724340478926234,0.9354102920673701,0.9383883943865039,0.9629613737284052,0.15576948784480132,0.1598565882855185,0.16035744022923012,2.8473594786073853,2.9724340478926234,2.9830806541331736,2.7094223812973123e-08,0.014572766014686671,0.18661768379312177,0.7312328611297421,0.7338733501930311,0.755532919692181,0.900916806566618,0.9019934304109659,0.9107881405545012,0.9491662384080267,0.9497323622480898,0.9543521007262419,1.0,0.0,0.0,0.0,0.0,4.166256880147601e-05,-0.5693676213448148,0.569471895721477,0.02804904294199626
93.60000000000001,0.5693633524624171,0.5694678239543342,0.5693651880056497,0.013929390830164638,2.9724129869719063,0.9354013537330793,0.9383801493314762,0.9629568736856591,0.155770215779118,0.15985799633195202,0.16035897254303433,2.8473391197716706,2.9724129869719063,2.983058484492241,2.710413383467033e-08,0.01457323058040806,0.1866211599919289,0.7312248554383816,0.7338659805000467,0.7555290114868772,0.900913518660944,0.9019904080666374,0.9107865700809066,0.9491645064004227,0.9497307707025964,0.9543512779262591,1.0,0.0,0.0,0.0,0.0,4.079071066082074e-05,-0.5693651880056497,0.5694678239543342,0.028048668708917916
93.80000000000001,0.5693609936637833,0.569463818075365,0.5693627980371208,0.013929754813883442,2.9723922577627278,0.9353926019858926,0.9383720770197744,0.9629524713974613,0.15577092790708158,0.15985937490667745,0.16036047289826894,2.8473190903768244,2.972392257762728,2.9830366604570857,2.711387212220569e-08,0.014573686919259017,0.18662457423268466,0.7312170167878069,0.7338587651324722,0.7555251881605801,0.9009102993350024,0.9019874489885761,0.9107850337098586,0.9491628105162845,0.9497292124696147,0.9543504729925407,1.0,0.0,0.0,0.0,0.0,3.993508968824777e-05,-0.5693627980371208,0.569463818075365,0.02804829781658734
94.0,0.5693586770663039,0.5694598771417673,0.569360450742935,0.01393011261104516,2.972371855690993,0.93538403335822,0.9383641742313392,0.9629481649876446,0.15577162453175725,0.1598607245579172,0.16036194188762162,2.8472993857088364,2.972371855690993,2.983015177331361,2.7123441283898447e-08,0.014574135162212764,0.1866279275100928,0.7312093420770698,0.7338517012167263,0.7555214480851068,0.9009071473166941,0.90198455199969,0.9107835307874282,0.9491611500856846,0.9497276869294784,0.9543496855825259,1.0,0.0,0.0,0.0,0.0,3.909543283481254e-05,-0.569360450742935,0.5694598771417673,0.0280479302686551
94.2,0.5693564019897127,0.5694560002218941,0.5693581454366635,0.013930464315670512,2.9723517762330203,0.9353756444406429,0.9383564378003073,0.9629439526126542,0.1557723059509547,0.15986204582471242,0.16036338009388773,2.8472800011094703,2.9723517762330207,2.9829940304689413,2.7132843895915392e-08,0.014574575438414608,0.18663122080476638,0.7312018282571029,0.7338447859274659,0.7555177896605396,0.9009040613551615,0.9019817159426081,0.9107820606710277,0.9491595244498766,0.9497261934728967,0.9543489153595934,1.0,0.0,0.0,0.0,0.0,3.8271471171316684e-05,-0.5693581454366635,0.5694560002218941,0.028047566067624003
94.4,0.5693541677634223,0.5694521863951686,0.5693558814416197,0.013930810020553776,2.9723320149152648,0.9353674318810402,0.9383488646141949,0.9629398324609911,0.1557729724573176,0.15986333923705956,0.16036478809011703,2.847260931975843,2.9723320149152648,2.9829732152736947,2.7142082502488742e-08,0.01457500787520293,0.18663445508340037,0.7311944723299493,0.7338380164868662,0.7555142113147459,0.900901040220475,0.9019789396793895,0.9107806227292198,0.94915793296113,0.9497247315008029,0.9543481619929624,1.0,0.0,0.0,0.0,0.0,3.746293982918869e-05,-0.5693558814416197,0.5694521863951686,0.028047205214889348
94.60000000000001,0.5693519737264129,0.5694484347520022,0.5693536580907416,0.013931149817274996,2.9723125673140376,0.9353593923837217,0.9383414516130908,0.9629358027526832,0.1557736243384082,0.15986460531604574,0.16036616643975926,2.8472421737600113,2.9723125673140376,2.982952727199237,2.7151159616138536e-08,0.014575432598129996,0.18663763129894057,0.7311872713479909,0.7338313901639044,0.7555107115029184,0.9008980827033181,0.9019762220912305,0.9107792163415326,0.9491563749825653,0.9497233004242014,0.9543474251575942,1.0,0.0,0.0,0.0,0.0,3.666957794364045e-05,-0.5693536580907416,0.5694484347520022,0.02804684771077328
94.80000000000001,0.5693498192271297,0.5694447443937113,0.5693514747264876,0.013931483796211503,2.9722934290552208,0.9353515227085876,0.9383341957888593,0.9629318617388408,0.15577426187677842,0.15986584457398162,0.16036751569680513,2.847223721968556,2.972293429055221,2.982932561748696,2.716007771789645e-08,0.014575849730981404,0.1866407503907319,0.7311802224132068,0.733824904273658,0.7555072887071952,0.9008951876146855,0.901973562078179,0.9107778408983079,0.9491548498879947,0.9497218996640161,0.9543467045341147,1.0,0.0,0.0,0.0,0.0,3.5891128608356304e-05,-0.5693514747264876,0.5694447443937113,0.02804649355456223
95.0,0.5693477036233608,0.5694411144324335,0.5693493307007231,0.013931812046549665,2.972274595813974,0.9353438196702765,0.9383270941843558,0.9629280077011532,0.15577488535005082,0.1598670575145334,0.16036883640592972,2.8472055721621676,2.972274595813974,2.982912714474452,2.7168839257533523e-08,0.01457625939579628,0.18664381328468113,0.7311733226764178,0.7338185561766061,0.7555039414362222,0.9008923537855755,0.9019709585588518,0.9107764958005263,0.9491533570617602,0.9497205286509423,0.9543459998087214,1.0,0.0,0.0,0.0,0.0,3.5127338822577014e-05,-0.5693493307007231,0.5694411144324335,0.02804614274453874
95.2,0.5693456262821245,0.5694375439910447,0.5693472253746023,0.013932134656297057,2.972256063314436,0.9353362801373343,0.9383201438926492,0.9629242389513589,0.15577549503100324,0.15986824463285249,0.16037012910263213,2.8471877199552234,2.972256063314436,2.9828931809778787,2.717744665379294e-08,0.014576661712887927,0.18664682089342527,0.7311665693365444,0.7338123432779461,0.7555006682246931,0.9008895800666868,0.9019684104701543,0.9107751804596218,0.9491518958985753,0.9497191868252992,0.9543453106730867,1.0,0.0,0.0,0.0,0.0,3.437795943361799e-05,-0.5693472253746023,0.5694375439910447,0.028045795278015442
95.4,0.5693435865795666,0.5694340322030701,0.5693451581184628,0.013932451712294108,2.972237827329425,0.9353289010314215,0.9383133420562577,0.9629205538308063,0.15577609118763946,0.15986940641570418,0.1603713943133688,2.8471701610153506,2.972237827329425,2.9828739569090823,2.718590229462411e-08,0.014577056800863216,0.18664977411648168,0.7311599596399128,0.7338062630269138,0.7554974676329762,0.9008868653281361,0.9019659167670048,0.9107738942973336,0.9491504658033751,0.9497178736368859,0.954344636824281,1.0,0.0,0.0,0.0,0.0,3.364274509054521e-05,-0.5693451581184628,0.5694340322030701,0.028045451151371227
95.60000000000001,0.5693415839008512,0.5694305782126039,0.56934312831172,0.013932763300225626,2.972219883680125,0.9353216793264846,0.9383066858663945,0.9629169507100004,0.1557766740832618,0.1598705433415938,0.16037263255569295,2.8471528910630193,2.972219883680125,2.9828550379666225,2.7194208537418558e-08,0.014577444776641973,0.18665267384039996,0.7311534908795116,0.733800312916117,0.755494338246715,0.9008842084591547,0.9019634764220628,0.9107726367455454,0.9491490661911579,0.949716588544837,0.9543439779646874,1.0,0.0,0.0,0.0,0.0,3.2921454195852795e-05,-0.56934312831172,0.5694305782126039,0.02804511036007801
95.80000000000001,0.5693396176400407,0.5694271811742196,0.5693411353427507,0.013933069504632814,2.9722022282357803,0.9353146120479393,0.9383001725622209,0.9629134279880919,0.15577724397655301,0.15987165588089228,0.1603738443383923,2.847135905871098,2.9722022282357807,2.9828364198972412,2.7202367709251152e-08,0.014577825755477267,0.1866555209389276,0.7311471603942705,0.7337944904808729,0.7554912786763912,0.9008816083677943,0.9019610884254592,0.9107714072461105,0.9491476964868296,0.9497153310174824,0.9543433338019114,1.0,0.0,0.0,0.0,0.0,3.2213848851492255e-05,-0.5693411353427507,0.5694271811742196,0.028044772898736296
96.0,0.5693376872000006,0.5694238402528854,0.5693391786087861,0.013933370408924992,2.972184856913371,0.9353076752691579,0.938293799430112,0.9629099840924289,0.15577780112164838,0.15987274449595895,0.16037503376290993,2.847119201264427,2.972184856913371,2.982818098495571,2.721038210712291e-08,0.014578199850974754,0.18665831627316248,0.7311409467550394,0.7337887932985596,0.7554882875569364,0.9008790562534658,0.9019587517845318,0.9107702052506965,0.9491463520544402,0.9497141005322068,0.9543427040486983,1.0,0.0,0.0,0.0,0.0,3.151969480788552e-05,-0.5693391786087861,0.5694238402528854,0.02804443876110303
96.2,0.5693357919922891,0.569420554623878,0.5693372575158124,0.013933666095390972,2.972167765677295,0.9353007847643671,0.9382875638029315,0.9629066174781468,0.1557783457682014,0.15987380964126408,0.16037621527045967,2.84710277311939,2.972167765677295,2.9828000696038544,2.7218253998203834e-08,0.014578567175111462,0.18666106069169638,0.7311347745181919,0.7337832189879719,0.7554853635473762,0.9008765211299298,0.9019564655235632,0.9107690302206419,0.9491450165707719,0.9497128965753132,0.9543420884228592,1.0,0.0,0.0,0.0,0.0,3.0838761422222194e-05,-0.5693372575158124,0.569420554623878,0.028044107940122666
96.4,0.5693339314370476,0.569417323472695,0.5693353714784576,0.013933956645210802,2.972150950539047,0.9352940425638323,0.9382814630593159,0.9629033266276867,0.1557788781614611,0.15987485176350844,0.1603773713652867,2.847086617363475,2.972150950539047,2.9827823291116453,2.722598562008016e-08,0.014578927838255425,0.18666375503077484,0.7311287350803335,0.7337777652086862,0.7554825053304138,0.900874040537125,0.9019542286835217,0.9107678816267906,0.9491437098116563,0.9497117186418855,0.954341486647184,1.0,0.0,0.0,0.0,0.0,3.0170821605682296e-05,-0.5693353714784576,0.569417323472695,0.028043780427955196
96.60000000000001,0.5693321049628959,0.5694141459949678,0.5693335199198845,0.013934242138467539,2.9721344075568816,0.9352874458459712,0.938275494622968,0.9629001100503426,0.15577939854234482,0.15987587130174247,0.1603785025301226,2.847070729974839,2.9721344075568816,2.9827648729555105,2.723357918100439e-08,0.014579281949185008,0.18666640011445082,0.7311228259169612,0.733772429660437,0.7554797116120402,0.900871613439049,0.9019520403218073,0.9107667589493339,0.9491424312314519,0.9497105662356558,0.9543408984493584,1.0,0.0,0.0,0.0,0.0,2.9515651772310525e-05,-0.5693335199198845,0.5694141459949678,0.028043456216005496
96.80000000000001,0.5693303120068346,0.5694110213963745,0.5693317022716924,0.013934522654158545,2.9721181328354844,0.9352809918376302,0.9382696559619605,0.9628969662818736,0.15577990714750029,0.15987686868748302,0.16037960923944533,2.8470551069818724,2.972118132835485,2.982747697118726,2.7241036860144296e-08,0.01457962961510727,0.18666899675472504,0.7311170445468097,0.733767210082497,0.7554769811211963,0.900869238817417,0.9019498995119984,0.910765661677677,0.9491411802938454,0.9497094388688708,0.9543403235618946,1.0,0.0,0.0,0.0,0.0,2.887303179797962e-05,-0.5693317022716924,0.5694110213963745,0.02804313529494978
97.0,0.5693285520141363,0.5694079488925529,0.5693299179738125,0.013934798270206928,2.972102122525641,0.9352746778132338,0.9382639445880492,0.9628938938840622,0.1557804042093768,0.15987784434482913,0.1603806919596231,2.8470397444627644,2.972102122525641,2.982730797630971,2.7248360807834277e-08,0.014579970941676849,0.18667154575169628,0.7311113885311039,0.7337621042530694,0.7554743126093936,0.9008669156713563,0.9019478053436059,0.9107645893102856,0.949139956471691,0.9497083360621625,0.9543397617220499,1.0,0.0,0.0,0.0,0.0,2.8242744972872824e-05,-0.5693299179738125,0.5694079488925529,0.02804281765476273
97.2,0.5693268244382385,0.5694049277090116,0.5693281664743992,0.01393506906347322,2.9720863728238895,0.9352685010941458,0.9382583580559951,0.9628908914442648,0.15578088995629727,0.159878798690576,0.16038175114902187,2.847024638545058,2.97208637282389,2.982714170568016,2.725555314583088e-08,0.014580306033015075,0.18667404789371536,0.7311058554729877,0.7337571099886859,0.7554717048503212,0.9008646430171742,0.9019457569218245,0.9107635413545292,0.9491387592468878,0.9497072573444184,0.954339212671746,1.0,0.0,0.0,0.0,0.0,2.7624577949331153e-05,-0.5693281664743992,0.5694049277090116,0.028042503284744624
97.4,0.5693251287406524,0.5694019570810428,0.5693264472297335,0.013935335109766644,2.972070879972184,0.9352624590479963,0.9382528939628948,0.9628879575750324,0.15578136461251915,0.1598797321343276,0.16038278725811897,2.8470097854052137,2.972070879972184,2.9826978120514016,2.7262615967567106e-08,0.014580634991728054,0.18667650395752358,0.7311004430169247,0.7337522251436139,0.7554691566395216,0.9008624198881117,0.9019437533672945,0.9107625173265504,0.9491375881102513,0.9497062022526537,0.9543386761574998,1.0,0.0,0.0,0.0,0.0,2.701832070131638e-05,-0.5693264472297335,0.5694019570810428,0.028042192173545515
97.60000000000001,0.5693234643908573,0.5693990362536349,0.5693247597041228,0.013935596483856345,2.9720556402575515,0.9352565490878164,0.938247549947523,0.9628850909137081,0.15578182839829918,0.15988064507860758,0.1603838007296495,2.846995181268174,2.9720556402575515,2.982681718248129,2.7269551338406545e-08,0.01458095791892492,0.1866789147083961,0.7310951488479323,0.7337474476092707,0.7554666667940402,0.9008602453340327,0.9019417938158604,0.9107615167511253,0.9491364425613483,0.9497051703318873,0.9543381519303502,1.0,0.0,0.0,0.0,0.0,2.642376648005762e-05,-0.5693247597041228,0.5693990362536349,0.028041884309190687
97.80000000000001,0.5693218308661964,0.5693961644813833,0.5693231033697965,0.013935853259482782,2.972040650011741,0.9352507686713812,0.9382423236896792,0.9628822901219912,0.15578228152996346,0.15988153791896897,0.16038479199871736,2.846980822406916,2.972040650011741,2.98266588537033,2.7276361295902524e-08,0.014581274914236423,0.18668128090029074,0.7310899706909956,0.7337427753136474,0.7554642341520504,0.9008581184211827,0.9019398774183363,0.9107605391615125,0.9491353221083716,0.9497041611350172,0.9543376397457796,1.0,0.0,0.0,0.0,0.0,2.584071176520153e-05,-0.5693231033697965,0.5693961644813833,0.028041579679105488
98.0,0.5693202276517831,0.5693933410284032,0.5693214777068084,0.013936105509369036,2.9720259056108773,0.9352451153006444,0.9382372129095485,0.9628795538855613,0.15578272421996778,0.15988241104410228,0.16038576149289047,2.846966705142016,2.9720259056108773,2.982650309674942,2.728304785005658e-08,0.01458158607583291,0.1866836032759879,0.7310849063105649,0.7337382062207385,0.7554618575725232,0.9008560382319847,0.9019380033402743,0.9107595840993205,0.9491342262680317,0.949703174222698,0.954337139363644,1.0,0.0,0.0,0.0,0.0,2.526895622148584e-05,-0.5693214777068084,0.5693933410284032,0.028041278270138078
98.2,0.569318654240405,0.5693905651682416,0.569319882202941,0.013936353305231793,2.972011403475111,0.9352395865209041,0.9382322153670682,0.962876880913703,0.15578315667695797,0.159883264835942,0.16038670963234217,2.846952825841208,2.972011403475111,2.982634987463381,2.7289612983574943e-08,0.014581891500441965,0.18668588256722699,0.7310799535098162,0.7337337383299803,0.7554595359349082,0.9008540038647368,0.9019361707617347,0.9107586511143809,0.9491331545653978,0.9497022091632209,0.9543366505481067,1.0,0.0,0.0,0.0,0.0,2.4708302658410508e-05,-0.569319882202941,0.5693905651682416,0.028040980068582435
98.4,0.5693171101324193,0.5693878361837884,0.5693183163536045,0.01393659671779256,2.9719971400682583,0.9352341799200853,0.9382273288613023,0.9628742699388968,0.15578357910583576,0.159884099669772,0.1603876368299727,2.846939180918942,2.9719971400682583,2.982619915081208,2.7296058652129148e-08,0.014582191283366496,0.1866881194948507,0.7310751101300066,0.7337293696756968,0.7554572681387762,0.9008520144333484,0.9019343788770585,0.9107577397646042,0.9491321065337596,0.9497012655323944,0.9543361730675629,1.0,0.0,0.0,0.0,0.0,2.4158556983400192e-05,-0.5693183163536045,0.5693878361837884,0.028040685060201624
98.60000000000001,0.5693155948356606,0.5693851533671889,0.5693167796617401,0.013936835816788742,2.971983111897458,0.9352288931282581,0.9382225512298278,0.9628717197164447,0.15578399170781895,0.15988491591432916,0.16038854349149034,2.8469257668359442,2.971983111897458,2.9826050889177984,2.7302386784618047e-08,0.014582485518502322,0.18669031476894257,0.7310703740500539,0.7337250983265534,0.7554550531034958,0.9008500690671692,0.9019326268946473,0.91075684961585,0.9491310817145361,0.9497003429134268,0.9543357066945716,1.0,0.0,0.0,0.0,0.0,2.3619528158574932e-05,-0.5693167796617401,0.5693851533671889,0.02804039323024987
98.80000000000001,0.5693141078653481,0.5693825160197564,0.5693152716377278,0.013937070670984557,2.971969315512803,0.935223723816896,0.9382178803481265,0.9628692290241153,0.1557843946804984,0.15988571393190615,0.16038943001553704,2.846912580098782,2.9719693155128035,2.9825905054060007,2.7308599283425686e-08,0.014582774298355495,0.18669246908896034,0.731065743185872,0.7337209223850175,0.755452889767927,0.9008481669107169,0.9019309140367403,0.9107559802418047,0.9491300796571338,0.9496994408968115,0.9543352512057918,1.0,0.0,0.0,0.0,0.0,2.3091028162086635e-05,-0.5693152716377278,0.5693825160197564,0.028040104563491864
99.0,0.5693126487439846,0.5693799234518833,0.5693137917992879,0.013937301348181995,2.971955747506991,0.9352186696980738,0.9382133141289871,0.9628667966617587,0.15578478821790015,0.1598864940784517,0.16039029679382474,2.846899617259416,2.9719557475069913,2.9825761610217976,2.7314698024681865e-08,0.014583057714059766,0.18669458314387447,0.7310612154896562,0.7337168399868271,0.7554507770900846,0.9008463071233852,0.9019292395391995,0.9107551312238462,0.9491290999187922,0.9496985590802114,0.9543348063819114,1.0,0.0,0.0,0.0,0.0,2.257287194327995e-05,-0.5693137917992879,0.5693799234518833,0.02803981904422551
99.2,0.5693112170012687,0.5693773749829537,0.5693123396713877,0.013937527915231718,2.9719424045149614,0.9352137285240261,0.9382088505219147,0.9628644214509449,0.15578517251054338,0.15988725670367107,0.1603911442112095,2.846886874914768,2.9719424045149614,2.982562052283971,2.7320684858526e-08,0.014583335855393809,0.1866966576123032,0.7310567889494946,0.7337128493004659,0.7554487140468308,0.900844488879285,0.9019276026512938,0.9107543021509208,0.9491281420645001,0.9496976970683472,0.9543343720075828,1.0,0.0,0.0,0.0,0.0,2.2064877381169912e-05,-0.5693123396713877,0.5693773749829537,0.02803953665630193
99.4,0.569309812173999,0.5693748699412565,0.5693109147861504,0.013937750438043817,2.971929283213535,0.9352088980865401,0.9382044875125481,0.9628621022346217,0.1557855477454957,0.15988800215112373,0.16039197264579455,2.8468743497062827,2.9719292832135356,2.982548175753752,2.7326561609367254e-08,0.01458360881079814,0.18669869316264215,0.7310524615888223,0.733708948526647,0.755446699633571,0.9008427113670217,0.9019260026354886,0.910753492619421,0.9491272056668792,0.9496968544728861,0.9543339478713588,1.0,0.0,0.0,0.0,0.0,2.15668652459311e-05,-0.5693109147861504,0.5693748699412565,0.02803925738314365
99.60000000000001,0.5693084338059816,0.5693724076638967,0.5693095166827605,0.013937968981598534,2.9719163803210558,0.9352041762160959,0.9382002231220887,0.9628598378767466,0.1557859141064321,0.15988873075832058,0.16039278246907634,2.8468620383194834,2.971916380321056,2.9825345280344795,2.7332330076143215e-08,0.014583876667392097,0.1867006904531993,0.7310482314656606,0.7337051358978016,0.7554447328639432,0.9008409737893832,0.9019244387672387,0.910752702233061,0.949126290306019,0.9496960309123321,0.9543335337656279,1.0,0.0,0.0,0.0,0.0,2.1078659156126278e-05,-0.5693095166827605,0.5693724076638967,0.028038981207765868
99.80000000000001,0.5693070814479407,0.5693699874967088,0.5693081449073726,0.013938183609956975,2.9719036925970266,0.9351995490722192,0.93819605540673,0.9628576272619455,0.15578627177369025,0.1598894428568194,0.16039357605423363,2.8468499374835434,2.9719036925970266,2.9825211057712546,2.7337992032583737e-08,0.01458413951099056,0.1867026501323249,0.7310440861823578,0.7337014096775781,0.7554428127695181,0.9008392710543074,0.9019229103347806,0.9107519306027567,0.9491253932994638,0.9496952260119184,0.9543331294865508,1.0,0.0,0.0,0.0,0.0,2.0600085539335122e-05,-0.5693081449073726,0.5693699874967088,0.028038708112793652
100.0,0.5693057546574306,0.5693676087941703,0.5693067990130233,0.01393839438627164,2.9718912168417444,0.9351949606641605,0.9381919824571036,0.9628554692951846,0.15578662092432294,0.15989013877231917,0.1603943630037018,2.846838043970851,2.9718912168417444,2.9825079056505923,2.734354922747282e-08,0.01458439742612045,0.18670457283853809,0.7310399755798498,0.7336977681603437,0.7554409383995131,0.9008375825585125,0.9019214166389319,0.9107511773465102,0.9491245037933723,0.9496944394035005,0.9543327348340004,1.0,0.0,0.0,0.0,0.0,2.0130973593698864e-05,-0.5693067990130233,0.5693676087941703,0.02803843808047989
100.2,0.5693044529987394,0.5693652709193132,0.5693054785595384,0.01393860137279702,2.9718789498959435,0.9351904761789029,0.9381880023977276,0.9628533629014143,0.15578696173215564,0.15989081882475306,0.16039513213702236,2.846826354596566,2.9718789498959435,2.9824949244000734,2.73490033849062e-08,0.014584650496037375,0.18670645920065937,0.7310359580579683,0.733694209670697,0.7554391088204888,0.9008359322909583,0.9019199569928898,0.9107504420892893,0.9491236344252598,0.9496936707254507,0.9543323496114982,1.0,0.0,0.0,0.0,0.0,1.9671155248215944e-05,-0.5693054785595384,0.5693652709193132,0.028038171092724863
100.4,0.5693031760428066,0.5693629732436394,0.5693041831134449,0.013938804630900043,2.971866888640424,0.9351860935654868,0.9381841133864649,0.9628513070252421,0.15578729436783909,0.1598914833283802,0.1603958838054473,2.846814866218197,2.971866888640424,2.982482158787991,2.735435620455238e-08,0.014584898802741797,0.18670830983793585,0.7310320317807039,0.7336907325629859,0.7554373231160623,0.9008343194978877,0.9019185307220359,0.9107497244629111,0.9491227847980984,0.9496929196225553,0.954331973626154,1.0,0.0,0.0,0.0,0.0,1.9220465122288255e-05,-0.5693041831134449,0.5693629732436394,0.028037907131090747
100.60000000000001,0.5693019233671369,0.569360715147033,0.5693029122478863,0.013939004221070347,2.9718550299956945,0.9351818108094729,0.9381803136139875,0.9628493006306306,0.15578761899889793,0.1598921325918759,0.16039661835398966,2.846803575735165,2.9718550299956945,2.982469605623007,2.7359609361915532e-08,0.014585142426994985,0.18671012536016227,0.7310281949446961,0.7336873352208312,0.7554355803866466,0.9008327434389349,0.9019171371637414,0.9107490241059386,0.9491219545219126,0.9496921857459115,0.9543316066886111,1.0,0.0,0.0,0.0,0.0,1.8778740491692814e-05,-0.5693029122478863,0.569360715147033,0.02803764617682069
100.80000000000001,0.5693006945557062,0.5693584960176744,0.5693016655425316,0.013939200202930735,2.9718433709216012,0.9351776259320953,0.9381766013032505,0.9628473427005452,0.15578793578978745,0.15989276691842075,0.1603973361215677,2.846792480088372,2.9718433709216012,2.9824572617537926,2.7364764508592256e-08,0.014585381448335379,0.18671190636781196,0.73102444577848,0.7336840160566588,0.7554338797491436,0.9008312033868164,0.9019157756671742,0.9107483406635566,0.9491211432136155,0.9496914687528282,0.9543312486129818,1.0,0.0,0.0,0.0,0.0,1.8345821247656158e-05,-0.5693016655425316,0.5693584960176744,0.0280373882108536
101.0,0.5692994891988804,0.5693563152519546,0.5693004425834882,0.013939392635247435,2.9718319084169753,0.9351735369897015,0.9381729747089729,0.9628454322366383,0.15578824490194448,0.15989338660578895,0.16039803744109993,2.8467815762597732,2.9718319084169753,2.9824451240686796,2.7369823272529115e-08,0.01458561594509435,0.18671365345215965,0.7310207825419849,0.7336807735112366,0.7554322203366729,0.9008296986271258,0.9019144455931117,0.9107476737874637,0.9491203504969021,0.9496907683067246,0.9543308992167907,1.0,0.0,0.0,0.0,0.0,1.7921549858676555e-05,-0.5693004425834882,0.5693563152519546,0.028037133213840642
101.2,0.5692983068933358,0.56935417225439,0.569299242963223,0.013939581575940063,2.971820639519252,0.9351695420734657,0.9381694321171239,0.9628435682589749,0.15578854649383156,0.15989399194643447,0.1603987226395534,2.84677086127195,2.971820639519252,2.982433189495312,2.7374787258284357e-08,0.014585845994411458,0.18671536719539567,0.7310172035262824,0.7336776060532205,0.755430601298335,0.9008282284582312,0.9019131463137547,0.910747023135777,0.9491195760021947,0.9496900840770333,0.9543305583209246,1.0,0.0,0.0,0.0,0.0,1.7505771337883447e-05,-0.569299242963223,0.56935417225439,0.02803688116616153
101.4,0.5692971472419638,0.5693520664375377,0.5692980662804736,0.013939767082091823,2.9718095613041213,0.9351656393086226,0.9381659718444197,0.9628417498056959,0.15578884072099117,0.15989458322757688,0.16039939203807413,2.846760332187688,2.9718095613041218,2.9824214550002828,2.7379658047284328e-08,0.01458607167225042,0.18671704817075194,0.7310137070529004,0.7336745121787032,0.755429021798913,0.9008267921909942,0.9019118772125421,0.9107463883729121,0.9491188193664944,0.9496894157391039,0.9543302257495697,1.0,0.0,0.0,0.0,0.0,1.709833320491516e-05,-0.5692980662804736,0.5693520664375377,0.028036632047936213
101.60000000000001,0.5692960098537908,0.5693499972219086,0.5692969121401603,0.013939949209959732,2.971798670885158,0.93516182685377,0.9381625922378249,0.9628399759326908,0.15578912773609851,0.15989516073128532,0.16040004595210589,2.846749986109543,2.9717986708851583,2.982409917588787,2.7384437198076976e-08,0.014586293053414778,0.18671869694262808,0.7310102914732027,0.7336714904107728,0.7554274810185977,0.9008253891485158,0.9019106376839718,0.9107457691694731,0.9491180802332488,0.9496887629741081,0.9543299013301544,1.0,0.0,0.0,0.0,0.0,1.66990854456317e-05,-0.5692969121401603,0.5693499972219086,0.028036385839043755
101.80000000000001,0.5692948943439083,0.5693479640358851,0.5692957801533123,0.013940128014984246,2.971787965413458,0.9351581029006528,0.9381592916740626,0.9628382457133579,0.15578940768900013,0.15989572473456168,0.1604006846914263,2.846739820179425,2.971787965413458,2.9823985743042707,2.7389126246590917e-08,0.014586510211562338,0.1867203140666967,0.7310069551681969,0.7336685392990764,0.7554259781527742,0.9008240186660585,0.9019094271334206,0.9107451652021672,0.9491173582523093,0.949688125468944,0.9543295848933039,1.0,0.0,0.0,0.0,0.0,1.6307880482527293e-05,-0.5692957801533123,0.5693479640358851,0.02803614251913474
102.0,0.5692938003333766,0.5693459663156374,0.5692946699369844,0.013940303551799097,2.9717774420772765,0.9351544656735665,0.9381560685591315,0.9628365582382982,0.1557896807267632,0.15989627550942254,0.16040130856024842,2.846729831578187,2.971777442077277,2.9823874222280686,2.7393726706391407e-08,0.014586723219220535,0.18672190009002224,0.7310036965480015,0.7336656574193892,0.7554245124117576,0.9008226800908273,0.9019082449769701,0.910744576153698,0.9491166530798173,0.9496875029161451,0.9543292762727847,1.0,0.0,0.0,0.0,0.0,1.5924573140729814e-05,-0.5692946699369844,0.5693459663156374,0.028035902067642192
102.2,0.5692927274491427,0.5693440035050377,0.5692935811141663,0.013940475874241487,2.971767098101668,0.9351509134285266,0.9381529213278269,0.9628349126149639,0.1557899469937322,0.15989681332297984,0.16040191785736246,2.8467200175251883,2.971767098101668,2.9823764584790577,2.7398240068929657e-08,0.01458693214780215,0.18672345555119094,0.7310005140511049,0.7336628433731904,0.7554230830204881,0.9008213727816665,0.9019070906412319,0.9107440017126436,0.9491159643780437,0.94968689501379,0.9543289753054413,1.0,0.0,0.0,0.0,0.0,1.5549020604632702e-05,-0.5692935811141663,0.5693440035050377,0.02803566446379968
102.4,0.5692916753239745,0.5693420750555765,0.5692925133137114,0.013940645035361528,2.971756930748118,0.9351474444530297,0.9381498484432754,0.9628333079674373,0.15579020663156468,0.15989733843752038,0.16040251287617582,2.8467103752778824,2.971756930748118,2.9823656802133,2.7402667803797478e-08,0.014587137067619204,0.18672498098041226,0.7309974061441536,0.7336600957872461,0.7554216892183416,0.9008200961089731,0.9019059635631773,0.9107434415733807,0.9491152918153438,0.949686301465409,0.9543286818311548,1.0,0.0,0.0,0.0,0.0,1.5181082389362222e-05,-0.5692925133137114,0.5693420750555765,0.02803542968665299
102.60000000000001,0.5692906435963789,0.5693401804262844,0.5692914661702624,0.013940811087431587,2.9717469373141907,0.935144057065674,0.938146848396469,0.9628317434361784,0.1557904597792717,0.15989785111058424,0.16040309390477758,2.846700902131422,2.9717469373141907,2.9823550846236886,2.740701135898232e-08,0.014587338047897334,0.18672647689962518,0.7309943713216122,0.7336574133131971,0.7554203302589089,0.9008188494545583,0.9019048631899687,0.9107428954359955,0.9491146350660842,0.9496857219799,0.9543283956927985,1.0,0.0,0.0,0.0,0.0,1.4820620313174548e-05,-0.5692914661702624,0.5693401804262844,0.028035197715068474
102.80000000000001,0.5692896319105063,0.5693383190836444,0.5692904393241586,0.013940974081956381,2.9717371151331644,0.9351407496152732,0.9381439197058097,0.9628302181776557,0.1557907065732776,0.1598983515950421,0.16040366122608984,2.8466915954182217,2.9717371151331644,2.9823446689395996,2.7411272161114084e-08,0.014587535156791542,0.18672794382263058,0.7309914081049759,0.7336547946271519,0.7554190054096748,0.9008176322113236,0.9019037889787939,0.9107423630061554,0.9491139938104719,0.9496851562714369,0.9543281167361686,1.0,0.0,0.0,0.0,0.0,1.4467498452880312e-05,-0.5692904393241586,0.5693383190836444,0.028034968527751433
103.0,0.5692886399160911,0.5693364905015109,0.5692894324213629,0.013941134069682372,2.9717274615736704,0.9351375204804802,0.9381410609166608,0.9628287313641077,0.15579094714745825,0.1598988401391716,0.1604042151179315,2.8466824525075545,2.9717274615736704,2.982334430426536,2.741545161571296e-08,0.014587728461399966,0.1867293822551959,0.7309885150424286,0.7336522384292868,0.7554177139518135,0.9008164437831218,0.9019027403967016,0.9107418439950267,0.9491133677344822,0.9496846040593868,0.9543278448099421,1.0,0.0,0.0,0.0,0.0,1.4121583111342817e-05,-0.5692894324213629,0.5693364905015109,0.028034742103256186
103.2,0.569287667268381,0.5693346941610314,0.569288445113398,0.013941291100606604,2.971717974039338,0.9351343680696232,0.9381382706009035,0.9628272821833608,0.15579118163317063,0.15989931698673232,0.1604047558530456,2.846673470805157,2.971717974039338,2.9823243663857713,2.741955110744223e-08,0.01458791802777704,0.18673079269514561,0.7309856907087047,0.7336497434434537,0.7554164551800295,0.9008152835847001,0.9019017169204412,0.9107413381192104,0.9491127565298275,0.9496840650682229,0.954327579765644,1.0,0.0,0.0,0.0,0.0,1.3782742797785463e-05,-0.569288445113398,0.5693346941610314,0.028034518419993597
103.4,0.5692867136280366,0.5693329295505626,0.5692874770572567,0.013941445223986495,2.971708649968438,0.9351312547377076,0.9381355473565015,0.9628258698384674,0.15579141015931092,0.15989978237703956,0.16040528988850136,2.846664647752813,2.971708649968438,2.9823144741540086,2.7423572000353498e-08,0.014588103920948902,0.18673217563249048,0.7309829013771431,0.7336473084167882,0.755415228402244,0.9008141377617638,0.9019007180363029,0.9107408451006169,0.9491121528979424,0.9496835390274413,0.9543273214575796,1.0,0.0,0.0,0.0,0.0,1.3450848185658781e-05,-0.5692874770572567,0.5693329295505626,0.02803429745624714
103.60000000000001,0.5692857786610721,0.5693311961655875,0.5692865279153198,0.013941596488349422,2.9716994868335234,0.9351282027589096,0.9381328898070697,0.9628244935474182,0.1557916328523612,0.15990023654503752,0.16040581340339738,2.8466559808279372,2.971699486833524,2.98230475110302,2.7427515638128156e-08,0.014588286204927652,0.18673353154954306,0.7309801670043431,0.7336449321193288,0.7554140329393466,0.9008130145123779,0.9018997432399611,0.9107403646663662,0.9491115611576746,0.9496830256714801,0.9543270697427838,1.0,0.0,0.0,0.0,0.0,1.312577207382426e-05,-0.5692865279153198,0.5693311961655875,0.02803407919018374
103.80000000000001,0.5692848620387921,0.5693294935086405,0.5692855973553044,0.013941744941501046,2.9716904821410797,0.9351252239733424,0.9381302966014515,0.9628231525430184,0.15579184983640915,0.15990067972137134,0.16040632436653857,2.8466474675432023,2.97169048214108,2.9822951946393017,2.7431383344325304e-08,0.01458846494272321,0.18673486092099364,0.7309774981988868,0.7336426133436385,0.7554128681250842,0.9008119181946129,0.9018987920363214,0.9107398965487429,0.9491109836049283,0.9496825247396358,0.9543268244809973,1.0,0.0,0.0,0.0,0.0,1.2807389370164679e-05,-0.5692855973553044,0.5693294935086405,0.028033863599860542
104.0,0.5692839634377004,0.5693278210892257,0.5692846850501804,0.013941890630534609,2.971681633431166,0.935122316881307,0.9381277664133019,0.9628218460725786,0.15579206123319808,0.15990111213245756,0.1604068230349369,2.846639105446129,2.971681633431166,2.9822858022037275,2.7435176422626113e-08,0.014588640196357937,0.1867361642140279,0.7309748936177839,0.7336403509044345,0.7554117333057985,0.900810848256977,0.9018978639393663,0.9107394404850911,0.949110419949197,0.9496820359759849,0.9543265855346111,1.0,0.0,0.0,0.0,0.0,1.249557705970683e-05,-0.5692846850501804,0.5693278210892257,0.028033650663237056
104.2,0.5692830825394203,0.5693261784237347,0.5692837906780812,0.013942033601840677,2.971672938277066,0.9351194800103976,0.9381252979406738,0.9628205733975556,0.15579226716218486,0.15990153400055415,0.1604073096609346,2.8466308921186734,2.971672938277066,2.982276571271193,2.7438896157069113e-08,0.01458881202688151,0.18673744188845542,0.7309723519424675,0.7336381436382193,0.7554106278401097,0.9008098041580009,0.9018969584720069,0.9107389962176877,0.9491098699052529,0.9496815591293039,0.9543263527686007,1.0,0.0,0.0,0.0,0.0,1.219021415618804e-05,-0.5692837906780812,0.5693261784237347,0.02803344035818743
104.4,0.5692822190306578,0.5693245650353698,0.5692829139222527,0.013942173901115384,2.9716643942849377,0.9351167119154401,0.938122889905617,0.9628193337934541,0.15579246774055566,0.15990194554382925,0.16040778449221435,2.8466228251768486,2.971664394284938,2.9822674993502747,2.7442543812292013e-08,0.014588980494382215,0.18673869439678178,0.7309698718787353,0.7336359904029218,0.7554095510988342,0.9008087853662153,0.9018960751659348,0.9107385634937091,0.9491093331931351,0.9496810939529936,0.9543261260505078,1.0,0.0,0.0,0.0,0.0,1.1891181686138341e-05,-0.5692829139222527,0.5693245650353698,0.028033232662508057
104.60000000000001,0.569281372603106,0.5693229804540699,0.5692820544709881,0.013942311573368777,2.9716559990934632,0.9351140111778142,0.9381205410537751,0.9628181265496102,0.15579266308326103,0.1599023469764288,0.16040824777191487,2.8466149022703493,2.9716559990934632,2.9822585839828837,2.7446120633774464e-08,0.01458914565799988,0.18673992218430266,0.7309674521561462,0.7336338900775412,0.7554085024647952,0.9008077913599026,0.9018952135614761,0.9107381420651546,0.9491088095380183,0.9496806402049995,0.9543259052504014,1.0,0.0,0.0,0.0,0.0,1.1598362669285045e-05,-0.5692820544709881,0.5693229804540699,0.028033027553923773
104.80000000000001,0.5692805429533626,0.5693214242164267,0.5692812120175283,0.013942446662934803,2.9716477503734984,0.9351113764047533,0.9381182501539946,0.9628169509687754,0.1557928533030829,0.15990273850854367,0.16040869973875074,2.8466071210821333,2.9716477503734984,2.9822498227439223,2.7449627848068585e-08,0.014589307575941464,0.1867411256892452,0.7309650915273928,0.7336318415617956,0.7554074813324624,0.9008068216268393,0.9018943732074483,0.9107377316887029,0.9491082986700784,0.9496801976477385,0.9543256902408015,1.0,0.0,0.0,0.0,0.0,1.1311642065026106e-05,-0.5692812120175283,0.5693214242164267,0.028032825010103048
105.0,0.5692797297828883,0.569319895865607,0.5692803862600082,0.013942579213479547,2.971639645827737,0.9351088062293273,0.9381160159979366,0.9628158063669832,0.1557930385106563,0.15990312034647491,0.1604091406270147,2.8465994793280354,2.971639645827737,2.982241213240931,2.7453066663033038e-08,0.014589466305492392,0.18674230534284536,0.730962788768289,0.7336298437757777,0.7554064871078369,0.9008058756642917,0.9018935536610195,0.9107373321256652,0.949107800324489,0.9496797660480242,0.954325480896655,1.0,0.0,0.0,0.0,0.0,1.1030906749726066e-05,-0.5692803862600082,0.569319895865607,0.028032625008665064
105.2,0.5692789327979405,0.569318394951284,0.5692795769014078,0.01394270926800888,2.9716316831903518,0.9351062993100122,0.9381138373996954,0.9628146920734507,0.15579321881448488,0.15990349269269927,0.1604095706666511,2.84659197475642,2.9716316831903518,2.982232753113761,2.745643826807276e-08,0.014589621903027612,0.18674346156941737,0.7309605426773845,0.7336278956596142,0.7554055192083652,0.9008049529788582,0.9018927544875683,0.9107369431419505,0.9491073142413394,0.9496793451769922,0.9543252770953179,1.0,0.0,0.0,0.0,0.0,1.0756045509485723e-05,-0.5692795769014078,0.569318394951284,0.028032427527183764
105.4,0.5692781517094703,0.5693169210295553,0.5692787836494544,0.013942836868878051,2.9716238602266625,0.9351038543298381,0.9381117131954236,0.9628136074301555,0.15579339432100964,0.15990385574593227,0.16040999008340165,2.846584605147777,2.9716238602266625,2.9822244400342224,2.7459743834367254e-08,0.014589774424027112,0.1867445947864936,0.7309583520752025,0.7336259961731315,0.7554045770625716,0.9008040530861559,0.9018919752605474,0.9107365645079186,0.9491068401654685,0.9496789348100305,0.9543250787164775,1.0,0.0,0.0,0.0,0.0,1.0486948990640066e-05,-0.5692787836494544,0.5693169210295553,0.02803223254319876
105.60000000000001,0.5692773862330798,0.5693154736628637,0.5692780062165534,0.01394296205780046,2.971616174732792,0.9351014699962594,0.9381096422429596,0.9628125517916023,0.1557935651346463,0.1599042097011917,0.16041039909882723,2.8465773683143185,2.971616174732792,2.9822162717057497,2.7462984515095572e-08,0.014589923923088275,0.18674570540492363,0.7309562158041244,0.7336241442955248,0.7554036601098582,0.9008031755107734,0.9018912155613477,0.9107361959982992,0.9491063778464413,0.9496785347267063,0.9543248856421107,1.0,0.0,0.0,0.0,0.0,1.0223509662177221e-05,-0.5692780062165534,0.5693154736628637,0.028032040034229107
105.80000000000001,0.5692766360889782,0.5693140524199296,0.5692772443197562,0.013943084875854607,2.9716086245353233,0.935099145041012,0.9381076234214656,0.962811524524833,0.15579373135778368,0.15990455474985948,0.160410797930332,2.846570262099648,2.9716086245353233,2.982208245863064,2.7466161445671286e-08,0.014590070453935155,0.1867467938289196,0.7309541327282663,0.7336223390250328,0.7554027678005096,0.9008023197862218,0.901890474979166,0.9107358373921943,0.9491059270385213,0.9496781447106959,0.954324697756485,1.0,0.0,0.0,0.0,0.0,9.96562181797278e-06,-0.5692772443197562,0.5693140524199296,0.028031849977772656
106.0,0.5692759010018752,0.5693126568756771,0.5692764976806745,0.013943205363492906,2.9716012074909695,0.9350968782192406,0.9381056556310664,0.9628105250090668,0.155793893090842,0.15990489107974237,0.16041118679131272,2.8465632843783855,2.9716012074909695,2.9822003602718334,2.7469275743969265e-08,0.014590214069432799,0.18674786045617928,0.7309521017326908,0.7336205793786186,0.7554018995953856,0.9008014854546094,0.9018897531108742,0.9107354884729544,0.9491054875005012,0.9496777645497178,0.9543245149460933,1.0,0.0,0.0,0.0,0.0,9.713181540027538e-06,-0.5692764976806745,0.5693126568756771,0.028031662351312586
106.2,0.5692751807009186,0.56931128661115,0.5692757660253903,0.013943323560551064,2.9715939214862344,0.9350946683091342,0.9381037377924967,0.9628095526353379,0.15579405043233113,0.1599052188751326,0.16041156589122085,2.84655643305575,2.9715939214862344,2.9821926127283427,2.747232851054309e-08,0.014590354821601296,0.18674890567801378,0.7309501217230898,0.7336188643916536,0.7554010549656013,0.9008006720665129,0.9018890495608881,0.9107351490280501,0.9491050589956338,0.9496773940354623,0.9543243370995875,1.0,0.0,0.0,0.0,0.0,9.466086644802085e-06,-0.5692757660253903,0.56931128661115,0.028031477132335822
106.4,0.5692744749196778,0.5693099412134457,0.5692750490844316,0.013943439506254868,2.971586764437075,0.9350925128164785,0.938101868846752,0.9628086068065462,0.15579420347884257,0.1599055383168669,0.160411935657792,2.8465497060672282,2.971586764437075,2.9821850010591584,2.7475320828852135e-08,0.014590492761624059,0.18674992987938335,0.7309481904650947,0.7336171931176056,0.755400233392578,0.9007998787041648,0.9018883639410432,0.9107348188490931,0.94910464104044,0.9496770329635253,0.9543241641077888,1.0,0.0,0.0,0.0,0.0,9.224236686089515e-06,-0.5692750490844316,0.5693099412134457,0.028031294298332236
106.60000000000001,0.5692737833960436,0.5693086202756475,0.5692743465927089,0.013943553239227776,2.971579734288579,0.9350903815710004,0.9381000477547465,0.962807686937243,0.15579435232508398,0.1599058495823846,0.16041230126652806,2.8465431013782374,2.971579734288579,2.9821775231207943,2.7478253765487766e-08,0.014590627939859909,0.18675093343898716,0.7309462809272848,0.7336155646277349,0.7553994343678486,0.900799094263112,0.9018876958704665,0.9107344977317571,0.9491042277849376,0.9496766811333441,0.9543239958636462,1.0,0.0,0.0,0.0,0.0,8.987532936988174e-06,-0.5692743465927089,0.5693086202756475,0.028031113826795098
106.80000000000001,0.5692731058721426,0.5693073233967414,0.5692736582894106,0.013943664797500624,2.9715728290146264,0.9350883044403131,0.9380982734969735,0.9628067924531529,0.15579449706395637,0.15990615284578552,0.16041265759363857,2.8465366169837067,2.971572829014627,2.9821701767993885,2.748112837038475e-08,0.014590760405858416,0.18675191672941338,0.7309444198704761,0.7336139780107921,0.7553986573926512,0.900798329736814,0.9018870449754557,0.9107341854756156,0.9491038250206584,0.9496763383481295,0.9543238322621522,1.0,0.0,0.0,0.0,0.0,8.755878327076916e-06,-0.5692736582894106,0.5693073233967414,0.02803093569524089
107.0,0.5692724420943305,0.5693060501815469,0.5692729839179688,0.0139437742185188,2.9715660466175686,0.9350862802772171,0.9380965450731739,0.9628059227911734,0.15579463778655428,0.15990644827788622,0.16041300483580057,2.8465302509077346,2.9715660466175686,2.9821629600103705,2.7483945677038367e-08,0.0145908902083687,0.18675288011718752,0.730942606267141,0.7336124323727203,0.7553979019779246,0.9007975847032603,0.9018864108893554,0.9107338818841391,0.9491034325252938,0.9496760044148037,0.9543236732003407,1.0,0.0,0.0,0.0,0.0,8.52917743321413e-06,-0.5692729839179688,0.5693060501815469,0.028030759881211422
107.2,0.5692717918131197,0.5693048002406551,0.569272323226025,0.013943881539148627,2.9715593851278976,0.9350843079560117,0.9380948615020084,0.9628050773993422,0.15579477458217078,0.15990673604627614,0.1604133431860096,2.8465240012032753,2.971559385127898,2.982155870698136,2.7486706702728482e-08,0.01459101739534864,0.18675382396282145,0.7309408391089958,0.7336109268363642,0.7553971676442774,0.9007968587483409,0.9018857932524393,0.9107335867646837,0.9491030500806971,0.9496756791439366,0.9543235185772814,1.0,0.0,0.0,0.0,0.0,8.307336482590855e-06,-0.569272323226025,0.5693048002406551,0.028030586362271195
107.4,0.569271154783069,0.5693035731903492,0.5692716759653225,0.013943986795686767,2.9715528426039297,0.9350823863719707,0.938093221820735,0.9628042557363236,0.1557949075383807,0.15990701631537196,0.16041367283366922,2.846517865951746,2.9715528426039297,2.9821489068357248,2.7489412448728222e-08,0.014591142013980502,0.18675474862096783,0.7309391174065341,0.7336094605411811,0.7553964539215514,0.9007961514656543,0.90188519171179,0.910733299928315,0.9491026774727812,0.9496753623496849,0.9543233682939871,1.0,0.0,0.0,0.0,0.0,8.090263292376276e-06,-0.5692716759653225,0.5693035731903492,0.028030415116022316
107.60000000000001,0.5692705307627689,0.5693023686525318,0.569271041891649,0.013944090023868276,2.9715464171314743,0.9350805144414424,0.9380916250848886,0.9628034572712592,0.15579503674106476,0.15990728924647227,0.16041399396457368,2.846511843262659,2.9715464171314743,2.982142066424495,2.749206390051031e-08,0.014591264110681517,0.18675565444050138,0.7309374401891133,0.7336080326429579,0.7553957603486788,0.9007954624565433,0.9018846059211861,0.910733021189751,0.9491023144915388,0.9496750538497288,0.9543232222533845,1.0,0.0,0.0,0.0,0.0,7.877867237007785e-06,-0.569271041891649,0.5693023686525318,0.028030246120112783
107.80000000000001,0.5692699195148108,0.5693011862546655,0.5692704207648275,0.013944191258872066,2.9715401068235225,0.935078691101371,0.9380900703679727,0.9628026814838989,0.15579516227438805,0.15990755499781018,0.16041430676098964,2.8465059312733274,2.9715401068235225,2.982135347493808,2.7494662027965948e-08,0.01459138373111052,0.18675654176453213,0.7309358065045303,0.733606642313532,0.7553950864738093,0.9007947913299211,0.901884035540985,0.9107327503674131,0.9491019609309499,0.9496747534652142,0.9543230803603402,1.0,0.0,0.0,0.0,0.0,7.670059269201945e-06,-0.5692704207648275,0.5693011862546655,0.028030079352232642
108.0,0.569269320805659,0.5693000256297016,0.5692698123486217,0.01394429053532932,2.9715339098199296,0.9350769153085555,0.9380885567611469,0.9628019278641645,0.15579528422087094,0.15990781372460652,0.16041461140178312,2.846500128148508,2.9715339098199296,2.9821287481007053,2.749720778561293e-08,0.014591500920182283,0.1867574109305403,0.7309342154183563,0.7336052887405169,0.7553944318539209,0.9007941377019989,0.9018834802380113,0.91073248728327,0.9491016165888384,0.9496744610206921,0.9543229425215796,1.0,0.0,0.0,0.0,0.0,7.466751873547173e-06,-0.5692698123486217,0.5693000256297016,0.02802991479012076
108.2,0.5692687344056131,0.5692988864160028,0.5692692164106501,0.013944387887332547,2.9715278242870977,0.9350751860396745,0.9380870833729265,0.9628011959117972,0.1557954026614458,0.15990806557912063,0.160414908062415,2.846494432080014,2.9715278242870977,2.9821222663295934,2.7499702112792643e-08,0.014591615722080635,0.18675826227049983,0.730932666013961,0.7336039711270298,0.7553937960545212,0.9007935011962942,0.9018829396854467,0.9107322317627178,0.9491012812668772,0.9496741763440596,0.9543228086456231,1.0,0.0,0.0,0.0,0.0,7.2678590103958385e-06,-0.5692692164106501,0.5692988864160028,0.028029752411579782
108.4,0.5692681600888124,0.5692977682572827,0.5692686327223864,0.01394448334844078,2.9715218484176638,0.9350735022911176,0.9380856493288818,0.9628004851365667,0.15579551767542318,0.1599083107107019,0.1604151969149697,2.8464888412864138,2.9715218484176638,2.9821159002919315,2.7502145933880384e-08,0.014591728180263755,0.1867590961108766,0.7309311573923591,0.7336026886914266,0.7553931786498236,0.9007928814435697,0.9018824135627196,0.9107319836346498,0.9491009547705552,0.9496738992665044,0.9543226786428242,1.0,0.0,0.0,0.0,0.0,7.0732961376940295e-06,-0.5692686327223864,0.5692977682572827,0.02802959219447367
108.60000000000001,0.56926759763312,0.5692966708025469,0.569268061059096,0.013944576951686511,2.971515980430189,0.9350718630781707,0.9380842537713466,0.9627997950580205,0.15579562934053248,0.1599085492658393,0.16041547812829463,2.8464833540127343,2.971515980430189,2.982109648125917,2.7504540158493337e-08,0.014591838337475637,0.18675991277271997,0.7309296886714848,0.7336014406670405,0.7553925792225338,0.9007922780815351,0.9018819015553984,0.9107317427313725,0.9491006369090207,0.9496736296224465,0.9543225524253235,1.0,0.0,0.0,0.0,0.0,6.88298019346778e-06,-0.569268061059096,0.5692966708025469,0.028029434116724383
108.80000000000001,0.5692670468200417,0.5692955937060097,0.5692675011997244,0.01394466872958528,2.9715102185688567,0.9350702674348119,0.9380828958591249,0.9627991252049525,0.15579573773300767,0.15990878138821105,0.16041575186803508,2.8464779685300483,2.9715102185688567,2.982103507996175,2.750688568168138e-08,0.014591946235761445,0.1867607125718222,0.7309282589860076,0.7336002263019196,0.7553919973633862,0.9007916907547706,0.9018814033550855,0.9107315088884175,0.949100327495041,0.9496733672494835,0.9543224299069524,1.0,0.0,0.0,0.0,0.0,6.696829520161374e-06,-0.5692675011997244,0.5692955937060097,0.02802927815633282
109.0,0.5692665074347553,0.569294536627034,0.5692669529268879,0.013944758714141576,2.9715045611031563,0.9350687144138011,0.938081574767209,0.962798475115555,0.1557958429275628,0.15990900721873316,0.16041601829661864,2.8464726831351697,2.9715045611031563,2.9820974780934555,2.7509183384126342e-08,0.014592051916473392,0.18676149581873153,0.7309268674874145,0.7335990448585773,0.7553914326712776,0.9007911191147624,0.9018809186593133,0.9107312819445967,0.9491000263450212,0.9496731119883352,0.95432231100326,1.0,0.0,0.0,0.0,0.0,6.514763874310159e-06,-0.5692669529268879,0.569294536627034,0.02802912429137907
109.2,0.5692659792660254,0.5692934992300781,0.5692664160268486,0.01394484693685401,2.9714990063275857,0.9350671990924271,0.938080289686498,0.9627978443374164,0.1557959449973923,0.15990922689560666,0.1604162782584925,2.84646749615039,2.971499006327586,2.982091556634319,2.7511434132347826e-08,0.014592155420278424,0.18676226281878774,0.7309255097651687,0.7335978956137391,0.755390884753262,0.9007905613496788,0.9018804471714409,0.9107310617419994,0.9490997325044638,0.9496728636827894,0.9543221956315129,1.0,0.0,0.0,0.0,0.0,6.336704436810114e-06,-0.5692664160268486,0.5692934992300781,0.028028972500011986
109.4,0.5692654621060854,0.5692924811846178,0.5692658902893942,0.013944933428724748,2.9714935525613573,0.9350657079282053,0.9380790398235223,0.9627972324269135,0.1557960440142692,0.15990944055436523,0.16041653407689405,2.846462405923089,2.9714935525613573,2.982085741860839,2.7513638778891464e-08,0.014592256787174346,0.18676301387229388,0.7309241736853963,0.7335967778580971,0.7553903532240263,0.9007900124748528,0.9018799886005544,0.910730848125782,0.9490994433473633,0.9496726221796498,0.9543220837105842,1.0,0.0,0.0,0.0,0.0,6.162573737963917e-06,-0.5692658902893942,0.5692924811846178,0.02802882276046831
109.60000000000001,0.5692649557506607,0.5692914821650786,0.5692653755077983,0.013945018220266715,2.9714881981480823,0.9350642571536004,0.9380778244001685,0.962796638949169,0.1557961400485521,0.15990964832792148,0.16041678296699122,2.846457410825393,2.9714881981480823,2.9820800320402996,2.7515798162516448e-08,0.014592356056498253,0.18676374927457376,0.7309228737924934,0.7335956908960658,0.7553898377058534,0.9007894784653099,0.9018795426613655,0.9107306409441527,0.9490991620214758,0.9496723873286825,0.9543219751609466,1.0,0.0,0.0,0.0,0.0,5.992295636039757e-06,-0.5692653755077983,0.5692914821650786,0.028028675051080733
109.80000000000001,0.569264459998936,0.5692905018507878,0.5692648714788304,0.013945101341507496,2.9714829414554917,0.935062845881627,0.9380766426534172,0.9627960634782815,0.1557962331691478,0.15990985034661206,0.16041702508088856,2.846452509253939,2.9714829414554917,2.9820744254648957,2.7517913108396365e-08,0.0145924532669307,0.18676446931595642,0.7309216092918959,0.7335946340455465,0.7553893378288195,0.9007889589946868,0.9018791090741156,0.9107304400484517,0.9490988883548744,0.9496721589825646,0.9543218699047129,1.0,0.0,0.0,0.0,0.0,5.825795352992769e-06,-0.5692648714788304,0.5692905018507878,0.02802852935026442
110.0,0.5692639746534129,0.5692895399259059,0.5692643780026505,0.0139451828219976,2.9714777808751323,0.9350614732422867,0.9380754938350743,0.9627955055967915,0.15579632344359778,0.15991004673824302,0.16041726056777983,2.8464476996295294,2.9714777808751323,2.9820689204514346,2.7519984428307195e-08,0.014592548456510465,0.18676517428192774,0.7309203794042487,0.7335936066376878,0.755388853230333,0.9007884537428662,0.9018786875644788,0.9107302452929652,0.9490986221789218,0.9496719369968348,0.9543217678655397,1.0,0.0,0.0,0.0,0.0,5.662999415831371e-06,-0.5692643780026505,0.5692895399259059,0.028028385636527077
110.2,0.5692634995198991,0.5692885960793512,0.5692638948827278,0.013945262690819136,2.9714727148220765,0.9350601383826502,0.9380743772115147,0.9627949648953684,0.15579641093812868,0.1599102376281338,0.16041748957393392,2.846442980396756,2.9714727148220765,2.9820635153410406,2.7522012920804657e-08,0.014592641662646542,0.186765864453246,0.7309191833654856,0.7335926080166576,0.7553883835548605,0.900787962396008,0.9018782778634664,0.9107300565348154,0.9490983633282876,0.9496717212298414,0.9543216689685693,1.0,0.0,0.0,0.0,0.0,5.503835601480822e-06,-0.5692638948827278,0.5692885960793512,0.028028243888485512
110.4,0.5692630344075273,0.5692876700047531,0.5692634219258678,0.01394534097658941,2.971467741734635,0.9350588404662963,0.9380732920634255,0.9627944409731589,0.15579649571759602,0.15991042313916068,0.16041771224279086,2.8464383500237656,2.9714677417346356,2.9820582084988665,2.7523999371416478e-08,0.014592732922120506,0.18676654010590318,0.7309180204263177,0.7335916375394133,0.7553879284542313,0.9007874846463407,0.9018778797073341,0.9107298736340833,0.9490981116408378,0.949671511542695,0.9543215731404944,1.0,0.0,0.0,0.0,0.0,5.348232978527601e-06,-0.5692634219258678,0.5692876700047531,0.028028104084854195
110.60000000000001,0.56926257912862,0.5692867614003941,0.5692629589421437,0.013945417707467224,2.9714628600740713,0.9350575786728353,0.9380722376855573,0.9627939334374784,0.155796577845534,0.15991060339179947,0.1604179287150434,2.846433807001971,2.9714628600740713,2.9820529983138,2.7525944552830565e-08,0.014592822271097738,0.1867672015112232,0.730916889851816,0.7335906945754791,0.7553874875873683,0.9007870201919893,0.901877492837491,0.9107296964537,0.9490978669575449,0.9496713077992187,0.9543214803095006,1.0,0.0,0.0,0.0,0.0,5.196121882489191e-06,-0.5692629589421437,0.5692867614003941,0.028027966204444702
110.80000000000001,0.5692621334986283,0.5692858699691326,0.5692625057447802,0.013945492911162538,2.971458068324316,0.9350563521980048,0.9380712133864739,0.962793441903251,0.15579665738424625,0.1599107785041681,0.1604181391286206,2.8464293498456628,2.971458068324316,2.982047883198175,2.7527849225065768e-08,0.014592909745142617,0.18676784893602832,0.7309157909214911,0.7335897785067235,0.7553870606198033,0.900786568737008,0.9018771170004065,0.9107295248592526,0.9490976291225044,0.949671109865902,0.9543213904051652,1.0,0.0,0.0,0.0,0.0,5.047433835517201e-06,-0.5692625057447802,0.5692858699691326,0.028027830226185897
111.0,0.5692616973361794,0.5692849954183495,0.569262062150169,0.013945566614940865,2.9714533649916786,0.9350551602533181,0.9380702184883096,0.9627929659933041,0.1557967343947579,0.1599109485920675,0.1604183436187477,2.8464249770917474,2.9714533649916786,2.9820428615874914,2.7529714135652896e-08,0.01459299537922154,0.18676848264261564,0.7309147229289819,0.7335888887271431,0.755386647223929,0.9007861299912534,0.9018767519475245,0.9107293587190846,0.9490973979828682,0.9496709176118514,0.9543213033585095,1.0,0.0,0.0,0.0,0.0,4.9021015706834925e-06,-0.569262062150169,0.5692849954183495,0.028027696129120445
111.2,0.5692612704629827,0.5692841374599029,0.5692616279778501,0.013945638845627478,2.97144874860458,0.935054002065478,0.938069252326532,0.9627925053383686,0.15579680893681577,0.15991111376902287,0.16041854231804692,2.8464206872995144,2.9714487486045806,2.982037931940121,2.7531540019821345e-08,0.0145930792077095,0.18676910288878557,0.7309136851815309,0.7335880246426488,0.7553862470790058,0.9007857036701679,0.9018763974351734,0.9107291979042997,0.9490971733887308,0.9496707309087481,0.9543212191020011,1.0,0.0,0.0,0.0,0.0,4.760059047842491e-06,-0.5692616279778501,0.5692841374599029,0.028027563892392065
111.4,0.5692608527037113,0.5692832958100524,0.5692612030503785,0.013945709629616967,2.9714442177132687,0.9350528768763804,0.9380683142497045,0.9627920595763946,0.15579688106899883,0.1599112741463234,0.1604187353565363,2.846416479050262,2.9714442177132687,2.982033092737039,2.7533327600666795e-08,0.01459316126440666,0.18676970992803052,0.7309126769999844,0.7335871856708557,0.7553858598705607,0.9007852894947806,0.9018760532244815,0.9107290422885194,0.9490969551931298,0.9496705496307987,0.9543211375694266,1.0,0.0,0.0,0.0,0.0,4.621241365770912e-06,-0.5692612030503785,0.5692832958100524,0.02802743349526719
111.60000000000001,0.5692604438860552,0.5692824701893983,0.5692607871933063,0.013945778992879316,2.971439770889542,0.9350517801806582,0.9380674036192531,0.9627916283526228,0.15579695084870684,0.15991142983306236,0.16041892350712278,2.8464123509469914,2.971439770889542,2.9820283424815375,2.7535077589320817e-08,0.01459324158254438,0.18677030400956227,0.7309116943475897,0.7335863712408741,0.7553854852904528,0.9007848858067672,0.9018757190812906,0.9107288917479098,0.9490967425224317,0.9496703736546935,0.9543210586959057,1.0,0.0,0.0,0.0,0.0,4.485584752744742e-06,-0.5692607871933063,0.5692824701893983,0.028027304917139523
111.80000000000001,0.5692600438406814,0.5692816603228421,0.5692603802352056,0.013945846960962559,2.9714354067264828,0.9350507049935667,0.9380665198092415,0.9627912113198795,0.15579701833211243,0.15991158093617547,0.16041910796808823,2.8464083016142103,2.9714354067264828,2.982023679698949,2.7536790685132386e-08,0.014593320194787544,0.18677088537827755,0.730910730966014,0.7335855807931082,0.7553851230371303,0.9007844900351375,0.9018753947760741,0.9107287461612846,0.9490965340221923,0.9496702028595597,0.9543209824179453,1.0,0.0,0.0,0.0,0.0,4.353026613168609e-06,-0.5692603802352056,0.5692816603228421,0.02802717813751266
112.0,0.5692596524010886,0.5692808659395217,0.5692599820075512,0.01394591355900099,2.971431123838185,0.9350496609709046,0.9380656622061445,0.9627908081379523,0.1557970835742622,0.15991172756047944,0.16041928708283598,2.846404329697608,2.971431123838185,2.9820191029363756,2.7538467575835343e-08,0.014593397133249787,0.18677145427492678,0.7309097955070641,0.7335848137790547,0.755384772815087,0.9007841057342093,0.9018750800838533,0.9107286054098874,0.9490963315648991,0.9496700371269214,0.9543209086733252,1.0,0.0,0.0,0.0,0.0,4.223505458408883e-06,-0.5692599820075512,0.5692808659395217,0.02802705313601197
112.2,0.5692592694036162,0.5692800867727404,0.5692595923446505,0.013945978811723174,2.971426920859484,0.9350486474052376,0.9380648302086264,0.962790418473333,0.15579714662911825,0.15991186980870972,0.16041946097269952,2.846400433863702,2.971426920859484,2.9820146107624153,2.7540108937707995e-08,0.014593472429503965,0.1867720109362134,0.7309088873369657,0.7335840696611047,0.7553844343346373,0.9007837326436474,0.9018747747841176,0.9107284693772998,0.9490961350134062,0.9496698763406545,0.9543208374010506,1.0,0.0,0.0,0.0,0.0,4.096960854071963e-06,-0.5692595923446505,0.5692800867727404,0.028026929892400763
112.4,0.5692588946874754,0.5692793225599283,0.5692592110836915,0.013946042743454151,2.971422796445697,0.9350476636027946,0.938064023227325,0.9627900419996815,0.15579720754948315,0.1599120077815573,0.1604196297566704,2.8463966127996416,2.971422796445697,2.982010201766894,2.7541715435746565e-08,0.014593546114582096,0.18677255559472639,0.73090800583418,0.7335833479123497,0.755384107312324,0.9007833705081414,0.9018744786607439,0.9107283379496072,0.9490959442332146,0.9496697203869454,0.9543207685414378,1.0,0.0,0.0,0.0,0.0,3.973333478318741e-06,-0.5692592110836915,0.5692793225599283,0.02802680838656552
112.60000000000001,0.5692585280945986,0.5692785730425923,0.5692588380646654,0.013946105378121418,2.9714187492723596,0.9350467088836202,0.9380632406846376,0.9627896783974488,0.15579726638706087,0.15991214157770542,0.1604197935513718,2.8463928652129615,2.9714187492723596,2.982005874560599,2.754328772383242e-08,0.01459361821898667,0.18677308847904942,0.7309071503895441,0.7335826480163926,0.7553837914705857,0.9007830190774636,0.9018741915019205,0.9107282110152634,0.9490957590925029,0.9496695691542506,0.9543207020360447,1.0,0.0,0.0,0.0,0.0,3.852565091125304e-06,-0.5692588380646654,0.5692785730425923,0.028026688598511762
112.80000000000001,0.5692581694695932,0.5692778379662382,0.569258473130252,0.01394616673926423,2.9714147780349607,0.9350457825815287,0.9380624820145096,0.962789327353304,0.15579732319254944,0.1599122712938653,0.16041995247106647,2.846389189831191,2.9714147780349607,2.982001627775011,2.7544826444884974e-08,0.014593688772705228,0.18677360981392563,0.7309063204062265,0.7335819694671565,0.7553834865372612,0.9007826781064505,0.9018739131000663,0.9107280884648931,0.9490955794621173,0.9496694225332549,0.9543206378275658,1.0,0.0,0.0,0.0,0.0,3.7345984470055216e-06,-0.569258473130252,0.5692778379662382,0.02802657050838946
113.0,0.5692578186598102,0.569277117080328,0.5692581161258577,0.01394622685003677,2.9714108814486906,0.9350448840433043,0.9380617466622277,0.9627889885605663,0.1557973780155712,0.15991239702481166,0.16042010662779382,2.8463855854016398,2.9714108814486906,2.981997460062043,2.754633223102514e-08,0.01459375780521082,0.18677411982020303,0.730905515299011,0.7335813117687014,0.7553831922459675,0.9007823473547092,0.9018736432517593,0.9107279701914422,0.949095405215417,0.9496692804168332,0.9543205758599125,1.0,0.0,0.0,0.0,0.0,3.6193773390313932e-06,-0.5692581161258577,0.569277117080328,0.028026454096483314
113.2,0.5692574755152363,0.5692764101382409,0.5692577668995972,0.013946285733211551,2.9714070582481837,0.9350440126286778,0.9380610340842174,0.9627886617191842,0.1557974309046759,0.15991251886341715,0.16042025613137378,2.8463820506912043,2.971407058248184,2.981993370093784,2.7547805703740632e-08,0.014593825345467935,0.18677461871486106,0.7309047344942802,0.7335806744350434,0.7553829083360781,0.9007820265866098,0.9018733817576589,0.9107278560901703,0.9490952362282706,0.9496691427000087,0.9543205160782078,1.0,0.0,0.0,0.0,0.0,3.506846612807979e-06,-0.5692577668995972,0.5692764101382409,0.028026339343199837
113.4,0.5692571398883806,0.5692757168972008,0.5692574253021532,0.013946343411188954,2.9714033071872694,0.935043167710512,0.9380603437478401,0.9627883465349899,0.15579748190746165,0.15991263690068672,0.16042040108937491,2.8463785844860037,2.9714033071872694,2.9819893565622384,2.7549247474035147e-08,0.014593891421949145,0.18677510671120964,0.7309039774301754,0.7335800569899733,0.7553826345520742,0.9007817155713526,0.9018731284224332,0.9107277460583894,0.9490950723790906,0.9496690092799167,0.9543204584286503,1.0,0.0,0.0,0.0,0.0,3.396952069620318e-06,-0.5692574253021532,0.5692757168972008,0.028026226229088513
113.60000000000001,0.5692568116343542,0.5692750371182201,0.5692570911867773,0.01394639990600223,2.9713996270387106,0.9350423457452152,0.9380596751311981,0.9627880427198872,0.15579753107054414,0.15991275122579146,0.16042054210972892,2.846375185591101,2.9713996270387106,2.981985418179071,2.7550658142581665e-08,0.014593956062638934,0.18677558401888958,0.73090324093163,0.733579458966882,0.7553823706437142,0.9007814130045828,0.9018728830546882,0.910727639995532,0.9490949129807189,0.9496688800557654,0.9543204028585495,1.0,0.0,0.0,0.0,0.0,3.28964046969471e-06,-0.5692570911867773,0.5692750371182201,0.028026114734847136
113.80000000000001,0.5692564906108223,0.5692743705660721,0.5692567644093234,0.013946455239319092,2.971396016593972,0.935041542538934,0.9380590277229399,0.9627877499921845,0.155797578439503,0.15991286192610132,0.16042067991193468,2.8463718528303605,2.971396016593972,2.981981553675355,2.7552038299883425e-08,0.014594019295034562,0.18677605084382376,0.7309025212409109,0.7335788799085864,0.755382116366316,0.9007811173425723,0.9018726454668942,0.9107275378032649,0.94909475721989,0.9496687549287989,0.9543203493163854,1.0,0.0,0.0,0.0,0.0,3.1848595869049534e-06,-0.5692567644093234,0.5692743705660721,0.02802600484129888
114.0,0.5692561766778518,0.5692737170092257,0.5692564448281194,0.013946509432449832,2.9713924746629634,0.9350407642739742,0.9380584010220704,0.9627874680758831,0.15579762405899697,0.1599129690872177,0.16042081343530476,2.8463685850461284,2.9713924746629634,2.98197776180132,2.755338852642121e-08,0.014594081146161621,0.18677650738840076,0.7309018238975551,0.7335783193671606,0.7553818714801438,0.900780830861079,0.9018724154753188,0.9107274393852428,0.9490946062955221,0.9496686338022594,0.9543202977516797,1.0,0.0,0.0,0.0,0.0,3.0825581270876867e-06,-0.5692564448281194,0.5692737170092257,0.028025896529406236
114.2,0.5692558696979488,0.5692730762197805,0.5692561323039106,0.013946562506354671,2.9713890000738026,0.9350400103664842,0.9380577945377596,0.9627871967005024,0.15579766797279193,0.15991307279300562,0.16042094277998675,2.8463653810989027,2.9713890000738026,2.981974041326108,2.755470939279787e-08,0.014594141642582938,0.1867769538515562,0.7309011483784766,0.7335777769037655,0.7553816357502531,0.900780553345227,0.9018721928999562,0.9107273446470454,0.9490944600944162,0.9496685165813531,0.9543202481149625,1.0,0.0,0.0,0.0,0.0,2.982685683647346e-06,-0.5692561323039106,0.5692730762197805,0.028025789780289096
114.4,0.5692555695360931,0.5692724479734393,0.5692558266999226,0.013946614481644712,2.9713855916725653,0.9350392802440551,0.938057207789162,0.9627869356016218,0.15579771022367342,0.15991317312562542,0.16042106804416645,2.846362239867197,2.9713855916725658,2.9819703910375237,2.75560014598926e-08,0.014594200810396536,0.18677739042868208,0.7309004941708367,0.733577252088486,0.7553814089469648,0.900780284584349,0.9018719775644601,0.9107272534963686,0.9490943185055908,0.9496684031732117,0.9543202003578728,1.0,0.0,0.0,0.0,0.0,2.885192807833281e-06,-0.5692558266999226,0.5692724479734393,0.028025684575200892
114.60000000000001,0.5692552760595714,0.5692718320494577,0.5692555278817759,0.013946665378587667,2.9713822483230663,0.9350385733461558,0.9380566403052352,0.962786684520423,0.1557977508535206,0.1599132701655631,0.16042118932399302,2.8463591602472884,2.9713822483230663,2.981966809741794,2.7557265279006556e-08,0.014594258675247133,0.1867778173117487,0.7308998607724378,0.7335767445001687,0.7553811908454623,0.9007800243721482,0.9018717692960783,0.9107271658428623,0.9490941814203662,0.9496682934868607,0.9543201544330732,1.0,0.0,0.0,0.0,0.0,2.7900309682304947e-06,-0.5692555278817759,0.5692718320494577,0.028025580895531147
114.80000000000001,0.5692549891379541,0.5692712282305736,0.5692552357173769,0.013946715217116745,2.971378968906601,0.9350378891237439,0.9380560916245564,0.962786443203152,0.15579778990339332,0.15991336399166137,0.16042130671364574,2.846356141152868,2.9713789689066012,2.981963296263323,2.755850139200111e-08,0.014594315262339732,0.18677823468946156,0.7308992476913733,0.733576253726261,0.7553809812253319,0.9007797725065544,0.9018715679255844,0.9107270815979457,0.9490940487322899,0.9496681874331819,0.9543201102941532,1.0,0.0,0.0,0.0,0.0,2.697152465439001e-06,-0.5692552357173769,0.5692712282305736,0.02802547872282736
115.0,0.5692547086431748,0.5692706363029725,0.5692549500769745,0.013946764016832609,2.9713757523217255,0.9350372270385221,0.9380555612951513,0.9627862114016523,0.15579782741344583,0.1599134546811495,0.1604214203054615,2.8463531815148624,2.9713757523217255,2.981959849444458,2.7559710331444085e-08,0.014594370596437964,0.18677864274717929,0.7308986544453601,0.7335757793626544,0.7553807798710181,0.9007795287894504,0.9018713732872166,0.9107270006749902,0.9490939203369911,0.9496680849248818,0.9543200678957254,1.0,0.0,0.0,0.0,0.0,2.6065104888894908e-06,-0.5692549500769745,0.5692706363029725,0.028025378038783123
115.2,0.569254434449413,0.5692700560562521,0.5692546708331367,0.013946811797006334,2.9713725974840286,0.9350365848581711,0.9380550488743207,0.9627859888732936,0.1557978634229383,0.15991354230967267,0.1604215304824168,2.8463502802812606,2.971372597484029,2.981956468145254,2.7560892620752377e-08,0.014594424701869809,0.18677904166694748,0.7308980790342229,0.7335753210135327,0.7553805865717668,0.9007792923991373,0.9018711852186134,0.9107269229892971,0.9490937958015835,0.9496679858764573,0.9543200271934132,1.0,0.0,0.0,0.0,0.0,2.5180591279871933e-06,-0.5692546708331367,0.5692700560562521,0.0280252788252253
115.4,0.5692541664329853,0.5692694872833534,0.5692543978606116,0.013946858576588624,2.9713695033258927,0.9350359588204441,0.9380545539284695,0.9627857753802102,0.1557978979703601,0.15991362695132103,0.1604216378899762,2.8463474364167665,2.9713695033258927,2.9819531512432342,2.756204877432583e-08,0.014594477602543756,0.1867794316276976,0.7308975180869196,0.733574878291216,0.755380401120962,0.900779061950735,0.9018710035607501,0.9107268484578306,0.9490936743964841,0.949667890204162,0.9543199881437114,1.0,0.0,0.0,0.0,0.0,2.4317532691386923e-06,-0.5692543978606116,0.5692694872833534,0.028025181064136675
115.60000000000001,0.5692539044724476,0.5692689297805136,0.5692541310363451,0.013946904374213797,2.971366468796273,0.9350353535561393,0.9380540760329374,0.9627855706896012,0.155797931093381,0.15991370867865823,0.16042174173363385,2.846344648902568,2.971366468796273,2.9819498976331658,2.7563179297685902e-08,0.01459452932195059,0.18677981280522118,0.730896975752811,0.733574450816014,0.7553802233163861,0.9007788391488941,0.9018708281578788,0.9107267769993218,0.9490935570197404,0.9496677978259763,0.9543199507040407,1.0,0.0,0.0,0.0,0.0,2.3475486132240597e-06,-0.5692541310363451,0.5692689297805136,0.028025084737656896
115.80000000000001,0.5692536484485389,0.5692683833472431,0.5692538702395162,0.013946949208200691,2.971363492860476,0.9350347685655934,0.9380536147718408,0.962785374574046,0.1557979628288005,0.1599137875627494,0.16042184209910199,2.846341916736215,2.971363492860476,2.9819467062268212,2.7564284687613908e-08,0.014594579883163601,0.18678018537211957,0.7308964515842211,0.7335740382160787,0.7553800529604957,0.9007786238097115,0.9018706588574684,0.9107267085343812,0.9490934435744699,0.9496677086615729,0.9543199148328061,1.0,0.0,0.0,0.0,0.0,2.265401731801897e-06,-0.5692538702395162,0.5692683833472431,0.028024989828058587
116.0,0.5692533982440281,0.5692678477862629,0.5692536153514034,0.013946993096560606,2.9713605744999345,0.935034203359491,0.9380531697379048,0.9627851868107435,0.15579799321267057,0.15991386367318897,0.16042193907031843,2.8463392389313147,2.971360574499935,2.9819435759527626,2.7565365432280912e-08,0.014594629308854074,0.186780549497995,0.7308959451427437,0.7335736401272606,0.7553798898597607,0.9007784157530919,0.9018704955101451,0.9107266429852312,0.9490933339657959,0.9496676226322888,0.9543198804892574,1.0,0.0,0.0,0.0,0.0,2.1852699757796135e-06,-0.5692536153514034,0.5692678477862629,0.028024896317765904
116.2,0.5692531537437755,0.5692673229034482,0.5692533662553447,0.013947036057003726,2.9713577127119897,0.9350336574586018,0.9380527405323064,0.9627850071814388,0.15579802228030767,0.15991393707812743,0.16042203272949154,2.8463366145172406,2.9713577127119897,2.981940505756111,2.75664220113803e-08,0.014594677621298256,0.1867809053495076,0.7308954559990082,0.7335732561929645,0.7553797338245954,0.9007782148026505,0.9018703379696329,0.9107265802756802,0.9490932281007964,0.9496675396610909,0.9543198476334752,1.0,0.0,0.0,0.0,0.0,2.107111442897769e-06,-0.5692533662553447,0.5692673229034482,0.028024804189366554
116.4,0.5692529148347599,0.5692668085078058,0.5692531228368072,0.01394707810693921,2.9713549065096747,0.9350331303934903,0.9380523267645203,0.9627848354729854,0.15579805006620173,0.15991400784429843,0.16042212315715,2.846334042539029,2.9713549065096747,2.981937494598324,2.7567454896260726e-08,0.01459472484237427,0.18678125309027535,0.7308949837324171,0.7335728860640119,0.7553795846698562,0.9007780207856069,0.9018701860926982,0.910726520331321,0.9490931258884483,0.9496674596725495,0.9543198162264751,1.0,0.0,0.0,0.0,0.0,2.0308850544881185e-06,-0.5692531228368072,0.5692668085078058,0.02802471342558764
116.60000000000001,0.5692526814059097,0.5692663044114281,0.5692528849832941,0.013947119263480818,2.9713521549215014,0.9350326170079081,0.9380519280521632,0.9627846714768179,0.15579807660410153,0.15991407603704463,0.16042221123793307,2.8463315220571404,2.9713521549215014,2.9819345414569756,2.7568464550051226e-08,0.014594770993573794,0.18678159288100848,0.7308945237228384,0.7335725293985043,0.7553794422143766,0.9007778318039211,0.9018700397390931,0.9107264630793451,0.9490930263288243,0.9496673825928059,0.9543197862301102,1.0,0.0,0.0,0.0,0.0,1.9565505041119202e-06,-0.5692528849832941,0.5692663044114281,0.028024624009299278
116.80000000000001,0.5692524533481009,0.569265810429427,0.569252652584247,0.013947159543455103,2.9713494569912466,0.9350321215648505,0.9380515440208406,0.962784514988491,0.15579810192708912,0.15991414172034357,0.1604222962404362,2.846329052147135,2.9713494569912466,2.981931645325543,2.7569451427789e-08,0.014594816096014101,0.18678192487964712,0.7308940797900739,0.7335721858616843,0.7553793062805673,0.9007776494268562,0.9018698987714987,0.9107264084483814,0.949092930248647,0.9496673083495454,0.9543197576069867,1.0,0.0,0.0,0.0,0.0,1.8840681793724778e-06,-0.569252652584247,0.569265810429427,0.028024535923537694
117.0,0.5692522305542403,0.5692653263799076,0.5692524255311173,0.013947198963402251,2.97134681177774,0.9350316437430398,0.938051174304003,0.9627843658082743,0.15579812606748383,0.15991420495683337,0.16042237821977087,2.846326631899538,2.97134681177774,2.9819288052131867,2.7570415976547784e-08,0.01459486017043478,0.1867822492412609,0.7308936516462761,0.7335718551258071,0.7553791766949358,0.9007774735361662,0.9018697630554721,0.9107263563687052,0.949092837585623,0.9496672368719661,0.9543197303205737,1.0,0.0,0.0,0.0,0.0,1.8133992300967128e-06,-0.5692524255311173,0.5692653263799076,0.028024449151487416
117.2,0.569252012919129,0.5692648520839361,0.5692522037173312,0.013947237539578992,2.9713442183546626,0.9350311831075369,0.9380508185427968,0.962784223740996,0.1557981490568673,0.15991426580783713,0.16042245725054996,2.84632426041968,2.9713442183546626,2.981926020144542,2.7571358635557227e-08,0.014594903237203893,0.18678256611809818,0.7308932389017494,0.7335715368700089,0.7553790532879505,0.9007773039717635,0.9018696324593926,0.9107263067721838,0.9490927482554155,0.9496671680907538,0.9543197043351739,1.0,0.0,0.0,0.0,0.0,1.7445055694315093e-06,-0.5692522037173312,0.5692648520839361,0.028024363676471483
117.4,0.569251800339386,0.5692643873654738,0.5692519870381589,0.013947275287967296,2.9713416758103413,0.9350307382991527,0.9380504763859203,0.9627840885953287,0.15579817092619927,0.159914324333388,0.16042253356595979,2.846321936827369,2.9713416758103413,2.981923289159502,2.757227983632553e-08,0.014594945316332928,0.18678287565977295,0.7308928403386383,0.733571230780176,0.7553789358934154,0.9007771402333331,0.9018695068544089,0.9107262595920248,0.9490926619944485,0.9496671019380514,0.9543196796157924,1.0,0.0,0.0,0.0,0.0,1.677349771370129e-06,-0.5692519870381589,0.5692643873654738,0.028024279481974182
117.60000000000001,0.5692515927135523,0.5692639320513406,0.569251775390751,0.013947312224277206,2.971339183247537,0.9350303072991398,0.9380501474894833,0.9627839601841891,0.15579819170575263,0.15991438059225282,0.16042260751234794,2.846319660256703,2.971339183247537,2.9819206113130146,2.7573180002764477e-08,0.01459498642747661,0.1867831780132129,0.7308924541480987,0.7335709365488214,0.7553788243488246,0.9007769815777684,0.9018693861143864,0.9107262147629188,0.9490925784112385,0.9496670383474334,0.9543196561282117,1.0,0.0,0.0,0.0,0.0,1.6118951057519926e-06,-0.569251775390751,0.5692639320513406,0.02802419655163774
117.80000000000001,0.5692513899420175,0.5692634859711931,0.5692515686741635,0.013947348363947487,2.971336739783252,0.9350298923385593,0.9380498315168695,0.962783838324967,0.15579821142507663,0.15991443464195615,0.16042267870692567,2.8463174298559655,2.971336739783252,2.9819179856748748,2.7574059551303813e-08,0.014595026589933478,0.1867834733226236,0.730892082329256,0.7335706538749601,0.7553787184955544,0.90077682882636,0.901869270115858,0.9107261722211165,0.9490924979384597,0.9496669772538786,0.954319633839031,1.0,0.0,0.0,0.0,0.0,1.5481055834626334e-06,-0.5692515686741635,0.5692634859711931,0.028024114869241258
118.0,0.5692511919268858,0.5692630489574667,0.569251366789226,0.013947383722153383,2.971334344548534,0.9350294930149562,0.9380495281385981,0.9627837228387716,0.15579823011311866,0.15991448653880327,0.16042274721873473,2.8463152447873337,2.971334344548534,2.9819154113295214,2.75749188910063e-08,0.014595065822660704,0.186783761729677,0.7308917245215152,0.7335703824639864,0.7553786181782144,0.9007766818309735,0.9018691587379734,0.9107261319041681,0.9490924204980725,0.9496669185937442,0.9543196127155308,1.0,0.0,0.0,0.0,0.0,1.4859458628280198e-06,-0.569251366789226,0.5692630489574667,0.028024034418718806
118.2,0.5692509985720583,0.5692626208453272,0.5692511696385243,0.01394741831381178,2.97133199668827,0.935029106747107,0.9380492370321889,0.9627836135504861,0.1557982477982155,0.15991453633790356,0.16042281349062837,2.846313104226636,2.97133199668827,2.9819128873758327,2.757575842369124e-08,0.014595104144278817,0.18678404337353674,0.7308913784120292,0.7335701220275539,0.7553785232446905,0.9007765396414449,0.9018690518624493,0.9107260937509404,0.9490923455895104,0.9496668623047386,0.9543195927256815,1.0,0.0,0.0,0.0,0.0,1.4253812342379657e-06,-0.5692511696385243,0.5692626208453272,0.028023955184167306
118.4,0.569250809783233,0.5692622014726524,0.5692509771264628,0.013947452153580942,2.971329695361,0.9350287350735367,0.9380489578820336,0.9627835102892676,0.1557982645080124,0.1599145840931925,0.16042287725863635,2.846311007363262,2.9713296953610002,2.981910412926928,2.7576578544045014e-08,0.014595141573068697,0.1867843183907674,0.7308910453793858,0.7335698722834585,0.7553784335465821,0.9007764028241336,0.9018689493735219,0.9107260577017926,0.9490922735111447,0.9496668083258973,0.9543195738382348,1.0,0.0,0.0,0.0,0.0,1.366377692726961e-06,-0.5692509771264628,0.5692622014726524,0.02802387714982427
118.60000000000001,0.5692506254677501,0.5692617906799885,0.5692507891591656,0.01394748525586611,2.971327439738726,0.9350283770275001,0.9380486903792643,0.9627834128879674,0.15579828026955683,0.15991462985745403,0.16042293868861732,2.8463089533999426,2.971327439738726,2.9819079871099756,2.757737963972721e-08,0.014595178126983278,0.1867845869154777,0.7308907245573634,0.7335696329555229,0.7553783489386963,0.9007762710231811,0.9018688511578988,0.9107260236983731,0.9490922040755018,0.9496667565975576,0.9543195560226185,1.0,0.0,0.0,0.0,0.0,1.3089018753575932e-06,-0.5692507891591656,0.5692617906799885,0.028023800300073492
118.80000000000001,0.5692504455346169,0.5692613883104913,0.5692506056444041,0.013947517634826486,2.9713252290067174,0.935028032354327,0.938048434221624,0.9627833211828242,0.15579829510934817,0.15991467368234252,0.16042299782425967,2.8463069415524567,2.971325229006718,2.9819056090659872,2.757816209149161e-08,0.014595213823656986,0.18678484907942267,0.7308904157177818,0.7335694037734802,0.7553782692787828,0.9007761441448504,0.9018687571047126,0.9107259916835126,0.9490921372331996,0.9496667070613336,0.9543195392488797,1.0,0.0,0.0,0.0,0.0,1.2529210024064819e-06,-0.5692506056444041,0.5692613883104913,0.028023724619462984
119.0,0.5692502698945682,0.5692609942099062,0.5692504264916671,0.013947549304375511,2.9713230623633256,0.9350277004799481,0.9380481891133446,0.9627832350140332,0.15579830905324565,0.1599147156184038,0.16042305476405164,2.846304971049531,2.9713230623633256,2.981903277949635,2.7578926273295906e-08,0.014595248680402299,0.1867851050119041,0.7308901183462699,0.7335691844728642,0.755378194428029,0.90077602197783,0.901868667105475,0.9107259616014237,0.9490920728729151,0.9496666596600918,0.9543195234877893,1.0,0.0,0.0,0.0,0.0,1.1984029475720082e-06,-0.5692504264916671,0.5692609942099062,0.02802365009268814
119.2,0.5692500984599349,0.5692606082265371,0.5692502516121117,0.013947580278183993,2.9713209390197997,0.9350273818262999,0.9380479547650232,0.962783154225483,0.15579832212651087,0.15991475571509642,0.16042310943559673,2.8463030411326855,2.9713209390198,2.9819009929290563,2.7579672552398258e-08,0.014595282714216524,0.1867853548398403,0.7308898328209081,0.7335689747949,0.7553781242508291,0.9007759046774477,0.9018685810540319,0.9107259333976074,0.949092011076479,0.9496666143379283,0.9543195087107933,1.0,0.0,0.0,0.0,0.0,1.1453162213487245e-06,-0.5692502516121117,0.5692606082265371,0.0280235767045833
119.4,0.5692499311445943,0.5692602302111871,0.5692500809184571,0.013947610569687633,2.971318858200105,0.9350270763892071,0.9380477308934992,0.9627830786641906,0.1557983343538992,0.15991479402081213,0.16042316183960662,2.8463011510559353,2.971318858200105,2.9818987531856656,2.758040128947273e-08,0.014595315941794152,0.18678559868791847,0.7308895591379706,0.7335687744863925,0.7553780586142961,0.9007757922421771,0.9018684988465178,0.9107259070186579,0.9490919518430875,0.9496665710401452,0.9543194948899105,1.0,0.0,0.0,0.0,0.0,1.0936298856928373e-06,-0.5692500809184571,0.5692602302111871,0.028023504440144256
119.60000000000001,0.569249767864065,0.5692598600171296,0.5692499143250296,0.013947640192088996,2.971316819140733,0.9350267838255834,0.9380475172217357,0.9627830081807434,0.1557983457595883,0.15991483058289652,0.16042321203494045,2.846299300085648,2.9713168191407333,2.981896557913965,2.758111283872168e-08,0.014595348379525695,0.18678583667852916,0.7308892969900498,0.7335685832996225,0.7553779973886426,0.9007756845457312,0.901868420381314,0.9107258824124143,0.9490918951062104,0.9496665297132262,0.9543194819978121,1.0,0.0,0.0,0.0,0.0,1.0433135991388953e-06,-0.5692499143250296,0.5692598600171296,0.02802343328451887
119.80000000000001,0.569249608535418,0.5692594975000869,0.569249751747766,0.013947669158358615,2.971314821090539,0.9350265038005525,0.938047313478705,0.9627829426293685,0.15579835636716693,0.15991486544766872,0.16042326007904906,2.846297487500434,2.9713148210905396,2.9818944063213686,2.758180754796427e-08,0.014595380043499738,0.18678606893176272,0.7308890460770958,0.7335684009922429,0.7553779404472436,0.9007755814648462,0.9018683455590042,0.910725859527987,0.94909184080091,0.9496664903048164,0.9543194700078353,1.0,0.0,0.0,0.0,0.0,9.943376415855187e-07,-0.569249751747766,0.5692594975000869,0.028023363222993133
120.0,0.5692494530771761,0.5692591425181764,0.5692495931040968,0.013947697481241948,2.9713128633105526,0.9350262359869574,0.9380471193992708,0.9627828818672668,0.15579836619974263,0.159914898660441,0.1604233060280592,2.8462957125908823,2.971312863310553,2.9818922976280104,2.7582485758741923e-08,0.014595410949515782,0.18678629556557594,0.7308888061059738,0.7335682273271739,0.7553778876660578,0.9007754828790985,0.9018682742823337,0.9107258383155251,0.9490917888637449,0.949666452763698,0.9543194588938614,1.0,0.0,0.0,0.0,0.0,9.466728260881796e-07,-0.5692495931040968,0.5692591425181764,0.028023294241006483
