t,source_integral,heat_loss_surface,reactant_supply_surface,reactant_inventory,heat_inventory,J_min,J_mean,J_max,phi_min,phi_mean,phi_max,theta_min,theta_mean,theta_max,u_min,u_mean,u_max,A_min,A_mean,A_max,D_over_D0_min,D_over_D0_mean,D_over_D0_max,M_over_M0_min,M_over_M0_mean,M_over_M0_max,geometric_skin_thickness,functional_skin_thickness,A_functional_skin_thickness,D_functional_skin_thickness,M_functional_skin_thickness,surface_q,surface_n,surface_h,mean_abs_internal_h
0.0,0.019985933497311596,1.967741935483871e-05,0.6894955077750986,0.026012500000000004,4.9999999999999996e-05,1.2950064174641447,1.2999999999999998,1.3049935825358554,0.11494309397945156,0.11538546883058842,0.11582954182862426,1.6129032258064516e-06,4.9999999999999996e-05,9.838709677419355e-05,0.015006417464144738,0.02,0.024993582535855263,0.9969863314216022,0.9990408383580583,1.0,0.9989943333187392,0.9996799946510818,1.0,0.9994970899680228,0.9998399815031443,1.0,0.0,0.0,0.0,0.0,0.0,-0.0009405127121299428,-0.6894955077750986,1.967741935483871e-05,2e-05
0.2,0.08698422775949877,0.006099394435968281,0.3929299284945293,0.1093881150557525,0.010860957774845626,1.2965682824884832,1.30011191947692,1.3034374568972433,0.11508032027640684,0.11537507052006317,0.11569001187666518,0.0043492840481927746,0.010860957774845626,0.030496972179841403,0.01940056846537087,0.08429128160217758,0.4386715307221009,0.9979306089992451,0.9993912928157342,1.0,0.9993096582404601,0.9997969694718,1.0,0.999654803705982,0.9998984812751912,1.0,0.0,0.0,0.0,0.0,0.0,-0.00023580144384774404,-0.3929299284945293,0.006099394435968281,0.00541969188017163
0.4,0.13327836147447247,0.01407537805260059,0.33823572135165497,0.1594695906071305,0.031067115679087275,1.296661958754489,1.3001026251961814,1.302530136091944,0.11516048331139088,0.11537578496782355,0.11568165394786685,0.008871082234620986,0.031067115679087275,0.07074316102087098,0.017606703448857928,0.12286001668424461,0.5168061123547786,0.9979871954520942,0.9994902651846942,1.0,0.999328547974139,0.9998299838843898,1.0,0.9996642508545968,0.9999149893929581,1.0,0.0,0.0,0.0,0.0,0.0,0.0003129375603427992,-0.33823572135165497,0.01407537805260059,0.012862592239117725
0.6000000000000001,0.17113854583086188,0.02252002370749395,0.31382402676419907,0.19383631082808264,0.05796089095169056,1.2961426816202601,1.2999920302926997,1.302384282505232,0.11517338009597593,0.11538565034511697,0.11572799980052391,0.017572881652064297,0.05796089095169057,0.11395754593990365,0.01870228638602207,0.14935415772529384,0.5516799617654299,0.997673449565744,0.99941313907171,1.0,0.9992238040799108,0.9998042429106122,1.0,0.99961186512982,0.9999021164622396,1.0,0.0,0.0,0.0,0.0,0.0,0.0007819795578854205,-0.31382402676419907,0.02252002370749395,0.020200032282656474
0.8,0.20362941002935528,0.03115031297130687,0.30180681763636713,0.21770547757829428,0.09014743096490292,1.2952452297597954,1.2997934931876551,1.3027520131625272,0.11514086985432005,0.11540343019381462,0.11580818562660729,0.03362744116979452,0.09014743096490292,0.1583990630144344,0.024092576507454392,0.1678038008271981,0.5688474033766183,0.9971308125539597,0.9992322124249176,1.0,0.9990425931557454,0.9997438553803772,1.0,0.9995212293474278,0.999871916594541,1.0,0.0,0.0,0.0,0.0,0.0,0.0011960476033837236,-0.30180681763636713,0.03115031297130687,0.026333284800524926
1.0,0.23221618503000874,0.03987119154982831,0.2963188174822585,0.23379545732985382,0.12668755345007723,1.2941181351243234,1.2995158580490886,1.3033342483067027,0.11508943327076736,0.11542833607937605,0.11590904719497636,0.05751394199995539,0.12668755345007723,0.2039528512501476,0.03175068867677404,0.1802920241470536,0.5766874035967735,0.9964486070694586,0.9989840322509936,1.0,0.9988146807207184,0.9996609981683554,1.0,0.9994072233240574,0.9998304767876527,1.0,0.0,0.0,0.0,0.0,0.0,0.0015763352383155321,-0.2963188174822585,0.03987119154982831,0.03121406590191431
1.2000000000000002,0.25778689174290537,0.04866808746649686,0.29473856943155413,0.24380487412590976,0.1668800450677466,1.2928672785715163,1.2991639621182276,1.3039358970954218,0.11503632987950713,0.11545993242092889,0.11602118986701743,0.08845384604201291,0.1668800450677466,0.2499698299177371,0.03963347747733048,0.188114653201001,0.5789449008120655,0.9956905554096595,0.9986950630069846,1.0,0.9985613073981414,0.9995644892168989,1.0,0.9992804660239654,0.9997822050199722,1.0,0.0,0.0,0.0,0.0,0.0,0.0019414145645640646,-0.29473856943155413,0.04866808746649686,0.03475004446860192
1.4000000000000001,0.2809124411607974,0.05756433840657971,0.2956949480506323,0.2489065211002653,0.21016592177243462,1.29155971694418,1.298739366621929,1.304450866668629,0.1149909159730005,0.11549806753453344,0.11613864851320914,0.12531195092844866,0.21016592177243462,0.2968251537415261,0.04639895216516319,0.19216644767539062,0.5775786456419538,0.9948970847193526,0.9983797060617833,1.0,0.9982959577130993,0.9994591285553125,1.0,0.999147699962726,0.9997295009515871,1.0,0.0,0.0,0.0,0.0,0.0,0.002305191723144126,-0.2956949480506323,0.05756433840657971,0.037306777334485716
1.6,0.3019430517425456,0.0665941314626592,0.2984040317821508,0.2499732891317487,0.2560710989164302,1.2902205996095457,1.2982413955993988,1.3048288532812924,0.11495760507042015,0.11554279019754796,0.1162591885801497,0.16695259092641362,0.2560710989164302,0.34488066775882603,0.05135181472775455,0.19311497300459043,0.5737085260254988,0.9940833460231365,0.9980480180526672,1.0,0.9980236834807692,0.9993482684388305,1.0,0.9990114509046268,0.9996740405039295,1.0,0.0,0.0,0.0,0.0,0.0,0.002676154772683084,-0.2984040317821508,0.0665941314626592,0.0392332047041081
1.8,0.3210661743642099,0.07578605974836405,0.3023893294998323,0.2477024526875966,0.3041677711600598,1.288866114478714,1.2976681669713956,1.305051764234667,0.11493796959691159,0.1155942648216919,0.11638136678041845,0.21234910582426636,0.3041677711600598,0.393826057461747,0.05424877620981457,0.1914947868539511,0.5680152435716681,0.9932591147891128,0.9977020481477744,1.0,0.9977477469510092,0.999232589531716,1.0,0.9988733502288153,0.9996161636634042,1.0,0.0,0.0,0.0,0.0,0.0,0.0030580608121459213,-0.3023893294998323,0.07578605974836405,0.04058369347386421
2.0,0.33835574213410435,0.08515480077111814,0.3073432488517201,0.242688982940017,0.35404922299773706,1.2874929410872868,1.2970174205990104,1.3051191726809384,0.11493203313523799,0.11565270021203768,0.11650549312784977,0.2606002560548318,0.35404922299773706,0.443710320781387,0.05513354907005429,0.18776260053407348,0.5609382159261141,0.9924223244133421,0.9973351556437696,1.0,0.9974674496462134,0.9991098722733904,1.0,0.9987330475199148,0.9995547600320175,1.0,0.0,0.0,0.0,0.0,0.0,0.003451140681561049,-0.3073432488517201,0.08515480077111814,0.04154958554148599
2.2,0.3538212206852216,0.09469815674521542,0.3130506569097082,0.23546904814931086,0.4053149687883666,1.2860889611544162,1.2962871046915316,1.3050395379862283,0.1149390463920051,0.1157182967720503,0.11663267824440181,0.310918555217265,0.40531496878836665,0.4949328750172543,0.054222115644247317,0.18233003852809027,0.552784775843274,0.9915655230406973,0.9969475556856039,1.0,0.9971802859926189,0.9989801789606836,1.0,0.9985892874177821,0.9994898595691146,1.0,0.0,0.0,0.0,0.0,0.0,0.0038532540209851446,-0.3130506569097082,0.09469815674521542,0.04246099162550775
2.4000000000000004,0.36744765269871377,0.10439733684260943,0.31934580201046986,0.22654247601611135,0.4575654136551503,1.284639979161705,1.2954757536739459,1.304825061445649,0.11495793913845521,0.11579121089586655,0.11676423156150167,0.3626134895628509,0.4575654136551503,0.5471066066910892,0.05182546458325209,0.17558064856064964,0.5437917114136145,0.9906799433414762,0.9965321280099929,1.0,0.9968833031371572,0.9988411232007975,1.0,0.9984405898436095,0.9994202675939962,1.0,0.0,0.0,0.0,0.0,0.0,0.004260813717577,-0.31934580201046986,0.10439733684260943,0.04332002818529797
2.6,0.37923446516839665,0.11421920247699757,0.32608832660667075,0.2163808126326362,0.5104041604483549,1.2831328319082338,1.2945827043884703,1.304488693777356,0.11498758150647588,0.11587153343068259,0.1169013809559567,0.4150798499423361,0.5104041604483549,0.5998458208503155,0.04829829134299885,0.16787610491945418,0.5341595334190418,0.9897573943567619,0.9960816117593834,1.0,0.9965737341772477,0.998690269202036,1.0,0.9982855669015485,0.9993447644098431,1.0,0.0,0.0,0.0,0.0,0.0,0.004669478085585724,-0.32608832660667075,0.11421920247699757,0.044126594403816784
2.8000000000000003,0.38922574207587873,0.1241196740656778,0.33315117453708415,0.20542512841586238,0.5634464719239474,1.2815571504942005,1.293608193321305,1.3040425578912247,0.11502692077976805,0.11595927888015421,0.11704511183301988,0.46779234361732264,0.5634464719239474,0.6528946005119686,0.04400158179350109,0.15955465171166247,0.5240697506613083,0.9887913428435978,0.9955938115203488,1.0,0.9962493613076631,0.9985268677667678,1.0,0.9981231047666195,0.9992629732733592,1.0,0.0,0.0,0.0,0.0,0.0,0.0050746738590756735,-0.33315117453708415,0.1241196740656778,0.044929020662833295
3.0,0.3975269687232396,0.13404787616723515,0.3404162728627869,0.1940772156044306,0.6163319572637139,1.2799061272388588,1.2925533606283106,1.3034971705069314,0.11507504841124039,0.11605438323346191,0.1171960949383022,0.520305563531918,0.6163319572637139,0.7059680810723231,0.03927526887429169,0.15092449250371537,0.5136910387674473,0.9877773937196728,0.9950635648485314,1.0,0.9959086784193331,0.9983491792395812,1.0,0.9979524452804776,0.9991740220893113,1.0,0.0,0.0,0.0,0.0,0.0,0.005471989848072942,-0.3404162728627869,0.13404787616723515,0.045754185007154176
3.2,0.4043102535129368,0.1439505264945715,0.34777453242417605,0.18268833502715473,0.6687385086949652,1.2781767035970362,1.2914201861929075,1.3028611844819953,0.11513122179600316,0.1161567081609417,0.11735466589077317,0.5722565462174118,0.6687385086949652,0.7587757917647245,0.03441765454903112,0.14225525882801535,0.5031792393940342,0.9867134204087247,0.9944862940764981,1.0,0.9955509368073988,0.998155658164017,1.0,0.997773209085705,0.9990771357556605,1.0,0.0,0.0,0.0,0.0,0.0,0.0058574862387040655,-0.34777453242417605,0.1439505264945715,0.04661209700009715
3.4000000000000004,0.40980468776644974,0.15377621295976815,0.3551284554610102,0.1715486399763298,0.7203949529673672,1.2763692876979476,1.2902113717036117,1.3021414106836962,0.11519486191691093,0.11626605034899123,0.1175208471762425,0.6233665920543445,0.7203949529673672,0.8111553622879647,0.029671943571401058,0.13376993333550707,0.49267363505569967,0.9855994087447021,0.9938579954157245,1.0,0.9951760949825692,0.9979449500833211,1.0,0.9975853707661023,0.9989716346184031,1.0,0.0,0.0,0.0,0.0,0.0,0.0062279177636289235,-0.3551284554610102,0.15377621295976815,0.04754636732936713
3.6,0.4142751289100705,0.1634790227764701,0.3623952257859042,0.16088035855253235,0.771089751332139,1.2744871973712857,1.2889301851159103,1.3013430260414145,0.11526553491148946,0.11638215451463065,0.11769439529042343,0.673440060881292,0.771089751332139,0.862859864900392,0.02521951391694848,0.12563959166396976,0.4822925345915654,0.9844371320074536,0.9931736186563898,1.0,0.9947847117349641,0.9977153516437115,1.0,0.9973892055598585,0.9988566645822093,1.0,0.0,0.0,0.0,0.0,0.0,0.006580871578723682,-0.3623952257859042,0.1634790227764701,0.04854280804100924
3.8000000000000003,0.41799483709145185,0.17302114776646815,0.3695091428290901,0.15083656625691788,0.8206740362610082,1.2725359389441873,1.2875802897998812,1.3004698501463157,0.11534292777577544,0.11650472809224113,0.11787486341993121,0.7223583028328587,0.8206740362610082,0.9135520864291071,0.021179793753653673,0.11798238683588111,0.47212979595844273,0.9832297226890003,0.9924227919157179,1.0,0.9943778042089874,0.9974633851423925,1.0,0.9971852185098556,0.9987304844268392,1.0,0.0,0.0,0.0,0.0,0.0,0.006914814050533527,-0.3695091428290901,0.17302114776646815,0.04952562711322308
4.0,0.4212181759687227,0.18237425425403164,0.37642255425926224,0.14150579849810116,0.8690587477536907,1.27052242409937,1.2861655728712753,1.2995246965670058,0.1154268175097092,0.1166334563028693,0.11806167065987039,0.7700684466597507,0.8690587477536907,0.9630973779990862,0.017616543705800892,0.11086699521070444,0.46225349391533965,0.9819812022369785,0.9915774800036198,0.9997138222568389,0.9939566913538235,0.9971796827910023,0.9999045888711332,0.9969740662255255,0.9985884079613818,0.999952298020569,0.0,0.0,0.0,0.0,0.0,0.007229049615251518,-0.37642255425926224,0.18237425425403164,0.050479374534107786
4.2,0.4241637114181389,0.19151964759596346,0.3831051060335694,0.13292139103395315,0.9162069860328258,1.2684541906017641,1.2846899822488946,1.2985096637898421,0.11551704556607506,0.11676801674714289,0.11825417197671038,0.8165707335266551,0.9162069860328258,1.0114137785763377,0.014546779169236157,0.10431969947506513,0.4527069913806151,0.9806960081963331,0.9906730261609181,0.9991022037890647,0.9935228358530841,0.9968760039197467,0.9997006153437996,0.99675647780229,0.9984363113659925,0.9998503112869793,0.0,0.0,0.0,0.0,0.0,0.007523603887216332,-0.3831051060335694,0.19151964759596346,0.05138944103354866
4.4,0.4269957637572915,0.2004473028756767,0.3895414455959429,0.125073510850642,0.9621233217909012,1.266338799361862,1.283157404194265,1.2974263304790306,0.11561350072540735,0.11690809050835008,0.1184517129820144,0.861904738874363,0.9621233217909012,1.0584651478633005,0.011950400604408058,0.0983335562530817,0.4435122205772244,0.979378625422568,0.9897322242109913,0.9984487192898855,0.9930777204662885,0.9965599302261166,0.9994825875628541,0.9965331929096253,0.9982779829486182,0.9997412859235346,0.0,0.0,0.0,0.0,0.0,0.0077990626384475265,-0.3895414455959429,0.2004473028756767,0.052243068777929946
4.6000000000000005,0.4298245965683572,0.2091543063193867,0.39572805248101167,0.11792321710162314,1.0068408779777822,1.2641833565374352,1.2815715657191196,1.2962761519761088,0.115716083931138,0.11705337120207127,0.11865367410851384,0.9061304263092591,1.0068408779777822,1.1042516654904706,0.009786401185567107,0.09287916143002962,0.43467421074141194,0.9780332903359948,0.9887572106968677,0.9977541081553027,0.9926227484090115,0.9962321583859747,0.9992507340033756,0.9963049118578836,0.9981137690222291,0.9996253338960276,0.0,0.0,0.0,0.0,0.0,0.008056393281054008,-0.39572805248101167,0.2091543063193867,0.053030950435448074
4.800000000000001,0.4327133578291592,0.21764298170934865,0.4016697805176861,0.11141453178552746,1.0504100277731772,1.261994230110724,1.2799359766564862,1.2950606131985758,0.11582469459056896,0.11720357050657895,0.11885949746920743,0.9493173789769181,1.0504100277731772,1.14879922936217,0.008002225333476503,0.08791391583289303,0.426186027831877,0.9766638125333145,0.9877499972306543,0.997019122914775,0.9921591828792885,0.9958933440798556,0.9990052867988765,0.9960722652388708,0.997943995483142,0.9995025689065714,0.0,0.0,0.0,0.0,0.0,0.008296777687792745,-0.4016697805176861,0.21764298170934865,0.05374700871480695
5.0,0.43568852038775713,0.2259190567857765,0.40737664179625266,0.10548429400300972,1.0928890332111545,1.2597769018879987,1.2782539009438376,1.2937813490183427,0.11593921964775004,0.11735842104387426,0.11906870158930398,0.9915356555592827,1.0928890332111547,1.1921495719113724,0.006542095631515552,0.08338961115576939,0.4180333688624962,0.9752734784439117,0.9867124517035214,0.9962446028340329,0.991688113989057,0.9955440955295048,0.9987465064129502,0.9958357972740101,0.997768964554521,0.9993731187447646,0.0,0.0,0.0,0.0,0.0,0.008521469039008092,-0.40737664179625266,0.2259190567857765,0.054388095562479775
5.2,0.43875119721877265,0.2339901412747989,0.4128612415316473,0.10006906913676508,1.1343373714641234,1.2575359705911802,1.2765283534215175,1.2924401972951194,0.11605952856768705,0.11751767689303858,0.11928088222357847,1.0328502795463887,1.1343373714641234,1.234352397630002,0.005352389783162644,0.07925776124531048,0.4101982263833609,0.9738650482390332,0.985646295326119,0.9954315072775579,0.9912104570803074,0.9951849723723144,0.9984746929361256,0.9955959648904671,0.9975889542061268,0.9992371309571483,0.0,0.0,0.0,0.0,0.0,0.008731693696357373,-0.4128612415316473,0.2339901412747989,0.05495345393018828
5.4,0.4418874484755958,0.24186459234886246,0.4181369531334224,0.09510943750529204,1.1748115122769198,1.2552752233330435,1.2747621119294938,1.2910392074228407,0.11618547224404475,0.11768111265104929,0.11949570676756895,1.0733183213463529,1.1748115122769198,1.275459694245598,0.004384848976782145,0.07547292202249609,0.4026614955236823,0.972440795443233,0.9845531093091021,0.9945809224014959,0.9907269654751276,0.9948164878056721,0.9981901885081083,0.9953531440382959,0.9974042192158961,0.9990947740818553,0.0,0.0,0.0,0.0,0.0,0.00892858926552649,-0.4181369531334224,0.24186459234886246,0.055444141782776415
5.6000000000000005,0.44507663305961453,0.24955073862263333,0.4232167352506157,0.09055224158253522,1.214362634745156,1.2529977577004365,1.2729577382538315,1.2895806179766185,0.11631688465925723,0.11784852162356164,0.11971290377668944,1.1129879653636936,1.214362634745156,1.3155220325860673,0.0035980439984164524,0.07199443970238568,0.39540466392769175,0.9710025788214777,0.9834343472526824,0.9936940491958217,0.9902382542257124,0.994439112685516,0.9978933735181684,0.9951076415372129,0.9972149932149399,0.9989462357721489,0.0,0.0,0.0,0.0,0.0,0.009113174178959016,-0.4232167352506157,0.24955073862263333,0.05586249738369006
5.800000000000001,0.44829655527649204,0.25705645886838036,0.4281125607514999,0.08635115157795589,1.2530359623362728,1.2507061141152107,1.2711176031189333,1.2880668128422674,0.11645358649448297,0.11801971358890306,0.11993225131558165,1.1518990523531345,1.2530359623362728,1.354586659285453,0.002957455608178967,0.06878689781246689,0.38841062749785726,0.9695519216143181,0.9822913502751098,0.9927721783855951,0.9897448264698067,0.9940532805793474,0.9975846584026415,0.9948597082455783,0.9970214912149501,0.9987917187160142,0.0,0.0,0.0,0.0,0.0,0.009286342290308752,-0.4281125607514999,0.25705645886838036,0.056211674187679736
6.0,0.4515266451793109,0.264388974140837,0.43283518533479576,0.08246641684462126,1.290870901683572,1.2484023969502898,1.2692439104689648,1.2865002709825466,0.11659538935459345,0.11819451259019909,0.12015356616298843,1.1900841649528449,1.290870901683572,1.3926966822011404,0.0024349346283426593,0.06581993354047448,0.3816640209502917,0.9680900846436596,0.9811253618679152,0.9918166612669738,0.989247097829922,0.9936593927500705,0.9972644740589015,0.994609551262362,0.9968239121038069,0.9986314358605606,0.0,0.0,0.0,0.0,0.0,0.009448869389011447,-0.43283518533479576,0.264388974140837,0.05649529460735188
6.2,0.45474940051303586,0.27155479632259266,0.43739414724266357,0.07886414648261997,1.3279016552089988,1.2460883824640956,1.2673387196456243,1.2848835175641182,0.11674209992542355,0.11837275489565989,0.12037669406995057,1.2275699599405856,1.3279016552089988,1.4298909826359014,0.002007816620962102,0.06306768717956227,0.3751512182247662,0.9666181320025713,0.9799375415648557,0.9908288811154263,0.9887454184127578,0.9932578227565192,0.9969332624199463,0.994357344938516,0.9966224409511119,0.9984656057129911,0.0,0.0,0.0,0.0,0.0,0.00960142793666327,-0.43739414724266357,0.27155479632259266,0.05671719156843916
6.4,0.45795061201209164,0.27855976458129333,0.4417978927353801,0.07551541214320694,1.3641580240412694,1.2437597190657823,1.2654039645583066,1.2832190804219894,0.11689352370810459,0.11855428722154515,0.12060207265167631,1.2643784707481436,1.3641580240412694,1.4662045360419136,0.0016579442078100484,0.06050811147299853,0.36886015323517124,0.9651332259174191,0.978728976816086,0.9898102275708662,0.9882388077653262,0.9928489204591567,0.9965914679923411,0.994102594628057,0.9964172510168088,0.9982944481196053,0.0,0.0,0.0,0.0,0.0,0.009744603268235508,-0.4417978927353801,0.27855976458129333,0.056881234208704855
6.6000000000000005,0.46111911918430276,0.2854091219920239,0.4460539338984178,0.0723954041010418,1.3996661772093986,1.241420331061632,1.263441469365062,1.2815094554031365,0.11704946800631531,0.11873896527418563,0.12082934059225829,1.300528180026794,1.3996661772093986,1.5016688940138625,0.0013707878693488202,0.058122320896401757,0.36278009443083165,0.9636377973650468,0.9775006927167487,0.9887620761771259,0.9877280816361798,0.9924330153056105,0.9962395310890196,0.9938457087342099,0.9962085053991692,0.9981181808892443,0.0,0.0,0.0,0.0,0.0,0.009878909530740498,-0.4460539338984178,0.2854091219920239,0.05699122626176772
6.800000000000001,0.4642463633546768,0.29210759955509724,0.4501690027502199,0.06948270192266032,1.4344493205512547,1.2390744517005772,1.2614529613774321,1.2797570810419745,0.11720974411633685,0.11892665254846972,0.12105810090275959,1.3360348793831314,1.4344493205512547,1.5363126681613168,0.0011347015186666152,0.0558940289517032,0.35690142464254293,0.96213449965835,0.9762536600164763,0.9876857733941948,0.9872141351003136,0.992010419037692,0.9958778828688224,0.9935871359821999,0.9959963583928874,0.9979370173178236,0.0,0.0,0.0,0.0,0.0,0.010004803132128537,-0.4501690027502199,0.29210759955509724,0.05705084156056332
7.0,0.46732585255563036,0.2986594991103716,0.4541491917744944,0.06675866344822305,1.4685282600115375,1.2367231919268655,1.2594400814446354,1.2779643213206586,0.11737416882263879,0.11911721936352171,0.12128825672484869,1.3709123289240424,1.4685282600115375,1.5701619944635894,0.0009403140005488773,0.053809076525239856,0.35121544032215074,0.9606240043008715,0.974988801548926,0.9865826263693724,0.9866971882976966,0.9915814278640502,0.9955069419493815,0.9933269858531052,0.9957809565790775,0.9977511644978404,0.0,0.0,0.0,0.0,0.0,0.010122693743243122,-0.4541491917744944,0.2986594991103716,0.05706359398659757
7.2,0.47035269483196196,0.3050687670181625,0.45800006815540867,0.06420693823804592,1.5019218500946887,1.2343675821657858,1.257404392439296,1.2761334546901661,0.11754256535529715,0.11931054207806839,0.1215197176005014,1.4051727449914315,1.5019218500946887,1.6032409327421673,0.0007800503850836768,0.051855056490792,0.3457141883494161,0.9591069376983056,0.9737069974664843,0.9854538963953073,0.9861774467861572,0.9911463242281401,0.995127112239176,0.9930653605935968,0.9955624397121576,0.9975608222361825,0.0,0.0,0.0,0.0,0.0,0.010232953273510592,-0.45800006815540867,0.3050687670181625,0.057032825649765403
7.4,0.47332327840705235,0.31133905460949235,0.4617267632356193,0.06181309289898472,1.534647338208733,1.232008587372097,1.2553473860268762,1.27426666933829,0.11771476380049478,0.1195065024711743,0.12175239810621247,1.4388271481975436,1.5346473382087331,1.6355717908337297,0.0006477699698946685,0.050021025175752847,0.34039033823482956,0.9575838903290209,0.9724090893821677,0.984300796092219,0.985655104622716,0.9907053782042314,0.9947387820070778,0.9928023567597196,0.9953409414198214,0.9973661825901313,0.0,0.0,0.0,0.0,0.0,0.01033592243363543,-0.4617267632356193,0.31133905460949235,0.05696170648730719
7.6000000000000005,0.4762349715746984,0.3174737677274911,0.46533404387784133,0.05956430545474075,1.5667206442217163,1.229647117931412,1.253270488384736,1.2723660616341879,0.11789060123730792,0.11970498722327166,0.1219862168687381,1.471885635288385,1.5667206442217163,1.6671753926845765,0.0005384753056731856,0.04829726710060049,0.33523708017451237,0.9560554233577878,0.9710958838464399,0.9831244884632978,0.9851303465843868,0.9902588486676557,0.9943423235718282,0.9925380663294203,0.9951165897896398,0.9971674297127484,0.0,0.0,0.0,0.0,0.0,0.010431915917108278,-0.46533404387784133,0.3174737677274911,0.056853237698284625
7.800000000000001,0.47908589173586263,0.3234761076753778,0.468826368610234,0.057449121896249795,1.5981565815409144,1.2272840372464784,1.2511750650204496,1.2704336369220888,0.11806992167131904,0.11990588748382808,0.12222109588953704,1.5043575815310448,1.5981565815409144,1.6980712972387493,0.0004480848835769919,0.04667510784547205,0.3302480448425228,0.9545220731895432,0.9697681552510227,0.9819260873386552,0.9846033496933065,0.9898069842701459,0.9939380934515598,0.9922725774661457,0.994889507857736,0.9969647399279152,0.0,0.0,0.0,0.0,0.0,0.01052122647843097,-0.468826368610234,0.3234761076753778,0.05671025807771003
8.0,0.48187475157326803,0.32934910374752946,0.4722079311082773,0.05545726358288806,1.628969030028953,1.2249201665989076,1.2490624248712523,1.2684713121996634,0.11825257580314066,0.12010909850845558,0.12245696012703214,1.5362517901458488,1.628969030028953,1.7282779733228406,0.00037325794717943904,0.045146766345515725,0.3254172412738895,0.9529843543124874,0.9684266482741468,0.9807066589426001,0.9840742841615254,0.9893500242589972,0.9935264328867878,0.9920059749910216,0.9946598140189686,0.9967582819919754,0.0,0.0,0.0,0.0,0.0,0.010604127989552278,-0.4722079311082773,0.32934910374752946,0.056535451804184955
8.200000000000001,0.48460076980657585,0.33509563821499355,0.47548269284170597,0.053579473675192356,1.659171072053052,1.2225562883497527,1.2469338237835095,1.2664809199375233,0.11843842069677578,0.12031451935613159,0.12269373723681468,1.5675766051262972,1.659171072053052,1.7578129371594655,0.0003112594519031303,0.04370523745152513,0.3207390102261343,0.9514427610954035,0.9670720799294662,0.9794672241416629,0.9835433139804282,0.9888881991610758,0.9931076685899379,0.9917383406765059,0.9944276223691696,0.9965482174685931,0.0,0.0,0.0,0.0,0.0,0.01068087773337631,-0.47548269284170597,0.33509563821499355,0.056331356144317696
8.4,0.4872635661675393,0.340718467075969,0.47865441034365835,0.05180738454778953,1.6887751087751004,1.22019314857996,1.2447904676097838,1.2644642120926228,0.11862731943338892,0.12052205262275005,0.12293135736302686,1.598340007435953,1.6887751087751004,1.7866928678094178,0.00025984614330378067,0.04234419051147241,0.31620798522334514,0.949897769242104,0.9657051413737201,0.9782087607965676,0.9830105973947397,0.9884217313850312,0.9926821135281799,0.9914697534821934,0.9941930430063182,0.9963347011201051,0.0,0.0,0.0,0.0,0.0,0.010751718327505405,-0.47865441034365835,0.340718467075969,0.05610036784596117
8.6,0.4898630631421232,0.3462202374238438,0.4817266580952054,0.05013340543766603,1.7177929572107826,1.2178314592728818,1.2426335150031755,1.2624228641333846,0.11881914076625227,0.12073160420315593,0.12316975297185948,1.6285496929005188,1.7177929572107826,1.8149337041944107,0.00021717291674290925,0.04105788347693946,0.31181905986399233,0.9483498369645557,0.9643264995246406,0.9769322061104669,0.9824762872816104,0.9879508357593308,0.992250067703872,0.9912002897430165,0.9939561822995163,0.9961178812975406,0.0,0.0,0.0,0.0,0.0,0.010816879338215582,-0.4817266580952054,0.3462202374238438,0.05584474919627733
8.8,0.49239943681335496,0.35160350103143156,0.48470284608903014,0.04855063185460868,1.7462359265542502,1.2154718999995493,1.240464079910311,1.2603584790984417,0.11901375877385126,0.12094308308194694,0.12340885873219744,1.6582131288835202,1.7462359265542502,1.84255072298834,0.00018172132306092863,0.039841093884290656,0.30756736272995683,0.9467994058443563,0.9629367984882781,0.9756384589915922,0.9819405314236672,0.9874757200055507,0.9918118189392856,0.9909300233041552,0.9937171431254519,0.9958979003327253,0.0,0.0,0.0,0.0,0.0,0.01087657855590056,-0.48470284608903014,0.35160350103143156,0.05556663446677373
9.0,0.49487307883677945,0.35687072521716995,0.48758623399001744,0.0470527684751781,1.7741148818054995,1.2131151193621177,1.2382832338191314,1.2582725915657411,0.11921105252189142,0.1211564011476731,0.1236486114185711,1.6873375995874036,1.7741148818054997,1.8695586030806595,0.00015224169967153513,0.03868906019344236,0.3034482371571179,0.9452469015459314,0.961536660831358,0.9743283823571199,0.9814034727318439,0.9869965851590194,0.9913676436412985,0.9906590256307322,0.9934760250784125,0.9956748949203209,0.0,0.0,0.0,0.0,0.0,0.010931023049650171,-0.48758623399001744,0.35687072521716995,0.05526803596753356
9.200000000000001,0.49728455898357476,0.3620243017433319,0.4903799432012856,0.0456340621556869,1.8014402979668265,1.2107617363290453,1.2360920077928461,1.2561666714289412,0.11941090574339855,0.12137147302724216,0.1238889498232664,1.7159302443340676,1.8014402979668265,1.89597147973937,0.00012770510231683319,0.03759743085224619,0.2994572239981635,0.9436927344675706,0.9601266887194265,0.9730028053161274,0.9808652494475157,0.9865136259439578,0.990917807525293,0.9903873659071571,0.9932329246574599,0.9954489964794162,0.0,0.0,0.0,0.0,0.0,0.010980410067261137,-0.4903799432012856,0.3620243017433319,0.05495084932845607
9.4,0.49963458236724895,0.367066554436795,0.49308696750684716,0.04428924285983321,1.8282223068511174,1.2084123415536987,1.233891394355563,1.2540421273936653,0.11961320654494442,0.12158821593400909,0.1241298146683438,1.743998089898523,1.8282223068511174,1.9218029918228006,0.00010726253381147307,0.03656221936551601,0.29559004641878966,0.9421373003903292,0.9587074649633941,0.9716625251778851,0.9803259953446615,0.9860270311177629,0.9904625662801475,0.9901151111365739,0.992987935438139,0.9952203314855853,0.0,0.0,0.0,0.0,0.0,0.011024927840953158,-0.49308696750684716,0.367066554436795,0.05461685845637471
9.600000000000001,0.5019239671920095,0.37199974533343877,0.4957101817135586,0.04301347398325057,1.8544707350565328,1.2060674986290245,1.2316823492305826,1.2519003101774422,0.11981784714051173,0.12180654952960258,0.12437114852237523,1.7715480740034744,1.8544707350565328,1.947066321355037,9.021321085628282e-05,0.03557976661663662,0.29184259755205905,0.9405809810936169,0.9572795539745306,0.9703083092755258,0.9797858399212815,0.9855369837843377,0.990002166170921,0.9898423262349741,0.9927411482286571,0.994989021771707,0.0,0.0,0.0,0.0,0.0,0.011064756277668272,-0.4957101817135586,0.37199974533343877,0.05426774068814387
9.8,0.5041536289847329,0.37682607968226356,0.4982523489768042,0.04180230921715566,1.8801951359222648,1.203727745283076,1.2294657929416357,1.2497425154868216,0.12002472360602165,0.12202639579864502,0.12461289572146989,1.7985870634109327,1.8801951359222648,1.9717742272793572,7.597895920475105e-05,0.034646708193994284,0.2882109300331368,0.9390241449403383,0.9558435026338581,0.9689408966514425,0.9792449085810357,0.9850436616783937,0.9895368445949413,0.9895690741204635,0.9924926512114917,0.9947551848054266,0.0,0.0,0.0,0.0,0.0,0.011100067559247126,-0.4982523489768042,0.37682607968226356,0.05390507183220258
10.0,0.506324557417177,0.3815477102456051,0.5007161274789965,0.04065165369593836,1.9054048176426412,1.2013935945334346,1.2272426123031783,1.2475699868359635,0.12023373564830933,0.12224767893380979,0.12485500229277734,1.8251218696026499,1.9054048176426412,1.9959390752793984,6.408211241287453e-05,0.033759944936309016,0.28469124645857635,0.9374671474433471,0.9543998410927713,0.9675609996454896,0.9787033228091654,0.9845472374264694,0.9890668306052756,0.9892954157997284,0.9922425300733119,0.9945189339502889,0.0,0.0,0.0,0.0,0.0,0.011131026684186002,-0.5007161274789965,0.3815477102456051,0.05353033081047845
10.200000000000001,0.5084377982257698,0.3861667409277871,0.5031040763219946,0.03955773002440872,1.9301088669495592,1.1990655358022848,1.2250136618107168,1.2453839181558783,0.12044478639335156,0.12247032523011034,0.12509741588030568,1.8511592609331615,1.9301088669495592,2.01957286381908,5.4127438261444055e-05,0.032916617206404014,0.2812798909685791,0.9359103318142459,0.9529490835121155,0.9661693053541429,0.9781612003430552,0.9840478787871512,0.9885923453907712,0.9890214104518845,0.9919908681244668,0.994280378705108,0.0,0.0,0.0,0.0,0.0,0.01115779195239773,-0.5031040763219946,0.3861667409277871,0.05314490416031972
10.4,0.510494445148979,0.3906852297219747,0.5054186605475351,0.03851704893804213,1.954316168631227,1.1967440359899437,1.2227797649334238,1.2431854561609919,0.12065778219703938,0.12269426298825865,0.12534008567330804,1.8767059709436562,1.9543161686312271,2.042687246540473,4.5788049289814895e-05,0.03211408272721889,0.27797334207494967,0.9343540294929327,0.9514917287409562,0.9647664769391646,0.9776186553368754,0.9835457488708654,0.9881136027052855,0.9887471155094236,0.9917377464082193,0.994039624917856,0.0,0.0,0.0,0.0,0.0,0.0111805153922757,-0.5054186605475351,0.3906852297219747,0.05275009052899933
10.600000000000001,0.5124956284484652,0.3951051912480472,0.5076622557267523,0.03752638280658604,1.9780354226173058,1.1944295405125986,1.2205417153271398,1.2409757025489487,0.12087263247129001,0.1229194224253751,0.1255829623366702,1.9017687048006315,1.9780354226173058,2.0652935523962586,3.87934682768344e-05,0.03134989655422052,0.2747682061046396,0.9327985606615643,0.9500282609464815,0.9633531548336186,0.9770757985215729,0.9830410063431223,0.9876308092623236,0.9884725867368979,0.9914832438016761,0.9937967749822124,0.0,0.0,0.0,0.0,0.0,0.01119934315057508,-0.5076622557267523,0.3951051912480472,0.05234710504200761
10.8,0.5144425034352383,0.39942859896884525,0.5098371522178973,0.03658274192246719,2.0012751586720716,1.1921224742931624,1.2183002779756384,1.2387557160830862,0.12108924952071756,0.12314573559230628,0.1258259979444969,1.9263541441801917,2.0012751586720716,2.0874028037045687,3.2919572925252495e-05,0.030621793155448156,0.2716612111172896,0.9312442347352887,0.9485591502000095,0.9619299578768109,0.9765327373575332,0.9825338056128801,0.9871441651058394,0.9881978783059886,0.9912274371092424,0.9935519280221782,0.0,0.0,0.0,0.0,0.0,0.011214415849172724,-0.5098371522178973,0.39942859896884525,0.05193708346617538
11.0,0.5163362420445078,0.4036573870753019,0.5119455590206449,0.035683353481786854,2.024043748791284,1.189823242695668,1.2160561902644262,1.2365265145400455,0.121307548391549,0.12337313629714428,0.12606914591797638,1.9504689504901833,2.024043748791284,2.109025732229572,2.7980419514156225e-05,0.02992767054336389,0.26864920139907866,0.9296913508229706,0.9470848530218315,0.9604974843670757,0.9759895761775138,0.9820242970069507,0.9866538639534101,0.9879230428657392,0.9909704011490706,0.9933051800628497,0.0,0.0,0.0,0.0,0.0,0.01122586890630746,-0.5119455590206449,0.4036573870753019,0.051521086242439944
11.200000000000001,0.5181780276814445,0.4077934520714772,0.5139896072498924,0.03482564293760321,2.0463494176206116,1.1875322324113444,1.2138101629920321,1.234289076507495,0.12152744673430572,0.1236015600344704,0.12631236096675658,1.97411976652964,2.046349417620612,2.1301727935000523,2.3821731634234585e-05,0.02926557621563251,0.2657291325001537,0.9281401981629646,0.9456058128880727,0.9590563130225865,0.9754464163215678,0.9815126269315255,0.986160093508382,0.9876481316088193,0.9907122088330375,0.9930566241856331,0.0,0.0,0.0,0.0,0.0,0.011233832825906814,-0.5139896072498924,0.4077934520714772,0.051100102423369625
11.4,0.5199690496807775,0.41183865415528537,0.5159713533777056,0.03400721715891979,2.0682002514481157,1.1852498123052393,1.2115628813251624,1.2320443430610117,0.12174886467748822,0.1238309439197085,0.12655559903296593,1.9973132172455847,2.0682002514481157,2.1508541798056897,2.0315457109938684e-05,0.02863369445698347,0.2628980666032776,0.9265910565396002,0.944122460703652,0.9576070038685482,0.974903356265907,0.9809989380221962,0.9856630357472053,0.9873731943347989,0.9904529312409465,0.9928063506710204,0.0,0.0,0.0,0.0,0.0,0.011238433463420475,-0.5159713533777056,0.41183865415528537,0.050675053461802726
11.600000000000001,0.5217104974085004,0.4157948184473803,0.5178927822966722,0.03322584919304411,2.0896042059599003,1.1829763342198378,1.20931500570332,1.229793219349357,0.1219717247094272,0.12406122662805195,0.12679881723832087,2.020055909853289,2.0896042059599003,2.1710798320821065,1.735515207861991e-05,0.02803033484880856,0.2601531681476111,0.9250441966776579,0.9426352152449095,0.9561500990694984,0.9743604917447197,0.9804833692836916,0.985162867188344,0.9870982795099338,0.99019263768956,0.9925544471321365,0.0,0.0,0.0,0.0,0.0,0.011239792271305407,-0.5178927822966722,0.4157948184473803,0.0502467968286314
11.8,0.5234035559028253,0.41966373606946566,0.5197558101743122,0.032479464588710955,2.11056911279328,1.1807121337300954,1.2070671726969469,1.2275365760876968,0.12219595156835783,0.12429234833757578,0.12704197383499508,2.042354433222073,2.1105691127932804,2.1908594507311783,1.4852222157690469e-05,0.027453921963282578,0.2574916997509826,0.9234998806106843,0.9411444835745,0.9546861237063886,0.9738179158634515,0.9799660562201952,0.9846597591426287,0.9868234343227,0.9899313957969005,0.9923009986389902,0.0,0.0,0.0,0.0,0.0,0.011238026523428368,-0.5197558101743122,0.41966373606946566,0.049816129497877476
12.0,0.5250494027541935,0.42344716508711805,0.5215622871170796,0.031766129083548214,2.131102685076226,1.1784575308531373,1.2048199958225068,1.2252752509553253,0.12242147214109456,0.1245242506762024,0.1272850281599952,2.0642153566305286,2.131102685076226,2.210202505490795,1.2732892726009445e-05,0.026902986091698097,0.25491101840417185,0.9219583620249275,0.9396506614307526,0.9532155864961167,0.9732757192041213,0.9794471309569973,0.984153877944222,0.9865487047353626,0.9896692715421953,0.9920460878330047,0.0,0.0,0.0,0.0,0.0,0.011233249520176333,-0.5215622871170796,0.42344716508711805,0.049383791309197504
12.200000000000001,0.5266492063795901,0.42714683134104,0.5233139996731716,0.031084037511223867,2.151212522087914,1.1762128307189728,1.202574066317956,1.2230100499103884,0.12264821536911384,0.12475687667217969,0.12752794059244438,2.0856452280860656,2.151212522087914,2.229118244435548,1.093573807897031e-05,0.026376154898078527,0.25240857189546917,0.9204198865828677,0.9381541335937476,0.9517389804614207,0.9727339899240304,0.9789267223542455,0.9836453851648781,0.9862741355322604,0.9894063293218557,0.9917897950331739,0.0,0.0,0.0,0.0,0.0,0.011225570776940141,-0.5233139996731716,0.42714683134104,0.048950468176498334
12.4,0.5282041215390688,0.4307644292187123,0.5250126732601144,0.03043150353542126,2.17090611342456,1.1739783242054045,1.2003299538817842,1.2207417484352816,0.12287611216071417,0.12499017070775773,0.1277706725135032,2.106650572556448,2.17090611342456,2.2476157024534977,9.409483455651132e-06,0.025872145681084473,0.24998189534269383,0.9188846922281575,0.9366552742301777,0.9502567835599158,0.9721928138484645,0.9784049561135021,0.9831344378144895,0.9859997703651067,0.9891426320018323,0.99153219833535,0.0,0.0,0.0,0.0,0.0,0.011215096200571997,-0.5250126732601144,0.4307644292187123,0.04851679515977714
12.600000000000001,0.5297152875251837,0.43430162234816677,0.5266599744470436,0.029806950467317125,2.1901908424055216,1.1717542885358256,1.1980882073783092,1.2184710927155529,0.12310509530899219,0.1252240784758045,0.12801318626913977,2.127237889843269,2.190190842405522,2.2657037089803493,8.111275224084607e-06,0.02538975846435481,0.24762860793279468,0.9173530094707849,0.9351544472187234,0.9487694592740522,0.9716522745569345,0.977881954877692,0.9826211885285131,0.9857256517950724,0.9888782409666573,0.9912733737049568,0.0,0.0,0.0,0.0,0.0,0.0112019282520541,-0.5266599744470436,0.43430162234816677,0.048083359384496545
12.8,0.5311838273933018,0.4377600442201557,0.5282575131056245,0.029208902950575825,2.2090739889246778,1.1695409878399388,1.1958493555117184,1.2161988007526887,0.12333509941562766,0.1254585469391147,0.1282554451358217,2.1474136522123537,2.2090739889246778,2.2833908951488704,7.005304560642437e-06,0.024927869744184292,0.24534640984910785,0.9158250616521091,0.9336520064575559,0.9472774571621229,0.971112453462798,0.9773578383249917,0.9821057857422978,0.9854518213315647,0.9886132161654374,0.9910133950631375,0.0,0.0,0.0,0.0,0.0,0.011186166096094186,-0.5282575131056245,0.4377600442201557,0.04765070284348584
13.0,0.5326108463104248,0.44114129876667696,0.5298068444837623,0.028635979311787102,2.22756273193862,1.167338673682663,1.1936139074711605,1.2139255634179429,0.1235660608197905,0.12569352429218136,0.128497413288628,2.167184301981484,2.22756273193862,2.3006857004899266,6.061620956993977e-06,0.024485426732793414,0.2431330793089111,0.9143010651930932,0.9321482961554877,0.9457812133748809,0.9705734298873898,0.9768327232571843,0.981588373853858,0.9851783194682706,0.9883476161550628,0.9907523343671122,0.16129032258064516,0.0,0.0,0.0,0.0,0.01116790574071845,-0.5298068444837623,0.44114129876667696,0.04721932506743016
13.200000000000001,0.5339974297678495,0.4444469609058686,0.5313094712040867,0.028086884555731214,2.245664151603992,1.165147585564464,1.1913823535488601,1.211652045454692,0.12379791753143954,0.12592895992523162,0.1287390557714896,2.1865562490936763,2.245664151603992,2.3175963791994834,5.2551150407303925e-06,0.024061442085303406,0.24098646970844756,0.9127812298276659,0.9306436511080607,0.944281151142578,0.9700352811293196,0.9763067236829165,0.9810690933767396,0.9849051857167946,0.98808149814086,0.990490261685572,0.1935483870967742,0.0,0.0,0.0,0.0,0.011147240168043207,-0.5313094712040867,0.4444469609058686,0.04678968565369581
13.4,0.5353446430035217,0.44767857704686964,0.5327668451615328,0.02756040401840738,2.2633852310420584,1.162967951393149,1.189155165733037,1.2093788864314967,0.12403060916881362,0.126164804390351,0.12898033846961232,2.205535868608158,2.263385231042059,2.334131005964176,4.56471668223654e-06,0.0236549891266135,0.23890450691209583,0.9112657588209904,0.9291383969597311,0.9427776812337789,0.9694980825288243,0.9757799508962608,0.9805480810834243,0.9846324586378306,0.9878149180148822,0.9902272452693341,0.22580645161290322,0.0,0.0,0.0,0.0,0.011124259455809596,-0.5327668451615328,0.44767857704686964,0.04636220667107478
13.600000000000001,0.5366535298922214,0.45083766557044314,0.5341803693558492,0.02705539751851938,2.2807328578797272,1.1607999879285669,1.186932798277253,1.2071067016475012,0.12426407689997478,0.12640100936953258,0.12922122808398123,2.224129498197074,2.2807328578797272,2.350297481475196,3.972727420441973e-06,0.023265197449729838,0.23688518663450098,0.9097548491733614,0.9276328504532165,0.9412712023869227,0.9689619075274035,0.9752525135509473,0.980025470139595,0.9843601758699785,0.9875479303920223,0.9899633516174172,0.25806451612903225,0.0,0.0,0.0,0.0,0.011099050891359818,-0.5341803693558492,0.45083766557044314,0.04593727495956119
13.8,0.5379251132721246,0.4539257172754445,0.5355513996286343,0.02657079406389547,2.2977138254999225,1.1586439012024734,1.1847156882477683,1.2048360829942588,0.12449826338801206,0.12663752764449474,0.12946169210775266,2.2423434356520384,2.2977138254999225,2.366103537520343,3.464279931316611e-06,0.022891248937785498,0.23492657195909386,0.908248691811064,0.9261273196670343,0.9397621017172314,0.9684268277231822,0.9747245177306145,0.9795013902301428,0.9840883741564309,0.987280588644131,0.9896986455389781,0.25806451612903225,0.0,0.0,0.0,0.0,0.011071699077502509,-0.5355513996286343,0.4539257172754445,0.04551524428902797
14.0,0.5391603939487088,0.4569441958150681,0.5368812463575807,0.02610558691758356,2.3143348341868144,1.1564998869162062,1.1825042560503074,1.202567599778194,0.12473311273949718,0.12687431306812225,0.12970169880428895,2.2601839364886813,2.3143348341868144,2.3815567418686676,3.026854033052259e-06,0.022532374049271414,0.23302679091774178,0.9067474717657925,0.9246221042421578,0.9382507551016618,0.9678929129225429,0.9741960670154071,0.9789759676778348,0.9838170893697992,0.9870129449322956,0.9894331902115738,0.29032258064516125,0.0,0.0,0.0,0.0,0.011042286032765358,-0.5368812463575807,0.4569441958150681,0.04509643742248479
14.200000000000001,0.5403603502090776,0.45989453811833914,0.5381711760861068,0.0256588290856432,2.330602492095528,1.1543681308176974,1.1802989059373994,1.200301799506384,0.12496857045593572,0.12711132053741522,0.12994121718671098,2.2776572116004647,2.330602492095528,2.396664502864813,2.6498883767355427e-06,0.02218784842210261,0.23118403416270444,0.9052513683435145,0.9231174955985513,0.9367375275435947,0.9673602311883203,0.973667262545177,0.9784493255552177,0.9835463565352262,0.9867450502374172,0.9891670472360373,0.3225806451612903,0.0,0.0,0.0,0.0,0.011010891285905447,-0.5381711760861068,0.45989453811833914,0.0446811480644095
14.4,0.5415259379699722,0.46277815479313217,0.5394224130802154,0.0252296291934548,2.3465233160700434,1.1522488090580911,1.178100026497399,1.1980392086369411,0.1252045833881023,0.12734850596783576,0.13018021699898122,2.2947694249748496,2.3465233160700434,2.411434073750433,2.3244709590272323e-06,0.02185698977221897,0.2293965527425493,0.9037605552827499,0.9216137771422973,0.935222773518036,0.9668288488845284,0.9731382030795406,0.977921583790015,0.983276209851769,0.9864769543892081,0.9889002766880933,0.3548387096774194,0.0,0.0,0.0,0.0,0.010977591964483988,-0.5394224130802154,0.46277815479313217,0.04426964270247359
14.600000000000001,0.5426580908051525,0.4655964305171991,0.5406361408288317,0.024817147678501503,2.3621037323712137,1.150142088529728,1.175907991126265,1.195780333296077,0.12544109969306524,0.1275858262689419,0.13041866869836136,2.31152669150815,2.3621037323712137,2.4258725567683763,2.0430735370272406e-06,0.021539155028947037,0.22766265595881185,0.9022752009033214,0.9201112244640227,0.9337068372986256,0.9662988307179728,0.9726089850550302,0.977392859264454,0.983006682712227,0.9862087060937308,0.988632937166935,0.3870967741935484,0.0,0.0,0.0,0.0,0.010942462878420378,-0.5406361408288317,0.4655964305171991,0.04386216235147215
14.8,0.5437577197508269,0.4683507244230189,0.5418135034969435,0.024420593267269225,2.3773500773380114,1.14804812718766,1.1737231584830738,1.1935256599648572,0.12567806879360824,0.127823239321211,0.13065654343903738,2.3279350749278223,2.3773500773380114,2.4399869070737124,1.7993225429641663e-06,0.021233737682321528,0.2259807092900807,0.9007954682469203,0.9186101055292618,0.9321900532683637,0.965770239777214,0.9720797026395674,0.9768632659091745,0.9827378077216509,0.9859403529595979,0.9883650858410892,0.3870967741935484,0.0,0.0,0.0,0.0,0.01090557659934524,-0.5418135034969435,0.4683507244230189,0.04345892420159835
15.0,0.5448257133882821,0.4710423704746147,0.5429556073236399,0.024039219735017433,2.3922685979746374,1.1459670743555814,1.1715458729301114,1.191275656137781,0.1259154413398432,0.12806070395396685,0.1308938130568458,2.3440005858121515,2.3922685979746374,2.4537839364476177,1.5878144312002829e-06,0.02094016534385309,0.22434913239480006,0.8993215152099621,0.9171106808612975,0.930672746215432,0.9652431375690321,0.971550447784445,0.9763329147921936,0.9824696167146069,0.9856719415229195,0.988096778491807,0.4193548387096774,0.0,0.0,0.0,0.0,0.010867003535784403,-0.5429556073236399,0.4710423704746147,0.04306012317340213
15.200000000000001,0.5458629381654433,0.4736726778357194,0.544063521964702,0.02367232292198813,2.406865452481035,1.1438990710168184,1.169376464958317,1.1890307709542445,0.12615316917292144,0.12829817992433332,0.1311304500550596,2.3597291797134723,2.406865452481035,2.4672703168297736,1.4039660273197038e-06,0.020657897500750668,0.22276639719328284,0.8978534946690298,0.9156132037169861,0.9291552316147218,0.9647175840524886,0.9710213102739921,0.9758019142031261,0.9822021407712432,0.9854035172710929,0.9878280695540823,0.45161290322580644,0.0,0.0,0.0,0.0,0.010826812004314637,-0.544063521964702,0.4736726778357194,0.0426659333852788
15.4,0.5468702385794558,0.47624293123306655,0.5451382817896063,0.02331923796715444,2.42114671075677,1.1418442500916486,1.167215251598842,1.186791435804203,0.1263912052907222,0.12853562789713857,0.13136642759111888,2.375126755398436,2.42114671075677,2.480452583697453,1.2438838807953026e-06,0.020386423432615573,0.22123102601484804,0.8963915545996706,0.9141179202560389,0.92763781589588,0.9641936376708424,0.9704923777730915,0.9752703697329375,0.9819354102322891,0.9851351246655188,0.9875590121554338,0.4838709677419355,0.0,0.0,0.0,0.0,0.010785068297259531,-0.5451382817896063,0.47624293123306655,0.042276509538435085
15.600000000000001,0.5478484373148367,0.47875439131622316,0.5461808871346844,0.02297933674556563,2.4351183548837905,1.1398027367021362,1.1650625368213883,1.1845580649100333,0.12662950381532578,0.12877300942570266,0.1316017194641983,2.3901991532031324,2.4351183548837905,2.4933371393004045,1.104252573531621e-06,0.020125260280605413,0.21974158980759356,0.8949358381892524,0.9126250697042058,0.9261207966991435,0.9636713553815637,0.9699637358727012,0.9747383843496639,0.9816694547131066,0.9848668071633148,0.9872896581526718,0.5161290322580645,0.0,0.0,0.0,0.0,0.010741836747256636,-0.5461808871346844,0.47875439131622316,0.041891988222089234
15.8,0.5487983356033937,0.4812082950123948,0.5471923055081122,0.022652025503847744,2.448786279585346,1.1377746484252356,1.1629186119199535,1.1823310558861972,0.1268680199621162,0.12901028693344557,0.1318363001035496,2.4049521534957545,2.448786279585346,2.505930255752689,9.822463803762692e-07,0.019873951266265944,0.21829670641698248,0.8934864839443049,0.9111348845107413,0.9246044631199645,0.9631507926845871,0.969435468133517,0.9742060584704436,0.9814043031168688,0.984598607238106,0.987020058166821,0.5483870967741935,0.0,0.0,0.0,0.0,0.01069717978874031,-0.5471923055081122,0.4812082950123948,0.04151248914251426
16.0,0.5497207136420927,0.48360585587699473,0.5481734727501903,0.022336742670421506,2.4621562926762968,1.1357600955349032,1.1607837558865615,1.1801107902775747,0.12710671001043758,0.12924742369626027,0.1320701445575575,2.4180292793849736,2.4621562926762968,2.518238077997344,8.754560682038065e-07,0.01963206404169502,0.21689503892829945,0.892043625792741,0.9096475905005219,0.9230890959429474,0.9626320036489359,0.9689076561279034,0.9736734900300341,0.9811399836469284,0.9843305663999499,0.9867502616162891,0.6129032258064516,0.0,0.0,0.0,0.0,0.01065115801658753,-0.5481734727501903,0.48360585587699473,0.041138116280600046
16.2,0.5506163308615277,0.4859482644421772,0.5491252941550367,0.022032956817593017,2.475234115519788,1.133759181234052,1.1586582357735145,1.1778976340774499,0.1273455312757145,0.12948438382559616,0.13230322848343415,2.429741322210886,2.475234115519788,2.5302666266605307,7.818223805504467e-07,0.019399189152947544,0.2155352940642331,0.8906073931814763,0.9081634070211498,0.9215749678656899,0.962115040937896,0.9683803794802129,0.9731407745460167,0.9808765238184683,0.9840627252144544,0.98648031674838,0.6451612903225806,0.0,0.0,0.0,0.0,0.01060383024228781,-0.5491252941550367,0.4859482644421772,0.04076895898149251
16.400000000000002,0.5514859262472317,0.4882366885627568,0.5500486455520641,0.02174016477167721,2.4880253834866446,1.131772001876997,1.1565423070446559,1.1756919382264714,0.12758444208291048,0.12972113225220677,0.13253552813749694,2.441183442813784,2.4880253834866446,2.5420218007962516,6.995806937228776e-07,0.019174938614764735,0.21421622063990844,0.8891779111697837,0.9066825470853397,0.9200623437133361,0.9615999558328527,0.9678537159055972,0.9726080051809671,0.9806139504694886,0.9837951233211515,0.9862102706692933,0.7096774193548387,0.0,0.0,0.0,0.0,0.0105552535477286,-0.5500486455520641,0.4882366885627568,0.04040509297918255
16.6,0.5523302188494638,0.49047227375836155,0.5509443743453495,0.02145788986472658,2.5005356464164916,1.129798647183014,1.1544362139161086,1.173494039093705,0.12782340174121865,0.1299576347105155,0.13276702036597657,2.4523613687918075,2.5005356464164916,2.5535093805246825,6.272196718694845e-07,0.01895894459245071,0.2129366080780721,0.8877553005187598,0.9052052175088763,0.9185514806445555,0.9610867982559191,0.9673277412474123,0.9720752728018358,0.9803522897711984,0.9835277994511673,0.9859401693727323,0.7741935483870968,0.0,0.0,0.0,0.0,0.010505483336644375,-0.5509443743453495,0.49047227375836155,0.04004658135989977
16.8,0.553149908216229,0.49265614355338994,0.5518133005164355,0.021185680306071108,2.5127703690951098,1.1278392004416808,1.1523401896869292,1.1713042589405318,0.1280623705199177,0.13019385772355777,0.13299768259629338,2.4632807177669496,2.5127703690951098,2.564735029580138,5.634443235389093e-07,0.018750858173334106,0.2116952849765206,0.8863396777772796,0.903731619044408,0.9170426283493764,0.9605756167914865,0.9668025295133105,0.9715426660366845,0.9800915672378748,0.9832607914442426,0.9856700577671953,0.8387096774193548,0.0,0.0,0.0,0.0,0.0104545733840231,-0.5518133005164355,0.49265614355338994,0.039693475467857744
17.0,0.5539456746712376,0.494789399815856,0.5526562175938461,0.020923107661330664,2.524734931753559,1.125893738710515,1.150254457060069,1.1691229063681623,0.12830130962532377,0.1304297685884625,0.13322749282875918,2.47394699907928,2.524734931753559,2.575704297777386,5.07139298628454e-07,0.018550348218220325,0.2104911177230769,0.8849311553647436,0.9022619465113029,0.9155360292393331,0.9600664587068009,0.9662781529101029,0.9710102713289368,0.9798318077362443,0.9829941362651436,0.9853999797020264,1.0,0.0,0.0,0.0,0.0,0.010402575883678489,-0.5526562175938461,0.494789399815856,0.03934581575574901
17.2,0.5547181797645012,0.4968731230932633,0.5534738935852781,0.020669765443193967,2.5364346305781664,1.1239623330052773,1.1481792284540193,1.166950276749667,0.1285401811787546,0.13066533536243774,0.13345642962867485,2.4843656154663165,2.5364346305781664,2.5864226233912597,4.5734219784861305e-07,0.01835710029757561,0.20932300916388838,0.8835298416507852,0.9007963889217954,0.9140319186304657,0.9595593699716221,0.9657546818774689,0.9704781729893265,0.9795730354944125,0.9827278700195028,0.9851299779923238,1.0,0.0,0.0,0.0,0.0,0.010349541493921838,-0.5534738935852781,0.4968731230932633,0.03900363258306149
17.400000000000002,0.5554680668846999,0.49890837294507995,0.554267071873198,0.020425267804848452,2.5478746782339456,1.1220450484834614,1.1461147063054893,1.1647866526472719,0.12877894819543742,0.13090052684922748,0.13368447211877782,2.4945418647253996,2.547874678233946,2.5968953354558177,4.1322711816087483e-07,0.01817081570555741,0.20818989732400284,0.8821358410322747,0.8993351296036238,0.9125305249196329,0.9590543952770817,0.9652321851205891,0.9699464532457036,0.9793152741104039,0.9824620279691259,0.9848600944427798,1.0,0.0,0.0,0.0,0.0,0.01029551938142896,-0.554267071873198,0.49890837294507995,0.03866694696612483
17.6,0.556195961603345,0.5008961882743156,0.5550364720815605,0.020189248312222935,2.5590602044189614,1.1201419446215115,1.1440610833634668,1.1626323042155926,0.12901757456430074,0.1311353125860085,0.13391159997198748,2.5044809413715776,2.5590602044189614,2.6071276560010417,3.7408301774132044e-07,0.017991210532064827,0.2070907541691992,0.880749254007898,0.8978783463193509,0.9110320697545218,0.9585515780538393,0.9647107296417633,0.9694151922908287,0.9790585465603588,0.9821966445468043,0.9845903698705238,1.0,0.0,0.0,0.0,0.0,0.01024055726364019,-0.5550364720815605,0.5008961882743156,0.03833577128182682
17.8,0.5569024718836484,0.5028375876579425,0.5557827909131877,0.01996135879410133,2.569996256444877,1.1182530753860438,1.1420185429749499,1.1604874895914261,0.12925602502859435,0.13136966283070084,0.13413779340442855,2.5141879382897123,2.569996256444877,2.617124702226515,3.392885347155996e-07,0.017818014792733917,0.20602458440973165,0.8793701772504947,0.8964262113825386,0.9095367681977075,0.9580509604895978,0.9641903807710838,0.9688844683282787,0.9788028752064222,0.9819317533706583,0.984320844127027,1.0,0.0,0.0,0.0,0.0,0.010184701449745176,-0.5557827909131877,0.5028375876579425,0.03801010992632303
18.0,0.5575881887278454,0.5047335696728513,0.5565067029507338,0.01974126828498656,2.5806877998230147,1.1163784893992792,1.1399872593626383,1.158352455270656,0.1294942651672902,0.1316035485496665,0.1343630331687192,2.5236678483642563,2.5806877998230147,2.626891488599975,3.0830423854735274e-07,0.017650971630632565,0.20499042435609463,0.877998703677199,0.8949788917709295,0.9080448288850878,0.9575525835459945,0.963671202196208,0.9683543576165737,0.9785482818043278,0.9816673872580391,0.9840515561191256,1.0,0.0,0.0,0.0,0.0,0.010127996880026038,-0.5565067029507338,0.5047335696728513,0.03768995993315881
18.2,0.5582536869114484,0.5065851132186485,0.5572088614270518,0.019528662041153888,2.591139718869648,1.1145182300991892,1.1379673978948919,1.156227436472871,0.12973226137721,0.13183694140577026,0.13458730054747547,2.5329255660932426,2.591139718869648,2.636432928896263,2.806737811395976e-07,0.017489836573378173,0.20398734081849734,0.8766349225177192,0.8935365492367977,0.9065564541790423,0.9570564869749831,0.9631532559912993,0.9678249345116464,0.9782947875107418,0.9814035782390275,0.9837825438292226,1.0,0.0,0.0,0.0,0.0,0.010070487163805292,-0.5572088614270518,0.5065851132186485,0.03737531155454143
18.400000000000002,0.558899524986534,0.5083931778415324,0.5578898989763683,0.019323240595863014,2.601356817359397,1.1126723358947603,1.1359591153481963,1.1541126574943241,0.12996998085582273,0.1320698137467803,0.13481057734699303,2.5419658892076615,2.6013568173593975,2.6457538382005823,2.5600028964495307e-07,0.01733437681651216,0.2030144300337595,0.8752789193809825,0.892099340414609,0.9050718403166658,0.9565627093347918,0.9626366026451764,0.967296271507776,0.9780424128904037,0.9811403575695415,0.983513844334732,1.0,0.0,0.0,0.0,0.0,0.010012214616457044,-0.5578898989763683,0.5083931778415324,0.03706614880388311
18.6,0.5595262454348033,0.5101587040547285,0.558550428354165,0.019124718881529727,2.6113438191942007,1.1108369347061204,1.1339625601623808,1.1520083320495684,0.13020739158468675,0.13230213859409037,0.1350333206553701,2.5507935202736425,2.6113438191942007,2.654858934848956,2.3391951215852277e-07,0.017184370558005545,0.20207081663690704,0.8739278985480617,0.8906674169260983,0.903591177553265,0.9560702384676083,0.9621213010887163,0.96676843927705,0.9777906412866992,0.9808777557440868,0.9832454938267942,1.0,0.0,0.0,0.0,0.0,0.009953220295099693,-0.558550428354165,0.5101587040547285,0.03676244995937209
18.8,0.5601343761426651,0.5118826136500157,0.559191043114804,0.018932825453887955,2.621105369047305,1.1089944853519083,1.1319778726888268,1.1499146636020587,0.13044446231351758,0.13253388963174254,0.1352576608642032,2.5594130682500786,2.621105369047305,2.6637528422865517,2.1412471078357853e-07,0.017039606415321682,0.201155652693137,0.8725689490886561,0.8892409254829027,0.9021146503012345,0.9555743651280939,0.9616074087215599,0.9662415067073927,0.9775370646716941,0.9806158025081624,0.9829775276282852,1.0,0.0,0.0,0.0,0.0,0.009893544032565205,-0.559191043114804,0.5118826136500157,0.03646418804030011
19.0,0.5607244289621364,0.5135658100299326,0.5598123183247932,0.018747301668289303,2.630646033128883,1.1071661564298492,1.1300051854318607,1.1478318456847607,0.1306811625447756,0.13276504119573695,0.1354810198350785,2.5678290501496632,2.630646033128883,2.672440091024764,1.9635758247538955e-07,0.016899882793175686,0.20026811667886693,0.8712176935970996,0.8878200079868259,0.9006424372649835,0.955080788465963,0.9610949814381414,0.965715540939397,0.977284597171284,0.9803545268703455,0.9827099802112371,1.0,0.0,0.0,0.0,0.0,0.009833224472449775,-0.5598123183247932,0.5135658100299326,0.03617133127957619
19.200000000000003,0.561296902926156,0.5152091784888339,0.5604148111227983,0.018567901062536796,2.6399702998123433,1.1053519780986818,1.128044623283585,1.1457600622109403,0.13091746251876618,0.13299556826360792,0.13570338043635233,2.5760458924441694,2.6399702998123433,2.6809251202290185,1.8038893197746454e-07,0.016765007428773817,0.1994074126817166,0.8698742107087833,0.8864048016278687,0.8991747115719658,0.9545895446435152,0.9605840736530985,0.9651906074019766,0.9770332581497381,0.980093957114073,0.9824428852136795,1.0,0.0,0.0,0.0,0.0,0.009772299098519704,-0.5604148111227983,0.5152091784888339,0.03588384348054557
19.400000000000002,0.5618522817662879,0.5168135865498608,0.5609990614173165,0.018394388592897097,2.649082580470968,1.1035519760959607,1.1260963037524117,1.1436994877746578,0.13115333319931885,0.13322544644423887,0.13592472602029626,2.5840679327493037,2.6490825804709686,2.689212279702946,1.6601111753119937e-07,0.01663479679952592,0.19857276940383362,0.8685385757610319,0.8849954389801826,0.8977116408994108,0.9541006687229986,0.9600747383261131,0.9646667698466909,0.9767830664243458,0.9798341208091542,0.9821762754558273,1.0,0.0,0.0,0.0,0.0,0.00971080426888983,-0.5609990614173165,0.5168135865498608,0.03560168447061053
19.6,0.5623910360421753,0.5183798842577594,0.5615655924409811,0.01822654006676327,2.657987210178895,1.1017661718637026,1.1241603371853208,1.1416502879421553,0.1313887462599231,0.13345465196792844,0.13614504041839126,2.591899421288797,2.6579872101788955,2.697305831459918,1.5304208845546346e-07,0.01650907570069283,0.19776343937002697,0.8672108608468182,0.883592048095888,0.8962533875975222,0.9536141946788012,0.9595670269861643,0.9641440903810155,0.9765340402707355,0.9795750448229988,0.9819101829557512,1.0,0.0,0.0,0.0,0.0,0.009648775245150482,-0.5615655924409811,0.5183798842577594,0.03532481042035713
19.8,0.5629136229567894,0.5199089044836062,0.5621149113316166,0.018064141537378446,2.6666884485056674,1.0999945826707456,1.1222368269841523,1.1396126195350573,0.13162367407022701,0.13368316167667568,0.13636430793668602,2.599544522418031,2.6666884485056674,2.7052099514573085,1.4132668915143294e-07,0.01638767678367981,0.19697869809769047,0.8658911348676311,0.8821947525969445,0.894800108809731,0.953130155409474,0.9590609897552596,0.9636226295007659,0.9762861974281216,0.9793167553315995,0.9816446389446383,1.0,0.0,0.0,0.0,0.0,0.009586246221973127,-0.5621149113316166,0.5199089044836062,0.03505317420438982
20.0,0.5634204882831781,0.5214014632092441,0.5626475096441387,0.017906988802754317,2.675190480257057,1.0982372217328453,1.120325869816141,1.1375866309046523,0.13185808968299342,0.13391095301466754,0.1365825133510988,2.60700731604622,2.675190480257057,2.7129287311419663,1.3073542762473428e-07,0.016270440182673717,0.19621784336551612,0.8645794635862106,0.8808036717651754,0.8933519565894303,0.9526485827498528,0.9585566753716823,0.9631024461214667,0.9760395551046149,0.9790592778302819,0.9813796738815368,1.0,0.0,0.0,0.0,0.0,0.009523250354502799,-0.5626475096441387,0.5214014632092441,0.0347867256944205
20.200000000000003,0.5639120620282262,0.5228583598749217,0.563163864018273,0.01775488673903757,2.683497416433089,1.0964940983297138,1.1184275558187258,1.1355724621974175,0.1320919668215085,0.1341380040189763,0.13679964190276495,2.6142917993746084,2.683497416433089,2.720466179356728,1.2113910822519015e-07,0.016157212987431488,0.19548019425960997,0.8632759096785257,0.879418920630407,0.8919090780132194,0.9521695074830464,0.9580541312127381,0.9625835976086745,0.9757941299824808,0.9788026371442202,0.9811153174675876,1.0,0.0,0.0,0.0,0.0,0.009459819790989935,-0.563163864018273,0.5228583598749217,0.03452541212104743
20.400000000000002,0.5643887644335783,0.5242803776177567,0.5636644365321308,0.017607648994918238,2.691613294870941,1.0947652179175613,1.1165419687987417,1.1335702456133527,0.13232527986727274,0.1343642933104627,0.13701567929361763,2.6214018880887835,2.6916132948709413,2.727826223543139,1.1242811999470065e-07,0.01604784903646681,0.19476509066838452,0.861980532783885,0.8780406100567556,0.8904716152917245,0.9516929593518868,0.9575534033170128,0.9620661398076353,0.9755499382231351,0.9785468574387209,0.9808515986599377,1.0,0.0,0.0,0.0,0.0,0.009395985694216999,-0.5636644365321308,0.5242803776177567,0.034269178257571135
20.6,0.5648510043896275,0.5256682835738078,0.5641496752424161,0.017465097473165547,2.6995420811387145,1.0930505822411958,1.1146691864265474,1.1315801056565071,0.13255800384805697,0.13458980008482127,0.13723061168170217,2.6283414178690387,2.6995420811387145,2.735012711449179,1.045176396298673e-07,0.015942208514395578,0.19407189251083412,0.860693389556169,0.876668846827429,0.8890397058774874,0.9512189670709339,0.9570545364062751,0.9615501270720923,0.9753069954724398,0.9782919622293421,0.9805885456852402,1.0,0.0,0.0,0.0,0.0,0.009331778269223073,-0.5641496752424161,0.5256682835738078,0.034017966734593154
20.8,0.5652991774528197,0.5270228291971935,0.5646200147360684,0.01732706182958083,2.7072876694642205,1.0913501894465172,1.1128092804283913,1.1296021593819439,0.13279011442583621,0.13481450410338397,0.13744442567611878,2.635114145985967,2.7072876694642205,2.742029412760844,9.732138424758157e-08,0.01584015756068858,0.19339997894847377,0.8594145337168001,0.8753037337303978,0.8876134825729215,0.9507475583392726,0.9565575739078838,0.9610356122933241,0.9750653168664204,0.9780379743922908,0.9803261860532942,1.0,0.0,0.0,0.0,0.0,0.00926722679239829,-0.5646200147360684,0.5270228291971935,0.03377171828808185
21.0,0.5657336695456113,0.528344750498372,0.5650758764713,0.017193379174952082,2.714853883447329,1.089664034179049,1.1109623167578206,1.1276365166156848,0.13302158788736904,0.13503838568600057,0.13765710833340458,2.64172375249186,2.714853883447329,2.7488800203251103,9.076347525243287e-08,0.015741568058446943,0.19274874789814286,0.8581440160986211,0.8739453696308296,0.88619307362134,0.9502787598501068,0.9560625579725575,0.9605226469232776,0.9748249170353542,0.9777849161724681,0.9800645465676918,1.0,0.0,0.0,0.0,0.0,0.00920235963057435,-0.5650758764713,0.528344750498372,0.03353037193378284
21.200000000000003,0.5661548550635657,0.5296347683707742,0.5655176693178643,0.017063893624640714,2.7222444770793297,1.087992107701253,1.1091283557991836,1.1256832802156962,0.13325240112943487,0.1352614256996167,0.13786864715124186,2.648173841853871,2.7222444770793297,2.755568151878707,8.477990837137587e-08,0.01564631728100484,0.1921176152601939,0.8568818847052758,0.872593849569095,0.8847786028301198,0.9498125973062149,0.9555695295016328,0.9600112810095032,0.974585810110883,0.9775328091963822,0.9798036533425056,1.0,0.0,0.0,0.0,0.0,0.009137204271543464,-0.5655176693178643,0.5296347683707742,0.03329386522334098
21.400000000000002,0.5665630985457564,0.5308935888208833,0.5659457898990569,0.016938455985592703,2.729463135463322,1.086334397976935,1.107307452510481,1.1237425462533397,0.13348253165292503,0.13548360555373046,0.13807903006601174,2.6544679441044168,2.729463135463322,2.762097351245072,7.931406604689178e-08,0.015554287660792011,0.19150601442991863,0.8556281847471339,0.8712492648163375,0.8833701896388582,0.9493490954269027,0.9550785281590635,0.959501563210428,0.9743480097287768,0.9772816744772803,0.9795435318089674,1.0,0.0,0.0,0.0,0.0,0.00907178734115062,-0.5659457898990569,0.5308935888208833,0.03306213441337794
21.6,0.5669587536679003,0.5321219032767937,0.5663606230720256,0.016816923378160084,2.7365134757896565,1.0846908897801395,1.1054996566084714,1.1218144042489198,0.13371195755008014,0.13570490719034417,0.13828824544696242,2.660609516383968,2.7365134757896565,2.7684710898782905,7.431369561792509e-08,0.015465366495000934,0.19091339561139203,0.8543829586969672,0.8699117029629508,0.8819679492289593,0.9488882779623881,0.9545895923955675,0.9589935408257796,0.9741115290355279,0.977031532426511,0.9792842067298934,1.0,0.0,0.0,0.0,0.0,0.009006134630559742,-0.5663606230720256,0.5321219032767937,0.032835114657434473
21.8,0.5673421647192026,0.5333203888395145,0.566762542269491,0.01669915895458308,2.74339904818623,1.0830615647917456,1.1037050127337895,1.119898937381773,0.13394065749422626,0.1359253130759025,0.13849628209163017,2.666601944197572,2.74339904818623,2.7746927681547646,6.973282669679903e-08,0.015379445736605636,0.19033922532929853,0.853146246337638,0.8685812479943554,0.8805719926172064,0.948430167705389,0.9541027594683408,0.9584872598214328,0.9738763806935241,0.976782402862632,0.9790257022112872,1.0,0.0,0.0,0.0,0.0,0.008940271116362267,-0.566762542269491,0.5333203888395145,0.03261274015910735
22.0,0.5677136658644119,0.534489708573351,0.5671519099268784,0.016585031568128614,2.750123336696469,1.081446401700622,1.101923560621452,1.117996222706353,0.13416861072830139,0.13614480619215202,0.13870312922038336,2.672448542866755,2.7501233366964692,2.7807883171944643,6.553126927841785e-08,0.015296421737254987,0.18978298581874506,0.8519180848145241,0.8672579803726834,0.8791824267560334,0.9479747865046184,0.9536180654631127,0.9579827648568917,0.9736425768872178,0.9765343050217455,0.978768041715307,1.0,0.0,0.0,0.0,0.0,0.008874220985597911,-0.5671519099268784,0.534489708573351,0.03240428581902507
22.200000000000003,0.5680735826598451,0.5356305117256732,0.5675290777790001,0.016474415530149535,2.756689760009843,1.0798453762819749,1.1001553352313296,1.1161063313164534,0.1343957970591155,0.13636337003150417,0.13890877647359692,2.678152558628366,2.7566897600098432,2.786779110782581,6.167264351282539e-08,0.0152161950684845,0.18924417460142845,0.8506985086718181,0.8659419770906728,0.8777993545981964,0.9475221552724489,0.9531355453062216,0.9574800993000427,0.973410129326318,0.976287257562738,0.9785112480667544,1.0,0.0,0.0,0.0,0.0,0.008808007650900604,-0.5675290777790001,0.5356305117256732,0.03221717049719012
22.400000000000002,0.5684222310750003,0.5367434340368135,0.5678943872881674,0.01636719030361573,2.7631016725577005,1.0782584615059008,1.0984003669296984,1.114229328573985,0.13462219684342114,0.13658098858574289,0.13911321390467857,2.683717170184067,2.7631016725577005,2.7926267627822017,5.81243246823795e-08,0.015138670281468033,0.18872230387404637,0.8494875499129966,0.8646333117651764,0.8764228752107418,0.947072294001686,0.9526552327913539,0.9569793052599969,0.9731790492536743,0.9760412785800439,0.9782553434688194,1.0,0.0,0.0,0.0,0.0,0.008741653777839198,-0.5678943872881674,0.5367434340368135,0.03203413945430165
22.6,0.5687599187667637,0.5378290979629379,0.5682481699230761,0.01626324028309366,2.7693623653118054,1.0766856276174155,1.096658681622793,1.1123652742770884,0.13484779098078464,0.13679764634022237,0.13931643197646576,2.689145489814689,2.7693623653118054,2.7983343993118486,5.4857456125317895e-08,0.015063755744235461,0.18821690010989128,0.848285238040768,0.8633320546969119,0.875053083846849,0.9466252217748844,0.9521771605941173,0.9564804236048371,0.9729493474493491,0.9757963856102044,0.978000349511137,1.0,0.0,0.0,0.0,0.0,0.008675181300712681,-0.5682481699230761,0.5378290979629379,0.03185512316342906
22.8,0.569086944811434,0.5388881129349039,0.5685907475114371,0.016162454542125355,2.7754750666910724,1.0751268422223583,1.0949303008986493,1.1105142228381188,0.13507256090484643,0.13701332826667972,0.1395184215566045,2.6944405646745193,2.7754750666910724,2.803905083040647,5.184616964516555e-08,0.014991363446511124,0.18772750355508988,0.847091600102598,0.8620382729380178,0.8736900720269043,0.9461809567758752,0.9517013602896411,0.9559834939828973,0.9727210342358404,0.9755525956399923,0.9777462871796673,1.0,0.0,0.0,0.0,0.0,0.008608611442853534,-0.5685907475114371,0.5388881129349039,0.03168005227656066
23.0,0.5694035998501852,0.5399210756091865,0.5689224325608575,0.016064726606070587,2.7814429434731216,1.0735820703729533,1.0932152421678258,1.1086762234595056,0.13529648857440185,0.13722801981581417,0.13971917391270447,2.699605378045932,2.7814429434731216,2.809341814358862,4.9067079108624174e-08,0.014921408825817035,0.1872536677702034,0.8459066607370883,0.8607520303604455,0.8723339276200421,0.9457395163017577,0.9512278623706544,0.9554885548443999,0.972494119483559,0.975309925114798,0.9774931768667758,1.0,0.0,0.0,0.0,0.0,0.008541964735773677,-0.5689224325608575,0.5399210756091865,0.031508857701762406
23.200000000000003,0.5697101666493103,0.5409285701093623,0.5692435285465357,0.015969954249103586,2.7872691017064084,1.072051274652197,1.091513518802396,1.1068513203074324,0.13551955646431077,0.1374417069097078,0.13991868070737953,2.704642850546812,2.787269101706409,2.8146475325208473,4.64992866425628e-08,0.014853810613851735,0.18679495921923475,0.8447304422205338,0.8594733877247166,0.870984734926088,0.9453009167751057,0.9507566962658769,0.9549956434634327,0.9722686126164336,0.9750683899471985,0.9772410383815099,1.0,0.0,0.0,0.0,0.0,0.008475261037395501,-0.5692435285465357,0.5409285701093623,0.03134147067311174
23.400000000000002,0.5700069202759228,0.5419111682689931,0.5695543302065431,0.015878039291963252,2.792956587624135,1.0705344152560563,1.0898251402697758,1.1050395526790369,0.1357417475567665,0.13765437593452298,0.1401169339933104,2.7095558413449656,2.792956587624135,2.8198251167868,4.4124103750303547e-08,0.014788490681672225,0.1863509568477955,0.8435629645128754,0.8582024027464377,0.8696425747546921,0.9448651737560985,0.9502878903577643,0.9545047959590923,0.9720445226174919,0.9748280055252102,0.9769898909594661,1.0,0.0,0.0,0.0,0.0,0.00840851955040213,-0.5695543302065431,0.5419111682689931,0.031177822817255472
23.6,0.5702941281624261,0.542869429871263,0.5698551238311785,0.015788887407892152,2.798508388549647,1.069031450073031,1.0881501122612383,1.1032409551623652,0.13596304533303363,0.13786601373350715,0.14031392620839428,2.714347149356315,2.798508388549647,2.8248773875390096,4.1924609414561824e-08,0.014725373890643902,0.18592125166974482,0.8424042453026518,0.8569391301603948,0.8683075245010087,0.9444323019544244,0.9498214719995363,0.9540160473155521,0.9718218580343431,0.9745887867201967,0.9767397532721301,1.0,0.0,0.0,0.0,0.0,0.008341758839997396,-0.5698551238311785,0.542869429871263,0.031017846212649167
23.8,0.5705720504389269,0.5438039028801182,0.5701461875283936,0.015702407946551193,2.803927433791935,1.0675423347614734,1.0864884368169512,1.1014555577914322,0.13618343376538072,0.1380766076000872,0.14050965017093706,2.719019514400591,2.8039274337919355,2.829807107364739,3.9885536578289135e-08,0.014664387958344592,0.18550544638800906,0.8412543000512334,0.8556836217835591,0.8669796582195949,0.9440023152410615,0.9493574675319734,0.9535294314016645,0.9716006269846122,0.9743507478946738,0.9764906434359955,1.0,0.0,0.0,0.0,0.0,0.008274996850654387,-0.5701461875283936,0.5438039028801182,0.0308614734422814
24.0,0.5708409402049918,0.5447151236692296,0.5704277914824138,0.015618513765840841,2.8092165955447403,1.0660670228256917,1.0848401124485112,1.099683386198103,0.13640289730900615,0.13828614527093816,0.14070409907475948,2.723575618346148,2.8092165955447403,2.8346169821319562,3.799320290566719e-08,0.014605463330194383,0.185103155025123,0.8401131420370822,0.854435926577682,0.8656590466977447,0.9435752266602145,0.9488959023002345,0.9530449809905379,0.9713808371614717,0.9741139029101442,0.9762425790216889,1.0,0.0,0.0,0.0,0.0,0.008208250922683596,-0.5704277914824138,0.5447151236692296,0.03070863764291333
24.200000000000003,0.5711010436380485,0.5456036172504369,0.5707001982104863,0.015537121068357812,2.814378689788691,1.0646054656909356,1.0832051342585485,1.0979244617602961,0.13662142089402565,0.13849461491908432,0.1408972664842079,2.7280180862521846,2.8143786897886915,2.8393096620575244,3.623523010172608e-08,0.014548533053857024,0.184714002556448,0.8389807824001096,0.8531960907111396,0.8643457575278591,0.9431510484414299,0.9484368006705656,0.9525627277789429,0.9711624958392807,0.9738782651348955,0.9759955770630286,1.0,0.0,0.0,0.0,0.0,0.00814153780872734,-0.5707001982104863,0.5456036172504369,0.03055927254954412
24.400000000000002,0.5713526002035917,0.5464698974967903,0.5709636628054954,0.015458149249363527,2.8194164771850905,1.0631576127764875,1.0815834940568232,1.0961788017454444,0.1368389899176623,0.13870200514711634,0.14108914632917668,2.7323494874839516,2.8194164771850905,2.8438877427502303,3.460036599892159e-08,0.014493532662904627,0.18433762456357805,0.8378572301854901,0.8519641576195334,0.8630398551779895,0.9427297920116542,0.947980186046718,0.952082702406231,0.9709456098792114,0.9736438474516679,0.9757496540658508,1.0,0.0,0.0,0.0,0.0,0.008074873689602621,-0.5709636628054954,0.5464698974967903,0.030413312534207308
24.6,0.5715958429169515,0.5473144673606075,0.5712184331672293,0.015381520754306027,2.824332663961904,1.0617234115667686,1.0799751804728983,1.09444641944934,0.137055590236634,0.13890830498052067,0.14127973290016027,2.7365723368030377,2.8243326639619046,2.8483537662337595,3.307847370197885e-08,0.014440400068023345,0.183973666903958,0.8367424923868411,0.8507401680650706,0.8617414010606147,0.9423114680071939,0.947526080886084,0.9516049344727827,0.9707301857348424,0.973410662265192,0.9755048260166146,1.0,0.0,0.0,0.0,0.0,0.00800827418959249,-0.5712184331672293,0.5473144673606075,0.0302706926411825
24.8,0.5718309984938752,0.5481378190893756,0.5714647502297127,0.015307160940995757,2.8291299027976127,1.0603028076809695,1.0783801790657843,1.0927273243311288,0.13727120815965388,0.1391135038610797,0.14146902084327304,2.740689095446878,2.829129902797613,2.8527102219590192,3.166039726405205e-08,0.014389075451267906,0.18362178538612475,0.8356365739891233,0.849524160194989,0.8604504536001525,0.9418960862857156,0.9470745067156409,0.9511294525581674,0.9705162294577867,0.9731787215096508,0.975261108390879,1.0,0.0,0.0,0.0,0.0,0.007941754391508418,-0.5714647502297127,0.5481378190893756,0.030131348619219615
25.0,0.5720582875042594,0.5489404344382847,0.5717028481801147,0.015234997949099193,2.8338107937002484,1.058895744941289,1.0767984724307889,1.0910215221446993,0.13748583044002124,0.13931759164032112,0.14165700515523066,2.744702172191423,2.8338107937002484,2.8569595477998635,3.033777284191393e-08,0.014339501165920062,0.1832816454569789,0.8345394780113171,0.8483161695991474,0.8591670682993588,0.9414836559382993,0.946625484147751,0.9506562842390697,0.9703037467033655,0.9729480366560833,0.9750185161616779,1.0,0.0,0.0,0.0,0.0,0.007875328851384866,-0.5717028481801147,0.5489404344382847,0.02999521694955801
25.200000000000003,0.5722779245946062,0.5497227848783192,0.5719329546671049,0.015164962578257979,2.8383778848788905,1.0575021654396246,1.0752300403035178,1.0893290150663366,0.1376994442683283,0.13952055857302958,0.14184368117831894,2.748613924391596,2.8383778848788905,2.861104131029933,2.91030061800115e-08,0.014291621643252133,0.18295292190413576,0.8334512055487128,0.8471162293667158,0.8578912978044544,0.9410741853014866,0.9461790328957902,0.9501854561069211,0.9700927427362944,0.9727186187197182,0.9747770638077635,1.0,0.0,0.0,0.0,0.0,0.007809011612712968,-0.5719329546671049,0.5497227848783192,0.0298622348703322
25.400000000000002,0.5724901186601729,0.5504853318012496,0.5721552910034824,0.0150969881712935,2.84283367360963,1.0561220096027288,1.073674859661009,1.0876498018186185,0.13791203726529497,0.13972239531083228,0.14202904459535318,2.7524266590062476,2.84283367360963,2.8651463092861795,2.794924761010038e-08,0.014245383302955791,0.18263529856645372,0.8323717558148077,0.845924370141905,0.8566231919689272,0.94066768196932,0.9457351717895811,0.9497169937852156,0.9698832224363811,0.9724904782672248,0.9745367653217052,1.0,0.0,0.0,0.0,0.0,0.007742816220358648,-0.5721552910034824,0.5504853318012496,0.0297323403985952
25.6,0.5726950729758095,0.5512285267215161,0.5723700723628135,0.01503101050240937,2.8471806070953756,1.0547552162558926,1.0721329048200592,1.0859838777907196,0.1381235974747192,0.13992309289585647,0.1422130914246256,2.7561426336075803,2.847180607095376,2.8690883715177184,2.6870232493754566e-08,0.014200734467213304,0.18232846805312353,0.8313011261828289,0.8447406201787474,0.8553627979160795,0.9402641528053762,0.9452939187906281,0.949250921946531,0.9696751903042364,0.9722636254238811,0.9742976342178581,1.0,0.0,0.0,0.0,0.0,0.0076767557341604065,-0.5723700723628135,0.5512285267215161,0.029605472349520247
25.8,0.5728929853765047,0.5519528114740622,0.57257750796728,0.014966967672409274,2.851421083317141,1.0534017226851822,1.0706041475328842,1.0843312351552774,0.13833411335653337,0.14012264275445002,0.14239581801484175,2.759764057370311,2.851421083317141,2.872932558916715,2.586021316359766e-08,0.014157625280363222,0.1820321314753142,0.8302393122268782,0.8435650053949899,0.8541101601003981,0.9398636039547935,0.9448552910071851,0.9487872643292867,0.9694686504669981,0.9720380698806723,0.9740596835402113,1.0,0.0,0.0,0.0,0.0,0.007610842742116361,-0.57257750796728,0.5519528114740622,0.029481570352518482
26.0,0.5730840484336052,0.552658618408745,0.5727778012690262,0.014904800009180994,2.8555574518780005,1.0520614646982782,1.0690885570802002,1.0826918629819355,0.13854357377995988,0.14032103669096085,0.14257722104004508,2.7632930920437246,2.8555574518780005,2.8766810658347963,2.4914001110468255e-08,0.014116007632578694,0.18174599818710538,0.8291863077627079,0.8423975494251357,0.8528653203677802,0.9394660408562925,0.9444193047091572,0.9483260437542409,0.9692636066840666,0.9718138209013224,0.9738229258701249,1.0,0.0,0.0,0.0,0.0,0.0075450893732471325,-0.5727778012690262,0.552658618408745,0.029360574865208676
26.200000000000003,0.5732684495788912,0.5533463705818478,0.5729711501266085,0.014844449971942725,2.859592014840464,1.0507343766839568,1.0675861003617655,1.081065747347635,0.13875196801676573,0.14051826688157548,0.1427572974945289,2.766731852909239,2.859592014840464,2.8803360406864598,2.4026872531201783e-08,0.014075835086197103,0.18146978553341647,0.8281421048881473,0.8412382736726306,0.8516283180146356,0.9390714682541983,0.9439859753428388,0.9478672821407399,0.969060062352858,0.9715908873292581,0.9735873733339537,1.0,0.0,0.0,0.0,0.0,0.007479507310182848,-0.5729711501266085,0.5533463705818478,0.029242427185419518
26.400000000000002,0.5734463712487506,0.5540164819439556,0.5731577469744682,0.014785862060830804,2.8635270275550853,1.0494203916701905,1.0660967419844383,1.079452871443722,0.1389592857346161,0.14071432586821953,0.14293604468774385,2.7700824097197776,2.8635270275550853,2.883899586836149,2.3194442694655374e-08,0.014037062806235949,0.1812032186079024,0.8271066940231177,0.8400871973611921,0.8503991898458656,0.9386798902104369,0.9435553175454827,0.9474110005227125,0.9688580205145586,0.9713692775945022,0.9733530376105606,1.0,0.0,0.0,0.0,0.0,0.007414107801398492,-0.5731577469744682,0.5540164819439556,0.02912706946078532
26.6,0.5736179910524093,0.5546693575242175,0.573337778985792,0.014728982731638019,2.8673646994799324,1.0481194413808974,1.0646204443478056,1.0778532156799565,0.13916551699052407,0.14090920655251832,0.1431134602392023,2.7733467876210876,2.8673646994799324,2.8873737634697787,2.24127232776214e-08,0.013999647494964615,0.18094603002029713,0.8260800639492548,0.8389443375852929,0.8491779702317442,0.9382913101165126,0.9431273451597042,0.9469572190644175,0.9686574838598853,0.9711489997205025,0.9731199299387197,1.0,0.0,0.0,0.0,0.0,0.0073489016731084905,-0.573337778985792,0.5546693575242175,0.029014444696406166
26.8,0.5737834818971692,0.5553053936116693,0.5735114282308418,0.014673760313766143,2.8711071949923888,1.0468314562914038,1.06315716772746,1.0762667577855254,0.13937065222439163,0.14110290218981442,0.14328954207337544,2.7765269680583464,2.8711071949923888,2.890760586453553,2.167812707738166e-08,0.013963547328751626,0.18069795967022595,0.8250622018491537,0.8378097093598297,0.8479646911637386,0.9379057307054702,0.9427020712477262,0.9465059570759572,0.9684584547348536,0.9709300613308921,0.9728880611244175,1.0,0.0,0.0,0.0,0.0,0.0072838993409035935,-0.5735114282308418,0.5553053936116693,0.028904496761102367
27.0,0.5739430121037299,0.5559249779333401,0.5736788718298649,0.014620144932010345,2.874756634192313,1.0455532849365188,1.0617068703559907,1.0746934729071524,0.13957468225263817,0.1412954063832418,0.14346471113531753,2.7796248896667004,2.874756634192313,2.894062029178278,2.098729994826198e-08,0.013928721897810949,0.18045875452876436,0.8240506535056288,0.8366833256689812,0.8467593823093009,0.9375222286851334,0.942279508105469,0.9460572330285647,0.9682604573361173,0.9707124696561875,0.972657441548055,1.0,0.0,0.0,0.0,0.0,0.00721911082108935,-0.5736788718298649,0.5559249779333401,0.02879717039187322
27.200000000000003,0.5740967455573242,0.5565284898287974,0.5738402820997891,0.014568088433080436,2.878315093695177,1.0442633120717852,1.060269508501734,1.0731333337043756,0.13977759826191521,0.1414867130778554,0.1436419323229931,2.782642449143987,2.878315093695177,2.8972800233880776,2.033712370689605e-08,0.013895132149742855,0.18022816842887274,0.8230283068157718,0.8355651975142708,0.8455620710656411,0.9371343136994658,0.9418596672764853,0.9456110645696674,0.9680601403750531,0.9704962315404244,0.9724280811715516,1.0,0.0,0.0,0.0,0.0,0.0071545457417041824,-0.5738402820997891,0.5565284898287974,0.028692411196653222
27.400000000000002,0.5742448418380487,0.55711630042165,0.5739958266964306,0.01451754431523941,2.881784607416376,1.0429860657920862,1.0588450365453488,1.0715863104420562,0.1399793918029069,0.14167681655481698,0.14381783699678086,2.7855815021082497,2.881784607416376,2.900416459996098,1.9724840236421323e-08,0.013862740335376331,0.1800059618622421,0.8220146003431822,0.8344553339618415,0.8443727826124945,0.93674935977534,0.9414425595657405,0.9451674685377279,0.967861311498256,0.9702813534477307,0.9721999895453527,1.0,0.0,0.0,0.0,0.0,0.007090213353271355,-0.5739958266964306,0.55711630042165,0.028590165655985527
27.6,0.5743874563166512,0.5576887727881195,0.5741456687524619,0.014468467660549034,2.8851671673469044,1.0417214773660248,1.0574334070542624,1.0700523710802097,0.14018005478421225,0.14186571142563456,0.14399242336759002,2.7884438639405973,2.8851671673469044,2.903473189887175,1.9147901404960022e-08,0.013831509956464896,0.1797919017821973,0.8210095201480011,0.8333537421889547,0.8431915399639142,0.9363673690512462,0.941028195053243,0.9447264609768742,0.9676639727279747,0.9700678414688354,0.9719731758153444,1.0,0.0,0.0,0.0,0.0,0.007026122539302057,-0.5741456687524619,0.5576887727881195,0.02849038112347925
27.8,0.574524740280711,0.5582462621222474,0.5742899670098914,0.014420815071128502,2.88846472431868,1.0404694769635154,1.056034570855049,1.068531481361234,0.14037957946630691,0.14205339262645655,0.14416568993235332,2.791231310611237,2.88846472431868,2.906469260261563,1.8603834200160356e-08,0.013801405716601173,0.17958576141444074,0.8200130508181425,0.8322604275297254,0.8420183640191136,0.9359883430501713,0.9406165831075249,0.9442880571513214,0.9674681257631582,0.9698557013275201,0.9717476487296797,1.0,0.0,0.0,0.0,0.0,0.006962281826499439,-0.5742899670098914,0.5582462621222474,0.02840012985465527
28.0,0.5746568410699733,0.5587891158979625,0.5744288759479794,0.014374544608715664,2.891679188759911,1.0392299937057814,1.054648477103792,1.0670236048946027,0.14057795845558313,0.1422398554124189,0.1443376354690421,2.7939455794898125,2.891679188759911,2.909414321264464,1.8090455454854573e-08,0.01377239347470862,0.17938732007431504,0.8190251755063002,0.8311753935201027,0.8408532736123642,0.9356122826911918,0.9402077323989757,0.943852271559589,0.9672737719850925,0.9696449383870076,0.9715234166455141,1.0,0.0,0.0,0.0,0.0,0.006898699394697921,-0.5744288759479794,0.5587891158979625,0.02832261675860639
28.200000000000003,0.574783902164756,0.5593176740284095,0.5745625459077086,0.014329615736024719,2.894812431441751,1.0380029557141583,1.0532750733544824,1.065528703239084,0.1407751846984669,0.1424250953520443,0.1445082590316886,2.7965883701420475,2.894812431441751,2.912284171635047,1.7605864636123913e-08,0.013744440199710802,0.17919636298898772,0.8180458759665299,0.8300986419421131,0.8396962855619701,0.935239188301018,0.9398016509130277,0.9434191179485167,0.9670809124630252,0.9694355576562942,0.9713004875356557,1.0,0.0,0.0,0.0,0.0,0.006835383086580327,-0.5745625459077086,0.5593176740284095,0.028247071281914015
28.400000000000002,0.5749060632812271,0.5598322690221865,0.5746911232117085,0.014285989261059557,2.897866284214859,1.0367882901577221,1.051914305625501,1.0640467359825712,0.14097125147560902,0.14260910832169452,0.14467755994541676,2.7991613451109325,2.897866284214859,2.9150805228782466,1.7148112294398492e-08,0.01371751392750759,0.17901268112613067,0.8170751325904164,0.8290301728673645,0.8385474147183463,0.9348690596254972,0.9393983459632014,0.9429886093270883,0.9668895479597837,0.9692275637964166,0.9710788689951306,1.0,0.0,0.0,0.0,0.0,0.006772340417131845,-0.5746911232117085,0.5598322690221865,0.0281734496199013
28.6,0.5750234605054712,0.5603332261364041,0.5748147502795695,0.01424362728497975,2.9008425407350136,1.0355859232997604,1.0505661184642332,1.06257766081958,0.14116615239614866,0.14279189050007393,0.14484553780148385,2.8016661306820203,2.9008425407350136,2.9178050502341373,1.671536614110451e-08,0.013691583720852576,0.17883607102918625,0.8161129244428111,0.8279699846998321,0.837406674011215,0.9345018958410629,0.9389978242040035,0.9425607579800628,0.9666996789373784,0.9690209611266688,0.9708585682476679,1.0,0.0,0.0,0.0,0.0,0.0067095785828305,-0.5748147502795695,0.5603332261364041,0.0281017088091544
28.8,0.5751362263895521,0.5608208635270719,0.5749335657400899,0.01420249315154963,2.903742957179577,1.0343957805431014,1.0492304550098694,1.0611214336264723,0.14135988139204983,0.14297343836278506,0.14501219245233546,2.8041043176353595,2.903742957179577,2.9204593933896916,1.6306222491119078e-08,0.013666619630282158,0.1786663346570144,0.8151592292971358,0.8269180742179294,0.8362740744959231,0.9341376955661316,0.9386000916436854,0.9421355754814174,0.9665113055625937,0.9688157536307536,0.9706395921521012,1.0,0.0,0.0,0.0,0.0,0.00664710447062665,-0.5749335657400899,0.5608208635270719,0.028031806717944474
29.0,0.575244490015613,0.5612954923967259,0.5750477045400363,0.014162551398215113,2.9065692529545823,1.0332177864743506,1.0479072570544306,1.0596780085344732,0.14155243271250753,0.14315374867693437,0.14517752400667147,2.8064774619836297,2.9065692529545823,2.923045157178857,1.591924856239535e-08,0.013642592656163672,0.17850327922851963,0.8142140236702671,0.8258744366158766,0.8351496253989036,0.933776456872446,0.9382051536568607,0.9417130727076024,0.9663244277125634,0.9686119449628813,0.9704219472086895,1.0,0.0,0.0,0.0,0.0,0.006584924666702435,-0.5750477045400363,0.5612954923967259,0.027963702036115524
29.200000000000003,0.5753483771132468,0.5617574171389242,0.5751572980484287,0.014123767710687856,2.909323111390427,1.0320518649070292,1.0465964651020674,1.0582473380005577,0.14174380091842095,0.1433328184957893,0.1453415328245277,2.8087870856946213,2.909323111390427,2.925563912269156,1.5552790959634665e-08,0.013619474713676897,0.17834671707367317,0.8132772828569911,0.8248390655443766,0.8340333341623215,0.933418177296362,0.9378130149969826,0.9412932598506255,0.9661390449803315,0.9684095384538074,0.9702056395653671,1.0,0.0,0.0,0.0,0.0,0.006523045464973204,-0.5751572980484287,0.5617574171389242,0.027897354264365223
29.400000000000002,0.5754480101774623,0.5622069354800296,0.5752624741577155,0.014086108879657902,2.9120061804273782,1.0308979389236295,1.0452980184266827,1.056829372876232,0.1419339808769366,0.14351064515348574,0.14550421951237621,2.8110346774001482,2.9120061804273787,2.928017195837297,1.5205710730859094e-08,0.013597238599433245,0.17819646548897777,0.8123489809640062,0.8238119531506016,0.832925206487874,0.9330628538500668,0.9374236798086838,0.9408761464309487,0.9659551566803891,0.9682085371168161,0.9699906750239099,1.0,0.0,0.0,0.0,0.0,0.006461472875378557,-0.5752624741577155,0.5622069354800296,0.027832723703712082
29.6,0.575543508514425,0.5626443386185435,0.5753633573824789,0.014049542757854352,2.91462007329257,1.0297559309166455,1.0440118551279098,1.0554240624742934,0.14212296775605635,0.14368722625978558,0.14566558491824008,2.8132216930927174,2.91462007329257,2.9304065122346628,1.4877181711604977e-08,0.013575857958053508,0.1780523465964586,0.8114290909435158,0.8227930901175105,0.831825246379793,0.9327104830327426,0.9370371516399778,0.9404617413102146,0.9657727618541977,0.9680089436536458,0.9697770590460304,1.0,0.0,0.0,0.0,0.0,0.006400212631991947,-0.5753633573824789,0.5626443386185435,0.027769771444823118
29.8,0.5756349883176289,0.5630699113615093,0.575460068954156,0.014014038219759191,2.917166369166112,1.02862576262857,1.0427379121854974,1.0540313546336249,0.14231075701931004,0.14386255969488349,0.14582563012682778,2.8153495568075466,2.917166369166112,2.9327333336397516,1.4565722149347137e-08,0.0135553072509284,0.17791418720834856,0.8105175846263755,0.8217824657024934,0.8307334561870569,0.932361060841661,0.9366534334543271,0.940050052703802,0.9655918592756874,0.9678107604603582,0.9695647967593995,1.0,0.0,0.0,0.0,0.0,0.006339270200892394,-0.575460068954156,0.5630699113615093,0.027708459356555488
30.0,0.5757225628098707,0.5634839322580639,0.5755527269122571,0.013979565124653216,2.919646613835499,1.0275073551908716,1.0414761255121392,1.0526511957820632,0.14249734442049256,0.14403664360426502,0.14598435645469005,2.8174196612903195,2.919646613835499,2.9349991006985148,1.4270053834069474e-08,0.013535561727826786,0.17778181869677553,0.8096144327547994,0.820780067775362,0.8296498366448201,0.932014582783206,0.9362725276425696,0.9396410881932129,0.9654124474567322,0.9676139896331512,0.9693538929635951,1.0,0.0,0.0,0.0,0.0,0.006278650787816822,-0.5755527269122571,0.5634839322580639,0.02764875007466861
30.200000000000003,0.575806342304787,0.5638866737307596,0.5756414461938217,0.013946094279532122,2.9220623203417206,1.0264006291619927,1.0402264300047868,1.0512835309973914,0.1426827259984654,0.14420947639361265,0.14614176544539714,2.819433368653798,2.9220623203417206,2.9372052231557926,1.3989992237692424e-08,0.01351659739805337,0.17765507686596885,0.8087196050146345,0.8197858828556884,0.828574386915072,0.9316710438838287,0.9358944360347182,0.9392348547382902,0.9652345246526015,0.9674186329741172,0.969144352135978,1.0,0.0,0.0,0.0,0.0,0.006218359345653374,-0.5756414461938217,0.5638866737307596,0.027590606990960238
30.400000000000002,0.5758864342194723,0.5642784022043142,0.5757263387198834,0.01391359740258705,2.9244149696163397,1.0253055045643884,1.0389887595944918,1.0499283040665375,0.1428668980720173,0.14438105672376195,0.14629785886473812,2.821392011021571,2.9244149696163397,2.939353080475279,1.372460881560274e-08,0.013498391001841737,0.1775338018287379,0.8078330700671996,0.8187998961495021,0.8275071046265535,0.9313304387009289,0.9355191599116196,0.9388313586892759,0.9650580888673852,0.9672246919969425,0.9689361784375016,1.0,0.0,0.0,0.0,0.0,0.006158400581741275,-0.5757263387198834,0.5642784022043142,0.02753399424151172
30.6,0.5759629432100577,0.5646593782313987,0.575807513477936,0.01388204709106789,2.926706011105687,1.0242219009206086,1.0377630472948027,1.048585457543006,0.14304985723478622,0.144551383505707,0.14645263869594513,2.823296891156993,2.9267060111056873,2.9414440224460248,1.3471975717288289e-08,0.013480919985659156,0.17741783788866286,0.806954795580689,0.8178220915853556,0.8264479859139386,0.9309927613336623,0.9351467000164843,0.9384306057987118,0.9648831378593928,0.9670321679325536,0.9687293757184509,1.0,0.0,0.0,0.0,0.0,0.006098778964933604,-0.575807513477936,0.5646593782313987,0.02747887669466251
30.8,0.5760359713015635,0.5650298566161724,0.5758850766026765,0.013851416790467256,2.92893686338512,1.0231497372884366,1.0365492252487674,1.0472549328025658,0.1432316003502452,0.1447204558956548,0.14660610713494562,2.825149283080862,2.92893686338512,2.9434793697799773,1.3232092282993926e-08,0.013464162478492882,0.1773070334247477,0.8060847482611205,0.8168524518497635,0.8253970254562609,0.9306580054336622,0.9347770565662823,0.9380326012331691,0.9647096691465203,0.9668410617347086,0.9685239475241103,1.0,0.0,0.0,0.0,0.0,0.00603949873250724,-0.5758850766026765,0.5650298566161724,0.02742521994017076
31.0,0.5761056178500155,0.5653900865357601,0.5759591314552134,0.013821680761345734,2.9311089147670963,1.022088932295141,1.0353472247745696,1.0459366700972934,0.14341212454674426,0.1448882732901286,0.1467582665856376,2.8269504326788,2.9311089147670963,2.9454604147008734,1.3005522088140945e-08,0.013448097265602102,0.1772012407782666,0.8052228938828632,0.8158909584220265,0.8243542165146526,0.9303261642156888,0.9344102292630079,0.9376373495848322,0.9645376800115889,0.9666513740855308,0.9683198971003684,1.0,0.0,0.0,0.0,0.0,0.0059805638969302605,-0.5759591314552134,0.5653900865357601,0.027372990277773904
31.200000000000003,0.5761719795909523,0.5657403116588209,0.5760297786981864,0.013792814049510323,2.9332235238973072,1.0210394041708293,1.0341569764098377,1.0446306086080235,0.14359142721260665,0.14505483532111998,0.14690911965519365,2.8287015582941044,2.9332235238973072,2.947388421519152,1.2789666653012877e-08,0.013432703765245548,0.177100316145448,0.8043691973187314,0.814937591608445,0.823319550969397,0.9299972304681974,0.9340462173048146,0.9372448548829363,0.9643671675076552,0.9664631054009877,0.9681172273992601,1.0,0.0,0.0,0.0,0.0,0.005921978252401108,-0.5760297786981864,0.5657403116588209,0.027322154704359652
31.400000000000002,0.5762351508494586,0.5660807702647171,0.5760971163709528,0.013764792460789124,2.935282020352753,1.020001070781846,1.0329784099557593,1.0433366864963747,0.14376950599112398,0.1452201418511354,0.14705866914926152,2.8304038513235854,2.9352820203527537,2.9492646272111207,1.2583196480742336e-08,0.01341796200956116,0.17700411947006736,0.8035236225703803,0.8139923305768167,0.8222930193572128,0.9296711965641064,0.9336850193973554,0.9368551206054007,0.9641981284634344,0.966276255836491,0.9679159410846241,1.0,0.0,0.0,0.0,0.0,0.005863745381631119,-0.5760971163709528,0.5660807702647171,0.027272680902623025
31.6,0.576295223642238,0.5664116953463451,0.5761612399507043,0.013737592535872202,2.937285705162884,1.0189738496590794,1.0318114545149455,1.0420548409497428,0.14394635877636533,0.14538419296899155,0.14720691806780503,2.832058476731725,2.937285705162884,2.951090241921978,1.2388483374686311e-08,0.013403852625380274,0.17691251435613667,0.8026861327948196,0.813055153386337,0.8212746109034911,0.9293480544701527,0.9333266337634638,0.936468149688656,0.9640305594880021,0.9660908252916498,0.96771604053684,1.0,0.0,0.0,0.0,0.0,0.005805868660520491,-0.5761612399507043,0.5664116953463451,0.027224537231754126
31.8,0.5763522874628132,0.5667333147437426,0.5762222424387219,0.013711191516388289,2.9392358514910235,1.0179576580353047,1.0306560385397254,1.0407850082378192,0.144121983707249,0.14554698898402268,0.14735386959955235,2.8336665737187126,2.9392358514910235,2.9528664496187282,1.220459860454181e-08,0.013390356806153504,0.1768253679446829,0.8018566903385398,0.8121260370262682,0.8202643135642028,0.929027795759261,0.9329710581562839,0.9360839445412483,0.9638644569770695,0.9659068134168162,0.967517527859529,1.0,0.0,0.0,0.0,0.0,0.005748351267197374,-0.5762222424387219,0.5667333147437426,0.027177692712116956
32.0,0.5764064293522432,0.5670458512306301,0.5762802144211889,0.013685567322315764,2.9411337050528905,1.0169524128667247,1.0295120898615804,1.039527123747918,0.14429637916439256,0.14570853042281834,0.1474995271186382,2.8352292561531507,2.9411337050528905,2.9545944084997093,1.2027806171382272e-08,0.013377456294813043,0.17674255082687296,0.8010352567589853,0.8112049574398483,0.8192621140514629,0.9287104116181116,0.932618289866847,0.9357025070513385,0.9636998171167789,0.9657242196167749,0.967320404883114,1.0,0.0,0.0,0.0,0.0,0.005691196184681377,-0.5762802144211889,0.5670458512306301,0.027132117016314003
32.2,0.5764577344158559,0.5673495226279567,0.5763352441202235,0.01366069853788699,2.9429804847219856,1.0159580308663483,1.028379535734314,1.038281122035399,0.14446954376474344,0.14586881802391802,0.14764389417945636,2.8367476131397833,2.9429804847219856,2.9562752515688695,1.1859078499667618e-08,0.013365133374589042,0.1766639369711092,0.800221792855901,0.8102918895595893,0.8182679978715646,0.9283958928585904,0.9322683257360928,0.9353238385990386,0.9635366358895218,0.9655430430567388,0.9671246731708896,1.0,0.0,0.0,0.0,0.0,0.0056344062077373774,-0.5763352441202235,0.5673495226279567,0.027087780457955082
32.4,0.5765062856240493,0.5676445419138448,0.5763874174653333,0.01363656438265174,2.944777383087964,1.0149744285335616,1.0272583028721725,1.0370469368685138,0.14464147635683952,0.14602785273310015,0.14778697451197909,2.8382227095692243,2.944777383087964,2.957910087171332,1.1701131483811212e-08,0.013353370845220628,0.17658940362095243,0.7994162586997865,0.8093868073388775,0.8172819493590396,0.9280842299282004,0.9319211621655675,0.9349479400673402,0.9633749090792293,0.9653632826676739,0.9669303340243783,1.0,0.0,0.0,0.0,0.0,0.005577983949036636,-0.5763874174653333,0.5676445419138448,0.02704465397938259
32.6,0.576552163525502,0.5679311173297088,0.5764368181668548,0.013613144681817258,2.9465255669864954,1.0140015221811625,1.0261483174852637,1.035824501270149,0.14481217601636856,0.1461856356989457,0.1479287720173667,2.839655586648544,2.9465255669864954,2.9595267342205944,1.1550963667780593e-08,0.013342151998237317,0.17651883119020736,0.7986186136584883,0.8084896837817331,0.8163039517086936,0.9277754129198253,0.9315767951275041,0.9345748118523697,0.9632146322763352,0.9651849371513143,0.9667373884883504,1.0,0.0,0.0,0.0,0.0,0.005521931844886613,-0.5764368181668548,0.5679311173297088,0.02701375948836717
32.800000000000004,0.5765954466526589,0.5682094524762158,0.5764835277636541,0.013590419853488064,2.9482261780006436,1.013039227961305,1.0250495053136424,1.0346137475578947,0.14498164204183486,0.14634216826848687,0.14806929076366385,2.8410472623810787,2.9482261780006436,2.96109913234571,1.1405418589692393e-08,0.013331460608549818,0.17645210319477975,0.7978288164230737,0.8076004909718109,0.8153339870067172,0.9274694315812847,0.9312352201746933,0.934204453873386,0.9630558008826403,0.9650080049850801,0.9665458373557219,1.0,0.0,0.0,0.0,0.0,0.005466252159906135,-0.5764835277636541,0.5682094524762158,0.0269838591778549
33.0,0.5766362117994963,0.5684797464092666,0.5765276256733347,0.013568370893694505,2.949880332963063,1.0120874618914075,1.0239617916609405,1.0334146073835568,0.1451498739501819,0.1464974519828223,0.1482085349814306,2.8423987320463326,2.949880332963063,2.962628135374156,1.1267901555490234e-08,0.01332128092373341,0.17638910618095033,0.7970468250338519,0.8067192001013298,0.8143720362617524,0.927166275325013,0.9308964324504109,0.9338368655828522,0.9628984101162502,0.9648324844270338,0.9663556811725019,1.0,0.0,0.0,0.0,0.0,0.005410946991908486,-0.5765276256733347,0.5684797464092666,0.026954849957962268
33.2,0.5766745336580328,0.5687421937407403,0.57656918925941,0.013546979347636608,2.951489124468452,1.0111461398798607,1.0228851014273523,1.0322270117719154,0.145316871472401,0.14665148857272606,0.1483465090593356,2.8437109687037014,2.951489124468452,2.9641147692145204,1.1140114298594044e-08,0.013311597639656815,0.17632972962941415,0.7962725969064033,0.8058457814997776,0.8134180794357394,0.9268659332378073,0.9305604266983358,0.9334720459765152,0.9627424550165578,0.9646583735208439,0.9661669202427566,1.0,0.0,0.0,0.0,0.0,0.005356018277402647,-0.57656918925941,0.5687421937407403,0.026926709832411064
33.4,0.5767104847679498,0.5689969847346069,0.5766082938873963,0.01352622728890226,2.9530536213697163,1.0102151777508441,1.0218193591415623,1.0310508911581295,0.1454826345492144,0.1468042799543143,0.14848321753981356,2.8449849236730347,2.9530536213697163,2.9655600373650404,1.1016812566938738e-08,0.01330239588372151,0.17627386587514807,0.7955060888570261,0.8049802046620297,0.8124720954740556,0.9265683940904158,0.9302271972723261,0.9331099936033044,0.96258793044915,0.9644856701006829,0.9659795546334894,1.0,0.0,0.0,0.0,0.0,0.005301467796597195,-0.5766082938873963,0.5689969847346069,0.02689941730131229
33.6,0.5767441360162511,0.5692443053965727,0.5766450129668228,0.013506097311779895,2.9545748692509104,1.0092944912680952,1.0207644889915444,1.0298861754238013,0.14564716332683517,0.14695582822478334,0.1486186651148144,2.846221526982863,2.9545748692509104,2.966964921363303,1.0896736610464424e-08,0.013293661210775866,0.176221410047396,0.7947472571274744,0.8041224382758227,0.8115340623349232,0.9262736463469101,0.9298967381460175,0.9327507065750372,0.9624348311106141,0.9643143717960441,0.9657935841794321,1.0,0.0,0.0,0.0,0.0,0.0052472971777960675,-0.5766450129668228,0.5692443053965727,0.026872951351967166
33.800000000000004,0.5767755566620242,0.5694843375652497,0.5766794180038123,0.0134865725135912,2.9560538909010927,1.0083839961580896,1.0197204148543935,1.0287327939319941,0.1458104581527669,0.1471061356581999,0.1487528566215798,2.8474216878262486,2.9560538909010927,2.968330381238999,1.0785570984937875e-08,0.013285379589126503,0.17617225999455394,0.7939960574093458,0.8032724502486857,0.8106039570183231,0.9259816781739845,0.9295690429222918,0.9323941825760208,0.9622831515333105,0.9641444760365008,0.965609008487794,1.0,0.0,0.0,0.0,0.0,0.005193507902088293,-0.5766794180038123,0.5694843375652497,0.026847291449267573
34.0,0.5768048139225623,0.5697172590040622,0.5767115786590141,0.013467636468062358,2.957491686789781,1.0074836081327403,1.0186870603252765,1.0275906755611584,0.14597251957165366,0.14725520470133371,0.14888579703843366,2.848586295020311,2.957491686789781,2.9696573559679473,1.06825153587233e-08,0.01327753737761048,0.17612631620140826,0.7932524448682033,0.8024302077343992,0.8096817555943452,0.9256924774502095,0.9292441048426344,0.932040418872522,0.9621328860901316,0.9639759800564152,0.9654258269429518,1.0,0.0,0.0,0.0,0.0,0.005140101308169637,-0.5767115786590141,0.5697172590040622,0.02682241752421494
34.2,0.576831973163344,0.5699432434875072,0.5767415627913525,0.013449273212822698,2.958889235521078,1.0065932429113416,1.0176643487455141,1.0264597487379221,0.14613334832119004,0.14740303796953597,0.14901749148062943,2.8497162174375363,2.9588892355210783,2.9709467639031057,1.0580470570906526e-08,0.013270121316371408,0.17608348172663935,0.7925163741671885,0.8015956771589697,0.8087674332309421,0.9254060317751436,0.9289219167963734,0.9316894123220872,0.9619840289991949,0.9638088808995994,0.9652440387110737,1.0,0.0,0.0,0.0,0.0,0.005087078596601152,-0.5767415627913525,0.5699432434875072,0.02679830996359738
34.4,0.5768570983894225,0.570162460884578,0.5767694364984066,0.013431467244032574,2.9602474942726213,1.0057063640892618,1.0166522032297924,1.025339941468937,0.14629294532806833,0.1475496382426652,0.14914890206132442,2.85081230442289,2.9602474942726213,2.9721995031931874,1.048163521431438e-08,0.013263118524514063,0.1760436621451333,0.7917824575301652,0.8007688242461098,0.8078609642212053,0.9251202477034418,0.928602471329799,0.9313411593827621,0.9618354927630838,0.9636431754239189,0.9650636427446989,1.0,0.0,0.0,0.0,0.0,0.0050344408338722085,-0.5767694364984066,0.570162460884578,0.026774949602187757
34.6,0.5768802520216458,0.5703750772441937,0.5767952641674726,0.013414203495852286,2.9615673992416234,1.0048132353756456,1.0156505466925316,1.0242311813718064,0.14645131170396233,0.1476950084610615,0.14928147313258971,2.8518753862209683,2.961567399241624,2.973416452208909,1.0393235227168088e-08,0.013256516482758492,0.17600676547503902,0.7910426337139407,0.7999496140422315,0.8069623220101884,0.9248319845856495,0.9282857606551609,0.9309956561222112,0.9616856447992527,0.9634788603058436,0.9648846377872787,1.0,0.0,0.0,0.0,0.0,0.004982188956779807,-0.5767952641674726,0.5703750772441937,0.026752317713352063
34.800000000000004,0.5769014945210059,0.5705812548786804,0.5768191085234227,0.013397467317367826,2.9628498660859814,1.003929969076485,1.0146593018734136,1.023133395704895,0.14660844874158022,0.14783915172157058,0.1494128122681555,2.8529062743934017,2.9628498660859814,2.9745984699601165,1.03102598432205e-08,0.013250303013463924,0.1759727021093962,0.790310253035541,0.7991380109409499,0.8060714792210899,0.9245464444878316,0.9279717766595416,0.9306528982266692,0.9615371893191241,0.963315932044941,0.9647070223776367,1.0,0.0,0.0,0.0,0.0,0.004930323776634979,-0.5768191085234227,0.5705812548786804,0.02673039599727885
35.0,0.5769208848158677,0.570781152442167,0.57684103066498,0.013381244467591848,2.9640957903398615,1.0030564830323776,1.0136783913621081,1.0220465113961468,0.146764357910772,0.14798207127361637,0.14954292458838347,2.8539057622108346,2.964095790339862,2.9757463964898028,1.0224818537444672e-08,0.013244466278302636,0.1759413847643141,0.7895852707163634,0.798333978707106,0.8051884076808933,0.9242636150399611,0.9276605109136038,0.9303128810097558,0.9613901205350418,0.9631543869683168,0.9645307948543694,1.0,0.0,0.0,0.0,0.0,0.004878845982985838,-0.57684103066498,0.570781152442167,0.026709166572325218
35.2,0.5769384807096262,0.5709749250085127,0.5768610901046555,0.013365521110345302,2.9653060478216986,1.0021926951378781,1.0127077376222262,1.020970455071147,0.14691904085466131,0.14812377051532016,0.14967181533823046,2.854874625042563,2.9653060478216986,2.976861053265993,1.0144353898067107e-08,0.013238994775716884,0.17591272842192068,0.7888676415395784,0.7975374805003324,0.8043130784456294,0.9239834836196207,0.9273519546802287,0.9299755994212188,0.9612444325185169,0.9629942212350006,0.9643559533602186,1.0,0.0,0.0,0.0,0.0,0.00482775614740516,-0.5768610901046555,0.5709749250085127,0.026688611969005856
35.4,0.5769543384087089,0.5711627241503939,0.5768793448156232,0.013350283790644716,2.9664814950533227,1.0013385233605328,1.0117472630145186,1.0199051530802978,0.14707249938582317,0.14826425298966692,0.14979948988339517,2.8558136207519693,2.966481495053323,2.977943243579316,1.0076103450933319e-08,0.01323387732006874,0.1758866502633953,0.7881573198715075,0.7967484788981605,0.8034454618251564,0.9237060373604166,0.9270460989230274,0.9296410480555589,0.9611001192045836,0.9628354308402796,0.9641824958463914,1.0,0.0,0.0,0.0,0.0,0.0047770547274717245,-0.5768793448156232,0.5711627241503939,0.026668715119689452
35.6,0.5769685122576343,0.5713446980148718,0.5768958512705573,0.013335519416289066,2.96762296966684,1.0004938857593801,1.0107968898193262,1.0188505315249656,0.14722473548253182,0.1484035223807205,0.14992595370650286,2.8567234900743586,2.96762296966684,2.97899375292364,1.0008912058343668e-08,0.013229103025800748,0.17586306961348946,0.787454259682639,0.7959669359186647,0.8025855274073221,0.9234312631602992,0.9267429343147384,0.9293092211604873,0.9609571743961115,0.9626780116199763,0.9640104200768013,1.0,0.0,0.0,0.0,0.0,0.004726742070413403,-0.5768958512705573,0.5713446980148718,0.02664945934654322
35.800000000000004,0.5769810554129903,0.5715209913953274,0.5769106644737928,0.013321215260010911,2.9687312907836536,0.9996587005027933,1.0098565402583093,1.0178065162828134,0.14737575128505087,0.1485415825098869,0.1500512124033485,2.857604956976637,2.9687312907836536,2.9800133493587406,9.936143370164009e-09,0.01322466131176674,0.17584190789458168,0.7867584145681705,0.7951928130426573,0.8017332440816687,0.9231591476897459,0.9264424512455035,0.9289801126452711,0.9608155917680516,0.9625219592546727,0.9638397236322617,1.0,0.0,0.0,0.0,0.0,0.004676818416440201,-0.5769106644737928,0.5715209913953274,0.026630828355885594
36.0,0.5769920200922022,0.5716917458042515,0.5769238380005706,0.013307358952707694,2.9698072593951146,0.9988328858857348,1.0089261365154794,1.0167730330324702,0.14752554909194746,0.14867843733222436,0.1501752716791904,2.8584587290212577,2.9698072593951146,2.981002783877948,9.872521394566376e-09,0.013220541896682857,0.1758230885706134,0.7860697377681304,0.7944260712354435,0.8008885800627982,0.9228896773998206,0.9261446398310251,0.9286537160890137,0.9606753648716269,0.9623672692738796,0.9636704039146524,1.0,0.0,0.0,0.0,0.0,0.0046272839022711565,-0.5769238380005706,0.5716917458042515,0.026612806233453964
36.2,0.5770014568330457,0.571857099545805,0.5769354240382502,0.013293938456110026,2.970851658756878,0.9980163603465452,1.0080056007575524,1.0157500072773598,0.147674131356458,0.14881409093280104,0.1502981373450781,2.859285497729025,2.9708516587568785,2.981962790775797,9.822527022512977e-09,0.013216734774194844,0.17580653708821403,0.7853881821871694,0.7936666709681426,0.8000515029132361,0.9226228385301478,0.9258494899206116,0.9283300247488042,0.9605364871384812,0.9622139370601563,0.9635024581510269,1.0,0.0,0.0,0.0,0.0,0.004578138564687695,-0.5769354240382502,0.571857099545805,0.02659537743164899
36.4,0.5770094144286455,0.572017187784269,0.5769454734179175,0.013280942050505187,2.9718652547614623,0.9972090424832145,1.0070948551536332,1.0147373643685929,0.14782150068292355,0.14894854752310047,0.15041981531422471,2.860085938921345,2.971865254761463,2.9828940879945627,9.76667745900759e-09,0.013213230202715743,0.17579218083154635,0.7847137004139769,0.7929145722385729,0.7992219795657108,0.9223586171167804,0.9255569911051019,0.9280090315677019,0.9603989518847816,0.9620619578531717,0.963335883397642,1.0,0.0,0.0,0.0,0.0,0.004529382343690991,-0.5769454734179175,0.572017187784269,0.026578526758167076
36.6,0.5770159408829871,0.5721721426105459,0.5769540356445584,0.013268358344334256,2.972848796281957,0.9964108510690657,1.0061938218942488,1.0137350295271859,0.14796765982325893,0.1490818114374742,0.15054031159843603,2.8608607130527295,2.972848796281957,2.9838121095021624,9.703265500656756e-09,0.013210018716803211,0.17577994907920225,0.7840462447402509,0.7921697345917129,0.7983999763450433,0.922096998999931,0.9252671327246753,0.9276907291826295,0.960262752315253,0.9619113267537135,0.9631706765439483,1.0,0.0,0.0,0.0,0.0,0.004481015085540788,-0.5769540356445584,0.5721721426105459,0.026568328618904114
36.800000000000004,0.5770210833884177,0.572322093109908,0.5769611589347674,0.013256176263196431,2.973803015529502,0.9956217050679176,1.005302423209763,1.0127429278657227,0.14811261167344153,0.14921388712964223,0.15065963230458856,2.86161046554954,2.973803015529502,2.984704679557524,9.656551262813028e-09,0.013207091118108529,0.17576977295033228,0.7833857671792827,0.7914321171397449,0.7975854589897462,0.9218379698315908,0.9249799038765465,0.9273751099322124,0.9601278815271604,0.9617620387276452,0.9630068343165598,1.0,0.0,0.0,0.0,0.0,0.00443303654601665,-0.5769611589347674,0.572322093109908,0.026559452233630224
37.0,0.5770248872695172,0.5724671654281156,0.5769668902517336,0.013244385017623107,2.9747286284256167,0.9948415236488062,1.0044205813881737,1.0117609844092068,0.14825635927005906,0.14934477916923924,0.1507777836311467,2.8623358271405777,2.974728628425617,2.985570217131081,9.623326207355152e-09,0.013204438445227567,0.17576158535466627,0.7827322194842001,0.7907016785816907,0.7967783926731007,0.9215815150830492,0.9246952934225463,0.9270621658644719,0.9599943325142447,0.9616140886098097,0.9628443532831551,1.0,0.0,0.0,0.0,0.0,0.0043854463935371485,-0.5769668902517336,0.5724671654281156,0.02655095264012984
37.2,0.577027396269038,0.5726074828336464,0.576971275331593,0.013232974099730609,2.9756263349391916,0.994070226200221,1.0035482187923148,1.0107891241150373,0.1483989057869291,0.14947449223840875,0.15089477186472708,2.863037414168232,2.9756263349391916,2.986409386263387,9.573516255116222e-09,0.013202051972060433,0.17575532095486715,0.7820855531658403,0.7899783772226315,0.7959787420236626,0.9213276200523037,0.9244132899965881,0.9267518887443513,0.9598620981706063,0.961467471107878,0.9626832298562996,1.0,0.0,0.0,0.0,0.0,0.004338244211919376,-0.576971275331593,0.5726074828336464,0.026542819370083893
37.4,0.5770286538438713,0.5727431657794965,0.5769743587127756,0.013221933301146925,2.9764968193955617,0.9933077323438372,1.0026852578764747,1.0098272718924521,0.14854025453174252,0.14960303112844472,0.15101060337671562,2.863715828897482,2.9764968193955617,2.9872228361293836,9.516923368501132e-09,0.013199923227209514,0.1757509161246063,0.7814457195102262,0.7892621709925327,0.7951864711454506,0.9210762698713469,0.9241338820120205,0.9264442700611724,0.9597311712945293,0.9613221808061466,0.9625234602972382,1.0,0.0,0.0,0.0,0.0,0.004291429503191446,-0.5769743587127756,0.5727431657794965,0.02653504221798023
37.6,0.5770287026666113,0.5728743319658836,0.5769761837711707,0.01321125269336962,2.977340750816883,0.9925539619477555,1.0018316212024552,1.0088753526215564,0.1486804089427162,0.1497304007364786,0.15112528461993632,2.8643716598294175,2.977340750816883,2.9880112013618256,9.489387710614828e-09,0.01319804397607092,0.1757483088983276,0.7808126695956491,0.7885530174646698,0.7944015436379261,0.9208274495133307,0.923857057668868,0.9261393010360623,0.9596015445922463,0.9611782121692813,0.9623650407196797,1.0,0.0,0.0,0.0,0.0,0.0042450016905647425,-0.5769761837711707,0.5728743319658836,0.026527611233646047
37.800000000000004,0.5770275831904135,0.573001096400207,0.5769767927490285,0.013200922589162343,2.9781587832754637,0.9918088351393022,1.0009872314550796,1.0079332911715146,0.14881937258531855,0.14985660606221374,0.15123882212536663,2.865005482001035,2.9781587832754637,2.988775102363628,9.471212104759959e-09,0.013196406183999686,0.17574743892995923,0.7801863543094015,0.7878508738736697,0.793623922615399,0.9205811437996225,0.9235828049609596,0.9258369726292082,0.9594732106816519,0.9610355595460089,0.9622079670934974,1.0,0.0,0.0,0.0,0.0,0.004198960121140113,-0.5769767927490285,0.573001096400207,0.02652051670165301
38.0,0.577025334566763,0.5731235714539634,0.5769762267779189,0.013190933553649068,2.9789515561912174,0.9910722723174399,1.0001520114571687,1.0070010124178697,0.14895714914907685,0.14998165220470558,0.15135122249889268,2.8656178572698168,2.9789515561912174,2.989515145598944,9.420238530699148e-09,0.013195002028757594,0.17574824746011575,0.7795667243641883,0.7871556971331655,0.7928535707258157,0.9203373374067647,0.9233111116829484,0.9255372755469189,0.9593461620959691,0.9608942171727561,0.9620522352483387,1.0,0.0,0.0,0.0,0.0,0.004153304068358149,-0.5769762267779189,0.5731235714539634,0.02651374914073509
38.2,0.577021996341087,0.5732418669203189,0.5769745259076455,0.01318127643151972,2.9797196946068123,0.9903441941647398,0.9993258841839908,1.006078441259564,0.14909374244438325,0.15010554435918877,0.15146249241811385,2.866209334601594,2.9797196946068123,2.9902319238854163,9.369454729173637e-09,0.01319382392898397,0.17575067727479202,0.7789537303141834,0.7864674438530713,0.7920904501694069,0.920096014873322,0.9230419654372152,0.9252402002486809,0.959220391287362,0.9607541791772358,0.9618978408772344,1.0,0.0,0.0,0.0,0.0,0.004108032734619821,-0.5769745259076455,0.5732418669203189,0.026507299316006497
38.400000000000006,0.5770176069623598,0.5733560900719573,0.576971729138629,0.013171942307905705,2.9804638095233473,0.989624521658817,0.9985087727772061,1.0051655026356972,0.14922915639929657,0.150228287813951,0.15157263862921336,2.8667804503597862,2.9804638095233473,2.990926016695923,9.359803928644214e-09,0.013192864506627726,0.17575467265910127,0.7783473225706331,0.7857860703564837,0.7913345227172078,0.9198571606065765,0.9227753536406672,0.9249457369542088,0.9590958906304735,0.9606154395819821,0.9617447795402143,1.0,0.0,0.0,0.0,0.0,0.004063145253972028,-0.576971729138629,0.5733560900719573,0.026501158221757946
38.6,0.5770122020473304,0.5734663457153727,0.5769678744454022,0.013162922464901505,2.981184498234797,0.9889131760833743,0.9977006005583255,1.004262121541272,0.14936339505645238,0.15034988794725118,0.15168166794387383,2.8673317285768634,2.981184498234797,2.9915979904439935,9.331921757000118e-09,0.01319211654489145,0.175760179363711,0.777747451417129,0.7851115326962198,0.7905857497288306,0.9196207588891171,0.9225112635314258,0.9246538756502496,0.9589726524259102,0.9604779923078318,0.9615930466677994,1.0,0.0,0.0,0.0,0.0,0.0040186406944378306,-0.5769678744454022,0.5734663457153727,0.02649531705627987
38.800000000000004,0.5770058182766583,0.5735727362403406,0.5769629987885734,0.013154208455812012,2.9818823445385956,0.9882100790389392,0.9969012910416837,1.0033682230420082,0.14949646257007276,0.15047035022428432,0.15178958723622715,2.867863681201703,2.9818823445385956,2.9922483987370856,9.317457098124664e-09,0.013191573063554743,0.17576714458775222,0.777154067024619,0.7844437866709908,0.7898440921695442,0.9193867938853502,0.9222496821754055,0.9243646060971598,0.9588506689036916,0.9603418311773562,0.9614426375643822,1.0,0.0,0.0,0.0,0.0,0.003974518059934318,-0.5769629987885734,0.5735727362403406,0.026489767250383465
39.0,0.5769984900730198,0.5736753616796324,0.5769571381630808,0.013145792028196745,2.9825579190918456,0.9875151524532306,0.9961107679469642,1.002483732289692,0.1496283632028593,0.15058968019418906,0.1518964034398491,2.868376808398162,2.9825579190918456,2.9928777826822457,9.29470137475645e-09,0.01319122724331215,0.17577551690988447,0.776567119466094,0.7837827878412361,0.7891095106278714,0.9191552496479047,0.9219905964727922,0.9240779178357245,0.9587299322266464,0.9602069499182433,0.9612935474117386,1.0,0.0,0.0,0.0,0.0,0.0039307762933647045,-0.5769571381630808,0.5736753616796324,0.026484500438792045
39.2,0.5769902511407864,0.5737743197592681,0.5769503276166547,0.013137665149273144,2.983211779660264,0.9868283185911509,0.9953289552112389,1.0016085745362464,0.1497591013230406,0.15070788348710618,0.1520021235448006,2.86887159879634,2.983211779660264,2.9934866711403147,9.260383373731485e-09,0.013191072452288727,0.1757852462619218,0.7759865587309506,0.7831284915445739,0.7883819653321911,0.9189261101239307,0.9217339931644029,0.9237938001936303,0.9586104344937566,0.9600733421666221,0.9611457712723646,1.0,0.0,0.0,0.0,0.0,0.0038874142786809035,-0.5769503276166547,0.5737743197592681,0.02647950846574747
39.400000000000006,0.5769811351777016,0.5738697059426234,0.5769426012533709,0.013129820014775152,2.9838444713778016,0.9861495000640162,0.9945557770005651,1.0007426751475597,0.14988868140142267,0.1508249658112815,0.15210675459477765,2.869348529713117,2.983844471377802,2.994075580971068,9.240683978349522e-09,0.013191102256143398,0.1757962839237557,0.7754123347386894,0.7824808529109112,0.7876614161672044,0.9186993591611555,0.9214798588379387,0.9235122422919221,0.9584921677433795,0.9599410014703388,0.9609993040928112,1.0,0.0,0.0,0.0,0.0,0.0038444308423671025,-0.5769426012533709,0.5738697059426234,0.02647478338170056
39.6,0.5769711746371692,0.5739616134832038,0.576933992269394,0.0131222490164752,2.9844565270417047,0.9854786198386357,0.9937911577211933,0.9998859596168017,0.15001710800848359,0.15094093295020797,0.15221030368427607,2.8698080674160193,2.9844565270417047,2.994645017302372,9.238478483449845e-09,0.013191310386625849,0.17580858247229428,0.7748443973524711,0.7818398268772415,0.7869478226900273,0.9184749805139036,0.9212281799341457,0.9232332330513524,0.9583751239564522,0.9598099212921853,0.9608541407069674,1.0,0.0,0.0,0.0,0.0,0.003801824755968519,-0.576933992269394,0.5739616134832038,0.026470317429761137
39.800000000000004,0.5769604000385214,0.5740501334780712,0.5769245329906666,0.013114944721217507,2.985048467391477,0.9848156012464285,0.9930350220303464,0.9990383535770989,0.15014438581153433,0.15105579075981432,0.15231277795574422,2.870250667390356,2.985048467391477,2.9951954737985673,9.219808020392283e-09,0.013191690721491275,0.1758220957276191,0.7742826963926807,0.781205368202106,0.7862411441458049,0.9182529578491364,0.9209789427528698,0.9229567611985791,0.9582592950597103,0.9596800950130784,0.9607102758392704,1.0,0.0,0.0,0.0,0.0,0.0037595947387152745,-0.5769245329906666,0.5740501334780712,0.026466103040896086
40.0,0.5769488417476947,0.5741353549103542,0.5769142548774379,0.0131078999024064,2.9856208013306036,0.9841603679919418,0.9922872948465601,0.9981997828139003,0.15027051957189747,0.1511695451657023,0.1524141845968219,2.8706767745517707,2.9856208013306036,2.9957312201506343,9.186052319492508e-09,0.013192237317113949,0.17583677874651726,0.7737271816499585,0.7805774314796895,0.7855413394831106,0.9180332747522991,0.9207321334589954,0.9226828152723141,0.958144672928808,0.9595515159351814,0.9605677041078937,1.0,0.0,0.0,0.0,0.0,0.003717739458948821,-0.5769142548774379,0.5741353549103542,0.026463698243111233
40.2,0.5769365305235168,0.5742173646919002,0.5769031885355861,0.013101107545851377,2.9861740261681082,0.9835128441605817,0.9915479013596383,0.9975617890432916,0.1503666255539489,0.15128220216042773,0.15251453083769687,2.871086823459501,2.9861740261681087,2.996255882536055,9.180962424842792e-09,0.013192944415448712,0.1758525878063055,0.7731778028975385,0.7799559711536052,0.7850084809275976,0.9178159147329092,0.920487738088283,0.9224741130221208,0.958031249391307,0.9594241772849782,0.9604590734271204,1.0,0.0,0.0,0.0,0.0,0.0036762575356962257,-0.5769031885355861,0.5742173646919002,0.02646439981844019
40.400000000000006,0.5769234952151935,0.5742962477142954,0.576891363757175,0.013094560795900519,2.9867086279146893,0.9828729542262948,0.990816767040252,0.9970254905355479,0.15044750753506628,0.1513937678008204,0.15261382394846554,2.871481238571477,2.9867086279146897,2.9967627196361906,9.195274045745672e-09,0.013193806390811334,0.17586948034689273,0.7726345099035161,0.779340941530381,0.7845602651588448,0.9176008612301317,0.9202457425531174,0.922298489267724,0.9579190162296592,0.9592980722163024,0.9603676507655594,1.0,0.0,0.0,0.0,0.0,0.003635147541242764,-0.576891363757175,0.5742962477142954,0.02646522392994858
40.6,0.5769097625903745,0.5743720868952591,0.576878809544672,0.01308825294636096,2.987225081529988,0.9822406230593558,0.9900938176491567,0.9964959685336398,0.15052745293162345,0.15150424820534902,0.15271207123647507,2.8718604344762952,2.987225081529988,2.9972521873763283,9.172416609538717e-09,0.013194817741527094,0.1758874149361829,0.7720972524431683,0.778732296792626,0.7841174491907172,0.9173880976183888,0.9200061326481501,0.9221249156041542,0.9578079651842114,0.9591731938133159,0.9602772867458876,1.0,0.0,0.0,0.0,0.0,0.00359440800315948,-0.576878809544672,0.5743720868952591,0.026466166114674235
40.800000000000004,0.5768953603398452,0.5744449632157614,0.5768655541094937,0.013082177497989124,2.9877238510983997,0.9816157759334948,0.9893789792460096,0.9959731471169481,0.1506064700983217,0.15161364955153528,0.15280928004376593,2.8722248160788073,2.9877238510983997,2.9977247312472337,9.133310606280798e-09,0.013195973148710804,0.17590635127215185,0.7715659803106846,0.7781299910118574,0.783679979377592,0.9171776072127489,0.9197688940558303,0.9219533733205257,0.9576980879560957,0.9590495350934313,0.9601879719246039,1.0,0.0,0.0,0.0,0.0,0.0035540374053736196,-0.5768655541094937,0.5744449632157614,0.026467222043378827
41.0,0.576880316595242,0.5745149557623753,0.5768516248938147,0.013076328143331598,2.988205390072062,0.9809983385322817,0.9886721781978546,0.9954569509598657,0.15068456737919508,0.15172197807340776,0.15290545774462996,2.8725747788118765,2.9882053900720624,2.9981807865261256,9.141597499618899e-09,0.013197267461970284,0.17592625015169328,0.7710406433302213,0.7775339781610378,0.7832478023091216,0.9169693732740604,0.9195340123518402,0.9217838437425043,0.9575893762099895,0.9589270890101909,0.9600996968702659,1.0,0.0,0.0,0.0,0.0,0.003514034189954468,-0.5768516248938147,0.5745149557623753,0.02646838750795532
41.2,0.5768646561838897,0.5745821417753477,0.5768370486100581,0.013070698683912045,2.9886701415772388,0.9803882369556101,0.987973341187289,0.9949473053347754,0.15076175310563675,0.15182924005899506,0.15300061174315344,2.8729107088767383,2.988670141577239,2.9986207785393564,9.141919621424042e-09,0.013198695616668315,0.17594707341420263,0.7705211913670104,0.7769442121268362,0.7828208648182539,0.9167633790141169,0.9193014730104468,0.9216163082363806,0.9574818215768932,0.9588058484560991,0.9600124521657183,1.0,0.0,0.0,0.0,0.0,0.003474396759540019,-0.5768370486100581,0.5745821417753477,0.026469658397882675
41.400000000000006,0.5768484040963759,0.5746465966837706,0.5768218512384697,0.013065283097621753,2.9891185385663372,0.9797816843517493,0.9872823952202704,0.9944441361144057,0.15083803559453365,0.15193544184786495,0.15309532970015066,2.873232983418853,2.9891185385663372,2.9990451228501067,9.1299939024224e-09,0.013200252702606854,0.17596878394504323,0.7700044094821191,0.7763606467215736,0.7823991139886692,0.9165583517010338,0.9190712614097395,0.9214507482129117,0.9573747598110132,0.958685806265405,0.959926228410203,1.0,0.0,0.0,0.0,0.0,0.0034351234783304985,-0.5768218512384697,0.5746465966837706,0.026471030726780823
41.6,0.5768315852749689,0.5747083941483252,0.5768060580561837,0.013060075529301269,2.9895510040420157,0.9791697369366106,0.9865992676335934,0.993947369774235,0.1509134231464096,0.15204058982870666,0.15319100901676527,2.8735419707416257,2.9895510040420157,2.999454225464542,9.132942124084278e-09,0.013201933955339128,0.17599134563402316,0.7694826757288763,0.7757832356948732,0.7819824971621753,0.9163512666998375,0.9188433628367749,0.9212871451311434,0.9572666113994586,0.9585669552168339,0.959841016221458,1.0,0.0,0.0,0.0,0.0,0.0033962126740126886,-0.5768060580561837,0.5747083941483252,0.026472500619789504
41.800000000000004,0.5768142237706099,0.5747676060986235,0.5767896936492539,0.013055070269112725,2.98996795128916,0.9785650197502322,0.9859238861020494,0.9934569333949451,0.15098792404357608,0.15214469043695572,0.1532856754253139,2.8738380304931175,2.98996795128916,2.999848483041586,9.151756373096566e-09,0.01320373473509578,0.17601472335820864,0.7689667553074383,0.7752119327450245,0.7815709619460666,0.9161463970283894,0.9186177624926246,0.9211254805022158,0.9571596078999106,0.9584492880362734,0.9597568062378059,1.0,0.0,0.0,0.0,0.0,0.003357662639198261,-0.5767896936492539,0.5747676060986235,0.02647406430237852
42.0,0.5767963420908836,0.5748243027709787,0.5767727819279277,0.013050261734863358,2.990369784098475,0.9779674609292606,0.9852561786452962,0.9929727546640124,0.15106154654842952,0.1522477501524577,0.15337933621786418,2.8741215138548935,2.990369784098475,3.0002282831081257,9.147115329433177e-09,0.013205650509561752,0.17603888296010312,0.7684565991237403,0.7746466915300811,0.7811644562196911,0.9159437261731884,0.9183944454973294,0.920965735892852,0.957053741069987,0.9583327973994129,0.9596735891200808,1.0,0.0,0.0,0.0,0.0,0.0033194716328520807,-0.5767727819279277,0.5748243027709787,0.026475718101385597
42.2,0.5767779626511578,0.574878552747359,0.57675534614801,0.013045644497415057,2.9907568969427913,0.9773769890287024,0.9845960736344209,0.9924947618774189,0.15113429890174696,0.15234977549717432,0.15347199871061726,2.874392763736795,2.990756896942792,3.0005940042477293,9.12389653294326e-09,0.013207676880213688,0.17606379121712845,0.7679521581465233,0.774087465678675,0.7807629281410344,0.9157432375832931,0.9181733968947626,0.9208078929288505,0.9569490026400261,0.9582174759343374,0.9595913555535531,1.0,0.0,0.0,0.0,0.0,0.0032816378819680303,-0.57675534614801,0.574878552747359,0.026477458453472623
42.400000000000006,0.5767591083776783,0.5749304229915634,0.5767374089265084,0.013041213288966754,2.9911296751665364,0.9767935330269804,0.9839434997981941,0.9920228839410289,0.15120618932104876,0.15245077303293353,0.15356367024172016,2.874652114957817,2.9911296751665364,3.0009460162806367,9.135303495478208e-09,0.013209809591446532,0.1760894158192737,0.7674533834169287,0.7735342088005484,0.7803663261529487,0.9155449146748961,0.9179546016573894,0.920651933298432,0.9568453843155611,0.9581033162240701,0.9595100962497811,1.0,0.0,0.0,0.0,0.0,0.003244159582964992,-0.5767374089265084,0.5749304229915634,0.026479281897214955
42.6,0.576739800650639,0.5749799788833971,0.5767189922528827,0.01303696295705127,2.991488495225418,0.9762170223306117,0.9832983862290555,0.9915570503715297,0.15127722599904464,0.15255074935921867,0.15365435816914086,2.8748998944169855,2.991488495225418,3.001284680467658,9.168934983987324e-09,0.013212044484646423,0.17611572535302464,0.766960226057717,0.7729868744968255,0.7799745989889367,0.91534874083576,0.9177380446909403,0.9204978387554064,0.9567428777797208,0.9579903108090717,0.9594298019483668,1.0,0.0,0.0,0.0,0.0,0.003207034902887332,-0.5767189922528827,0.5749799788833971,0.026481185056017095
42.800000000000004,0.5767200589715912,0.5750272842549121,0.5767001175074117,0.013032888453772972,2.991833724886773,0.9756473867790519,0.9826606623888453,0.9910971912974392,0.15134741710208655,0.15264971111099415,0.15374406986852254,2.8751364212745605,2.991833724886773,3.0016103497101354,9.163061500168482e-09,0.013214377487771153,0.1761426892751261,0.766472637282585,0.7724454163700393,0.7795876956789197,0.9151546994296953,0.9175237108390012,0.9203455911223273,0.9566414746956554,0.9578784521896974,0.959350463418705,1.0,0.0,0.0,0.0,0.0,0.0031702619809154953,-0.5767001175074117,0.5750272842549121,0.026483164644472836
43.0,0.5766999038703446,0.5750724014259305,0.5766808054792509,0.013028984891511613,2.992165723359644,0.9750845566493744,0.9820302581142399,0.9906432374599783,0.15141677076865925,0.15274766495657627,0.15383281273106833,2.8753620071296524,2.992165723359644,3.0019250198508827,9.157722061151157e-09,0.013216804672420273,0.17617027788678433,0.7659905684052933,0.7719097880338809,0.7792055655548068,0.9149627738009709,0.9173115848874999,0.9201951722935626,0.9565411667089272,0.9577677328286045,0.9592720714616895,1.0,0.0,0.0,0.0,0.0,0.0031338389298496,-0.5766808054792509,0.5750724014259305,0.026485899956236892
43.2,0.576679355606303,0.575115391234165,0.5766610763707295,0.013025247513049983,2.9924848415064993,0.974528462660096,0.9814071036219195,0.9901951202133905,0.15148529510797273,0.15284461759554518,0.15392059416156656,2.875576956170825,2.9924848415064993,3.0022327773817494,9.167246809615984e-09,0.01321932222423574,0.17619846232752917,0.765513970848016,0.7713799431226824,0.7788281582555314,0.914772947278419,0.9171016515691018,0.9200465642381487,0.956441945449743,0.9576581451531119,0.9591946169113039,1.0,0.0,0.0,0.0,0.0,0.003097763837000042,-0.5766610763707295,0.575115391234165,0.026490937818396475
43.400000000000006,0.5766584331786039,0.5751563130711992,0.5766409498243287,0.013021671667355243,2.9927914220455474,0.9739790359750922,0.9807911295134983,0.989752771524827,0.15155299819863893,0.15294057575669395,0.15400742157640854,2.8757815653559957,2.9927914220455474,3.002528370314628,9.177968863929254e-09,0.013221926418785952,0.1762272145366733,0.7650427961497114,0.7708558353006671,0.7784554237316368,0.9145852031795524,0.9168938955675253,0.9198997490024594,0.9563438025351947,0.9575496815575185,0.9591180906361175,1.0,0.0,0.0,0.0,0.0,0.003062034765750621,-0.5766409498243287,0.5751563130711992,0.026495968474186633
43.6,0.5766371542520892,0.5751952249141777,0.5766204449326539,0.013018252804752486,2.993085799730287,0.9734362082074669,0.9801822667802251,0.9893161239746502,0.15161988808730215,0.1530355461960138,0.15409330240162047,2.8759761245708884,2.993085799730287,3.002812123944952,9.172413395287486e-09,0.013224613617106964,0.1762565072390658,0.7645769959744069,0.770337418270964,0.7780873122501454,0.9143995248146521,0.9166883015217657,0.9197547087129808,0.9562467295714832,0.9574423344053806,0.9590424835408337,1.0,0.0,0.0,0.0,0.0,0.0030266497567681544,-0.5766204449326539,0.5751952249141777,0.02650099069705666
43.800000000000004,0.5766155370749669,0.575232183355152,0.5765995802440869,0.01301498651311701,2.9933683014841925,0.9728999114231276,0.9795804468074213,0.9888851107563711,0.15168597278734341,0.15312953569472285,0.15417824407094938,2.8761609167757602,2.9933683014841925,3.0030843559634146,9.172117066248874e-09,0.013227380303082688,0.17628631393701863,0.7641165221191757,0.7698246457843639,0.7777237743990308,0.9142158954907349,0.9164848540302352,0.9196114255789214,0.9561507181560827,0.9573360960317396,0.958967786567753,1.0,0.0,0.0,0.0,0.0,0.0029916068289432413,-0.5765995802440869,0.575232183355152,0.026506003309323452
44.0,0.576593600166576,0.5752672436323779,0.5765783737808075,0.013011868508120703,2.99363924657753,0.9723700781438243,0.9789856013786805,0.9884596656762273,0.151751260277658,0.15322255105733398,0.1542622540240418,2.8763362181618897,2.99363924657753,3.003345376614689,9.19825383328901e-09,0.013230223074100596,0.17631660888456066,0.7636613265216037,0.7693174716478335,0.7773647610913275,0.9140342985153191,0.9162835376548051,0.9194698818946713,0.956055759879799,0.9572309587453072,0.9588939906981571,1.0,0.0,0.0,0.0,0.0,0.0029569039806025266,-0.5765783737808075,0.5752672436323779,0.026511005170594334
44.2,0.5765713599407246,0.5753004596623991,0.5765568430586372,0.013008894581240072,2.993898946843265,0.9718466413501633,0.9783976626798699,0.9880397231524345,0.15181575850150109,0.15331459910975617,0.1543453397046355,2.8765022983119954,2.993898946843265,3.0035954889036454,9.219486047301783e-09,0.013233138588491972,0.17634736705908954,0.7632113612671749,0.7688158497328156,0.7770102235688753,0.9138547172001619,0.9160843369247773,0.9193300600421106,0.9559618463288135,0.95712691483061,0.958821086953612,1.0,0.0,0.0,0.0,0.0,0.0029225391908296733,-0.5765568430586372,0.5753004596623991,0.02651599518215631
44.400000000000006,0.576548831748995,0.5753318840688145,0.5765350050939534,0.013006060618204028,2.994147706819331,0.971329534484772,0.9778165633029083,0.9876252182145352,0.1518794753653369,0.15340568669743496,0.1544275085587358,2.8766594203440725,2.994147706819331,3.0038349887501443,9.213746728684077e-09,0.013236123584706211,0.17637856415149508,0.7627665785967382,0.7683197339833023,0.7766601134060754,0.9136771348650278,0.9158872363407687,0.9191919424929123,0.9558689690867446,0.9570239565500914,0.9587490663972691,1.0,0.0,0.0,0.0,0.0,0.0028885104204732226,-0.5765350050939534,0.5753318840688145,0.026520972295894504
44.6,0.5765260327781572,0.5753615682090653,0.5765128764100503,0.013003362655477996,2.994385823849202,0.9708186914548795,0.9772422362492965,0.9872160865026929,0.15194241873771455,0.1534958206835354,0.15450876803289432,2.876807841045326,2.994385823849202,3.004064165090564,9.230445496147666e-09,0.013239174939482514,0.17641017655707095,0.7623269309134114,0.7678290784236497,0.7763143825135296,0.9135015348412359,0.9156922203785015,0.9190555118107924,0.9557771197365929,0.9569220761461676,0.9586779201351366,1.0,0.0,0.0,0.0,0.0,0.002854815612990766,-0.5765128764100503,0.5753615682090653,0.026525935505674666
44.800000000000004,0.576502978243253,0.5753895622040175,0.5764904730561844,0.01300079679937687,2.9946135883163945,0.9703140466342447,0.9766746149334727,0.9868122642664675,0.15200459644824166,0.1535850079471578,0.15458912557260113,2.8769478110200875,2.9946135883163945,3.004283300071867,9.22970061497368e-09,0.013242289585756054,0.1764421813483079,0.7618923707888698,0.7673438371661997,0.7759729831411555,0.9133279004749596,0.9154992734925187,0.9189207506535436,0.9556862898625592,0.9568212658432419,0.9586076393172384,1.0,0.0,0.0,0.0,0.0,0.002821452695625823,-0.5764904730561844,0.5753895622040175,0.026530883831122027
45.0,0.5764796836157066,0.5754159149656987,0.5764678106197948,0.01299835926876145,2.9948312837524624,0.9698155348658475,0.9761136331859579,0.9864136883633317,0.15206601628661665,0.15367325538158996,0.15466858862056604,2.877079574828493,2.9948312837524624,3.004492669199057,9.24008555740682e-09,0.013245464556588536,0.17647455625743602,0.7614628509702374,0.7668639644186798,0.7756358678810249,0.9131562151307681,0.91530838011982,0.918787641774951,0.9555964710519868,0.9567215178496806,0.9585382151387092,1.0,0.0,0.0,0.0,0.0,0.0027884195803768996,-0.5764678106197948,0.5754159149656987,0.026535816346287877
45.2,0.5764561633804878,0.57544067422522,0.5764449042392293,0.012996046366854482,2.9950391870129094,0.9693230914641404,0.9755592252563154,0.9860202962574599,0.1521266860016373,0.1537605698925966,0.15474716461508042,2.8772033711261003,2.9950391870129094,3.00469254148273,9.2744684702702e-09,0.013248696956804333,0.17650727965824375,0.7610383243865376,0.766389414491395,0.7753029896703423,0.9129864621949904,0.9151195246834162,0.918656168026754,0.9555076548972135,0.9566228243597482,0.9584696388409146,1.0,0.0,0.0,0.0,0.0,0.0027557141650890044,-0.5764449042392293,0.57544067422522,0.02654073216021745
45.400000000000006,0.576432431359609,0.5754638865568514,0.5764217686065983,0.01299385448552289,2.995237568417367,0.9688366522165779,0.975011325815908,0.9856320260184234,0.15218661330024214,0.15384695839674495,0.15482486098850476,2.877319432784257,2.995237568417367,3.004883179563876,9.29320988083053e-09,0.013251983967779532,0.17654033056200236,0.7606187441544657,0.7659201418042004,0.7749743017942826,0.9128186250788078,0.9149326915958034,0.9185263123605437,0.9554198329972803,0.9565251775554984,0.9584019017125343,1.0,0.0,0.0,0.0,0.0,0.0027233343341581256,-0.5764217686065983,0.5754638865568514,0.026545630405436553
45.6,0.5764085015451517,0.5754855974043254,0.5763984179821013,0.012991780119604059,2.995426691876422,0.9683561533852778,0.9744698699604727,0.985248816319275,0.15224580584666414,0.1539324278197665,0.15490168516574687,2.8774279870216266,2.995426691876422,3.0050672507964737,9.283099328200592e-09,0.013255322862446734,0.17657368859699804,0.7602040635842225,0.7654561008932713,0.7746497578882355,0.9126526872213689,0.9147478652623547,0.9183980578294163,0.9553329969596528,0.9564285696086262,0.9583349950905189,1.0,0.0,0.0,0.0,0.0,0.0026912779594640973,-0.5763984179821013,0.5754855974043254,0.026551506775978194
45.800000000000004,0.5763843878575661,0.5755058511084201,0.5763748662119411,0.0129898198591681,2.9956068150377964,0.9678815317088189,0.9739347932125189,0.9848706064346766,0.15230427126159646,0.15401698509495323,0.15497764456272997,2.8775292555421004,2.995606815037797,3.0052449380577815,9.299698232674776e-09,0.013258710997716009,0.17660733398294118,0.7597942361853984,0.7649972464176712,0.7743293119400162,0.912488632092923,0.9145650300846404,0.9182713875896036,0.9552471384019515,0.956332992682281,0.9582689103610336,1.0,0.0,0.0,0.0,0.0,0.002659542901512421,-0.5763748662119411,0.5755058511084201,0.02655833260791362
46.0,0.576360103059038,0.5755246909305609,0.5763511267334812,0.012987970365110006,2.99577818944651,0.9674127244035302,0.9734060315235497,0.984497336238925,0.15236201712139208,0.15410063716159003,0.15505274658495347,2.8776234546528046,2.99577818944651,3.0054140144435353,9.351036487647e-09,0.013262145789875389,0.17664124752359822,0.7593892156723696,0.7645435331657213,0.7740129182919177,0.912326443197755,0.9143841704636664,0.918146284902032,0.9551622489535796,0.9562384389328384,0.9582036389603619,1.0,0.0,0.0,0.0,0.0,0.002628127010161227,-0.5763511267334812,0.5755246909305609,0.026565085674674378
46.2,0.5763356590893185,0.575542159074707,0.5763272125789995,0.012986228373928509,2.9959410606727626,0.9669496691644612,0.9728835212761175,0.9841289462037981,0.15241905095730948,0.15418339096342001,0.15512699862611734,2.8777107953735346,2.9959410606727626,3.0055747215144195,9.360853885763297e-09,0.013265624719839962,0.17667541060142908,0.7589889559693531,0.764094916061178,0.773700531642538,0.9121661040769832,0.9142052708030397,0.9180227331337818,0.9550783202572773,0.9561449005116343,0.9581391723757584,1.0,0.0,0.0,0.0,0.0,0.0025970281251829624,-0.5763272125789995,0.575542159074707,0.026571766472651945
46.400000000000006,0.5763110686016131,0.5755582967129755,0.5763031363930226,0.012984590726441585,2.996095668412941,0.9664923041666001,0.9723671992857215,0.983765377396483,0.15247538025476384,0.15426525344714367,0.15520040806671917,2.8777914835648777,2.996095668412941,3.005727295079599,9.339635199940373e-09,0.01326914536285309,0.17670980515282486,0.7585934112156212,0.7636513501692234,0.7733921070486129,0.9120075983114144,0.9140283155120611,0.9179007157595396,0.9549953439707076,0.9560523695666623,0.9580755021462958,1.0,0.0,0.0,0.0,0.0,0.0025662440773124434,-0.5763031363930226,0.5755582967129755,0.02657837552246932
46.6,0.5762863443224963,0.5755731440109754,0.5762789104469785,0.012983054352240418,2.996242246632469,0.9660405680659819,0.9718570028025348,0.9834065714773044,0.15253101245262707,0.15434623156095342,0.1552729822726811,2.8778657200548765,2.996242246632469,3.0058719653367696,9.388980463159926e-09,0.0132727053728673,0.17674441364717342,0.7582025357705627,0.7632127907022612,0.7730875999266066,0.9118509095243381,0.9138532890087406,0.9177802163629449,0.9549133117680088,0.9559608382442293,0.9580126198636553,1.0,0.0,0.0,0.0,0.0,0.002535772689281013,-0.5762789104469785,0.5755731440109754,0.026584913367914204
46.800000000000004,0.5762614964660757,0.5755867401458635,0.5762545466333708,0.012981616215462111,2.9963810237446054,0.9655944000000382,0.9713528695129808,0.9830524706971161,0.1525859549425982,0.15442633225310168,0.15534472859411164,2.8779337007293173,2.9963810237446054,3.006008956963195,9.389700597372164e-09,0.013276302427300064,0.1767792190951844,0.7578162842180263,0.7627791930255279,0.7727869660539496,0.9116960213840262,0.9136801757227386,0.9176612186377874,0.9548322153411932,0.9558702986905745,0.9579505171728391,1.0,0.0,0.0,0.0,0.0,0.0025056117760367674,-0.5762545466333708,0.5755867401458635,0.026591380508660892
47.0,0.5762365372513478,0.5755991233325298,0.5762300564901639,0.012980273404113842,2.996512222642884,0.9651537395883024,0.9708547375411568,0.9827030178946072,0.15264021506860495,0.15450556247050024,0.15541565436402313,2.8779956166626492,2.996512222642884,3.0061384892621676,9.433748125408935e-09,0.013279934318902663,0.1768142050140515,0.7574346113709153,0.7623505126625271,0.7724901615701337,0.9115429176063304,0.913508960098239,0.9175437063891372,0.9547520464015976,0.9557807430534531,0.9578891857728458,1.0,0.0,0.0,0.0,0.0,0.002475759145930609,-0.5762300564901639,0.5755991233325298,0.026597777491107633
47.2,0.5762114763886103,0.5756103308426259,0.576205451199971,0.012979023036457897,2.99663606091412,0.964718526932892,0.9703625454501271,0.9823581564936333,0.1526938001262192,0.15458392915735242,0.15548576689709862,2.8780516542131296,2.99663606091412,3.006260776273777,9.428502544015041e-09,0.01328359885999182,0.17684935542861277,0.7570574722755323,0.7619267053002955,0.7721971429777661,0.9113915819571758,0.9133396265967528,0.9174276635344493,0.9546727966812769,0.9556921634836801,0.9578286174173316,1.0,0.0,0.0,0.0,0.0,0.002446212601123113,-0.576205451199971,0.5756103308426259,0.02660410482989632
47.400000000000006,0.5761863255780878,0.5756203990275146,0.5761807416040642,0.012977862350377446,2.99675275086582,0.9642887026190188,0.9698762322430564,0.9820178305007683,0.15274671736205572,0.15466143925381862,0.15555507348846703,2.878101995137573,2.99675275086582,3.0063760268921027,9.469878717178608e-09,0.013287293974494255,0.1768846548513367,0.7566848222158843,0.7615077267944799,0.7719078671437455,0.9112419982550325,0.9131721596998442,0.9173130741047063,0.9545944579343882,0.9556045521366424,0.957768803915291,1.0,0.0,0.0,0.0,0.0,0.0024169699385126614,-0.5761807416040642,0.5756203990275146,0.026610363077599664
47.6,0.5761610938064274,0.5756293633382427,0.5761559382081172,0.01297678860577714,2.996862499738115,0.9638642077148475,0.9693957373642168,0.9816819845022602,0.1527989739732813,0.15473809969471283,0.15562358141259713,2.8781468166912134,2.996862499738115,3.0064849637170967,9.469348527803197e-09,0.013291017597918734,0.17692008827411826,0.7563166167173685,0.7610935331742564,0.7716222912998577,0.9110941503731343,0.9130065439117968,0.9171999222453211,0.9545170219384412,0.9555179011737682,0.9577097371316093,1.0,0.0,0.0,0.0,0.0,0.0023880289502986873,-0.5761559382081172,0.5756293633382427,0.026616767164671998
47.800000000000004,0.5761357920645898,0.5756372583461374,0.5761310511921834,0.012975799178668875,2.9969655097215755,0.9634449837716915,0.9689210006998473,0.9813505636609448,0.1528505771071476,0.15481391740823228,0.1556912979221506,2.878186291730687,2.9969655097215755,3.006590154477033,9.511550541761476e-09,0.01329476777436722,0.1769556411540236,0.7559528115506943,0.760684080647067,0.7713403730432853,0.9109480222417884,0.9128427637622015,0.9170881922169956,0.9544404804955949,0.9554322027639662,0.9576514089875932,1.0,0.0,0.0,0.0,0.0,0.002359387424657508,-0.5761310511921834,0.5756372583461374,0.026624296743856468
48.0,0.5761104287158585,0.5756441177624256,0.5761060904179334,0.012974891465065913,2.997061978162869,0.9630309728238258,0.9684519625789104,0.9810235137131404,0.15290153386054442,0.15488889931471458,0.15575823024691085,2.878220588812128,2.9970619781628693,3.006688809568572,9.512653282148358e-09,0.013298542557892817,0.17699129940295225,0.7555933627354091,0.7602793256032153,0.7710620703370239,0.9108035978505173,0.9126808038084879,0.916977868396531,0.9543648254338678,0.9553474490850279,0.9575938114614733,1.0,0.0,0.0,0.0,0.0,0.002331043146338946,-0.5761060904179334,0.5756441177624256,0.026631719061879236
48.2,0.5760850141441664,0.5756499744579225,0.5760810654370998,0.012974062973761651,2.9971520975792094,0.9626221173885159,0.967988563773697,0.9807007809657341,0.1529518512795403,0.15496305232542873,0.1558243855926902,2.8782498722896124,2.9971520975792094,3.00678112071566,9.55392801065692e-09,0.013302340108269656,0.17702704937557168,0.7552382265435591,0.7598792246202829,0.770787341510409,0.9106608612502533,0.9125206486383821,0.9168689352776743,0.9542900486083737,0.9552636323249956,0.9575369365889252,1.0,0.0,0.0,0.0,0.0,0.0023029938973315456,-0.5760810654370998,0.5756499744579225,0.026639035625019014
48.400000000000006,0.5760595561472691,0.5756548604821234,0.5760559854992376,0.01297331123080925,2.9972360558588367,0.962209575334144,0.9675307455003364,0.9803823122928718,0.1530015363590017,0.15503638334139405,0.15589119443953767,2.878274302410617,2.9972360558588367,3.006867275003401,9.556759537273169e-09,0.013306158592820352,0.17706287785823188,0.7548797234120908,0.7594837344674039,0.7705161452592384,0.9105167260094584,0.9123622828723048,0.9167613774717928,0.9542145331164158,0.9551807446834976,0.9574807764634995,1.0,0.0,0.0,0.0,0.0,0.0022752374574565304,-0.5760559854992376,0.5756548604821234,0.026646247892990003
48.6,0.5760340644983969,0.5756588070816822,0.5760308595591289,0.012972633870651742,2.997314036272603,0.9617999153862733,0.9670784494191558,0.9800680551326698,0.15305059604222565,0.1551088992522318,0.15595759325863295,2.878294035408411,2.997314036272603,3.0069474549591595,9.598046598912609e-09,0.013309996280585726,0.1770987720583872,0.7545235610731046,0.759092812109364,0.7702484406458557,0.9103734866764427,0.9122056911656964,0.9166551797085221,0.9541394810877397,0.9550987783730447,0.9574253232370367,1.0,0.0,0.0,0.0,0.0,0.0022477716049301155,-0.5760308595591289,0.5756588070816822,0.026653357331341013
48.800000000000004,0.5760085464508494,0.5756618447187223,0.5760056962845284,0.012972028542962684,2.9973862176676804,0.961395340057515,0.9666316176349591,0.9797579574837261,0.1530990372206204,0.15518060693504268,0.1560232234857996,2.8783092235936114,2.9973862176676804,3.0070218386781358,9.602522631099467e-09,0.013313851446460932,0.17713471959353086,0.7541716590927883,0.7587064147105742,0.769984187098999,0.9102319164668938,0.9120508582112897,0.9165503268363138,0.9540652978152292,0.955017725620301,0.9573705691200279,1.0,0.0,0.0,0.0,0.0,0.0022205941169229915,-0.5760056962845284,0.5756618447187223,0.026660365361834214
49.0,0.5759830111967963,0.575664003088543,0.5759805040629896,0.01297149300176031,2.9974527744768595,0.9609957934509215,0.9661901926971687,0.9794519679018278,0.15314686673337183,0.155251513253317,0.1560880921875342,2.878320015442715,2.9974527744768595,3.0070905998976722,9.64364936129011e-09,0.013317722463373826,0.17717070848144328,0.7538239747538693,0.7583244996388742,0.7697233444137607,0.9100919997527573,0.911897768741311,0.9164468038230145,0.9539919753114696,0.9549375786673139,0.957316506381993,1.0,0.0,0.0,0.0,0.0,0.0021937027701037642,-0.5759805040629896,0.575664003088543,0.02666727341090135
49.2,0.575957465482807,0.5756653111372768,0.5759552910095008,0.012971025014589275,2.9975138769056877,0.9606012201389241,0.9657541175998839,0.9791500354963709,0.15319409136717121,0.1553216250558697,0.1561522064049707,2.878326555686384,2.9975138769056877,3.007154195965659,9.64946811278841e-09,0.013321607708720344,0.1772067271292844,0.7534804655917038,0.7579470244692094,0.7694658727512432,0.9099537209698371,0.911746407529626,0.9163445957563163,0.9539195056177137,0.954858329772719,0.9572631273517871,1.0,0.0,0.0,0.0,0.0,0.002167095341183173,-0.5759552910095008,0.5756653111372768,0.02667420183928758
49.400000000000006,0.5759319179465466,0.5756657970787397,0.5759300649728128,0.012970622449230933,2.9975696909400202,0.960211565162978,0.9653233357818117,0.978852109926873,0.1532407178559446,0.15539094917580767,0.15621557315292312,2.8783289853936984,2.9975696909400207,3.0072147602771375,9.69052490562691e-09,0.013325505654145605,0.177242764324553,0.753141089397322,0.7575739469871481,0.7692117326382361,0.909817064619705,0.9115967593938198,0.9162436878442038,0.9538478808049651,0.954779971212907,0.9572104244179072,1.0,0.0,0.0,0.0,0.0,0.0021407696074063204,-0.5759300649728128,0.5756657970787397,0.026681965499557585
49.6,0.5759063748534908,0.5756654884113251,0.5759048335428203,0.012970283185439004,2.997620378526551,0.9598267740326382,0.9648977911261196,0.9785581413992333,0.15328675288063728,0.15545949242952123,0.15627819941903326,2.8783274420566256,2.997620378526551,3.0072701229687726,9.697606894618736e-09,0.013329414774509066,0.17727880922454245,0.7528058042199186,0.7572052251922783,0.7689608849666233,0.9096820152713795,0.9114488091972233,0.916144065415286,0.9537770929749404,0.9547024952831636,0.9571583900287357,1.0,0.0,0.0,0.0,0.0,0.0021147233470605736,-0.5759048335428203,0.5756654884113251,0.026689602196589987
49.800000000000004,0.575880844311682,0.5756644119341184,0.5758796040565057,0.01297000519923973,2.9976660975787977,0.9594467927250141,0.964477427960168,0.9782680806621633,0.15333220306898804,0.1555272616157063,0.1563400921628713,2.878322059670592,2.9976660975787977,3.007320443177127,9.738617959041763e-09,0.013333333635253075,0.1773148513478489,0.7524745683696207,0.7568408173014459,0.7687132909928748,0.909548557563111,0.9113025418508734,0.9160457139191508,0.9537071342610858,0.9546258942987755,0.9571070166927953,1.0,0.0,0.0,0.0,0.0,0.0020889543399373045,-0.5758796040565057,0.5756644119341184,0.026697114037523433
50.0,0.5758553321318286,0.5756625937631112,0.5758543836050716,0.012969786477256154,2.9977070021511496,0.9590715676836523,0.9640621910551744,0.9779818790033686,0.15337707499535716,0.15559426351441066,0.15640125831514293,2.878312968815556,2.9977070021511496,3.00736587613451,9.746826669126996e-09,0.013337260803942206,0.17735088056418344,0.7521473404197062,0.756480681751887,0.7684689123372785,0.9094166762039387,0.9111579423154228,0.915948618926607,0.953637996829474,0.954550160596107,0.9570562969789436,1.0,0.0,0.0,0.0,0.0,0.00206346036781635,-0.5758543836050716,0.5756625937631112,0.026704503075136936
50.2,0.5758298459181622,0.5756600593466048,0.5758291790395443,0.012969625098556254,2.9977432424434998,0.9587010458178044,0.9636520256257607,0.9776994882458692,0.15342137518054874,0.1556605048861097,0.15646170477684723,2.878300296733024,2.9977432424435,3.007406573223881,9.78778867038829e-09,0.01334119493516962,0.17738688708636516,0.7518240792091028,0.7561247772041989,0.7682277109832297,0.9092863559753536,0.911014995602987,0.9158527661299392,0.9535696728797561,0.954475286533646,0.9570062235165739,1.0,0.0,0.0,0.0,0.0,0.0020382392148952377,-0.5758291790395443,0.5756600593466048,0.02671177134669537
50.400000000000006,0.5758043910508134,0.5756568334807285,0.5758039969776213,0.01296951915154062,2.997774964968989,0.9583351745011343,0.9632468773294341,0.9774208607440745,0.15346511009168612,0.15572599247080596,0.1565214384185399,2.8782841674036423,2.997774964968989,3.007443017562587,9.797031775012197e-09,0.013345134684653632,0.17742286146054095,0.751504743844342,0.755773062545214,0.7679896492762652,0.9091575817327351,0.9108736867789401,0.9157581413430521,0.9535021546459934,0.9544012644930204,0.9569567889957564,1.0,0.0,0.0,0.0,0.0,0.002013288668243393,-0.5758039969776213,0.5756568334807285,0.02671905949576952
50.6,0.575778974654428,0.5756529403241658,0.5757788438089715,0.012969466813369664,2.9978023125574014,0.9579739015708101,0.9628466922659625,0.9771459493800135,0.15350828614207843,0.1557907329871571,0.15658046607954748,2.878264701620829,2.9978023125574014,3.0074766749081574,9.837942058997774e-09,0.013349078791707493,0.17745879455861213,0.7511892937017985,0.7554254968907189,0.7677546899231695,0.9090303384068967,0.9107340009636491,0.9156647305016338,0.9534354343975467,0.9543280868799862,0.9569079861673884,1.0,0.0,0.0,0.0,0.0,0.001988606518201,-0.5757788438089715,0.5756529403241658,0.026726915829188323
50.800000000000004,0.5757536017013841,0.5756484034130227,0.5757537257018029,0.012969466269378695,2.997825424516796,0.9576171753260507,0.9624514169766882,0.9768747075593388,0.1535509096911371,0.15585473313162657,0.15663879456728394,2.8782420170651135,2.997825424516796,3.0075059670868565,9.848136717356172e-09,0.013353025995863658,0.17749467756885293,0.7508776884294003,0.7550820395880773,0.7675227959908419,0.9089046110054093,0.910595923334163,0.9155725196632134,0.9533695044398475,0.9542557461253847,0.9568598078432883,1.0,0.0,0.0,0.0,0.0,0.0019641905588066583,-0.5757537257018029,0.5756484034130227,0.026734631917924266
51.0,0.5757282788602176,0.5756432456749117,0.5757286486078909,0.012969515790123207,2.997844436635785,0.9572649445270486,0.962060998443739,0.976607089207486,0.15359298704428268,0.15591799957766272,0.15669643065651986,2.878216228374558,2.997844436635785,3.007531032507468,9.888978242316682e-09,0.013356975116941335,0.17753050198872736,0.7505698879486199,0.7547426502187117,0.7672939309052484,0.9087803846140332,0.9104594391258374,0.9154814950072454,0.9533043571152257,0.9541842346860725,0.9568122468963028,1.0,0.0,0.0,0.0,0.0,0.0019400385881718912,-0.5757286486078909,0.5756432456749117,0.026742210291807532
51.2,0.5757030107173495,0.5756374894431845,0.5757036182688634,0.012969613653269485,2.997859481339248,0.9569171583933698,0.9616753840891854,0.9763430487655987,0.15363452445290274,0.15598053897489886,0.15675338108875037,2.8781874472159226,2.997859481339248,3.007552006144384,9.900052853796458e-09,0.013360924974152415,0.1775662596159093,0.7502658524559501,0.7544072886004847,0.7670680584501148,0.9086576443979326,0.9103245336339182,0.9153916428350796,0.9532399848036227,0.9541135450458247,0.9567652962603526,1.0,0.0,0.0,0.0,0.0,0.001916148408879173,-0.5757036182688634,0.5756374894431845,0.02674965341933943
51.400000000000006,0.575677803507569,0.5756311564704023,0.5756786402209746,0.012969758218301914,2.9978706876895815,0.9565737666027183,0.9612945217740997,0.9760825411866226,0.15367552811429772,0.15604235794838195,0.15680965257151736,2.878155782352011,2.9978706876895815,3.0075706145324967,9.940804763160924e-09,0.013364874463806704,0.17760194254146475,0.7499655424246523,0.7540759147899508,0.7668451427657232,0.908536375602994,0.9101911922150637,0.9153029495699637,0.953176379923358,0.954043669716206,0.9567189489304938,1.0,0.0,0.0,0.0,0.0,0.0018925178283313443,-0.5756786402209746,0.5756311564704023,0.026757622987761676
51.6,0.575652661452083,0.5756242679419599,0.5756537198011185,0.012969947850839394,2.9978781815367004,0.9562347192891978,0.9609183597975653,0.9758255219311774,0.1537160041716752,0.15610346309782078,0.15686525177782726,2.878121339709799,2.997878181536701,3.0075853909463066,9.952697642836919e-09,0.013368822480854985,0.1776375431412592,0.7496689186060136,0.7537484890845093,0.7666251483474699,0.9084165635569394,0.9100594002888233,0.9152154017569432,0.9531135349317876,0.9539746012374223,0.9566731979629258,1.0,0.0,0.0,0.0,0.0,0.0018691446591255073,-0.5756537198011185,0.5756242679419599,0.02676546210012729
51.800000000000004,0.575627590373244,0.5756168444889702,0.575628862151363,0.012970180995047102,2.9978820855183455,0.9558999670419304,0.9605468468955954,0.9755719469635943,0.15375595871413222,0.15616386099686239,0.156920185345524,2.878084222444851,2.9978820855183455,3.0075965799743103,9.99333443425409e-09,0.013372767994270465,0.17767305406948142,0.7493759420308661,0.7534249720244343,0.7664080400445147,0.9082981936705372,0.9099291433390604,0.9151289860627854,0.9530514423260119,0.9539063321791378,0.9566280364750096,1.0,0.0,0.0,0.0,0.0,0.0018460267193781688,-0.575628862151363,0.5756168444889702,0.02677322251473897
52.0,0.5756025941468964,0.5756089062013058,0.5756040722247013,0.012970456100333051,2.9978825192045537,0.9555694609031866,0.9601799322400028,0.9753217727477379,0.15379539777668508,0.15622355819238717,0.15697445987675535,2.8780445310065286,2.9978825192045537,3.0076053604971844,1.000599088468207e-08,0.013376709970988396,0.17770846825042658,0.7490865740106314,0.7531053243948118,0.7661937830582021,0.9081812514386133,0.909800406915332,0.9150436892758079,0.9529900946434802,0.9538388551412711,0.9565834576452352,1.0,0.0,0.0,0.0,0.0,0.0018231618330737942,-0.5756040722247013,0.5756089062013058,0.026781343401960412
52.2,0.5755776782032243,0.5756004726399209,0.5755793547893611,0.012970771691500658,2.997879599097127,0.9552431523668746,0.9598175654371863,0.9750749562429987,0.1538343273402855,0.156282561203831,0.15702808193739387,2.878002363199604,2.9978795990971276,3.0076108752397577,1.0046484259611016e-08,0.013380647448996329,0.17774377887234122,0.748800776138625,0.7527895072273545,0.7659823429405813,0.9080657224411612,0.9096731766342139,0.9149594983057343,0.9529294844626434,0.9537721627547618,0.9565394547132028,1.0,0.0,0.0,0.0,0.0,0.0018005478303679823,-0.5755793547893611,0.5756004726399209,0.026789423574226725
52.400000000000006,0.5755528460916977,0.5755915628493325,0.5755547144343008,0.012971126297786793,2.9978734387687327,0.9549209933765437,0.959459696526875,0.9748314549000789,0.1538727533318825,0.1563408765225263,0.15708105805655076,2.877957814246663,2.9978734387687327,3.007613880903406,1.0059855839708025e-08,0.013384579463636467,0.17777897937957024,0.7485185102908963,0.7524774818021334,0.7657736855927072,0.9079515923442564,0.909547438180585,0.9148764001834554,0.9528696044035055,0.9537062476823165,0.956496020979553,1.0,0.0,0.0,0.0,0.0,0.0017781825479134816,-0.5755547144343008,0.5755915628493325,0.026797730135954167
52.6,0.5755281028696019,0.575582195369408,0.5755301555733066,0.012971518520784866,2.9978641488616318,0.9546029363237495,0.9591062759807886,0.9745912266569464,0.15391068162447105,0.15639851061106824,0.1571333947260436,2.87791097684704,2.997864148861632,3.007614805330829,1.0100175715834403e-08,0.013388505118430705,0.17781406346670484,0.7482397386273275,0.7521692096491891,0.7655677772630396,0.9078388469010665,0.9094231773088594,0.9147943820608204,0.9528104471282242,0.9536411026191226,0.956453149805912,1.0,0.0,0.0,0.0,0.0,0.0017560638291413966,-0.5755301555733066,0.575582195369408,0.02680639545999909
52.800000000000004,0.5755034517782127,0.5755723882473074,0.5755056824502452,0.012971946965792815,2.997851837221564,0.9542889340459519,0.9587572547012624,0.9743542299345893,0.15394811803718433,0.15645546990270004,0.15718509839995382,2.877861941236537,2.997851837221564,3.0076141321400907,1.0114218971153677e-08,0.013392423513719007,0.17784902507107814,0.7479644235922841,0.7518646525500637,0.7653645845456296,0.9077274719526743,0.9093003798441772,0.9147134312103361,0.9527520053416104,0.9535767202935455,0.9564108346147872,1.0,0.0,0.0,0.0,0.0,0.0017341895245643613,-0.5755056824502452,0.5755723882473074,0.026815576100852872
53.0,0.5754788975202173,0.575562159048758,0.5754812991429604,0.012972410307529459,2.997836608895844,0.9539789398247557,0.958412584019794,0.9741204236329457,0.15398506833537132,0.1565117608007221,0.15723617549414115,2.8778107952437897,2.997836608895844,3.007613428095167,1.0154334188657188e-08,0.013396333815238085,0.1778838583671993,0.7476925279155153,0.7515637725392207,0.765164074378414,0.9076174534289937,0.9091790316835467,0.9146335350248987,0.952694271791679,0.953513093467796,0.956369068889479,1.0,0.0,0.0,0.0,0.0,0.0017125574920386633,-0.5754812991429604,0.575562159048758,0.026825877455951306
53.2,0.5754544430460986,0.5755515248694812,0.5754570095682883,0.012972907223768225,2.9978185662621675,0.9536729073837106,0.9580722156955572,0.9738897671266377,0.15402153823071751,0.1565673896779198,0.15728663238584323,2.877757624347406,2.9978185662621675,3.0076100600935205,1.0169009847428642e-08,0.013400235185076473,0.17791855775958804,0.7474240146126215,0.7512665319053851,0.7649662140413004,0.907508777349502,0.9090591187969466,0.9145546810174356,0.9526372392700991,0.953450214938576,0.9563278461739455,1.0,0.0,0.0,0.0,0.0,0.00169116559704649,-0.5754570095682883,0.5755515248694812,0.026836170054196976
53.400000000000006,0.5754300927213468,0.5755405023459781,0.5754328174857657,0.012973436458863128,2.997797809026175,0.9533707908864457,0.9577361019138412,0.973662220260875,0.15405753338135092,0.15662236287601425,0.15733647541323323,2.8777025117298902,2.9977978090261757,3.007603541970649,1.0208888833536623e-08,0.013404126848019279,0.17795311787747747,0.7471588469857727,0.7509728931927792,0.7647709711543564,0.9074014298240671,0.908940627228379,0.9144768568205798,0.9525809006126961,0.9533880775377002,0.9562871600726812,1.0,0.0,0.0,0.0,0.0,0.0016700117129377773,-0.5754328174857657,0.5755405023459781,0.02684621291642345
53.6,0.5754058492222968,0.5755291076664591,0.5754087265024191,0.012973996759649782,2.997774434345318,0.953072544934372,0.9574041952844615,0.9734377433471805,0.15409305939198814,0.15667668670513113,0.15738571087506137,2.8776455383322954,2.997774434345318,3.0075939815153503,1.0224161094627174e-08,0.013408008024806354,0.17798753356797256,0.7468969886239999,0.7506828192022825,0.7645783136758109,0.9072953970535944,0.9088235430968882,0.9144000501862609,0.9525252486998557,0.9533266741326968,0.9562470042505534,1.0,0.0,0.0,0.0,0.0,0.0016490937211932066,-0.5754087265024191,0.5755291076664591,0.02685601159116468
53.800000000000004,0.575381716593778,0.5755173565811614,0.5753847400762929,0.012974586936792327,2.9977485368259877,0.9527781245647182,0.9570764488401012,0.9732162971592813,0.15412812181406604,0.15673036744329147,0.1574343450302538,2.8775867829058073,2.997748536825988,3.0075814836676367,1.0263772351249395e-08,0.013411877996250383,0.17802179989101014,0.7466384034037364,0.7503962729924895,0.764388209900149,0.9071906653307656,0.9087078525975297,0.9143242489853273,0.9524702764569775,0.9532659976273813,0.9562073724326522,1.0,0.0,0.0,0.0,0.0,0.001628409511647541,-0.5753847400762929,0.5755173565811614,0.026865571490778076
54.0,0.5753576972538962,0.5755052644128059,0.5753608615210201,0.012975205802938539,2.997720208642567,0.9524874852481496,0.9567528160346243,0.9729978429288277,0.15416272614591203,0.15678341133592025,0.15748238409759346,2.8775263220640297,2.997720208642567,3.0075661507638487,1.0279608282969209e-08,0.013415736038789811,0.17805591211282845,0.7463830554889499,0.750113217880699,0.7642006284560331,0.9070872210406064,0.9085935420023036,0.9142494412070887,0.9524159768548358,0.953206040962415,0.9561682584040987,1.0,0.0,0.0,0.0,0.0,0.001607956982734221,-0.5753608615210201,0.5755052644128059,0.02687489793129593
54.2,0.5753337949425503,0.5754928460664628,0.5753370940091815,0.012975852231894512,2.9976895395342233,0.9522005828867116,0.9564332507413273,0.9727823423412761,0.15419687783289993,0.1568358245953761,0.1575298342553591,2.877464230332314,2.9976895395342233,3.0075480824195027,1.0318920808683981e-08,0.013419581486383093,0.1780898657011692,0.746130909331514,0.7498336174438021,0.7640155383043163,0.9069850506611419,0.9084805976610448,0.9141756149588893,0.9523623429099882,0.9531467971158335,0.9561296560098682,1.0,0.0,0.0,0.0,0.0,0.0015877340416907415,-0.5753370940091815,0.5754928460664628,0.026883996098019013
54.400000000000006,0.5753100118348218,0.5754801160395562,0.575313440576667,0.012976525099024529,2.997656616919261,0.9519173738113689,0.9561177072511646,0.9725697575316113,0.1542305822676422,0.15688761340049756,0.15757670164104376,2.8774005801977807,2.997656616919261,3.0075273757652448,1.0335289840807218e-08,0.013423413668351761,0.17812365631904714,0.7458819296711854,0.7495574355191084,0.7638329087358903,0.9068841407638853,0.9083690060022781,0.9141027584656076,0.9523093676850926,0.9530882591035609,0.9560915591545739,1.0,0.0,0.0,0.0,0.0,0.0015677386047856928,-0.575313440576667,0.5754801160395562,0.02689287108394258
54.6,0.5752863514771986,0.5754670884312614,0.5752899041257736,0.012977223340227217,2.9976215258897145,0.9516378147798721,0.9558061402709116,0.9723600510802397,0.154263844790166,0.15693878389617077,0.1576229923510314,2.8773354421563067,2.9976215258897145,3.0075041253281256,1.0380455573161365e-08,0.013427231971110917,0.17815727982032337,0.745636081535824,0.749284636205073,0.7636527093696357,0.9067844780144173,0.908258753534027,0.9140308600691881,0.9522570442892738,0.9530304199798996,0.9560539618022669,1.0,0.0,0.0,0.0,0.0,0.0015479685975041124,-0.5752899041257736,0.5754670884312614,0.026901527855509255
54.800000000000004,0.575262815924946,0.5754537769520413,0.5752664874293189,0.012977945892859099,2.9975843493228145,0.9513618629742246,0.9554985049213117,0.9721531860087185,0.15429667068812628,0.15698934219291227,0.15766871244035138,2.8772688847602064,2.997584349322815,3.007478423264015,1.0416433299559094e-08,0.013431035776510255,0.17819073224383014,0.7453933302412208,0.7490151838619655,0.7634749101502035,0.906686049172799,0.908149826844594,0.9139599082280999,0.9522053658784004,0.9529732728379993,0.956016857976196,1.0,0.0,0.0,0.0,0.0,0.001528421954753209,-0.5752664874293189,0.5754537769520413,0.026909971290787083
55.0,0.575239407334895,0.5754401949331254,0.575243193134964,0.01297869172734676,2.997545167900657,0.9510894759983981,0.9551947567351691,0.9719491257755565,0.15432906519701747,0.1570392943664713,0.15771386792240422,2.8772009746656266,2.997545167900657,3.0074503593114086,1.0421656118904563e-08,0.013434824494967095,0.1782240098071942,0.7451536413911071,0.7487490431124544,0.7632994813458184,0.9065888410940508,0.9080422126032992,0.9138898915167958,0.9521543256553953,0.9529168108103087,0.9559802417585677,1.0,0.0,0.0,0.0,0.0,0.001509096621082312,-0.575243193134964,0.5754401949331254,0.02691820616012828
55.2,0.57521612900092,0.5754263553350076,0.5752200237669778,0.012979459867580319,2.9975040601399647,0.9508165106688808,0.9548948516554021,0.9717478342721374,0.15436103350037678,0.157088646457451,0.15775914523663237,2.877131776675038,2.9975040601399647,3.007420020792779,1.045568148195848e-08,0.013438597586919902,0.17825710890431748,0.7449133703471623,0.7484861788421092,0.7631263935461586,0.9064913759744813,0.9079358975611791,0.9138207986251939,0.9521031477228337,0.9528610270690029,0.9559441072903176,1.0,0.0,0.0,0.0,0.0,0.0014899905508134748,-0.5752200237669778,0.5754263553350076,0.026926237117666448
55.400000000000006,0.5751929824569189,0.575412270756125,0.5751969817294498,0.01298024933120541,2.9974611025008038,0.9505440495245894,0.9545987460330739,0.9715492758184743,0.15439258073002385,0.1571374044709441,0.15780436485297222,2.8770613537806247,2.9974611025008038,3.007387492844864,1.0468023163487178e-08,0.013442354500423555,0.17829002610078598,0.7446734699365392,0.7482265561998469,0.7629556176600496,0.9063940402862743,0.907830868551655,0.913752618358081,0.9520520350074495,0.9528059148263947,0.9559084487708382,1.0,0.0,0.0,0.0,0.0,0.0014711017081965039,-0.5751969817294498,0.575412270756125,0.02693406873994281
55.6,0.5751699703305201,0.5753979534420552,0.5751740693119993,0.0129810591869235,2.9974163693772575,0.9502751029226267,0.9543063966253802,0.9713534151590443,0.15442371196629787,0.15718557437618694,0.15784902660152433,2.876989767210276,2.997416369377258,3.0073528582903433,1.0490559079815896e-08,0.013446094731220508,0.1783227581257152,0.7444365923511218,0.7479701405983014,0.7627871249132036,0.9062979105439527,0.9077271124911656,0.9136853396345229,0.9520015528621536,0.9527514673353269,0.9558732604577117,1.0,0.0,0.0,0.0,0.0,0.001452428067643341,-0.5751740693119993,0.5753979534420552,0.02694170548988053
55.800000000000004,0.5751470949546093,0.5753834152937602,0.5751512886923423,0.012981888525544341,2.9973699331733776,0.9500096296211807,0.9540177605936078,0.9711602174585892,0.15445443223830993,0.15723316210623042,0.1578931363672734,2.8769170764688012,2.9973699331733776,3.007316197780742,1.0543283114265123e-08,0.013449817792529342,0.1783553018680823,0.7442027040233633,0.7477168977141206,0.7626208868458924,0.9062029738906681,0.9076246163797628,0.9136189514872458,0.9519516946350194,0.9526976778895428,0.9558385366664244,1.0,0.0,0.0,0.0,0.0,0.0014339676138612756,-0.5751512886923423,0.5753834152937602,0.026949151737801068
56.0,0.575124357606488,0.5753686678751792,0.575128641936849,0.012982736443885272,2.9973218643652193,0.9497475887856172,0.9537327955010689,0.970969648298024,0.15448474652418778,0.15728017355762464,0.15793669999393797,2.876843339375896,2.9973218643652193,3.007277589892437,1.0580824803658924e-08,0.01345352319823618,0.17838765437592993,0.7439717716671009,0.7474667934882128,0.7624568753106824,0.9061092175633888,0.9075233673016803,0.913553443062032,0.9519024537207651,0.952644539824044,0.9558042717700905,1.0,0.0,0.0,0.0,0.0,0.0014157183419356428,-0.575128641936849,0.5753686678751792,0.026956411773418475
56.2,0.575101759843698,0.5753537224218956,0.5751061310055818,0.012983602071227356,2.9972722315192235,0.9494889399861235,0.9534514593110038,0.9707816736703919,0.1545146597513225,0.15732661459012132,0.1579797232837617,2.876768612109478,2.9972722315192235,3.007237111088365,1.0584605025812108e-08,0.013457210490694285,0.17841981284916875,0.7437437622773129,0.7472197941259181,0.7622950624701798,0.9060166288932431,0.9074233524258637,0.9134888036171153,0.9518538235609886,0.9525920465154252,0.9557704601991726,1.0,0.0,0.0,0.0,0.0,0.001397678257557905,-0.5751061310055818,0.5753537224218956,0.026963489788970008
56.400000000000006,0.575079304427158,0.5753385898494286,0.5750837577570425,0.012984484587414599,2.9972211013180448,0.9492336431953744,0.9531737103844354,0.9705962599767366,0.1545441767966376,0.15737249102639372,0.1580222119973117,2.876692949247143,2.9972211013180448,3.007194835718173,1.0623998815292345e-08,0.013460879259812427,0.17845177463279654,0.7435186431298665,0.7469758660971029,0.7621354207946762,0.9059251953058485,0.9073245590064664,0.9134250225225296,0.9518057976443952,0.9525401913821928,0.955737096441178,1.0,0.0,0.0,0.0,0.0,0.0013798453772109337,-0.5750837577570425,0.5753385898494286,0.02697038987067956
56.6,0.5750569921401384,0.5753232807597207,0.5750615239471438,0.012985383157566255,2.9971685386688343,0.9489816587857817,0.9528995074780169,0.9704133740217821,0.1545733024868978,0.1574178086517696,0.15806417185335742,2.8766164037986037,2.9971685386688343,3.007150836263647,1.0639821921705624e-08,0.013464529074652423,0.1784835372183659,0.7432963817808614,0.746734976136214,0.761977923059597,0.9058349043214727,0.9072269743833193,0.9133620892593723,0.9517583695069359,0.9524889678850644,0.9557041750403097,1.0,0.0,0.0,0.0,0.0,0.001362217728137896,-0.5750615239471438,0.5753232807597207,0.02697711604277561
56.800000000000004,0.575034825276442,0.5753078054494621,0.5750394312354388,0.012986297002395099,2.9971146066749323,0.9487329475273207,0.9526288097418493,0.970232983009996,0.1546020415989657,0.1574625732139791,0.1581056085286639,2.8765390272473104,2.9971146066749323,3.0071051831612543,1.068314966257062e-08,0.013468159557271769,0.17851509823508732,0.743076946066444,0.7464970912422623,0.7618225423432545,0.9057457435553765,0.9071305859823661,0.9132999934191832,0.9517115327320398,0.9524383695272565,0.955671690597176,1.0,0.0,0.0,0.0,0.0,0.0013447933485797592,-0.5750394312354388,0.5753078054494621,0.026983672222215083
57.0,0.575012804447562,0.5752921739171266,0.5750174811861456,0.01298722533260329,2.997059366742606,0.948487470584824,0.9523615767172857,0.9700550545414598,0.15463039886009794,0.15750679042291582,0.15814652765788473,2.876460869585633,2.997059366742606,3.007057945048772,1.069731106392712e-08,0.013471770313952813,0.1785464554483634,0.7428603041021135,0.7462621786787638,0.7616692520244007,0.9056577007179443,0.9070353813160754,0.9132387247032365,0.9516652809507352,0.9523883898547517,0.9556396377684562,1.0,0.0,0.0,0.0,0.0,0.001327570287848065,-0.5750174811861456,0.5752921739171266,0.02699006226238209
57.2,0.5749909318383869,0.5752763958703765,0.5749956752714648,0.012988167414595167,2.9970028785555294,0.9482451895156429,0.9520977683346928,0.9698795566080004,0.15465837894820791,0.15755046595041539,0.15818693483340418,2.8763819793518826,2.99700287855553,3.00700918860851,1.0737548969667656e-08,0.0134753610042576,0.17857760675505022,0.742646424282326,0.7460302059736036,0.7615180257799853,0.9055707636149286,0.9069413479838155,0.9131782729219101,0.9516196078418286,0.952339022456551,0.9556080112666027,1.0,0.0,0.0,0.0,0.0,0.0013105466064818744,-0.5749956752714648,0.5752763958703765,0.02699628991303638
57.400000000000006,0.5749692079612992,0.575260480733066,0.5749740148742251,0.01298912250375939,2.996945200180818,0.9480060662668102,0.9518373449112054,0.9697064575889948,0.15468598649218931,0.157593605430046,0.15822683560527287,2.87630240366533,2.996945200180818,3.0069589788128153,1.0752368149018168e-08,0.013478931271045115,0.17860855017967833,0.7424352752796163,0.7458011409188601,0.761368837582601,0.9054849201474919,0.9068484736722042,0.9131186279939235,0.9515745071319774,0.9522902609649097,0.9555768058594764,1.0,0.0,0.0,0.0,0.0,0.0012937203763388472,-0.5749740148742251,0.575260480733066,0.02700235886381363
57.6,0.5749476347694512,0.5752444376519246,0.5749525012902235,0.012990089907362341,2.996886388044578,0.9477700631727229,0.951580267148442,0.9695357262473736,0.15471322607221596,0.15763621445691473,0.15826623548106708,2.876222188259623,2.996886388044578,3.006907378772969,1.0792711440351718e-08,0.01348248080660401,0.17863928387110922,0.7422268260441475,0.7455749515705595,0.761221661698077,0.9054001583124145,0.9067567461554271,0.9130597799456278,0.9515299725958482,0.9522420990555569,0.9555460163700076,1.0,0.0,0.0,0.0,0.0,0.0012770896806745535,-0.5749525012902235,0.5752444376519246,0.02700827270609154
57.800000000000004,0.5749262126242567,0.575228275503387,0.57493113573109,0.012991068922173844,2.9968264970319116,0.9475371429523544,0.9513264961302256,0.9693673317255574,0.15474010222006043,0.15767829858748408,0.1583051399258367,2.8761413775169347,2.996826497031912,3.006854449968117,1.0808352158449884e-08,0.013486009287184922,0.17866980609844282,0.7420210458028142,0.7453516062483996,0.7610764726829828,0.9053164662021149,0.9066661532955339,0.9130017189102564,0.9514859980561762,0.9521945304479017,0.9555156376758349,1.0,0.0,0.0,0.0,0.0,0.0012606526142465574,-0.57493113573109,0.575228275503387,0.02701403497324438
58.0,0.5749049432805952,0.5752120029000843,0.5749099193263738,0.012992058894785947,2.9967655804633737,0.9473072687068739,0.9510759933202644,0.9692012435416288,0.154766619419383,0.1577198633394047,0.15834355436199513,2.8760600145004216,2.9967655804633737,3.0068002521018373,1.084771296147198e-08,0.013489516436464087,0.1787001152480373,0.741817904058669,0.7451310735354052,0.760933245382316,0.9052338320047957,0.9065766830427031,0.9129444351272418,0.9514425773838899,0.9521475489052244,0.9554856647089798,1.0,0.0,0.0,0.0,0.0,0.0012444072834093545,-0.5749099193263738,0.5752120029000843,0.027019649104292588
58.2,0.5748838268959615,0.5751956281974306,0.5748888531263784,0.012993059160094791,2.996703690192465,0.9470804039167744,0.950828720559835,0.9690374315852834,0.1547927821060633,0.15776091419135807,0.1583814841693012,2.875978140987153,2.996703690192465,3.006744843326335,1.0857444262038311e-08,0.013493001960932385,0.17873020981945936,0.7416173705898841,0.7449133222775505,0.7607919549269756,0.9051522440043918,0.9064883234354838,0.912887918941442,0.9513997044981309,0.9521011482348517,0.9554560924554709,1.0,0.0,0.0,0.0,0.0,0.0012283518062108228,-0.5748888531263784,0.5751956281974306,0.02702511848343092
58.400000000000006,0.5748628649342266,0.5751791594997226,0.5748679381040004,0.012994069100005152,2.9966408765821035,0.9468565124394557,0.9505846400654266,0.9688758661139598,0.15481859466851133,0.1578014565829153,0.15841893468477503,2.8758957974986132,2.9966408765821035,3.006688280102004,1.0876681256659607e-08,0.013496465611696387,0.1787600884228565,0.7414194154490836,0.7446983215833172,0.7606525767313613,0.9050716905806645,0.9064010626010096,0.9128321608024111,0.9513573733663491,0.9520553222883182,0.9554269159549932,1.0,0.0,0.0,0.0,0.0,0.001212484312457518,-0.5748679381040004,0.5751791594997226,0.027030446404700727
58.6,0.574842058534222,0.5751626046664116,0.5748471751579127,0.01299508810964553,2.9965771885728123,0.9466355585064952,0.9503437144263783,0.9687165177488718,0.15484406144800114,0.15784149591440624,0.15845591120267516,2.8758130233320576,2.9965771885728123,3.0066306173408357,1.0927250628833675e-08,0.013499907149020976,0.1787897497744103,0.7412240089623732,0.7444860408232106,0.7605150864908676,0.9049921602091647,0.9063148887551847,0.9127771512636242,0.9513155780043293,0.9520100649615137,0.9553981303005104,1.0,0.0,0.0,0.0,0.0,0.001196802943800826,-0.5748471751579127,0.5751626046664116,0.027035636095147482
58.800000000000004,0.5748214075198934,0.5751459713179367,0.5748265651139739,0.012996115576703741,2.996512673737052,0.9464175067208805,0.9501059066025171,0.9685593574710579,0.15486918673900915,0.15788103754679939,0.1584924189744921,2.8757298565896834,2.9965126737370524,3.0065719084974467,1.0948236914151594e-08,0.013503326320622209,0.1788191926943229,0.7410311217282929,0.7442764496292459,0.7603794601793673,0.9049136414611599,0.9062297902028543,0.9127228809816907,0.9512743124761974,0.951965370194819,0.9553697306378819,1.0,0.0,0.0,0.0,0.0,0.00118130585378165,-0.5748265651139739,0.5751459713179367,0.02704069072760442
59.0,0.5748009133277262,0.5751292668414135,0.5748061087265849,0.01299715094067676,2.996447378252857,0.9462023220545962,0.9498711799217635,0.9684043566176996,0.15489397478951658,0.15792008680159525,0.15852846320889175,2.8756463342070675,2.996447378252857,3.006512205427001,1.0991060949233236e-08,0.013506722924099891,0.17884841610487873,0.7408407246170688,0.7440695178943754,0.7602456740469121,0.9048361230036747,0.9061457553379434,0.9126693407156504,0.9512335708944852,0.9519212319732266,0.9553417121655227,1.0,0.0,0.0,0.0,0.0,0.0011659912078915702,-0.5748061087265849,0.5751292668414135,0.027045613385452933
59.2,0.574780576086715,0.5751124983970436,0.5747858066831788,0.012998193632760797,2.9963813469960896,0.9459899698457082,0.9496394980777354,0.9682514868782247,0.15491842980135306,0.15795864896073034,0.15856404907175192,2.875562491985218,2.9963813469960896,3.0064515586039455,1.1023670705708536e-08,0.013510096743719802,0.17887741902403023,0.7406527887693785,0.7438652157718808,0.7601137046172155,0.9047595935993278,0.9060627726435769,0.9126165213261778,0.9511933474200887,0.9518776443264483,0.9553140701340133,1.0,0.0,0.0,0.0,0.0,0.0011508571837111209,-0.5747858066831788,0.5751124983970436,0.02705040710120372
59.400000000000006,0.5747603960236212,0.5750956729235115,0.5747656596055123,0.012999243104077891,2.9963146235437033,0.945780415795731,0.9494108251273311,0.9681007202904041,0.15494255593054826,0.15799672926649358,0.15859918168616094,2.8754783646175572,2.9963146235437033,3.0063900170649602,1.1025974374743852e-08,0.01351344758018513,0.17890620056355386,0.7404672855953462,0.7436635136747185,0.759983528685115,0.9046840421062571,0.9059808306921715,0.9125644137747729,0.9511536362622696,0.9518346013290112,0.9552867998457027,1.0,0.0,0.0,0.0,0.0,0.0011359019709335089,-0.5747656596055123,0.5750956729235115,0.02705507483912996
59.6,0.5747403742888717,0.5750787971428284,0.5747456680496902,0.01300029884215898,2.9962472501880257,0.945573625967029,0.9491851254882965,0.9679520292365847,0.15496635728766814,0.15803433292145413,0.1586338661324193,2.8753939857141417,2.9962472501880257,3.006327628397934,1.1043385572869765e-08,0.013516775268073012,0.17893475992901398,0.7402841867735334,0.7434643822748203,0.7598551233141313,0.904609457478035,0.9058999181455074,0.9125130091229855,0.951114431678654,0.9517920971003385,0.9552598966543293,1.0,0.0,0.0,0.0,0.0,0.0011211237713408123,-0.5747456680496902,0.5750787971428284,0.027059619487983712
59.800000000000004,0.5747205115982539,0.5750618775659727,0.574725832509674,0.013001360342753098,2.9961792679949952,0.9453695667800243,0.9489623639367949,0.9678053864399778,0.15498983793814916,0.15807146508839862,0.1586681074480824,2.8753093878298635,2.9961792679949952,3.0062644388627464,1.1094332375107695e-08,0.013520079646196758,0.17896309641475142,0.7401034642497339,0.7432677925023656,0.7597284658340512,0.9045358287634995,0.9058200237547791,0.9124622985316448,0.9510757279751835,0.9517501258048202,0.9552333559646418,1.0,0.0,0.0,0.0,0.0,0.001106520798895727,-0.574725832509674,0.5750618775659727,0.02706404388012915
60.0,0.5747008072726205,0.5750449204986195,0.5747061534207017,0.013002427089731657,2.9961107168536842,0.9451682050104285,0.9487425056049773,0.9676607649608375,0.15501300190265613,0.15810813089027612,0.15870191062800823,2.875224602493098,2.9961107168536842,3.006200493470948,1.110972913127976e-08,0.013523360536457937,0.1789912093989975,0.7399250902357617,0.7430737155450275,0.7596035338383976,0.9044631451065754,0.9057411363606327,0.9124122732600395,0.9510375195060617,0.9517086816518757,0.9552071732319952,1.0,0.0,0.0,0.0,0.0,0.0010920912798349364,-0.5747061534207017,0.5750449204986195,0.027068350802089004
60.2,0.5746812624722405,0.5750279320454715,0.5746866311578652,0.013003498620788513,2.996041635439398,0.9449695077868305,0.9485255159785241,0.9675181381928755,0.1550358531574086,0.15814433541015768,0.15873528062435377,2.8751396602273576,2.996041635439398,3.0061358358220995,1.1148159666431047e-08,0.013526617813173466,0.1790190983459068,0.7397490372085237,0.7428821228471633,0.7594803051820852,0.9043913957462063,0.9056632448931695,0.9123629246651662,0.9509998006737576,0.9516677588959985,0.9551813439619822,1.0,0.0,0.0,0.0,0.0,0.0010778334526246464,-0.5746866311578652,0.5750279320454715,0.027072542956246674
60.400000000000006,0.5746618767114497,0.5750109181161454,0.5746672660410209,0.013004574455785635,2.9959720613134064,0.944773442587639,0.9483113608941908,0.9673774798595824,0.15505839563452822,0.15818008369120343,0.15876822234668786,2.8750545905807265,2.9959720613134064,3.006070508354783,1.1159779620109721e-08,0.013529851327572383,0.17904676279854145,0.7395752779085043,0.7426929861089794,0.7593587579789745,0.9043205700160402,0.9055863383719398,0.9123142442009352,0.9509625659288791,0.9516273518367961,0.9551558637100399,1.0,0.0,0.0,0.0,0.0,0.0010637455681084679,-0.5746672660410209,0.5750109181161454,0.027076623006638326
60.6,0.574642650995201,0.5749938844293999,0.574648058334563,0.013005654160460118,2.995902030886731,0.9445799772385606,0.9481000065373267,0.967238764010531,0.15508063322239518,0.15821538073664243,0.15880074066202274,2.8749694221469992,2.995902030886731,3.0060045521814573,1.1199386641015642e-08,0.013533060975050097,0.1790742023791957,0.739403785338684,0.7425062772856467,0.759238870599394,0.9042506573442867,0.9055104059059066,0.9122662234173563,0.9509258097701361,0.9515874548190093,0.955130728081048,1.0,0.0,0.0,0.0,0.0,0.0010498258894546808,-0.574648058334563,0.5749938844293999,0.02708059354045468
60.800000000000004,0.5746235846854386,0.5749768365181362,0.5746290082502953,0.013006737282023546,2.995831579511426,0.9443890799096756,0.947891419439414,0.9671019650175929,0.15510256976602388,0.158250231509758,0.1588328403949212,2.874884182590681,2.9958315795114263,3.005938007311335,1.1214007980380596e-08,0.013536246627270257,0.17910141678529243,0.7392345327630909,0.7423219685864064,0.7591206216675659,0.9041816472534193,0.9054354366934009,0.912218853959684,0.9508895267442208,0.9515480622325312,0.9551059327289031,1.0,0.0,0.0,0.0,0.0,0.0010360726921983254,-0.5746290082502953,0.5749768365181362,0.02708445710893518
61.0,0.5746046786881694,0.5749597797338393,0.5746101159482612,0.013007823413884869,2.9957607414421386,0.9442007191130214,0.9476855664755836,0.9669670575715144,0.15512420906738736,0.15828464093388522,0.15886452632752646,2.874798898669196,2.9957607414421386,3.005870912481457,1.1258782077336684e-08,0.013539408200524735,0.17912840578819827,0.7390674937057625,0.7421400324736276,0.759003990059327,0.9041135293600379,0.9053614200220517,0.9121721275676755,0.9508537114457724,0.9515091685124094,0.9550814733561525,1.0,0.0,0.0,0.0,0.0,0.0010224842642563292,-0.5746101159482612,0.5749597797338393,0.027088216187867224
61.2,0.5745859324498525,0.5749427192514197,0.5745913815391024,0.013008912133914526,2.995689549923545,0.9440148636996154,0.9474824148621438,0.9668340166783133,0.15514555488577547,0.15831861389241378,0.15889580319969396,2.874713596257098,2.995689549923545,3.0058033053731457,1.1292820410535981e-08,0.01354254559061315,0.17915516922985378,0.7389026419492003,0.7419604416618509,0.7588889548996767,0.90404629337452,0.9052883452687042,0.9121260360747754,0.9508183585172295,0.9514707681388418,0.9550573457135889,1.0,0.0,0.0,0.0,0.0,0.0010090589059792154,-0.5745913815391024,0.5749427192514197,0.027091873217316476
61.400000000000006,0.5745673456429112,0.5749256600738103,0.5745728050858879,0.013010003038483427,2.9956180371814334,0.9438314828567999,0.9472819321540932,0.9667028176557496,0.15516661093814682,0.15835215522880292,0.1589266757090771,2.8746283003690514,2.9956180371814334,3.0057352225293887,1.1295014922227547e-08,0.013545658708822957,0.17918170702016006,0.7387399515330733,0.7417831691167901,0.7587754955603717,0.9039799291007682,0.9052162018993168,0.912080571407316,0.9507834626487323,0.9514328556371616,0.9550335455998531,1.0,0.0,0.0,0.0,0.0,0.000995794930189739,-0.5745728050858879,0.5749256600738103,0.02709543057980306
61.6,0.5745489191425343,0.5749086070359689,0.5745543866046772,0.013011095762109877,2.9955462344276005,0.9436505461056278,0.947084086242616,0.9665734361298189,0.15518738089948267,0.1583852697466056,0.15895714851121348,2.8745430351798444,2.995546234427601,3.0056666993300425,1.132780047105427e-08,0.013548747502748804,0.17920801913617532,0.7385793967529412,0.741608188054297,0.7586635916575271,0.903914426435959,0.9051449794688345,0.9120357255837152,0.9507490185780253,0.9513954255778084,0.9550100688610343,1.0,0.0,0.0,0.0,0.0,0.0009826906621547143,-0.5745543866046772,0.5749086070359689,0.027098890591040932
61.800000000000004,0.5745306520947451,0.5748915648091145,0.5745361260662493,0.013012189917218142,2.9954741719440907,0.9434720232978783,0.9468888453525991,0.9664458480311434,0.15520786840316197,0.15841796220949816,0.1589872262196811,2.8744578240455723,2.995474171944091,3.005597770199443,1.1337893685481486e-08,0.013551811892692618,0.17923410561964384,0.738420952158625,0.7414354719393162,0.7585532230491056,0.9038497753701434,0.9050746676210586,0.9119914907136262,0.950715021090281,0.9513584725762954,0.9549869113902452,1.0,0.0,0.0,0.0,0.0,0.0009697444395835725,-0.5745361260662493,0.5748915648091145,0.027102255538466662
62.0,0.5745125448353235,0.5748745379051144,0.5745180233985565,0.013013285153397385,2.995401879047392,0.9432938351992635,0.9466961780401358,0.9663200295916218,0.15522807704130046,0.15845023734131927,0.15901725888870424,2.874372689525572,2.995401879047392,3.005528468444627,1.1357813987524065e-08,0.013554851834328006,0.17925996657349064,0.7382627730916264,0.7412649944848057,0.7584443698326202,0.9037852234220911,0.9050052560884896,0.911947858997169,0.9506810745116001,0.9513219912931647,0.954964069127239,1.0,0.0,0.0,0.0,0.0,0.0009569546126772938,-0.5745180233985565,0.5748745379051144,0.027105527643271402
62.2,0.57449459749283,0.5748575306805139,0.5745000784879549,0.013014381128541575,2.995329384140279,0.9431156154243665,0.9465060531900273,0.9661959573410055,0.15524801036510605,0.15848209982611708,0.1590473082481045,2.8742876534025696,2.995329384140279,3.0054588263741255,1.1408528081095859e-08,0.013557867288255476,0.1792856021600644,0.7381045343830812,0.7410967296506311,0.7583370123427592,0.9037206379070137,0.9049367346921596,0.9119048227241269,0.950647109067423,0.9512859764339348,0.9549415380580084,1.0,0.0,0.0,0.0,0.0,0.0009443195441282554,-0.5745000784879549,0.5748575306805139,0.02710870908078822
62.400000000000006,0.5744768091950612,0.574840547340264,0.5744822911794122,0.013015477492339635,2.995256714750759,0.9429397728506864,0.9463184400132948,0.9660736081034531,0.1552676718852432,0.1585135543082019,0.15907696792396553,2.87420273670132,2.995256714750759,3.0053888753692206,1.1443970329153152e-08,0.013560858202577738,0.17931101260083968,0.7379483754535765,0.7409306516424466,0.7582311311489713,0.9036568922073688,0.9048690933414532,0.9118623742731237,0.9506135840910217,0.9512504227490414,0.9549193142143729,1.0,0.0,0.0,0.0,0.0,0.0009318376090897001,-0.5744822911794122,0.574840547340264,0.027111801991366157
62.6,0.5744591794009344,0.5748235919419461,0.5744646612788422,0.013016573913135527,2.995183897527101,0.9427662781562344,0.9461333080446824,0.9659529589942206,0.15528706507217963,0.15854460539220827,0.159106242422411,2.8741179597097304,2.995183897527101,3.0053186458195666,1.1444932847292355e-08,0.013563824541343613,0.17933619817308252,0.7377942714951524,0.7407667349105415,0.7581267070531599,0.9035939765503145,0.9048023220339063,0.9118205061108404,0.9505804944890266,0.9512153250337655,0.9548973936735878,1.0,0.0,0.0,0.0,0.0,0.0009195071952252803,-0.5744646612788422,0.5748235919419461,0.027114808462699494
62.800000000000004,0.5744417088388014,0.5748066683997072,0.5744471885551726,0.013017670096789216,2.995110958240383,0.9425951023378916,0.9459506271401456,0.9658339874163802,0.15530619335653342,0.15857525764316613,0.1591351362084943,2.8740333419985356,2.9951109582403834,3.0052481670984688,1.1481407179000546e-08,0.013566766304564815,0.17936115920689616,0.7376421979468492,0.7406049541486526,0.7580237210873809,0.9035318812537665,0.9047364108549903,0.9117792107912314,0.9505478352144909,0.9511806781281545,0.9548757725579504,1.0,0.0,0.0,0.0,0.0,0.0009073267027272375,-0.5744471885551726,0.5748066683997072,0.027117730520652864
63.0,0.574424396358091,0.5747897804873866,0.5744298727399075,0.013018765722085185,2.995037921870043,0.9424262167084467,0.9457703674743575,0.9657166710572724,0.15532506012946748,0.15860551558657607,0.15916365370638313,2.8739489024369327,2.995037921870043,3.0051774677829584,1.149481878882532e-08,0.013569683459917499,0.1793858960858463,0.7374921304929964,0.7404452842927747,0.757922154511304,0.9034705967259418,0.9046713499778867,0.9117384809546405,0.9505156012666814,0.9511464769169368,0.9548544470343557,1.0,0.0,0.0,0.0,0.0,0.0008952945442206595,-0.5744298727399075,0.5747897804873866,0.02712057017151197
63.2,0.5744072424052092,0.574772931842411,0.5744127135298374,0.013019860511453213,2.994964812553628,0.9422595928943679,0.9455924995382124,0.96560098788538,0.1553436687430207,0.1586353837084931,0.15919179929942698,2.8738646592120545,2.9949648125536283,3.005106575451483,1.1540944345992692e-08,0.013572576017620847,0.17941040924308937,0.7373440450621368,0.7402877005199364,0.7578219888100185,0.9034101134651563,0.9046071296632442,0.9116983093270531,0.9504837876910035,0.9511127163294271,0.9548334133139215,1.0,0.0,0.0,0.0,0.0,0.0008834091448053083,-0.5744127135298374,0.574772931842411,0.027123329356148553
63.400000000000006,0.5743902459048751,0.5747561259692778,0.5743957105875973,0.013020954166933083,2.994891653670855,0.942095202832914,0.9454169941363434,0.9654869161470176,0.15536202251047287,0.15866486645561356,0.15921957733034264,2.8737806298463893,2.9948916536708556,3.005035516905339,1.1572098461330929e-08,0.013575443962704728,0.17943469916057522,0.7371979178253353,0.7401321782469766,0.7577232056916692,0.9033504220593681,0.9045437402589311,0.9116586887192767,0.9504523895787892,0.9510793913394275,0.9548126676515754,1.0,0.0,0.0,0.0,0.0,0.0008716689420313617,-0.5743957105875973,0.5747561259692778,0.027126009992182922
63.6,0.5743734061660447,0.5747393662433479,0.5743788635435016,0.013022046408825986,2.99481846782452,0.9419330187695779,0.9452438223846307,0.9653744343632337,0.15538012470668008,0.1586939682353713,0.15924699210135027,2.8736968312167392,2.99481846782452,3.004964318065413,1.1570521107234018e-08,0.013578287295958067,0.17945876636642608,0.7370537251947746,0.7399786931292871,0.757625787085261,0.9032915131858309,0.9044811721997698,0.9116196120261858,0.950421402067146,0.9510464969651199,0.9547922063456763,1.0,0.0,0.0,0.0,0.0,0.0008600723859404635,-0.5743788635435016,0.5747393662433479,0.027128613948725885
63.800000000000004,0.5743567237411408,0.5747226559139804,0.5743621719960618,0.013023136993032976,2.9947452768422567,0.9417730132555283,0.9450729557076976,0.9652635213266285,0.15539797856842721,0.15872269341604273,0.15927404787431615,2.873613279569902,2.9947452768422567,3.004893003949505,1.1604885020343788e-08,0.0135811060523481,0.17948261143419747,0.7369114438223202,0.7398272210595214,0.7575297151383831,0.9032333776107325,0.9044194160072504,0.9115810722259313,0.9503908203387936,0.9510140282689465,0.9547720257376161,1.0,0.0,0.0,0.0,0.0,0.0008486179390209542,-0.5743621719960618,0.5747226559139804,0.027131143038451315
64.0,0.5743401973405993,0.574705998107646,0.5743456355130393,0.013024225647691592,2.9946721018585634,0.9416151591447237,0.9449043658364296,0.9651541560979684,0.15541558729481778,0.1587510463268538,0.15930074887095716,2.8735299905382297,2.994672101858564,3.004821598884264,1.161825586069077e-08,0.013583900233950088,0.17950623498137244,0.736771050597779,0.7396777381663091,0.7574349722147383,0.9031760061887013,0.9043584622892444,0.9115430623790695,0.9503606396218339,0.9509819803574892,0.9547521222113785,1.0,0.0,0.0,0.0,0.0,0.0008373040761501527,-0.5743456355130393,0.574705998107646,0.027133599058180462
64.2,0.5743238272054202,0.5746893958312841,0.5743292536333796,0.01302531214187659,2.994598963264367,0.9414594295917105,0.9447380248054904,0.965046318003184,0.15543295404760574,0.1587790312580947,0.15932709927293584,2.8734469791564203,2.994598963264367,3.0047501263084215,1.1662563072444931e-08,0.013586669882761488,0.1795296376666004,0.7366325226477444,0.7395302208129413,0.757341540891996,0.9031193898625497,0.9042983017397019,0.9115055756278163,0.9503308551896424,0.9509503483813395,0.9547324921931643,1.0,0.0,0.0,0.0,0.0,0.0008261292846039603,-0.5743292536333796,0.5746893958312841,0.027135983744746912
64.4,0.5743076121434249,0.5746728519754424,0.5743130258676914,0.013026396224723574,2.994525880785761,0.9413057980487461,0.9445739049508544,0.9649399866302383,0.15545008195155197,0.15880665246123774,0.1593531032220755,2.873364259877212,2.994525880785761,3.0046786089813944,1.1692249109824429e-08,0.01358941501624193,0.17955282018901225,0.7364958373338288,0.7393846455960578,0.75724940395952,0.9030635196627618,0.9042389251383419,0.9114686051952506,0.9503014623606267,0.9509191275349661,0.954713132150988,1.0,0.0,0.0,0.0,0.0,0.000815092064029202,-0.5743130258676914,0.5746728519754424,0.027138298814864403
64.60000000000001,0.5742915512592418,0.5746563693176513,0.5742969516997907,0.01302747766054025,2.994452873466335,0.9411542382632432,0.9444119789073361,0.9648351418261707,0.1554669740947565,0.15883391414906214,0.15937876482052735,2.8732818465882564,2.994452873466335,3.004607068889219,1.1685188100753028e-08,0.01359213566455012,0.17957578328601315,0.7363609722511548,0.7392409893443044,0.7571585444162376,0.9030083867070821,0.9041803233503286,0.9114321443845693,0.9502724564980357,0.9508883130565726,0.9546940385943034,1.0,0.0,0.0,0.0,0.0,0.0008041909264704938,-0.5742969516997907,0.5746563693176513,0.027140545942198908
64.8,0.5742756448508161,0.5746399505252102,0.5742810305871955,0.013028556246943684,2.9943799596660496,0.9410047242752604,0.9442522196061021,0.9647317636940427,0.15548363352900998,0.15886082049578845,0.1594040881309352,2.873199752626051,2.9943799596660496,3.004535527216446,1.1702010769274945e-08,0.013594831889823557,0.17959852773257792,0.7362279052268786,0.7390992291169617,0.7570689454684124,0.9029539822001141,0.9041224873259321,0.9113961865783025,0.9502438330097751,0.9508579002279476,0.9546752080736052,1.0,0.0,0.0,0.0,0.0,0.0007934243963136772,-0.5742810305871955,0.5746399505252102,0.02714272674868162
65.0,0.574259892556106,0.5746235981578774,0.5742652619622264,0.013029631776715598,2.9943071571160225,0.9408572304148067,0.9440946002722039,0.9646298325897785,0.1555000632701658,0.15888737563721417,0.15942907717663787,2.873117990789387,2.9943071571160225,3.0044640044840207,1.1757523543379512e-08,0.013597503745785765,0.1796210543396766,0.7360966143185225,0.7389593422025724,0.756980590527312,0.9029002974328358,0.9040654081001823,0.9113607252374829,0.9502155873481771,0.9508278843743083,0.9546566371800084,1.0,0.0,0.0,0.0,0.0,0.0007827910102198438,-0.5742652619622264,0.5746235981578774,0.027144842830224284
65.2,0.5742442924336107,0.5746073146709162,0.5742496452335074,0.013030704018711281,2.9942344829539067,0.9407117312992311,0.9439390944221421,0.9645293291190754,0.15551626629850449,0.1589135836708514,0.1594537359418626,2.8730365733545806,2.994234482953907,3.004392520608641,1.1762833145641969e-08,0.013600151257519472,0.17964336395213215,0.7359670778123736,0.7388213061175758,0.7568934632069312,0.9028473237821387,0.9040090767925221,0.9113257539008355,0.9501877150097836,0.9507982608641482,0.9546383225448374,1.0,0.0,0.0,0.0,0.0,0.0007722893171072248,-0.5742496452335074,0.5746073146709162,0.027146895765839108
65.4,0.5742288450297677,0.5745911024178552,0.5742341797860391,0.0130317728009157,2.9941619536567448,0.9405682018310623,0.9437856758614047,0.9644302341347513,0.1555322455590311,0.15893944865607396,0.1594780683718477,2.8729555120892756,2.9941619536567448,3.0043210946730134,1.180106540510827e-08,0.013602774509596106,0.1796654574485156,0.7358392742222604,0.7386850986049059,0.756807547322079,0.9027950527105155,0.9039534846064406,0.9112912661841098,0.9501602115352056,0.9507690251090687,0.9546202608392889,1.0,0.0,0.0,0.0,0.0,0.0007619178781399782,-0.5742341797860391,0.5745911024178552,0.027148887067305828
65.60000000000001,0.5742135486962223,0.5745749636536587,0.5742188649833466,0.01303283791431075,2.9940895851526244,0.9404266171948711,0.9436343186820292,0.9643325287337726,0.1555480039618275,0.15896497461426673,0.15950207837313654,2.872874818268293,2.9940895851526244,3.0042497452412675,1.1804784931168241e-08,0.01360537354414477,0.1796873357380763,0.7357131822874461,0.738550697632587,0.7567228268861801,0.9027434757653856,0.9038986228291045,0.9112572557792964,0.9501330725087922,0.9507401725636115,0.9546024487740342,1.0,0.0,0.0,0.0,0.0,0.000751675266748561,-0.5742188649833466,0.5745749636536587,0.027150818241081395
65.8,0.5741984037766823,0.5745589005369047,0.5742037001672362,0.013033899198435995,2.9940173927502785,0.9402869528551105,0.9434849972601412,0.9642361942543138,0.15556354438240266,0.15899016552898387,0.1595257698137109,2.8727945026845236,2.9940173927502785,3.00417849011139,1.1845186891027027e-08,0.013607948451662919,0.1797089997610911,0.7355887809713754,0.7384180813922968,0.7566392861090921,0.9026925845787624,0.9038444828309674,0.9112237164538453,0.9501062935584798,0.950711698725078,0.954584883098823,1.0,0.0,0.0,0.0,0.0,0.0007415600685294621,-0.5742037001672362,0.5745589005369047,0.027152690734885746
66.0,0.5741834085488305,0.5745429151324939,0.5741886846594575,0.013034956458057526,2.993945391237246,0.9401491845532957,0.943337686253539,0.9641412122726541,0.15557886966207266,0.15901502534610573,0.15954914652324173,2.8727145756624695,2.993945391237246,3.004107346583973,1.1852847265697248e-08,0.013610499282628431,0.17973045048648928,0.7354660494598183,0.7382872282979515,0.7565569093947746,0.9026423708666729,0.9037910560653868,0.9111906420498243,0.9500798703555077,0.9506835991333545,0.9545675606020536,1.0,0.0,0.0,0.0,0.0,0.000731570881200197,-0.5741886846594575,0.5745429151324939,0.02715450599044406
66.2,0.5741685631914325,0.5745270094140665,0.5741738177619045,0.013036009544225539,2.99387359481332,0.9400132883058908,0.9431923605992609,0.9640475646005822,0.15559398260826166,0.15903955797400335,0.15957221229322485,2.8726350470703323,2.99387359481332,3.0040363312294778,1.1890622409741674e-08,0.013613026133561173,0.17975168891156504,0.7353449671596267,0.7381581169842565,0.7564756813393891,0.9025928264288213,0.9037383340682231,0.9111580264832471,0.950053798614266,0.9506558693707239,0.9545504781104339,1.0,0.0,0.0,0.0,0.0,0.0007217063145686514,-0.5741738177619045,0.5745270094140665,0.02715626539289006
66.4,0.5741538660827282,0.5745111852668278,0.5741590987581582,0.013037058278223001,2.993802017180749,0.939879240401369,0.9430489955111808,0.9639552332825548,0.15560888599484574,0.15906376728370378,0.1595949708772624,2.872555926334139,2.9938020171807493,3.00396546013731,1.1898473530913113e-08,0.013615529066328935,0.179772716059774,0.7352255136967425,0.7380307263052719,0.7563955867291735,0.9025439431479457,0.9036863084574395,0.9111258637433085,0.9500280740919765,0.9506285050616801,0.9545336324885912,1.0,0.0,0.0,0.0,0.0,0.0007119649905305142,-0.5741590987581582,0.5745111852668278,0.027157970319322034
66.60000000000001,0.5741393172969047,0.5744954444897745,0.5741445269136951,0.013038102523016282,2.9937306714866176,0.9397470173980045,0.9429075664775867,0.9638642005930003,0.1556235825624763,0.1590876571090642,0.15961742599122455,2.8724772224488726,2.9937306714866176,3.00389474871207,1.1934298594201562e-08,0.013618008184041653,0.17979353298043546,0.7351076689148386,0.7379050353329378,0.756316610538434,0.9024957129894277,0.9036349709326831,0.9110941478916652,0.9500026925885104,0.9506015018727313,0.9545170206387078,1.0,0.0,0.0,0.0,0.0,0.0007023455430131831,-0.5741445269136951,0.5744954444897745,0.02715962209439412
66.8,0.574124915260759,0.5744797887981566,0.5741301014772108,0.013039142114554474,2.9936595704050406,0.9396165961210976,0.9427680492587854,0.9637744490333677,0.1556380750189474,0.15911123124694546,0.15963958131351272,2.872398943990783,2.9936595704050406,3.003824211897928,1.194363845862236e-08,0.013620463558135183,0.1798141407468418,0.7349914128734438,0.7377810233556189,0.7562387379273118,0.902448128000687,0.903584313274868,0.9110628730616225,0.9499776499460907,0.9505748555122026,0.9545006395001051,1.0,0.0,0.0,0.0,0.0,0.0006928466179266235,-0.5741301014772108,0.5744797887981566,0.027161222034143315
67.0,0.5741106599213645,0.5744642198256072,0.5741158216808425,0.013040176926505354,2.993588726085637,0.9394879536608147,0.9426304198847026,0.963685961329517,0.15565236603951096,0.15913449345739256,0.15966144048522288,2.872321099128036,2.993588726085637,3.003753863994389,1.1977893379052616e-08,0.013622895297158622,0.17983454045593927,0.7348767258466014,0.737658669876619,0.7561619542398315,0.9024011803107935,0.903534327345744,0.9110320334574337,0.9499529420491073,0.950548561730034,0.9544844860488878,1.0,0.0,0.0,0.0,0.0,0.000683466873106553,-0.5741158216808425,0.5744642198256072,0.027162771405712983
67.2,0.5740965496657752,0.5744487391266214,0.5741016867414532,0.013041206806929245,2.9935181502297428,0.9393610673693997,0.9424946546525126,0.9635987204289633,0.15566645826721812,0.1591574474638149,0.15968300711042044,2.8722436956331068,2.9935181502297428,3.0036837188635923,1.1981999254834962e-08,0.01362530347953892,0.17985473322649526,0.7347635883209507,0.7375379546127129,0.7560862450018154,0.9023548621298373,0.9034850050874692,0.9110016233535427,0.9499285648238067,0.9505226163175747,0.9544685572975576,1.0,0.0,0.0,0.0,0.0,0.00067420497829071,-0.5741016867414532,0.5744487391266214,0.02716427146763368
67.4,0.5740825842369387,0.5744333481786508,0.5740876958608754,0.013042231637872837,2.9934478540434117,0.9392359148589716,0.9423607301242529,0.9635127094983227,0.1556803543132309,0.15918009695317337,0.15970428475632006,2.872166740893254,2.9934478540434117,3.0036137897611375,1.1995440268302615e-08,0.013627688216926837,0.17987472019874934,0.7346519809943217,0.7374188574926481,0.7560115959189702,0.9023091657485048,0.9034363385221653,0.910971637093894,0.949904514238089,0.9504970151073727,0.9544528502946614,1.0,0.0,0.0,0.0,0.0,0.0006650596150706567,-0.5740876958608754,0.5744333481786508,0.02716572343269595
67.60000000000001,0.5740687632128392,0.574418048384268,0.5740738482270762,0.013043251304024452,2.9933778482810594,0.9391124739989732,0.9422286231244558,0.9634279119206403,0.15569405675715553,0.15920244557617008,0.1597252769535292,2.87209024192134,2.9933778482810594,3.003544089450984,1.2046262478646862e-08,0.013630049620933962,0.17989450253274822,0.734541884774001,0.7373013586556486,0.7559379928748552,0.9022640835375199,0.903388319751469,0.910942069091192,0.9498807863012313,0.9504717539729598,0.9544373621244142,1.0,0.0,0.0,0.0,0.0,0.0006560294768406388,-0.5740738482270762,0.574418048384268,0.027167128489459822
67.8,0.5740550849409384,0.5744028410732128,0.5740601430145916,0.013044265670699587,2.993308143279501,0.9389907229136233,0.9420983107378037,0.9633443112926411,0.15570756814739062,0.15922449694743862,0.15974598719629557,2.872014205366064,2.9933081432795015,3.003474630277843,1.2079163717096375e-08,0.01363238777975635,0.1799140814077261,0.7344332807749914,0.7371854384499237,0.7558654219287826,0.9022196079470758,0.9033409409560871,0.9109129138261336,0.9498573770636097,0.9504468288286375,0.9544220899063056,1.0,0.0,0.0,0.0,0.0,0.000647113268731056,-0.5740601430145916,0.5744028410732128,0.02716848781510095
68.0,0.5740415481873992,0.5743877275046064,0.5740465793851643,0.013045274617467531,2.993238748936066,0.9388706399796373,0.9419697703067895,0.9632618914222393,0.1557208910014364,0.1592462546457374,0.1597664189427132,2.8719386375230322,2.993238748936066,3.003405424071769,1.2070671840380238e-08,0.0136347027939433,0.17993345802119373,0.7343261503184985,0.7370710774311703,0.7557938693139309,0.9021757315063588,0.9032941943953375,0.9108841658467214,0.9498342826164655,0.9504222356292569,0.9544070307947504,1.0,0.0,0.0,0.0,0.0,0.0006383097075850913,-0.5740465793851643,0.5743877275046064,0.027169802553405627
68.2,0.5740281533112305,0.574372708868982,0.5740331564885026,0.013046278062074642,2.9931696746961194,0.9387522038239096,0.9418429794293622,0.9631806363261642,0.15573402780618725,0.15926772221415128,0.15978657561493925,2.8718635443449094,2.9931696746961194,3.003336482102235,1.2105298054052511e-08,0.01363699480187979,0.17995263358785346,0.7342204749303651,0.7369582563610438,0.755723321435552,0.9021324468230467,0.9032480724066833,0.9108558197676153,0.94981149909166,0.9503979703699925,0.9543921819787577,1.0,0.0,0.0,0.0,0.0,0.0006296175219275002,-0.5740331564885026,0.574372708868982,0.027171073803180627
68.4,0.5740148984238604,0.5743577862901217,0.5740198734629074,0.01304727588154316,2.99310092964314,0.9386353933206808,0.9417179159566078,0.963100530227147,0.1557469810182978,0.1592889031602905,0.1598064605995026,2.871788931450608,2.99310092964314,3.0032678153273142,1.2112531841227413e-08,0.013639263895917486,0.17997160933870363,0.7341162363390402,0.7368469562056532,0.7556537648687941,0.9020897465826132,0.9032025674052643,0.9108278702693262,0.9497890226613257,0.9503740290861157,0.9543775406815177,1.0,0.0,0.0,0.0,0.0,0.0006210354518733918,-0.5740198734629074,0.5743577862901217,0.02717230266785258
68.60000000000001,0.5740017834547206,0.5743429608267959,0.574006729435819,0.01304826799539928,2.9930325224264434,0.9385201875896618,0.9415945579904278,0.9630215575515072,0.15575975306448656,0.15930980095649488,0.15982607724745365,2.8717148041339797,2.9930325224264434,3.003199434144025,1.2150363173423568e-08,0.013641510210913725,0.1799903865202586,0.7340134164743898,0.7367371581340372,0.7555851863568575,0.9020476235479745,0.9031576718834248,0.9108003120975429,0.9497668495376977,0.9503504078527663,0.9543631041600573,1.0,0.0,0.0,0.0,0.0,0.0006125622490622123,-0.574006729435819,0.5743429608267959,0.027173490202076052
68.8,0.5739888065938646,0.5743282334748246,0.5739937235245736,0.013049254292546046,2.9929644613449984,0.9384052309492591,0.9414728838812542,0.9629437029266291,0.15577234634185996,0.15933041904003598,0.15984565628248368,2.871641167374123,2.9929644613449984,3.003131348626499,1.2156255274548538e-08,0.013643733846481708,0.1800089663934663,0.7339108057244949,0.7366288435166589,0.7555175728090554,0.9020055822606207,0.9031133784102413,0.9107731400624176,0.9497447189287721,0.9503271027847204,0.9543488697048752,1.0,0.0,0.0,0.0,0.0,0.000604196676621982,-0.5739937235245736,0.5743282334748246,0.0271746374588244
69.0,0.5739759677756832,0.5743136051689315,0.5739808548366879,0.013050234702575889,2.992896754286542,0.9382904587900087,0.9413528722257416,0.9628669511787539,0.1557847632181872,0.15935076081332783,0.15986520868328502,2.8715680258446574,2.9928967542865426,3.0030635683195306,1.2189328153764867e-08,0.01364593494288071,0.18002735023330302,0.7338083464917206,0.7365219939238729,0.7554509112991377,0.901963599141617,0.9030696796310378,0.9107463490379573,0.9497226184250942,0.9503041100361563,0.9543348346396304,1.0,0.0,0.0,0.0,0.0,0.000595937509141109,-0.5739808548366879,0.5743136051689315,0.02717574544480712
69.2,0.5739632653177201,0.5742990767846314,0.5739681224709002,0.013051209126663367,2.9928294088068546,0.9381772643290303,0.9412345018644933,0.9627912873303779,0.15579700603224103,0.15937082964413532,0.15988449699564788,2.871495383923157,2.9928294088068546,3.002996102462605,1.2196699102733706e-08,0.01364811360752242,0.18004553932728534,0.7337072828266986,0.7364165911244034,0.7553851890632669,0.9019221840334164,0.9030265682669021,0.9107199339612717,0.9497008164263193,0.9502814258004156,0.9543209963207573,1.0,0.0,0.0,0.0,0.0,0.0005877835326085351,-0.5739681224709002,0.5742990767846314,0.02717681516481923
69.4,0.5739506991072892,0.5742846491396669,0.5739555255171508,0.013052177502830031,2.992762432074431,0.9380656272789833,0.9411177518797739,0.9627166965978773,0.15580907709410421,0.159390628865789,0.15990352448484885,2.8714232456983346,2.992762432074431,3.0029289597991706,1.223520454742671e-08,0.013650269984449091,0.18006353497549876,0.7336075971459026,0.7363126170838059,0.7553203934981845,0.901881329886129,0.9029840371141913,0.9106938898318983,0.9496793092416345,0.9502590463097627,0.9543073521371189,1.0,0.0,0.0,0.0,0.0,0.0005797335443241819,-0.5739555255171508,0.5742846491396669,0.027177847580839444
69.60000000000001,0.5739382676138065,0.5742703229958097,0.5739430630575559,0.013053139744492471,2.9926958309416425,0.9379555275884853,0.941002601593264,0.9626431643890452,0.15582097868549202,0.15941016177739725,0.15992229438175493,2.8713516149790483,2.9926958309416425,3.0028621487761455,1.226350388094373e-08,0.013652404188963883,0.18008133848920585,0.7335092720602998,0.7362100539629489,0.755256512159297,0.9018410297249039,0.9029420790440444,0.910668211711091,0.9496580932191203,0.950236967835143,0.954293899509643,1.0,0.0,0.0,0.0,0.0,0.0005717863528444667,-0.5739430630575559,0.5742703229958097,0.027178843651400095
69.8,0.5739259694609408,0.574256099060681,0.5739307341669656,0.013054095772569092,2.9926296119221245,0.937846945439901,0.940889030563816,0.9625706763008737,0.1558327130600372,0.15942943164406154,0.15994080988304746,2.8712804953034046,2.9926296119221245,3.0027956774490914,1.2252861081013503e-08,0.013654516341824446,0.18009895119004918,0.7334122903738111,0.7361088841164862,0.755193532758967,0.9018012766494196,0.9029006870018875,0.9106428947211916,0.9496371647454984,0.9502151866859424,0.9542806358909995,1.0,0.0,0.0,0.0,0.0,0.0005639407779582245,-0.5739307341669656,0.574256099060681,0.02717980431010861
70.0,0.5739138045232306,0.5742419779892586,0.5739185379129903,0.01305504553787879,2.992563781177615,0.9377398612471536,0.9407770185852046,0.962499218117306,0.1558442824435817,0.15944844169709665,0.15995907415144586,2.8712098899462926,2.992563781177615,3.002729553432382,1.2260868888560745e-08,0.013656606593125628,0.18011637441001377,0.7333166350817827,0.7360090900913169,0.7551314431647704,0.9017620638333753,0.9028598540069283,0.9106179340449861,0.9496165202458784,0.9501936992097347,0.9542675587652709,1.0,0.0,0.0,0.0,0.0,0.0005561956506167365,-0.5739185379129903,0.5742419779892586,0.027180730453791845
70.2,0.5739017722140556,0.5742279603852901,0.5739064733566951,0.013055988985890775,2.9924983445622395,0.9376342556533344,0.9406665456838957,0.962428775806855,0.15585568903449198,0.15946719513425175,0.15997709031596916,2.8711398019264505,2.9924983445622395,3.0026637840222214,1.2311023481852553e-08,0.013658675084803604,0.18013360949043555,0.7332222893692604,0.7359106546250447,0.755070231397636,0.9017233845238994,0.9028195731516535,0.9105933249250105,0.9495961561834619,0.9501725017920349,0.9542546656475955,1.0,0.0,0.0,0.0,0.0,0.0005485498128503657,-0.5739064733566951,0.5742279603852901,0.02718162296645934
70.4,0.573889870296904,0.5742140468029343,0.5738945395535365,0.013056926032169182,2.9924333076558836,0.9375301095283851,0.9405575921168535,0.9623593355201704,0.15586693500398438,0.15948569511992772,0.15999486147218883,2.8710702340146717,2.9924333076558836,3.0025983762650594,1.2315884529917078e-08,0.013660721924502614,0.18015065778066208,0.7331292366093247,0.7358135606444677,0.7550098856299339,0.9016852320409797,0.9027798376013293,0.9105690626628372,0.9495760690592573,0.9501515908560518,0.9542419540838007,1.0,0.0,0.0,0.0,0.0,0.0005410021177049834,-0.5738945395535365,0.5742140468029343,0.027182482731746806
70.60000000000001,0.5738780988414611,0.5742002377481817,0.5738827355529426,0.013057856643486765,2.992368675691722,0.9374274039673048,0.9404501383693319,0.9622908835880396,0.15587802249638225,0.15950394478540222,0.1600123906823953,2.8710011887409084,2.992368675691722,3.002533336723196,1.2348835680362144e-08,0.01366274727199034,0.18016752063865338,0.7330374603618837,0.7357177912640364,0.7549503941839312,0.9016475997770788,0.9027406405934907,0.9105451426185044,0.9495562554118911,0.9501309628624341,0.954229421650111,1.0,0.0,0.0,0.0,0.0,0.0005335514291904125,-0.5738827355529426,0.5742002377481817,0.02718331058300614
70.8,0.5738664560269086,0.5741865336807276,0.5738710603997904,0.013058780751506516,2.9923044536509207,0.9373261202872991,0.9403441651526951,0.9622234065191827,0.15588895362940813,0.15952194722905172,0.1600296809759485,2.870932668403638,2.9923044536509207,3.002468671755003,1.2350198665887935e-08,0.013664751247247793,0.18018419942887076,0.7329469443715082,0.7356233297843322,0.7548917455300688,0.9016104811963546,0.9027019754374346,0.9105215602098757,0.9495367118172121,0.9501106143090196,0.9542170659528184,1.0,0.0,0.0,0.0,0.0,0.000526196622272837,-0.5738710603997904,0.5741865336807276,0.027184107359282113
71.0,0.5738549417934482,0.5741729350150219,0.5738595131339599,0.013059698327681456,2.9922406461959357,0.937226240025972,0.9402396534022212,0.9621568909980589,0.15589973049447567,0.15953970551658117,0.16004673534945335,2.8708646750751092,2.9922406461959357,3.00240438729121,1.2383827224505841e-08,0.013666734010284549,0.18020069552291437,0.7328576725661932,0.7355301596905207,0.7548339282852417,0.9015738698342575,0.9026638355136994,0.9104983109119977,0.9495174348880923,0.9500905417305753,0.9542048846279529,1.0,0.0,0.0,0.0,0.0,0.0005189365827649728,-0.5738595131339599,0.5741729350150219,0.027184873857994174
71.2,0.5738435542992086,0.5741594421216903,0.5738480927913586,0.013060609310372758,2.9921772577513983,0.937127744938871,0.9401365842749523,0.9620913238824493,0.15591035515701976,0.159557222681248,0.16006355676704942,2.8707972106084516,2.9921772577513983,3.0023404890662393,1.2389534248722797e-08,0.01366869568351851,0.18021701029805903,0.7327696290555291,0.7354382646508324,0.7547769312108765,0.9015377592968837,0.9026262142735568,0.9104753902563749,0.9494984212741004,0.9500707416985442,0.9541928753409085,1.0,0.0,0.0,0.0,0.0,0.0005117702072448965,-0.5738480927913586,0.5741594421216903,0.027185610881276127
71.4,0.5738322934175855,0.5741460553287456,0.5738367984037337,0.013061513676582887,2.9921142924402133,0.9370306169977296,0.9400349391475348,0.9620266922015159,0.1559208296567508,0.15957450172409193,0.160080148160584,2.870730276643728,2.9921142924402138,3.0022769824053905,1.2427347279890494e-08,0.013670636428235447,0.1802331451375232,0.7326827981294886,0.7353476285150308,0.7547207432114228,0.9015021432605788,0.9025891052384905,0.9104527938304096,0.9494796676613058,0.9500512108207865,0.954181035786156,1.0,0.0,0.0,0.0,0.0,0.0005046964029911671,-0.5738367984037337,0.5741460553287456,0.02718631919074361
71.60000000000001,0.5738211575407625,0.5741327749231843,0.5738256289996464,0.013062411376170069,2.992051754156981,0.9369348383878663,0.9399346996140969,0.9619629831536847,0.15593115600793941,0.15959154561416153,0.16009651242993267,2.870663874615921,2.992051754156981,3.0022138724373844,1.2453662050799732e-08,0.013672556374509431,0.1802491014290765,0.7325971642564513,0.7352582353128991,0.754665353332682,0.9014670154712244,0.9025525019996846,0.9104305172767769,0.9494611707719159,0.9500319457413219,0.9541693636869216,1.0,0.0,0.0,0.0,0.0,0.0004977140879536823,-0.5738256289996464,0.5741327749231843,0.0271869995497691
71.8,0.5738101452606561,0.5741196011523668,0.5738145836048096,0.01306330236625932,2.9919896465410316,0.9368403915061253,0.939835847484122,0.9619001841045803,0.15594133619969408,0.15960835728874417,0.16011265244323025,2.870598005761834,2.9919896465410316,3.0021511639899305,1.244022903402866e-08,0.013674455657896982,0.18026488056455756,0.7325127120817028,0.7351700692527172,0.7546107507601822,0.9014323697437207,0.9025163982175025,0.9104085562928149,0.949442927364016,0.9500129431400696,0.9541578567948727,1.0,0.0,0.0,0.0,0.0,0.0004908221907024141,-0.5738145836048096,0.5741196011523668,0.02718765270047331
72.0,0.5737992564409656,0.5741065342250646,0.5738036612419656,0.013064186633194275,2.9919279729617227,0.93674725895891,0.9397383647803212,0.9618382825849487,0.15595137219624247,0.15962493965359995,0.16012857103708875,2.870532671125323,2.9919279729617227,3.002088861538574,1.2447021267189339e-08,0.013676334442871623,0.18028048394004914,0.7324294264260055,0.7350831147197272,0.7545569248175321,0.9013981999614921,0.9024807876209616,0.9103869066299061,0.9494249342313213,0.9499941997325869,0.9541465128898003,1.0,0.0,0.0,0.0,0.0,0.00048401965033409433,-0.5738036612419656,0.5741065342250646,0.02718827935207182
72.2,0.5737884904407481,0.5740935743125366,0.5737928609314594,0.013065064155955581,2.991866736562114,0.9366554235599364,0.9396422337365307,0.9617772662885445,0.15596126593721985,0.15964129558319368,0.16014427101686615,2.870467871562683,2.991866736562114,3.0020269693319968,1.249651798263368e-08,0.013678192883855802,0.18029591295505787,0.7323472922839195,0.7349973562746135,0.7545038649647443,0.9013645000758914,0.9024456640072096,0.9103655640928455,0.9494071882028751,0.9499757122698035,0.9541353297792923,1.0,0.0,0.0,0.0,0.0,0.00047730541638417445,-0.5737928609314594,0.5740935743125366,0.027188880205658177
72.4,0.573777844963867,0.574080721549891,0.5737821816920533,0.013065934882390046,2.9918059402896664,0.9365648683280101,0.9395474367956481,0.9617171230700016,0.1559710193379616,0.1596574279209238,0.16015975515693376,2.870403607749455,2.9918059402896664,3.0019654914561307,1.249875098668363e-08,0.013680031099888858,0.18031116901135233,0.7322662948221268,0.7349127786520081,0.7544515607965357,0.9013312641056012,0.9024110212410082,0.9103445245391988,0.9493896861427448,0.949957477537764,0.9541243052984034,1.0,0.0,0.0,0.0,0.0,0.00047067844877167475,-0.5737821816920533,0.574080721549891,0.02718945596604635
72.60000000000001,0.5737673200924513,0.5740679760371964,0.5737716225404254,0.013066798812018252,2.991745586820214,0.9364755764853752,0.9394539566075492,0.9616578409430863,0.15598063428973533,0.15967333947935733,0.16017502620084884,2.870339880185982,2.991745586820214,3.0019044315919747,1.2530323947633986e-08,0.013681849262954203,0.18032625351367798,0.7321864193782653,0.7348293667589709,0.7544000020409617,0.9012984861362434,0.9023768532542069,0.9103237838787922,0.9493724249498285,0.9499394923573634,0.9541134373093928,1.0,0.0,0.0,0.0,0.0,0.000464137717745311,-0.5737716225404254,0.5740679760371964,0.027190007290571864
72.8,0.5737569139594407,0.5740553378409915,0.5737611824924594,0.013067655906975253,2.991685678653588,0.9363875314550036,0.939361776027038,0.9615994080786906,0.15599011266001636,0.15968903304046198,0.1601900868617108,2.8702766892049576,2.991685678653588,3.0018437933033226,1.2529676655854094e-08,0.013683647503029122,0.180341167867915,0.732107651458802,0.7347471056734883,0.7543491785578149,0.9012661603195915,0.9023431540452203,0.9103033380731083,0.9493554015574505,0.9499217535840825,0.9541027237014127,1.0,0.0,0.0,0.0,0.0,0.00045768220386324665,-0.5737611824924594,0.5740553378409915,0.027190534846995445
73.0,0.5737466264989578,0.5740428069950142,0.5737508605627251,0.013068506169039368,2.9916262180430118,0.9363007168589593,0.9392708781117777,0.9615418128028642,0.1559994562927583,0.15970451135584415,0.16020493982233638,2.8702140349750707,2.9916262180430118,3.0017835798036923,1.256204628474914e-08,0.013685425990265992,0.18035591348182137,0.7320299767378686,0.7346659806429527,0.7542990803370564,0.9012342808731763,0.9023099176784951,0.9102831831346928,0.9493386129331649,0.9499042581077208,0.9540921623902021,1.0,0.0,0.0,0.0,0.0,0.00045131089787714407,-0.5737508605627251,0.5740428069950142,0.027191039264581805
73.2,0.5737364558376827,0.574030383501317,0.5737406557653711,0.013069349565358709,2.991567207075637,0.9362151165160697,0.939181246120274,0.9614850435946463,0.1560086670086973,0.15971977714698127,0.16021958773555578,2.870151917506585,2.991567207075637,3.0017237941907062,1.256594502527512e-08,0.013687184855790901,0.18037049176375544,0.7319533810554607,0.7345859770826741,0.7542496974970678,0.9012028420796292,0.9022771382839899,0.9102633151264886,0.9493220560784201,0.9498870028521336,0.9540817513177432,1.0,0.0,0.0,0.0,0.0,0.0004450228006466356,-0.5737406557653711,0.574030383501317,0.027191521181385094
73.4,0.5737264017476754,0.574018067331208,0.5737305671138709,0.013070186099358316,2.991508647607774,0.9361307144402978,0.9390928635098476,0.9614290890843699,0.15601774660558124,0.15973483310545789,0.16023403322439145,2.8700903366560397,2.991508647607774,3.0016644392329934,1.2595658851293535e-08,0.01368892426736971,0.18038490412304148,0.7318778504162616,0.7345070805743802,0.7542010202833134,0.9011718382862776,0.9022448100566464,0.9102437301613338,0.9493057280283568,0.9498699847749639,0.9540714884520027,1.0,0.0,0.0,0.0,0.0,0.0004388169230782335,-0.5737305671138709,0.574018067331208,0.0271919811992371
73.60000000000001,0.5737164624125447,0.5740058584265855,0.5737205936218972,0.013071015744145143,2.991450541337462,0.9360474948382619,0.9390057139346435,0.9613739380517579,0.15602669685843346,0.15974968189319888,0.1602482788823854,2.8700292921329273,2.991450541337462,3.0016055175832475,1.2593790981334227e-08,0.013690644358378702,0.18039915196871828,0.7318033709876969,0.7344292768647361,0.7541530390668134,0.9011412639044255,0.9022129272558677,0.9102244244013822,0.9492896258514381,0.9498532008673805,0.9540613717866332,1.0,0.0,0.0,0.0,0.0,0.00043269228609196797,-0.5737205936218972,0.5740058584265855,0.02719241992639949
73.8,0.5737066374237499,0.5739937567008144,0.573710734303116,0.01307183850404729,2.9913928897487385,0.9359654421075169,0.938919781243626,0.9613195794241435,0.15603551951979805,0.15976432614270727,0.1602623272737981,2.869968783504072,2.9913928897487385,3.001547031594131,1.2601887138761405e-08,0.013692345293492367,0.18041323670983417,0.7317299290986607,0.7343525518638498,0.7541057443427233,0.9011111134089056,0.9021814842049876,0.9102053940575672,0.9492737466492245,0.949836648153808,0.9540513993406958,1.0,0.0,0.0,0.0,0.0,0.0004266479205464885,-0.573710734303116,0.5739937567008144,0.02719283793861218
74.0,0.5736969262031705,0.5739817620396144,0.5737009881717641,0.013072654382108752,2.9913356941498255,0.9358845408344845,0.9388350494785936,0.9612660022745478,0.1560442163200092,0.1597787684573008,0.16027618093387033,2.869908810198072,2.9913356941498255,3.001488983430825,1.2648335875144883e-08,0.013694027234025949,0.1804271597546228,0.7316575112379237,0.7342768916437815,0.7540591267287862,0.9010813813375006,0.9021504752907418,0.9101866353890111,0.9492580875560783,0.9498203236916596,0.9540415691583563,1.0,0.0,0.0,0.0,0.0,0.0004206828671527163,-0.5737009881717641,0.5739817620396144,0.027193235801435633
74.2,0.5736873269376049,0.5739698743019823,0.5736913542428166,0.01307346335809609,2.991278955700672,0.93580477579238,0.9387515028722287,0.9612131958197191,0.15605278896746788,0.1597930114113461,0.16028984236908764,2.8698493715099116,2.9912789557006723,3.001431375136147,1.2675626395359388e-08,0.01369569031447765,0.18044092251026198,0.7315861040525303,0.7342022824370851,0.7540131769637501,0.9010520622903571,0.9021198949627481,0.9101681447024222,0.9492426457388645,0.9498042245710725,0.9540318793085718,1.0,0.0,0.0,0.0,0.0,0.0004147961763889957,-0.5736913542428166,0.5739698743019823,0.027193614082755366
74.4,0.5736778382778943,0.57395809332131,0.5736818315321923,0.013074265423348552,2.9912226753835105,0.935726131939374,0.9386691258461519,0.9611611494184635,0.1560612391488725,0.15980705755049324,0.16030331405740686,2.86979046660655,2.9912226753835105,3.001374208523824,1.2661044389262075e-08,0.013697334679744945,0.18045452638258236,0.7315156943463998,0.7341287106353387,0.7539678859060316,0.9010231509294819,0.9020897377329804,0.9101499183515879,0.9492274183966944,0.9497883479146438,0.9540223278848307,1.0,0.0,0.0,0.0,0.0,0.0004089869084667047,-0.5736818315321923,0.57395809332131,0.02719397332957002
74.60000000000001,0.5736684604784019,0.573946418906297,0.5736724190569693,0.013075060604154774,2.99116685398474,0.9356485944167142,0.9385879030089662,0.9611098525700704,0.15606956852943524,0.15982090939191546,0.16031659844849164,2.8697320945314853,2.99116685398474,3.0013174851281383,1.2691195841628005e-08,0.013698960510111725,0.1804679727757581,0.7314462690788863,0.7340561627876632,0.7539232445324581,0.9009946419782199,0.9020599981752384,0.9101319527368997,0.9492124027606602,0.9497726908771573,0.9540129130049071,1.0,0.0,0.0,0.0,0.0,0.00040325413328086424,-0.5736724190569693,0.573946418906297,0.02719431405664164
74.8,0.5736591915316204,0.5739348508417397,0.5736631158358048,0.013075848882174352,2.991111492179621,0.9355721485463476,0.9385078191543391,0.961059294912239,0.1560777787531804,0.15983456942454363,0.16032969796403584,2.8696742542086984,2.9911114921796216,3.0012612064498834,1.2693403717708831e-08,0.013700567936309525,0.18048126309170745,0.7313778153628826,0.733984625599271,0.7538792439365793,0.9009665302205426,0.902030670924624,0.910114244304704,0.9491975960934685,0.9497572506453205,0.9540036328105247,1.0,0.0,0.0,0.0,0.0,0.00039759693030183563,-0.5736631158358048,0.5739348508417397,0.027194636796511566
75.0,0.5736500312642121,0.5739233888891476,0.5736539208888656,0.013076630278644946,2.9910565904530984,0.9354967798296207,0.9384288592590859,0.9610094662194199,0.15608587144317645,0.15984804010930362,0.16034261499790417,2.8696169444457382,2.9910565904530984,3.001205373695334,1.2725795383841053e-08,0.013702157129447758,0.18049439873019205,0.7313103204638876,0.7339140859300024,0.7538358753273329,0.9009388105007313,0.902001750677015,0.9100967895467945,0.9491829956892821,0.9497420244374953,0.9539944854670942,1.0,0.0,0.0,0.0,0.0,0.0003920143884854066,-0.5736539208888656,0.5739233888891476,0.027194942044916445
75.2,0.5736409778142715,0.5739120327878221,0.5736448332383655,0.013077404781820666,2.991002149177255,0.9354224739449788,0.9383510084812925,0.9609603564010616,0.15609384820178446,0.1598613238793489,0.1603553519164464,2.8695601639391106,2.991002149177255,3.0011499880084154,1.2726847974263468e-08,0.013703728223551686,0.18050738108804934,0.7312437717981665,0.7338445307928981,0.7537931300276187,0.900911477722685,0.9019732321885484,0.9100795849998663,0.9491685988733641,0.9497270095034354,0.9539854691634319,1.0,0.0,0.0,0.0,0.0,0.0003865056062263561,-0.5736448332383655,0.5739120327878221,0.027195230307656314
75.4,0.5736320310129369,0.5739007822557024,0.573635851908432,0.013078172416484615,2.99094816854658,0.935349216746326,0.9382742521584226,0.9609119555001681,0.15610171061085706,0.15987442314029793,0.16036791105870052,2.8695039112785117,2.99094816854658,3.0010950502622222,1.2754146931240153e-08,0.013705281389816448,0.1805202115593828,0.7311781569315048,0.7337759473527456,0.7537509994731519,0.9008845268494718,0.9019451102750935,0.9100626272450829,0.9491544030018495,0.9497122031240183,0.953976582111535,1.0,0.0,0.0,0.0,0.0,0.00038106969131772306,-0.573635851908432,0.5739007822557024,0.027195502056633517
75.60000000000001,0.5736231890778949,0.5738896369902723,0.5736269759257819,0.01307893317583622,2.9908946486506927,0.9352757446902136,0.9381985758054531,0.9608642536914277,0.15610946023200803,0.1598873402704686,0.16038050901200662,2.869448184951361,2.9908946486506927,3.0010405612751874,1.27510951959982e-08,0.013706816763883859,0.18053289153459723,0.7311123442275449,0.733708322924649,0.7537094752109341,0.9008574930959701,0.9019173798117321,0.9100459129074874,0.9491401632613592,0.9496976026109792,0.9539678225462781,1.0,0.0,0.0,0.0,0.0,0.00037570576087807284,-0.5736269759257819,0.5738896369902723,0.027195757773590765
75.8,0.5736144516057914,0.5738785966690712,0.5736182043193953,0.013079687083030336,2.9908415894173355,0.9352029140884155,0.9381239651130105,0.9608172412795557,0.15611709860684791,0.15990007762111502,0.16039299893137285,2.8693929833453558,2.9908415894173355,3.000986521623749,1.2758490257412743e-08,0.01370833451159479,0.18054542240086388,0.7310471007753027,0.7336416449725915,0.7536685488979054,0.9008306915712502,0.9018900357322343,0.9100294386554866,0.9491260456339795,0.9496832053066445,0.9539591887251451,1.0,0.0,0.0,0.0,0.0,0.00037041294124853796,-0.5736182043193953,0.5738785966690712,0.027195997910867898
76.0,0.5736058180015369,0.5738676609504254,0.5736095361210001,0.013080434158795461,2.990788990649173,0.9351311124158707,0.9380504059455286,0.9607709086976821,0.15612462725721357,0.1599126375166623,0.1604053143013085,2.869338304752127,2.9907889906491736,3.0009329317531916,1.280242784350053e-08,0.013709834794424067,0.18055780554142845,0.7309827738663207,0.7335759011080123,0.753628212299637,0.9008042649942382,0.9018630730285383,0.9100132012003505,0.9491121253036159,0.9496690085836663,0.9539506789279704,1.0,0.0,0.0,0.0,0.0,0.0003651903679249141,-0.5736095361210001,0.5738676609504254,0.027196222913553354
76.2,0.5735972865035035,0.573856829474272,0.5736009703652499,0.013081174401298057,2.990736852048243,0.9350603259522438,0.9379778843394361,0.9607252465056725,0.15613204768540903,0.15992502225493813,0.1604174573947873,2.8692841473713595,2.990736852048243,3.0008797920368093,1.2827112815451035e-08,0.013711317747982458,0.18057004233535726,0.7309193514285853,0.7335110790884044,0.7535884572889635,0.9007782084711635,0.9018364867502384,0.9099971972956861,0.9490983997010765,0.9496550098447597,0.9539422914566673,1.0,0.0,0.0,0.0,0.0,0.0003600371854913381,-0.5736009703652499,0.573856829474272,0.02719643323085963
76.4,0.5735888558258152,0.5738461018630406,0.5735925060898523,0.013081907819871851,2.990685173186422,0.9349905411456875,0.9379063865013494,0.9606802453886247,0.156139361374419,0.15993723410740632,0.16042943045840657,2.869230509315203,2.990685173186422,3.0008271026714275,1.2812165497306936e-08,0.013712783518070707,0.18058213415735377,0.7308568215340814,0.733447166815911,0.7535492758447634,0.9007525171653653,0.9018102720040686,0.9099814237369719,0.9490848662869835,0.9496412065224397,0.9539340246349861,1.0,0.0,0.0,0.0,0.0,0.0003549525475812082,-0.5735925060898523,0.5738461018630406,0.027196629293619764
76.60000000000001,0.5735805261921655,0.573835477722285,0.5735841423356496,0.013082634456260305,2.990633953488256,0.9349217446111303,0.9378358988062507,0.9606358961554249,0.15614656978811348,0.1599492753194033,0.16044123571261115,2.8691773886114254,2.990633953488256,3.000774863631226,1.2840697159254986e-08,0.013714232283406453,0.18059408237764338,0.730795172397454,0.7333841523359036,0.7535106600507883,0.9007271862967973,0.901784423953379,0.9099658773611093,0.9490715225515202,0.9496275960787541,0.9539258768082827,1.0,0.0,0.0,0.0,0.0,0.0003499356168111395,-0.5735841423356496,0.573835477722285,0.027196811504092124
76.80000000000001,0.5735722956554474,0.5738249566412682,0.5735758781469802,0.013083354308798065,2.990583192310742,0.9348539231280845,0.937766407795713,0.9605921897368827,0.15615367437152153,0.1599611481103695,0.16045287535200137,2.869124783206341,2.990583192310742,3.0007230749016855,1.284204831415696e-08,0.01371566417462161,0.18060588836145686,0.7307343923742281,0.7333220238355967,0.7534726020941246,0.9007022111413516,0.9017589378176274,0.9099505550458272,0.9490583660140818,0.9496141760050207,0.9539178463432091,1.0,0.0,0.0,0.0,0.0,0.00034498556467384145,-0.5735758781469802,0.5738249566412682,0.027196980283704562
77.0,0.5735641640387703,0.5738145381934188,0.5735677125715487,0.013084067413508885,2.990532888866128,0.934787063639507,0.9376979001761216,0.9605491171843008,0.1561606765510352,0.15997285467408268,0.160464351545462,2.869072690967094,2.990532888866128,3.000671736226594,1.2872162557038305e-08,0.013717079360951005,0.18061755346921612,0.7306744699599788,0.7332607696426561,0.7534350942640325,0.900677587030572,0.9017338088718612,0.9099354537092363,0.9490453942231307,0.9496009438215653,0.9539099316274835,1.0,0.0,0.0,0.0,0.0,0.0003401015714540184,-0.5735677125715487,0.5738145381934188,0.027197136020296706
77.2,0.5735561295561835,0.5738042219372179,0.5735596446608991,0.013084773774454788,2.9904830422953586,0.9347211532495524,0.9376303628169365,0.9605066696679323,0.15616757773463272,0.1599843971788861,0.16047566643648312,2.8690211096860896,2.9904830422953586,3.000620847330535,1.2872333338197518e-08,0.01371847797580813,0.18062907905585818,0.7306153937884947,0.7332003782238358,0.7533981289506816,0.9006533093509499,0.9017090324462167,0.9099205703093426,0.9490326047558336,0.9495878970774619,0.9539021310696374,1.0,0.0,0.0,0.0,0.0,0.0003352828261860563,-0.5735596446608991,0.5738042219372179,0.027197279113185417
77.4,0.5735481921262253,0.5737940074168253,0.5735516734701962,0.013085473431921072,2.9904336516035817,0.93465617922211,0.9375637827489347,0.9604648384756961,0.1561743793120602,0.1599957777679224,0.16048682214334803,2.8689700370841265,2.9904336516035817,3.0005704077133184,1.2904079987613357e-08,0.01371986018968575,0.18064046647114818,0.7305571526306427,0.7331408381835928,0.7533616986441133,0.9006293735435101,0.9016846039254025,0.9099059018436505,0.949019995217849,0.9495750333502702,0.9538944430988108,1.0,0.0,0.0,0.0,0.0,0.00033052852660510335,-0.5735516734701962,0.5737940074168253,0.027197409930033004
77.60000000000001,0.5735403502378555,0.5737838941627484,0.5735437980587906,0.013086166397820582,2.990384715728311,0.9345921289786879,0.9374981471624864,0.9604236150115053,0.15618108265507724,0.16000699855936235,0.16049782075943478,2.868919470813742,2.990384715728311,3.0005204168553115,1.292696868507063e-08,0.013721226141126055,0.18065171705887037,0.7304997353926417,0.7330821382627287,0.7533257959328576,0.9006057751031503,0.9016605187481959,0.9098914453486269,0.9490075632429857,0.9495623502457754,0.9538868661644737,1.0,0.0,0.0,0.0,0.0,0.00032583787906874384,-0.5735437980587906,0.5737838941627484,0.027197528848590984
77.80000000000001,0.5735326024979255,0.5737738816923715,0.5735360174902089,0.013086852687513596,2.9903362335111074,0.9345289900969436,0.9374334434058418,0.9603829907937371,0.15618768911768005,0.1600180616466341,0.16050866435340835,2.868869408461858,2.9903362335111074,3.000470874114593,1.2910088887087978e-08,0.013722575970753046,0.18066283215684445,0.730443131114914,0.7330242673370354,0.7532904135026787,0.9005825095782177,0.9016367724069368,0.909877197899216,0.948995306492987,0.9495498453977301,0.953879398736175,1.0,0.0,0.0,0.0,0.0,0.00032121009847602133,-0.5735360174902089,0.5737738816923715,0.027197636234898643
78.0,0.573524948765321,0.5737639695104412,0.5735283308319397,0.01308753234313683,2.9902882036776504,0.934466750309121,0.9373696589834181,0.9603429574538856,0.15619420003629567,0.1600289690986538,0.16051935496943054,2.868819847552206,2.9902882036776504,3.000421778666694,1.291026312029539e-08,0.01372390984623779,0.1806738130972289,0.7303873289708468,0.7329672144159365,0.7532555441354715,0.9005595725700469,0.9016133604470227,0.909863156608415,0.9489832226572924,0.9495375164675939,0.9538720393033221,1.0,0.0,0.0,0.0,0.0,0.00031664440819439976,-0.5735283308319397,0.5737639695104412,0.027197732430327526
78.2,0.5735173885096846,0.5737541571095733,0.573520737155773,0.013088205399759974,2.9902406248749025,0.9344053975001548,0.9373067815541084,0.9603035067351485,0.15620061672998758,0.16003972296005453,0.16052989462742817,2.868770785547867,2.9902406248749025,3.0003731296194798,1.2953640703381085e-08,0.013725227926133005,0.1806846612060385,0.7303323182652506,0.732910968641145,0.753221180708102,0.9005369597323726,0.9015902784664039,0.9098493186268259,0.9489713094527348,0.9495253611442732,0.9538647863749486,1.0,0.0,0.0,0.0,0.0,0.0003121400399873214,-0.573520737155773,0.5737541571095733,0.02719781777480002
78.4,0.5735099195713057,0.573744443970896,0.5735132355382612,0.013088871859773477,2.990193495699954,0.9343449197058835,0.9372447989296281,0.9602646304908505,0.1562069405006886,0.16005032525140908,0.16054028532334455,2.8687222198544795,2.990193495699954,3.0003249260797213,1.2953670508132245e-08,0.013726530332497065,0.180695377802484,0.7302780884329093,0.732855519285345,0.7531873161911041,0.9005146667707787,0.9015675221150926,0.9098356811421501,0.9489595646232558,0.9495133771438703,0.9538576384794522,1.0,0.0,0.0,0.0,0.0,0.00030769623394476253,-0.5735132355382612,0.573744443970896,0.027197892619883316
78.60000000000001,0.5735025419805757,0.5737348295645108,0.5735058250601583,0.013089531771541959,2.990146814624545,0.9342853051118802,0.9371836990728429,0.9602263206832221,0.15621317263337636,0.16006077796945908,0.1605505290292857,2.868674147822554,2.9901468146245453,3.000277166916609,1.297957098440391e-08,0.0137278172350254,0.18070596419977378,0.7302246290376869,0.7328008557508622,0.7531539436476784,0.9004926894423747,0.901545087094661,0.909822241378802,0.9489479859397413,0.9495015622094255,0.953850594164394,1.0,0.0,0.0,0.0,0.0,0.0003033122384179521,-0.5735058250601583,0.5737348295645108,0.02719795727943802
78.80000000000001,0.5734952539580338,0.573725313350337,0.5734985048072802,0.013090185146927766,2.9901005800805778,0.9342265420511181,0.9371234700961348,0.9601885693819929,0.15621931439628015,0.1600710830873379,0.16056062769386875,2.868626566751685,2.9901005800805778,3.000229851028004,1.2969430466639566e-08,0.013729088762861977,0.1807164217038855,0.7301719297705772,0.7327469675683533,0.7531210562325371,0.9004710235550365,0.9015229691577517,0.9098089965974628,0.9489365711996268,0.9494899141106627,0.9538436519962673,1.0,0.0,0.0,0.0,0.0,0.00029898730999293466,-0.5734985048072802,0.573725313350337,0.027198012083772607
79.0,0.5734880553253117,0.5737158947783457,0.5734912738699693,0.013090832031553474,2.9900547903928314,0.9341686190027776,0.9370641002597468,0.9601513687630528,0.15622536704107656,0.16008124255479894,0.160570583242375,2.8685794738917285,2.9900547903928314,3.000182977122127,1.2975628506508681e-08,0.013730345079767238,0.18072675161432952,0.7301199804487799,0.7326938443954815,0.7530886471907952,0.9004496649670688,0.9015011641075756,0.9097959440946508,0.9489253182267253,0.9494784306437336,0.9538368105602746,1.0,0.0,0.0,0.0,0.0,0.0002947207133898039,-0.5734912738699693,0.5737158947783457,0.027198057334282332
79.2,0.5734809454345302,0.5737065732889014,0.5734841313435073,0.013091472462109672,2.990009443824553,0.934111524590556,0.9370055779701667,0.9601147111069755,0.15623133180310894,0.16009125829843865,0.16058039757699025,2.868532866444507,2.990009443824553,3.0001365438582206,1.3015917227541297e-08,0.013731586338475505,0.18073695522356087,0.7300687710143209,0.7326414760156176,0.7530567098567504,0.9004286095866781,0.9014796677974237,0.9097830812022462,0.9489142248709546,0.9494671096309638,0.9538300684600806,1.0,0.0,0.0,0.0,0.0,0.00029051172136683456,-0.5734841313435073,0.5737065732889014,0.0271980933321675
79.4,0.5734739223515811,0.5736973483133099,0.5734770763282274,0.013092106449472007,2.98996453859719,0.9340552475809772,0.9369478917785391,0.9600785887976,0.15623720990159734,0.16010113222191621,0.1605900725770462,2.8684867415665494,2.98996453859719,3.000090549891487,1.3017500648242673e-08,0.01373281266264548,0.1807470338168179,0.7300182915326754,0.7325898523365642,0.753025237652705,0.9004078533714467,0.9014584761301845,0.9097704052870335,0.9489032890080652,0.9494559489206068,0.9538234243175744,1.0,0.0,0.0,0.0,0.0,0.0002863596146529396,-0.5734770763282274,0.5736973483133099,0.02719812038715381
79.60000000000001,0.5734669860130829,0.5736882192743527,0.5734701079292132,0.013092734043723185,2.9899200728281348,0.9339997768820745,0.9368910303790644,0.9600429943209733,0.1562430025397906,0.1601108662061763,0.16059961009919899,2.8684410963717633,2.989920072828135,3.0000449936777485,1.304023695225988e-08,0.013734024216438287,0.18075698867255266,0.7299685321917156,0.7325389633892657,0.7529942240881021,0.9003873923279379,0.9014375850578559,0.909757913750369,0.9488925085394384,0.9494449463865894,0.9538168767726977,1.0,0.0,0.0,0.0,0.0,0.0002822636819103802,-0.5734701079292132,0.5736882192743527,0.027198138776570277
79.80000000000001,0.573460134814894,0.5736791855870073,0.5734632252571096,0.013093355263783774,2.9898760446037445,0.9339451015412533,0.9368349826074301,0.9600079202640034,0.15624871090516607,0.16012046210966868,0.1606090119777499,2.8683959279350364,2.9898760446037445,2.9999998736992457,1.3033318740533669e-08,0.01373522112924943,0.18076682106127195,0.7299194832999262,0.7324887993265395,0.7529636627584103,0.9003672225110005,0.9014169905810641,0.9097456040277475,0.9488818813917237,0.9494340999282651,0.953810424483219,1.0,0.0,0.0,0.0,0.0,0.0002782232196991141,-0.5734632252571096,0.5736791855870073,0.027198148791269923
80.0,0.5734533684823093,0.5736702466585532,0.5734564274275228,0.013093970156564785,2.989832451922791,0.9338912107441759,0.936779737439225,0.9599733593131208,0.15625433616962855,0.16012992176857074,0.1606182800247919,2.8683512332927656,2.989832451922791,2.999955188281823,1.3040376894424036e-08,0.013736403559016432,0.180776532246396,0.7298711352855248,0.7324393504217936,0.7529335473440099,0.9003473400234441,0.9013966887485761,0.9097334735883684,0.9488714055166728,0.9494234074701636,0.9538040661245086,1.0,0.0,0.0,0.0,0.0,0.00027423753236330284,-0.5734564274275228,0.5736702466585532,0.027198150697738514
80.2,0.5734466864141249,0.5736614018888706,0.5734497135613631,0.01309457876281073,2.9897892927331586,0.9338380938131701,0.9367252839883923,0.9599393042529176,0.15625987948971315,0.16013924699700544,0.16062741603043879,2.868307009444353,2.989789292733159,2.9999109357076423,1.3080563481356062e-08,0.013737571655690863,0.18078612348376694,0.7298234786951626,0.7323906070677721,0.7529038716090632,0.9003277410155399,0.9013766756568224,0.9097215199346955,0.9488610788908812,0.9494128669617413,0.95379780038931,1.0,0.0,0.0,0.0,0.0,0.0002703059319409673,-0.5734497135613631,0.5736614018888706,0.027198144761079793
80.4,0.5734400869369801,0.5736526506709588,0.5734430827849694,0.013095181101680568,2.989746564949746,0.9337857402055768,0.9366716115057062,0.9599057479648639,0.15626534200677641,0.1601484395872558,0.1606364217630662,2.8682632533547943,2.989746564949746,2.999867114257191,1.3097415734259801e-08,0.01373872554474933,0.18079559602147227,0.7297765041925562,0.7323425597753194,0.7528746294004491,0.9003084216844937,0.9013569474494285,0.9097097406020412,0.9488508995155158,0.9494024763771426,0.9537916259875231,1.0,0.0,0.0,0.0,0.0,0.0002664277381068392,-0.5734430827849694,0.5736526506709588,0.027198131253161967
80.60000000000001,0.5734335689992575,0.5736439923915649,0.573436534230116,0.013095777205615944,2.9897042664220144,0.9337341395122752,0.9366187093772531,0.959872683426247,0.1562707248471515,0.1601575013099808,0.16064529896952326,2.8682199619578244,2.9897042664220144,2.999823722101281,1.3079939113858529e-08,0.013739865364522045,0.18080495109983433,0.7297302025572819,0.7322951991721439,0.7528458146468829,0.9002893782739835,0.901337500316741,0.9096981331582273,0.9488408654160746,0.9493922337149524,0.9537855416460288,1.0,0.0,0.0,0.0,0.0,0.00026260227814940695,-0.573436534230116,0.5736439923915649,0.027198110429647735
80.80000000000001,0.5734271328806952,0.5736354264315054,0.573430067033976,0.013096367134956086,2.9896623949216776,0.9336832814562077,0.9365665671228982,0.9598401037090648,0.15627602912231117,0.16016643391443394,0.16065404937534528,2.8681771321575273,2.9896623949216776,2.999780757273333,1.3108226070848762e-08,0.013740991281856454,0.18081418995146276,0.7296845646835679,0.7322485160015677,0.7528174213580107,0.9002706070736961,0.901318330495351,0.9096866952032323,0.9488309746421478,0.9493821369979519,0.9537795461085056,1.0,0.0,0.0,0.0,0.0,0.0002588288869068839,-0.573430067033976,0.5736354264315054,0.027198082523933135
81.0,0.5734207766717707,0.5736269521659395,0.573423680339455,0.013096950905322945,2.989620948217585,0.9336331558905414,0.9365151743947968,0.959808001978466,0.15628125592910544,0.1601752391286757,0.16066267468503004,2.8681347608296974,2.9896209482175853,2.9997382178898024,1.3107094692403226e-08,0.013742103414411701,0.18082331380077854,0.7296395815787503,0.7322025011213114,0.7527894436230885,0.9002521044187253,0.9012994342676287,0.9096754243686731,0.9488212252671044,0.949372184272877,0.9537736381351598,1.0,0.0,0.0,0.0,0.0,0.0002551069066582118,-0.573423680339455,0.5736269521659395,0.027198047792421704
81.2,0.5734145003217055,0.5736185689645023,0.5734173732948384,0.01309752857107339,2.9895799239944916,0.9335837527978673,0.9364645209759038,0.9597763714916606,0.15628640634992266,0.16018391865978732,0.1606711765821367,2.868092844822511,2.989579923994492,2.9996961018891213,1.3134135716834675e-08,0.0137432019200001,0.18083232386451653,0.7295952443626663,0.7321571455022741,0.7527618756100871,0.9002338666893521,0.9012808079612573,0.9096643183174569,0.9488116153879809,0.949362373610176,0.9537678165025445,1.0,0.0,0.0,0.0,0.0,0.0002514356870370188,-0.5734173732948384,0.5736185689645023,0.027198006460432807
81.4,0.5734083021606058,0.5736102761919547,0.5734111450542665,0.013098100153532135,2.989539319926984,0.9335350622881893,0.9364145967785207,0.9597452055967484,0.15629148145286467,0.16019247419407923,0.1606795567295938,2.8680513809597734,2.9895393199269846,2.9996544072593587,1.3131116804563247e-08,0.013744286919778087,0.18084122135104777,0.7295515442659525,0.7321124402273461,0.7527347115647111,0.9002158903103771,0.9012624479487766,0.9096533747433986,0.948802143125133,0.949352703103776,0.9537620800033608,1.0,0.0,0.0,0.0,0.0,0.0002478145850014213,-0.5734111450542665,0.5736102761919547,0.027197958768580967
81.60000000000001,0.5734021822196168,0.5736020732085154,0.5734049947773889,0.013098665709436495,2.989499133613136,0.9334870745977519,0.9363653918428246,0.9597144977317834,0.15629648229188395,0.16020090739730403,0.16068781676986407,2.868010366042577,2.989499133613136,2.9996131318301478,1.3160033322204682e-08,0.01374535857153218,0.18085000746087287,0.7295084726290928,0.7320683764901993,0.7527079458096304,0.9001981717507583,0.9012443506471184,0.9096425913709232,0.9487928066220493,0.9493431708708405,0.9537564274463034,1.0,0.0,0.0,0.0,0.0,0.00024424296478910146,-0.5734049947773889,0.5736020732085154,0.027197904929431273
81.80000000000001,0.5733961390975627,0.5735939593702356,0.5733989216298467,0.013099225266285569,2.9894593626411634,0.9334397800872438,0.9363168963354267,0.9596842414234025,0.1563014099069921,0.16020921991486478,0.16069595832521757,2.867969796851178,2.989459362641164,2.9995722734761743,1.3180320353568848e-08,0.013746417000482342,0.18085868338593308,0.7294660209009092,0.7320249455941029,0.7526815727433271,0.9001807075230189,0.9012265125171524,0.9096319659546126,0.948783604045043,0.9493337750515347,0.9537508576558246,1.0,0.0,0.0,0.0,0.0,0.0002407201978363721,-0.5733989216298467,0.5735939593702356,0.027197845169165916
82.0,0.573390171507925,0.5735859340292493,0.5733929247831303,0.013099778854219115,2.989420004559532,0.9333931692406279,0.9362691005479441,0.9596544302856252,0.15630626532444078,0.1602174133720222,0.160703982997898,2.8679296701462462,2.989420004559532,2.9995318300124407,1.3160643990298047e-08,0.01374746233342577,0.1808672503098138,0.7294241806376046,0.7319821389507488,0.7526555868390915,0.900163494182883,0.9012089300632329,0.9096214962788134,0.948774533583063,0.949324513808791,0.9537453694719297,1.0,0.0,0.0,0.0,0.0,0.00023724566269985037,-0.5733929247831303,0.5735859340292493,0.027197779705680204
82.2,0.5733842794225998,0.5735779965340319,0.5733870034143389,0.013100326529594926,2.989381056855294,0.9333468637507211,0.9362219948955716,0.9596250580188592,0.15631104955686984,0.16022548937410325,0.16071195589302595,2.8678899826701594,2.989381056855294,2.999491799131801,1.3158004009649757e-08,0.013748494723999112,0.18087570940808717,0.7293826123208569,0.7319399480790744,0.7526299826441943,0.9001463920712792,0.9011915998327448,0.9096111801573138,0.9487655216463761,0.9493153853280735,0.9537399617500101,1.0,0.0,0.0,0.0,0.0,0.0002338187449938134,-0.5733870034143389,0.5735779965340319,0.027197708735405956
82.4,0.5733784624264741,0.5735701462296569,0.5733811567064326,0.013100868341032544,2.989342516989905,0.93330061734102,0.9361755699156712,0.9595961184088094,0.1563157636034712,0.16023344950670718,0.160719919405337,2.8678507311482844,2.989342516989905,2.9994521785187254,1.3198678320805643e-08,0.013749514316335316,0.1808840618479533,0.7293410948942197,0.7318983646040943,0.7526047547789766,0.9001293102482891,0.9011745184156538,0.9096010154329879,0.948756520315291,0.9493063878171448,0.9537346333606573,1.0,0.0,0.0,0.0,0.0,0.00023043883732300208,-0.5733811567064326,0.5735701462296569,0.027197632456557812
82.60000000000001,0.5733727184788233,0.5735623824581673,0.5733753838485662,0.013101404303820785,2.989304382426646,0.9332550402796226,0.9361298162663987,0.9595676053252037,0.15632040845018316,0.1602412953359063,0.16072776842979267,2.8678119122908363,2.9893043824266465,2.999412965914227,1.31960626364769e-08,0.013750521217668624,0.18089230878776255,0.7293001762724337,0.73185738025577,0.7525798979357777,0.9001124741616314,0.9011576824440687,0.9095909999773741,0.9487476483923178,0.9492975195058396,0.9537293831894439,1.0,0.0,0.0,0.0,0.0,0.00022710533921287135,-0.5733753838485662,0.5735623824581673,0.027197551082167364
82.80000000000001,0.5733670477188735,0.5735547045588028,0.5733696840355013,0.013101934478410009,2.9892666505539083,0.9332101233578473,0.9360847247253142,0.9595395127208939,0.15632498506982406,0.16024902840845068,0.16073550451882662,2.8677735227940135,2.9892666505539087,2.999374158878289,1.3219041674670146e-08,0.013751515582407286,0.1809004513778553,0.7292598482790971,0.7318169868678568,0.7525554068781878,0.9000958804745061,0.9011410885917952,0.909581131690385,0.9487389041227069,0.9492887786458323,0.953724210136772,1.0,0.0,0.0,0.0,0.0,0.00022381765705152545,-0.5733696840355013,0.5735547045588028,0.0271974647907503
83.0,0.5733614485037656,0.5735471118685982,0.5733640564683333,0.013102458888626788,2.989229318768665,0.9331658574847885,0.936040286188025,0.9595118346307573,0.1563294944222585,0.16025665025196756,0.160743129205673,2.8677355593429907,2.989229318768665,2.9993357550527646,1.3206736028559454e-08,0.013752497524558968,0.1809084907595238,0.7292201028405848,0.7317771763767782,0.7525312764401265,0.900079525891516,0.9011247335739018,0.9095714084999449,0.9487302857734102,0.949280163510413,0.953719113117686,1.0,0.0,0.0,0.0,0.0,0.00022057520406536246,-0.5733640564683333,0.5735471118685982,0.02719737378001994
83.2,0.5733559207574127,0.5735396037224044,0.5733585003539382,0.013102977590766507,2.9891923844090416,0.9331222336864787,0.9359964916668122,0.9594845651706785,0.1563339374545511,0.1602641623751654,0.16075064400447964,2.867698018612022,2.9891923844090416,2.999297751945023,1.3210516331946686e-08,0.013753467191744943,0.1809164280658025,0.7291809319853843,0.7317379408204858,0.7525075015249918,0.9000634071584195,0.9011086141462751,0.9095618283616578,0.9487217916329539,0.9492716723942557,0.9537140910616979,1.0,0.0,0.0,0.0,0.0,0.00021737740022806373,-0.5733585003539382,0.5735396037224044,0.027197278222153544
83.4,0.5733504640348435,0.5735321794529771,0.5733530149052424,0.013103490633649576,2.989155844795861,0.9330792431044802,0.9359533322892862,0.9594576985363746,0.1563383151011459,0.16027156626803224,0.16075805041052013,2.8676608972648854,2.989155844795861,2.9992601470592484,1.3253951090955622e-08,0.01375442472243528,0.18092426442108217,0.7291423278429111,0.73169927233734,0.7524840771046697,0.9000475210616673,0.9010927271051876,0.9095523892584165,0.9487134200111976,0.949263303613194,0.9537091429125857,1.0,0.0,0.0,0.0,0.0,0.00021422367216478166,-0.5733530149052424,0.5735321794529771,0.027197178290835018
83.60000000000001,0.5733450766160746,0.5735248383912946,0.5733475993412978,0.013103998039891528,2.989119697252972,0.933036876994462,0.9359107992970783,0.9594312290022755,0.15634262828403747,0.16027886340203076,0.16076534990040947,2.867624191956473,2.989119697252972,2.999222937946189,1.3270215904352156e-08,0.013755370225895831,0.18093200094100315,0.7291042826423128,0.7316611631650233,0.7524609982185906,0.9000318644279345,0.9010770692868743,0.9095430892000328,0.9487051692390911,0.9492550555040021,0.9537042676281986,1.0,0.0,0.0,0.0,0.0,0.0002111134530893427,-0.5733475993412978,0.5735248383912946,0.027197074171208
83.80000000000001,0.5733397575018688,0.5735175798670643,0.5733422528872151,0.013104499847043304,2.9890839390676307,0.9329951267249155,0.9358688840445281,0.9594051509207063,0.15634687791289262,0.1602860552302929,0.16077254393229648,2.867587899335321,2.9890839390676307,2.9991861220737173,1.3245460850057556e-08,0.013756303826268575,0.18093963873254978,0.7290667887113979,0.7316236056394451,0.7524382599730491,0.9000164341237031,0.901061637567107,0.9095339262229712,0.9486970376684573,0.9492469264241733,0.9536994641803204,1.0,0.0,0.0,0.0,0.0,0.00020804618279081366,-0.5733422528872151,0.5735175798670643,0.027196966032601858
84.0,0.5733345072727228,0.5735104032089241,0.5733369747740807,0.013104996125313451,2.989048567474244,0.9329539837758363,0.9358275779973562,0.9593794587210601,0.15635106488517442,0.16029314318781965,0.16077963394606282,2.8675520160446206,2.989048567474244,2.99914969679119,1.327460801597215e-08,0.013757225681574939,0.1809471788941704,0.7290298384755256,0.7315865921936305,0.7524158575405151,0.9000012270548281,0.9010464288607618,0.9095248983900811,0.9486890236717664,0.9492389147516948,0.9536947315545289,1.0,0.0,0.0,0.0,0.0,0.00020502130758330572,-0.5733369747740807,0.5735104032089241,0.027196854020957707
84.2,0.5733293239393551,0.5735033077445667,0.5733317642393283,0.013105486891918091,2.989013579741428,0.932913439737056,0.9357868727313811,0.9593541469084065,0.1563551900863583,0.16030012869167207,0.16078662136358318,2.867516538722833,2.989013579741428,2.9991136595889976,1.3269482065111581e-08,0.013758135891971309,0.18095462251524533,0.7289934244561844,0.7315501153566513,0.7523937861584535,0.8999862401659744,0.9010314401214026,0.9095160037901282,0.9486811256418428,0.9492310188848316,0.9536900687499527,1.0,0.0,0.0,0.0,0.0,0.00020203828019792203,-0.5733317642393283,0.5735033077445667,0.02719673831234064
84.4,0.5733242076772428,0.5734962928006565,0.5733266205261965,0.013105972208797329,2.9889789730757075,0.932873486307834,0.9357467599312312,0.9593292100626049,0.1563592543900661,0.16030701314116527,0.1607935075887689,2.8674814640032826,2.9889789730757075,2.999078007790736,1.3297247473370643e-08,0.013759034604452611,0.18096197067686204,0.7289575392706997,0.7315141677525459,0.7523720411285736,0.8999714704405187,0.9010166683408589,0.9095072405375019,0.9486733419918149,0.9492232372419075,0.9536854747791172,1.0,0.0,0.0,0.0,0.0,0.00019909655968965156,-0.5733266205261965,0.5734962928006565,0.027196619049407025
84.60000000000001,0.5733191567837063,0.5734893577033935,0.5733215428842818,0.013106452099125926,2.9889447447063677,0.9328341152948322,0.935707231389102,0.9593046428373392,0.15636325865821352,0.16031379791805517,0.1608002940078911,2.8674467885169674,2.988944744706368,2.999042738817348,1.329016716157639e-08,0.01375992192341161,0.18096922445102598,0.7289221756304839,0.7314787420992792,0.7523506178160249,0.89995691489985,0.9010021105488208,0.9094986067718976,0.9486656711547501,0.9492155682610937,0.9536809486677809,1.0,0.0,0.0,0.0,0.0,0.000196195611420244,-0.5733215428842818,0.5734893577033935,0.027196496395411975
84.80000000000001,0.5733141714126986,0.5734825017787343,0.5733165305691036,0.013106926624388091,2.9889108918096903,0.9327953186112042,0.935668279003484,0.9592804399594346,0.15636720374111152,0.16032048438673044,0.16080698198971244,2.867412508893671,2.9889108918096907,2.999007849950735,1.3312408154126697e-08,0.013760797993233974,0.18097638490128054,0.7288873263402889,0.7314438312076744,0.7523295116488247,0.8999425706030819,0.9009877638124206,0.9094901006580952,0.9486581115835065,0.9492080104001919,0.9536764894548186,1.0,0.0,0.0,0.0,0.0,0.00019333490702377887,-0.5733165305691036,0.5734825017787343,0.027196370485126527
85.0,0.5733092499620843,0.5734757243526823,0.573311582842634,0.013107395809779458,2.9888774115848022,0.9327570882748887,0.935629894777927,0.9592565962276535,0.15637109047765316,0.16032707389439974,0.16081357288575668,2.8673786217634114,2.9888774115848027,2.998973338567026,1.3302223893283557e-08,0.013761662918379425,0.18098345308195146,0.7288529842967398,0.7314094279803759,0.7523087181168365,0.8999284346464707,0.9009736252358277,0.9094817203855539,0.9486506617504273,0.9492005621364232,0.9536720961920113,1.0,0.0,0.0,0.0,0.0,0.00019051392433308556,-0.573311582842634,0.5734757243526823,0.027196241472746987
85.2,0.5733043923032444,0.5734690247511975,0.5733066989727307,0.013107859710882738,2.9888443011882324,0.9327194164079747,0.9355920708197984,0.9592331065117682,0.15637491969545542,0.16033356777127966,0.16082006803039411,2.8673451237559875,2.988844301188233,2.998939201928538,1.3302987476258465e-08,0.013762516834843143,0.18099043003895612,0.728819142487832,0.7313755254108029,0.7522882327709896,0.8999145041632259,0.9009596919598386,0.909473464168105,0.9486433201472448,0.9491932219662146,0.9536677679438856,1.0,0.0,0.0,0.0,0.0,0.00018773214728703969,-0.5733066989727307,0.5734690247511975,0.027196109488993758
85.4,0.5732995981115304,0.5734624023003712,0.573301878233395,0.01310831837919033,2.9888115577695866,0.9326822952352809,0.9355547993390637,0.9592099657516752,0.1563786922109947,0.1603399673307803,0.1608264687410632,2.8673120115018556,2.9888115577695866,2.9989054372989035,1.3342479121250374e-08,0.013763359873223188,0.1809973168094357,0.7287857939917177,0.7313421165821239,0.752268051222529,0.8999007763230316,0.9009459611614744,0.9094653302436583,0.9486360852848297,0.9491859884049901,0.9536635037875604,1.0,0.0,0.0,0.0,0.0,0.00018498906587087471,-0.573301878233395,0.5734624023003712,0.027195974664723236
85.60000000000001,0.5732948658437892,0.5734558563267415,0.5732971199048971,0.013108771840965426,2.9887791784938607,0.9326457170829362,0.9355180726470955,0.9591871689564347,0.15638240882975452,0.16034627386968628,0.16083277631849258,2.867279281633707,2.9887791784938607,2.9988720420016928,1.33617487831888e-08,0.013764192136075227,0.1810041144215756,0.7287529319754932,0.7313091946662543,0.7522481691422074,0.8998872483315636,0.9009324300535886,0.9094573168738813,0.9486289556929401,0.949178859986966,0.9536593028125799,1.0,0.0,0.0,0.0,0.0,0.00018228417606960812,-0.5732971199048971,0.5734558563267415,0.027195837142717075
85.80000000000001,0.5732901944571093,0.5734493861576281,0.5732924232736868,0.013109220132697308,2.9887471605071068,0.932609674377301,0.9354818831554818,0.9591647112034479,0.15638607034635116,0.1603524886683384,0.16083899204686491,2.86724693078814,2.9887471605071068,2.9988390133064153,1.3339451515041275e-08,0.013765013735921865,0.1810108238947331,0.7287205496942892,0.731276752922849,0.7522285822595913,0.8998739174301356,0.9009190958844709,0.9094494223439273,0.9486219299200362,0.9491718352649452,0.9536551641207727,1.0,0.0,0.0,0.0,0.0,0.0001796169798349151,-0.5732924232736868,0.5734493861576281,0.027195697053776887
86.0,0.5732855844760385,0.573442991121207,0.5732877876322052,0.013109663323140052,2.9887155009154722,0.9325741596438881,0.9354462233748211,0.9591425876377033,0.1563896775446483,0.1603586129908188,0.1608451171939815,2.867214955606035,2.9887155009154722,2.9988063483774328,1.336265205868374e-08,0.013765824818889142,0.18101744623970686,0.7286886404903641,0.7312447846982848,0.7522092863624238,0.8998607808953409,0.9009059559374474,0.9094416449621857,0.948615006533095,0.9491649128101083,0.9536510868261201,1.0,0.0,0.0,0.0,0.0,0.00017698698502627286,-0.5732877876322052,0.573442991121207,0.027195554506088897
86.2,0.5732810341904868,0.5734366705466147,0.5732832122792307,0.013110101434795952,2.988684196864742,0.9325391655057771,0.9354110859135603,0.9591207934705924,0.15639323119794205,0.1603646480851284,0.1608511530115147,2.8671833527330737,2.988684196864742,2.998774044513926,1.3358061942399809e-08,0.013766625480562464,0.18102398245824186,0.728657197791734,0.7312132834246765,0.7521902772956194,0.8998478360385074,0.9008930075304941,0.9094339830598821,0.948608184117324,0.9491580912118123,0.9536470700545489,1.0,0.0,0.0,0.0,0.0,0.0001743937053200334,-0.5732832122792307,0.5734366705466147,0.02719540963470947
86.4,0.5732765437817028,0.5734304237638542,0.5732786965194192,0.013110534529116393,2.9886532454561845,0.9325046846831966,0.9353764634768251,0.9590993239791546,0.15639673206907623,0.1603705951833669,0.16085710073505965,2.867152118819271,2.988653245456185,2.998742098879814,1.3389056932881687e-08,0.013767415857323306,0.18103043354368686,0.7286262151118509,0.7311822426188898,0.7521715509606253,0.8998350802055803,0.9008802480158477,0.9094264349908279,0.9486014612761027,0.9491513690773888,0.9536431129437999,1.0,0.0,0.0,0.0,0.0,0.00017183666012930698,-0.5732786965194192,0.5734304237638542,0.027195262545845627
86.60000000000001,0.573272111831513,0.5734242501042012,0.5732742396637229,0.013110962634385888,2.988622643819668,0.9324707099917708,0.9353423488652935,0.9590781745051982,0.1564001809105781,0.16037645550190557,0.1608629615844167,2.8671212505210057,2.988622643819668,2.998710508732689,1.340335959971628e-08,0.013768196049057034,0.18103680048039578,0.7285956860480888,0.7311516558815834,0.7521531033146787,0.8998225107765163,0.9008676747796286,0.9094189991311268,0.9485948366306647,0.949144745031946,0.9536392146432754,1.0,0.0,0.0,0.0,0.0,0.00016931537457454127,-0.5732742396637229,0.5734242501042012,0.027195113363747844
86.80000000000001,0.57326773731075,0.5734181489005516,0.5732698410292786,0.013111385786754514,2.9885923890735824,0.9324372343414528,0.9353087349740592,0.9590573404546094,0.15640357846476358,0.16038223024156295,0.16086873676375618,2.8670907445027582,2.988592389073583,2.9986792712918215,1.3377157573126604e-08,0.01376896616314686,0.1810430842438877,0.7285656042808301,0.7311215168962477,0.7521349303702253,0.8998101251649222,0.9008552852414626,0.9094116738789461,0.9485883088199097,0.9491382177181736,0.9536353743139198,1.0,0.0,0.0,0.0,0.0,0.000166829379466632,-0.5732698410292786,0.5734181489005516,0.027194962203073086
87.0,0.5732634204932132,0.5734121194874439,0.5732654999391991,0.01311180404911871,2.9885624783068683,0.9324042507355198,0.9352756147914861,0.9590368172965298,0.1564069254638643,0.1603879205877819,0.1608744274617728,2.867060597437219,2.9885624783068687,2.99864838369074,1.3378325944138566e-08,0.013769726334729688,0.1810492858011441,0.7285359635726216,0.7310918194282301,0.7521170281942191,0.8997979208177235,0.9008430768540954,0.9094044576542404,0.9485818765002308,0.9491317857961393,0.9536315911280755,1.0,0.0,0.0,0.0,0.0,0.00016437821123432839,-0.5732654999391991,0.5734121194874439,0.02719480915906093
87.2,0.5732591609343695,0.5734061612009279,0.5732612157226739,0.013112217469387856,2.9885329086216337,0.9323717522694137,0.9352429813980889,0.9590166005623407,0.1564102226301861,0.16039352771080306,0.16088003485186744,2.867030806004639,2.9885329086216337,2.998617843111267,1.3420882246884981e-08,0.013770476681969233,0.18105540611046594,0.7285067577671758,0.7310625573237829,0.7520993929072598,0.8997858952147673,0.9008310471030166,0.9093973488984092,0.9485755383453071,0.9491254479430942,0.9536278642693043,1.0,0.0,0.0,0.0,0.0,0.00016196141181955281,-0.5732612157226739,0.5734061612009279,0.027194654335369724
87.4,0.5732549566057569,0.5734002733787696,0.573256987715149,0.013112626062578318,2.9885036771519444,0.9323397321296193,0.9352108279654558,0.9589966858447078,0.1564134706762582,0.16039905276583105,0.1608855600923228,2.867001366893848,2.9885036771519444,2.998587646822071,1.3408729652884298e-08,0.013771217286866881,0.18106144612121566,0.7284779807884165,0.7310337245091508,0.7520820206827804,0.899774045868445,0.9008191935061002,0.9093903460739751,0.9485692930459064,0.9491192028532863,0.9536241929322193,1.0,0.0,0.0,0.0,0.0,0.0001595785286185314,-0.573256987715149,0.5734002733787696,0.027194497851832807
87.60000000000001,0.573250808083326,0.5733944553606619,0.5732528152578176,0.013113029897310618,2.988474780978186,0.9323081835929392,0.9351791477551477,0.958977068797138,0.15641667030489861,0.16040449689320652,0.16089100432641104,2.8669722768033097,2.988474780978186,2.998557791919068,1.3430848957548013e-08,0.013771948288009797,0.18106740677454622,0.728449626639874,0.7310053149896281,0.7520649077466766,0.8997623703234564,0.900807513613231,0.9093834476644398,0.9485631393097635,0.9491130492377632,0.9536205763224099,1.0,0.0,0.0,0.0,0.0,0.00015722911446530707,-0.5732528152578176,0.5733944553606619,0.027194339790590057
87.80000000000001,0.5732467137814516,0.5733887064886811,0.5732486976983323,0.013113428997331606,2.988446217226337,0.9322771000245278,0.9351479341176251,0.958957745133129,0.15641982220934664,0.16040986121857237,0.16089636868271628,2.8669435324434054,2.988446217226337,2.9985282756382787,1.3419865204976527e-08,0.013772669774994747,0.18107328900238234,0.7284216894029628,0.7309773228486492,0.7520480503765842,0.8997508661561151,0.9007960050059453,0.9093766521739975,0.9485570758612154,0.9491069858241864,0.9536170136562927,1.0,0.0,0.0,0.0,0.0,0.00015491272761475328,-0.5732486976983323,0.5733887064886811,0.027194180260273825
88.0,0.5732426740022668,0.5733830261070219,0.5732446343901042,0.0131138234251815,2.9884179829850637,0.9322464748775772,0.9351171804911564,0.9589387106253551,0.15642292707338942,0.1604151468530449,0.16090165427517228,2.866915130535109,2.988417982985064,2.9984990950932757,1.344345305896084e-08,0.013773381878151107,0.18107909372842254,0.7283941632367453,0.7309497422468528,0.7520314449011883,0.8997395309742638,0.9007846652970598,0.9093699581272618,0.9485511014411582,0.949101011356637,0.9536135041609681,1.0,0.0,0.0,0.0,0.0,0.00015262893163872637,-0.5732446343901042,0.5733830261070219,0.027194019342021116
88.2,0.5732386872131683,0.5733774135621056,0.5732406246927805,0.013114213205284298,2.988390075383392,0.932216301691906,0.935086880400775,0.95891996110461,0.1564259855715281,0.16042035489337586,0.16090686220328987,2.866887067810528,2.988390075383392,2.9984702475135516,1.3437721185001526e-08,0.01377408468608537,0.18108482186745647,0.7283670423767075,0.7309225674211945,0.7520150876993168,0.8997283624167842,0.9007734921303203,0.9093633640689047,0.948545214806791,0.9490951245954329,0.953610047074033,1.0,0.0,0.0,0.0,0.0,0.00015037729534450595,-0.5732406246927805,0.5733774135621056,0.027193857138624877
88.4,0.5732347536323991,0.573371868202603,0.5732366679716939,0.013114598398019548,2.9883624915173765,0.932186574093358,0.9350570274572255,0.9589014924593052,0.15642899836905388,0.1604254864221179,0.16091199355224522,2.866859341013015,2.9883624915173765,2.998441730014878,1.3463785096146956e-08,0.013774778325117872,0.18109047432615152,0.7283403211342615,0.7308957926840443,0.751998975199521,0.8997173581534039,0.9007624831800436,0.9093568685634926,0.9485394147315158,0.9490893243169407,0.953606641643494,1.0,0.0,0.0,0.0,0.0,0.00014815739273343898,-0.5732366679716939,0.573371868202603,0.027193693727051695
88.60000000000001,0.5732308720381988,0.5733663893798225,0.5732327635984095,0.013114979033771153,2.9883352285167715,0.9321572857921644,0.9350276153559378,0.9588833006347078,0.1564319661221667,0.1604305425077852,0.16091704939314747,2.8668319468991124,2.9883352285167715,2.9984135398075082,1.3478856600168831e-08,0.01377546288856963,0.1810960520022722,0.7283139938953117,0.7308694124223106,0.7519831038794266,0.8997065158841191,0.9007516361507706,0.9093504701952292,0.9485337000046343,0.9490836093133959,0.9536032871276341,1.0,0.0,0.0,0.0,0.0,0.00014596880298183013,-0.5732327635984095,0.5733663893798225,0.027193529201068486
88.80000000000001,0.5732270414151781,0.5733609764478372,0.5732289109505241,0.01311535514692862,2.988308283511694,0.9321281815654955,0.9349986378760028,0.958865381632184,0.1564348894780928,0.16043552420501414,0.1609220737732414,2.866804882239186,2.9883082835116945,2.9983856740845307,1.3455673184788168e-08,0.013776138473234398,0.1811015557849655,0.7282878312677371,0.7308434210965623,0.7519674702650904,0.8996957411473733,0.9007409487769173,0.9093441675677003,0.9485280208385884,0.9490779783927202,0.9535999827948796,1.0,0.0,0.0,0.0,0.0,0.00014381111039041272,-0.5732289109505241,0.5733609764478372,0.02719336364803794
89.0,0.5732232619552287,0.5733556287634185,0.5732251094113895,0.013115726796577017,2.9882816536125874,0.9320991783532733,0.9349700888791396,0.9588477315084615,0.15643776907519993,0.16044043255472595,0.16092708102693848,2.8667781438170925,2.9882816536125874,2.9983581299665514,1.345225524355751e-08,0.013776805201580382,0.18110698655515786,0.728261758598925,0.7308178132401442,0.7519520709303723,0.8996850032022169,0.9007304188224234,0.9093379593036253,0.9485223610308813,0.9490724303783379,0.9535967279236696,1.0,0.0,0.0,0.0,0.0,0.0001416839043103385,-0.5732251094113895,0.5733556287634185,0.027193197137554838
89.2,0.5732195333687116,0.5733503456859811,0.5732213583702298,0.013116094031610421,2.9882553359457305,0.932070604304252,0.9349419623086888,0.958830346374838,0.1564406055431209,0.1604452685842854,0.16093201449258032,2.8667517284299056,2.988255335945731,2.9983309046159246,1.3489394102398375e-08,0.01377746318434659,0.18111234518538596,0.7282360709038588,0.7307925834583137,0.7519369024962586,0.8996744235565881,0.9007200440804085,0.9093318440445882,0.9485167846274171,0.9490669641089956,0.9535935218023162,1.0,0.0,0.0,0.0,0.0,0.0001395867790670996,-0.5732213583702298,0.5733503456859811,0.0271930297451106
89.4,0.5732158538454442,0.5733451265777852,0.5732176572223785,0.013116456869237654,2.9882293276753673,0.9320424533466016,0.9349142521886395,0.9588132223963529,0.15644339950288377,0.160450033307654,0.16093687520499564,2.8667256328889263,2.9882293276753673,2.998303995288284,1.3481650898640835e-08,0.013778112497497672,0.1811176325394592,0.7282107627606987,0.7307677264274055,0.7519219616301559,0.8996639999885612,0.9007098223728421,0.9093258204507578,0.9485112904585064,0.9490615784385912,0.9535903637288579,1.0,0.0,0.0,0.0,0.0,0.0001375193339139269,-0.5732176572223785,0.5733451265777852,0.027192861562533956
89.60000000000001,0.573212223774058,0.5733399708040468,0.5732140053687597,0.013116815371831216,2.9882036259274587,0.9320147194897299,0.9348869526226371,0.9587963557913354,0.1564461515669807,0.16045472772554692,0.1609416641854366,2.8666998540202338,2.9882036259274587,2.9982773990993787,1.3500904752157699e-08,0.013778753264657573,0.18112284947320043,0.7281858288194135,0.7307432368939806,0.7519072450455101,0.8996537303054163,0.9006997515502018,0.9093198872007371,0.9485058773698056,0.9490562722359942,0.9535872530109816,1.0,0.0,0.0,0.0,0.0,0.0001354811730029104,-0.5732140053687597,0.5733399708040468,0.027192692649689966
89.80000000000001,0.5732086417111013,0.5733348777332984,0.5732104022164718,0.013117169563606014,2.9881782278735574,0.931987396822514,0.9348600577930175,0.9587797428306374,0.1564488623394879,0.16045935282558563,0.16094638244187087,2.8666743886664916,2.9881782278735574,2.998251113291225,1.3485436193356568e-08,0.013779385567749904,0.18112799683361164,0.7281612638002283,0.7307191096739944,0.7518927495011528,0.8996436123430118,0.900689829491144,0.9093140429913041,0.9485005442219873,0.9490510443848749,0.9535841889658868,1.0,0.0,0.0,0.0,0.0,0.00013347190536476539,-0.5732104022164718,0.5733348777332984,0.02719252308911159
90.0,0.5732051077766273,0.5733298467371907,0.5732068471782198,0.013117519500805367,2.988153130661152,0.931960479512999,0.9348335619598238,0.9587633798369356,0.15645153241617515,0.16046390958245402,0.1609510309690206,2.866649233685953,2.988153130661152,2.998225135010732,1.3486028090263156e-08,0.01378000952229203,0.18113307545968593,0.7281370624933861,0.7306953396519542,0.7518784718007031,0.8996336439656961,0.9006800541021682,0.9093082865371748,0.948495289890695,0.9490458937835266,0.9535811709201621,1.0,0.0,0.0,0.0,0.0,0.00013149114482241542,-0.5732068471782198,0.5733298467371907,0.027192352940454335
90.2,0.5732016217221085,0.5733248771903944,0.5732033396724916,0.01311786523178229,2.988128331454116,0.9319339618073411,0.9348074594598558,0.9587472631839248,0.15645416238463275,0.16046839895804973,0.16095561074853235,2.8666243859519716,2.9881283314541163,2.998199461439819,1.3525590002191582e-08,0.013780625234588043,0.18113808618215485,0.7281132197582342,0.7306719217800937,0.7518644087918781,0.8996238230659427,0.9006704233172874,0.9093026165707275,0.9484901132663524,0.9490408193446955,0.9535781982096413,1.0,0.0,0.0,0.0,0.0,0.0001295385099083779,-0.5732033396724916,0.5733248771903944,0.027192182267488443
90.4,0.5731981820545281,0.5733199684707672,0.5731998791236242,0.01311820677887861,2.9881038274513516,0.9319078380287117,0.934781744705742,0.9587313892955895,0.15645675282438573,0.1604728219016304,0.16096012274915383,2.8665998423538355,2.9881038274513516,2.9981740898425095,1.3538376838189147e-08,0.013781232782297363,0.1811430298233939,0.7280897305222749,0.730648851077584,0.7518505573658708,0.8996141475639674,0.900660935097713,0.9092970318417577,0.948485013253963,0.9490358199954155,0.9535752701792745,1.0,0.0,0.0,0.0,0.0,0.00012761362382135433,-0.5731998791236242,0.5733199684707672,0.027192011147659314
90.60000000000001,0.5731947879910055,0.5733151199596825,0.5731964649616962,0.013118544178794007,2.9880796158469187,0.9318821025763596,0.9347564121850154,0.958715754645734,0.15645930430696656,0.16047717934996136,0.16096456792688407,2.866575599798413,2.9880796158469187,2.9981490174367065,1.351111171266982e-08,0.013781832257747114,0.18114790719757692,0.72806658978035,0.730626122629729,0.7518369144569542,0.8996046154074046,0.9006515874315342,0.9092915311173195,0.9484799887729403,0.9490308946768399,0.9535723861830465,1.0,0.0,0.0,0.0,0.0,0.00012571611442577235,-0.5731964649616962,0.5733151199596825,0.02719183964524736
90.80000000000001,0.5731914402817997,0.5733103310420418,0.5731930966223702,0.013118877499604989,2.988055693813467,0.9318567499246843,0.9347314564591643,0.9587003557574816,0.15646181739599235,0.1604814722274676,0.16096894722512176,2.8665516552102086,2.988055693813467,2.9981242413592364,1.3536581278603737e-08,0.013782423786200796,0.18115271911089975,0.7280437925938416,0.7306037315871486,0.75182347704205,0.8995952245709852,0.9006423783333923,0.909286113181557,0.94847503875694,0.9490260423440712,0.9535695455838882,1.0,0.0,0.0,0.0,0.0,0.0001238456142085287,-0.5731930966223702,0.5733103310420418,0.02719166780413241
91.0,0.5731881371806057,0.5733056011062246,0.5731897735472354,0.013119206757476142,2.9880320585859517,0.9318317746220042,0.9347068721627306,0.9586851892022328,0.15646429264733094,0.16048570144637686,0.16097326157486658,2.8665280055311233,2.988032058585952,2.998099758917508,1.3528845538696517e-08,0.013783007436516833,0.18115746636109226,0.7280213340895988,0.7305816731650019,0.7518102421398398,0.8995859730561055,0.9006333058441692,0.9092807768353481,0.9484701621536332,0.9490212619659985,0.9535667477534904,1.0,0.0,0.0,0.0,0.0,0.00012200176018534181,-0.5731897735472354,0.5733056011062246,0.027191495699852797
91.2,0.5731848790294313,0.5733009295438559,0.5731864951832071,0.013119532011442663,2.988008707367305,0.9318071712905192,0.9346826540023959,0.9586702515991172,0.15646673060918637,0.16048986790686595,0.16097751189471468,2.8665046477192795,2.988008707367305,2.998075567289325,1.3552621499995797e-08,0.013783583322843778,0.1811621497382756,0.7279992094599282,0.7305599426421949,0.751797206810292,0.899576858890832,0.9006243680306707,0.9092755208961175,0.9484653579247108,0.9490165525251323,0.953563992072206,1.0,0.0,0.0,0.0,0.0,0.00012018419382067713,-0.5731864951832071,0.5733009295438559,0.027191323377809388
91.4,0.573181664377604,0.5732963157502043,0.5731832609830497,0.013119853283157358,2.987985637409116,0.9317829346245617,0.9346587967561139,0.9586555396143746,0.156469131822196,0.16049397249719963,0.16098169909115012,2.8664815787510216,2.987985637409116,2.9980516637764905,1.354318557068833e-08,0.013784151518526815,0.18116677002421455,0.7279774139610539,0.7305385353606336,0.751784368154135,0.8995678801292751,0.9006155629853297,0.9092703441976266,0.9484606250455536,0.9490119130174478,0.953561277928941,1.0,0.0,0.0,0.0,0.0,0.00011839256102447182,-0.5731832609830497,0.5732963157502043,0.02719115090526357
91.60000000000001,0.5731784935340768,0.5732917591242527,0.5731800704049149,0.013120170630318307,2.9879628459386036,0.9317590593900783,0.9346352952722082,0.958641049960991,0.15647149681948608,0.160498016093875,0.16098582405862386,2.8664587956212633,2.9879628459386036,2.9980280455782014,1.356151577772894e-08,0.013784712134895363,0.1811713279929786,0.7279559429126804,0.7305174467244422,0.7517717233125517,0.8995590348514181,0.9006068888258907,0.9092652455898544,0.9484559625051449,0.9490073424522217,0.9535586047210911,1.0,0.0,0.0,0.0,0.0,0.00011662651212909769,-0.5731800704049149,0.5732917591242527,0.02719097832443387
91.80000000000001,0.5731753651566374,0.573287259068823,0.5731769229128028,0.013120484076150931,2.987940330229498,0.931735540423311,0.9346121444685069,0.9586267793978313,0.1564738261268099,0.16050199956176076,0.16098988767977146,2.866436295344115,2.987940330229498,2.998004710011196,1.3549570042974641e-08,0.013785265245613201,0.18117582441028163,0.7279347916968324,0.7304966721992124,0.751759269466428,0.8995503211626474,0.9005983436951108,0.9092602239386964,0.9484513693058221,0.9490028398518732,0.9535559718543858,1.0,0.0,0.0,0.0,0.0,0.00011488570182879854,-0.5731769229128028,0.573287259068823,0.027190805697863366
92.0,0.5731722792765589,0.573282814990351,0.5731738179759924,0.013120793671952884,2.987918087539855,0.9317123726305373,0.9345893393314648,0.9586127247290258,0.1564761202626441,0.16050592375423772,0.16099389082544815,2.8664140749517553,2.987918087539855,2.997981654313193,1.354786392389906e-08,0.013785810953796048,0.18118026003429655,0.7279139557576505,0.7304762073112457,0.7517470038358361,0.8995417371936768,0.9005899257604567,0.9092552781257598,0.948446844463239,0.9489984042518078,0.9535533787427798,1.0,0.0,0.0,0.0,0.0,0.00011316978909998998,-0.5731738179759924,0.573282814990351,0.027190633068030504
92.2,0.5731692357398038,0.5732784262989178,0.5731707550692308,0.013121099464868377,2.9878961151446437,0.9316895509869622,0.9345668749153103,0.9585988828034087,0.15647837973827713,0.16050978951333653,0.16099783435491063,2.866392131494589,2.987896115144644,2.9979588757499664,1.358211812911333e-08,0.013786349357442641,0.18118463561538461,0.7278934306004157,0.7304560476468127,0.7517349236795461,0.8995332811001528,0.900581633213806,0.9092504070481684,0.9484423870061586,0.9489940347002603,0.9535508248083527,1.0,0.0,0.0,0.0,0.0,0.00011147843715512973,-0.5731707550692308,0.5732784262989178,0.027190460479444713
92.4,0.5731662332663696,0.5732740924084259,0.5731677336728458,0.013121401478423939,2.9878744103555515,0.9316670705356769,0.9345447463412115,0.9585852505138838,0.1564806050579092,0.16051359766987125,0.16100171911598754,2.8663704620421293,2.9878744103555515,2.997936371668548,1.3597502052951491e-08,0.013786880528555779,0.18118895189593454,0.7278732117906461,0.7304361888514307,0.7517230262944872,0.8995249510622909,0.9005734642711585,0.9092456096183495,0.9484379959762619,0.948989730258143,0.9535483094811962,1.0,0.0,0.0,0.0,0.0,0.00010981131340968842,-0.5731677336728458,0.5732740924084259,0.02719028798945989
92.60000000000001,0.5731632710434035,0.5732698127367855,0.5731647532726214,0.013121699745448233,2.9878529704883934,0.9316449263869191,0.9345229487964459,0.9585718247969046,0.15648279671873408,0.16051734904357404,0.1610055459451983,2.866349063683927,2.9878529704883934,2.997914139390369,1.3574519163641622e-08,0.0137874045484747,0.18119320961054078,0.7278532949534514,0.7304166266291423,0.7517113090153006,0.8995167452846164,0.9005654171723478,0.9092408847638549,0.9484336704280132,0.9489854899988954,0.953545832199321,1.0,0.0,0.0,0.0,0.0,0.0001081680894596121,-0.5731647532726214,0.5732698127367855,0.02719011564599805
92.80000000000001,0.5731603496974234,0.5732655867058553,0.5731618133595733,0.01312199432818522,2.9878317928432825,0.9316231137173159,0.9345014775335488,0.9585586026320169,0.15648495521101052,0.16052104444323187,0.16100931566787507,2.866327933529276,2.9878317928432825,2.997892176164095,1.3593729124295045e-08,0.013787921529467775,0.1811974094863239,0.7278336757728749,0.7303973567417772,0.7516997692139507,0.8995086619957011,0.900557490180744,0.9092362314272066,0.948429409428521,0.9489813130083271,0.9535433924085771,1.0,0.0,0.0,0.0,0.0,0.00010654844103534511,-0.5731618133595733,0.5732655867058553,0.027189943477862577
93.0,0.5731574677989014,0.573261413741429,0.5731589134302665,0.013122285246023137,2.987810874777181,0.9316016277687061,0.9344803278695073,0.9585455810410067,0.1564870810181983,0.16052468466681774,0.1610130290983576,2.866307068707145,2.987810874777181,2.9978704793861732,1.3587408693554183e-08,0.013788431537186778,0.18120155224247644,0.7278143499908636,0.7303783750082496,0.7516884042989914,0.8995006994477456,0.9005496815829716,0.9092316485656047,0.94842521205732,0.9489771983844727,0.9535409895624997,1.0,0.0,0.0,0.0,0.0,0.00010495204792632107,-0.5731589134302665,0.573261413741429,0.027189771540332544
93.2,0.5731546256459881,0.5732572932730292,0.5731560529863332,0.013122572553741859,2.9877902136259458,0.9315804638480497,0.9344594951849383,0.9585327570874309,0.1564891746170319,0.16052827050162224,0.16101668704000058,2.866286466365146,2.9877902136259458,2.997849046351417,1.3613381412851586e-08,0.013788934674645656,0.18120563859095254,0.7277953134072022,0.7303596773038475,0.7516772117151616,0.8994928559165593,0.9005419896886241,0.909227135150765,0.9484210774063605,0.9489731452374401,0.953538623122225,1.0,0.0,0.0,0.0,0.0,0.00010337859391433557,-0.5731560529863332,0.5732572932730292,0.027189599863829295
93.4,0.5731518220881923,0.5732532247341775,0.5731532315348496,0.013122856275814766,2.987769806770304,0.9315596173259749,0.9344389749233127,0.9585201278760446,0.15649123647761096,0.1605318027243807,0.1610202902854165,2.8662661236708873,2.987769806770304,2.9978278744614846,1.3624171590812975e-08,0.013789431011722031,0.18120966923592904,0.7277765618782341,0.7303412595595532,0.7516661889428964,0.8994851297010396,0.900534412829992,0.9092226901687258,0.9484170045797354,0.948969152689269,0.9535362925563894,1.0,0.0,0.0,0.0,0.0,0.00010182776675721206,-0.5731532315348496,0.5732532247341775,0.027189428496723445
93.60000000000001,0.5731490563315839,0.5732492075625986,0.5731504485881854,0.013123136443718654,2.9877496515987985,0.931539083636063,0.9344187625901582,0.9585076905523903,0.1564932670634647,0.16053528210140106,0.16102383961659147,2.8662460378129926,2.987749651598799,2.9978069611039704,1.3598533547641514e-08,0.013789920625204025,0.1812136448740207,0.7277580913162376,0.7303231177613555,0.7516553334979779,0.8994775191229222,0.9005269493617847,0.909218312619708,0.948412992693549,0.9489652198737843,0.9535339973410558,1.0,0.0,0.0,0.0,0.0,0.00010029925817961471,-0.5731504485881854,0.5732492075625986,0.02718925748013541
93.80000000000001,0.5731463287493028,0.5732452412001453,0.5731477036638143,0.013123413112705238,2.9877297454912353,0.9315188582741749,0.9343988537522636,0.958495442302265,0.15649526683163606,0.16053870938869422,0.16102733580499382,2.8662262060007264,2.9877297454912353,2.997786303609702,1.3597791631101745e-08,0.01379040361679975,0.18121756619455096,0.727739897688841,0.730305247949551,0.7516446429310731,0.8994700225265458,0.9005195976608504,0.9092140015179317,0.9484090408757937,0.9489613459364505,0.9535317369596185,1.0,0.0,0.0,0.0,0.0,9.879276381628832e-05,-0.5731477036638143,0.5732452412001453,0.027189086839188265
94.0,0.5731436390612327,0.5732413250925771,0.5731449962843709,0.013123686324177746,2.9877100858565204,0.9314989367976608,0.9343792440368968,0.9584833803510091,0.15649723623279524,0.16054208533210051,0.16103077961170323,2.8662066254628855,2.9877100858565204,2.997765899373156,1.3634102081390522e-08,0.013790880072767369,0.1812214338794701,0.7277219770183323,0.7302876462180652,0.7516341148271264,0.8994626382785736,0.9005123561259032,0.9092097558913729,0.9484051482662047,0.9489575300342283,0.9535295109026752,1.0,0.0,0.0,0.0,0.0,9.730798312497513e-05,-0.5731449962843709,0.5732413250925771,0.02718891660812261
94.2,0.573140985577129,0.5732374586896408,0.5731423259777687,0.013123956090024107,2.987690670148568,0.9314793148245731,0.9343599291310636,0.9584715019628447,0.156499175711345,0.16054541066741007,0.1610341717875396,2.866187293448204,2.987690670148568,2.9977457458851955,1.362114944885414e-08,0.013791350047106856,0.18122524860318745,0.7277043253809697,0.7302703087138085,0.751623746804786,0.8994553647677159,0.9005052231772626,0.9092055747815351,0.9484013140161138,0.9489537713354382,0.953527318667908,1.0,0.0,0.0,0.0,0.0,9.584461933877242e-05,-0.5731423259777687,0.5732374586896408,0.027188746836978243
94.4,0.5731383689349656,0.5732336414451784,0.5731396922767492,0.013124222469921752,2.9876714957892134,0.9314599880331789,0.9343409047807419,0.9584598044406846,0.15650108570544954,0.16054868612048778,0.16103751307314013,2.866168207225892,2.9876714957892134,2.9977258405000753,1.3638906396300463e-08,0.013791813644537496,0.1812290110332153,0.727686938906566,0.7302532316360053,0.7516135365162443,0.8994482004045639,0.9004981972565858,0.9092014572433855,0.948397537288363,0.9489500690196189,0.9535251597600498,1.0,0.0,0.0,0.0,0.0,9.44023794612614e-05,-0.5731396922767492,0.5732336414451784,0.027188577543331205
94.60000000000001,0.5731357878477462,0.5732298728174366,0.5731370947194653,0.01312448548335646,2.9876525602563686,0.9314409521603765,0.9343221667901412,0.9584482851255618,0.15650296664712504,0.160551912407394,0.1610408041992262,2.866149364087183,2.9876525602563686,2.9977061807150847,1.3627423129234624e-08,0.013792270926071914,0.1812327218293353,0.727669813777078,0.7302364112355499,0.7516034816467506,0.8994411436210146,0.9004912768266052,0.9091974023451618,0.9483938172570017,0.9489464222773921,0.9535230336907841,1.0,0.0,0.0,0.0,0.0,9.298097425783358e-05,-0.5731370947194653,0.5732298728174366,0.027188408769766317
94.80000000000001,0.5731332426927913,0.5732261522687472,0.57313453284886,0.013124745183880128,2.9876338610099396,0.9314222030017273,0.9343037110209417,0.9584369413960916,0.15650481896232518,0.16055509023450865,0.16104404588659116,2.8661307613437357,2.9876338610099396,2.997686763936282,1.3646448049413476e-08,0.013792721988730175,0.18123638164448572,0.7276529462266573,0.7302198438143401,0.7515935799141434,0.899434192870297,0.9004844603708629,0.9091934091681849,0.9483901531073016,0.9489428303103211,0.9535209399786456,1.0,0.0,0.0,0.0,0.0,9.158011816982892e-05,-0.57313453284886,0.5732261522687472,0.027188240535792926
95.0,0.5731307321475506,0.5732224792655441,0.5731320062130687,0.013125001589527863,2.9876153955615687,0.9314037364103422,0.9342855333915778,0.9584257706677074,0.15650664307106366,0.16055822029864789,0.16104723884628644,2.8661123963277206,2.9876153955615687,2.997667587693674,1.363337057951379e-08,0.013793166890859772,0.18123999112418748,0.7276363325406646,0.7302035257246547,0.7515838290681939,0.8994273466265712,0.9004777463934572,0.9091894768065959,0.9483865440355458,0.9489392923307798,0.953518878148884,1.0,0.0,0.0,0.0,0.0,9.019952924978203e-05,-0.5731320062130687,0.5732224792655441,0.027188072882297038
95.2,0.5731282563216155,0.5732188532783393,0.5731295143649378,0.013125254747599062,2.9875971614100405,0.9313855482965244,0.9342676298765115,0.9584147703923842,0.156508439387457,0.16056130328718335,0.16105038377967684,2.8660942663916966,2.9875971614100405,2.997648649438593,1.362856984317526e-08,0.013793605721677173,0.1812435509072316,0.7276199690553659,0.7301874533685146,0.7515742268903687,0.8994206033848089,0.9004711334187875,0.9091856043672623,0.9483829892489666,0.9489358075618163,0.9535168477334142,1.0,0.0,0.0,0.0,0.0,8.883892913483238e-05,-0.5731295143649378,0.5732188532783393,0.027187905829691918
95.4,0.5731258152200251,0.573215273781837,0.5731270568622632,0.013125504702868149,2.9875791560732123,0.931367297851175,0.9342499965055134,0.958403938058261,0.1565102083197842,0.1605643398781594,0.16105353961436683,2.866076368909185,2.9875791560732123,2.9976299466511493,1.3663047085224762e-08,0.01379403856715082,0.18124706162533818,0.7276035491575278,0.7301716231970584,0.7515647711935077,0.8994138367943203,0.9004646199912988,0.9091817909696497,0.9483794221404113,0.9489323752370235,0.9535148482707496,1.0,0.0,0.0,0.0,0.0,8.749804302875253e-05,-0.5731270568622632,0.573215273781837,0.02718773940000596
95.60000000000001,0.5731234076280082,0.5732117402549686,0.5731246332678845,0.013125751474511083,2.987561377111243,0.9313493201898865,0.9342326293629667,0.9583932711889754,0.15651195027059311,0.16056733074040747,0.16105664840064254,2.866058701274843,2.9875613771112435,2.9976114769038418,1.3680412637104884e-08,0.013794465485240218,0.18125052390302204,0.7275873743558864,0.73015603170993,0.7515554598212496,0.8994071711076891,0.9004582046752386,0.9091780357455924,0.9483759082117015,0.9489289946004058,0.9535128793058818,1.0,0.0,0.0,0.0,0.0,8.617659964997582e-05,-0.5731246332678845,0.5732117402549686,0.027187573629993113
95.80000000000001,0.573121032726502,0.5732082521809445,0.5731222431494828,0.013125995089513601,2.987543822093311,0.9313316139968438,0.934215524587171,0.9583827673431665,0.1565136656367797,0.1605702765336593,0.16105971036059807,2.8660412609047223,2.987543822093311,2.9975932377511745,1.3655174793585615e-08,0.013794886541766208,0.18125393835788176,0.7275714434813226,0.7301406754546723,0.7515462906476019,0.8994006058475944,0.9004518860544105,0.9091743378391208,0.9483724472117995,0.9489256649062543,0.9535109403901906,1.0,0.0,0.0,0.0,0.0,8.487433119375165e-05,-0.5731222431494828,0.5732082521809445,0.02718740854826678
96.0,0.5731186912801419,0.5732048090472142,0.5731198860793452,0.01312623560725541,2.9875264885731365,0.9313141753340191,0.9341986783696351,0.9583724241142013,0.1565153548096306,0.16057317790866424,0.16106272616993292,2.866024045236071,2.9875264885731365,2.997575226669512,1.3672259943224543e-08,0.013795301836808702,0.1812573056009355,0.7275557530050353,0.7301255510261054,0.75153726157671,0.8993941395641526,0.9004456627319215,0.9091706964063702,0.9483690383769473,0.9489223854190127,0.9535090310813961,1.0,0.0,0.0,0.0,0.0,8.359097330390419e-05,-0.5731198860793452,0.5732048090472142,0.02718724416291117
96.2,0.5731163819564549,0.573201410345494,0.5731175616347682,0.01312647304336834,2.987509374165233,0.9312970003173145,0.9341820869543997,0.9583622391294911,0.15651701817493294,0.1605760355072993,0.16106569649520133,2.86600705172747,2.987509374165233,2.997557441290731,1.3664507720368857e-08,0.013795711422973915,0.18126062623604533,0.7275402994462562,0.7301106550657362,0.751528370542266,0.8993877708271262,0.9004395333299463,0.909167110615344,0.9483656809537241,0.9489191554131539,0.9535071509434349,1.0,0.0,0.0,0.0,0.0,8.23262650191392e-05,-0.5731175616347682,0.573201410345494,0.02718708050974062
96.4,0.5731141051293168,0.573198055571498,0.5731152693975181,0.013126707448432903,2.987492476466332,0.9312800851166939,0.9341657466373559,0.9583522100500966,0.15651865611303692,0.1605788499626817,0.16106862199378424,2.8659902778574904,2.987492476466332,2.9975398791495116,1.3689773133950144e-08,0.013796115389886171,0.18126390086068833,0.7275250793723818,0.730095984261159,0.7515196155071651,0.8993814982259821,0.9004334964894833,0.9091635796457769,0.948362374199078,0.9489159741730512,0.9535052995463885,1.0,0.0,0.0,0.0,0.0,8.107994870490409e-05,-0.5731152693975181,0.573198055571498,0.027186917600351048
96.60000000000001,0.573111859716793,0.5731947442251484,0.5731130089542081,0.013126938842547634,2.987475793120912,0.9312634259548129,0.9341496537655964,0.9583423345702164,0.15652026899893745,0.16058162189927538,0.16107150331412065,2.8659737211257417,2.987475793120912,2.9975225378915233,1.3699603357486968e-08,0.013796513793949326,0.1812671300654169,0.7275100893977562,0.7300815353454879,0.7515109944630719,0.8993753203693956,0.9004275508701257,0.9091601026889606,0.9483591173800643,0.9489128409928599,0.9535034764663923,1.0,0.0,0.0,0.0,0.0,7.985177003534683e-05,-0.5731130089542081,0.5731947442251484,0.027186755464928214
96.80000000000001,0.5731096450022858,0.5731914758107632,0.5731107798961361,0.013127167252987126,2.987459321783644,0.9312470191064353,0.934133804736755,0.9583326104168854,0.15652185720232176,0.16058435193299964,0.1610743410958033,2.865957379053816,2.987459321783644,2.99750541515082,1.3672576054278497e-08,0.013796906698780856,0.18127031443409128,0.72749532618316,0.730067305096778,0.7515025054301561,0.8993692358850429,0.9004216951498274,0.9091566789476395,0.9483559097737375,0.9489097551763926,0.953501681285581,1.0,0.0,0.0,0.0,0.0,7.864147799169219e-05,-0.5731107798961361,0.5731914758107632,0.027186594126714078
97.0,0.5731074614491066,0.5731882498369849,0.573108581819114,0.013127392731064485,2.9874430601025828,0.9312308608978552,0.9341181959983389,0.9583230353495752,0.1565234210876328,0.1605870406713394,0.16107713596967357,2.8659412491849245,2.9874430601025828,2.9974885085069265,1.3671064843597216e-08,0.013797294193323328,0.18127345454412283,0.7274807864353042,0.730053290337438,0.7514941464567492,0.8993632434193972,0.9004159280246659,0.909153307635873,0.9483527506670439,0.9489067160369967,0.9534999135920162,1.0,0.0,0.0,0.0,0.0,7.744882481734716e-05,-0.573108581819114,0.5731882498369849,0.02718643359321374
97.2,0.5731053088503585,0.5731850658165304,0.5731064143235258,0.013127615313877483,2.987427005757489,0.9312149477062595,0.9341028240470776,0.9583136071595816,0.15652496101416777,0.1605896887134523,0.1610798885579269,2.8659253290826516,2.9874270057574894,2.997471815607315,1.3706908913096052e-08,0.013797676350781779,0.18127655096639167,0.7274664669062676,0.7300394879336604,0.7514859156188195,0.8993573416375016,0.9004102482086108,0.9091499879788255,0.9483496393567024,0.9489037228974305,0.9534981729795772,1.0,0.0,0.0,0.0,0.0,7.627356593761792e-05,-0.5731064143235258,0.5731850658165304,0.02718627388176377
97.4,0.5731031855794069,0.5731819232662274,0.5731042770144235,0.013127835008791139,2.9874111564754298,0.9311992759590941,0.9340876854283097,0.9583043236694377,0.15652647733617212,0.1605922966502699,0.16108259947421738,2.865909616331137,2.9874111564754298,2.9974553341992674,1.369256773575149e-08,0.013798053211969448,0.18127960426510925,0.7274523643929446,0.7300258947948814,0.751477811019458,0.8993515292227436,0.9004046544333061,0.9091467192125601,0.9483465751490862,0.9489007750897511,0.9534964590478522,1.0,0.0,0.0,0.0,0.0,7.511545991209512e-05,-0.5731042770144235,0.5731819232662274,0.027186115026080263
97.60000000000001,0.5731010923683152,0.5731788217071004,0.5731021695010802,0.013128051871605791,2.9873955099526923,0.9311838421336373,0.934072776735343,0.9582951827328254,0.15652797040285268,0.160594865064603,0.16108526932372716,2.8658941085355023,2.9873955099526923,2.9974390618937337,1.3709506709233964e-08,0.013798424869239293,0.18128261499845688,0.7274384757366692,0.7300125078732217,0.7514698307888087,0.899345804876706,0.900399145447843,0.9091435005840122,0.9483435573601451,0.9488978719551954,0.9534947714021251,1.0,0.0,0.0,0.0,0.0,7.397426843624988e-05,-0.5731021695010802,0.5731788217071004,0.027185957027367813
97.80000000000001,0.573099027996614,0.5731757606646678,0.5731000913975745,0.013128265917339612,2.9873800639440242,0.9311686427554994,0.9340580946088424,0.9582861822341041,0.15652944055845294,0.16059739453124364,0.1610878987034211,2.865878803323339,2.9873800639440247,2.9974229964493073,1.3696922342844854e-08,0.013798791370696839,0.18128558371775078,0.7274247978218806,0.7299993241629452,0.7514619730836628,0.8993401673186192,0.9003937200185421,0.9091403313508262,0.9483405853151166,0.948895012844063,0.9534931096532903,1.0,0.0,0.0,0.0,0.0,7.284975634080926e-05,-0.5731000913975745,0.5731757606646678,0.027185799912700145
98.0,0.573096992923394,0.5731727396686014,0.5730980423221718,0.013128477195404208,2.987364816187508,0.9311536743988806,0.9340436357361911,0.9582773200878785,0.15653088814232222,0.16059988561706975,0.16109048820199803,2.8658636983430066,2.987364816187508,2.9974071355344263,1.3715172024763757e-08,0.013799152800925292,0.18128851096832596,0.7274113275763657,0.7299863406999001,0.7514542360870835,0.8993346152854658,0.9003883769287253,0.909137210781206,0.9483376583485817,0.9488921971155997,0.9534914734177737,1.0,0.0,0.0,0.0,0.0,7.174169151245857e-05,-0.5730980423221718,0.5731727396686014,0.02718564368622674
98.2,0.5730949858948415,0.5731697582527165,0.5730960218977214,0.013128685719410694,2.9873497644747764,0.9311389336855264,0.9340293968509017,0.958268594238315,0.1565323134890258,0.16060233888114334,0.16109303840006706,2.865848791263583,2.9873497644747764,2.997391476944635,1.3701065728392056e-08,0.013799509205623544,0.18129139728896937,0.7273980619703287,0.729973554560999,0.7514466180078138,0.8993291475315996,0.9003831149785061,0.9091341381536776,0.9483347758042651,0.9488894241378856,0.9534898623174088,1.0,0.0,0.0,0.0,0.0,7.064984483232117e-05,-0.5730960218977214,0.5731697582527165,0.02718548837408408
98.4,0.573093007097511,0.5731668159549267,0.5730940297511733,0.013128891532418176,2.9873349065858212,0.9311244172844806,0.9340153747320066,0.9582600026589627,0.15653371692837295,0.16060475487481068,0.16109554987018607,2.865834079774633,2.9873349065858212,2.9973760183980698,1.369528098890002e-08,0.013799860661671104,0.18129424321260945,0.7273849980161854,0.7299609628636852,0.7514391170801242,0.8993237628286654,0.9003779329845734,0.9091311127570278,0.9483319370349924,0.9488866932877218,0.9534882759794051,1.0,0.0,0.0,0.0,0.0,6.95739901564324e-05,-0.5730940297511733,0.5731668159549267,0.027185333982176915
98.60000000000001,0.5730910566123427,0.5731639123173413,0.5730920655138138,0.013129094674940972,2.9873202403210115,0.9311101219110868,0.9340015662034656,0.9582515433524652,0.15653509878546246,0.16060713414180114,0.16109802317703054,2.8658195615867066,2.9873202403210115,2.9973607576436567,1.372904205110544e-08,0.013800207242779923,0.18129704926598034,0.7273721327676708,0.7299485627654084,0.7514317315635672,0.8993184599652336,0.900372829779979,0.9091281338902072,0.9483291414024987,0.948884003950519,0.9534867140362965,1.0,0.0,0.0,0.0,0.0,6.851390430336057e-05,-0.5730920655138138,0.5731639123173413,0.027185180518436363
98.80000000000001,0.5730891332939965,0.5731610468862824,0.5730901288213675,0.013129295161755894,2.9873057635243065,0.9310960443263862,0.9339879681335879,0.9582432143499893,0.15653645938077462,0.160609477218323,0.16110045887749366,2.865805234431412,2.9873057635243065,2.997345692524938,1.3745583650761572e-08,0.013800548994596824,0.18129981596947511,0.7273594633193085,0.7299363514631179,0.7514244597424786,0.8993132377465849,0.9003678042139308,0.9091252008621296,0.948326388277315,0.9488813555201898,0.9534851761258369,1.0,0.0,0.0,0.0,0.0,6.746936700748052e-05,-0.5730901288213675,0.5731610468862824,0.027185028005995374
99.0,0.5730872363945618,0.5731582192123167,0.5730882193137902,0.01312949301549468,2.9872914740496865,0.9310821813367232,0.9339745774344548,0.958235013710816,0.15653779903023687,0.1606117846331585,0.16110285752075082,2.8657910960615833,2.9872914740496865,2.9973308208688074,1.3719304109209023e-08,0.013800885970781659,0.1813025438374425,0.7273469868060702,0.7299243261927546,0.7514172999256271,0.8993080949945735,0.900362855151589,0.9091223129915317,0.948323677038697,0.9488787473990403,0.9534836618909269,1.0,0.0,0.0,0.0,0.0,6.64401608875681e-05,-0.5730882193137902,0.5731582192123167,0.02718487646015965
99.2,0.5730853667545084,0.5731554288501962,0.5730863366350298,0.013129688291299811,2.9872773697364825,0.9310685297931353,0.93396139106133,0.9582269395221558,0.15653911804525272,0.16061405690776248,0.16110521964836141,2.865777144250981,2.987277369736483,2.9973161404250788,1.3735593309880736e-08,0.013801218259488336,0.18130523337852872,0.727334700402832,0.7299124842287295,0.7514102504460556,0.8993030305474056,0.9003579814738525,0.9091194696069107,0.9483210070745083,0.948876178997658,0.9534821709795804,1.0,0.0,0.0,0.0,0.0,6.542607142434598e-05,-0.5730863366350298,0.5731554288501962,0.027184725875980215
99.4,0.5730835231102013,0.5731526753588727,0.5730844804334382,0.013129881000413818,2.987263448485791,0.9310550865903667,0.9339484060121025,0.9582189898985494,0.15654041673279834,0.16061629455635482,0.1611075457944359,2.8657633767943635,2.987263448485791,2.9973016491010855,1.3726984754638202e-08,0.013801545901317607,0.1813078850950882,0.7273226013234975,0.7299008228834335,0.7514033096605589,0.8992980432592812,0.9003531820771609,0.9091166700463137,0.9483183777810319,0.9488736497348096,0.9534807030448151,1.0,0.0,0.0,0.0,0.0,6.44268869105652e-05,-0.5730844804334382,0.5731526753588727,0.027184576276722546
99.60000000000001,0.5730817059051045,0.5731499583012086,0.573082650361222,0.01313007118906682,2.9872497081815914,0.9310418486671272,0.9339356193267166,0.9582111629815627,0.1565416953954712,0.16061849808601497,0.16110983648558752,2.865749791506043,2.9872497081815914,2.9972873447079027,1.3751386824333663e-08,0.01380186897403803,0.1813104994839686,0.7273106868212427,0.7298893395067364,0.751396475949427,0.8992931320004975,0.9003484558732915,0.9091139136572357,0.9483157885630256,0.9488711590373319,0.953479257744599,1.0,0.0,0.0,0.0,0.0,6.344239839096988e-05,-0.573082650361222,0.5731499583012086,0.027184427661717667
99.80000000000001,0.573079914128403,0.5731472772441699,0.5730808460748262,0.013130258873039417,2.9872361467561923,0.931028813004837,0.9339230280866395,0.9582034569393595,0.15654295433155888,0.1606206679967707,0.16111209224114603,2.8657363862208496,2.9872361467561923,2.9972732251687146,1.3760352533978788e-08,0.013802187522318586,0.18131307703596247,0.7272989541873925,0.7298780314855159,0.75138974771607,0.8992882956569895,0.9003438017891666,0.9091111997964691,0.9483132388334796,0.9488687063400328,0.953477834741771,1.0,0.0,0.0,0.0,0.0,6.247239964775331e-05,-0.5730808460748262,0.5731472772441699,0.02718428004922545
100.0,0.5730781471348746,0.573144631759003,0.5730790672347684,0.013130444075309385,2.987222762152577,0.9310159766271563,0.9339106294143157,0.9581958699664818,0.1565441938350737,0.16062280478168853,0.16111431357323577,2.865723158795015,2.9872227621525775,2.9972592883960094,1.3732575991573619e-08,0.01380250159816145,0.18131561823604506,0.7272874007510091,0.7298668962431767,0.7513831233868297,0.8992835331301623,0.9003392187666601,0.9091085278300285,0.9483107280135288,0.9488662910855881,0.9534764337040024,1.0,0.0,0.0,0.0,0.0,6.151668720498493e-05,-0.5730790672347684,0.573144631759003,0.027184133450872196
100.2,0.5730764054535533,0.5731420214211453,0.5730773135054756,0.013130626842798471,2.9872095523076236,0.931003336599526,0.9338984204726093,0.958188400283536,0.15654541419580298,0.16062490892696746,0.16111650098685196,2.8657101071057265,2.9872095523076236,2.9972455322488756,1.3730328743489123e-08,0.0138028112788928,0.18131812356360621,0.7272760238784853,0.7298559312391592,0.751376601410712,0.8992788433367256,0.9003347057623967,0.9091058971330437,0.948308255532366,0.9488639127244373,0.9534750543037406,1.0,0.0,0.0,0.0,0.0,6.057506029023829e-05,-0.5730773135054756,0.5731420214211453,0.02718398786291748
100.4,0.5730746889428042,0.5731394458099632,0.5730755845553395,0.013130807208213744,2.987196515190226,0.930990890028644,0.9338863984642661,0.9581810461366624,0.15654661569939463,0.1606269809120278,0.1611186549799482,2.865697229049816,2.987196515190226,2.9972319546551676,1.3765277089565166e-08,0.013803116626189686,0.18132059349237215,0.7272648209730828,0.7298451339684621,0.7513701802589234,0.8992742252085075,0.900330261747558,0.9091033070895735,0.9483058208271433,0.9488615707146805,0.9534736962181112,1.0,0.0,0.0,0.0,0.0,5.964732075831869e-05,-0.5730755845553395,0.5731394458099632,0.027183843291772668
100.60000000000001,0.5730729960494169,0.5731369045087716,0.5730738800568077,0.013130985174704955,2.9871836488166434,0.9309786340619461,0.9338745606314096,0.958173805797029,0.15654779862743884,0.16062902120959557,0.16112077604352323,2.8656845225438583,2.9871836488166434,2.9972185536427656,1.3750172192288426e-08,0.013803417669608296,0.18132302849027476,0.7272537894744713,0.7298345019612013,0.7513638584244352,0.8992696776922657,0.900325885707704,0.909100757092431,0.9483034233428743,0.9488592645219852,0.953472359128827,1.0,0.0,0.0,0.0,0.0,5.873327305018494e-05,-0.5730738800568077,0.5731369045087716,0.027183699760440837
100.80000000000001,0.5730713275669939,0.573134397104909,0.5730721996859498,0.01313116079364514,2.987170951172695,0.9309665658872895,0.9338629042550114,0.9581666775608226,0.15654896325746862,0.16063103028579062,0.16112286466167275,2.865671985524545,2.9871709511726956,2.9972053271043517,1.3766230737115192e-08,0.013803714490120751,0.1813254290200717,0.7272429268584558,0.7298240327821394,0.7513576344219742,0.8992651997495783,0.9003215766425808,0.90909824654318,0.9483010625323752,0.9488569936194864,0.9534710427221864,1.0,0.0,0.0,0.0,0.0,5.783272419955521e-05,-0.5730721996859498,0.573134397104909,0.027183557259826737
101.0,0.5730696823474853,0.5731319231900187,0.5730705431230294,0.013131334075855405,2.9871584203024963,0.9309546827315648,0.9338514266543854,0.9581596597488586,0.15655010986302242,0.1606330086002116,0.16112492131182674,2.8656596159500936,2.9871584203024963,2.997192273080152,1.3753005918755931e-08,0.01380400712477613,0.18132779553852924,0.7272322306357302,0.7298137240302394,0.7513515067876887,0.8992607903563313,0.90031733356594,0.9090957748520019,0.9482987378559964,0.9488547574876895,0.9534697466890026,1.0,0.0,0.0,0.0,0.0,5.69454838372091e-05,-0.5730705431230294,0.5731319231900187,0.02718341580687873
101.2,0.573068060907473,0.5731294823596995,0.5730689100518993,0.013131505066272068,2.987146054233739,0.9309429818610622,0.9338401251866583,0.9581527507062225,0.15655123871370194,0.16063495660602384,0.16112694646468328,2.8656474117984976,2.987146054233739,2.997179389521405,1.377036562521372e-08,0.013804295646899781,0.18133012849728672,0.7272216983522184,0.7298035733381972,0.7513454740788369,0.899256448502863,0.900313155505348,0.9090933414375701,0.9482964487816976,0.9488525556143722,0.9534684707245394,1.0,0.0,0.0,0.0,0.0,5.607136411735214e-05,-0.5730689100518993,0.5731294823596995,0.027183275396067522
101.4,0.5730664620676709,0.5731270742134805,0.5730673001603898,0.013131673774392562,2.9871338510471994,0.9309314605805388,0.9338289972462838,0.9581459488016686,0.15655235007526944,0.16063687475004085,0.1611289405843674,2.8656353710674023,2.9871338510472,2.997166674505734,1.375571928353546e-08,0.013804580091397851,0.18133242834230026,0.7272113275882386,0.729793578372013,0.7513395348732625,0.8992521731936205,0.9003090415020121,0.9090909457268396,0.9482941947848682,0.9488503874944908,0.9534672145283996,1.0,0.0,0.0,0.0,0.0,5.5210179661188685e-05,-0.5730673001603898,0.5731270742134805,0.027183136043921877
101.60000000000001,0.5730648860719453,0.573124698354767,0.5730657131398362,0.01313184023883688,2.9871218088121556,0.9309200920229099,0.933818040264541,0.958139252427518,0.15655344420966336,0.16063876347280795,0.16113090831893712,2.865623491773835,2.987121808812156,2.997154126034541,1.3749292989201717e-08,0.013804860524101192,0.1813346955145197,0.727201094165433,0.7297837368305453,0.7513336877693135,0.8992479544629224,0.9003049906105995,0.9090885871550145,0.9482919706117071,0.9488482526300881,0.9534659778045087,1.0,0.0,0.0,0.0,0.0,5.4361747543918426e-05,-0.5730657131398362,0.573124698354767,0.027182997747212646
101.80000000000001,0.5730633330592625,0.5731223543909265,0.5730641486853083,0.01313200449571631,2.987109925617966,0.9309087241432281,0.9338072517090452,0.9581326599994375,0.15655452137503387,0.1606406232086846,0.1611328759842208,2.8656117719546326,2.9871099256179665,2.997141742140004,1.378195109094064e-08,0.013805137007795542,0.18133693044955954,0.7271908612229733,0.7297740464450799,0.751327931385643,0.8992437358906659,0.90030100189906,0.9090862651654689,0.9482897465168617,0.9488461505301975,0.9534647602610737,1.0,0.0,0.0,0.0,0.0,5.352588728516072e-05,-0.5730641486853083,0.5731223543909265,0.027182860504976803
102.0,0.573061801957692,0.5731200419332956,0.5730626064957186,0.013132166555738137,2.987098199596916,0.9308975309738008,0.9337966290832692,0.9581261699559528,0.15655558182582135,0.16064245438592398,0.16113481345587713,2.8656002096664777,2.987098199596916,2.997129520948022,1.3797594625990382e-08,0.013805409577636422,0.18133913357754466,0.727180785421258,0.7297645049789078,0.7513222643607962,0.8992395820616479,0.9002970744484566,0.9090839792095804,0.9482875565505297,0.9488440807107558,0.9534635616104954,1.0,0.0,0.0,0.0,0.0,5.2702420810096795e-05,-0.5730626064957186,0.5731200419332956,0.02718272433151921
102.2,0.573060292087533,0.5731177605971974,0.5730610862736163,0.013132326437383745,2.987086628890993,0.930886509925867,0.9337861699260736,0.9581197807581093,0.15655662581281116,0.16064425742675198,0.1611367211798413,2.865588802985987,2.987086628890993,2.9971174605681603,1.377097326083109e-08,0.013805678276790277,0.18134130532340514,0.7271708644358043,0.7297551102269062,0.7513166853529085,0.8992354920193636,0.9002932073527935,0.9090817287466093,0.9482854002086606,0.9488420426945114,0.9534623815693054,1.0,0.0,0.0,0.0,0.0,5.1891172421117404e-05,-0.5730610862736163,0.5731177605971974,0.027182589233649187
102.4,0.573058804334481,0.5731155100018764,0.5730595877249499,0.013132484191204111,2.987075211627513,0.9308756584473399,0.9337758718112129,0.9581134908893568,0.1565576535831516,0.1606460327474498,0.16113859959577573,2.865577550009382,2.987075211627513,2.99710555903405,1.3786391677112714e-08,0.013805943182533312,0.1813434461072143,0.72716109597494,0.7297458600151042,0.751311193039612,0.8992314648207725,0.9002893997188396,0.9090795132436617,0.9482832769942949,0.9488400360109325,0.9534612198581467,1.0,0.0,0.0,0.0,0.0,5.1091968781113994e-05,-0.5730595877249499,0.5731155100018764,0.027182455198431387
102.60000000000001,0.573057337509737,0.5731132897705011,0.5730581105594819,0.013132639824475293,2.9870639459943993,0.9308649740219969,0.9337657323468808,0.9581072988550277,0.15655866538043842,0.1606477807584305,0.16114044913720796,2.8655664488525057,2.9870639459943993,2.9970938145347747,1.3777287151015999e-08,0.013806204325329264,0.1813455563435973,0.7271514777790764,0.7297367522002782,0.7513057861175817,0.8992274995360007,0.9002856506659637,0.9090773321755061,0.9482811864174066,0.9488380601961209,0.9534600762016779,1.0,0.0,0.0,0.0,0.0,5.0304638869819174e-05,-0.5730581105594819,0.5731132897705011,0.027182322241002276
102.80000000000001,0.5730558921035852,0.5731110995298714,0.5730566544902416,0.013132793378917552,2.987052830162412,0.9308544541698256,0.933755749175238,0.9581012031821,0.15655966144475292,0.1606495018643178,0.16114227023146835,2.865555497649357,2.987052830162412,2.997082225164588,1.3800626323098209e-08,0.013806461772314043,0.18134763644251195,0.7271420076210316,0.7297277846695361,0.7513004633023251,0.8992235952484763,0.9002819593259649,0.9090751850244908,0.948279127994975,0.948836114792721,0.9534589503285297,1.0,0.0,0.0,0.0,0.0,4.9529013927143706e-05,-0.5730566544902416,0.5731110995298714,0.02718219035314778
103.0,0.5730544671776235,0.5731089389105994,0.5730552192339105,0.013132944866349229,2.987041862349439,0.9308440964458008,0.933745919971978,0.9580952024188403,0.1565606420127194,0.16065119646401907,0.16114406329989964,2.865544694552997,2.987041862349439,2.9970707891278985,1.380879034167344e-08,0.013806715558183172,0.18134968680869926,0.7271326833049326,0.7297189553399305,0.7512952233278806,0.8992197510544782,0.9002783248429163,0.909073071280421,0.9482771012507474,0.9488341993498395,0.9534578419712403,1.0,0.0,0.0,0.0,0.0,4.876492744469718e-05,-0.5730552192339105,0.5731089389105994,0.0271820595454796
103.2,0.5730530621530825,0.5731068075472728,0.5730538045106554,0.01313309430569263,2.9870310407834264,0.9308338984395405,0.9337362424458776,0.9580892951346516,0.15656160731752955,0.16065286495080097,0.1611458287579143,2.865534037736364,2.9870310407834264,2.997059504618427,1.3780927034486587e-08,0.013806965724944564,0.18135170784192092,0.7271235026659111,0.7297102621580611,0.7512900649466832,0.899215966063013,0.9002747463730008,0.9090709904405062,0.9482751057151739,0.9488323134229587,0.9534567508662287,1.0,0.0,0.0,0.0,0.0,4.801221517532206e-05,-0.5730538045106554,0.5731068075472728,0.027181929822293047
103.4,0.5730516776011881,0.573104705078362,0.5730524100439756,0.013133241739346787,2.987020363685914,0.930823857774931,0.9337267143383352,0.9580834799198304,0.15656255758898122,0.16065450771236683,0.16114756701505745,2.8655235253918097,2.987020363685914,2.9970483697774117,1.3778169065104083e-08,0.013807212339510258,0.1813536999371778,0.7271144635697729,0.7297017030996653,0.7512849869293502,0.8992122393956801,0.9002712230843469,0.9090689420092744,0.9482731409253368,0.9488304565738487,0.9534556767537488,1.0,0.0,0.0,0.0,0.0,4.727071509788572e-05,-0.5730524100439756,0.573104705078362,0.02718180117302443
103.60000000000001,0.5730503134333793,0.5731026311459546,0.5730510355607579,0.013133387195745498,2.987009829309394,0.9308139721097253,0.9337173334229284,0.9580777553851032,0.15656349305355377,0.16065612513093136,0.16114927847507413,2.865513155729773,2.9870098293093945,2.997037382813468,1.3811849126030216e-08,0.013807455453483138,0.18135566348463164,0.7271055639126422,0.7296932761692263,0.7512799880642846,0.8992085701865264,0.9002677541568658,0.9090669254984117,0.9482712064248743,0.9488286283704839,0.9534546193778062,1.0,0.0,0.0,0.0,0.0,4.6540267348779696e-05,-0.5730510355607579,0.5731026311459546,0.027181673597297003
103.80000000000001,0.573048968179697,0.5731005853957641,0.5730496807913636,0.013133530674411312,2.9869994359522014,0.930804239135118,0.9337080975050016,0.9580721201611879,0.15656441393447887,0.16065771758328912,0.16115096353598105,2.8655029269788206,2.9869994359522014,2.9970265420328768,1.3796430513768764e-08,0.013807695087107138,0.1813575988694805,0.7270968016205823,0.7296849793996096,0.7512750671572921,0.8992049575818927,0.9002643387821061,0.9090649404266097,0.9482693017638995,0.9488268283869653,0.9534535784860774,1.0,0.0,0.0,0.0,0.0,4.582071418375577e-05,-0.5730496807913636,0.5731005853957641,0.027181547111171614
104.0,0.5730476426680907,0.5730985674771991,0.5730483454692116,0.013133672222120696,2.986989181882285,0.9307946565754355,0.933699004421232,0.9580665728988499,0.15656532045173085,0.16065928544088842,0.16115262259011837,2.8654928373859954,2.986989181882285,2.9970158456090963,1.3811553625394028e-08,0.013807931311085372,0.1813595064725549,0.7270881746493244,0.7296768108516727,0.7512702230316288,0.8992014007403014,0.9002609761630932,0.9090629863195837,0.9482674264989417,0.9488250562034368,0.9534525538299206,1.0,0.0,0.0,0.0,0.0,4.5111899990471493e-05,-0.5730483454692116,0.5730985674771991,0.02718142169944086
104.2,0.5730463357328752,0.573096577043645,0.5730470293313514,0.013133811844040449,2.986979065425975,0.9307852221868622,0.9336900520392137,0.9580611122685667,0.15656621282208094,0.16066082906990087,0.16115425602436817,2.865482885218225,2.986979065425975,2.9970052918653054,1.3791423428814896e-08,0.013808164151125358,0.18136138666949783,0.7270796809831229,0.729668768613903,0.7512654545277142,0.8991978988319886,0.900257665514182,0.9090610627099587,0.9482655801926997,0.9488233114060067,0.9534515451643145,1.0,0.0,0.0,0.0,0.0,4.441367129724705e-05,-0.5730470293313514,0.573096577043645,0.027181297373729946
104.4,0.5730450478325897,0.573094613752133,0.573045732117875,0.013133949578653147,2.986969084892962,0.9307759337579421,0.9336812382570229,0.9580557369602335,0.1565670912591447,0.16066234883129513,0.16115586422006592,2.865473068760665,2.986969084892962,2.996994879036612,1.3787906918322862e-08,0.01380839366843144,0.1813632398316071,0.7270713186352165,0.7296608508020243,0.7512607605028726,0.8991944510390939,0.9002544060608959,0.9090591691371648,0.9482637624141418,0.9488215935866648,0.9534505522478048,1.0,0.0,0.0,0.0,0.0,4.372587670685435e-05,-0.573045732117875,0.573094613752133,0.027181174123695716
104.60000000000001,0.5730437790444631,0.5730926772631272,0.5730444535720576,0.013134085456254163,2.9869592386177133,0.9307667891089496,0.9336725610028028,0.9580504456827431,0.15656795597345013,0.16066384508090578,0.16115744755310768,2.8654633863156356,2.9869592386177133,2.996984605404836,1.382409861724727e-08,0.013808619915126217,0.18136506632563199,0.7270630856472612,0.729653055558636,0.751256139830971,0.8991910565554286,0.9002511970397802,0.9090573051472916,0.9482619727383844,0.9488199023432026,0.9534495748424274,1.0,0.0,0.0,0.0,0.0,4.304836683377555e-05,-0.5730444535720576,0.5730926772631272,0.027181051945101408
104.80000000000001,0.5730425281881648,0.5730907672406241,0.5730431934404542,0.01313421948079903,2.9869495249775615,0.9307577860913011,0.9336640182343793,0.9580452371636923,0.1565688071724852,0.16066531816949878,0.1611590063940502,2.8654538362031206,2.9869495249775615,2.9969744693452465,1.3833148724585e-08,0.013808842914753238,0.18136686651363687,0.7270549800888082,0.7296453810528672,0.7512515914021594,0.8991877145862621,0.9002480376982612,0.9090554702929845,0.9482602107465791,0.9488182372791423,0.9534486127136537,1.0,0.0,0.0,0.0,0.0,4.238099429201836e-05,-0.5730431934404542,0.5730907672406241,0.02718093084937269
105.0,0.5730412947995503,0.5730888833524052,0.5730419514727899,0.013134351670745763,2.986939942351785,0.930748922587086,0.9336556079388632,0.9580401101493226,0.15656964506070692,0.1606667684428386,0.1611605411081904,2.865444416762026,2.986939942351785,2.9969644691959356,1.3801648880922243e-08,0.013809062706154458,0.1813686407531572,0.727047000056887,0.7296378254800258,0.7512471141228269,0.899184424348151,0.9002449272945023,0.9090536641334266,0.948258476025823,0.9488165980036587,0.9534476656303817,1.0,0.0,0.0,0.0,0.0,4.172361372098421e-05,-0.5730419514727899,0.5730888833524052,0.027180810836341347
105.2,0.5730400799517651,0.5730870252699412,0.5730407274217763,0.013134482076069954,2.986930489104478,0.9307401965086678,0.9336473281322278,0.9580350634044131,0.1565704698395583,0.16066819624175918,0.161162052055633,2.8654351263497055,2.986930489104478,2.9969546032223766,1.3823323504694675e-08,0.013809279361752106,0.18137038939746244,0.7270391436756489,0.7296303870612215,0.7512427069155039,0.8991811850687935,0.9002418650972506,0.9090518862343003,0.9482567681690822,0.9488149841314999,0.953446733364916,1.0,0.0,0.0,0.0,0.0,4.1076081765845096e-05,-0.5730407274217763,0.5730870252699412,0.02718069188701869
105.4,0.5730388822164425,0.5730851926682475,0.5730395210434649,0.013134610694654792,2.986921163668049,0.9307316057981168,0.9336391768589282,0.9580300957116263,0.1565712817075749,0.16066960190222834,0.16116353959138702,2.8654259633412376,2.986921163668049,2.996944869869959,1.3811939764401977e-08,0.013809492897734971,0.18137211279505,0.727031409095858,0.7296230640430282,0.7512383687182963,0.8991779959868212,0.9002388503856981,0.9090501361675588,0.9482550867750815,0.9488133952829135,0.9534458156928476,1.0,0.0,0.0,0.0,0.0,4.043825700421333e-05,-0.5730395210434649,0.5730851926682475,0.02718057401593572
105.60000000000001,0.5730377022339701,0.5730833852255681,0.573038332096622,0.013134737566937279,2.986911964448509,0.9307231484276653,0.9336311521915044,0.9580252058713437,0.15657208086041108,0.16067098575541433,0.1611650040652855,2.8654169261278404,2.986911964448509,2.9969352674627534,1.3831638358545933e-08,0.013809703375740364,0.18137381129053998,0.7270237944953127,0.729615854697134,0.7512340984847401,0.8991748563519739,0.9002358824493405,0.9090484135113687,0.9482534314483978,0.9488118310835734,0.953444912393024,1.0,0.0,0.0,0.0,0.0,3.980999989237899e-05,-0.573038332096622,0.5730833852255681,0.02718045720921536
105.80000000000001,0.5730365388842573,0.5730816026237036,0.5730371603432681,0.013134862696599406,2.986902889904691,0.9307148223982801,0.9336232522302242,0.958020392701442,0.15657286749087612,0.16067234812774664,0.16116644582223125,2.865408013118518,2.9869028899046914,2.9969257944544108,1.38188212600198e-08,0.013809910817654128,0.18137548522390265,0.7270162980775556,0.72960875732002,0.75122989518361,0.8991717654245683,0.9002329605878454,0.9090467178500322,0.9482518017991793,0.9488102911645098,0.9534440232475085,1.0,0.0,0.0,0.0,0.0,3.9191172786945394e-05,-0.5730371603432681,0.5730816026237036,0.027180341476084554
106.0,0.5730353928520553,0.573079844547994,0.5730360055482026,0.013134986124392567,2.9868939384743327,0.9307066257397706,0.9336154751026892,0.9580156550373238,0.15657364178892888,0.16067368934098242,0.16116786520217663,2.8653992227399696,2.986893938474333,2.996916449199629,1.3839722347509785e-08,0.013810115284922967,0.18137713493113913,0.7270089180719824,0.7296017702326123,0.7512257577989477,0.8991687224755454,0.9002300841109083,0.9090450487739997,0.9482501974431711,0.9488087751620325,0.953443148041587,1.0,0.0,0.0,0.0,0.0,3.858163994685526e-05,-0.5730360055482026,0.573079844547994,0.02718022680166298
106.2,0.5730342633248323,0.5730781106873237,0.5730348674794311,0.013135107859765776,2.9868851086423396,0.9306985565100259,0.9336078189634651,0.9580109917314262,0.15657440394175745,0.16067500971226872,0.16116926254025424,2.8653905534366184,2.9868851086423396,2.996907230168532,1.3851873086708681e-08,0.01381031680510676,0.18137876074366974,0.7270016527331524,0.7295948917799532,0.7512216853296296,0.8991657267861859,0.9002272523381225,0.9090434058796953,0.948248618001565,0.9488072827176638,0.9534422865636764,1.0,0.0,0.0,0.0,0.0,3.798126749071651e-05,-0.5730348674794311,0.5730781106873237,0.027180113191262144
106.4,0.5730331496082233,0.5730764007339867,0.573033745907866,0.01313522791432215,2.9868763989072225,0.9306906127950434,0.9336002819937188,0.958006401652885,0.15657515413383383,0.16067630955420392,0.16117063816677066,2.865382003669933,2.986876398907223,2.996898135833432,1.382273803323819e-08,0.013810515407827084,0.18138036298876284,0.726994500340823,0.7295881203308782,0.7512176767890799,0.8991627776481266,0.9002244645988423,0.9090417887694017,0.9482470631010086,0.9488058134780669,0.9534414386052639,1.0,0.0,0.0,0.0,0.0,3.738992335389213e-05,-0.573033745907866,0.5730764007339867,0.027180000647123084
106.60000000000001,0.5730320522910658,0.5730747143836309,0.573032640607114,0.013135346325949081,2.9868678077568713,0.9306827927084801,0.9335928624008452,0.9580018836874614,0.1565758925469253,0.160677589174901,0.1611719924072829,2.865373571918154,2.9868678077568713,2.996889164602382,1.3811489668099248e-08,0.013810711150693359,0.18138194198983718,0.7269874591995453,0.7295814542776844,0.7512137312052058,0.8991598743631944,0.9002217202320509,0.9090401970512336,0.9482455323735176,0.9488043670949752,0.9534406039608941,1.0,0.0,0.0,0.0,0.0,3.6807477273165246e-05,-0.573032640607114,0.5730747143836309,0.027179889154740403
106.80000000000001,0.5730309715543292,0.5730730513351926,0.573031551353642,0.013135463123811631,2.986859333703456,0.9306750943910989,0.9335855584181024,0.9579974367373375,0.15657661936012757,0.16067884887804915,0.16117332558269287,2.865365256675963,2.986859333703456,2.99688031493515,1.3844690400744343e-08,0.013810904081695908,0.18138349806622558,0.7269805276381724,0.7295748920358062,0.7512098476202194,0.8991570162432043,0.900219018586227,0.9090386303390675,0.9482440254563697,0.9488029432251218,0.9534397824281313,1.0,0.0,0.0,0.0,0.0,3.6233800763008084e-05,-0.573031551353642,0.5730730513351926,0.027179778706898663
107.0,0.5730299059376225,0.5730714112909241,0.5730304779269684,0.013135578302803342,2.986850975308887,0.930667516010468,0.9335783683042804,0.9579930597206867,0.15657733474993454,0.1606800889629695,0.16117463800929827,2.8653570564546205,2.986850975308887,2.9968715854056995,1.3833520623943545e-08,0.013811094211762093,0.18138503153290228,0.7269737040095899,0.72956843204352,0.7512060250902646,0.8991542026098499,0.900216359019223,0.9090370882523907,0.9482425419920466,0.948801541530178,0.9534389738074805,1.0,0.0,0.0,0.0,0.0,3.56687670830802e-05,-0.5730304779269684,0.5730714112909241,0.027179669316556344
107.2,0.5730288561710273,0.5730697939563323,0.5730294201091254,0.013135691902895538,2.9868427311053796,0.9306600557609351,0.9335712903433394,0.9579887515716532,0.15657803889024127,0.16068130972467673,0.16117592999879593,2.865348969781661,2.9868427311053796,2.99686297445842,1.3848062791103966e-08,0.013811281600009483,0.1813865427012494,0.7269669866906947,0.7295620727616225,0.7512022626854008,0.899151432794695,0.9002137408981354,0.9090355704162947,0.9482410816282306,0.9488001616766821,0.9534381779023845,1.0,0.0,0.0,0.0,0.0,3.511225122743156e-05,-0.5730294201091254,0.5730697939563323,0.02717956096653013
107.4,0.5730278212269238,0.5730681990404464,0.5730283776852048,0.013135803927365356,2.9868345996770986,0.9306527118623906,0.9335643228440766,0.9579845112400758,0.15657873195238878,0.16068251145393564,0.16117720185849466,2.865340995202232,2.9868345996770986,2.9968544806713253,1.3828526765363382e-08,0.01381146626589376,0.1813880318782789,0.7269603740812897,0.7295558126731355,0.7511985594893599,0.899148706138719,0.9002111635991829,0.909034076461378,0.948239644017564,0.9487988033359765,0.9534373945191725,1.0,0.0,0.0,0.0,0.0,3.456412993524394e-05,-0.5730283776852048,0.5730681990404464,0.02717945366361263
107.60000000000001,0.5730268015818292,0.5730666262555746,0.5730273504428571,0.013135914410358801,2.98682657959249,0.9306454825606983,0.9335574641397638,0.9579803376913207,0.15657941410519097,0.16068369443732175,0.16117845389123966,2.8653331312778727,2.98682657959249,2.996846102540635,1.3824846435176534e-08,0.013811648261802287,0.18138949936734683,0.7269538646044691,0.7295496502829811,0.7511949145994068,0.8991460219924775,0.9002086265075738,0.9090326060236904,0.9482382288177342,0.9487974661841381,0.9534366234670308,1.0,0.0,0.0,0.0,0.0,3.402428164779592e-05,-0.5730273504428571,0.5730666262555746,0.027179347394304255
107.80000000000001,0.5730257973402297,0.5730650753170841,0.5730263381724221,0.013136023378058323,2.9868186694429952,0.9306383661272079,0.9335507125878125,0.9579762299059191,0.1565800855149936,0.16068485895727908,0.16117968639549585,2.86532537658542,2.9868186694429952,2.996837838607435,1.3858788039827945e-08,0.01381182763133679,0.18139094546796825,0.7269474567061847,0.7295435841176852,0.7511913271260167,0.8991433797159228,0.9002061290173844,0.9090311587446023,0.9482368356913798,0.9487961499019145,0.953435864557935,1.0,0.0,0.0,0.0,0.0,3.349258644883002e-05,-0.5730263381724221,0.5730650753170841,0.02717924215121638
108.0,0.5730248074105238,0.5730635459434462,0.5730253406669984,0.013136130831611623,2.9868108678600374,0.9306312614753065,0.9335440665694587,0.9579721868792875,0.15658074634571958,0.16068600529217253,0.16118091687808633,2.865317729717231,2.986810867860038,2.9968296875010685,1.3866331785332832e-08,0.013812004390974993,0.18139237047571652,0.7269410593656798,0.7295376127250972,0.7511877961926373,0.8991407417773438,0.9002036705314458,0.9090297342707093,0.9482354448501583,0.9487948541746642,0.9534351176065995,1.0,0.0,0.0,0.0,0.0,3.296892604802426e-05,-0.5730253406669984,0.5730635459434462,0.02717913794199304
108.2,0.5730238313996964,0.5730620378564676,0.57302435772233,0.013136236786346634,2.9868031734757174,0.9306242518589027,0.9335375244894408,0.9579682076217014,0.15658139675887295,0.16068713371634305,0.16118213091951783,2.865310189282338,2.9868031734757174,2.9968216478134506,1.3835743833051595e-08,0.013812178572205742,0.18139377468238568,0.7269347475495677,0.7295317346741016,0.7511843209356662,0.8991381390895146,0.9002012504612246,0.9090283322538238,0.9482340725927361,0.9487935786922931,0.9534343824304728,1.0,0.0,0.0,0.0,0.0,3.245318380594442e-05,-0.57302435772233,0.5730620378564676,0.027179034763096646
108.4,0.5730228703625974,0.5730605507812297,0.5730233891366595,0.01313634128729916,2.9867955849071484,0.9306173518224556,0.9335310847756528,0.9579642911582581,0.15658203691354464,0.1606882445001667,0.16118332599994029,2.865302753906149,2.9867955849071484,2.996813718067542,1.385647270706136e-08,0.013812350238214189,0.18139515837620052,0.7269285343565826,0.7295259485543105,0.7511809005044164,0.8991355770543787,0.9001988682266969,0.909026952350961,0.9482327217673545,0.9487923231491897,0.9534336588497311,1.0,0.0,0.0,0.0,0.0,3.194524472488469e-05,-0.5730233891366595,0.5730605507812297,0.027178932593354545
108.60000000000001,0.5730219229587166,0.5730590844459629,0.5730224347110763,0.01313644432963535,2.9867881008359154,0.9306105597092417,0.933524745878834,0.9579604365282983,0.15658266696650677,0.1606893379101067,0.1611845024054592,2.8652954222298144,2.9867881008359154,2.9968058969580325,1.3845219765060951e-08,0.013812519398386527,0.1813965218413196,0.7269224182971782,0.7295202529757867,0.7511775340606143,0.8991330550584055,0.9001965232562368,0.9090255942241364,0.9482313920506223,0.948791087244165,0.9534329466871712,1.0,0.0,0.0,0.0,0.0,3.144499538480783e-05,-0.5730224347110763,0.5730590844459629,0.02717883144383174
108.80000000000001,0.5730209898375516,0.5730576385817187,0.5730214942488979,0.013136545949488513,2.9867807199171423,0.9306038738872013,0.9335185062722452,0.9579566427852768,0.15658328707223346,0.16069041420876848,0.16118566041793794,2.865288192908593,2.986780719917143,2.996798183061677,1.3863690295384084e-08,0.01381268610591332,0.1813978653587173,0.7269163979039377,0.7295146465687548,0.7511742207782873,0.8991305724971653,0.9001942149864961,0.909024257540321,0.9482300831239435,0.9487898706803898,0.9534322457681877,1.0,0.0,0.0,0.0,0.0,3.0952323891303424e-05,-0.5730214942488979,0.5730576385817187,0.027178731298303997
109.0,0.5730200699624085,0.5730562129226803,0.5730205675561955,0.013136646147805336,2.9867734408555506,0.930597292747588,0.9335123644513791,0.9579529089965715,0.15658389738293163,0.160691473654949,0.16118680031523097,2.8652810646134013,2.986773440855551,2.9967905750786716,1.3851001754753773e-08,0.013812850375966648,0.18139918920543507,0.7269104717303561,0.7295091279833449,0.7511709598435977,0.8991281287748275,0.9001919428623014,0.9090229419713746,0.9482287946732528,0.9487886731653402,0.953431555920738,1.0,0.0,0.0,0.0,0.0,3.0467119896598893e-05,-0.5730205675561955,0.5730562129226803,0.027178632162822545
109.2,0.57301916402208,0.5730548072061455,0.5730196544413428,0.013136744961002507,2.986766262334698,0.9305908147051534,0.9335063189336382,0.9579492342435577,0.15658449804852878,0.16069251650369185,0.16118792237115054,2.8652740360307276,2.986766262334698,2.9967830716135717,1.3870659523728005e-08,0.0138130122616193,0.1814004936552245,0.7269046383510156,0.7295036958893026,0.7511677504549085,0.8991257233042345,0.9001897063365333,0.909021647194072,0.9482275263890545,0.948787494410736,0.9534308769753556,1.0,0.0,0.0,0.0,0.0,2.9989274606498362e-05,-0.5730196544413428,0.5730548072061455,0.027178534020454448
109.4,0.5730182712721259,0.5730534211725357,0.5730187547154274,0.013136842395551544,2.9867591830822633,0.9305844381974877,0.9335003682580348,0.9579456176211835,0.15658508921674197,0.16069354300633723,0.16118902685558034,2.8652671058626784,2.9867591830822637,2.9967756713806257,1.3881963080004328e-08,0.013813171783562776,0.18140177897796075,0.7268988963609884,0.7294983489757252,0.7511645918224128,0.899123355506655,0.9001875048700198,0.9090203728899545,0.9482262779662929,0.9487863341324806,0.9534302087650728,1.0,0.0,0.0,0.0,0.0,2.9518680744383685e-05,-0.5730187547154274,0.5730534211725357,0.027178436873709116
109.60000000000001,0.5730173910803043,0.57305205456526,0.573017868191965,0.01313693845999171,2.9867522018379224,0.9305781616851071,0.9334945109848944,0.9579420582376756,0.15658567103312568,0.16069455341057284,0.16119011403445938,2.8652602728263,2.9867522018379224,2.9967683730952315,1.3853704707433106e-08,0.013813328964509097,0.18140304544004987,0.7268932443759206,0.7294930859507935,0.7511614831678781,0.8991210248118204,0.900185337931427,0.9090191187452267,0.9482250491043717,0.9487851920506076,0.953429551125366,1.0,0.0,0.0,0.0,0.0,2.905523250962272e-05,-0.573017868191965,0.57305205456526,0.02717834072224586
109.80000000000001,0.5730165240422547,0.5730507071306626,0.5730169946867023,0.013137033188042118,2.986745317330128,0.9305719836510037,0.9334887456955508,0.9579385552145083,0.15658624364107668,0.160695547960486,0.16119118416985903,2.8652535356533133,2.9867453173301284,2.996761175410246,1.3842585528237556e-08,0.01381348385402578,0.1814042933047108,0.7268876810316295,0.7294879055415046,0.751158423724621,0.899118730657759,0.9001832049971483,0.9090178844507459,0.9482238395070656,0.9487840678892201,0.9534289038941511,1.0,0.0,0.0,0.0,0.0,2.8598825568118547e-05,-0.5730169946867023,0.5730507071306626,0.027178245549766115
110.0,0.5730156703630392,0.5730493786179591,0.5730161340177753,0.013137126605092099,2.986738528309504,0.9305659026002076,0.9334830709920512,0.9579351076862427,0.15658680718186002,0.16069652689661323,0.1611922375200582,2.8652468930897954,2.986738528309504,2.9967540770271066,1.3874044443259839e-08,0.013813636492531723,0.18140552283174946,0.7268822049837098,0.7294828064934031,0.7511554127373639,0.8991164724906341,0.9001811055511957,0.9090166697019653,0.9482226488824365,0.9487829613764341,0.9534282669117528,1.0,0.0,0.0,0.0,0.0,2.8149357032436484e-05,-0.5730161340177753,0.5730493786179591,0.027178151347044315
110.2,0.5730148286773729,0.5730480687792581,0.5730152860058915,0.013137218703760915,2.986731833573184,0.9305599170596015,0.933477485496885,0.9579317148001475,0.1565873617946707,0.1606974904559866,0.16119327433957445,2.86524034389629,2.986731833573184,2.9967470767555966,1.3863012550120469e-08,0.013813786885040731,0.1814067342772979,0.7268768149073705,0.7294777875703451,0.75115244946191,0.8991142497646775,0.9001790390851019,0.9090154741988027,0.9482214769427977,0.9487818722443276,0.953427640020836,1.0,0.0,0.0,0.0,0.0,2.7706725431286827e-05,-0.5730152860058915,0.5730480687792581,0.027178058124256672
110.4,0.5730139997141263,0.5730467773695047,0.5730144504738262,0.013137309519795293,2.986725231888822,0.9305540255778444,0.9334719878526928,0.9579283757162182,0.15658790761663038,0.16069843887218332,0.16119429487917672,2.8652338868475233,2.986725231888822,2.9967401732804517,1.3876576314229425e-08,0.01381393508271601,0.181407927894534,0.7268715094973665,0.7294728475542348,0.751149533165156,0.8991120619421624,0.9001770050978137,0.9090142976456455,0.9482203234046996,0.9487808002288828,0.9534270230664094,1.0,0.0,0.0,0.0,0.0,2.727083070458436e-05,-0.5730144504738262,0.5730467773695047,0.027177965862805204
110.60000000000001,0.5730131825229884,0.5730455041467344,0.573013627246938,0.013137399053904993,2.986718722072623,0.930548226724269,0.9334665767219926,0.9579250896069446,0.15658844478282527,0.16069937237537188,0.16119529938607527,2.8652275207336717,2.986718722072623,2.996733365413191,1.3857601957955316e-08,0.013814081098882696,0.18140910393294554,0.7268662874670098,0.7294679852447824,0.7511466631248903,0.8991099084929955,0.900175003095592,0.9090131397512704,0.9482191879887152,0.9487797450699351,0.9534264158957816,1.0,0.0,0.0,0.0,0.0,2.684157421505018e-05,-0.573013627246938,0.5730455041467344,0.027177874567100684
110.80000000000001,0.5730123775885358,0.5730442488718376,0.5730128161527003,0.013137487336276276,2.9867123029247074,0.930542519089387,0.9334612507868865,0.9579218556571842,0.1565889734263263,0.1607002911923627,0.16119628810383368,2.865221244359188,2.9867123029247074,2.996726651886212,1.3853781942790807e-08,0.013814224978352961,0.18141026263899945,0.7268611475486235,0.7294631994592404,0.7511438386296877,0.8991077888949054,0.900173032591904,0.9090120002288002,0.948218070419539,0.9487787065111163,0.9534258183585402,1.0,0.0,0.0,0.0,0.0,2.64188587101033e-05,-0.5730128161527003,0.5730442488718376,0.027177784222251603
111.0,0.5730115850394,0.5730430113083523,0.5730120170208228,0.013137574389499406,2.9867059732660755,0.9305369012844352,0.9334560087487852,0.9579186730638486,0.15658949367824043,0.16070119554665419,0.16119726127244663,2.8652150565417616,2.9867059732660755,2.99672003147379,1.3885850600759543e-08,0.013814366757593892,0.18141140425596738,0.7268560884931391,0.7294584890321596,0.75114105897863,0.8991057026332768,0.9001710931073231,0.9090108787955915,0.9482169704258999,0.9487776842998005,0.953425230306492,1.0,0.0,0.0,0.0,0.0,2.6002588267334814e-05,-0.5730120170208228,0.5730430113083523,0.02717769481928589
111.2,0.5730108038640433,0.5730417912225025,0.573011229683322,0.01313766021232019,2.9866997319547544,0.9305313719410003,0.9334508493281567,0.9579155410356669,0.15659000566774905,0.16070208565847602,0.16119821912840424,2.8652089561125127,2.9866997319547544,2.9967135030333543,1.3892707751958836e-08,0.013814506447270522,0.18141252902382576,0.7268511090697563,0.7294538528151644,0.7511383234811014,0.8991036492010108,0.9001691841694377,0.9090097751731526,0.948215887740488,0.9487766781870582,0.9534246515936201,1.0,0.0,0.0,0.0,0.0,2.5592668281643194e-05,-0.573011229683322,0.5730417912225025,0.027177606363640593
111.4,0.5730100337175794,0.5730405883834199,0.5730104539744164,0.013137744817042767,2.986693577848298,0.9305259297106577,0.9334457712642641,0.9579124587931991,0.15659050952210557,0.1607029617448334,0.16119916190475395,2.8652029419170995,2.986693577848298,2.996707065385529,1.386322862290874e-08,0.01381464407243814,0.18141363717940512,0.7268462080656233,0.7294492896767187,0.7511356314568053,0.8991016280983939,0.9001673053127547,0.9090086890871498,0.9482148220998848,0.948775687927603,0.9534240820760875,1.0,0.0,0.0,0.0,0.0,2.5189005492018413e-05,-0.5730104539744164,0.5730405883834199,0.027177518850142062
111.60000000000001,0.573009275633377,0.5730394025630855,0.5730096897303893,0.013137828244278806,2.986687509788906,0.930520573264659,0.933440773314882,0.9579094255688245,0.15659100536663703,0.16070382401955605,0.16120008983115405,2.865197012815427,2.986687509788906,2.9967007172842433,1.3882710959333103e-08,0.013814779688392254,0.18141472895658664,0.7268413842855526,0.7294447985018724,0.7511329822357495,0.8990996388329809,0.9001654560785946,0.9090076202674027,0.9482137732445024,0.948774713279739,0.9534235216122343,1.0,0.0,0.0,0.0,0.0,2.4791507974616933e-05,-0.5730096897303893,0.5730394025630855,0.02717743225688866
111.80000000000001,0.5730085283622866,0.5730382335362088,0.573008936789921,0.013137910487135748,2.9866815266791056,0.9305153012935974,0.9334358542560444,0.957906440606225,0.15659149332482858,0.1607046726933404,0.16120100313393107,2.8651911676810435,2.9866815266791056,2.9966944576461256,1.387170882398938e-08,0.013814913299209364,0.1814158045858269,0.7268366365517274,0.7294403781920363,0.7511303751577979,0.8990976809194747,0.9001636360150016,0.9090065684477019,0.9482127409185191,0.9487737540053112,0.9534229700624828,1.0,0.0,0.0,0.0,0.0,2.4400085084766432e-05,-0.573008936789921,0.5730382335362088,0.027177346592783636
112.0,0.5730077926418832,0.5730370810799011,0.5730081949934859,0.013137991579663175,2.9866756273932156,0.9305101125079032,0.9334310128817811,0.9579035031602969,0.15659197351833756,0.16070550797379482,0.1612019020359932,2.8651854053995054,2.9866756273932156,2.9966882852688554,1.389557090106803e-08,0.013815044952792026,0.18141686429502016,0.7268319637041434,0.7294360276647479,0.7511278095725923,0.8990957538799087,0.9001618446766457,0.9090055333657794,0.9482117248699771,0.9487728098696553,0.9534224272893206,1.0,0.0,0.0,0.0,0.0,2.4014647408629464e-05,-0.5730081949934859,0.5730370810799011,0.027177261839665682
112.2,0.5730070676063136,0.5730359449739526,0.5730074641838568,0.01313807152247202,2.98666981085162,0.9305050056366032,0.9334262480038846,0.957900612497001,0.15659244606701786,0.16070633006547924,0.16120278675704466,2.865179724869763,2.98666981085162,2.9966821990673025,1.3902897804944862e-08,0.01381517466094152,0.18141790830877588,0.7268273645994962,0.7294317458534629,0.7511252848394234,0.8990938572431888,0.9001600816247378,0.9090045147632552,0.9482107248505395,0.9487718806415526,0.9534218931572744,1.0,0.0,0.0,0.0,0.0,2.3635106783215232e-05,-0.5730074641838568,0.5730359449739526,0.02717717800082487
112.4,0.5730063527740539,0.5730348250009983,0.5730067442059239,0.013138150323892303,2.9866640759795087,0.9304999794273018,0.9334215584516631,0.9578977678933621,0.15659291108891982,0.1607071391699474,0.1612036575135886,2.865174125004992,2.9866640759795087,2.996676197939594,1.3870937212043477e-08,0.013815302443586652,0.18141893684868005,0.7268228381111669,0.7294275317073327,0.7511228003272323,0.8990919905450875,0.9001583464269396,0.9090035123856388,0.9482097406154884,0.948770966093183,0.9534213675329094,1.0,0.0,0.0,0.0,0.0,2.326137631995795e-05,-0.5730067442059239,0.5730348250009983,0.027177095073151112
112.60000000000001,0.5730056489094222,0.5730337209463652,0.5730060349065259,0.013138228017832652,2.9866584216888765,0.930495032646075,0.9334169430716708,0.9578949686373242,0.15659336870031376,0.16070793548579285,0.16120451451894455,2.8651686047318257,2.9866584216888765,2.9966702807209766,1.386582008248132e-08,0.01381542834797831,0.18141995013353443,0.726818383129125,0.729423384190967,0.7511203554144804,0.8990901533282049,0.9001566386572637,0.9090025259822768,0.948208771923704,0.9487700660000717,0.9534208502848027,1.0,0.0,0.0,0.0,0.0,2.289337037184036e-05,-0.5730060349065259,0.5730337209463652,0.02717701303775787
112.80000000000001,0.573004956072161,0.5730326325977749,0.5730053361345081,0.013138304623407124,2.986652846918784,0.9304901640772648,0.9334124007274651,0.9578922140273998,0.15659381901574718,0.1607087192086903,0.16120535798328384,2.8651631629888743,2.986652846918784,2.9966644463128373,1.390063784623954e-08,0.01381555240530836,0.18142094837927403,0.7268139985597473,0.7294193022842124,0.7511179494888486,0.8990883451418935,0.9001549578959853,0.9090015553062312,0.948207818537625,0.9487691801410432,0.9534203412834789,1.0,0.0,0.0,0.0,0.0,2.2531004468917537e-05,-0.5730053361345081,0.5730326325977749,0.027176931886952364
113.0,0.5730042728137005,0.5730315597453876,0.5730046477408515,0.013138380128277874,2.986647350651919,0.9304853725232195,0.9334079302993876,0.95788950337237,0.1565942621480935,0.1607094905314324,0.16120618811367382,2.865157798726938,2.986647350651919,2.9966586937170674,1.3882859920788602e-08,0.013815674612813286,0.18142193179878366,0.7268096833255849,0.7294152849819634,0.751115581946971,0.899086565542164,0.900153303729564,0.9090006001141729,0.948206880223199,0.9487683082981802,0.9534198404013546,1.0,0.0,0.0,0.0,0.0,2.2174195295904253e-05,-0.5730046477408515,0.5730315597453876,0.027176851631293433
113.2,0.5730036001563455,0.5730305021818942,0.5730039695782506,0.013138454571069862,2.9866419318320956,0.9304806568041162,0.933403530684322,0.957886835991518,0.15659469820851388,0.16071024964397213,0.1612070051141083,2.865152510909471,2.9866419318320956,2.996653021786828,1.3897627574257742e-08,0.01381579502233687,0.18142290060249894,0.7268054363652025,0.7294113312939388,0.7511132521946414,0.8990848140916176,0.9001516757505524,0.9089996601664645,0.948205956749847,0.9487674502567737,0.9534193475127819,1.0,0.0,0.0,0.0,0.0,2.182286072456574e-05,-0.5730039695782506,0.5730305021818942,0.027176772247987167
113.4,0.5730029370910847,0.5730294597027825,0.5730033015017006,0.013138527948099322,2.986636589457392,0.9304760157569257,0.9333992007954661,0.9578842112144045,0.15659512730649372,0.16071099673346087,0.16120780918568617,2.8651472985139126,2.986636589457392,2.9966474295234597,1.3881830602059328e-08,0.013815913640100654,0.18142385499757055,0.7268012566322531,0.729407440244483,0.7511109596466189,0.8990830903590666,0.9001500735575134,0.908998735227082,0.9482050478902628,0.9487666058052838,0.953418862494007,1.0,0.0,0.0,0.0,0.0,2.1476919828289365e-05,-0.5730033015017006,0.5730294597027825,0.027176693741973082
113.60000000000001,0.5730022843408648,0.57302843210596,0.5730026433678891,0.013138600291353464,2.986631322502045,0.9304714482362121,0.9333949395620806,0.9578816283806937,0.15659554954987095,0.1607117319842918,0.16120860052647265,2.8651421605297998,2.986631322502045,2.996641915829375,1.3897879400691405e-08,0.013816030510506899,0.1814247951887299,0.72679714309619,0.7294036108723384,0.7511087037264742,0.8990813939198276,0.9001484967549279,0.9089978250635531,0.9482041534205687,0.9487657747352858,0.9534183852231385,1.0,0.0,0.0,0.0,0.0,2.113629282191054e-05,-0.5730026433678891,0.57302843210596,0.02717661609524553
113.80000000000001,0.5730016408666792,0.5730274191917213,0.5730019950356141,0.013138671596119596,2.986626129988718,0.9304669531133593,0.9333907459292775,0.9578790868397301,0.1565959650449051,0.1607124555781353,0.16120937933163265,2.865137095958606,2.986626129988718,2.996636479732073,1.388089231653528e-08,0.013816145638371007,0.18142572137769408,0.7267930947415825,0.7293998422304597,0.7511064838662217,0.8990797243554389,0.9001469449531189,0.9089969294468091,0.9482032731201657,0.9487649568414342,0.9534179155800688,1.0,0.0,0.0,0.0,0.0,2.0800901019149554e-05,-0.5730019950356141,0.5730274191917213,0.027176539313183097
114.0,0.573001007097543,0.5730264207626932,0.573001356365312,0.013138741887894127,2.9866210109214872,0.9304625125388851,0.9333866188577924,0.9578765859506405,0.1565963738962605,0.16071316769397856,0.16121014869336966,2.865132103813466,2.9866210109214872,2.9966311201740026,1.3872387535686517e-08,0.013816259060824223,0.1814266337638399,0.7267890954938624,0.7293961333858072,0.7511042995064091,0.8990780750369206,0.9001454177681663,0.9089960481512208,0.9482024034938692,0.9487641519214157,0.9534174534464939,1.0,0.0,0.0,0.0,0.0,2.0470666836747142e-05,-0.573001356365312,0.5730264207626932,0.027176463381177594
114.2,0.5730003833517282,0.5730254366239219,0.5730007272193048,0.01313881118967651,2.9866159643184482,0.9304580921816517,0.9333825573237597,0.9578741250823013,0.1565967762070114,0.16071386850816372,0.16121091455961647,2.8651271831196095,2.9866159643184482,2.996625836123172,1.3904156830354498e-08,0.013816370812166674,0.1814275325438501,0.7267851144343956,0.729392483419148,0.7511021500960858,0.8990764332133591,0.9001439148218249,0.9089951809545858,0.9482015378186013,0.9487633597759073,0.9534169987059061,1.0,0.0,0.0,0.0,0.0,2.014551380136176e-05,-0.5730007272193048,0.5730254366239219,0.02717638828740291
114.4,0.5729997687003984,0.5730244665828734,0.5730001074619363,0.013138879498428766,2.986610989235147,0.9304537419786236,0.9333785603185049,0.9578717036130268,0.15659717207869303,0.1607145581944231,0.16121166827812716,2.865122332914367,2.986610989235147,2.996620626637805,1.3918399709349317e-08,0.013816480898573767,0.1814284179115195,0.7267811965379805,0.7293888914248688,0.7511000350925373,0.8990748174329348,0.9001424357414485,0.9089943276380217,0.9482006858741834,0.9487625802085349,0.9534165512435385,1.0,0.0,0.0,0.0,0.0,1.9825366525436094e-05,-0.5730001074619363,0.5730244665828734,0.02717631403617712
114.60000000000001,0.5729991626178296,0.5730235104494471,0.5729994969593676,0.013138946819254147,2.986606084730291,0.9304494608509296,0.9333746268483333,0.9578693209304028,0.15659756161132835,0.16071523692391557,0.16121241003548928,2.8651175522472356,2.9866060847302913,2.9966154907528373,1.3889231793696302e-08,0.013816589334829413,0.18142929005804637,0.7267773408338747,0.729385356510789,0.7510979539611354,0.899073227295583,0.9001409801599125,0.9089934879859057,0.9481998474497119,0.9487618130258348,0.9534161109463328,1.0,0.0,0.0,0.0,0.0,1.951015069229234e-05,-0.5729994969593676,0.5730235104494471,0.02717624062449101
114.80000000000001,0.5729985661816742,0.5730225680359031,0.5729988955793448,0.013139013190270901,2.986601249840758,0.9304452477356042,0.9333707559342982,0.9578669764313558,0.1565979449034169,0.16071590486526593,0.1612131400155467,2.8651128401795156,2.986601249840758,2.996610427418903,1.3903311642414467e-08,0.013816696171056459,0.1814301491723644,0.7267735463656256,0.7293818777979502,0.7510959061753983,0.8990716624071214,0.9001395477155285,0.908992661785899,0.9481990223373837,0.9487610580372058,0.9534156777029525,1.0,0.0,0.0,0.0,0.0,1.919979305471664e-05,-0.5729988955793448,0.5730225680359031,0.02717616802947338
115.0,0.5729979783408713,0.5730216391568682,0.5729983031916515,0.013139078605304432,2.986596483658781,0.9304411015852443,0.9333669466120009,0.957864669521807,0.15659832205199115,0.1607165621845997,0.16121385839945876,2.865108195784341,2.9865964836587815,2.996605435739802,1.3892323127136676e-08,0.013816801409640277,0.1814309954404978,0.726769812190768,0.7293784544204408,0.7510938912166952,0.8990701223791265,0.9001381380519715,0.9089918488288272,0.9481982103324309,0.9487603150548733,0.9534152514037204,1.0,0.0,0.0,0.0,0.0,1.8894221406509648e-05,-0.5729983031916515,0.5730216391568682,0.027176096257461993
115.2,0.5729973997567137,0.5730207236290296,0.5729977196675494,0.013139143093474217,2.9865917852522728,0.9304370213685346,0.9333631979313745,0.9578623996166048,0.15659869315262734,0.16071720904557904,0.16121456536560883,2.8651036181451475,2.9865917852522728,2.9966005147159214,1.3914343810318006e-08,0.01381690509076102,0.18143182904635788,0.7267661373812916,0.7293750855252015,0.7510919085741783,0.8990686068291271,0.9001367508181998,0.9089910489086542,0.9481974112332227,0.9487595838938462,0.9534148319406038,1.0,0.0,0.0,0.0,0.0,1.8593364538632695e-05,-0.5729977196675494,0.5730207236290296,0.027176025291293274
115.4,0.572996829636709,0.5730198212713208,0.572997144880196,0.01313920665359361,2.9865871537303277,0.9304330060691942,0.933359508956499,0.9578601661393362,0.15659905829947632,0.16071784560943514,0.16121526108978643,2.865099106356604,2.9865871537303277,2.9965956634533715,1.3920921418295676e-08,0.01381700722189601,0.18143265017114849,0.7267625210226977,0.7293717702718586,0.7510899577446266,0.8990671153802151,0.900135385668388,0.9089902618224177,0.9481966248410603,0.9487588643718813,0.9534144192071825,1.0,0.0,0.0,0.0,0.0,1.8297152246410375e-05,-0.572997144880196,0.5730198212713208,0.027175955133331986
115.60000000000001,0.5729962675547194,0.5730189319050859,0.5729965787044802,0.013139269291860428,2.986582588205428,0.9304290546859605,0.9333558787654004,0.9578579685223457,0.15659941758526036,0.16071847203500217,0.16121594574518974,2.8650946595254294,2.986582588205428,2.9965908810407975,1.3891047158925376e-08,0.013817107818325973,0.18143345899359975,0.7267589622139847,0.7293685078325467,0.7510880382324578,0.8990656476610398,0.9001340422618531,0.9089894873702349,0.9481958509601741,0.9487581563094452,0.9534140130986501,1.0,0.0,0.0,0.0,0.0,1.8005515351887658e-05,-0.5729965787044802,0.5730189319050859,0.027175885779842743
115.80000000000001,0.5729957142450822,0.573018055353988,0.5729960210168941,0.013139331038317728,2.9865780877768615,0.9304251662324512,0.9333523064498349,0.9578558062066643,0.15659977110128454,0.16071908847875452,0.16121661950244906,2.8650902767699398,2.9865780877768615,2.9965861665073685,1.3886749979672199e-08,0.013817206920826785,0.18143425569015129,0.7267554600675252,0.7293652973917139,0.7510861495496695,0.8990642033057578,0.9001327202629746,0.9089887253552792,0.948195089397697,0.9487574595296707,0.9534136135118029,1.0,0.0,0.0,0.0,0.0,1.7718385685788762e-05,-0.5729960210168941,0.573018055353988,0.027175817212401945
116.0,0.5729951697683291,0.573017191443736,0.5729954716955986,0.013139391908879748,2.9865736515685715,0.930421339737053,0.9333487911150884,0.9578536786417035,0.15660011893748677,0.1607196950948412,0.16121728252964576,2.8650859572186795,2.986573651568572,2.996581518944336,1.3919250759786442e-08,0.013817304554862561,0.18143504043485903,0.7267520137089651,0.7293621381459414,0.7510842912155691,0.8990627819539913,0.9001314193411207,0.9089879755836706,0.948194339963643,0.9487567738583207,0.9534132203449818,1.0,0.0,0.0,0.0,0.0,1.7435696029785563e-05,-0.5729954716955986,0.573017191443736,0.027175749423302312
116.2,0.5729946327921936,0.5730163400020921,0.5729949306205179,0.013139451890431402,2.986569278743985,0.9304175742427462,0.933345331879804,0.9578515852849766,0.15660046118248322,0.16072029203511434,0.16121793499234244,2.8650817000104607,2.986569278743985,2.9965769375349676,1.3902028232132327e-08,0.013817400714575755,0.1814358133992601,0.7267486222770686,0.7293590293037935,0.7510824627565358,0.899061383250765,0.9001301391705875,0.9089872378643801,0.948193602470873,0.948756099123753,0.9534128334980223,1.0,0.0,0.0,0.0,0.0,1.7157380092863717e-05,-0.5729949306205179,0.5730163400020921,0.02717568242173142
116.4,0.5729941043028856,0.5730155008589488,0.5729943976729452,0.013139511017703632,2.986564968429034,0.9304138688068703,0.9333419278757843,0.957849525602323,0.1566007979235316,0.16072087944916416,0.1612185770536231,2.865077504294744,2.986564968429034,2.9965724213217286,1.3915678384299416e-08,0.013817495445403593,0.18143657475293531,0.7267452849235055,0.7293559700856366,0.7510806637062084,0.8990600068464182,0.9001288794305239,0.9089865120093055,0.9481928767350496,0.9487554351568827,0.9534124528722949,1.0,0.0,0.0,0.0,0.0,1.68833725380374e-05,-0.5729943976729452,0.5730155008589488,0.027175616185576814
116.60000000000001,0.5729935832770698,0.5730146738466083,0.5729938727361247,0.013139569283597611,2.9865607198017217,0.9304102225002473,0.9333385782478116,0.9578474990677264,0.15660112924656075,0.16072145748434924,0.16121920887424485,2.8650733692330417,2.9865607198017217,2.9965679694916494,1.3894014666562643e-08,0.013817588747704479,0.18143732466267892,0.726742000812066,0.7293529597234795,0.751078893605335,0.899058652396281,0.9001276398048648,0.9089857978332108,0.9481921625744657,0.948754781791147,0.9534120783706723,1.0,0.0,0.0,0.0,0.0,1.661360900477582e-05,-0.5729938727361247,0.5730146738466083,0.02717555072011226
116.80000000000001,0.5729930703178329,0.573013858799456,0.5729933556946813,0.013139626714532098,2.9865565320166563,0.9304066344079566,0.9333352821534424,0.9578455051631768,0.1566014552361931,0.16072202628583196,0.16121983061250325,2.86506929399728,2.9865565320166563,2.996563581136886,1.3889053940571538e-08,0.013817680657737861,0.1814380632933123,0.7267387691193539,0.7293499974607892,0.75107715200165,0.8990573195609614,0.9001264199822585,0.9089850951536766,0.948191459810196,0.948754138862466,0.9534117098975041,1.0,0.0,0.0,0.0,0.0,1.634802605675334e-05,-0.5729933556946813,0.573013858799456,0.027175486008851883
117.0,0.5729925656424201,0.573013055553741,0.5729928464347699,0.013139683328775085,2.9865524042466145,0.9304031036288334,0.9333320387628224,0.9578435433784005,0.15660177597578878,0.1607225859966096,0.16122044242431896,2.8650652777687053,2.9865524042466145,2.9965592553901055,1.3923772310054244e-08,0.013817771202885494,0.18143879080747144,0.7267355890343427,0.7293470825523276,0.7510754384496368,0.8990560080061613,0.9001252196559975,0.9089844037910046,0.9481907682660005,0.9487535062092062,0.9534113473585666,1.0,0.0,0.0,0.0,0.0,1.6086561129932675e-05,-0.5729928464347699,0.573013055553741,0.027175422041756034
117.2,0.5729920682127553,0.5730122639476838,0.5729923448441921,0.013139739118420622,2.9865483357004807,0.930399629275144,0.9333288472585284,0.9578416132107247,0.15660209154746763,0.16072313675754193,0.16122104446329374,2.8650613197384187,2.9865483357004807,2.9965549914708336,1.393128958226836e-08,0.013817860382283186,0.1814395073654398,0.7267324597580783,0.7293442142640068,0.7510737525104104,0.8990547174025546,0.9001240385239594,0.9089837235681705,0.9481900877682594,0.9487528836721514,0.9534109906610376,1.0,0.0,0.0,0.0,0.0,1.5829152536075974e-05,-0.5729923448441921,0.5730122639476838,0.02717535882469908
117.4,0.5729915777075104,0.5730114838217312,0.5729918508122975,0.01313979409022071,2.986544325582329,0.9303962104723333,0.9333257068353932,0.9578397141651679,0.15660240203209438,0.1607236787073807,0.1612216368807539,2.8650574191086555,2.986544325582329,2.996550788554756,1.3898430759318778e-08,0.013817948210703788,0.18144021312528916,0.726729380503455,0.7293413918727347,0.751072093751798,0.8990534474256957,0.9001228762885439,0.9089830543108557,0.9481894181459256,0.948752271094467,0.9534106397135143,1.0,0.0,0.0,0.0,0.0,1.5575739501089148e-05,-0.5729918508122975,0.5730114838217312,0.02717529635219414
117.60000000000001,0.5729910953317506,0.5730107150184619,0.5729913642298147,0.013139848282371856,2.9865403730745075,0.9303928463588228,0.9333226167003065,0.957837845754478,0.1566027075092723,0.1607242119828046,0.16122221982578505,2.8650535750923094,2.9865403730745075,2.9965466457389276,1.3918707354582032e-08,0.013818034736598142,0.1814409082431218,0.7267263504950319,0.7293386146662354,0.751070461748373,0.8990521977559428,0.900121732656599,0.9089823958474619,0.9481887592304842,0.9487516683216626,0.9534102944260194,1.0,0.0,0.0,0.0,0.0,1.532626215783317e-05,-0.5729913642298147,0.5730107150184619,0.027175234600301097
117.80000000000001,0.5729906197979894,0.5730099573824472,0.572990884989223,0.013139901681267848,2.9865364774207745,0.9303895360858324,0.9333195760720491,0.9578360074986279,0.1566030080574256,0.16072473671844664,0.16122279344526275,2.8650497869122358,2.9865364774207745,2.9965425622933473,1.3906074912613131e-08,0.013818119952632152,0.18144159287253847,0.7267233689688761,0.7293358819429014,0.7510688560810095,0.8990509680783945,0.9001206073393597,0.9089817480089312,0.9481881108559185,0.948751075201559,0.9534099547099079,1.0,0.0,0.0,0.0,0.0,1.5080661485963875e-05,-0.572990884989223,0.5730099573824472,0.027175173578763038
118.0,0.5729901518730146,0.573009210759935,0.5729904129841326,0.01313995431571466,2.98653263783199,0.9303862788178937,0.9333165841811152,0.9578341989247934,0.15660330375380302,0.16072525304692525,0.1612233578837632,2.8650460537996754,2.98653263783199,2.9965385373607867,1.3924232388562517e-08,0.013818203896944813,0.18144226716552486,0.7267204351730253,0.729333193011635,0.7510672763368719,0.8990497580830799,0.9001195000523842,0.9089811106287419,0.9481874728588112,0.9487504915842552,0.9534096204778644,1.0,0.0,0.0,0.0,0.0,1.4838879271700245e-05,-0.5729904129841326,0.573009210759935,0.02717511326929634
118.2,0.5729896905806033,0.5730084749991838,0.5729899481098425,0.013140006178237958,2.9865288535647387,0.9303830737316225,0.933313640269567,0.9578324195672697,0.1566035946744913,0.16072576109886877,0.1612239132837759,2.865042374995919,2.9865288535647387,2.996534570206014,1.39102506762888e-08,0.013818286568574136,0.18144293127165353,0.7267175483663789,0.7293305471917172,0.7510657221093342,0.899048567464502,0.9001184105154988,0.9089804835428763,0.9481868450781029,0.9487499173220989,0.9534092916438862,1.0,0.0,0.0,0.0,0.0,1.4600858139215966e-05,-0.5729899481098425,0.5730084749991838,0.027175053676752953
118.4,0.5729892367230495,0.5730077499504508,0.5729894902628848,0.013140057298040951,2.9865251238482586,0.9303799200160929,0.9333107435908509,0.9578306689676472,0.15660388089438654,0.16072626100294732,0.16122445978563835,2.865038749752254,2.9865251238482586,2.996530659989716,1.3929508946005827e-08,0.013818368005867375,0.1814435853387359,0.726714707819041,0.7293279438126439,0.7510641929981354,0.8990473959217797,0.900117338452731,0.9089798665898827,0.9481862273551672,0.9487493522696513,0.9534089681233162,1.0,0.0,0.0,0.0,0.0,1.4366541567861768e-05,-0.5729894902628848,0.5730077499504508,0.027174994782408878
118.60000000000001,0.5729887896278334,0.5730070354659994,0.5729890393414571,0.013140107673605387,2.986521447951742,0.930376816872352,0.933307893409638,0.9578289466744606,0.1566041624872513,0.16072675288589972,0.1612249975276201,2.865035177329997,2.986521447951742,2.9965268059800123,1.3940203254854444e-08,0.01381844821404815,0.181444229512204,0.7267119128118814,0.7293253822139818,0.7510626886090797,0.8990462431584659,0.9001162835922509,0.9089792596107551,0.9481856195337152,0.9487487962836569,0.9534086498327797,1.0,0.0,0.0,0.0,0.0,1.4135873862508586e-05,-0.5729890393414571,0.5730070354659994,0.027174936587669805
118.80000000000001,0.5729883487371944,0.5730063313999655,0.5729885952451356,0.013140157305630545,2.9865178251512834,0.9303737635136411,0.9333050890016663,0.9578272522429832,0.15660443952574837,0.16072723687256116,0.16122552664588408,2.865031656999827,2.9865178251512834,2.9965230074408327,1.3910328571541939e-08,0.013818527200620963,0.18144486393552067,0.726709162636735,0.7293228617452288,0.7510612085538468,0.8990451088826307,0.9001152456663128,0.9089786624488572,0.9481850214598389,0.9487482492230122,0.9534083366901439,1.0,0.0,0.0,0.0,0.0,1.3908800118547782e-05,-0.5729885952451356,0.5730063313999655,0.027174879091141153
119.0,0.5729879147513937,0.5730056376083125,0.5729881578746898,0.013140206220723729,2.9865142547061,0.9303707591650235,0.9333023296535693,0.9578255852352944,0.1566047120814295,0.16072771308589162,0.161226047274551,2.865028188041562,2.9865142547061,2.9965192635666416,1.3898067012447071e-08,0.013818605000832117,0.18144548875044314,0.7267064565960665,0.72932038176566,0.7510597524500592,0.8990439928067233,0.9001142244111936,0.9089780749499479,0.9481844329819386,0.9487477109487323,0.9534080286145323,1.0,0.0,0.0,0.0,0.0,1.3685266223098513e-05,-0.5729881578746898,0.5730056376083125,0.027174822275183107
119.2,0.5729874879680107,0.573004953948772,0.5729877271322557,0.0131402544370033,2.986510735892827,0.9303678030631343,0.9332996146627162,0.957823945220209,0.156604980224747,0.16072818164700442,0.16122655954574244,2.8650247697438602,2.986510735892827,2.9965155735964952,1.3929451613521722e-08,0.013818681640701781,0.18144610409677753,0.726703794002749,0.7293179416441836,0.7510583199212166,0.8990428946474803,0.9001132195671311,0.9089774969621569,0.9481838539506745,0.9487471813239203,0.9534077255263114,1.0,0.0,0.0,0.0,0.0,1.3465218841504645e-05,-0.5729877271322557,0.573004953948772,0.02717476612954457
119.4,0.5729870670753732,0.5730042802808735,0.5729873029215297,0.013140301939094677,2.9865072680304428,0.930364894456185,0.9332969433370748,0.9578223317729806,0.15660524402510217,0.1607286426751884,0.16122706358957975,2.865021401404367,2.9865072680304428,2.996511936875155,1.391729112472648e-08,0.013818757110154711,0.18144671011210042,0.7267011741800654,0.7293155407592197,0.7510569105964376,0.8990418141259273,0.9001122308782764,0.9089769283358795,0.9481832842189678,0.9487466602137415,0.9534074273470351,1.0,0.0,0.0,0.0,0.0,1.3248605396434798e-05,-0.5729873029215297,0.5730042802808735,0.027174710663962865
119.60000000000001,0.5729866529053896,0.5730036164658915,0.5729868851472675,0.013140348755882554,2.9865038504024275,0.9303620326039165,0.9332943149950497,0.95782074447541,0.15660550355082745,0.1607290962879369,0.16122755953419218,2.865018082329457,2.9865038504024275,2.9965083526140273,1.3930299360952227e-08,0.013818831446585522,0.18144730693247496,0.7266985964616667,0.7293131784985533,0.7510555241105565,0.8990407509673608,0.9001112580926335,0.9089763689238153,0.948182723641991,0.9487461474853908,0.9534071339994661,1.0,0.0,0.0,0.0,0.0,1.3035374070310968e-05,-0.5729868851472675,0.5730036164658915,0.027174655858811167
119.80000000000001,0.5729862445726571,0.5730029623671111,0.5729864737158172,0.01314039488050585,2.986500482336667,0.9303592167766803,0.9332917289653404,0.957819182915696,0.1566057588692108,0.16072954260097147,0.16122804750587577,2.8650148118355556,2.986500482336667,2.996504820148957,1.3910138791230997e-08,0.013818904648872487,0.18144789469168962,0.726696060190748,0.7293108542592096,0.7510541601039897,0.8990397049010094,0.9001103009620063,0.9089758185809151,0.948182172076989,0.9487456430080653,0.9534068454075469,1.0,0.0,0.0,0.0,0.0,1.282547382518151e-05,-0.5729864737158172,0.5730029623671111,0.027174601718102962
120.0,0.5729858428131146,0.5730023178496125,0.5729860685346426,0.013140440339543574,2.986497163136163,0.9303564336583786,0.9332891845867868,0.9578176466884184,0.1566060100464985,0.16072998172826838,0.1612285298121334,2.8650115892480628,2.986497163136163,2.9965013387197144,1.391696654866426e-08,0.01381897675173852,0.181448473521939,0.7266935533735722,0.7293085674473135,0.7510528182227234,0.8990386709802464,0.9001093592419427,0.9089752771643761,0.948181626915741,0.9487451466529355,0.9534065614963982,1.0,0.0,0.0,0.0,0.0,1.2618854376006405e-05,-0.5729860685346426,0.5730023178496125,0.027174548224141334
