t,source_integral,heat_loss_surface,reactant_supply_surface,reactant_inventory,heat_inventory,J_min,J_mean,J_max,phi_min,phi_mean,phi_max,theta_min,theta_mean,theta_max,u_min,u_mean,u_max,A_min,A_mean,A_max,D_over_D0_min,D_over_D0_mean,D_over_D0_max,M_over_M0_min,M_over_M0_mean,M_over_M0_max,geometric_skin_thickness,functional_skin_thickness,A_functional_skin_thickness,D_functional_skin_thickness,M_functional_skin_thickness,surface_q,surface_n,surface_h,mean_abs_internal_h
0.0,0.0,1.9803921568627454e-05,0.6894983400189968,0.0260125,5e-05,1.2950023714014331,1.3000000000000003,1.304997628598567,0.11494273760564956,0.11538546883058841,0.11582990372262572,9.80392156862745e-07,5e-05,9.901960784313727e-05,0.015002371401433174,0.02,0.02499762859856683,0.9969838832501374,0.9990403212534126,1.0,0.998993615178172,0.9996798539634294,1.0,0.9994966809113657,0.9998398953190375,1.0,0.0,0.0,0.0,0.0,0.0,-0.0009412736463271787,-0.6894983400189968,1.9803921568627454e-05,2.0000000000000005e-05
0.2,0.0,1.2455519980382615e-05,0.3733527897773453,0.11785254143178672,4.703739761304795e-05,1.2971767232810596,1.3001366285952456,1.303448664684905,0.11507933075082855,0.11537284687762366,0.11563574747208863,2.256983545150485e-05,4.703739761304795e-05,6.641407175543032e-05,0.022568825587399692,0.09078942610980542,0.46663887174664953,0.9982980479642356,0.9994177647626571,1.0,0.9994323604688627,0.9998058302919217,1.0,0.9997161399421359,0.9999029037292295,1.0,0.0,0.0,0.0,0.0,0.0,-0.0005151041523036581,-0.3733527897773453,1.2455519980382615e-05,9.788064464118315e-06
0.4,0.0,9.987516110403836e-06,0.30441176246868984,0.18482873782994455,4.48150492157962e-05,1.2983107183406355,1.3002172301413373,1.302392063221692,0.11517269203019331,0.11536548878631571,0.11553474671434143,3.134607792545644e-05,4.48150492157962e-05,5.463422151391362e-05,0.02389876653558616,0.14229690286099822,0.5651260536161573,0.9989822516657538,0.9996598318309771,1.0,0.9996606353884243,0.9998865786133743,1.0,0.9998303032942862,0.9999432853060656,1.0,0.0,0.0,0.0,0.0,0.0,-0.0003081282412488173,-0.30441176246868984,9.987516110403836e-06,5.708896048271732e-06
0.6000000000000001,0.0,8.459817223044508e-06,0.2652457338915298,0.2415030683788425,4.298139576319688e-05,1.2990158465332515,1.3002650469117527,1.3016879947674966,0.11523498764908907,0.11536115978433321,0.11547203246235409,3.65281551997924e-05,4.298139576319688e-05,4.7641476025074935e-05,0.02905448246490317,0.1858482166349984,0.6210775230121003,0.9994072899048465,0.9998124748421976,1.0,0.9998023909176,0.9999374813326816,1.0,0.9999011905766607,0.99996873938098,1.0,0.0,0.0,0.0,0.0,0.0,-0.00017987305967812062,-0.2652457338915298,8.459817223044508e-06,3.3569649899675257e-06
0.8,0.0,7.451681690740536e-06,0.23869064958708294,0.29174897410979395,4.139686470576026e-05,1.2994615801977847,1.3002922847636538,1.3012262774648606,0.11527587676160399,0.1153587067159544,0.11543242392527621,3.725840845370268e-05,4.139686470576026e-05,4.3586029721948345e-05,0.04204190317582385,0.22445470044184537,0.6590133577327386,0.9996758096075301,0.9999071570291965,1.0,0.999891924854859,0.9999690495616654,1.0,0.999945960967175,0.99998452443313,1.0,0.0,0.0,0.0,0.0,0.0,-9.861484434979528e-05,-0.23869064958708294,7.451681690740536e-06,2.1602030706471006e-06
1.0,0.0,6.760139272459478e-06,0.21901656270464795,0.33743210229467385,3.997979154108904e-05,1.299744556106777,1.3003064496355718,1.3009241986240672,0.1153026441960636,0.11535743447675476,0.115407292375439,3.380069636229739e-05,3.997979154108904e-05,4.152546626571588e-05,0.06197734973233792,0.2595596690562516,0.6871191961362172,0.9998462160816315,0.9999634020234636,1.0,0.9999487360656683,0.9999878001556003,1.0,0.9999743677042939,0.9999939000129368,1.0,0.0,0.0,0.0,0.0,0.0,-4.6922242740804476e-05,-0.21901656270464795,6.760139272459478e-06,1.7649206890574848e-06
1.2000000000000002,0.0,6.266521931143731e-06,0.20359476268550392,0.37963661549476085,3.86797134105789e-05,1.2999231693242748,1.3003123044729825,1.3007257527139024,0.11532023540475933,0.11535690833522572,0.11539143507840767,3.1332609655718654e-05,3.86797134105789e-05,4.092667382643953e-05,0.08686406335019661,0.2919976496428404,0.7091503390207087,0.9999537502024972,0.9999929038365774,1.0,0.999984583163131,0.9999976345822212,1.0,0.9999922915518524,0.9999988172873641,1.0,0.0,0.0,0.0,0.0,0.0,-1.4119596079553709e-05,-0.20359476268550392,6.266521931143731e-06,1.957189090827059e-06
1.4000000000000001,0.0,5.898091791072063e-06,0.19098976379690716,0.4190565619684874,3.746489831314662e-05,1.3000355466531643,1.300312900439334,1.3005942996216646,0.11533189100062496,0.11535685250580723,0.11538146044249542,2.9490458955360313e-05,3.746489831314662e-05,4.067528462533299e-05,0.11486325624382525,0.3223009298739946,0.7271574802901326,1.0,1.0,1.0,1.0,1.0,1.0,1.0,1.0,1.0,0.0,0.0,0.0,0.0,0.0,6.556966152829191e-06,-0.19098976379690716,5.898091791072063e-06,2.2817044366744272e-06
1.6,0.0,5.609608161313136e-06,0.18033235742177733,0.45616161470000427,3.631518657532533e-05,1.3001055764964928,1.300310197562487,1.3005061225550654,0.11533971074684331,0.11535709095818245,0.11537524545061793,2.804804080656568e-05,3.631518657532533e-05,4.0074814516900585e-05,0.144585875422079,0.35082894705858186,0.7423823465403181,1.0,1.0,1.0,1.0,1.0,1.0,1.0,1.0,1.0,0.0,0.0,0.0,0.0,0.0,1.9441134685133088e-05,-0.18033235742177733,5.609608161313136e-06,2.453461836908321e-06
1.8,0.0,5.372797986541936e-06,0.1710645250243531,0.49128162256793567,3.521763778995814e-05,1.3001483976506705,1.3003054551614301,1.3004459224386995,0.1153450500415335,0.1153575110619002,0.11537144549887193,2.6863989932709678e-05,3.521763778995814e-05,3.926908567977822e-05,0.17505905809492603,0.37783389188596916,0.755622107108067,1.0,1.0,1.0,1.0,1.0,1.0,1.0,1.0,1.0,0.0,0.0,0.0,0.0,0.0,2.7318953829361114e-05,-0.1710645250243531,5.372797986541936e-06,2.5306395324019826e-06
2.0,0.0,5.169939126177087e-06,0.1628150069645666,0.5246549599870048,3.4163823543462223e-05,1.3001737596201008,1.300299482271007,1.300403834293842,0.11534878323505902,0.1153580406531474,0.11536919499423573,2.5849695630885434e-05,3.4163823543462223e-05,3.8347716677961975e-05,0.20562661858783618,0.40349798817416815,0.767407132907762,1.0,1.0,1.0,1.0,1.0,1.0,1.0,1.0,1.0,0.0,0.0,0.0,0.0,0.0,3.1984436180604314e-05,-0.1628150069645666,5.169939126177087e-06,2.549596293603615e-06
2.2,0.0,4.989919203676458e-06,0.15533260308908803,0.5564585043620146,3.31481537219249e-05,1.300187934426442,1.3002927972273586,1.3003735061853683,0.11535147347012889,0.11535863357751097,0.11536793722529828,2.4949596018382287e-05,3.31481537219249e-05,3.736630298899744e-05,0.2358569521493579,0.4279564949817868,0.7780962813013028,1.0,1.0,1.0,1.0,1.0,1.0,1.0,1.0,1.0,0.0,0.0,0.0,0.0,0.0,3.4591618743612385e-05,-0.15533260308908803,4.989919203676458e-06,2.533008222005491e-06
2.4000000000000004,0.0,4.82573840596334e-06,0.1484452388710976,0.5868274145310329,3.216681394267426e-05,1.300194963267968,1.3002857319067935,1.3003508416173641,0.11535348399777356,0.11535926031641919,0.11536731354733394,2.41286920298167e-05,3.216681394267426e-05,3.635926904097815e-05,0.26547325757456375,0.45131283290881397,0.7879353730412891,1.0,1.0,1.0,1.0,1.0,1.0,1.0,1.0,1.0,0.0,0.0,0.0,0.0,0.0,3.5884047520265416e-05,-0.1484452388710976,4.82573840596334e-06,2.495037710276936e-06
2.6,0.0,4.672968377225996e-06,0.14203371152401204,0.615868117398405,3.121710870591e-05,1.3001974510019414,1.3002784982111195,1.3003331958066842,0.11535504937020769,0.1153599020356987,0.11536709280917981,2.3364841886129978e-05,3.121710870591e-05,3.5347822975055236e-05,0.29430330632275664,0.4736484978004478,0.7970946978228399,1.0,1.0,1.0,1.0,1.0,1.0,1.0,1.0,1.0,0.0,0.0,0.0,0.0,0.0,3.634098529452234e-05,-0.14203371152401204,4.672968377225996e-06,2.4445281421407526e-06
2.8000000000000003,0.0,4.528807869532783e-06,0.13601477719691382,0.6436669417373868,3.0297058992310733e-05,1.3001970685177426,1.3002712300614043,1.3003188684194082,0.11535632039419011,0.11536054683741927,0.1153671267471813,2.2644039347663916e-05,3.0297058992310733e-05,3.434482110285737e-05,0.32224583301281196,0.49502964597104393,0.8056931754329802,1.0,1.0,1.0,1.0,1.0,1.0,1.0,1.0,1.0,0.0,0.0,0.0,0.0,0.0,3.626985570764907e-05,-0.13601477719691382,4.528807869532783e-06,2.386959478059464e-06
3.0,0.0,4.391464336171325e-06,0.1303293325395057,0.6702961141652881,2.9405138228441785e-05,1.3001948893403956,1.300264011571596,1.3003067631254484,0.1153573943116749,0.11536118725058492,0.11536732010698549,2.195732168085662e-05,2.9405138228441785e-05,3.3357961333409645e-05,0.34924694617544355,0.5155116654169237,0.8138152392292776,1.0,1.0,1.0,1.0,1.0,1.0,1.0,1.0,1.0,0.0,0.0,0.0,0.0,0.0,3.5868175017106374e-05,-0.1303293325395057,4.391464336171325e-06,2.325730489120817e-06
3.2,0.0,4.2597638365901405e-06,0.12493453954576364,0.6958178776880506,2.8540105551726252e-05,1.3001916092050647,1.3002568954156881,1.3002961656166099,0.11535833448287446,0.11536181859731776,0.11536761115672003,2.1298819182950703e-05,2.8540105551726252e-05,3.239179534691768e-05,0.37528365574495065,0.5351423159421361,0.8215220863631948,1.0,1.0,1.0,1.0,1.0,1.0,1.0,1.0,1.0,0.0,0.0,0.0,0.0,0.0,3.526395117420256e-05,-0.12493453954576364,4.2597638365901405e-06,2.2629671374492636e-06
3.4000000000000004,0.0,4.132935086923001e-06,0.11979886661733184,0.7202870836457973,2.7700913300352625e-05,1.3001876732543574,1.3002499134544967,1.3002866151784775,0.1153591817750204,0.11536243804816686,0.11536796039955634,2.0664675434615005e-05,2.7700913300352625e-05,3.144883997667757e-05,0.40035372465101615,0.553963706110935,0.8288587619752402,1.0,1.0,1.0,1.0,1.0,1.0,1.0,1.0,1.0,0.0,0.0,0.0,0.0,0.0,3.453908662730265e-05,-0.11979886661733184,4.132935086923001e-06,2.199969566580764e-06
3.6,0.0,4.010462103224598e-06,0.1148985489140809,0.7437530476159051,2.6886643611757144e-05,1.3001833638116351,1.3002430840765038,1.3002778159294783,0.11535996243447053,0.11536304396993108,0.1153683427853268,2.0052310516122987e-05,2.6886643611757144e-05,3.053033747712041e-05,0.4244685770809208,0.5720137091600994,0.8358592158370273,1.0,1.0,1.0,1.0,1.0,1.0,1.0,1.0,1.0,0.0,0.0,0.0,0.0,0.0,3.3745526956591165e-05,-0.1148985489140809,4.010462103224598e-06,2.1375175000434738e-06
3.8000000000000003,0.0,3.891983381776911e-06,0.11021509839215873,0.7662608912287359,2.6096464876624516e-05,1.3001788614587255,1.300236417305787,1.3002695750578326,0.1153606935648928,0.11536363547203374,0.11536874229112498,1.9459916908884557e-05,2.6096464876624516e-05,2.9636774990352046e-05,0.44764815954731196,0.5893269870961835,0.8425498594397732,1.0,1.0,1.0,1.0,1.0,1.0,1.0,1.0,1.0,0.0,0.0,0.0,0.0,0.0,3.291649808893904e-05,-0.11021509839215873,3.891983381776911e-06,2.0760790486193684e-06
4.0,0.0,3.7772325795438127e-06,0.1057336473923073,0.787852449831649,2.532960590672667e-05,1.3001742827164315,1.3002299179489267,1.3002617647681003,0.11536138650262646,0.11536421212710385,0.11536914857799495,1.888616289771906e-05,2.532960590672667e-05,2.876818892043302e-05,0.4699175504150658,0.6059356838982113,0.8489519322967038,1.0,1.0,1.0,1.0,1.0,1.0,1.0,1.0,1.0,0.0,0.0,0.0,0.0,0.0,3.2073439060226194e-05,-0.1057336473923073,3.7772325795438127e-06,2.0159333086336477e-06
4.2,0.0,3.6660050805997933e-06,0.10144186184391953,0.8085668823403284,2.458534112008663e-05,1.30016970250757,1.3002235874688488,1.3002542995929525,0.11536204882918505,0.11536477380461328,0.11536955499786125,1.8330025402998965e-05,2.458534112008663e-05,2.792433616716496e-05,0.4913048321901546,0.6218698916039589,0.8550830545086864,1.0,1.0,1.0,1.0,1.0,1.0,1.0,1.0,1.0,0.0,0.0,0.0,0.0,0.0,3.123013505498817e-05,-0.10144186184391953,3.6660050805997933e-06,1.9572393958898627e-06
4.4,0.0,3.55813962021001e-06,0.09732928026888496,0.8284410639802585,2.3862982143033516e-05,1.300165166937744,1.3002174250504042,1.300247123455725,0.11536268551884067,0.11536532057627825,0.11536995745955288,1.7790698101050048e-05,2.3862982143033516e-05,2.710478809074936e-05,0.511839827924422,0.6371579506214706,0.86095817104445,1.0,1.0,1.0,1.0,1.0,1.0,1.0,1.0,1.0,0.0,0.0,0.0,0.0,0.0,3.0395068977714934e-05,-0.09732928026888496,3.55813962021001e-06,1.9000743578986595e-06
4.6000000000000005,0.0,3.4535032395353202e-06,0.09338680927942337,0.8475098970729327,2.316187085364397e-05,1.300160703343711,1.300211428437905,1.3002401994959936,0.11536329984117076,0.1153658526417127,0.11537035353724726,1.72675161976766e-05,2.316187085364397e-05,2.6309007151597922e-05,0.531553129229335,0.6518266874238305,0.8665902724579666,1.0,1.0,1.0,1.0,1.0,1.0,1.0,1.0,1.0,0.0,0.0,0.0,0.0,0.0,2.9573270229468762e-05,-0.09338680927942337,3.4535032395353202e-06,1.8444641545999501e-06
4.800000000000001,0.0,3.351979546878306e-06,0.08960633000953393,0.8658065643315404,2.2481373855130763e-05,1.300156328131151,1.3002055945871394,1.300233502150152,0.11536389406360478,0.11536637027055203,0.11537074177503753,1.6759897734391528e-05,2.2481373855130763e-05,2.5536406253884483e-05,0.550475342619843,0.6659016083553259,0.8719909571292372,1.0,1.0,1.0,1.0,1.0,1.0,1.0,1.0,1.0,0.0,0.0,0.0,0.0,0.0,2.87677568122785e-05,-0.08960633000953393,3.351979546878306e-06,1.790407737976563e-06
5.0,0.0,3.2534625035893442e-06,0.08598043829638392,0.8833627113555436,2.1820879313021123e-05,1.3001520513121905,1.3001999200411047,1.3002270125698523,0.11536446985786762,0.1153668737691013,0.11537112128432295,1.626731251794672e-05,2.1820879313021123e-05,2.4786379672911552e-05,0.5686366339725095,0.6794070393819841,0.8771708024337372,1.0,1.0,1.0,1.0,1.0,1.0,1.0,1.0,1.0,0.0,0.0,0.0,0.0,0.0,2.7980370269450883e-05,-0.08598043829638392,3.2534625035893442e-06,1.7378896996128257e-06
5.2,0.0,3.157854294913558e-06,0.08250229682097611,0.9002085684178645,2.1179795542120175e-05,1.3001478784340987,1.3001944010879511,1.300220716663165,0.11536502847374565,0.11536736346631413,0.11537149157268199,1.578927147456779e-05,2.1179795542120175e-05,2.405831310128512e-05,0.5860665141427992,0.692366219445055,0.8821395759700341,1.0,1.0,1.0,1.0,1.0,1.0,1.0,1.0,1.0,0.0,0.0,0.0,0.0,0.0,2.72121305933265e-05,-0.08250229682097611,3.157854294913558e-06,1.6868844918503356e-06
5.4,0.0,3.0650640043928102e-06,0.07916554077654356,0.9163730435155698,2.0557549951797508e-05,1.3001438117192567,1.300189033853226,1.300214603928813,0.11536557084249803,0.11536783970560376,0.11537185244272798,1.532532002196405e-05,2.055754995179751e-05,2.3351589561577262e-05,0.60279371698242,0.7048013718108598,0.8869063703192235,1.0,1.0,1.0,1.0,1.0,1.0,1.0,1.0,1.0,0.0,0.0,0.0,0.0,0.0,2.6463445985447365e-05,-0.07916554077654356,3.0650640043928102e-06,1.6373589860810956e-06
5.6000000000000005,0.0,2.9750057762816987e-06,0.07596419813337127,0.9318838074309115,1.9953587790518e-05,1.3001398513106508,1.3001838144008648,1.3002086661921177,0.11536609768899674,0.1153683028358778,0.11537220388159576,1.4875028881408493e-05,1.9953587790518e-05,2.26655978834474e-05,0.6188460945821497,0.7167337692835651,0.8914797169523268,1.0,1.0,1.0,1.0,1.0,1.0,1.0,1.0,1.0,0.0,0.0,0.0,0.0,0.0,2.5734342025393597e-05,-0.07596419813337127,2.9750057762816987e-06,1.5892760764159368e-06
5.800000000000001,0.0,2.887597265948833e-06,0.07289262224367377,0.9467673704045143,1.936737102652394e-05,1.3001359963178045,1.3001787388174826,1.3002028965465096,0.11536660962563418,0.11536875320405514,0.11537254596813276,1.4437986329744165e-05,1.936737102652394e-05,2.199973971767584e-05,0.6342505445201233,0.7281837930010583,0.8958676825090375,1.0,1.0,1.0,1.0,1.0,1.0,1.0,1.0,1.0,0.0,0.0,0.0,0.0,0.0,2.5024654133357083e-05,-0.07289262224367377,2.887597265948833e-06,1.5425976911380618e-06
6.0,0.0,2.8027590609877817e-06,0.0699454465668465,0.9610491449557116,1.8798377653479356e-05,1.300132245293414,1.3001738032492267,1.30019728886584,0.11536710719558933,0.1153691911517939,0.11537287883060539,1.4013795304938908e-05,1.8798377653479356e-05,2.1353431632727194e-05,0.649032987562591,0.7391709806400133,0.9000779334759336,1.0,1.0,1.0,1.0,1.0,1.0,1.0,1.0,1.0,0.0,0.0,0.0,0.0,0.0,2.4334115282104163e-05,-0.0699454465668465,2.8027590609877817e-06,1.4972858108688104e-06
6.2,0.0,2.7204146545814066e-06,0.06711755908413264,0.9747534972109728,1.824610124420348e-05,1.300128596331275,1.3001690039070906,1.3001918376966128,0.11536759088238566,0.11536961701501834,0.11537320263801024,1.3602073272907032e-05,1.824610124420348e-05,2.0726104399922e-05,0.6632183788750335,0.7497140658236499,0.9041177727369534,1.0,1.0,1.0,1.0,1.0,1.0,1.0,1.0,1.0,0.0,0.0,0.0,0.0,0.0,2.3662374019683963e-05,-0.06711755908413264,2.7204146545814066e-06,1.4533023499110539e-06
6.4,0.0,2.6404902998820828e-06,0.06440408375590133,0.9879037936308109,1.7710050467563212e-05,1.3001250471628363,1.3001643370721367,1.300186538154179,0.11536806111909817,0.11537003112345418,0.11537351759150671,1.3202451499410413e-05,1.7710050467563212e-05,2.0117202880428658e-05,0.6768307266448753,0.7598310139956128,0.9079941660629981,1.0,1.0,1.0,1.0,1.0,1.0,1.0,1.0,1.0,0.0,0.0,0.0,0.0,0.0,2.3009012236799298e-05,-0.06440408375590133,2.6404902998820828e-06,1.4106092817277218e-06
6.6000000000000005,0.0,2.562914653304645e-06,0.06180036146325601,1.0005224464487914,1.718974852818289e-05,1.3001215953488097,1.3001597991087093,1.3001813857251656,0.11536851830588138,0.11537043379945475,0.1153738239074142,1.2814573266523224e-05,1.718974852818289e-05,1.952618701414183e-05,0.6898931092355131,0.7695390572998838,0.9117137693382057,1.0,1.0,1.0,1.0,1.0,1.0,1.0,1.0,1.0,0.0,0.0,0.0,0.0,0.0,2.2373580427573203e-05,-0.06180036146325601,2.562914653304645e-06,1.3691692045141954e-06
6.800000000000001,0.0,2.4876184990527303e-06,0.05930193248481331,1.0126309565735987,1.6684732652155485e-05,1.3001182384312027,1.3001553864744506,1.3001763761088645,0.11536896282404105,0.11537082535711093,0.11537412180372042,1.243809249526365e-05,1.6684732652155485e-05,1.895253243547216e-05,0.7024276959980775,0.7788547275176771,0.9152829535931238,1.0,1.0,1.0,1.0,1.0,1.0,1.0,1.0,1.0,0.0,0.0,0.0,0.0,0.0,2.1755625662603362e-05,-0.05930193248481331,2.4876184990527303e-06,1.3289457478025357e-06
7.0,0.0,2.41453468018583e-06,0.05690452397368894,1.024249952554275,1.6194553672034182e-05,1.3001149739687714,1.3001510957206668,1.3001715051751468,0.11536939503976701,0.11537120610221768,0.11537441149693502,1.2072673400929149e-05,1.6194553672034182e-05,1.839573005771664e-05,0.7144557756376267,0.7877938859904366,0.9187078228947301,1.0,1.0,1.0,1.0,1.0,1.0,1.0,1.0,1.0,0.0,0.0,0.0,0.0,0.0,2.1154698112590964e-05,-0.05690452397368894,2.41453468018583e-06,1.2899035579846485e-06
7.2,0.0,2.3435980964376642e-06,0.054604041263208614,1.0353992264477456,1.5718775651869605e-05,1.3001117995201026,1.3001469234883665,1.3001667689759282,0.11536981530311452,0.11537157633262457,0.11537469320359066,1.1717990482188321e-05,1.5718775651869605e-05,1.785528532408887e-05,0.725997788812948,0.7963717511679453,0.9219942267668448,1.0,1.0,1.0,1.0,1.0,1.0,1.0,1.0,1.0,0.0,0.0,0.0,0.0,0.0,2.0570347937912126e-05,-0.054604041263208614,2.3435980964376642e-06,1.252008147747712e-06
7.4,0.0,2.2747456343042e-06,0.05239655973469182,1.0460977681714396,1.5256975494650475e-05,1.3001087126523103,1.3001428665064958,1.3001621637318344,0.11537022394918603,0.11537193633839171,0.1153749671394708,1.1373728171521001e-05,1.5256975494650475e-05,1.733071782236318e-05,0.7370733597658442,0.8046029249919711,0.9251477718075831,1.0,1.0,1.0,1.0,1.0,1.0,1.0,1.0,1.0,0.0,0.0,0.0,0.0,0.0,2.0002126887838645e-05,-0.05239655973469182,2.2747456343042e-06,1.2152258887718047e-06
7.6000000000000005,0.0,2.2079160508674977e-06,0.05027831618222047,1.0563637988066792,1.4808742540563655e-05,1.3001057109753906,1.300138921592389,1.3001576857929218,0.11537062130161552,0.11537228640174876,0.1153752335165608,1.1039580254337489e-05,1.4808742540563655e-05,1.6821561166133646e-05,0.7477013257210923,0.8125014184735343,0.9281738340253993,1.0,1.0,1.0,1.0,1.0,1.0,1.0,1.0,1.0,0.0,0.0,0.0,0.0,0.0,1.944959462242546e-05,-0.05027831618222047,2.2079160508674977e-06,1.179524106006416e-06
7.800000000000001,0.0,2.143049889570044e-06,0.04824570077567721,1.0662148023849762,1.4373678189024354e-05,1.3001027921632742,1.300135085651195,1.3001533316123928,0.11537100767489987,0.11537262679714519,0.11537549254117913,1.0715249447850218e-05,1.4373678189024354e-05,1.6327362738191773e-05,0.7578997659167669,0.8200806761070538,0.9310775703204611,1.0,1.0,1.0,1.0,1.0,1.0,1.0,1.0,1.0,0.0,0.0,0.0,0.0,0.0,1.8912322584579977e-05,-0.04824570077567721,2.143049889570044e-06,1.1448711112296772e-06
8.0,0.0,2.0800894410458252e-06,0.04629525037155674,1.0756675559073456,1.3951395549999602e-05,1.300099953950172,1.3001313556732956,1.3001490977454058,0.11537138337450346,0.1153729577914785,0.11537574441430135,1.0400447205229125e-05,1.3951395549999602e-05,1.5847683218852078e-05,0.7676860312474957,0.8273535989298284,0.9338639280406332,1.0,1.0,1.0,1.0,1.0,1.0,1.0,1.0,1.0,0.0,0.0,0.0,0.0,0.0,1.838989332730856e-05,-0.04629525037155674,2.0800894410458252e-06,1.1112361467790824e-06
8.200000000000001,0.0,2.0189787077614657e-06,0.044423642635160326,1.0847381579137483,1.3541519106830773e-05,1.3000971941217492,1.3001277287313466,1.3001449808535934,0.11537174869645647,0.1153732796443563,0.115375989332343,1.0094893538807329e-05,1.3541519106830773e-05,1.5382096110380264e-05,0.7770767735320666,0.8343325664689129,0.9365376533783424,1.0,1.0,1.0,1.0,1.0,1.0,1.0,1.0,1.0,0.0,0.0,0.0,0.0,0.0,1.788189889206926e-05,-0.044423642635160326,2.0189787077614657e-06,1.0785893246008788e-06
8.4,0.0,1.95966334874209e-06,0.04262769021685222,1.0934420559786453,1.3143684380020804e-05,1.3000945105159574,1.3001242019781873,1.3001409777000048,0.11537210392780273,0.11537359260828095,0.11537622748708537,9.798316743710448e-06,1.3143684380020804e-05,1.4930187384712723e-05,0.7860879733339282,0.8410294578632247,0.9391032996902111,1.0,1.0,1.0,1.0,1.0,1.0,1.0,1.0,1.0,0.0,0.0,0.0,0.0,0.0,1.7387940955723713e-05,-0.04262769021685222,1.95966334874209e-06,1.046901610764464e-06
8.6,0.0,1.9020906180104412e-06,0.040904334925280846,1.1017940731886742,1.2757537597450665e-05,1.3000919010289265,1.300120772645235,1.3001370851388518,0.11537244934750886,0.11537389692879159,0.11537645906515231,9.510453090052206e-06,1.2757537597450665e-05,1.4491555184994073e-05,0.7947349664049395,0.8474556722042234,0.9415652358210274,1.0,1.0,1.0,1.0,1.0,1.0,1.0,1.0,1.0,0.0,0.0,0.0,0.0,0.0,1.6907631921109223e-05,-0.040904334925280846,1.9020906180104412e-06,1.016144827368141e-06
8.8,0.0,1.8462093144772312e-06,0.03925064225508109,1.1098084334918839,1.2382735378392028e-05,1.3000893636164081,1.3001174380405758,1.3001333001097926,0.11537278522697089,0.11537419284463314,0.11537668424788186,9.231046572386156e-06,1.2382735378392028e-05,1.4065809485763097e-05,0.8030324693036696,0.8536221480107592,0.9439276539213127,1.0,1.0,1.0,1.0,1.0,1.0,1.0,1.0,1.0,0.0,0.0,0.0,0.0,0.0,1.6440595177122375e-05,-0.03925064225508109,1.8462093144772312e-06,9.862916343288962e-07
9.0,0.0,1.7919697417730503e-06,0.03766379638213006,1.1174987859170402,1.2018944430459716e-05,1.3000868962902083,1.3001141955466766,1.300129619637514,0.11537311183005056,0.11537448058795831,0.11537690321164244,8.959848708865251e-06,1.2018944430459716e-05,1.3652571717737396e-05,0.8109946043281234,0.8595393818368524,0.946194576596957,1.0,1.0,1.0,1.0,1.0,1.0,1.0,1.0,1.0,0.0,0.0,0.0,0.0,0.0,1.5986464443534798e-05,-0.03766379638213006,1.7919697417730503e-06,9.573154938099178e-07
9.200000000000001,0.0,1.7393236672705368e-06,0.03614109542002866,1.124878227787508,1.1665841254624828e-05,1.3000844971148842,1.3001110426181868,1.3001260408312214,0.11537342941311993,0.11537476038452274,0.11537711612812578,8.696618336352684e-06,1.1665841254624828e-05,1.325147441387551e-05,0.8186349235298502,0.8652174461076276,0.9483698636856733,1.0,1.0,1.0,1.0,1.0,1.0,1.0,1.0,1.0,0.0,0.0,0.0,0.0,0.0,1.554488316246605e-05,-0.03614109542002866,1.7393236672705368e-06,9.291906398146567e-07
9.4,0.0,1.6882242770125285e-06,0.03467994677563375,1.131959327032247,1.1323111856607579e-05,1.3000821642071392,1.300107976780008,1.3001225608814424,0.11537373822534445,0.11537503245385541,0.11537732316440028,8.441121385062642e-06,1.132311185660758e-05,1.2862160894206514e-05,0.8259664316683851,0.8706660062619738,0.9504572188919518,1.0,1.0,1.0,1.0,1.0,1.0,1.0,1.0,1.0,0.0,0.0,0.0,0.0,0.0,1.5115504386736811e-05,-0.03467994677563375,1.6882242770125285e-06,9.018920598653498e-07
9.600000000000001,0.0,1.63862613124587e-06,0.03327786264976827,1.1387541436131359,1.0990451466436672e-05,1.3000798957359607,1.3001049956254866,1.3001191770561427,0.11537403850902708,0.11537529700941875,0.11537752448289855,8.19313065622935e-06,1.0990451466436672e-05,1.2484284963779808e-05,0.8330016081957864,0.875894337216779,0.9524601962146167,1.0,1.0,1.0,1.0,1.0,1.0,1.0,1.0,1.0,0.0,0.0,0.0,0.0,0.0,1.4697990805612182e-05,-0.03327786264976827,1.63862613124587e-06,8.753954787402935e-07
9.8,0.0,1.590485124052676e-06,0.03193245577289861,1.1452742500669173,1.0667564267454654e-05,1.3000776899214632,1.3001020968145458,1.300115886698282,0.11537433049982451,0.11537555425877402,0.11537772024151986,7.95242562026338e-06,1.0667564267454654e-05,1.2117510604474339e-05,0.8397524284080097,0.8809113391514856,0.9543822060387163,1.0,1.0,1.0,1.0,1.0,1.0,1.0,1.0,1.0,0.0,0.0,0.0,0.0,0.0,1.4292014528599628e-05,-0.03193245577289861,1.590485124052676e-06,8.496773367790357e-07
10.0,0.0,1.5437584456562511e-06,0.030641435361839595,1.1515307511961108,1.0354163133924737e-05,1.3000755450328183,1.300099278071788,1.3001126872244262,0.11537461442687,0.11537580440374917,0.1153779105938136,7.718792228281255e-06,1.0354163133924739e-05,1.1761511668000427e-05,0.8462303838054196,0.8857255526392689,0.9562265209116577,1.0,1.0,1.0,1.0,1.0,1.0,1.0,1.0,1.0,0.0,0.0,0.0,0.0,0.0,1.3897256707501304e-05,-0.030641435361839595,1.5437584456562511e-06,8.247147657027111e-07
10.200000000000001,0.0,1.498404544843325e-06,0.029402603231180255,1.1575343029648975,1.0049969375913648e-05,1.3000734593865648,1.3000965371846787,1.3001095761230572,0.11537489051292264,0.11537604764059974,0.11537809568912896,7.492022724216624e-06,1.0049969375913648e-05,1.1415971583385551e-05,0.8524465016422248,0.8903451731677396,0.9579962810983139,1.0,1.0,1.0,1.0,1.0,1.0,1.0,1.0,1.0,0.0,0.0,0.0,0.0,0.0,1.3513407223275653e-05,-0.029402603231180255,1.498404544843325e-06,8.004855672704613e-07
10.4,0.0,1.45438309129922e-06,0.028213850037339935,1.163295130641381,9.754712491157326e-06,1.3000714313455914,1.3000938720018316,1.3001065509522802,0.1153751589745706,0.1153762841601605,0.11537827567270513,7.2719154564960995e-06,9.754712491157326e-06,1.1080583079359244e-05,0.8584113636652277,0.8947780650809148,0.9596944999466572,1.0,1.0,1.0,1.0,1.0,1.0,1.0,1.0,1.0,0.0,0.0,0.0,0.0,0.0,1.3140164498506857e-05,-0.028213850037339935,1.45438309129922e-06,7.769681950640816e-07
10.600000000000001,0.0,1.4116549391788062e-06,0.02707315167467986,1.1688230462087752,9.468129924277706e-06,1.3000694593181823,1.3000912804313471,1.300103609337555,0.1153754200224318,0.11537651414799288,0.11537845068575572,7.058274695894031e-06,9.468129924277706e-06,1.0755047914034388e-05,0.8641351240850513,0.8990317749597873,0.9613240690361716,1.0,1.0,1.0,1.0,1.0,1.0,1.0,1.0,1.0,0.0,0.0,0.0,0.0,0.0,1.2777235321115299e-05,-0.02707315167467986,1.4116549391788062e-06,7.54141736500633e-07
10.8,0.0,1.3701820924783198e-06,0.025978565831656728,1.1741274650676807,9.189966833388358e-06,1.300067541756742,1.3000887604391644,1.3001007489698617,0.11537567386131643,0.11537673778453061,0.11537862086558175,6.8509104623915985e-06,9.189966833388358e-06,1.0439076608635386e-05,0.869627526832581,0.9031135444585034,0.9628877630976332,1.0,1.0,1.0,1.0,1.0,1.0,1.0,1.0,1.0,0.0,0.0,0.0,0.0,0.0,1.242433461121073e-05,-0.025978565831656728,1.3701820924783198e-06,7.319858938337327e-07
11.0,0.0,1.3299276716277101e-06,0.024928228691277254,1.179217422060067,8.919975863640154e-06,1.3000656771563928,1.3000863100474465,1.3000979676040767,0.11537592069037063,0.1153769552452228,0.11537878634569597,6.64963835813855e-06,8.919975863640154e-06,1.0132388188101483e-05,0.8748979221332926,0.907030322619621,0.9643882447267468,1.0,1.0,1.0,1.0,1.0,1.0,1.0,1.0,1.0,0.0,0.0,0.0,0.0,0.0,1.2081185157983287e-05,-0.024928228691277254,1.3299276716277101e-06,7.104809653124383e-07
11.200000000000001,0.0,1.2908558807276911e-06,0.023920351760013503,1.184101586847199,8.65791692727381e-06,1.3000638640537567,1.3000839273330214,1.300095263057248,0.11537616070322913,0.11537716670067194,0.1153789472559308,6.4542794036384554e-06,8.65791692727381e-06,9.834709931139244e-06,0.8799552824146346,0.9107887776931677,0.9658280689142664,1.0,1.0,1.0,1.0,1.0,1.0,1.0,1.0,1.0,0.0,0.0,0.0,0.0,0.0,1.1747517402765917e-05,-0.023920351760013503,1.2908558807276911e-06,6.896078276101607e-07
11.4,0.0,1.2529319755106933e-06,0.022953218821340035,1.1887882786683956,8.40355699003431e-06,1.3000621010258826,1.3000816104258803,1.3000926332067848,0.11537639408817564,0.11537737231676712,0.11537910372253339,6.264659877553466e-06,8.40355699003431e-06,9.545777128800275e-06,0.8848082175643858,0.9143953084801334,0.9672096873980857,1.0,1.0,1.0,1.0,1.0,1.0,1.0,1.0,1.0,0.0,0.0,0.0,0.0,0.0,1.1423069232352479e-05,-0.022953218821340035,1.2529319755106933e-06,6.69347919254349e-07
11.600000000000001,0.0,1.2161222323477473e-06,0.02202518301380255,1.1932854805034105,8.156669863906661e-06,1.300060386689203,1.3000793575077092,1.3000900759887224,0.11537662102829647,0.1153775722548138,0.115379255868258,6.080611161738736e-06,8.156669863906661e-06,9.265332849549111e-06,0.8894649895693211,0.9178560552178816,0.9685354528374249,1.0,1.0,1.0,1.0,1.0,1.0,1.0,1.0,1.0,0.0,0.0,0.0,0.0,0.0,1.1107585794450925e-05,-0.02202518301380255,1.2161222323477473e-06,6.496832243133163e-07
11.8,0.0,1.1803939183412466e-06,0.021134664029492933,1.1976008526613524,7.917036006014761e-06,1.3000587196984155,1.3000771668104607,1.3000875893961308,0.11537684170162144,0.11537776667166061,0.11537940381246521,5.901969591706232e-06,7.917036006014761e-06,8.993127710350218e-06,0.8939335265662443,0.9211769100250781,0.9698076228150101,1.0,1.0,1.0,1.0,1.0,1.0,1.0,1.0,1.0,0.0,0.0,0.0,0.0,0.0,1.0800819285949892e-05,-0.021134664029492933,1.1803939183412466e-06,6.305962562033731e-07
12.0,0.0,1.1457152623016219e-06,0.020280145425960835,1.2017417458201032,7.684442323429328e-06,1.3000570987453826,1.3000750366149572,1.300085171477579,0.11537705628125985,0.11537795571982269,0.11537954767121936,5.728576311508109e-06,7.684442323429328e-06,8.728919654494109e-06,0.8982214363298828,0.9243635269245053,0.9710283636771988,1.0,1.0,1.0,1.0,1.0,1.0,1.0,1.0,1.0,0.0,0.0,0.0,0.0,0.0,1.0502528753883467e-05,-0.020280145425960835,1.1457152623016219e-06,6.120700419691441e-07
12.200000000000001,0.0,1.1120554264789736e-06,0.01946017204575788,1.2057152135393654,7.4586819836691025e-06,1.3000555225581032,1.3000729652495415,1.3000828203356007,0.11537726493553642,0.11537813954760166,0.11537968755737973,5.560277132394868e-06,7.4586819836691025e-06,8.472473736447414e-06,0.9023360192159982,0.9274213314615251,0.9721997542203459,1.0,1.0,1.0,1.0,1.0,1.0,1.0,1.0,1.0,0.0,0.0,0.0,0.0,0.0,1.0212479903126681e-05,-0.01946017204575788,1.1120554264789736e-06,5.940881072267195e-07
12.4,0.0,1.0793844790866762e-06,0.01867334753971711,1.2095280242685453,7.239554230753703e-06,1.3000539898997374,1.3000709510887651,1.3000805341251775,0.11537746782812558,0.11537831829920148,0.11537982358068705,5.39692239543338e-06,7.239554230753703e-06,8.223561913196182e-06,0.9062842805793541,0.9303555299344496,0.9733237892289756,1.0,1.0,1.0,1.0,1.0,1.0,1.0,1.0,1.0,0.0,0.0,0.0,0.0,0.0,9.930444918482273e-06,-0.01867334753971711,1.0793844790866762e-06,5.766344616236116e-07
12.600000000000001,0.0,1.0476733676739824e-06,0.01791833199061249,1.2131866728693534,7.026864206678318e-06,1.300052499567644,1.3000689925521094,1.3000783110522784,0.11537766511818089,0.11537849211484191,0.11537995584784862,5.238366838369912e-06,7.026864206678319e-06,7.981962841504758e-06,0.9100729426895194,0.9331711182520972,0.9744023828705536,1.0,1.0,1.0,1.0,1.0,1.0,1.0,1.0,1.0,0.0,0.0,0.0,0.0,0.0,9.656202286253968e-06,-0.01791833199061249,1.0476733676739824e-06,5.596935846395087e-07
12.8,0.0,1.0168938933180574e-06,0.017193839633209883,1.2166973916725734,6.820422778148666e-06,1.3000510503924272,1.300067088102744,1.3000761493724606,0.11537785696045892,0.11537866113086852,0.115380084462623,5.084469466590287e-06,6.820422778148666e-06,7.74746168095557e-06,0.9137084561669747,0.9358728904334547,0.9754373719525573,1.0,1.0,1.0,1.0,1.0,1.0,1.0,1.0,1.0,0.0,0.0,0.0,0.0,0.0,9.389536619247574e-06,-0.017193839633209883,1.0168938933180574e-06,5.432504117305178e-07
13.0,0.0,9.870186855639314e-07,0.01649863666642981,1.2200661610880361,6.620046368401795e-06,1.3000496412370057,1.3000652362463176,1.3000740473895063,0.11537804350544006,0.1153788254798598,0.11538020952590242,4.935093427819657e-06,6.620046368401795e-06,7.519849902830215e-06,0.9171970109584151,0.9384654467640596,0.9764305190479574,1.0,1.0,1.0,1.0,1.0,1.0,1.0,1.0,1.0,0.0,0.0,0.0,0.0,0.0,9.130238483992525e-06,-0.01649863666642981,9.870186855639314e-07,5.272903209021537e-07
13.200000000000001,0.0,9.580211780759002e-07,0.015831539153642514,1.22329871978602,6.4255567939576176e-06,1.3000482709957224,1.300063435529782,1.3000720034540874,0.11537822489944674,0.1153789852907312,0.11538033113579176,4.7901058903795005e-06,6.4255567939576176e-06,7.298925104723361e-06,0.9205445468683425,0.9409532016230902,0.9773835154947964,1.0,1.0,1.0,1.0,1.0,1.0,1.0,1.0,1.0,0.0,0.0,0.0,0.0,0.0,8.878104238260742e-06,-0.015831539153642514,9.580211780759002e-07,5.117991197261477e-07
13.4,0.0,9.298755850012318e-07,0.015191411007715715,1.226400574467324,6.236781106165222e-06,1.300046938593482,1.3000616845402535,1.300070015962462,0.115378401284759,0.1153791406888364,0.11538044938768492,4.649377925006159e-06,6.236781106165222e-06,7.0844908306165516e-06,0.9237567636645967,0.9433403909944031,0.9782979842746918,1.0,1.0,1.0,1.0,1.0,1.0,1.0,1.0,1.0,0.0,0.0,0.0,0.0,0.0,8.632935870389602e-06,-0.015191411007715715,9.298755850012318e-07,4.967630327445201e-07
13.600000000000001,0.0,9.025568780412313e-07,0.014577162057543912,1.2293770092385274,6.05355143740975e-06,1.3000456429849074,1.3000599819038998,1.3000680833552136,0.11537857279972617,0.11537929179606551,0.11538056437433973,4.5127843902061565e-06,6.05355143740975e-06,6.876356396176725e-06,0.9268391307758362,0.9456310796741971,0.9791754827749373,1.0,1.0,1.0,1.0,1.0,1.0,1.0,1.0,1.0,0.0,0.0,0.0,0.0,0.0,8.394540845238496e-06,-0.014577162057543912,9.025568780412313e-07,4.821686892179958e-07
13.8,0.0,8.760407642023031e-07,0.013987746192763561,1.2322330946083668,5.875704851840171e-06,1.3000443831535136,1.3000583262848615,1.3000662041160305,0.11537873957887497,0.11537943873094104,0.11538067618595103,4.380203821011516e-06,5.875704851840171e-06,6.6743367191567575e-06,0.9297968965979015,0.9478291681875384,0.9800175054389092,1.0,1.0,1.0,1.0,1.0,1.0,1.0,1.0,1.0,0.0,0.0,0.0,0.0,0.0,8.162731951588675e-06,-0.013987746192763561,8.760407642023031e-07,4.6800311122162936e-07
14.0,0.0,8.503036641955959e-07,0.013422159583363168,1.2349736961205982,5.7030832004804664e-06,1.3000431581109073,1.3000567163842007,1.3000643767705093,0.11537890175301556,0.11537958160871077,0.11538078491022175,4.251518320977979e-06,5.7030832004804664e-06,6.478252154801546e-06,0.9326350974244276,0.9499383994255384,0.9808254863094812,1.0,1.0,1.0,1.0,1.0,1.0,1.0,1.0,1.0,0.0,0.0,0.0,0.0,0.0,7.93732715352602e-06,-0.013422159583363168,8.503036641955959e-07,4.542537021000075e-07
14.200000000000001,0.0,8.253226914658705e-07,0.012879438971187018,1.2376034826380442,5.535532980595239e-06,1.3000419668960128,1.3000551509388811,1.3000625998850028,0.11537905944934364,0.11537972054143832,0.11538089063243151,4.126613457329352e-06,5.535532980595239e-06,6.287928336115581e-06,0.9353585660165072,0.9519623650144817,0.9816008014697328,1.0,1.0,1.0,1.0,1.0,1.0,1.0,1.0,1.0,0.0,0.0,0.0,0.0,0.0,7.718149448471268e-06,-0.012879438971187018,8.253226914658705e-07,4.409082352723907e-07
14.4,0.0,8.0107563183742e-07,0.012358660030453538,1.2401269342919046,5.372905199187363e-06,1.3000408085743176,1.3000536287207758,1.300060872065486,0.11537921279154094,0.115379855638091,0.1153809934355035,4.0053781591871e-06,5.372905199187363e-06,6.103196018820144e-06,0.9379719398261116,0.9539045114277084,0.9823447713850664,1.0,1.0,1.0,1.0,1.0,1.0,1.0,1.0,1.0,0.0,0.0,0.0,0.0,0.0,7.505026729665021e-06,-0.012358660030453538,8.0107563183742e-07,4.27954843365141e-07
14.600000000000001,0.0,7.775409237613095e-07,0.011858935794527403,1.2425483501098313,5.215055240507288e-06,1.3000396822371365,1.3000521485356997,1.3000591919564628,0.11537936189987208,0.1153799870046256,0.1153810934000697,3.887704618806547e-06,5.215055240507288e-06,5.923890930849566e-06,0.9404796688874545,0.9557681458506206,0.9830586631506751,1.0,1.0,1.0,1.0,1.0,1.0,1.0,1.0,1.0,0.0,0.0,0.0,0.0,0.0,7.2977916471539395e-06,-0.011858935794527403,7.775409237613095e-07,4.1538200765677583e-07
14.8,0.0,7.54697639143602e-07,0.011379415146243799,1.2448718553357467,5.0618427374551065e-06,1.3000385870008972,1.3000507092224745,1.3000575582399019,0.11537950689127892,0.11538011474407123,0.11538119060453432,3.77348819571801e-06,5.0618427374551065e-06,5.749853626264845e-06,0.9428860233897525,0.9575564418087826,0.9837436926482231,1.0,1.0,1.0,1.0,1.0,1.0,1.0,1.0,1.0,0.0,0.0,0.0,0.0,0.0,7.096281478977118e-06,-0.011379415146243799,7.54697639143602e-07,4.0317854783155433e-07
15.0,0.0,7.325254647351811e-07,0.01091928136921062,1.2471014084538683,4.913131446759988e-06,1.3000375220064488,1.3000493096520136,1.3000559696341982,0.11537964787947251,0.1153802389566107,0.11538128512513496,3.662627323675905e-06,4.913131446759988e-06,5.580929343466618e-06,0.945195100944064,0.9592724445686832,0.9844010266154134,1.0,1.0,1.0,1.0,1.0,1.0,1.0,1.0,1.0,0.0,0.0,0.0,0.0,0.0,6.9003380036569695e-06,-0.01091928136921062,7.325254647351811e-07,3.9133361203730547e-07
15.200000000000001,0.0,7.110046840673839e-07,0.010477750757649328,1.2492408079288917,4.768789127826308e-06,1.300036486418381,1.3000479487264347,1.3000544248931711,0.11537978497502202,0.11538035973965867,0.11538137703600314,3.5550234203369193e-06,4.768789127826308e-06,5.416967867578938e-06,0.9474108335565321,0.9609190763203445,0.9850317846319295,1.0,1.0,1.0,1.0,1.0,1.0,1.0,1.0,1.0,0.0,0.0,0.0,0.0,0.0,6.709807371399479e-06,-0.010477750757649328,7.110046840673839e-07,3.798366672373718e-07
15.4,0.0,6.90116159918912e-07,0.010054071282388598,1.2512936986737997,4.628687425139359e-06,1.3000354794243736,1.3000466253781995,1.300052922805078,0.11537991828544206,0.11538047718793842,0.11538146640922185,3.4505807995945595e-06,4.628687425139359e-06,5.257823396873782e-06,0.9495369943199552,0.9624991411505812,0.9856370410251591,1.0,1.0,1.0,1.0,1.0,1.0,1.0,1.0,1.0,0.0,0.0,0.0,0.0,0.0,6.524539989255507e-06,-0.010054071282388598,6.90116159918912e-07,3.6867748984496146e-07
15.600000000000001,0.0,6.698413172985757e-07,0.00964752131075639,1.2532635782562926,4.492701754126162e-06,1.3000345002345552,1.30004533856927,1.300051462191666,0.11538004791527674,0.11538059139355618,0.11538155331488252,3.3492065864928783e-06,4.492701754126162e-06,5.103354413115887e-06,0.9515772038350839,0.9640153298153564,0.9862178266989194,1.0,1.0,1.0,1.0,1.0,1.0,1.0,1.0,1.0,0.0,0.0,0.0,0.0,0.0,6.344390398219102e-06,-0.00964752131075639,6.698413172985757e-07,3.578461566310938e-07
15.8,0.0,6.501621269279291e-07,0.009257408378181807,1.2551538028544031,4.360711190369562e-06,1.300033548080883,1.3000440872902994,1.3000500419072463,0.11538017396618179,0.1153807024460734,0.11538163782113997,3.2508106346396455e-06,4.360711190369562e-06,4.9534235557166524e-06,0.9535349363725538,0.9654702243193541,0.9867751308883117,1.0,1.0,1.0,1.0,1.0,1.0,1.0,1.0,1.0,0.0,0.0,0.0,0.0,0.0,6.1692171621913205e-06,-0.009257408378181807,6.501621269279291e-07,3.473330358997095e-07
16.0,0.0,6.310610892087435e-07,0.008883068009447215,1.2569675929714306,4.232598362076885e-06,1.3000326222165384,1.3000428705598324,1.300048660837792,0.11538029653700448,0.11538081043257709,0.11538171999426598,3.1553054460437172e-06,4.232598362076885e-06,4.807897499587438e-06,0.9554135257858586,0.9668663023105436,0.9873099028436468,1.0,1.0,1.0,1.0,1.0,1.0,1.0,1.0,1.0,0.0,0.0,0.0,0.0,0.0,5.998882755056667e-06,-0.008883068009447215,6.310610892087435e-07,3.3712877892291907e-07
16.2,0.0,6.125212186613791e-07,0.008523862587536412,1.2587080389199192,4.1082493457077135e-06,1.3000317219153426,1.3000416874235394,1.3000473179000644,0.11538041572386105,0.11538091543774823,0.11538179989870118,3.062606093306895e-06,4.1082493457077135e-06,4.666646836582275e-06,0.9572161711854714,0.9682059412972164,0.9878230534463766,1.0,1.0,1.0,1.0,1.0,1.0,1.0,1.0,1.0,0.0,0.0,0.0,0.0,0.0,5.833253452755538e-06,-0.008523862587536412,6.125212186613791e-07,3.2722431162817754e-07
16.400000000000002,0.0,5.945260288205281e-07,0.008179180268217068,1.2603781060840105,3.987553564668063e-06,1.3000308464711843,1.3000405369534616,1.3000460120407602,0.11538053162021242,0.11538101754392818,0.11538187759710578,2.9726301441026403e-06,3.987553564668063e-06,4.5295459604227265e-06,0.958945942383741,0.9694914226946583,0.9883154567596899,1.0,1.0,1.0,1.0,1.0,1.0,1.0,1.0,1.0,0.0,0.0,0.0,0.0,0.0,5.672199228951014e-06,-0.008179180268217068,5.945260288205281e-07,3.1761082652929763e-07
16.6,0.0,5.770595175748406e-07,0.007848433938445564,1.2619806399691251,3.870403690980879e-06,1.3000299951974639,1.3000394182472859,1.3000447422356842,0.11538064431693736,0.11538111683118345,0.11538195315040883,2.8852975878742028e-06,3.87040369098088e-06,4.396472955002658e-06,0.9606057851198129,0.970724935708337,0.9887879515165063,1.0,1.0,1.0,1.0,1.0,1.0,1.0,1.0,1.0,0.0,0.0,0.0,0.0,0.0,5.5155936515977055e-06,-0.007848433938445564,5.770595175748406e-07,3.08279774894205e-07
16.8,0.0,5.601061529371971e-07,0.007531060216886032,1.263518371047565,3.756695549845328e-06,1.3000291674265567,1.3000383304276344,1.3000435074889463,0.11538075390240382,0.11538121337736833,0.11538202661785589,2.8005307646859852e-06,3.756695549845328e-06,4.267309485974721e-06,0.9621985260734927,0.9719085810602057,0.9892413425473057,1.0,1.0,1.0,1.0,1.0,1.0,1.0,1.0,1.0,0.0,0.0,0.0,0.0,0.0,5.363313784367829e-06,-0.007531060216886032,5.601061529371971e-07,2.9922285914290213e-07
17.0,0.0,5.436508592329471e-07,0.007226518494786382,1.2649939194082824,3.6463280269999677e-06,1.3000283625092872,1.300037272641374,1.3000423068321765,0.11538086046253848,0.11538130725818638,0.1153820980570556,2.7182542961647353e-06,3.6463280269999677e-06,4.141940695522503e-06,0.9637268776765355,0.973044374564464,0.9896764021503052,1.0,1.0,1.0,1.0,1.0,1.0,1.0,1.0,1.0,0.0,0.0,0.0,0.0,0.0,5.215240090158946e-06,-0.007226518494786382,5.436508592329471e-07,2.904320254689847e-07
17.2,0.0,5.276790036939127e-07,0.00693429001563911,1.2664097992187315,3.53920297880751e-06,1.3000275798144172,1.3000362440589488,1.3000411393237643,0.11538096408089418,0.11538139854724952,0.1153821675240251,2.6383950184695632e-06,3.53920297880751e-06,4.020255100224217e-06,0.9651934427295376,0.9741342505588476,0.9900938714062298,1.0,1.0,1.0,1.0,1.0,1.0,1.0,1.0,1.0,0.0,0.0,0.0,0.0,0.0,5.071256335711927e-06,-0.00693429001563911,5.276790036939127e-07,2.818994566779494e-07
17.400000000000002,0.0,5.121763834462929e-07,0.0066538769919983086,1.2677684230063897,3.4352251449811923e-06,1.300026818728153,1.3000352438737253,1.3000400040481221,0.11538106483871523,0.11538148731613598,0.11538223507323375,2.5608819172314643e-06,3.4352251449811923e-06,3.902144491916712e-06,0.9666007188323376,0.9751800651972874,0.9904944614400024,1.0,1.0,1.0,1.0,1.0,1.0,1.0,1.0,1.0,0.0,0.0,0.0,0.0,0.0,4.931249501530233e-06,-0.0066538769919983086,5.121763834462929e-07,2.7361756523579046e-07
17.6,0.0,4.971292128808761e-07,0.006384801758009494,1.2690721057672425,3.334302063875175e-06,1.3000260786536617,1.3000342713013595,1.300038900114961,0.11538116281500166,0.11538157363444651,0.11538230075764604,2.4856460644043805e-06,3.334302063875175e-06,3.787503841471883e-06,0.9679511026353754,0.9761835996095369,0.990878854631415,1.0,1.0,1.0,1.0,1.0,1.0,1.0,1.0,1.0,0.0,0.0,0.0,0.0,0.0,4.795109693686572e-06,-0.006384801758009494,4.971292128808761e-07,2.655789865217705e-07
17.8,0.0,4.825241113942782e-07,0.006126605956161901,1.2703230689082163,3.2363439902635886e-06,1.300025359010601,1.3000333255791823,1.3000378266585944,0.1153812580865709,0.11538165756985898,0.11538236462876324,2.412620556971391e-06,3.2363439902635886e-06,3.6762312054001024e-06,0.9692468939193337,0.977146562933136,0.9912477057769116,1.0,1.0,1.0,1.0,1.0,1.0,1.0,1.0,1.0,0.0,0.0,0.0,0.0,0.0,4.662730053825448e-06,-0.006126605956161901,4.825241113942782e-07,2.5777657227945716e-07
18.0,0.0,4.6834809149031237e-07,0.005878849756921145,1.2715234440302752,3.141263815535147e-06,1.3000246592346667,1.3000324059655988,1.3000367828372572,0.11538135072811818,0.11538173918818163,0.1153824267366636,2.341740457451562e-06,3.141263815535147e-06,3.5682276351976945e-06,0.9704902995099036,0.9780705952228727,0.9916016432043984,1.0,1.0,1.0,1.0,1.0,1.0,1.0,1.0,1.0,0.0,0.0,0.0,0.0,0.0,4.534006680559366e-06,-0.005878849756921145,4.6834809149031237e-07,2.5020338426021106e-07
18.2,0.0,4.5458854723092804e-07,0.005641111109884211,1.2726752765586153,3.0489769902323527e-06,1.3000239787771457,1.300031511739506,1.3000357678324455,0.11538144081227515,0.11538181855340454,0.11538248713004198,2.27294273615464e-06,3.0489769902323527e-06,3.463397089357648e-06,0.9716834370344021,0.9789572702426871,0.9919412698430226,1.0,1.0,1.0,1.0,1.0,1.0,1.0,1.0,1.0,0.0,0.0,0.0,0.0,0.0,4.408838542885318e-06,-0.005641111109884211,4.5458854723092804e-07,2.428526880534136e-07
18.400000000000002,0.0,4.4123324302646396e-07,0.005412985025194794,1.2737805292261397,2.9594014488664064e-06,1.3000233171044873,1.3000306421997265,1.3000347808482704,0.11538152840966706,0.11538189572774991,0.1153825458562479,2.2061662151323198e-06,2.9594014488664064e-06,3.361646347965256e-06,0.9728283385266135,0.9798080981447685,0.9922671642497217,1.0,1.0,1.0,1.0,1.0,1.0,1.0,1.0,1.0,0.0,0.0,0.0,0.0,0.0,4.287127403496127e-06,-0.005412985025194794,4.4123324302646396e-07,2.3571794709791903e-07
18.6,0.0,4.282703027552295e-07,0.0051940828840025925,1.2748410854161387,2.872457536940992e-06,1.3000226736978828,1.3000297966644574,1.3000338211108362,0.11538161358896795,0.11538197077172116,0.1153826029613227,2.1413515137761474e-06,2.872457536940992e-06,3.262884929802873e-06,0.9739269538859386,0.9806245280403991,0.992579881594282,1.0,1.0,1.0,1.0,1.0,1.0,1.0,1.0,1.0,0.0,0.0,0.0,0.0,0.0,4.1687777405097215e-06,-0.0051940828840025925,4.282703027552295e-07,2.2879281686945197e-07
18.8,0.0,4.1568819920274026e-07,0.004984031776780085,1.27585875236987,2.7880679401200028e-06,1.3000220480528597,1.3000289744707352,1.3000328878676313,0.11538169641695474,0.11538204374415008,0.11538265849003577,2.078440996013701e-06,2.7880679401200028e-06,3.1670250118900153e-06,0.974981154196823,0.9814079504669209,0.9928799546045999,1.0,1.0,1.0,1.0,1.0,1.0,1.0,1.0,1.0,0.0,0.0,0.0,0.0,0.0,4.0536966729176616e-06,-0.004984031776780085,4.1568819920274026e-07,2.2207113923876808e-07
19.0,0.0,4.0347574381120803e-07,0.004782473868385195,1.2768352642644891,2.706157615476243e-06,1.3000214396788843,1.300028174973913,1.3000319803869358,0.11538177695855963,0.11538211470224324,0.11538271248591961,2.01737871905604e-06,2.706157615476243e-06,3.073981351387376e-06,0.9759927349140273,0.9821596997550186,0.9931678944737354,1.0,1.0,1.0,1.0,1.0,1.0,1.0,1.0,1.0,0.0,0.0,0.0,0.0,0.0,3.94179388749083e-06,-0.004782473868385195,4.0347574381120803e-07,2.155469369955926e-07
19.200000000000003,0.0,3.916220767301848e-07,0.004589065788773005,1.2777722851665818,2.62665372475997e-06,1.3000208480989741,1.3000273975471588,1.300031097957249,0.11538185527692099,0.1153821837016269,0.11538276499130427,1.9581103836509237e-06,2.6266537247599703e-06,2.9836712097951373e-06,0.9769634189191988,0.9828810563003452,0.9934441917303243,1.0,1.0,1.0,1.0,1.0,1.0,1.0,1.0,1.0,0.0,0.0,0.0,0.0,0.0,3.832981566281868e-06,-0.004589065788773005,3.916220767301848e-07,2.092144085334196e-07
19.400000000000002,0.0,3.8011665715950826e-07,0.004403478048342291,1.2786714118663152,2.549485569627935e-06,1.3000202728493282,1.3000266415809583,1.3000302398867278,0.11538193143343309,0.11538225079639049,0.11538281604735015,1.9005832857975411e-06,2.5494855696279356e-06,2.8960142793782833e-06,0.9778948594539396,0.9835732487433577,0.9937093170737967,1.0,1.0,1.0,1.0,1.0,1.0,1.0,1.0,1.0,0.0,0.0,0.0,0.0,0.0,3.727174320455884e-06,-0.004403478048342291,3.8011665715950826e-07,2.0306792269047138e-07
19.6,0.0,3.689492539759629e-07,0.004225394476892141,1.279534176597036,2.474584528775317e-06,1.3000197134789588,1.3000259064826374,1.3000294055026462,0.11538200548779408,0.11538231603912934,0.11538286569408071,1.8447462698798145e-06,2.474584528775317e-06,2.810932611753416e-06,0.9787886429343514,0.984237456061067,0.9939637221758684,1.0,1.0,1.0,1.0,1.0,1.0,1.0,1.0,1.0,0.0,0.0,0.0,0.0,0.0,3.6242891203880356e-06,-0.004225394476892141,3.689492539759629e-07,1.971020137422148e-07
19.8,0.0,3.581099366353158e-07,0.004054511685272632,1.2803620496449466,2.4018839969146446e-06,1.3000191695493397,1.3000251916758987,1.3000285941508645,0.11538207749805304,0.11538237948098581,0.1153829139704136,1.7905496831765788e-06,2.4018839969146446e-06,2.728350548573657e-06,0.9796462916518535,0.9848748095742635,0.9942078404496105,1.0,1.0,1.0,1.0,1.0,1.0,1.0,1.0,1.0,0.0,0.0,0.0,0.0,0.0,3.524245233241241e-06,-0.004054511685272632,3.581099366353158e-07,1.9131137654100397e-07
20.0,0.0,3.475890663416412e-07,0.003890538548773636,1.2811564418532968,2.3313193255474676e-06,1.3000186406340588,1.3000244966003662,1.3000278051953171,0.11538214752065544,0.11538244117168939,0.11538296091419152,1.737945331708206e-06,2.3313193255474676e-06,2.6481946542499236e-06,0.9804692663648557,0.9854863948736297,0.9944420877874662,1.0,1.0,1.0,1.0,1.0,1.0,1.0,1.0,1.0,0.0,0.0,0.0,0.0,0.0,3.4269641546597063e-06,-0.003890538548773636,3.475890663416412e-07,1.8569086179851042e-07
20.200000000000003,0.0,3.3737728747608024e-07,0.00373319571139411,1.2819187070253606,2.2628277654760693e-06,1.300018126318486,1.3000238207111472,1.3000270380175114,0.11538221561048755,0.11538250115959592,0.11538300656221168,1.6868864373804012e-06,2.2628277654760693e-06,2.5703936506487866e-06,0.9812589687857173,0.9860732536680203,0.994666863269437,1.0,1.0,1.0,1.0,1.0,1.0,1.0,1.0,1.0,0.0,0.0,0.0,0.0,0.0,3.332369553757375e-06,-0.00373319571139411,3.3737728747608024e-07,1.8023547150675066e-07
20.400000000000002,0.0,3.274655192774161e-07,0.0035822151101649654,1.282650144230281,2.1963484110041403e-06,1.3000176261994476,1.300023163478403,1.300026292016044,0.11538228182091936,0.11538255949172532,0.11538305095025467,1.6373275963870804e-06,2.1963484110041407e-06,2.494878353708842e-06,0.9820167439671915,0.986636385558052,0.9948825498426215,1.0,1.0,1.0,1.0,1.0,1.0,1.0,1.0,1.0,0.0,0.0,0.0,0.0,0.0,3.24038720748987e-06,-0.0035822151101649654,3.274655192774161e-07,1.7494035449363933e-07
20.6,0.0,3.1784494776706175e-07,0.00343733951865961,1.283352000015714,2.1318221457767545e-06,1.3000171398849067,1.3000225243869334,1.3000255666061256,0.11538234620384674,0.1153826162137988,0.11538309411311286,1.5892247388353087e-06,2.1318221457767545e-06,2.421581611919192e-06,0.9827438825924555,0.987176749738021,0.9950895149733434,1.0,1.0,1.0,1.0,1.0,1.0,1.0,1.0,1.0,0.0,0.0,0.0,0.0,0.0,3.1509449444633297e-06,-0.00343733951865961,3.1784494776706175e-07,1.6980080210911216e-07
20.8,0.0,3.085070179112855e-07,0.003298322108991636,1.2840254705310366,2.069191590211521e-06,1.300016666993659,1.3000219029357725,1.3000248612191245,0.1153824088097319,0.11538267137027443,0.11538313608461732,1.5425350895564276e-06,2.0691915902115213e-06,2.350438246605388e-06,0.9834416231725707,0.9876952666290432,0.9952881112728691,1.0,1.0,1.0,1.0,1.0,1.0,1.0,1.0,1.0,0.0,0.0,0.0,0.0,0.0,3.063972589187336e-06,-0.003298322108991636,3.085070179112855e-07,1.6481224403798794e-07
21.0,0.0,2.9944342601369925e-07,0.0031649260314914884,1.2846717035647328,2.008401050474147e-06,1.30001620715503,1.3000212986377944,1.3000241753021198,0.11538246968764306,0.1153827250043823,0.11538317689766474,1.497217130068496e-06,2.008401050474147e-06,2.281384993969704e-06,0.9841111541551708,0.9881928194461973,0.9954786770978693,1.0,1.0,1.0,1.0,1.0,1.0,1.0,1.0,1.0,0.0,0.0,0.0,0.0,0.0,2.9794019043849485e-06,-0.0031649260314914884,2.9944342601369925e-07,1.5997024423584646e-07
21.200000000000003,0.0,2.9064611233124775e-07,0.0030369240113671033,1.2852918004994258,1.9493964689530347e-06,1.3000157600085882,1.3000207110193307,1.3000235083174636,0.11538252888529324,0.11538277715815824,0.11538321658424285,1.4532305616562387e-06,1.9493964689530347e-06,2.2143604488341856e-06,0.9847536159479112,0.9886702557023357,0.9956615371266184,1.0,1.0,1.0,1.0,1.0,1.0,1.0,1.0,1.0,0.0,0.0,0.0,0.0,0.0,2.8971665407828695e-06,-0.0030369240113671033,2.9064611233124775e-07,1.5527049698430121e-07
21.400000000000002,0.0,2.821072539071325e-07,0.0029140979616896433,1.2858868181878853,1.8921253761888932e-06,1.300015325203857,1.3000201396197986,1.3000228597423642,0.11538258644907727,0.11538282787247707,0.11538325517545595,1.4105362695356624e-06,1.8921253761888932e-06,2.149305010036483e-06,0.9853701028601576,0.9891283886511234,0.9958370029118719,1.0,1.0,1.0,1.0,1.0,1.0,1.0,1.0,1.0,0.0,0.0,0.0,0.0,0.0,2.8172019808925253e-06,-0.0029140979616896433,2.821072539071325e-07,1.5070882306216742e-07
21.6,0.0,2.7381925761429524e-07,0.002796238611991908,1.2864577707532054,1.8365368442165846e-06,1.3000149024000434,1.3000195839913407,1.3000222290684704,0.11538264242410866,0.11538287718708433,0.11538329270154911,1.3690962880714763e-06,1.8365368442165846e-06,2.0861608274298835e-06,0.9859616649662184,0.9895679986717578,0.9960053734114401,1.0,1.0,1.0,1.0,1.0,1.0,1.0,1.0,1.0,0.0,0.0,0.0,0.0,0.0,2.739445491589665e-06,-0.002796238611991908,2.7381925761429524e-07,1.4628116602911507e-07
21.8,0.0,2.6577475340327695e-07,0.002683145151899746,1.287005631316215,1.7825814412777552e-06,1.300014491265768,1.3000190436984713,1.3000216158014768,0.11538269685425456,0.11538292514062792,0.1153833291919319,1.3288737670163847e-06,1.7825814412777552e-06,2.0248717504404174e-06,0.986529309893246,0.9899898345977304,0.9961669354972861,1.0,1.0,1.0,1.0,1.0,1.0,1.0,1.0,1.0,0.0,0.0,0.0,0.0,0.0,2.663836073710235e-06,-0.002683145151899746,2.6577475340327695e-07,1.419835886185027e-07
22.0,0.0,2.579665877484471e-07,0.0025746248891518886,1.2875313336530632,1.7302111878639454e-06,1.3000140914788072,1.3000185183177344,1.3000210194607322,0.1153827497821706,0.11538297177068803,0.11538336467520152,1.2898329387422355e-06,1.7302111878639454e-06,1.9653832781353215e-06,0.9870740045369238,0.9903946149918857,0.9963219644440687,1.0,1.0,1.0,1.0,1.0,1.0,1.0,1.0,1.0,0.0,0.0,0.0,0.0,0.0,2.5903144133115896e-06,-0.0025746248891518886,2.579665877484471e-07,1.378122692361896e-07
22.200000000000003,0.0,2.503878172867741e-07,0.0024704929214519164,1.2880357737858004,1.67937951405111e-06,1.3000137027258383,1.3000180074373733,1.300020439578864,0.11538280124933409,0.11538301711380688,0.1153833991791652,1.2519390864338703e-06,1.67937951405111e-06,1.9076425107584134e-06,0.9875966767077772,0.9907830293699516,0.9964707243979258,1.0,1.0,1.0,1.0,1.0,1.0,1.0,1.0,1.0,0.0,0.0,0.0,0.0,0.0,2.5188228367778454e-06,-0.0024704929214519164,2.503878172867741e-07,1.337634985622068e-07
22.400000000000002,0.0,2.4303170264348485e-07,0.0023705718215703553,1.2885198115086658,1.630041218087603e-06,1.3000133247021923,1.3000175106570062,1.3000198757014112,0.11538285129607666,0.11538306120551733,0.11538343273086225,1.2151585132174242e-06,1.630041218087603e-06,1.8515981026893138e-06,0.9880982167109965,0.9911557393746196,0.9966134688263281,1.0,1.0,1.0,1.0,1.0,1.0,1.0,1.0,1.0,0.0,0.0,0.0,0.0,0.0,2.4493052626223255e-06,-0.0023705718215703553,2.4303170264348485e-07,1.298336762522655e-07
22.6,0.0,2.3589170243911505e-07,0.0022746913351927465,1.288984271852678,1.5821524261987943e-06,1.3000129571116195,1.3000170275873097,1.300019327386465,0.11538289996161613,0.11538310408037081,0.11538346535658486,1.1794585121955752e-06,1.5821524261987945e-06,1.7972002167846666e-06,0.9885794788623578,0.9915133799021786,0.9967504409497246,1.0,1.0,1.0,1.0,1.0,1.0,1.0,1.0,1.0,0.0,0.0,0.0,0.0,0.0,2.3817071621995423e-06,-0.0022746913351927465,2.3589170243911505e-07,1.2601930773617467e-07
22.8,0.0,2.289614674726294e-07,0.0021826880909630916,1.2894299464910237,1.5356705535725923e-06,1.3000125996660505,1.3000165578497174,1.3000187942043269,0.11538294728408685,0.1153831457719643,0.11538349708189924,1.144807337363147e-06,1.5356705535725923e-06,1.7444004800607723e-06,0.9890412829429338,0.9918565601836113,0.996881874155767,1.0,1.0,1.0,1.0,1.0,1.0,1.0,1.0,1.0,0.0,0.0,0.0,0.0,0.0,2.3159755106055835e-06,-0.0021826880909630916,2.289614674726294e-07,1.2231700111031556e-07
23.0,0.0,2.2223483507543338e-07,0.0020944053222507696,1.2898575950876308,1.4905542664911591e-06,1.300012252085376,1.300016101076119,1.3000182757371668,0.11538299330056993,0.1153831863129669,0.11538352793166522,1.111174175377167e-06,1.4905542664911593e-06,1.6931519406782062e-06,0.9894844155949676,0.9921858648220024,0.9970079923967846,1.0,1.0,1.0,1.0,1.0,1.0,1.0,1.0,1.0,0.0,0.0,0.0,0.0,0.0,2.252058750762398e-06,-0.0020944053222507696,2.2223483507543338e-07,1.1872346412141201e-07
23.200000000000003,0.0,2.1570582363125824e-07,0.002009692600169899,1.2902679465912383,1.44676344557516e-06,1.3000119140972235,1.3000156569085723,1.3000177715786962,0.11538303804712241,0.11538322573514537,0.11538355793005602,1.0785291181562912e-06,1.44676344557516e-06,1.643409026190191e-06,0.989909631661366,0.9925018547880156,0.9971290105711859,1.0,1.0,1.0,1.0,1.0,1.0,1.0,1.0,1.0,0.0,0.0,0.0,0.0,0.0,2.1899067499664415e-06,-0.002009692600169899,2.1570582363125824e-07,1.1523550123891556e-07
23.400000000000002,0.0,2.0936862725704588e-07,0.0019284055773847728,1.290661700477143,1.4042591501078526e-06,1.300011585436742,1.3000152249990238,1.30001728133385,0.11538308155880533,0.11538326406938898,0.11538358710057736,1.0468431362852293e-06,1.4042591501078526e-06,1.5951275030175771e-06,0.9903176554710394,0.9928050683751387,0.9972451348894503,1.0,1.0,1.0,1.0,1.0,1.0,1.0,1.0,1.0,0.0,0.0,0.0,0.0,0.0,2.1294707593932927e-06,-0.0019284055773847728,2.0936862725704588e-07,1.1185001081339896e-07
23.6,0.0,2.032176106401033e-07,0.0018504057422648378,1.29103952793876,1.3630035834072959e-06,1.3000112658464003,1.3000148050090332,1.3000168046184766,0.11538312386971133,0.11538330134573392,0.11538361546608542,1.0160880532005165e-06,1.3630035834072959e-06,1.5482644371144072e-06,0.99070918207229,0.9930960221163229,0.997356563225336,1.0,1.0,1.0,1.0,1.0,1.0,1.0,1.0,1.0,0.0,0.0,0.0,0.0,0.0,2.0707033805272834e-06,-0.0018504057422648378,2.032176106401033e-07,1.0856398231843372e-07
23.8,0.0,1.9724730402693534e-07,0.0017755601829912314,1.291402073031013,1.3229600592158824e-06,1.3000109550757772,1.300014396609509,1.300016341059034,0.11538316501299153,0.11538333759338675,0.11538364304880534,9.862365201346766e-07,1.3229600592158824e-06,1.5027781557890782e-06,0.9910848784163672,0.9933752116635719,0.9974634854528697,1.0,1.0,1.0,1.0,1.0,1.0,1.0,1.0,1.0,0.0,0.0,0.0,0.0,0.0,2.013558521446468e-06,-0.0017755601829912314,1.9724730402693534e-07,1.0537449367349792e-07
24.0,0.0,1.914523983593003e-07,0.0017037413611799888,1.2917499537674975,1.2840929690773124e-06,1.30001065288137,1.3000139994804498,1.3000158902923002,0.11538320502088129,0.11538337284074739,0.11538366987034833,9.572619917965015e-07,1.2840929690773124e-06,1.4586282106471604e-06,0.9914453844931761,0.9936431126319837,0.9975660837697429,1.0,1.0,1.0,1.0,1.0,1.0,1.0,1.0,1.0,0.0,0.0,0.0,0.0,0.0,1.9579913656253556e-06,-0.0017037413611799888,1.914523983593003e-07,1.0227870864553444e-07
24.200000000000003,0.0,1.8582774055316312e-07,0.001634826894670094,1.2920837631733042,1.2463677506719937e-06,1.300010359026402,1.300013613310693,1.300015451965083,0.11538324392472592,0.11538340711543138,0.11538369595172866,9.291387027658155e-07,1.2463677506719937e-06,1.415775341622917e-06,0.9917913144210871,0.9939001814096761,0.9976645330076142,1.0,1.0,1.0,1.0,1.0,1.0,1.0,1.0,1.0,0.0,0.0,0.0,0.0,0.0,1.9039583350061173e-06,-0.001634826894670094,1.8582774055316312e-07,9.92738743268487e-08
24.400000000000002,0.0,1.8036832891634668e-07,0.0015686993490862443,1.2924040702952722,1.2097508570827142e-06,1.300010073280636,1.3000132377976705,1.3000150257339496,0.1153832817550047,0.1153834404442915,0.1153837213133803,9.018416445817333e-07,1.2097508570827142e-06,1.3741814420675237e-06,0.992123257492706,0.9941468559349792,0.9977590009298768,1.0,1.0,1.0,1.0,1.0,1.0,1.0,1.0,1.0,0.0,0.0,0.0,0.0,0.0,1.8514170553457499e-06,-0.0015686993490862443,1.8036832891634668e-07,9.635731868710124e-08
24.6,0.0,1.7506930870080824e-07,0.0015052460378168209,1.2927114211714077,1.17420972696325e-06,1.300009795420195,1.300012872647172,1.3000146112649498,0.11538331854135539,0.11538347285343899,0.11538374597517269,8.753465435040411e-07,1.17420972696325e-06,1.333809524862975e-06,0.9924417791783594,0.994383556442215,0.9978496485174045,1.0,1.0,1.0,1.0,1.0,1.0,1.0,1.0,1.0,0.0,0.0,0.0,0.0,0.0,1.8003263243526746e-06,-0.0015052460378168209,1.7506930870080824e-07,9.352644819722253e-08
24.8,0.0,1.6992596778558483e-07,0.0014443588300993792,1.2930063397611133,1.1397127555833915e-06,1.300009525227384,1.3000125175731132,1.3000142082333597,0.115383354312597,0.11538350436826386,0.11538376995642673,8.496298389279241e-07,1.1397127555833915e-06,1.2946236895315146e-06,0.9927474220890466,0.9946106861773332,0.9979366302427152,1.0,1.0,1.0,1.0,1.0,1.0,1.0,1.0,1.0,0.0,0.0,0.0,0.0,0.0,1.7506460764510345e-06,-0.0014443588300993792,1.6992596778558483e-07,9.077874552313247e-08
25.0,0.0,1.6493373248656865e-07,0.0013859339668371383,1.2932893288378124,1.1062292667246328e-06,1.300009262490522,1.3000121722973113,1.3000138163234225,0.1153833890967528,0.11538353501345493,0.11538379327592953,8.246686624328432e-07,1.1062292667246328e-06,1.25658909031136e-06,0.9930407069004522,0.9948286320846245,0.9980200943330898,1.0,1.0,1.0,1.0,1.0,1.0,1.0,1.0,1.0,0.0,0.0,0.0,0.0,0.0,1.7023373546226628e-06,-0.0013859339668371383,1.6493373248656865e-07,8.811176728721744e-08
25.200000000000003,0.0,1.600881634893868e-07,0.0013298718838816058,1.29356087084549,1.0737294854015333e-06,1.3000090070037738,1.3000118365492663,1.3000134352281034,0.11538342292107208,0.11538356481301922,0.11538381595194945,8.004408174469339e-07,1.0737294854015333e-06,1.2196719051703176e-06,0.9933221332396168,0.9950377654656758,0.9981001830230263,1.0,1.0,1.0,1.0,1.0,1.0,1.0,1.0,1.0,0.0,0.0,0.0,0.0,0.0,1.6553622784326594e-06,-0.0013298718838816058,1.600881634893868e-07,8.552314189557026e-08
25.400000000000002,0.0,1.553849519017687e-07,0.0012760770424456113,1.2938214287206053,1.0421845113844973e-06,1.3000087585669895,1.3000115100659502,1.3000130646488484,0.11538345581205146,0.11538359379030062,0.11538383800225027,7.769247595088435e-07,1.0421845113844973e-06,1.1838393057297627e-06,0.9935921805357729,0.9952384426116927,0.9981770327965063,1.0,1.0,1.0,1.0,1.0,1.0,1.0,1.0,1.0,0.0,0.0,0.0,0.0,0.0,1.60968401285988e-06,-0.0012760770424456113,1.553849519017687e-07,8.301056742906754e-08
25.6,0.0,1.508199154218897e-07,0.0012244577663748201,1.294071446680781,1.0115662935004205e-06,1.300008516985548,1.3000111925915987,1.3000127042953473,0.11538348779545603,0.11538362196799849,0.1153838594441051,7.540995771094485e-07,1.0115662935004205e-06,1.1490594280721921e-06,0.9938513088367946,0.9954310054102643,0.9982507746194645,1.0,1.0,1.0,1.0,1.0,1.0,1.0,1.0,1.0,0.0,0.0,0.0,0.0,0.0,1.5652667425952727e-06,-0.0012244577663748201,1.508199154218897e-07,8.057180959639971e-08
25.8,0.0,1.4638899461928554e-07,0.0011749260860031583,1.2943113509816073,9.818476046883614e-07,1.3000082820702012,1.3000108838775124,1.3000123538853108,0.11538351889633908,0.11538364936818521,0.11538388029431024,7.319449730964276e-07,9.818476046883614e-07,1.1153013444064417e-06,0.9940999595926361,0.995615781927602,0.9983215341628526,1.0,1.0,1.0,1.0,1.0,1.0,1.0,1.0,1.0,0.0,0.0,0.0,0.0,0.0,1.5220756401923552e-06,-0.0011749260860031583,1.4638899461928554e-07,7.820469974724288e-08
26.0,0.0,1.4208824932502872e-07,0.001127397588303125,1.2945415506428508,9.530020177880437e-07,1.300008053636929,1.3000105836818598,1.3000120131442423,0.1153835491390623,0.11538367601232362,0.11538390056919798,7.104412466251436e-07,9.530020177880437e-07,1.0825350355653373e-06,0.9943385564071182,0.9957930869672463,0.9983894320167098,1.0,1.0,1.0,1.0,1.0,1.0,1.0,1.0,1.0,0.0,0.0,0.0,0.0,0.0,1.4800768412814858e-06,-0.001127397588303125,1.4208824932502872e-07,7.590713294379951e-08
26.200000000000003,0.0,1.379138551279577e-07,0.0010817912731192147,1.2947624381453078,9.250038820396666e-07,1.3000078315067944,1.300010291769488,1.3000116818052299,0.11538357854731437,0.11538370192128383,0.11538392028464947,6.895692756397885e-07,9.250038820396666e-07,1.0507313643113344e-06,0.9945675057593171,0.9959632226061902,0.998454583895544,1.0,1.0,1.0,1.0,1.0,1.0,1.0,1.0,1.0,0.0,0.0,0.0,0.0,0.0,1.4392374177302214e-06,-0.0010817912731192147,1.379138551279577e-07,7.367706608899536e-08
26.400000000000002,0.0,1.3386209997384286e-07,0.0010380294151828395,1.2949743900994848,8.978283002741281e-07,1.3000076155058005,1.3000100079117394,1.3000113596087308,0.11538360714412992,0.11538372711535963,0.11538393945610753,6.693104998692143e-07,8.978283002741281e-07,1.019862049426411e-06,0.9947871976957997,0.9961264787093306,0.9985171008354531,1.0,1.0,1.0,1.0,1.0,1.0,1.0,1.0,1.0,0.0,0.0,0.0,0.0,0.0,1.3995253500959093e-06,-0.0010380294151828395,1.3386209997384286e-07,7.151251610966814e-08
26.6,0.0,1.2992938086446528e-07,0.0009960374317319442,1.2951777678872478,8.714511067733686e-07,1.3000074054647557,1.3000097318862698,1.3000110463023709,0.11538363495190744,0.11538375161428442,0.11538395809858841,6.496469043223264e-07,8.714511067733686e-07,9.89899640563171e-07,0.994998006494888,0.9962831334231307,0.9985770893832401,1.0,1.0,1.0,1.0,1.0,1.0,1.0,1.0,1.0,0.0,0.0,0.0,0.0,0.0,1.36090950451917e-06,-0.0009960374317319442,1.2992938086446528e-07,6.941155819313231e-08
26.8,0.0,1.2611220065367276e-07,0.000955743755461913,1.2953729182775284,8.458488457811567e-07,1.3000072012191426,1.3000094634768777,1.3000107416407454,0.11538366199242692,0.11538377543724657,0.11538397622669357,6.305610032683638e-07,8.458488457811567e-07,9.608174938347882e-07,0.9952002913040491,0.9964334536493222,0.9986346517779116,1.0,1.0,1.0,1.0,1.0,1.0,1.0,1.0,1.0,0.0,0.0,0.0,0.0,0.0,1.3233596070499898e-06,-0.000955743755461913,1.2611220065367276e-07,6.737232407555059e-08
27.0,0.0,1.2240716493756436e-07,0.0009170797126221819,1.2955601740171445,8.209987506452032e-07,1.300007002608986,1.30000920247333,1.300010445385228,0.11538368828686678,0.11538379860290467,0.11538399385462136,6.120358246878218e-07,8.209987506452032e-07,9.325897481220978e-07,0.9953943967515612,0.9965776954994652,0.9986898861248255,1.0,1.0,1.0,1.0,1.0,1.0,1.0,1.0,1.0,0.0,0.0,0.0,0.0,0.0,1.2868462201526265e-06,-0.0009170797126221819,1.2240716493756436e-07,6.539300038059231e-08
27.200000000000003,0.0,1.1881097903603759e-07,0.0008799794060428966,1.2957398543977312,7.968787235720548e-07,1.300006809478728,1.3000089486712005,1.30001015730378,0.11538371385582086,0.11538382112940192,0.11538401099617812,5.94054895180188e-07,7.968787235720549e-07,9.051913020767561e-07,0.9955806535334066,0.9967161047311327,0.9987428865627959,1.0,1.0,1.0,1.0,1.0,1.0,1.0,1.0,1.0,0.0,0.0,0.0,0.0,0.0,1.2513407197101145e-06,-0.0008799794060428966,1.1881097903603759e-07,6.347182700689991e-08
27.400000000000002,0.0,1.1532044506301473e-07,0.0008443796028778205,1.2959122657997557,7.734673159767713e-07,1.3000066216771076,1.3000087018717086,1.3000098771707729,0.11538373871931404,0.11538384303438069,0.1153840276647888,5.766022253150736e-07,7.734673159767713e-07,8.785977918000216e-07,0.9957593789764946,0.9968489171664641,0.9987937434244603,1.0,1.0,1.0,1.0,1.0,1.0,1.0,1.0,1.0,0.0,0.0,0.0,0.0,0.0,1.216815272195304e-06,-0.0008443796028778205,1.1532044506301473e-07,6.16070955629294e-08
27.6,0.0,1.1193245908274196e-07,0.0008102196268965577,1.2960777022145347,7.507437094098996e-07,1.3000064390570403,1.3000084618815624,1.3000096047668086,0.11538376289681836,0.11538386433499612,0.11538404387350766,5.596622954137098e-07,7.507437094098996e-07,8.527855691773075e-07,0.9959308775790743,0.9969763590937996,0.9988425433901478,1.0,1.0,1.0,1.0,1.0,1.0,1.0,1.0,1.0,0.0,0.0,0.0,0.0,0.0,1.1832428135905015e-06,-0.0008102196268965577,1.1193245908274196e-07,5.979714784777394e-08
27.8,0.0,1.0864400834963428e-07,0.0007774412551282305,1.2962364457451538,7.286876970447998e-07,1.3000062614755041,1.3000082285128078,1.300009339878546,0.11538378640726829,0.11538388504792947,0.11538405963502849,5.432200417481714e-07,7.286876970447998e-07,8.277316808492417e-07,0.9960954415293332,0.9970986476530824,0.9988893696355311,1.0,1.0,1.0,1.0,1.0,1.0,1.0,1.0,1.0,0.0,0.0,0.0,0.0,0.0,1.1505970274883204e-06,-0.0007774412551282305,1.0864400834963428e-07,5.804037437661834e-08
28.0,0.0,1.0545216862920944e-07,0.0007459886186808151,1.2963887670871306,7.072796657088474e-07,1.3000060887934242,1.3000080015826818,1.3000090822985377,0.11538380926907522,0.11538390518940163,0.1153840749616947,5.272608431460472e-07,7.072796657088474e-07,8.034138478005359e-07,0.9962533512030161,0.9972159912056807,0.9989343019733131,1.0,1.0,1.0,1.0,1.0,1.0,1.0,1.0,1.0,0.0,0.0,0.0,0.0,0.0,1.1188523234562098e-06,-0.0007459886186808151,1.0545216862920944e-07,5.633521294951569e-08
28.200000000000003,0.0,1.0235410159773125e-07,0.0007158081075674172,1.2965349259896486,6.865005784425416e-07,1.30000592087557,1.3000077809134682,1.300008831825063,0.11538383150014236,0.11538392477518543,0.11538408986550856,5.117705079886562e-07,6.865005784425416e-07,7.798104455485081e-07,0.9964048756409432,0.9973285896892609,0.9989774169891894,1.0,1.0,1.0,1.0,1.0,1.0,1.0,1.0,1.0,0.0,0.0,0.0,0.0,0.0,1.0879838200639202e-06,-0.0007158081075674172,1.0235410159773125e-07,5.4680147262209783e-08
28.400000000000002,0.0,9.934705231824711e-08,0.0006868482793876306,1.296675171698145,6.663319575710078e-07,1.3000057575904418,1.3000075663323567,1.3000085882619725,0.11538385311787848,0.11538394382061821,0.11538410435814124,4.967352615912355e-07,6.66331957571008e-07,7.569004849136446e-07,0.9965502730072101,0.9974366349583169,0.9990187881723034,1.0,1.0,1.0,1.0,1.0,1.0,1.0,1.0,1.0,0.0,0.0,0.0,0.0,0.0,1.0579673210414642e-06,-0.0006868482793876306,9.934705231824711e-08,5.3073705557771465e-08
28.6,0.0,9.642834679077784e-08,0.0006590597716919943,1.2968097433790011,6.467558682728383e-07,1.3000055988101726,1.3000073576713105,1.3000083514185334,0.11538387413921157,0.11538396234061382,0.11538411845094142,4.821417339538892e-07,6.467558682728383e-07,7.346635933551029e-07,0.9966897910288915,0.9975403111109344,0.99905848604044,1.0,1.0,1.0,1.0,1.0,1.0,1.0,1.0,1.0,0.0,0.0,0.0,0.0,0.0,1.028779300679683e-06,-0.0006590597716919943,9.642834679077784e-08,5.15144593178476e-08
28.8,0.0,9.359538957447922e-08,0.0006323952179002278,1.2969388705270688,6.27754902631662e-07,1.3000054444104263,1.300007154766932,1.300008121109278,0.11538389458060246,0.1153839803496743,0.1153841321549445,4.6797694787239605e-07,6.27754902631662e-07,7.130799968545535e-07,0.9968236674179348,0.9976397948023475,0.9990965782601425,1.0,1.0,1.0,1.0,1.0,1.0,1.0,1.0,1.0,0.0,0.0,0.0,0.0,0.0,1.000396881875587e-06,-0.0006323952179002278,9.359538957447922e-08,5.000102199236012e-08
29.0,0.0,9.084566147966287e-08,0.0006068091665967556,1.297062773356718,6.093121641562653e-07,1.3000052942702989,1.3000069574603366,1.300007897153862,0.11538391445805717,0.11538399786190126,0.11538414548088125,4.542283073983143e-07,6.093121641562653e-07,6.921305023322592e-07,0.996952130276045,0.997735255545818,0.9991331297620046,1.0,1.0,1.0,1.0,1.0,1.0,1.0,1.0,1.0,0.0,0.0,0.0,0.0,0.0,9.727978198120768e-07,-0.0006068091665967556,9.084566147966287e-08,4.853204776652476e-08
29.200000000000003,0.0,8.817671732762177e-08,0.0005822580041242475,1.2971816631770763,5.914112527554891e-07,1.3000051482722257,1.3000067655970249,1.30000767937692,0.11538393378713994,0.11538401489100697,0.11538415843918601,4.4088358663810883e-07,5.914112527554892e-07,6.717964805797461e-07,0.9970753984831622,0.9978268560013558,0.9991682028512511,1.0,1.0,1.0,1.0,1.0,1.0,1.0,1.0,1.0,0.0,0.0,0.0,0.0,0.0,9.459604837780411e-07,-0.0005822580041242475,8.817671732762177e-08,4.7106230364094e-08
29.400000000000002,0.0,8.558618377627093e-08,0.0005586998802606046,1.2972957427520946,5.740362501545518e-07,1.3000050063018882,1.3000065790267656,1.3000074676079274,0.11538395258298538,0.11538403145032508,0.11538417104000512,4.279309188813546e-07,5.740362501545518e-07,6.520598496938953e-07,0.9971936820702535,0.997914752252767,0.9992018573139134,1.0,1.0,1.0,1.0,1.0,1.0,1.0,1.0,1.0,0.0,0.0,0.0,0.0,0.0,9.198638417778904e-07,-0.0005586998802606046,8.558618377627093e-08,4.572230188575831e-08
29.6,0.0,8.307175720966683e-08,0.0005360946369471375,1.2974052066460608,5.571717057398191e-07,1.3000048682481251,1.3000063976034746,1.3000072616810712,0.11538397086030991,0.11538404755282107,0.11538418329320463,4.153587860483341e-07,5.571717057398191e-07,6.329030589977225e-07,0.9973071825770577,0.9979990940735024,0.999234150518647,1.0,1.0,1.0,1.0,1.0,1.0,1.0,1.0,1.0,0.0,0.0,0.0,0.0,0.0,8.944874422128768e-07,-0.0005360946369471375,8.307175720966683e-08,4.4379031681675225e-08
29.8,0.0,8.06312016895318e-08,0.0005144037398631562,1.2975102415551418,5.408026228194431e-07,1.300004734002842,1.3000062211851011,1.300007061435114,0.11538398863342389,0.11538406321110246,0.11538419520837843,4.0315600844765897e-07,5.408026228194431e-07,6.143090734335471e-07,0.9974160933953161,0.9980800251817599,0.9992651375144812,1.0,1.0,1.0,1.0,1.0,1.0,1.0,1.0,1.0,0.0,0.0,0.0,0.0,0.0,8.698113971444821e-07,-0.0005144037398631562,8.06312016895318e-08,4.307522525712119e-08
30.0,0.0,7.826234696695938e-08,0.0004935902127789715,1.2976110266255223,5.249144452876465e-07,1.3000046034609323,1.3000060496335164,1.3000068667132711,0.11538400591624254,0.11538407843742872,0.11538420679485524,3.913117348347969e-07,5.249144452876465e-07,5.962613584146712e-07,0.9975206000981847,0.9981576834852771,0.9992948711246015,1.0,1.0,1.0,1.0,1.0,1.0,1.0,1.0,1.0,0.0,0.0,0.0,0.0,0.0,8.45816370886876e-07,-0.0004935902127789715,7.826234696695938e-08,4.180972321029437e-08
30.200000000000003,0.0,7.596308655253402e-08,0.00047361857457407504,1.2977077337586782,5.094930446807944e-07,1.3000044765201888,1.300005882814407,1.3000066773630872,0.11538402272229678,0.11538409324372075,0.11538421806170644,3.7981543276267e-07,5.094930446807944e-07,5.787438651221032e-07,0.9976208807562946,0.9982322013162244,0.9993234020363227,1.0,1.0,1.0,1.0,1.0,1.0,1.0,1.0,1.0,0.0,0.0,0.0,0.0,0.0,8.224835588294122e-07,-0.00047361857457407504,7.596308655253402e-08,4.058140020132438e-08
30.400000000000002,0.0,7.373137584314858e-08,0.0004544547787746267,1.2978005279043143,4.945247076137481e-07,1.3000043530812273,1.3000057205971665,1.3000064932363165,0.115384039064744,0.11538410764157038,0.11538422901775287,3.6865687921574287e-07,4.945247076137481e-07,5.617410162332431e-07,0.9977171062410559,0.998303705656607,0.9993507788874648,1.0,1.0,1.0,1.0,1.0,1.0,1.0,1.0,1.0,0.0,0.0,0.0,0.0,0.0,7.997946777221765e-07,-0.0004544547787746267,7.373137584314858e-08,3.938916395157005e-08
30.6,0.0,7.156523030385317e-08,0.00043606615556571746,1.2978895673414537,4.79996123585319e-07,1.3000042330474082,1.3000055628547946,1.300006314188805,0.11538405495637839,0.1153841216422494,0.11538423967157177,3.578261515192658e-07,4.79996123585319e-07,5.452376920698442e-07,0.9978094405156778,0.998372318354553,0.9993770483491918,1.0,1.0,1.0,1.0,1.0,1.0,1.0,1.0,1.0,0.0,0.0,0.0,0.0,0.0,7.777319486063083e-07,-0.00043606615556571746,7.156523030385317e-08,3.8231954272318e-08
30.8,0.0,6.946272370312027e-08,0.000418421356122356,1.2979750039481641,4.6589437314198965e-07,1.3000041163247587,1.3000054094637978,1.3000061400803795,0.1153840704096409,0.11538413525671835,0.11538425003150371,3.4731361851560134e-07,4.6589437314198965e-07,5.292192171529333e-07,0.9978980409144634,0.9984381563318602,0.9994022552055395,1.0,1.0,1.0,1.0,1.0,1.0,1.0,1.0,1.0,0.0,0.0,0.0,0.0,0.0,7.562780839215355e-07,-0.000418421356122356,6.946272370312027e-08,3.7108742122015714e-08
31.0,0.0,6.742198639995488e-08,0.00040149029920757414,1.2980569834603786,4.5220691638936864e-07,1.3000040028219024,1.3000052603040928,1.3000059707747378,0.11538408543662887,0.11538414849563527,0.1153842601056588,3.371099319997744e-07,4.5220691638936864e-07,5.136713471527326e-07,0.9979830584107742,0.9985013317831498,0.9994264424297035,1.0,1.0,1.0,1.0,1.0,1.0,1.0,1.0,1.0,0.0,0.0,0.0,0.0,0.0,7.354162738504311e-07,-0.00040149029920757414,6.742198639995488e-08,3.601852869120348e-08
31.200000000000003,0.0,6.54412036813279e-08,0.00038524411992240103,1.298135645720253,4.389215818411678e-07,1.3000038924499833,1.3000051152589098,1.3000058061393398,0.11538410004910578,0.11538416136936389,0.11538426990192349,3.272060184066395e-07,4.389215818411678e-07,4.985802562219757e-07,0.9980646378741794,0.998561952366974,0.9994496512572537,1.0,1.0,1.0,1.0,1.0,1.0,1.0,1.0,1.0,0.0,0.0,0.0,0.0,0.0,7.151301717883696e-07,-0.00038524411992240103,6.54412036813279e-08,3.49603445143286e-08
31.400000000000002,0.0,6.351861414845403e-08,0.00036965512052664626,1.2982111249144839,4.2602655559578324e-07,1.3000037851226007,1.3000049742147046,1.3000056460453049,0.11538411425851033,0.11538417388798179,0.11538427942796628,3.1759307074227016e-07,4.2602655559578324e-07,4.839325247013612e-07,0.9981429183172291,0.9986201213891944,0.9994719212563905,1.0,1.0,1.0,1.0,1.0,1.0,1.0,1.0,1.0,0.0,0.0,0.0,0.0,0.0,6.954038844764199e-07,-0.00036965512052664626,6.351861414845403e-08,3.393324860765459e-08
31.6,0.0,6.165250815047833e-08,0.0003546967232530118,1.2982835498029863,4.1351037083085543e-07,1.3000036807557378,1.300004837061067,1.3000054903673093,0.11538412807596554,0.11538418606128839,0.1153842886912441,3.0826254075239166e-07,4.135103708308555e-07,4.697151271862001e-07,0.9982180331322084,0.9986759379789502,0.9994932903953528,1.0,1.0,1.0,1.0,1.0,1.0,1.0,1.0,1.0,0.0,0.0,0.0,0.0,0.0,6.762219555006554e-07,-0.0003546967232530118,6.165250815047833e-08,3.2936327632496925e-08
31.8,0.0,5.984122626418028e-08,0.0003403434250241477,1.2983530439383297,4.013618976064694e-07,1.3000035792676978,1.3000047036906357,1.3000053389834918,0.11538414151228711,0.1153841978988126,0.115384297699008,2.992061313209014e-07,4.0136189760646944e-07,4.559154209436572e-07,0.9982901103183622,0.9987294972575109,0.9995137951071084,1.0,1.0,1.0,1.0,1.0,1.0,1.0,1.0,1.0,0.0,0.0,0.0,0.0,0.0,6.575693565352703e-07,-0.0003403434250241477,5.984122626418028e-08,3.196869508304219e-08
32.0,0.0,5.8083157818341505e-08,0.00032657075399827873,1.298419725876302,3.8957033296792387e-07,1.3000034805790401,1.3000045739990118,1.3000051917753537,0.11538415457799235,0.11538420940982014,0.11538430645830874,2.904157890917075e-07,3.8957033296792387e-07,4.4252113467028047e-07,0.998359272699922,0.9987808905003058,0.999533470351431,1.0,1.0,1.0,1.0,1.0,1.0,1.0,1.0,1.0,0.0,0.0,0.0,0.0,0.0,6.394314751717589e-07,-0.00032657075399827873,5.8083157818341505e-08,3.102949049802889e-08
32.2,0.0,5.637673946146657e-08,0.00031335522788736856,1.2984837093779587,3.781251913392706e-07,1.3000033846125163,1.3000044478846802,1.300005048627668,0.11538416728330815,0.1153842206033211,0.11538431497600257,2.818836973073328e-07,3.781251913392706e-07,4.2952035757981673e-07,0.9984256381352998,0.9988302052923999,0.9995523496744466,1.0,1.0,1.0,1.0,1.0,1.0,1.0,1.0,1.0,0.0,0.0,0.0,0.0,0.0,6.217941006941841e-07,-0.00031335522788736856,5.637673946146657e-08,3.011787869558672e-08
32.4,0.0,5.47204537715825e-08,0.0003006743139277512,1.2985451036035027,3.670162951990818e-07,1.3000032912930104,1.300004325248927,1.3000049094283888,0.11538417963817912,0.11538423148807678,0.11538432325875642,2.736022688579125e-07,3.670162951990818e-07,4.169015288116225e-07,0.9984893197178553,0.9988775256776882,0.9995704652658175,1.0,1.0,1.0,1.0,1.0,1.0,1.0,1.0,1.0,0.0,0.0,0.0,0.0,0.0,6.046434164880266e-07,-0.0003006743139277512,5.47204537715825e-08,2.9233049030556846e-08
32.6,0.0,5.311282790688018e-08,0.00028850639051698486,1.2986040132983283,3.5623376603015015e-07,1.3000032005474804,1.3000042059957646,1.3000047740685634,0.11538419165227531,0.11538424207260654,0.11538433131305317,2.655641395344009e-07,3.5623376603015015e-07,4.0465342715023665e-07,0.9985504259685323,0.9989229323020575,0.9995878480135472,1.0,1.0,1.0,1.0,1.0,1.0,1.0,1.0,1.0,0.0,0.0,0.0,0.0,0.0,5.879659860791309e-07,-0.00028850639051698486,5.311282790688018e-08,2.8374214673630495e-08
32.800000000000004,0.0,5.155243229599935e-08,0.0002768307103426903,1.2986605389715387,3.4576801553508025e-07,1.3000031123049016,1.300004090031855,1.3000046424422471,0.11538420333499984,0.11538425236519466,0.11538433914519669,2.5776216147999674e-07,3.4576801553508025e-07,3.9276516104698673e-07,0.9986090610206977,0.9989665025507606,0.9996045275566533,1.0,1.0,1.0,1.0,1.0,1.0,1.0,1.0,1.0,0.0,0.0,0.0,0.0,0.0,5.717487457923554e-07,-0.0002768307103426903,5.155243229599935e-08,2.7540611911665955e-08
33.0,0.0,5.003787936679097e-08,0.0002656273650608054,1.298714777067249,3.356097371099543e-07,1.3000030264962086,1.3000039772664356,1.3000045144464196,0.11538421469549622,0.11538426237389675,0.11538434676131691,2.5018939683395484e-07,3.356097371099543e-07,3.8122615893474556e-07,0.9986653247975404,0.9990083106802368,0.9996205323356274,1.0,1.0,1.0,1.0,1.0,1.0,1.0,1.0,1.0,0.0,0.0,0.0,0.0,0.0,5.559789915260405e-07,-0.0002656273650608054,5.003787936679097e-08,2.673149946856131e-08
33.2,0.0,4.8567822312427115e-08,0.0002548772513592756,1.2987668201289624,3.257498975684901e-07,1.300002943054243,1.3000038676112506,1.3000043899809044,0.11538422574265562,0.11538427210654588,0.11538435416737453,2.4283911156213556e-07,3.257498975684901e-07,3.7002615982722913e-07,0.998719313182256,0.9990484279446052,0.9996358896409153,1.0,1.0,1.0,1.0,1.0,1.0,1.0,1.0,1.0,0.0,0.0,0.0,0.0,0.0,5.406443703837027e-07,-0.0002548772513592756,4.8567822312427115e-08,2.594615784607909e-08
33.4,0.0,4.714095389376151e-08,0.00024456203841316526,1.2988167569573004,3.161797291093394e-07,1.300002861913701,1.3000037609804809,1.3000042689482902,0.11538423648512379,0.11538428157075911,0.11538436136916563,2.3570476946880755e-07,3.161797291093394e-07,3.591552041944813e-07,0.9987711181813903,0.9990869227170428,0.9996506256594098,1.0,1.0,1.0,1.0,1.0,1.0,1.0,1.0,1.0,0.0,0.0,0.0,0.0,0.0,5.257328705016162e-07,-0.00024456203841316526,4.714095389376151e-08,2.5183888684037447e-08
33.6,0.0,4.5756005276875094e-08,0.00023466413665246264,1.2988646727613544,3.0689072151937094e-07,1.30000278301108,1.3000036572906746,1.3000041512538556,0.11538424693130772,0.11538429077394309,0.11538436837232642,2.2878002638437545e-07,3.0689072151937094e-07,3.4860362510641927e-07,0.9988208280815544,0.9991238606062567,0.9996647655190679,1.0,1.0,1.0,1.0,1.0,1.0,1.0,1.0,1.0,0.0,0.0,0.0,0.0,0.0,5.112328116951836e-07,-0.00023466413665246264,4.5756005276875094e-08,2.4444014139296942e-08
33.800000000000004,0.0,4.4411744904773415e-08,0.00022516666778623628,1.298910649303919,2.978746146060194e-07,1.3000027062846327,1.300003556460685,1.3000040368054933,0.11538425708938242,0.11538429972330007,0.11538437518233738,2.2205872452386706e-07,2.978746146060195e-07,3.383620396365796e-07,0.9988685275998236,0.9991593045682475,0.999678333331734,1.0,1.0,1.0,1.0,1.0,1.0,1.0,1.0,1.0,0.0,0.0,0.0,0.0,0.0,4.971328377151307e-07,-0.00022516666778623628,4.4411744904773415e-08,2.3725876282993367e-08
34.0,0.0,4.310697740223215e-08,0.00021605343605392012,1.2989547650408535,2.8912339085195866e-07,1.3000026316743125,1.3000034584116051,1.3000039255136382,0.11538426696729721,0.11538430842583353,0.11538438180452795,2.1553488701116074e-07,2.8912339085195866e-07,3.2842134051840694e-07,0.9989142980280349,0.9991933150135545,0.9996913522342087,1.0,1.0,1.0,1.0,1.0,1.0,1.0,1.0,1.0,0.0,0.0,0.0,0.0,0.0,4.834219024113517e-07,-0.00021605343605392012,4.310697740223215e-08,2.302883651547823e-08
34.2,0.0,4.1840542512816884e-08,0.0002073089006148998,1.2989970952548073,2.8062926828557333e-07,1.300002559121735,1.3000033630667052,1.300003817291198,0.11538427657278202,0.11538431688835357,0.11538438824408012,2.092027125640844e-07,2.8062926828557333e-07,3.1877268804667273e-07,0.9989582173712727,0.999225949910167,0.999703844427693,1.0,1.0,1.0,1.0,1.0,1.0,1.0,1.0,1.0,0.0,0.0,0.0,0.0,0.0,4.700892695663761e-07,-0.0002073089006148998,4.1840542512816884e-08,2.2352274998448016e-08
34.4,0.0,4.061131406713263e-08,0.00019891814908424841,1.2990377121835404,2.723846935608906e-07,1.300002488570123,1.3000032703513746,1.3000037120534844,0.1153842859133534,0.11538432511748237,0.11538439450603322,2.0305657033566313e-07,2.723846935608906e-07,3.094075022168244e-07,0.9990003604807376,0.9992572648822718,0.9997158312155939,1.0,1.0,1.0,1.0,1.0,1.0,1.0,1.0,1.0,0.0,0.0,0.0,0.0,0.0,4.571244948819997e-07,-0.00019891814908424841,4.061131406713263e-08,2.16955901037569e-08
34.6,0.0,3.941819898138427e-08,0.00019086687210347896,1.2990766851430517,2.6438233524081193e-07,1.3000024199642701,1.3000031801930614,1.3000036097181464,0.11538429499632041,0.11538433311965923,0.1153844005952871,1.9709099490692133e-07,2.6438233524081193e-07,3.0031745509526655e-07,0.9990407991812631,0.9992873133050121,0.9997273330398522,1.0,1.0,1.0,1.0,1.0,1.0,1.0,1.0,1.0,0.0,0.0,0.0,0.0,0.0,4.44517425979285e-07,-0.00019086687210347896,3.941819898138427e-08,2.1058197878422426e-08
34.800000000000004,0.0,3.82601362853588e-08,0.0001831413389795755,1.2991140806457355,2.566150772776798e-07,1.3000023532504912,1.3000030925212167,1.3000035102051068,0.11538430382879034,0.11538434090114585,0.11538440651660668,1.91300681426794e-07,2.566150772776798e-07,2.914944634138005e-07,0.9990796023936579,0.9993161463954153,0.9997383695157435,1.0,1.0,1.0,1.0,1.0,1.0,1.0,1.0,1.0,0.0,0.0,0.0,0.0,0.0,4.322581884513843e-07,-0.0001831413389795755,3.82601362853588e-08,2.0439531525349328e-08
35.0,0.0,3.7136096178964086e-08,0.00017572837426780283,1.2991499625137515,2.490760126853754e-07,1.3000022883765836,1.3000030072672384,1.3000034134364977,0.1153843124176744,0.11538434846803101,0.11538441227462526,1.8568048089482043e-07,2.490760126853754e-07,2.8293068138162555e-07,0.9991168362521156,0.9993438132996422,0.9997489594653317,1.0,1.0,1.0,1.0,1.0,1.0,1.0,1.0,1.0,0.0,0.0,0.0,0.0,0.0,4.2033718153366983e-07,-0.00017572837426780283,3.7136096178964086e-08,1.9839040899308243e-08
35.2,0.0,3.6045079116485346e-08,0.00016861533533497617,1.299184391987821,2.4175843739732315e-07,1.3000022252917869,1.3000029243644187,1.3000033193366014,0.11538432076969295,0.11538435582623535,0.11538441787384812,1.802253955824267e-07,2.4175843739732315e-07,2.7461849370851886e-07,0.9991525642168745,0.9993703611767125,0.9997591209495215,1.0,1.0,1.0,1.0,1.0,1.0,1.0,1.0,1.0,0.0,0.0,0.0,0.0,0.0,4.087450698464501e-07,-0.00016861533533497617,3.6045079116485346e-08,1.92561920177228e-08
35.4,0.0,3.4986114917745564e-08,0.00016179009080752316,1.2992174278316144,2.346558443049432e-07,1.3000021639467403,1.3000028437478905,1.3000032278317901,0.11538432889138087,0.11538436298151634,0.11538442331865637,1.7493057458872782e-07,2.346558443049432e-07,2.665505088329866e-07,0.9991868471823215,0.9993958352788431,0.9997688712988464,1.0,1.0,1.0,1.0,1.0,1.0,1.0,1.0,1.0,0.0,0.0,0.0,0.0,0.0,3.97472775470753e-07,-0.00016179009080752316,3.4986114917745564e-08,1.8690466585828792e-08
35.6,0.0,3.395826190537846e-08,0.00015524099990534834,1.2992491264319246,2.2776191747124256e-07,1.3000021042934455,1.3000027653545765,1.3000031388504665,0.1153843367890928,0.11538436993947232,0.11538442861331011,1.697913095268923e-07,2.2776191747124256e-07,2.5871955234936164e-07,0.9992197435807254,0.9994202790285401,0.9997782271429924,1.0,1.0,1.0,1.0,1.0,1.0,1.0,1.0,1.0,0.0,0.0,0.0,0.0,0.0,3.8651147121759877e-07,-0.00015524099990534834,3.395826190537846e-08,1.814136153578375e-08
35.800000000000004,0.0,3.296060606744802e-08,0.00014895689260033815,1.2992795418947876,2.210705265144096e-07,1.3000020462852289,1.3000026891231427,1.3000030523230126,0.11538434446900775,0.11538437670554717,0.11538443376195195,1.648030303372401e-07,2.210705265144096e-07,2.511186606280097e-07,0.9992513094817785,0.9994437340925735,0.9997872044391424,1.0,1.0,1.0,1.0,1.0,1.0,1.0,1.0,1.0,0.0,0.0,0.0,0.0,0.0,3.7585257281480544e-07,-0.00014895689260033815,3.296060606744802e-08,1.7608388579317e-08
36.0,0.0,3.199226024466887e-08,0.0001429270505827973,1.2993087261377174,2.1457572115640873e-07,1.300001989876707,1.3000026149939443,1.3000029681817287,0.11538435193713446,0.11538438328503453,0.11538443876860995,1.5996130122334434e-07,2.1457572115640873e-07,2.437410746229641e-07,0.999281598688118,0.999466240452961,0.9997958184991674,1.0,1.0,1.0,1.0,1.0,1.0,1.0,1.0,1.0,0.0,0.0,0.0,0.0,0.0,3.654877350905972e-07,-0.0001429270505827973,3.199226024466887e-08,1.7091073773522433e-08
36.2,0.0,3.105236334150527e-08,0.0001371411890009999,1.2993367289782085,2.0827172593173207e-07,1.3000019350237457,1.3000025429089865,1.3000028863607853,0.11538435919931567,0.11538438968308201,0.11538444363720128,1.5526181670752633e-07,2.082717259317321e-07,2.365802338614843e-07,0.9993106628269727,0.9994878364750829,0.9998040840157129,1.0,1.0,1.0,1.0,1.0,1.0,1.0,1.0,1.0,0.0,0.0,0.0,0.0,0.0,3.5540884119056315e-07,-0.0001371411890009999,3.105236334150527e-08,1.6588957099407426e-08
36.4,0.0,3.0140079560447495e-08,0.00013158943892699337,1.2993635982186644,2.0215293505160392e-07,1.300001881683432,1.3000024728118722,1.3000028067961698,0.11538436626123287,0.11538439590469506,0.11538444837153476,1.5070039780223745e-07,2.0215293505160392e-07,2.2962977061019916e-07,0.9993385514381252,0.9995085589730435,0.9998120150872472,1.0,1.0,1.0,1.0,1.0,1.0,1.0,1.0,1.0,0.0,0.0,0.0,0.0,0.0,3.456079992053551e-07,-0.00013158943892699337,3.0140079560447495e-08,1.6101592052824187e-08
36.6,0.0,2.92545976587838e-08,0.00012626233054492396,1.2993893797278895,1.962139074190659e-07,1.3000018298140348,1.3000024046477625,1.3000027294256356,0.1153843731284108,0.11538440195474092,0.11538445297531426,1.46272988293919e-07,1.962139074190659e-07,2.2288350421263637e-07,0.9993653120582936,0.9995284432723895,0.9998196252420787,1.0,1.0,1.0,1.0,1.0,1.0,1.0,1.0,1.0,0.0,0.0,0.0,0.0,0.0,3.3607753520403794e-07,-0.00012626233054492396,2.92545976587838e-08,1.5628545247418345e-08
36.800000000000004,0.0,2.8395130227208077e-08,0.00012115077700950438,1.299414117519284,1.9044936179051687e-07,1.300001779374976,1.3000023383633317,1.3000026541886553,0.11538437980622163,0.11538440783795272,0.11538445745214136,1.4197565113604038e-07,1.9044936179051687e-07,2.16335435593114e-07,0.9993909903021262,0.9995475232702923,0.999826927461415,1.0,1.0,1.0,1.0,1.0,1.0,1.0,1.0,1.0,0.0,0.0,0.0,0.0,0.0,3.2680998721112964e-07,-0.00012115077700950438,2.8395130227208077e-08,1.516939602924302e-08
37.0,0.0,2.7560912989620855e-08,0.0001162460589621106,1.2994378538258817,1.8485417207939874e-07,1.300001730326798,1.3000022739067245,1.3000025810263698,0.11538438629988945,0.11538441355893272,0.11538446180551819,1.3780456494810427e-07,1.8485417207939874e-07,2.099797419220989e-07,0.9994156299398985,0.9995658314932987,0.9998339342014827,1.0,1.0,1.0,1.0,1.0,1.0,1.0,1.0,1.0,0.0,0.0,0.0,0.0,0.0,3.1779809893384137e-07,-0.0001162460589621106,2.7560912989620855e-08,1.4723736102694905e-08
37.2,0.0,2.6751204123501495e-08,0.00011153980967155696,1.29946062917235,1.7942336279785537e-07,1.300001682631131,1.300002211227519,1.3000025098815464,0.11538439261449401,0.11538441912215636,0.11538446603885032,1.3375602061750747e-07,1.7942336279785537e-07,2.0381077143829073e-07,0.9994392729720956,0.999583399152746,0.9998406574147549,1.0,1.0,1.0,1.0,1.0,1.0,1.0,1.0,1.0,0.0,0.0,0.0,0.0,0.0,3.09034814946485e-07,-0.00011153980967155696,2.6751204123501495e-08,1.4291169167439782e-08
37.4,0.0,2.596528360024727e-08,0.00010702400077343687,1.299482482444079,1.7415210463231207e-07,1.3000016362506646,1.300002150276683,1.3000024406985313,0.11538439875497493,0.11538442453197545,0.11538447015544925,1.2982641800123635e-07,1.7415210463231207e-07,1.978230384228296e-07,0.9994619597009476,0.9996002561979371,0.9998471085703237,1.0,1.0,1.0,1.0,1.0,1.0,1.0,1.0,1.0,0.0,0.0,0.0,0.0,0.0,3.005132740985239e-07,-0.00010702400077343687,2.596528360024727e-08,1.3871310566005026e-08
37.6,0.0,2.5202452544892124e-08,0.00010269092859062079,1.2995034509534782,1.6903571014903665e-07,1.3000015911491183,1.3000020910065384,1.300002373423206,0.11538440472613554,0.11538442979262177,0.11538447415853513,1.260122627244606e-07,1.6903571014903665e-07,1.9201121832115308e-07,0.9994837287991101,0.9996164313671656,0.999853298673442,1.0,1.0,1.0,1.0,1.0,1.0,1.0,1.0,1.0,0.0,0.0,0.0,0.0,0.0,2.9222680540674784e-07,-0.00010269092859062079,2.5202452544892124e-08,1.3463786941725265e-08
37.800000000000004,0.0,2.4462032614636688e-08,9.853320100071671e-05,1.2995235705035912,1.640696296258697e-07,1.3000015472912116,1.3000020333707227,1.300002308002947,0.11538441053264649,0.11538443490821026,0.11538447805123934,1.2231016307318343e-07,1.640696296258697e-07,1.8637014300817036e-07,0.9995046173755281,0.9996319522366788,0.9998592382842847,1.0,1.0,1.0,1.0,1.0,1.0,1.0,1.0,1.0,0.0,0.0,0.0,0.0,0.0,2.841689204780007e-07,-9.853320100071671e-05,2.4462032614636688e-08,1.3068235906737334e-08
38.0,0.0,2.3743365395635977e-08,9.454372484450911e-05,1.2995428754491407,1.5924944700641107e-07,1.3000015046426396,1.3000019773241525,1.300002244386581,0.11538441617904974,0.11538443988274233,0.11538448183660667,1.1871682697817989e-07,1.5924944700641107e-07,1.8089479619253793e-07,0.9995246610386748,0.9996468452676592,0.9998649375359364,1.0,1.0,1.0,1.0,1.0,1.0,1.0,1.0,1.0,0.0,0.0,0.0,0.0,0.0,2.7633331214915735e-07,-9.454372484450911e-05,2.3743365395635977e-08,1.2684305719729041e-08
38.2,0.0,2.304581181750893e-08,9.071569382680389e-05,1.2995613987550991,1.5457087597306926e-07,1.3000014631700425,1.3000019228229893,1.3000021825243486,0.11538442166976173,0.11538444472010899,0.11538448551759801,1.1522905908754465e-07,1.5457087597306926e-07,1.7558030895595357e-07,0.9995438939572009,0.99966113585131,0.999870406151676,1.0,1.0,1.0,1.0,1.0,1.0,1.0,1.0,1.0,0.0,0.0,0.0,0.0,0.0,2.6871384575799517e-07,-9.071569382680389e-05,2.304581181750893e-08,1.231165497315542e-08
38.400000000000006,0.0,2.23687515850492e-08,8.704257692685457e-05,1.2995791720528982,1.5002975613548034e-07,1.3000014228409822,1.3000018698246032,1.300002122367863,0.11538442700907708,0.11538444942409384,0.11538448909709247,1.11843757925246e-07,1.5002975613548034e-07,1.7042195542350166e-07,0.9995623489181638,0.9996748483521144,0.9998756534615331,1.0,1.0,1.0,1.0,1.0,1.0,1.0,1.0,1.0,0.0,0.0,0.0,0.0,0.0,2.613045572696926e-07,-8.704257692685457e-05,2.23687515850492e-08,1.1949952289644156e-08
38.6,0.0,2.1711582626631317e-08,8.351810726249242e-05,1.29959622569436,1.456220493309065e-07,1.3000013836239148,1.300001818287542,1.3000020638700727,0.11538443220117194,0.11538445399837605,0.11538449257788974,1.0855791313315658e-07,1.456220493309065e-07,1.654151485611975e-07,0.999580057382871,0.9996880061493488,0.9998806884181964,1.0,1.0,1.0,1.0,1.0,1.0,1.0,1.0,1.0,0.0,0.0,0.0,0.0,0.0,2.54099645963235e-07,-8.351810726249242e-05,2.1711582626631317e-08,1.1598876027320347e-08
38.800000000000004,0.0,2.1073720558822212e-08,8.013627140593948e-05,1.299612588803452,1.4134383603332422e-07,1.3000013454881674,1.3000017681714962,1.3000020069852243,0.11538443725010718,0.11538445844653335,0.11538449596271229,1.0536860279411105e-07,1.4134383603332422e-07,1.6055543609699532e-07,0.9995970495404911,0.9997006316769153,0.9998855196122772,1.0,1.0,1.0,1.0,1.0,1.0,1.0,1.0,1.0,0.0,0.0,0.0,0.0,0.0,2.470934726134244e-07,-8.013627140593948e-05,2.1073720558822212e-08,1.1258113993788392e-08
39.0,0.0,2.0454598166722016e-08,7.689129914337788e-05,1.2996282893259414,1.3719131186801085e-07,1.300001308403914,1.3000017194372702,1.3000019516688275,0.11538444215983158,0.11538446277204464,0.11538449925420735,1.0227299083361008e-07,1.3719131186801085e-07,1.558384965616342e-07,0.9996133543594857,0.9997127464615656,0.999890155286938,1.0,1.0,1.0,1.0,1.0,1.0,1.0,1.0,1.0,0.0,0.0,0.0,0.0,0.0,2.402805523993301e-07,-7.689129914337788e-05,2.0454598166722016e-08,1.0927363168516923e-08
39.2,0.0,1.9853664899571515e-08,7.377765363040244e-05,1.2996433540770547,1.331607842285271e-07,1.30000127234215,1.3000016720467478,1.300001897877619,0.11538444693418505,0.11538446697829285,0.11538450245494929,9.926832449785757e-08,1.331607842285271e-07,1.512601354457965e-07,0.9996289996369634,0.9997243711595789,0.9998946033519566,1.0,1.0,1.0,1.0,1.0,1.0,1.0,1.0,1.0,0.0,0.0,0.0,0.0,0.0,2.336555532667095e-07,-7.377765363040244e-05,1.9853664899571515e-08,1.0606329433379542e-08
39.400000000000006,0.0,1.9270386381178472e-08,7.079002196309636e-05,1.2996578087871935,1.2924866899309026e-07,1.3000012372746734,1.3000016259628668,1.3000018455695304,0.11538445157690146,0.11538447106856761,0.11538450556744119,9.635193190589236e-08,1.2924866899309026e-07,1.4681628147016803e-07,0.9996440120460345,0.9997355255919571,0.9998988713971956,1.0,1.0,1.0,1.0,1.0,1.0,1.0,1.0,1.0,0.0,0.0,0.0,0.0,0.0,2.2721328904462545e-07,-7.079002196309636e-05,1.9270386381178472e-08,1.0294727311112238e-08
39.6,0.0,1.870424393472681e-08,6.792330611654629e-05,1.2996716781458164,1.2545148733741584e-07,1.3000012031740584,1.3000015811495864,1.300001794703653,0.11538445609161165,0.11538447504606777,0.11538450859411732,9.352121967363403e-08,1.2545148733741584e-07,1.4250298296507734e-07,0.9996584171812667,0.9997462287781971,0.9999029667055478,1.0,1.0,1.0,1.0,1.0,1.0,1.0,1.0,1.0,0.0,0.0,0.0,0.0,0.0,2.209487176690894e-07,-6.792330611654629e-05,1.870424393472681e-08,9.992279711454434e-09
39.800000000000004,0.0,1.815473412154643e-08,6.51726142612885e-05,1.299684985843538,1.2176586264119408e-07,1.3000011700136376,1.3000015375718612,1.300001745240208,0.1153844604818463,0.1153844789139038,0.11538451153734457,9.077367060773213e-08,1.2176586264119408e-07,1.3831640435649747e-07,0.9996722396022831,0.9997564989686961,0.999906896265341,1.0,1.0,1.0,1.0,1.0,1.0,1.0,1.0,1.0,0.0,0.0,0.0,0.0,0.0,2.1485693589562427e-07,-6.51726142612885e-05,1.815473412154643e-08,9.698717684748129e-09
40.0,0.0,1.7621368293433578e-08,6.253325241657448e-05,1.2996977546125288,1.1818851748545225e-07,1.3000011377674778,1.3000014951956114,1.3000016971405133,0.11538446475103867,0.11538448267510053,0.11538451439942467,8.810684146716788e-08,1.1818851748545225e-07,1.3425282275528638e-07,0.9996855028756042,0.9997663536758514,0.999910666782262,1.0,1.0,1.0,1.0,1.0,1.0,1.0,1.0,1.0,0.0,0.0,0.0,0.0,0.0,2.0893317566328395e-07,-6.253325241657448e-05,1.7621368293433578e-08,9.413780182776176e-09
40.2,0.0,1.7103672158123363e-08,6.000071645996252e-05,1.2997100062652782,1.1471627073812888e-07,1.3000011064103636,1.300001453987699,1.3000016503669543,0.11538446890252729,0.11538448633259911,0.11538451718259568,8.551836079061681e-08,1.1471627073812888e-07,1.3030862464663008e-07,0.9996982296148161,0.999775809703897,0.9999142846907715,1.0,1.0,1.0,1.0,1.0,1.0,1.0,1.0,1.0,0.0,0.0,0.0,0.0,0.0,2.0317280155501827e-07,-6.000071645996252e-05,1.7103672158123363e-08,9.137213826626709e-09
40.400000000000006,0.0,1.660118535752839e-08,5.7570684444741e-05,1.2997217617317949,1.1134603472527288e-07,1.3000010759177725,1.3000014139159,1.3000016048829548,0.11538447293955856,0.11538448988925973,0.11538451988903414,8.300592678764194e-08,1.1134603472527288e-07,1.2648030267674718e-07,0.9997104415190806,0.9997848831775374,0.9999177561650789,1.0,1.0,1.0,1.0,1.0,1.0,1.0,1.0,1.0,0.0,0.0,0.0,0.0,0.0,1.9757130376163445e-07,-5.7570684444741e-05,1.660118535752839e-08,8.86877268137747e-09
40.6,0.0,1.6113461058368082e-08,5.523900922728142e-05,1.2997330410952985,1.0807481248534792e-07,1.3000010462658613,1.3000013749488784,1.3000015606529476,0.11538447686528928,0.11538449334786356,0.11538452252085628,8.05673052918404e-08,1.0807481248534792e-07,1.2276445253399665e-07,0.9997221594101222,0.9997935895694244,0.9999210871296753,1.0,1.0,1.0,1.0,1.0,1.0,1.0,1.0,1.0,0.0,0.0,0.0,0.0,0.0,1.921243002606099e-07,-5.523900922728142e-05,1.6113461058368082e-08,8.608218037399876e-09
40.800000000000004,0.0,1.564006555482496e-08,5.300171141022769e-05,1.2997438636264704,1.0489969510420283e-07,1.3000010174314434,1.3000013370561645,1.3000015176423476,0.11538448068278911,0.11538449671111507,0.11538452508012008,7.82003277741248e-08,1.0489969510420284e-07,1.1915776992161364e-07,0.9997334032676941,0.9998019437265192,0.999924283269414,1.0,1.0,1.0,1.0,1.0,1.0,1.0,1.0,1.0,0.0,0.0,0.0,0.0,0.0,1.8682752715715178e-07,-5.300171141022769e-05,1.564006555482496e-08,8.355318198087724e-09
41.0,0.0,1.518057788287453e-08,5.085497254851967e-05,1.2997542478163187,1.0181785912833825e-07,1.300000989391971,1.300001300208129,1.3000014758175218,0.11538448439504322,0.11538449998164405,0.11538452756882679,7.590288941437266e-08,1.0181785912833825e-07,1.1565704761938542e-07,0.9997441922636281,0.9998099598953939,0.9999273500392164,1.0,1.0,1.0,1.0,1.0,1.0,1.0,1.0,1.0,0.0,0.0,0.0,0.0,0.0,1.8167683955849778e-07,-5.085497254851967e-05,1.518057788287453e-08,8.109848273822605e-09
41.2,0.0,1.473458944594547e-08,4.879512864786051e-05,1.2997642114077128,9.882656405416728e-08,1.3000009621255209,1.3000012643759589,1.3000014351457672,0.11538448800495418,0.11538450316200782,0.11538452998892229,7.367294722972735e-08,9.882656405416728e-08,1.1225917263164929e-07,0.9997545447944952,0.9998176517465055,0.9999302926733602,1.0,1.0,1.0,1.0,1.0,1.0,1.0,1.0,1.0,0.0,0.0,0.0,0.0,0.0,1.7666820663342353e-07,-4.879512864786051e-05,1.473458944594547e-08,7.871589981992077e-09
41.400000000000006,0.0,1.4301703651577778e-08,4.681866391109679e-05,1.2997737714256448,9.59231498910405e-08,1.3000009356107736,1.3000012295316377,1.3000013955952832,0.11538449151534452,0.11538450625469303,0.1153845323422988,7.150851825788889e-08,9.59231498910405e-08,1.0896112341908144e-07,0.9997644785129631,0.9998250323974902,0.9999331161944127,1.0,1.0,1.0,1.0,1.0,1.0,1.0,1.0,1.0,0.0,0.0,0.0,0.0,0.0,1.7179770959996343e-07,-4.681866391109679e-05,1.4301703651577778e-08,7.64033145288328e-09
41.6,0.0,1.3881535558755363e-08,4.492220475450503e-05,1.299782944206269,9.3105034795865e-08,1.3000009098269962,1.3000011956479205,1.300001357135145,0.11538449492895902,0.11538450926211781,0.1153845346307965,6.940767779377681e-08,9.3105034795865e-08,1.057599672118115e-07,0.9997740103578548,0.9998321144355179,0.9999358254217793,1.0,1.0,1.0,1.0,1.0,1.0,1.0,1.0,1.0,0.0,0.0,0.0,0.0,0.0,1.6706153671552926e-07,-4.492220475450503e-05,1.3881535558755363e-08,7.415867041279075e-09
41.800000000000004,0.0,1.3473711535599524e-08,4.31025140473551e-05,1.2997917454247587,9.036971277721658e-08,1.3000008847540305,1.3000011626983157,1.3000013197352824,0.11538449824846662,0.11538451218663362,0.11538453685620458,6.736855767799762e-08,9.036971277721658e-08,1.0265285740147445e-07,0.9997831565830309,0.9998389099387391,0.9999384249799323,1.0,1.0,1.0,1.0,1.0,1.0,1.0,1.0,1.0,0.0,0.0,0.0,0.0,0.0,1.624559819446425e-07,-4.31025140473551e-05,1.3473711535599524e-08,7.197997143589276e-09
42.0,0.0,1.3077868927119253e-08,4.1356485600163584e-05,1.2998001901220482,8.771475146690274e-08,1.3000008603722732,1.300001130657061,1.3000012833664543,0.11538450147646266,0.11538451503052688,0.11538453902026297,6.538934463559626e-08,8.771475146690274e-08,9.963703100988293e-08,0.999791932785073,0.9998454304968678,0.9999409193062855,1.0,1.0,1.0,1.0,1.0,1.0,1.0,1.0,1.0,0.0,0.0,0.0,0.0,0.0,1.5797744151724302e-07,-4.1356485600163584e-05,1.3077868927119253e-08,6.986528020354482e-09
42.2,0.0,1.2693655732722427e-08,3.968113886806401e-05,1.2998082927304826,8.513778995699365e-08,1.300000836662661,1.3000010994991054,1.3000012480002259,0.1153845046154709,0.1153845177960211,0.11538454112466368,6.346827866361213e-08,8.513778995699365e-08,9.670980623206467e-08,0.9998003539298611,0.9998516872309307,0.9999433126587599,1.0,1.0,1.0,1.0,1.0,1.0,1.0,1.0,1.0,0.0,0.0,0.0,0.0,0.0,1.5362241094496465e-07,-3.968113886806401e-05,1.2693655732722427e-08,6.7812716239643175e-09
42.400000000000006,0.0,1.2320730293201503e-08,3.807361386455321e-05,1.2998160670984389,8.263653670039994e-08,1.300000813606658,1.3000010692000898,1.3000012136089485,0.11538450766794536,0.11538452048527825,0.11538454317105187,6.160365146600752e-08,8.263653670039994e-08,9.386858005148504e-08,0.9998084343780828,0.999857690812218,0.9999456091230506,1.0,1.0,1.0,1.0,1.0,1.0,1.0,1.0,1.0,0.0,0.0,0.0,0.0,0.0,1.493874834251896e-07,-3.807361386455321e-05,1.2320730293201503e-08,6.582045431437415e-09
42.6,0.0,1.1958760986915203e-08,3.653116629447339e-05,1.2998235265139437,8.020876747312844e-08,1.30000079118624,1.3000010397363264,1.3000011801657345,0.1153845106362725,0.11538452310040088,0.11538454516102736,5.979380493457602e-08,8.020876747312844e-08,9.111082592533027e-08,0.9998161879096888,0.9998634514804686,0.9999478126195793,1.0,1.0,1.0,1.0,1.0,1.0,1.0,1.0,1.0,0.0,0.0,0.0,0.0,0.0,1.4526934480341147e-07,-3.653116629447339e-05,1.1958760986915203e-08,6.3886722821138686e-09
42.800000000000004,0.0,1.1607425934895917e-08,3.505116287149112e-05,1.2998306837273428,7.78523233964044e-08,1.3000007693838778,1.3000010110847808,1.3000011476444384,0.1153845135227729,0.11538452564343339,0.11538454709614593,5.803712967447958e-08,7.785232339640441e-08,8.843409153779462e-08,0.999823627747389,0.9998689790613206,0.9999499269101836,1.0,1.0,1.0,1.0,1.0,1.0,1.0,1.0,1.0,0.0,0.0,0.0,0.0,0.0,1.4126477317077946e-07,-3.505116287149112e-05,1.1607425934895917e-08,6.200980220116268e-09
43.0,0.0,1.1266412714620954e-08,3.363107682154975e-05,1.299837550973049,7.556510901690266e-08,1.3000007481825275,1.3000009832230555,1.3000011160196374,0.11538451632970301,0.1153845281163638,0.11538454897792039,5.633206357310477e-08,7.556510901690266e-08,8.583599661937421e-08,0.9998307665791785,0.9998742829830537,0.9999519556045406,1.0,1.0,1.0,1.0,1.0,1.0,1.0,1.0,1.0,0.0,0.0,0.0,0.0,0.0,1.373706353113846e-07,-3.363107682154975e-05,1.1266412714620954e-08,6.018802341438967e-09
43.2,0.0,1.0935418082192639e-08,3.226848359118017e-05,1.2998441399904133,7.334509044337776e-08,1.300000727565616,1.3000009561293684,1.3000010852666084,0.11538451905925717,0.11538453052112528,0.1153845508078217,5.467709041096319e-08,7.334509044337776e-08,8.331423083022665e-08,0.9998376165799505,0.9998793722926592,0.9999539021662983,1.0,1.0,1.0,1.0,1.0,1.0,1.0,1.0,1.0,0.0,0.0,0.0,0.0,0.0,1.3358388487039186e-07,-3.226848359118017e-05,1.0935418082192639e-08,5.841976645529746e-09
43.400000000000006,0.0,1.0614147702680615e-08,3.0961056693212805e-05,1.2998504620437488,7.119029353803962e-08,1.3000007075170257,1.3000009297825401,1.3000010553613108,0.11538452171356917,0.11538453285959771,0.11538455258728042,5.3070738513403076e-08,7.119029353803962e-08,8.086655170571603e-08,0.9998441894322566,0.9998842556712532,0.9999557699190097,1.0,1.0,1.0,1.0,1.0,1.0,1.0,1.0,1.0,0.0,0.0,0.0,0.0,0.0,1.2990155900949318e-07,-3.0961056693212805e-05,1.0614147702680615e-08,5.670345891231842e-09
43.6,0.0,1.0302315888386326e-08,2.9706563764186898e-05,1.2998565279415497,6.909880216106325e-08,1.3000006880210846,1.3000009041619753,1.3000010262803678,0.11538452429471381,0.11538453513360908,0.11538455431768753,5.1511579441931625e-08,6.909880216106325e-08,7.849078266231481e-08,0.9998504963462075,0.9998889414488756,0.9999575620517654,1.0,1.0,1.0,1.0,1.0,1.0,1.0,1.0,1.0,0.0,0.0,0.0,0.0,0.0,1.263207769081065e-07,-2.9706563764186898e-05,1.0302315888386326e-08,5.503757456958171e-09
43.800000000000004,0.0,9.999645344796924e-09,2.850286273522462e-05,1.299862348054928,6.706875646667315e-08,1.3000006690625534,1.300000879247647,1.3000009980010467,0.11538452680470881,0.11538453734493694,0.11538455600039564,4.999822672398461e-08,6.706875646667315e-08,7.618481106209037e-08,0.9998565480785715,0.9998934376186827,0.999959281624664,1.0,1.0,1.0,1.0,1.0,1.0,1.0,1.0,1.0,0.0,0.0,0.0,0.0,0.0,1.2283873764007414e-07,-2.850286273522462e-05,9.999645344796924e-09,5.342063204973575e-09
44.0,0.0,9.705866924002952e-09,2.7347898192919825e-05,1.2998679323353077,6.509835124928743e-08,1.3000006506266117,1.3000008550200797,1.3000009705012427,0.11538452924551613,0.11538453949530986,0.11538455763672016,4.8529334620014755e-08,6.509835124928743e-08,7.3946586334055e-08,0.9998623549511108,0.9998977518505712,0.9999609315740101,1.0,1.0,1.0,1.0,1.0,1.0,1.0,1.0,1.0,0.0,0.0,0.0,0.0,0.0,1.1945271652380463e-07,-2.7347898192919825e-05,9.705866924002952e-09,5.185119349664211e-09
44.2,0.0,9.420719385360116e-09,2.6239697874674838e-05,1.299873290331403,6.31858343382493e-08,1.3000006326988507,1.3000008314603357,1.300000943759461,0.11538453161904355,0.1153845415864086,0.11538455922793998,4.7103596926800574e-08,6.31858343382493e-08,7.177411815070806e-08,0.9998679268681768,0.9999018915042491,0.9999625147173219,1.0,1.0,1.0,1.0,1.0,1.0,1.0,1.0,1.0,0.0,0.0,0.0,0.0,0.0,1.1616006592718442e-07,-2.6239697874674838e-05,9.420719385360116e-09,5.032786329677127e-09
44.400000000000006,0.0,9.143949163182745e-09,2.5176369301982415e-05,1.2998784312055072,6.132950503972075e-08,1.3000006152652557,1.3000008085500003,1.3000009177547975,0.11538453392714648,0.11538454361986772,0.115384560775299,4.571974581591372e-08,6.132950503972075e-08,6.966547465814988e-08,0.999873273333568,0.9999058636417779,0.99996403375814,1.0,1.0,1.0,1.0,1.0,1.0,1.0,1.0,1.0,0.0,0.0,0.0,0.0,0.0,1.1295820918910682e-07,-2.5176369301982415e-05,9.143949163182745e-09,4.884928683816176e-09
44.6,0.0,8.875310141262037e-09,2.4156096552974126e-05,1.2998833637491276,5.9527712624350735e-08,1.3000005983122005,1.3000007862711662,1.3000008924669284,0.11538453617162878,0.11538454559727654,0.11538456228000664,4.437655070631018e-08,5.9527712624350735e-08,6.761878075819241e-08,0.9998784034667536,0.999909675039609,0.9999654912906386,1.0,1.0,1.0,1.0,1.0,1.0,1.0,1.0,1.0,0.0,0.0,0.0,0.0,0.0,1.0984464141050587e-07,-2.4156096552974126e-05,8.875310141262037e-09,4.741414930583977e-09
44.800000000000004,0.0,8.614563434008715e-09,2.3177137167784687e-05,1.299888096397984,5.7778854859374175e-08,1.3000005818264357,1.3000007646064204,1.3000008678760868,0.11538453835424489,0.11538454752018065,0.11538456374323887,4.3072817170043574e-08,5.777885485937418e-08,6.563221644093964e-08,0.9998833260183904,0.9999133322001327,0.999966889804046,1.0,1.0,1.0,1.0,1.0,1.0,1.0,1.0,1.0,0.0,0.0,0.0,0.0,0.0,1.0681692839964452e-07,-2.3177137167784687e-05,8.614563434008715e-09,4.602117451262798e-09
45.0,0.0,8.361477174025567e-09,2.223781918175849e-05,1.2998926372464013,5.6081376583836813e-08,1.3000005657950753,1.3000007435388299,1.300000843963054,0.11538454047670064,0.11538454939008297,0.11538456516613943,4.1807385870127835e-08,5.6081376583836813e-08,6.370401516635543e-08,0.9998880493852483,0.9999168413627608,0.9999682316868832,1.0,1.0,1.0,1.0,1.0,1.0,1.0,1.0,1.0,0.0,0.0,0.0,0.0,0.0,1.0387270088507705e-07,-2.223781918175849e-05,8.361477174025567e-09,4.46691237643043e-09
45.2,0.0,8.115826305920695e-09,2.1336538266680804e-05,1.299896994061122,5.443376832567744e-08,1.3000005502055898,1.3000007230519284,1.3000008207091405,0.11538454254065482,0.11538455120844493,0.11538456654982039,4.0579131529603473e-08,5.443376832567744e-08,6.183246229337824e-08,0.9998925816245179,0.9999202085145588,0.9999695192310476,1.0,1.0,1.0,1.0,1.0,1.0,1.0,1.0,1.0,0.0,0.0,0.0,0.0,0.0,1.010096559311835e-07,-2.1336538266680804e-05,8.115826305920695e-09,4.335679475810053e-09
45.400000000000006,0.0,7.87739238617851e-09,2.0471754996898016e-05,1.2999011742945583,5.283456495943968e-08,1.3000005350457946,1.300000703129705,1.3000007980961703,0.11538454454772068,0.11538455297668768,0.11538456789536322,3.938696193089255e-08,5.283456495943968e-08,6.001589355518753e-08,0.9998969304675396,0.9999234394004529,0.9999707546357187,1.0,1.0,1.0,1.0,1.0,1.0,1.0,1.0,1.0,0.0,0.0,0.0,0.0,0.0,9.822555435690106e-08,-2.0471754996898016e-05,7.87739238617851e-09,4.2083020513561765e-09
45.6,0.0,7.645963388910106e-09,1.9641992231234083e-05,1.2999051850975085,5.128234440341795e-08,1.300000520303843,1.3000006837565892,1.3000007761064736,0.11538454649946654,0.11538455469619312,0.1153845692038194,3.822981694455053e-08,5.128234440341795e-08,5.8252693579264746e-08,0.9999011033329815,0.9999265395330187,0.9999719400110982,1.0,1.0,1.0,1.0,1.0,1.0,1.0,1.0,1.0,0.0,0.0,0.0,0.0,0.0,9.55182187234449e-08,-1.9641992231234083e-05,7.645963388910106e-09,4.0846668334817015e-09
45.800000000000004,0.0,7.421333517310574e-09,1.884583258560113e-05,1.299909033331359,4.977572635508003e-08,1.3000005059682138,1.3000006649174412,1.300000754722862,0.11538454839741799,0.1153845563683051,0.11538457047621152,3.7106667586552865e-08,4.977572635508003e-08,5.6541294450932995e-08,0.9999051073394803,0.9999295142018788,0.9999730773820206,1.0,1.0,1.0,1.0,1.0,1.0,1.0,1.0,1.0,0.0,0.0,0.0,0.0,0.0,9.288553165509583e-08,-1.884583258560113e-05,7.421333517310574e-09,3.9646638803335475e-09
46.0,0.0,7.203303020655474e-09,1.8081916017520515e-05,1.2999127255797935,4.83133710636419e-08,1.3000004920277026,1.3000006465975376,1.3000007339286268,0.11538455024305806,0.11538455799433037,0.11538457171353404,3.601651510327737e-08,4.8313371063641906e-08,5.488017431909901e-08,0.9999089493177795,0.9999323684827174,0.9999741686914035,1.0,1.0,1.0,1.0,1.0,1.0,1.0,1.0,1.0,0.0,0.0,0.0,0.0,0.0,9.03254335354875e-08,-1.8081916017520515e-05,7.203303020655474e-09,3.848186480027616e-09
46.2,0.0,6.9916780166737325e-09,1.7348937512451366e-05,1.2999162681600271,4.689397813870225e-08,1.300000478471416,1.3000006287825618,1.3000007137075151,0.11538455203782928,0.11538455957553964,0.11538457291675384,3.495839008336866e-08,4.689397813870225e-08,5.32678560429561e-08,0.9999126358223587,0.9999351072459319,0.9999752158035536,1.0,1.0,1.0,1.0,1.0,1.0,1.0,1.0,1.0,0.0,0.0,0.0,0.0,0.0,8.783592257699535e-08,-1.7348937512451366e-05,6.9916780166737325e-09,3.7351310557558375e-09
46.400000000000006,0.0,6.786270319139021e-09,1.6645644852730788e-05,1.2999196671335898,4.551628539387869e-08,1.30000046528876,1.3000006114585925,1.3000006940437276,0.11538455378313398,0.11538456111316855,0.11538457408681123,3.39313515956951e-08,4.551628539387869e-08,5.1702905878446166e-08,0.9999161731426189,0.9999377351649353,0.9999762205073532,1.0,1.0,1.0,1.0,1.0,1.0,1.0,1.0,1.0,0.0,0.0,0.0,0.0,0.0,8.541505164272323e-08,-1.6645644852730788e-05,6.786270319139021e-09,3.6253970736812175e-09
46.6,0.0,6.586897270526348e-09,1.597083648070541e-05,1.2999229283166667,4.417906772441612e-08,1.3000004524694335,1.3000005946120916,1.3000006749218957,0.1153845554803362,0.11538456260841871,0.11538457522462046,3.293448635263174e-08,4.417906772441612e-08,5.018393220331152e-08,0.9999195673135991,0.9999402567241195,0.9999771845193133,1.0,1.0,1.0,1.0,1.0,1.0,1.0,1.0,1.0,0.0,0.0,0.0,0.0,0.0,8.306092778853635e-08,-1.597083648070541e-05,6.586897270526348e-09,3.518886953538675e-09
46.800000000000004,0.0,6.393381579584941e-09,1.5323359456909102e-05,1.2999260572900282,4.2881136017769873e-08,1.3000004400034175,1.3000005782298945,1.300000656327078,0.11538455713076212,0.11538456406245853,0.11538457633107083,3.19669078979247e-08,4.2881136017769873e-08,4.870958427960318e-08,0.999922824126241,0.9999426762265013,0.9999781094864901,1.0,1.0,1.0,1.0,1.0,1.0,1.0,1.0,1.0,0.0,0.0,0.0,0.0,0.0,8.077170915443688e-08,-1.5323359456909102e-05,6.393381579584941e-09,3.415505981862409e-09
47.0,0.0,6.2055511636831335e-09,1.4702107485620174e-05,1.2999290594085522,4.162133609619498e-08,1.3000004278809731,1.3000005622992004,1.3000006382447442,0.1153845587357014,0.11538456547642423,0.11538457740702672,3.1027755818415664e-08,4.162133609619498e-08,4.727855105254593e-08,0.9999259491372964,0.9999449978010562,0.9999789969893063,1.0,1.0,1.0,1.0,1.0,1.0,1.0,1.0,1.0,0.0,0.0,0.0,0.0,0.0,7.854560661602061e-08,-1.4702107485620174e-05,6.2055511636831335e-09,3.3151622277625746e-09
47.2,0.0,6.023238995784933e-09,1.4106019034842985e-05,1.2999319398103657,4.0398547690400364e-08,1.3000004160926264,1.3000005468075606,1.3000006206607642,0.11538456029640817,0.11538456685142068,0.115384578453329,3.0116194978924665e-08,4.0398547690400364e-08,4.588955998469053e-08,0.9999289476787658,0.9999472254097563,0.9999798485442359,1.0,1.0,1.0,1.0,1.0,1.0,1.0,1.0,1.0,0.0,0.0,0.0,0.0,0.0,7.63808784970399e-08,-1.4106019034842985e-05,6.023238995784933e-09,3.217766461176237e-09
47.400000000000006,0.0,5.846282955922264e-09,1.3534075518928379e-05,1.2999347034256128,3.921168344335669e-08,1.3000004046291658,1.3000005317428704,1.3000006035613993,0.11538456181410185,0.11538456818852222,0.11538457947079528,2.9231414779611317e-08,3.9211683443356694e-08,4.4541375924318045e-08,0.9999318248670009,0.9999493628543238,0.9999806656064015,1.0,1.0,1.0,1.0,1.0,1.0,1.0,1.0,1.0,0.0,0.0,0.0,0.0,0.0,7.42758324706605e-08,-1.3534075518928379e-05,5.846282955922264e-09,3.1232320735201735e-09
47.6,0.0,5.6745256870308e-09,1.2985299570023034e-05,1.2999373549848712,3.805968794337064e-08,1.3000003934816358,1.3000005170933588,1.3000005869332878,0.11538456328996839,0.11538456948877367,0.1153845804602204,2.8372628435154e-08,3.805968794337064e-08,4.32328000070886e-08,0.9999345856114256,0.9999514137827111,0.9999814495720428,1.0,1.0,1.0,1.0,1.0,1.0,1.0,1.0,1.0,0.0,0.0,0.0,0.0,0.0,7.222882228430372e-08,-1.2985299570023034e-05,5.6745256870308e-09,3.031475000674658e-09
47.800000000000004,0.0,5.5078144550211336e-09,1.2458753362054597e-05,1.299939899027225,3.694153678556652e-08,1.3000003826413251,1.3000005028475792,1.3000005707634374,0.11538456472516093,0.11538457075319095,0.11538458142237759,2.7539072275105666e-08,3.694153678556652e-08,4.196266858995856e-08,0.9999372346228923,0.9999533816953207,0.9999822017809114,1.0,1.0,1.0,1.0,1.0,1.0,1.0,1.0,1.0,0.0,0.0,0.0,0.0,0.0,7.02382473988239e-08,-1.2458753362054597e-05,5.5078144550211336e-09,2.94241364822999e-09
48.0,0.0,5.346001012960988e-09,1.195353701352042e-05,1.2999423399080157,3.585623566094083e-08,1.3000003720997644,1.3000004889944012,1.3000005550392146,0.1153845661208008,0.115384571982762,0.11538458235801853,2.6730005064804936e-08,3.585623566094083e-08,4.072985221641855e-08,0.9999397764217306,0.9999552699509701,0.9999829235185521,1.0,1.0,1.0,1.0,1.0,1.0,1.0,1.0,1.0,0.0,0.0,0.0,0.0,0.0,6.830255160072962e-08,-1.195353701352042e-05,5.346001012960988e-09,2.855968818929178e-09
48.2,0.0,5.1889414692474784e-09,1.1468787063251273e-05,1.2999446818062743,3.480281947217877e-08,1.3000003618487164,1.3000004755230012,1.3000005397483336,0.11538456747797844,0.11538457317844748,0.11538458326787435,2.594470734623739e-08,3.480281947217878e-08,3.953325461213073e-08,0.9999422153454363,0.9999570817726182,0.9999836160184811,1.0,1.0,1.0,1.0,1.0,1.0,1.0,1.0,1.0,0.0,0.0,0.0,0.0,0.0,6.642022024050398e-08,-1.1468787063251273e-05,5.1889414692474784e-09,2.772063642242241e-09
48.400000000000006,0.0,5.0364961596524605e-09,1.1003674976794996e-05,1.2999469287318566,3.37803514754478e-08,1.3000003518801735,1.3000004624228538,1.300000524878847,0.11538456879775427,0.11538457434118161,0.11538458415265578,2.51824807982623e-08,3.37803514754478e-08,3.8371811710074076e-08,0.999944555556065,0.9999588202528605,0.9999842804643189,1.0,1.0,1.0,1.0,1.0,1.0,1.0,1.0,1.0,0.0,0.0,0.0,0.0,0.0,6.458978279999528e-08,-1.1003674976794996e-05,5.0364961596524605e-09,2.690623506009603e-09
48.6,0.0,4.888529523126948e-09,1.0557405752897875e-05,1.2999490845322876,3.27879224474037e-08,1.3000003421863462,1.3000004496837243,1.3000005104191388,0.11538457008115931,0.11538457547187281,0.11538458501305418,2.444264761563474e-08,3.27879224474037e-08,3.7244490704329154e-08,0.9999468010473442,0.9999604883591998,0.9999849179917816,1.0,1.0,1.0,1.0,1.0,1.0,1.0,1.0,1.0,0.0,0.0,0.0,0.0,0.0,6.280980732742414e-08,-1.0557405752897875e-05,4.888529523126948e-09,2.6115759900936607e-09
48.800000000000004,0.0,4.74490998125427e-09,1.0129216557575038e-05,1.2999511528993315,3.1824649876669405e-08,1.3000003327596616,1.3000004372956597,1.3000004963579113,0.11538457132919629,0.1153845765714044,0.11538458584974173,2.372454990627135e-08,3.1824649876669405e-08,3.615028913166164e-08,0.9999489556514507,0.9999620889391052,0.999985529690632,1.0,1.0,1.0,1.0,1.0,1.0,1.0,1.0,1.0,0.0,0.0,0.0,0.0,0.0,6.107890244966274e-08,-1.0129216557575038e-05,4.74490998125427e-09,2.53485080197962e-09
49.0,0.0,4.605509821244819e-09,9.718375422840263e-06,1.299953137375293,3.0889677179067305e-08,1.300000323592755,1.3000004252489823,1.3000004826841793,0.11538457254284022,0.1153845776406354,0.11538458666337208,2.3027549106224094e-08,3.0889677179067305e-08,3.508823398008859e-08,0.9999510230455781,0.9999636247248666,0.9999861166065388,1.0,1.0,1.0,1.0,1.0,1.0,1.0,1.0,1.0,0.0,0.0,0.0,0.0,0.0,5.93957145411661e-08,-9.718375422840263e-06,4.605509821244819e-09,2.4603797142683573e-09
49.2,0.0,4.4702050823682065e-09,9.32418000108015e-06,1.2999550413590661,2.9982172935906905e-08,1.3000003146784653,1.3000004135342806,1.3000004693872602,0.11538457372303929,0.11538457868040115,0.11538458745458084,2.2351025411841032e-08,2.9982172935906905e-08,3.4057380823633014e-08,0.999953006758174,0.9999650983382534,0.9999866797428556,1.0,1.0,1.0,1.0,1.0,1.0,1.0,1.0,1.0,0.0,0.0,0.0,0.0,0.0,5.775892845949482e-08,-9.32418000108015e-06,4.4702050823682065e-09,2.3880965040055644e-09
49.400000000000006,0.0,4.338875445721974e-09,8.945956368699991e-06,1.299956868111937,2.9101330154651077e-08,1.3000003060098282,1.300000402142403,1.3000004564567673,0.11538457487071535,0.11538457969151392,0.11538458822398613,2.169437722860987e-08,2.9101330154651077e-08,3.30568129824993e-08,0.9999549101749774,0.9999665122949827,0.9999872200623304,1.0,1.0,1.0,1.0,1.0,1.0,1.0,1.0,1.0,0.0,0.0,0.0,0.0,0.0,5.616726350687884e-08,-8.945956368699991e-06,4.338875445721974e-09,2.3179368937934432e-09
49.6,0.0,4.211404127238745e-09,8.583057865907406e-06,1.299958620763152,2.8246365551302833e-08,1.3000002975800717,1.30000039106445,1.3000004438825985,0.11538457598676506,0.11538458067476352,0.11538458897218902,2.1057020636193726e-08,2.8246365551302836e-08,3.208564070792124e-08,0.9999567365447701,0.9999678690090092,0.999987738488763,1.0,1.0,1.0,1.0,1.0,1.0,1.0,1.0,1.0,0.0,0.0,0.0,0.0,0.0,5.461947592821925e-08,-8.583057865907406e-06,4.211404127238745e-09,2.2498384946324123e-09
49.800000000000004,0.0,4.087677773836698e-09,8.234864009704078e-06,1.2999603023152622,2.741651885387479e-08,1.300000289382611,1.300000380291768,1.300000431654931,0.11538457707206026,0.11538458163091816,0.11538458969977397,2.043838886918349e-08,2.741651885387479e-08,3.1143000390958304e-08,0.9999584889849341,0.9999691707966404,0.9999882359085576,1.0,1.0,1.0,1.0,1.0,1.0,1.0,1.0,1.0,0.0,0.0,0.0,0.0,0.0,5.3114355885730546e-08,-8.234864009704078e-06,4.087677773836698e-09,2.1837407504420623e-09
50.0,0.0,3.967586362621079e-09,7.900779419700577e-06,1.2999619156492477,2.661105212632226e-08,1.300000281411042,1.300000369815942,1.3000004197642137,0.11538457812744868,0.11538458256072469,0.11538459040730936,1.9837931813105393e-08,2.661105212632226e-08,3.022805379453704e-08,0.9999601704867563,0.9999704198804861,0.9999887131722576,1.0,1.0,1.0,1.0,1.0,1.0,1.0,1.0,1.0,0.0,0.0,0.0,0.0,0.0,5.165072598789511e-08,-7.900779419700577e-06,3.967586362621079e-09,2.119584884212056e-09
50.2,0.0,3.851023103046974e-09,7.580232813952925e-06,1.2999634635294413,2.582924911233786e-08,1.300000273659138,1.300000359628788,1.3000004082011567,0.11538457915375486,0.11538458346490942,0.11538459109534789,1.9255115515234872e-08,2.582924911233786e-08,2.9339987308053557e-08,0.9999617839205236,0.9999716183932469,0.9999891710959801,1.0,1.0,1.0,1.0,1.0,1.0,1.0,1.0,1.0,0.0,0.0,0.0,0.0,0.0,5.022744277438651e-08,-7.580232813952925e-06,3.851023103046974e-09,2.057313845735012e-09
50.400000000000006,0.0,3.7378843419565136e-09,7.272676026948143e-06,1.299964948608245,2.5070414598425298e-08,1.3000002661208443,1.3000003497223491,1.3000003969567295,0.11538458015178032,0.11538458434417863,0.11538459176442693,1.868942170978257e-08,2.5070414598425298e-08,2.8478011223875684e-08,0.9999633320404229,0.999972768381351,0.9999896104628186,1.0,1.0,1.0,1.0,1.0,1.0,1.0,1.0,1.0,0.0,0.0,0.0,0.0,0.0,4.8843393649078415e-08,-7.272676026948143e-06,3.7378843419565136e-09,1.9968722608749955e-09
50.6,0.0,3.628069471405945e-09,6.9775830783380675e-06,1.299966373430663,2.4333873795684944e-08,1.3000002587902715,1.3000003400888875,1.3000003860221485,0.11538458112230468,0.11538458519921918,0.11538459241506922,1.8140347357029725e-08,2.4333873795684944e-08,2.764135903510017e-08,0.9999648174892412,0.9999738718084431,0.9999900320241738,1.0,1.0,1.0,1.0,1.0,1.0,1.0,1.0,1.0,0.0,0.0,0.0,0.0,0.0,4.749749585308827e-08,-6.9775830783380675e-06,3.628069471405945e-09,1.938206382326371e-09
50.800000000000004,0.0,3.5214808392005938e-09,6.694449274702307e-06,1.299967740438646,2.3618971739761917e-08,1.3000002516616944,1.3000003307208778,1.3000003753888718,0.11538458206608608,0.1153845860306989,0.11538459304778292,1.7607404196002967e-08,2.361897173976192e-08,2.682928675394107e-08,0.999966242802853,0.9999749305587327,0.9999904365010361,1.0,1.0,1.0,1.0,1.0,1.0,1.0,1.0,1.0,0.0,0.0,0.0,0.0,0.0,4.618869818562299e-08,-6.694449274702307e-06,3.5214808392005938e-09,1.881264041819373e-09
51.0,0.0,3.4180236620583185e-09,6.422790344806639e-06,1.299969051975262,2.2925072708423253e-08,1.3000002447295451,1.3000003216110032,1.3000003650485943,0.11538458298386167,0.11538458683926722,0.11538459366306221,1.7090118310291592e-08,2.2925072708423253e-08,2.6041072250143432e-08,0.9999676104145665,0.9999759464402066,0.9999908245852217,1.0,1.0,1.0,1.0,1.0,1.0,1.0,1.0,1.0,0.0,0.0,0.0,0.0,0.0,4.491597743738751e-08,-6.422790344806639e-06,3.4180236620583185e-09,1.8259946037297754e-09
51.2,0.0,3.3176059413240082e-09,6.1621416200918764e-06,1.2999703102886995,2.2251559656245646e-08,1.3000002379884086,1.3000003127521484,1.3000003549932406,0.11538458387634819,0.11538458762555572,0.11538459426138771,1.658802970662004e-08,2.2251559656245646e-08,2.52760146088332e-08,0.9999689226592501,0.9999769211877111,0.9999911969405427,1.0,1.0,1.0,1.0,1.0,1.0,1.0,1.0,1.0,0.0,0.0,0.0,0.0,0.0,4.367833839058477e-08,-6.1621416200918764e-06,3.3176059413240082e-09,1.7723489200514847e-09
51.400000000000006,0.0,3.2201383811603837e-09,5.912057235524237e-06,1.299971517536105,2.1597833665911762e-08,1.3000002314330203,1.3000003041373935,1.3000003452149556,0.11538458474424285,0.11538458839017857,0.1153845948432267,1.6100691905801917e-08,2.1597833665911765e-08,2.4533433507233198e-08,0.9999701817773322,0.9999778564659113,0.9999915542039493,1.0,1.0,1.0,1.0,1.0,1.0,1.0,1.0,1.0,0.0,0.0,0.0,0.0,0.0,4.247481401320474e-08,-5.912057235524237e-06,3.2201383811603837e-09,1.7202792866919818e-09
51.6,0.0,3.1255343091422113e-09,5.672109373033862e-06,1.2999726757872712,2.0963313415626697e-08,1.3000002250582603,1.300000295760011,1.3000003357061025,0.11538458558822344,0.1153845891337329,0.1153845954090336,1.5627671545711055e-08,2.0963313415626697e-08,2.3812668609690196e-08,0.9999713899186063,0.9999787538721278,0.99999189698661,1.0,1.0,1.0,1.0,1.0,1.0,1.0,1.0,1.0,0.0,0.0,0.0,0.0,0.0,4.1304463849201056e-08,-5.672109373033862e-06,3.1255343091422113e-09,1.6697394010517445e-09
51.800000000000004,0.0,3.0337095991833735e-09,5.4418875280348715e-06,1.2999737870281685,2.0347434662181042e-08,1.3000002188591488,1.3000002876134575,1.300000326459256,0.11538458640894905,0.11538458985679943,0.11538459595925041,1.5168547995916868e-08,2.0347434662181042e-08,2.3113078980475462e-08,0.9999725491459049,0.9999796149390625,0.99999222587496,1.0,1.0,1.0,1.0,1.0,1.0,1.0,1.0,1.0,0.0,0.0,0.0,0.0,0.0,4.016637225601194e-08,-5.4418875280348715e-06,3.0337095991833735e-09,1.6206843208499534e-09
52.0,0.0,2.944582596728297e-09,5.220997812704908e-06,1.299974853164341,1.9749649739201314e-08,1.3000002128308454,1.3000002796913708,1.3000003174671917,0.11538458720706087,0.11538459055994292,0.11538459649430675,1.4722912983641484e-08,1.9749649739201314e-08,2.2434042513836825e-08,0.9999736614386142,0.9999804411374109,0.9999925414316961,1.0,1.0,1.0,1.0,1.0,1.0,1.0,1.0,1.0,0.0,0.0,0.0,0.0,0.0,3.9059650722150785e-08,-5.220997812704908e-06,2.944582596728297e-09,1.5730704241598502e-09
52.2,0.0,2.8580740461411113e-09,5.009062278771292e-06,1.2999758760241589,1.9169427070140772e-08,1.3000002069686416,1.300000271987564,1.3000003087228889,0.11538458798318205,0.11538459124371249,0.11538459701462053,1.4290370230705556e-08,1.9169427070140772e-08,2.177495538079472e-08,0.9999747286960453,0.9999812338783692,0.9999928441967446,1.0,1.0,1.0,1.0,1.0,1.0,1.0,1.0,1.0,0.0,0.0,0.0,0.0,0.0,3.798343353733635e-08,-5.009062278771292e-06,2.8580740461411113e-09,1.5268553706181894e-09
52.400000000000006,0.0,2.774107020228087e-09,4.805718278222404e-06,1.2999768573619443,1.860625069557848e-08,1.300000201267959,1.3000002644960202,1.3000003002195188,0.11538458873791868,0.11538459190864214,0.11538459752059811,1.3870535101140435e-08,1.860625069557848e-08,2.1135231492191216e-08,0.9999757527406824,0.9999819945160429,0.999993134688174,1.0,1.0,1.0,1.0,1.0,1.0,1.0,1.0,1.0,0.0,0.0,0.0,0.0,0.0,3.693688013783891e-08,-4.805718278222404e-06,2.774107020228087e-09,1.4819980637743595e-09
52.6,0.0,2.6926068518306017e-09,4.610617840183906e-06,1.2999777988609675,1.8059619814405488e-08,1.3000001957243466,1.3000002572108889,1.300000291950439,0.11538458947186034,0.11538459255525113,0.11538459801263458,1.3463034259153008e-08,1.8059619814405488e-08,2.051430197751381e-08,0.9999767353212755,0.9999827243497534,0.9999934134030855,1.0,1.0,1.0,1.0,1.0,1.0,1.0,1.0,1.0,0.0,0.0,0.0,0.0,0.0,3.5919172539089494e-08,-4.610617840183906e-06,2.6926068518306017e-09,1.438458614545604e-09
52.800000000000004,0.0,2.613501067427813e-09,4.423427077870911e-06,1.2999787021363214,1.7529048338490452e-08,1.3000001903334737,1.3000002501264811,1.3000002839091938,0.11538459018558002,0.11538459318404448,0.11538459849111427,1.3067505337139064e-08,1.7529048338490452e-08,1.9911614679030698e-08,0.9999776781158366,0.9999834246262563,0.9999936808184602,1.0,1.0,1.0,1.0,1.0,1.0,1.0,1.0,1.0,0.0,0.0,0.0,0.0,0.0,3.492951504424635e-08,-4.423427077870911e-06,2.613501067427813e-09,1.3961983057458938e-09
53.0,0.0,2.5367193226900556e-09,4.243825621885744e-06,1.2999795687376845,1.7014064460428975e-08,1.3000001850911318,1.3000002432372646,1.3000002760895024,0.11538459087963517,0.11538459379551316,0.11538459895641076,1.2683596613450278e-08,1.7014064460428975e-08,1.932663366078814e-08,0.9999785827344941,0.9999840965418657,0.9999939373919687,1.0,1.0,1.0,1.0,1.0,1.0,1.0,1.0,1.0,0.0,0.0,0.0,0.0,0.0,3.3967134355217254e-08,-4.243825621885744e-06,2.5367193226900556e-09,1.3551795576569242e-09
53.2,0.0,2.4621933399255543e-09,4.071506068048513e-06,1.2999804001519653,1.6514210233991567e-08,1.3000001799932264,1.3000002365378591,1.3000002684852583,0.11538459155456779,0.11538459439013472,0.11538459940888744,1.2310966699627772e-08,1.6514210233991567e-08,1.875883873203255e-08,0.999979450722236,0.9999847412444952,0.9999941835627599,1.0,1.0,1.0,1.0,1.0,1.0,1.0,1.0,1.0,0.0,0.0,0.0,0.0,0.0,3.30312785457032e-08,-4.071506068048513e-06,2.4621933399255543e-09,1.315365894610575e-09
53.400000000000006,0.0,2.389856847364928e-09,3.906173455925366e-06,1.2999811978058453,1.602904116689798e-08,1.3000001750357773,1.3000002300230336,1.3000002610905241,0.11538459221090487,0.11538459496837344,0.1153845998488976,1.194928423682464e-08,1.602904116689798e-08,1.8207724984634195e-08,0.9999802835615474,0.9999853598356143,0.9999944197522058,1.0,1.0,1.0,1.0,1.0,1.0,1.0,1.0,1.0,0.0,0.0,0.0,0.0,0.0,3.212121625628672e-08,-3.906173455925366e-06,2.389856847364928e-09,1.2767219125531496e-09
53.6,0.0,2.3196455202294267e-09,3.747544767640498e-06,1.2999819630682161,1.5558125825555093e-08,1.300000170214912,1.3000002236877006,1.3000002538995252,0.11538459284915896,0.11538459553068095,0.11538460027678493,1.1598227601147133e-08,1.5558125825555093e-08,1.7672802344100744e-08,0.9999810826749402,0.99998595337213,0.9999946463646177,1.0,1.0,1.0,1.0,1.0,1.0,1.0,1.0,1.0,0.0,0.0,0.0,0.0,0.0,3.1236235931153544e-08,-3.747544767640498e-06,2.3196455202294267e-09,1.2392132475625367e-09
53.800000000000004,0.0,2.251496923530503e-09,3.595348436091772e-06,1.299982697252519,1.5101045451407236e-08,1.3000001655268674,1.3000002175269132,1.3000002469066465,0.11538459346982843,0.11538459607749621,0.11538460069288346,1.1257484617652514e-08,1.5101045451407236e-08,1.715359513378147e-08,0.9999818494273789,0.9999865228681852,0.9999948637879484,1.0,1.0,1.0,1.0,1.0,1.0,1.0,1.0,1.0,0.0,0.0,0.0,0.0,0.0,3.037564670627102e-08,-3.595348436091772e-06,2.251496923530503e-09,1.2028065452903074e-09
54.0,0.0,2.1853504565499067e-09,3.4493238955990434e-06,1.2999834016189882,1.465739358855784e-08,1.3000001609679823,1.3000002115358609,1.3000002401064275,0.11538459407339795,0.11538459660924623,0.11538460109751812,1.0926752282749533e-08,1.465739358855784e-08,1.6649641651874867e-08,0.9999825851286007,0.999987069296892,0.9999950723944349,1.0,1.0,1.0,1.0,1.0,1.0,1.0,1.0,1.0,0.0,0.0,0.0,0.0,0.0,2.953877520361914e-08,-3.4493238955990434e-06,2.1853504565499067e-09,1.1674694313015681e-09
54.2,0.0,2.1211472989508527e-09,3.3092211187968346e-06,1.2999840773768079,1.422677572233092e-08,1.3000001565346981,1.3000002057098652,1.3000002334935588,0.11538459466033874,0.11538459712634623,0.1153846014910048,1.0605736494754263e-08,1.422677572233092e-08,1.6160493760863057e-08,0.9999832910353594,0.9999875935919885,0.9999952725412589,1.0,1.0,1.0,1.0,1.0,1.0,1.0,1.0,1.0,0.0,0.0,0.0,0.0,0.0,2.8724969278193235e-08,-3.3092211187968346e-06,2.1211472989508527e-09,1.1331704822861938e-09
54.400000000000006,0.0,2.0588303584724145e-09,3.1748002130571606e-06,1.2999847256861763,1.3808808928451446e-08,1.300000152223551,1.300000200044378,1.3000002270628763,0.11538459523110917,0.11538459762919999,0.1153846018736509,1.0294151792362072e-08,1.3808808928451448e-08,1.568571648900834e-08,0.9999839683535616,0.9999880966494338,0.9999954645711242,1.0,1.0,1.0,1.0,1.0,1.0,1.0,1.0,1.0,0.0,0.0,0.0,0.0,0.0,2.7933590412976272e-08,-3.1748002130571606e-06,2.0588303584724145e-09,1.099879198115839e-09
54.6,0.0,1.9983442201605757e-09,3.0458309829506366e-06,1.2999853476602896,1.3403121532532252e-08,1.300000148031177,1.300000194534975,1.30000022080936,0.11538459578615481,0.1153845981182001,0.11538460224575502,9.991721100802878e-09,1.3403121532532252e-08,1.5224887643557286e-08,0.9999846182403255,0.9999885793289345,0.9999956488128815,1.0,1.0,1.0,1.0,1.0,1.0,1.0,1.0,1.0,0.0,0.0,0.0,0.0,0.0,2.7164022239900554e-08,-3.0458309829506366e-06,1.9983442201605757e-09,1.0675659747218994e-09
54.800000000000004,0.0,1.9396350970908242e-09,2.9220925627293503e-06,1.2999859443672432,1.3009352779564828e-08,1.3000001439543019,1.3000001891773554,1.3000002147281262,0.1153845963259091,0.11538459859372834,0.11538460260760776,9.698175485454121e-09,1.3009352779564828e-08,1.4777597435308306e-08,0.9999852418059544,0.9999890424554111,0.9999958255820532,1.0,1.0,1.0,1.0,1.0,1.0,1.0,1.0,1.0,0.0,0.0,0.0,0.0,0.0,2.641566296257558e-08,-2.9220925627293503e-06,1.9396350970908242e-09,1.0362020777702538e-09
55.0,0.0,1.8826507825384685e-09,2.8033730230858644e-06,1.2999865168318618,1.2627152513120296e-08,1.3000001399897425,1.3000001839673354,1.3000002088144278,0.1153845968507934,0.11538459905615603,0.11538460295949164,9.413253912692342e-09,1.2627152513120296e-08,1.434344811420935e-08,0.9999858401158265,0.9999894868204069,0.9999959951813956,1.0,1.0,1.0,1.0,1.0,1.0,1.0,1.0,1.0,0.0,0.0,0.0,0.0,0.0,2.568792767387862e-08,-2.8033730230858644e-06,1.8826507825384685e-09,1.0057596171094699e-09
55.2,0.0,1.8273406035541213e-09,2.6894690209666726e-06,1.2999870660374457,1.2256180863974814e-08,1.3000001361344038,1.3000001789008473,1.3000002030636475,0.11538459736121753,0.11538459950584415,0.1153846033016814,9.136703017770606e-09,1.2256180863974814e-08,1.3922053615660916e-08,0.9999864141922247,0.9999899131834358,0.9999961579013986,1.0,1.0,1.0,1.0,1.0,1.0,1.0,1.0,1.0,0.0,0.0,0.0,0.0,0.0,2.4980247453898485e-08,-2.6894690209666726e-06,1.8273406035541213e-09,9.762115219696232e-10
55.400000000000006,0.0,1.773655375903104e-09,2.5801854361739983e-06,1.2999875929274565,1.18961079478831e-08,1.3000001323852761,1.300000173973936,1.3000001974712951,0.11538459785758001,0.11538459994314389,0.11538460363444414,8.86827687951552e-09,1.18961079478831e-08,1.351303921721066e-08,0.9999869650160594,0.99999032227328,0.9999963140208055,1.0,1.0,1.0,1.0,1.0,1.0,1.0,1.0,1.0,0.0,0.0,0.0,0.0,0.0,2.4292070646692032e-08,-2.5801854361739983e-06,1.773655375903104e-09,9.475315168898086e-10
55.6,0.0,1.7215473603286644e-09,2.4753350569284294e-06,1.2999880984071273,1.1546613572230847e-08,1.300000128739432,1.300000169182755,1.3000001920330047,0.11538459834026837,0.11538460036839653,0.1153846039580397,8.607736801643322e-09,1.1546613572230847e-08,1.3116041205333688e-08,0.9999874935285618,0.9999907147892302,0.9999964638070615,1.0,1.0,1.0,1.0,1.0,1.0,1.0,1.0,1.0,0.0,0.0,0.0,0.0,0.0,2.3622858363880894e-08,-2.4753350569284294e-06,1.7215473603286644e-09,9.196940983528347e-10
55.800000000000004,0.0,1.67097022010013e-09,2.3747382492667057e-06,1.2999885833450124,1.1207386951305401e-08,1.300000125194025,1.3000001645235635,1.3000001867445314,0.11538459880965934,0.11538460078193412,0.11538460427272074,8.35485110050065e-09,1.1207386951305401e-08,1.2730706552002543e-08,0.9999880006328719,0.999991091402282,0.9999966075167868,1.0,1.0,1.0,1.0,1.0,1.0,1.0,1.0,1.0,0.0,0.0,0.0,0.0,0.0,2.297208814838747e-08,-2.3747382492667057e-06,1.67097022010013e-09,8.926745121063865e-10
56.0,0.0,1.6218789798082736e-09,2.2782226497541913e-06,1.2999890485744712,1.0878126429931546e-08,1.3000001217462875,1.3000001599927238,1.3000001816017457,0.11538459926611949,0.11538460118407952,0.11538460457873288,8.109394899041367e-09,1.0878126429931546e-08,1.2356692600759278e-08,0.9999884871955975,0.9999914527562793,0.9999967453962146,1.0,1.0,1.0,1.0,1.0,1.0,1.0,1.0,1.0,0.0,0.0,0.0,0.0,0.0,2.233925153194427e-08,-2.2782226497541913e-06,1.6218789798082736e-09,8.664487311504537e-10
56.2,0.0,1.5742299853711902e-09,2.1856228763827978e-06,1.2999894948950925,1.0558539215226434e-08,1.3000001183935288,1.3000001555866998,1.3000001766006328,0.11538459971000513,0.11538460157514663,0.11538460487631497,7.87114992685595e-09,1.0558539215226434e-08,1.1993666762010246e-08,0.9999889540482708,0.9999917994690103,0.9999968776816052,1.0,1.0,1.0,1.0,1.0,1.0,1.0,1.0,1.0,0.0,0.0,0.0,0.0,0.0,2.1723854742861093e-08,-2.1856228763827978e-06,1.5742299853711902e-09,8.409934343714764e-10
56.400000000000006,0.0,1.5279808652151916e-09,2.096780243898699e-06,1.2999899230740641,1.02483411162354e-08,1.3000001151331302,1.3000001513020516,1.300000171737289,0.11538460014166274,0.11538460195544077,0.1153846051656994,7.639904326075957e-09,1.02483411162354e-08,1.1641306217272926e-08,0.9999894019887863,0.9999921321332654,0.9999970045996516,1.0,1.0,1.0,1.0,1.0,1.0,1.0,1.0,1.0,0.0,0.0,0.0,0.0,0.0,2.112541606924534e-08,-2.096780243898699e-06,1.5279808652151916e-09,8.162859858041817e-10
56.6,0.0,1.4830904925961363e-09,2.0115424912536815e-06,1.2999903338474832,9.947256291216864e-09,1.3000001119625468,1.3000001471354343,1.300000167007918,0.1153846005614293,0.11538460232525882,0.11538460544711208,7.4154524629806815e-09,9.947256291216864e-09,1.1299297632111551e-08,0.9999898317827497,0.9999924513178452,0.9999971263678696,1.0,1.0,1.0,1.0,1.0,1.0,1.0,1.0,1.0,0.0,0.0,0.0,0.0,0.0,2.0543468565170642e-08,-2.0115424912536815e-06,1.4830904925961363e-09,7.923044145026975e-10
56.800000000000004,0.0,1.4395189490277277e-09,1.9297635242110365e-06,1.2999907279216154,9.655017002351759e-09,1.3000001088793043,1.3000001430835955,1.3000001624088273,0.1153846009696325,0.11538460268488941,0.11538460572077261,7.197594745138638e-09,9.655017002351759e-09,1.0967336877506378e-08,0.999990244164789,0.9999927575685333,0.9999972431949654,1.0,1.0,1.0,1.0,1.0,1.0,1.0,1.0,1.0,0.0,0.0,0.0,0.0,0.0,1.9977557455530537e-08,-1.9297635242110365e-06,1.4395189490277277e-09,7.690273950030191e-10
57.0,0.0,1.3972274887842487e-09,1.8513031614486584e-06,1.2999911059741034,9.371363377659389e-09,1.3000001058809956,1.3000001391433718,1.3000001579364273,0.115384601366591,0.11538460303461331,0.11538460598689465,6.986137443921244e-09,9.371363377659389e-09,1.0645128759408889e-08,0.9999906398398077,0.9999930514090253,0.9999973552811979,1.0,1.0,1.0,1.0,1.0,1.0,1.0,1.0,1.0,0.0,0.0,0.0,0.0,0.0,1.942724095482795e-08,-1.8513031614486584e-06,1.3972274887842487e-09,7.464342283594797e-10
57.2,0.0,1.3561785044461633e-09,1.7760269036659613e-06,1.2999914686551253,9.09604317990779e-09,1.3000001029652801,1.3000001353116881,1.3000001535872268,0.11538460175261461,0.1153846033747035,0.11538460624568592,6.780892522230816e-09,9.09604317990779e-09,1.0332386756242249e-08,0.9999910194841783,0.999993333341824,0.999997462818709,1.0,1.0,1.0,1.0,1.0,1.0,1.0,1.0,1.0,0.0,0.0,0.0,0.0,0.0,1.889208868510739e-08,-1.7760269036659613e-06,1.3561785044461633e-09,7.245048237383324e-10
57.400000000000006,0.0,1.3163354934579539e-09,1.7038056928209143e-06,1.2999918165885074,8.828811582313416e-09,1.3000001001298815,1.300000131585553,1.3000001493578306,0.11538460212800472,0.11538460370542546,0.11538460649734847,6.581677467289769e-09,8.828811582313416e-09,1.0028832764113824e-08,0.9999913837469145,0.9999936038490965,0.9999975659918674,1.0,1.0,1.0,1.0,1.0,1.0,1.0,1.0,1.0,0.0,0.0,0.0,0.0,0.0,1.83716830776115e-08,-1.7038056928209143e-06,1.3163354934579539e-09,7.032196805521074e-10
57.6,0.0,1.2776630256684488e-09,1.6345156997332744e-06,1.2999921503727907,8.569430950830406e-09,1.3000000973725874,1.300000127962059,1.3000001452449386,0.11538460249305423,0.1153846040270373,0.11538460674207869,6.388315128342244e-09,8.569430950830408e-09,9.73419684951299e-09,0.9999917332507595,0.9999938633934959,0.9999976649775718,1.0,1.0,1.0,1.0,1.0,1.0,1.0,1.0,1.0,0.0,0.0,0.0,0.0,0.0,1.786561742989079e-08,-1.6345156997332744e-06,1.2776630256684488e-09,6.825598711188322e-10
57.800000000000004,0.0,1.2401267118247742e-09,1.5680381100557915e-06,1.2999924705822556,8.317670632835932e-09,1.3000000946912453,1.3000001244383765,1.3000001412453384,0.11538460284804825,0.11538460433979011,0.11538460698006758,6.200633559123871e-09,8.317670632835932e-09,9.448217009274388e-09,0.999992068593262,0.9999941124189519,0.9999977599455571,1.0,1.0,1.0,1.0,1.0,1.0,1.0,1.0,1.0,0.0,0.0,0.0,0.0,0.0,1.737349662744858e-08,-1.5680381100557915e-06,1.2401267118247742e-09,6.625070238307057e-10
58.0,0.0,1.203693172991932e-09,1.5042589223690506e-06,1.2999927777679041,8.073306752023861e-09,1.300000092083762,1.3000001210117564,1.3000001373559102,0.11538460319326369,0.11538460464392795,0.11538460721150098,6.01846586495966e-09,8.073306752023861e-09,9.170638937593313e-09,0.9999923903477811,0.9999943513514273,0.9999978510586823,1.0,1.0,1.0,1.0,1.0,1.0,1.0,1.0,1.0,0.0,0.0,0.0,0.0,0.0,1.689493586698454e-08,-1.5042589223690506e-06,1.203693172991932e-09,6.430433068172653e-10
58.2,0.0,1.1683300108707808e-09,1.4430687487632099e-06,1.2999930724584026,7.836122009324053e-09,1.300000089548103,1.3000001176795233,1.3000001335736178,0.11538460352897005,0.11538460493968823,0.11538460743655946,5.841650054353904e-09,7.836122009324053e-09,8.901215799885754e-09,0.9999926990644842,0.9999945805996455,0.999997938473216,1.0,1.0,1.0,1.0,1.0,1.0,1.0,1.0,1.0,0.0,0.0,0.0,0.0,0.0,1.642956193315115e-08,-1.4430687487632099e-06,1.1683300108707808e-09,6.241514120884975e-10
58.400000000000006,0.0,1.1340057789880544e-09,1.384362634848646e-06,1.2999933551609855,7.60590548967058e-09,1.3000000870822885,1.3000001144390767,1.300000129895508,0.11538460385542944,0.1153846052273018,0.11538460765541869,5.670028894940272e-09,7.60590548967058e-09,8.639708013292352e-09,0.9999929952712684,0.9999948005557883,0.9999980223390931,1.0,1.0,1.0,1.0,1.0,1.0,1.0,1.0,1.0,0.0,0.0,0.0,0.0,0.0,1.5977010714429696e-08,-1.384362634848646e-06,1.1340057789880544e-09,6.058145401438244e-10
58.6,0.0,1.100689954732778e-09,1.3280398751036592e-06,1.299993626362325,7.382452474446769e-09,1.3000000846843949,1.3000001112878876,1.3000001263187115,0.1153846041728965,0.1153846055069931,0.11538460786824946,5.50344977366389e-09,7.382452474446769e-09,8.38588303363077e-09,0.9999932794746675,0.9999950115961634,0.9999981028001784,1.0,1.0,1.0,1.0,1.0,1.0,1.0,1.0,1.0,0.0,0.0,0.0,0.0,0.0,1.553692965949871e-08,-1.3280398751036592e-06,1.100689954732778e-09,5.880163850332436e-10
58.800000000000004,0.0,1.0683529122142199e-09,1.274003846640781e-06,1.299993886529364,7.1655642594404125e-09,1.3000000823525497,1.3000001082234967,1.3000001228404363,0.11538460448161911,0.1153846057789804,0.11538460807521794,5.3417645610711e-09,7.1655642594404125e-09,8.13951514860723e-09,0.9999935521607177,0.9999952140818489,0.9999981799945048,1.0,1.0,1.0,1.0,1.0,1.0,1.0,1.0,1.0,0.0,0.0,0.0,0.0,0.0,1.5108974196764713e-08,-1.274003846640781e-06,1.0683529122142199e-09,5.707411198573708e-10
59.0,0.0,1.0369658959172624e-09,1.222161833258628e-06,1.2999941361101117,6.9550479781473495e-09,1.3000000800849334,1.3000001052435117,1.3000001194579671,0.11538460478183821,0.11538460604347603,0.11538460827648564,5.1848294795863124e-09,6.95504797814735e-09,7.900385277103273e-09,0.9999938137957857,0.9999954083593078,0.9999982540545239,1.0,1.0,1.0,1.0,1.0,1.0,1.0,1.0,1.0,0.0,0.0,0.0,0.0,0.0,1.469281021848623e-08,-1.222161833258628e-06,1.0369658959172624e-09,5.539733826934601e-10
59.2,0.0,1.0065009951317258e-09,1.1724248808908655e-06,1.2999943755344159,6.7507164302660375e-09,1.3000000778797767,1.3000001023456078,1.3000001161686652,0.11538460507378803,0.11538460630068641,0.11538460847220958,5.0325049756586286e-09,6.7507164302660375e-09,7.668280774359173e-09,0.9999940648273627,0.9999955947609803,0.999998325107313,1.0,1.0,1.0,1.0,1.0,1.0,1.0,1.0,1.0,0.0,0.0,0.0,0.0,0.0,1.4288113150962012e-08,-1.1724248808908655e-06,1.0065009951317258e-09,5.37698262934911e-10
59.400000000000006,0.0,9.769311191329512e-10,1.1247076357245866e-06,1.2999946052146933,6.552387915230905e-09,1.3000000757353587,1.300000099527523,1.300000112969963,0.11538460535769646,0.11538460655081222,0.11538460866254252,4.884655595664756e-09,6.552387915230905e-09,7.442995242880968e-09,0.9999943056848314,0.9999957736058505,0.9999983932748061,1.0,1.0,1.0,1.0,1.0,1.0,1.0,1.0,1.0,0.0,0.0,0.0,0.0,0.0,1.3894567080230402e-08,-1.1247076357245866e-06,9.769311191329512e-10,5.219012880321072e-10
59.6,0.0,9.48229973091536e-10,1.0789282017475975e-06,1.29999482554664,6.359886070636221e-09,1.3000000736500041,1.3000000967870582,1.3000001098593639,0.1153846056337851,0.11538460679404872,0.11538460884763313,4.74114986545768e-09,6.359886070636221e-09,7.22432834890274e-09,0.9999945367801978,0.9999959451999907,0.9999984586739975,1.0,1.0,1.0,1.0,1.0,1.0,1.0,1.0,1.0,0.0,0.0,0.0,0.0,0.0,1.3511863156123738e-08,-1.0789282017475975e-06,9.48229973091536e-10,5.065684106227923e-10
59.800000000000004,0.0,9.203720346908213e-10,1.0350079995391502e-06,1.2999950369099058,6.1730397154068985e-09,1.3000000716220883,1.3000000941220753,1.300000106834441,0.11538460590226933,0.11538460703058566,0.11538460902762565,4.601860173454106e-09,6.1730397154068985e-09,7.012085644241002e-09,0.9999947585087859,0.9999961098370848,0.9999985214171435,1.0,1.0,1.0,1.0,1.0,1.0,1.0,1.0,1.0,0.0,0.0,0.0,0.0,0.0,1.3139704588271961e-08,-1.0350079995391502e-06,9.203720346908213e-10,4.916859960405267e-10
60.0,0.0,8.933325314313283e-10,9.928716348528432e-07,1.2999952396687464,5.991682697576828e-09,1.3000000696500267,1.300000091530493,1.3000001038928335,0.1153846061633587,0.11538460726060769,0.11538460920266068,4.466662657156641e-09,5.991682697576828e-09,6.806078393382942e-09,0.9999949712499282,0.9999962677989285,0.9999985816119502,1.0,1.0,1.0,1.0,1.0,1.0,1.0,1.0,1.0,0.0,0.0,0.0,0.0,0.0,1.277779941577517e-08,-9.928716348528432e-07,8.933325314313283e-10,4.772408101901654e-10
60.2,0.0,8.670874186019682e-10,9.524467654897783e-07,1.2999954341726445,5.815653746539216e-09,1.3000000677322814,1.3000000890102903,1.3000001010322457,0.115384606417257,0.11538460748429429,0.11538460937287474,4.335437093009841e-09,5.815653746539216e-09,6.6061234056544555e-09,0.999995175367601,0.9999964193559107,0.9999986393617636,1.0,1.0,1.0,1.0,1.0,1.0,1.0,1.0,1.0,0.0,0.0,0.0,0.0,0.0,1.2425865489329446e-08,-9.524467654897783e-07,8.670874186019682e-10,4.632200077795015e-10
60.400000000000006,0.0,8.41613357898429e-10,9.136639822382441e-07,1.2999956207569103,5.644796329637737e-09,1.3000000658673554,1.3000000865595005,1.300000098250446,0.11538460666416225,0.11538460770181999,0.1153846095384007,4.2080667894921445e-09,5.644796329637737e-09,6.412042872319025e-09,0.9999953712110455,0.999996564767475,0.9999986947657397,1.0,1.0,1.0,1.0,1.0,1.0,1.0,1.0,1.0,0.0,0.0,0.0,0.0,0.0,1.2083627820569376e-08,-9.136639822382441e-07,8.41613357898429e-10,4.496111208966835e-10
60.6,0.0,8.168876966697375e-10,8.764566863939115e-07,1.2999957997432554,5.478958512970823e-09,1.3000000640537936,1.300000084176211,1.3000000955452629,0.11538460690426723,0.11538460791335457,0.1153846096993677,4.0844384833486875e-09,5.478958512970823e-09,6.223664208462384e-09,0.9999955591153742,0.9999967042825633,0.9999987479190194,1.0,1.0,1.0,1.0,1.0,1.0,1.0,1.0,1.0,0.0,0.0,0.0,0.0,0.0,1.1750819539635415e-08,-8.764566863939115e-07,8.168876966697375e-10,4.3640204792319417e-10
60.800000000000004,0.0,7.92888447774521e-10,8.407609768390499e-07,1.299995971440344,5.3179928262853616e-09,1.300000062290181,1.3000000818585615,1.3000000929145865,0.11538460713775918,0.11538460811906305,0.11538460985590135,3.964442238872605e-09,5.3179928262853616e-09,6.04081989952242e-09,0.9999957394021293,0.9999968381400385,0.9999987989128902,1.0,1.0,1.0,1.0,1.0,1.0,1.0,1.0,1.0,0.0,0.0,0.0,0.0,0.0,1.1427180243717139e-08,-8.407609768390499e-07,7.92888447774521e-10,4.235810427725623e-10
61.0,0.0,7.695942700290889e-10,8.06515544038433e-07,1.2999961361443182,5.161756131839722e-09,1.300000060575141,1.3000000796047442,1.300000090356363,0.1153846073648204,0.11538460831910598,0.11538461000812383,3.847971350145444e-09,5.161756131839722e-09,5.863347352327942e-09,0.9999959123798429,0.9999969665690954,0.9999988478349371,1.0,1.0,1.0,1.0,1.0,1.0,1.0,1.0,1.0,0.0,0.0,0.0,0.0,0.0,1.1112457218298566e-08,-8.06515544038433e-07,7.695942700290889e-10,4.1113670444522965e-10
61.2,0.0,7.469844492299056e-10,7.736615595277385e-07,1.299996294139312,5.010109497119367e-09,1.3000000589073364,1.300000077413,1.300000087868597,0.115384607585628,0.11538460851363944,0.11538461015615381,3.734922246149528e-09,5.010109497119367e-09,5.691088750513652e-09,0.9999960783445548,0.9999970897896497,0.9999988947692007,1.0,1.0,1.0,1.0,1.0,1.0,1.0,1.0,1.0,0.0,0.0,0.0,0.0,0.0,1.0806405742469494e-08,-7.736615595277385e-07,7.469844492299056e-10,3.9905796689028135e-10
61.400000000000006,0.0,7.250388797336227e-10,7.421425797793368e-07,1.2999964456979307,4.862918071291996e-09,1.3000000572854642,1.3000000752816199,1.3000000854493465,0.11538460780035435,0.11538460870281517,0.11538461030010695,3.625194398668113e-09,4.862918071291996e-09,5.5238909141829615e-09,0.9999962375803251,0.9999972080127141,0.9999989397963146,1.0,1.0,1.0,1.0,1.0,1.0,1.0,1.0,1.0,0.0,0.0,0.0,0.0,0.0,1.0508785217022698e-08,-7.421425797793368e-07,7.250388797336227e-10,3.87334089165029e-10
61.6,0.0,7.037380465782542e-10,7.119044505343729e-07,1.2999965910817224,4.720050965292284e-09,1.3000000557082607,1.3000000732089398,1.3000000830967249,0.1153846080091669,0.11538460888678088,0.11538461044009542,3.5186902328912704e-09,4.720050965292285e-09,5.361605163693698e-09,0.9999963903597109,0.9999973214407585,0.9999989829936421,1.0,1.0,1.0,1.0,1.0,1.0,1.0,1.0,1.0,0.0,0.0,0.0,0.0,0.0,1.0219364687813481e-08,-7.119044505343729e-07,7.037380465782542e-10,3.7595464588369524e-10
61.800000000000004,0.0,6.830630081296183e-10,6.82895206627343e-07,1.2999967305416253,4.581381135429548e-09,1.3000000541744943,1.3000000711933424,1.3000000808088965,0.11538460821222857,0.11538460906568,0.11538461057622852,3.415315040648091e-09,4.581381135429549e-09,5.204087187445632e-09,0.9999965369442427,0.9999974302680555,0.9999990244354191,1.0,1.0,1.0,1.0,1.0,1.0,1.0,1.0,1.0,0.0,0.0,0.0,0.0,0.0,9.937917364033488e-09,-6.82895206627343e-07,6.830630081296183e-10,3.649095179466984e-10
62.0,0.0,6.629953792376081e-10,6.550649929493168e-07,1.2999968643183966,4.446785270414986e-09,1.3000000526829685,1.3000000692332558,1.300000078584075,0.1153846084096979,0.11538460923965216,0.11538461070861245,3.3149768961880402e-09,4.446785270414986e-09,5.051196913552328e-09,0.9999966775848592,0.9999975346810135,0.9999990641928672,1.0,1.0,1.0,1.0,1.0,1.0,1.0,1.0,1.0,0.0,0.0,0.0,0.0,0.0,9.664223449279419e-09,-6.550649929493168e-07,6.629953792376081e-10,3.541888835423147e-10
62.2,0.0,6.435173148873082e-10,6.283659744532598e-07,1.2999969926430257,4.316143681707822e-09,1.3000000512325196,1.3000000673271503,1.3000000764205262,0.11538460860172885,0.11538460940883312,0.11538461083735051,3.2175865744365407e-09,4.316143681707822e-09,4.902798385283024e-09,0.9999968125223425,0.9999976348584924,0.9999991023343222,1.0,1.0,1.0,1.0,1.0,1.0,1.0,1.0,1.0,0.0,0.0,0.0,0.0,0.0,9.398070308086481e-09,-6.283659744532598e-07,6.435173148873082e-10,3.4378320941268264e-10
62.400000000000006,0.0,6.246114943304273e-10,6.027522525320349e-07,1.29999711573713,4.189340197083057e-09,1.300000049822016,1.300000065473539,1.3000000743165616,0.11538460878847123,0.11538460957335483,0.11538461096254313,3.1230574716521364e-09,4.189340197083057e-09,4.7587596401640095e-09,0.9999969419877269,0.9999977309721113,0.9999991389253535,1.0,1.0,1.0,1.0,1.0,1.0,1.0,1.0,1.0,0.0,0.0,0.0,0.0,0.0,9.13924894097029e-09,-6.027522525320349e-07,6.246114943304273e-10,3.3368324237642216e-10
62.6,0.0,6.062611056829304e-10,5.78179789401112e-07,1.2999972338133343,4.066262057326016e-09,1.3000000484503575,1.3000000636709756,1.3000000722705394,0.11538460897007083,0.11538460973334563,0.11538461108428795,3.031305528414652e-09,4.066262057326016e-09,4.618952592631778e-09,0.9999970662026962,0.9999978231865404,0.9999991740288723,1.0,1.0,1.0,1.0,1.0,1.0,1.0,1.0,1.0,0.0,0.0,0.0,0.0,0.0,8.887557828574089e-09,-5.78179789401112e-07,6.062611056829304e-10,3.238800011002938e-10
62.800000000000004,0.0,5.88449830975171e-10,5.546063321704152e-07,1.299997347075637,3.946799815961895e-09,1.3000000471164734,1.3000000619180534,1.3000000702808632,0.11538460914666929,0.11538460988893043,0.11538461120268002,2.942249154875855e-09,3.946799815961895e-09,4.483252920133726e-09,0.9999971853799563,0.9999979116597825,0.9999992077052398,1.0,1.0,1.0,1.0,1.0,1.0,1.0,1.0,1.0,0.0,0.0,0.0,0.0,0.0,8.642800600200395e-09,-5.546063321704152e-07,5.88449830975171e-10,3.1436476811260565e-10
63.0,0.0,5.71161831641243e-10,5.31991342511695e-07,1.2999974557197564,3.830847241931203e-09,1.3000000458193233,1.3000000602134056,1.3000000683459814,0.11538460931840433,0.1153846100402305,0.11538461131781168,2.8558091582062144e-09,3.830847241931203e-09,4.351539952575112e-09,0.9999972997236056,0.9999979965434429,0.9999992400123678,1.0,1.0,1.0,1.0,1.0,1.0,1.0,1.0,1.0,0.0,0.0,0.0,0.0,0.0,8.404785645232948e-09,-5.31991342511695e-07,5.71161831641243e-10,3.0512908205125515e-10
63.2,0.0,5.543817344346285e-10,5.102959202640811e-07,1.2999975599334699,3.718301225124405e-09,1.3000000445578956,1.3000000585557023,1.3000000664643845,0.11538460948540996,0.11538461018736394,0.1153846114297727,2.7719086721731427e-09,3.7183012251244053e-09,4.22369656501391e-09,0.9999974094294761,0.999998077982988,0.9999992710058282,1.0,1.0,1.0,1.0,1.0,1.0,1.0,1.0,1.0,0.0,0.0,0.0,0.0,0.0,8.173327639693362e-09,-5.102959202640811e-07,5.543817344346285e-10,2.9616473013951654e-10
63.400000000000006,0.0,5.380946177576376e-10,4.894827473234109e-07,1.2999976598969334,3.6090616846919276e-09,1.3000000433312058,1.3000000569436496,1.3000000646346042,0.11538460964781648,0.1153846103304455,0.1153846115386505,2.690473088788188e-09,3.6090616846919276e-09,4.099609073508185e-09,0.9999975146854726,0.9999981561179943,0.9999993007389324,1.0,1.0,1.0,1.0,1.0,1.0,1.0,1.0,1.0,0.0,0.0,0.0,0.0,0.0,7.948245533961895e-09,-4.894827473234109e-07,5.380946177576376e-10,2.874637408828794e-10
63.6,0.0,5.22285998392469e-10,4.6951601396783004e-07,1.2999977557829907,3.503031480047868e-09,1.3000000421382978,1.3000000553759903,1.3000000628552129,0.1153846098057506,0.11538461046958684,0.1153846116445299,2.611429991962345e-09,3.503031480047868e-09,3.979167134023348e-09,0.9999976156718917,0.9999982310823857,0.9999993292628372,1.0,1.0,1.0,1.0,1.0,1.0,1.0,1.0,1.0,0.0,0.0,0.0,0.0,0.0,7.729364370767655e-09,-4.6951601396783004e-07,5.22285998392469e-10,2.7901837698044465e-10
63.800000000000004,0.0,5.069418186220951e-10,4.503613653117355e-07,1.2999978477574707,3.4001163244883223e-09,1.3000000409782395,1.300000053851502,1.300000061124823,0.11538460995933549,0.11538461060489646,0.11538461174749365,2.5347090931104755e-09,3.4001163244883223e-09,3.86226364430939e-09,0.999997712561735,0.9999983030046642,0.999999356626621,1.0,1.0,1.0,1.0,1.0,1.0,1.0,1.0,1.0,0.0,0.0,0.0,0.0,0.0,7.516512134930764e-09,-4.503613653117355e-07,5.069418186220951e-10,2.708211284445786e-10
64.0,0.0,4.92048433729528e-10,4.3198583524750586e-07,1.299997935979471,3.3002247013475317e-09,1.3000000398501277,1.300000052368995,1.3000000594420849,0.11538461010869093,0.11538461073647995,0.1153846118476219,2.4602421686476397e-09,3.3002247013475317e-09,3.748794648660896e-09,0.9999978055209925,0.9999983720081264,0.9999993828773782,1.0,1.0,1.0,1.0,1.0,1.0,1.0,1.0,1.0,0.0,0.0,0.0,0.0,0.0,7.3095238334319745e-09,-4.3198583524750586e-07,4.92048433729528e-10,2.628647059227044e-10
64.2,0.0,4.775925998643371e-10,4.143577988058311e-07,1.2999980206016313,3.203267782617245e-09,1.3000000387530806,1.3000000509273126,1.3000000578056847,0.11538461025393353,0.11538461086443991,0.11538461194499294,2.3879629993216852e-09,3.203267782617245e-09,3.6386592454750674e-09,0.9999978947089356,0.9999984382110778,0.9999994080602874,1.0,1.0,1.0,1.0,1.0,1.0,1.0,1.0,1.0,0.0,0.0,0.0,0.0,0.0,7.1082369434982695e-09,-4.143577988058311e-07,4.775925998643371e-10,2.5514203421528997e-10
64.4,0.0,4.6356146226563807e-10,3.974469094392141e-07,1.2999981017703937,3.109159349956962e-09,1.300000037686244,1.3000000495253305,1.3000000562143479,0.11538461039517643,0.11538461098887616,0.11538461203968259,2.3178073113281904e-09,3.109159349956962e-09,3.5317594975255765e-09,0.9999979802783925,0.9999985017270309,0.9999994322187008,1.0,1.0,1.0,1.0,1.0,1.0,1.0,1.0,1.0,0.0,0.0,0.0,0.0,0.0,6.912494673882996e-09,-3.974469094392141e-07,4.6356146226563807e-10,2.476462459842668e-10
64.60000000000001,0.0,4.4994254383107475e-10,3.8122405138230064e-07,1.2999981796262574,3.0178157180248083e-09,1.3000000366487856,1.300000048161955,1.3000000546668316,0.11538461053252995,0.11538461110988582,0.11538461213176468,2.2497127191553735e-09,3.0178157180248083e-09,3.428000344872519e-09,0.999998062375995,0.9999985626649031,0.9999994553942123,1.0,1.0,1.0,1.0,1.0,1.0,1.0,1.0,1.0,0.0,0.0,0.0,0.0,0.0,6.722145270976476e-09,-3.8122405138230064e-07,4.4994254383107475e-10,2.403706756462977e-10
64.8,0.0,4.3672373402163585e-10,3.656612916236312e-07,1.299998254304015,2.929155660060869e-09,1.3000000356398944,1.300000046836123,1.300000053161929,0.11538461066610117,0.1153846112275632,0.11538461222131123,2.183618670108179e-09,2.929155660060869e-09,3.327289520330945e-09,0.99999814114244,0.9999986211291991,0.9999994776267263,1.0,1.0,1.0,1.0,1.0,1.0,1.0,1.0,1.0,0.0,0.0,0.0,0.0,0.0,6.537037730569573e-09,-3.656612916236312e-07,4.3672373402163585e-10,2.3330885344544423e-10
65.0,0.0,4.238932780924279e-10,3.5073182496070383e-07,1.2999983259329877,2.8431003356567704e-09,1.3000000346587857,1.3000000455468,1.3000000516984669,0.11538461079599424,0.11538461134200013,0.11538461230839188,2.1194663904621394e-09,2.8431003356567704e-09,3.229537467422808e-09,0.9999982167127325,0.9999986772201924,0.9999994989545358,1.0,1.0,1.0,1.0,1.0,1.0,1.0,1.0,1.0,0.0,0.0,0.0,0.0,0.0,6.3570300135040725e-09,-3.5073182496070383e-07,4.238932780924279e-10,2.2645449969997639e-10
65.2,0.0,4.114397666398466e-10,3.36409938717086e-07,1.299998394637245,2.7595732206473678e-09,1.300000033704693,1.3000000442929802,1.3000000502753035,0.1153846109223105,0.11538461145328588,0.11538461239307465,2.057198833199233e-09,2.7595732206473678e-09,3.134657260739464e-09,0.9999982892164049,0.9999987310340944,0.9999995194143733,1.0,1.0,1.0,1.0,1.0,1.0,1.0,1.0,1.0,0.0,0.0,0.0,0.0,0.0,6.181980663488851e-09,-3.36409938717086e-07,4.114397666398466e-10,2.198015192182072e-10
65.4,0.0,3.99352125455833e-10,3.226709601289457e-07,1.2999984605358188,2.6785000390620847e-09,1.3000000327768721,1.3000000430736862,1.300000048891328,0.11538461104514856,0.11538461156150727,0.11538461247542561,1.996760627279165e-09,2.6785000390620847e-09,3.0425645286437605e-09,0.9999983587777418,0.9999987826632204,0.9999995390414855,1.0,1.0,1.0,1.0,1.0,1.0,1.0,1.0,1.0,0.0,0.0,0.0,0.0,0.0,6.01175229042461e-09,-3.226709601289457e-07,3.99352125455833e-10,2.1334399587837748e-10
65.60000000000001,0.0,3.8761960568020096e-10,3.0949121414547416e-07,1.2999985237429064,2.5998086970754686e-09,1.300000031874601,1.300000041887967,1.3000000475454623,0.11538461116460409,0.11538461166674867,0.11538461255550886,1.9380980284010047e-09,2.5998086970754686e-09,2.953177378243087e-09,0.9999984255160037,0.9999988321961462,0.9999995578696941,1.0,1.0,1.0,1.0,1.0,1.0,1.0,1.0,1.0,0.0,0.0,0.0,0.0,0.0,5.8462139018722326e-09,-3.0949121414547416e-07,3.8761960568020096e-10,2.0707618736778477e-10
65.8,0.0,3.762317742422829e-10,2.968479924203571e-07,1.299998584368068,2.5234292188982104e-09,1.3000000309971733,1.3000000407348966,1.300000046236656,0.11538461128077031,0.11538461176909211,0.11538461263338705,1.8811588712114146e-09,2.5234292188982104e-09,2.8664163225666346e-09,0.9999984895456171,0.9999988797178602,0.9999995759314394,1.0,1.0,1.0,1.0,1.0,1.0,1.0,1.0,1.0,0.0,0.0,0.0,0.0,0.0,5.68523438049251e-09,-2.968479924203571e-07,3.762317742422829e-10,2.0099252007646491e-10
66.0,0.0,3.651785045833818e-10,2.847194995325708e-07,1.2999986425164138,2.449293684551581e-09,1.3000000301439067,1.3000000396135771,1.300000044963888,0.11538461139373789,0.1153846118686175,0.11538461270912076,1.8258925229169088e-09,2.449293684551581e-09,2.782204209882069e-09,0.9999985509763687,0.999998925309908,0.9999995932578578,1.0,1.0,1.0,1.0,1.0,1.0,1.0,1.0,1.0,0.0,0.0,0.0,0.0,0.0,5.528689395184472e-09,-2.847194995325708e-07,3.651785045833818e-10,1.9508758414089274e-10
66.2,0.0,3.5444996765179603e-10,2.7308483169230513e-07,1.2999986982887848,2.377336169470044e-09,1.3000000293141345,1.3000000385231334,1.3000000437261663,0.11538461150359483,0.11538461196540242,0.11538461278276918,1.77224983825898e-09,2.377336169470044e-09,2.700466155088874e-09,0.9999986099136084,0.9999989690505325,0.9999996098788119,1.0,1.0,1.0,1.0,1.0,1.0,1.0,1.0,1.0,0.0,0.0,0.0,0.0,0.0,5.3764557389479606e-09,-2.7308483169230513e-07,3.5444996765179603e-10,1.8935612863329841e-10
66.4,0.0,3.4403662316239314e-10,2.619239242829252e-07,1.299998751781926,2.3074926858782252e-09,1.3000000285072109,1.3000000374627154,1.3000000425225253,0.11538461161042686,0.11538461205952238,0.11538461285438963,1.7201831158119655e-09,2.3074926858782252e-09,2.6211294731272088e-09,0.9999986664584167,0.9999990110148069,0.9999996258229653,1.0,1.0,1.0,1.0,1.0,1.0,1.0,1.0,1.0,0.0,0.0,0.0,0.0,0.0,5.2284160473314856e-09,-2.619239242829252e-07,3.4403662316239314e-10,1.8379305689230963e-10
66.60000000000001,0.0,3.339292111129716e-10,2.512175353852619e-07,1.2999988030886513,2.2397011258901807e-09,1.300000027722505,1.3000000364314954,1.3000000413520263,0.11538461171431731,0.11538461215105078,0.11538461292403807,1.669646055564858e-09,2.2397011258901807e-09,2.5441236143431716e-09,0.9999987207077751,0.999999051274763,0.9999996411178066,1.0,1.0,1.0,1.0,1.0,1.0,1.0,1.0,1.0,0.0,0.0,0.0,0.0,0.0,5.0844529281279804e-09,-2.512175353852619e-07,3.339292111129716e-10,1.78393421990776e-10
66.8,0.0,3.2411874354986083e-10,2.4094719875966674e-07,1.2999988522980064,2.1739012062803478e-09,1.3000000269594059,1.30000003542867,1.3000000402137564,0.11538461181534718,0.11538461224005898,0.11538461299176876,1.6205937177493041e-09,2.1739012062803478e-09,2.469380101752972e-09,0.9999987727547427,0.9999990898995154,0.9999996557897161,1.0,1.0,1.0,1.0,1.0,1.0,1.0,1.0,1.0,0.0,0.0,0.0,0.0,0.0,4.9444553729127705e-09,-2.4094719875966674e-07,3.2411874354986083e-10,1.7315242233674828e-10
67.0,0.0,3.145964965754364e-10,2.310951970341257e-07,1.2999988994954164,2.110034414877043e-09,1.3000000262173184,1.3000000344534566,1.3000000391068283,0.11538461191359523,0.11538461232661638,0.1153846130576345,1.5729824828771819e-09,2.110034414877043e-09,2.3968324701501613e-09,0.99999882268861,0.9999991269553776,0.9999996698640042,1.0,1.0,1.0,1.0,1.0,1.0,1.0,1.0,1.0,0.0,0.0,0.0,0.0,0.0,4.808313816551113e-09,-2.310951970341257e-07,3.145964965754364e-10,1.6806539740368784e-10
67.2,0.0,3.053540025904532e-10,2.2164453232775825e-07,1.2999989447628375,2.048043958530901e-09,1.3000000254956632,1.3000000335050945,1.3000000380303782,0.11538461200913812,0.11538461241079051,0.11538461312168674,1.526770012952266e-09,2.048043958530901e-09,2.3264162070019056e-09,0.9999988705950452,0.9999991625059785,0.9999996833649538,1.0,1.0,1.0,1.0,1.0,1.0,1.0,1.0,1.0,0.0,0.0,0.0,0.0,0.0,4.675921774777159e-09,-2.2164453232775825e-07,3.053540025904532e-10,1.6312782358612646e-10
67.4,0.0,2.9638304276428087e-10,2.1257889555315045e-07,1.2999989881788945,1.987874712611901e-09,1.3000000247938786,1.3000000325828445,1.300000036983567,0.11538461210205037,0.115384612492647,0.11538461318397532,1.4819152138214042e-09,1.987874712611901e-09,2.258068695081578e-09,0.9999989165562527,0.999999196612367,0.9999996963158635,1.0,1.0,1.0,1.0,1.0,1.0,1.0,1.0,1.0,0.0,0.0,0.0,0.0,0.0,4.547176524205554e-09,-2.1257889555315045e-07,2.9638304276428087e-10,1.583353101770755e-10
67.60000000000001,0.0,2.8767563972636095e-10,2.0388264286852474e-07,1.2999990298190178,1.9294731719901343e-09,1.3000000241114158,1.3000000316859877,1.3000000359655777,0.11538461219240444,0.1153846125722497,0.11538461324454893,1.4383781986318046e-09,1.9294731719901347e-09,2.1917291567867965e-09,0.9999989606511018,0.9999992293331197,0.9999997087390816,1.0,1.0,1.0,1.0,1.0,1.0,1.0,1.0,1.0,0.0,0.0,0.0,0.0,0.0,4.4219764933073336e-09,-2.0388264286852474e-07,2.8767563972636095e-10,1.536835954636183e-10
67.8,0.0,2.792240504723803e-10,1.9554075860739315e-07,1.299999069755573,1.8727874034567014e-09,1.300000023447744,1.300000030813824,1.300000034975618,0.11538461228027067,0.11538461264966064,0.1153846133034547,1.3961202523619015e-09,1.872787403456702e-09,2.12733860009331e-09,0.9999990029552727,0.9999992607244403,0.9999997206560591,1.0,1.0,1.0,1.0,1.0,1.0,1.0,1.0,1.0,0.0,0.0,0.0,0.0,0.0,4.300225120434931e-09,-1.9554075860739315e-07,2.792240504723803e-10,1.4916854293720728e-10
68.0,0.0,2.710207594788494e-10,1.8753884097888471e-07,1.2999991080579827,1.8177669995424118e-09,1.3000000228023452,1.3000000299656742,1.3000000340129143,0.11538461236571775,0.11538461272494026,0.11538461336073863,1.355103797394247e-09,1.8177669995424118e-09,2.064839766096695e-09,0.9999990435413761,0.9999992908402546,0.99999973208737,1.0,1.0,1.0,1.0,1.0,1.0,1.0,1.0,1.0,0.0,0.0,0.0,0.0,0.0,4.181827412130801e-09,-1.8753884097888471e-07,2.710207594788494e-10,1.4478613761529934e-10
68.2,0.0,2.630584720199736e-10,1.7986307276895985e-07,1.2999991447928496,1.7643630336932778e-09,1.3000000221747159,1.300000029140876,1.300000033076717,0.11538461244881218,0.1153846127981472,0.11538461341644536,1.3152923600998679e-09,1.7643630336932778e-09,2.00417707809525e-09,0.9999990824790805,0.9999993197323036,0.9999997430527532,1.0,1.0,1.0,1.0,1.0,1.0,1.0,1.0,1.0,0.0,0.0,0.0,0.0,0.0,4.066690012516361e-09,-1.7986307276895985e-07,2.630584720199736e-10,1.40532482471058e-10
68.4,0.0,2.553301076808606e-10,1.725001940622306e-07,1.2999991800240682,1.7125280167628623e-09,1.300000021564367,1.3000000283387865,1.3000000321662952,0.11538461252961883,0.11538461286933852,0.11538461347061835,1.276650538404303e-09,1.7125280167628623e-09,1.9452965921687482e-09,0.9999991198352358,0.9999993474502314,0.9999997535711513,1.0,1.0,1.0,1.0,1.0,1.0,1.0,1.0,1.0,0.0,0.0,0.0,0.0,0.0,3.95472372904937e-09,-1.725001940622306e-07,2.553301076808606e-10,1.3640379496794684e-10
68.60000000000001,0.0,2.4782879406130605e-10,1.6543748693198523e-07,1.2999992138129361,1.662215854782856e-09,1.3000000209708222,1.3000000275587809,1.3000000312809399,0.11538461260820067,0.11538461293856982,0.11538461352329983,1.2391439703065302e-09,1.662215854782856e-09,1.888145949209134e-09,0.9999991556739798,0.9999993740416717,0.999999763660733,1.0,1.0,1.0,1.0,1.0,1.0,1.0,1.0,1.0,0.0,0.0,0.0,0.0,0.0,3.845841034522124e-09,-1.6543748693198523e-07,2.4782879406130605e-10,1.3239640369613122e-10
68.8,0.0,2.405478606645544e-10,1.586627466076962e-07,1.2999992462182581,1.6133818079742976e-09,1.3000000203936195,1.3000000268002503,1.3000000304199604,0.11538461268461896,0.115384613005895,0.11538461357453084,1.202739303322772e-09,1.6133818079742976e-09,1.8326743283605217e-09,0.9999991900568572,0.9999993995523266,0.9999997733389334,1.0,1.0,1.0,1.0,1.0,1.0,1.0,1.0,1.0,0.0,0.0,0.0,0.0,0.0,3.739956969117664e-09,-1.586627466076962e-07,2.405478606645544e-10,1.2850674510770096e-10
69.0,0.0,2.334808329655998e-10,1.521642625901265e-07,1.2999992772964495,1.5659824509629958e-09,1.3000000198323078,1.3000000260626032,1.3000000295826855,0.1153846127589333,0.1153846130713666,0.1153846136243514,1.167404164827999e-09,1.565982450962996e-09,1.7788324018270396e-09,0.9999992230429126,0.9999994240260472,0.999999782622482,1.0,1.0,1.0,1.0,1.0,1.0,1.0,1.0,1.0,0.0,0.0,0.0,0.0,0.0,3.6369894179655304e-09,-1.521642625901265e-07,2.334808329655998e-10,1.247313603478043e-10
69.2,0.0,2.266214266537561e-10,1.4593080520652889e-07,1.2999993071016296,1.5199756341638003e-09,1.3000000192864503,1.300000025345265,1.3000000287684617,0.11538461283120167,0.11538461313503566,0.1153846136728003,1.1331071332687804e-09,1.5199756341638003e-09,1.7265722910084267e-09,0.9999992546888041,0.9999994475049068,0.9999997915274211,1.0,1.0,1.0,1.0,1.0,1.0,1.0,1.0,1.0,0.0,0.0,0.0,0.0,0.0,3.536857209884836e-09,-1.4593080520652889e-07,2.266214266537561e-10,1.2106689217888783e-10
69.4,0.0,2.199635420443723e-10,1.3995159491297924e-07,1.2999993356857191,1.4753204462993308e-09,1.300000018755621,1.3000000246476766,1.3000000279766553,0.11538461290148035,0.11538461319695181,0.1153846137199153,1.0998177102218614e-09,1.4753204462993308e-09,1.6758475239242588e-09,0.999999285048889,0.9999994700292737,0.9999998000691501,1.0,1.0,1.0,1.0,1.0,1.0,1.0,1.0,1.0,0.0,0.0,0.0,0.0,0.0,3.4394830872308546e-09,-1.3995159491297924e-07,2.199635420443723e-10,1.1751008199528908e-10
69.60000000000001,0.0,2.1350125865472483e-10,1.3421629195820016e-07,1.2999993630985258,1.43197717801988e-09,1.300000018239406,1.3000000239692935,1.3000000272066474,0.11538461296982425,0.11538461325716334,0.11538461376573321,1.0675062932736241e-09,1.43197717801988e-09,1.6266129938890367e-09,0.9999993141753262,0.9999994916378807,0.9999998082624401,1.0,1.0,1.0,1.0,1.0,1.0,1.0,1.0,1.0,0.0,0.0,0.0,0.0,0.0,3.3447900282812526e-09,-1.3421629195820016e-07,2.1350125865472483e-10,1.1405776692554418e-10
69.8,0.0,2.0722882993926605e-10,1.2871497423461165e-07,1.2999993893878325,1.3899072865921235e-09,1.3000000177374034,1.3000000233095867,1.300000026457839,0.11538461303628651,0.11538461331571717,0.11538461381028967,1.0361441496963302e-09,1.3899072865921235e-09,1.5788249194013443e-09,0.9999993421181592,0.9999995123678903,0.9999998161214654,1.0,1.0,1.0,1.0,1.0,1.0,1.0,1.0,1.0,0.0,0.0,0.0,0.0,0.0,3.2527054244502196e-09,-1.2871497423461165e-07,2.0722882993926605e-10,1.1070687701982286e-10
70.0,0.0,2.0114067817954183e-10,1.234381288073294e-07,1.2999994145994782,1.3490733616252201e-09,1.3000000172492205,1.3000000226680422,1.300000025729646,0.11538461310091903,0.11538461337265898,0.11538461385361949,1.005703390897709e-09,1.3490733616252201e-09,1.5324408052114093e-09,0.999999368925407,0.9999995322549593,0.999999823659816,1.0,1.0,1.0,1.0,1.0,1.0,1.0,1.0,1.0,0.0,0.0,0.0,0.0,0.0,3.163155945506979e-09,-1.234381288073294e-07,2.0114067817954183e-10,1.0745443251999481e-10
70.2,0.0,1.9523138952424342e-10,1.1837661872959869e-07,1.2999994387774378,1.30943909180387e-09,1.3000000167744779,1.3000000220441599,1.300000025021501,0.11538461316377215,0.11538461342803316,0.11538461389575642,9.76156947621217e-10,1.30943909180387e-09,1.487419404532482e-09,0.9999993946431368,0.9999995513332984,0.9999998308905447,1.0,1.0,1.0,1.0,1.0,1.0,1.0,1.0,1.0,0.0,0.0,0.0,0.0,0.0,3.0760729102796702e-09,-1.1837661872959869e-07,1.9523138952424342e-10,1.0429754120989806e-10
70.4,0.0,1.8949570917497071e-10,1.1352168801659345e-07,1.299999461963896,1.270969232598692e-09,1.3000000163128054,1.3000000214374534,1.3000000243328504,0.11538461322489496,0.11538461348188289,0.11538461393673327,9.474785458748535e-10,1.270969232598692e-09,1.4437206823623757e-09,0.9999994193155568,0.9999995696357326,0.99999983782616,1.0,1.0,1.0,1.0,1.0,1.0,1.0,1.0,1.0,0.0,0.0,0.0,0.0,0.0,2.991388373119186e-09,-1.1352168801659345e-07,1.8949570917497071e-10,1.0123339584345455e-10
70.60000000000001,0.0,1.8392853671343688e-10,1.0886492791684076e-07,1.2999994841993223,1.2336295749252465e-09,1.3000000158638425,1.3000000208474491,1.3000000236631593,0.11538461328433501,0.1153846135342501,0.11538461397658203,9.196426835671843e-10,1.2336295749252465e-09,1.401305779882587e-09,0.9999994429850759,0.9999995871937554,0.9999998444786744,1.0,1.0,1.0,1.0,1.0,1.0,1.0,1.0,1.0,0.0,0.0,0.0,0.0,0.0,2.909035554110595e-09,-1.0886492791684076e-07,1.8392853671343688e-10,9.825927164834217e-11
70.8,0.0,1.785249215659523e-10,1.043982787773956e-07,1.2999995055225397,1.1973869147238182e-09,1.3000000154272393,1.3000000202736879,1.3000000230119038,0.11538461334213874,0.11538461358517563,0.1153846140153338,8.926246078297615e-10,1.1973869147238182e-09,1.3601369799033396e-09,0.9999994656923882,0.9999996040375846,0.9999998508596017,1.0,1.0,1.0,1.0,1.0,1.0,1.0,1.0,1.0,0.0,0.0,0.0,0.0,0.0,2.828950421140952e-09,-1.043982787773956e-07,1.785249215659523e-10,9.537252390300996e-11
71.0,0.0,1.7328005860115683e-10,1.0011400058962394e-07,1.2999995259707904,1.162209023432906e-09,1.3000000150026556,1.300000019715722,1.3000000223785781,0.11538461339835109,0.11538461363469925,0.11538461405301874,8.664002930057841e-10,1.162209023432906e-09,1.3201776733237904e-09,0.9999994874765374,0.9999996201962124,0.9999998569799992,1.0,1.0,1.0,1.0,1.0,1.0,1.0,1.0,1.0,0.0,0.0,0.0,0.0,0.0,2.7510711486655737e-09,-1.0011400058962394e-07,1.7328005860115683e-10,9.257058558487331e-11
71.2,0.0,1.681892838570881e-10,9.600467415493696e-08,1.299999545579802,1.1280646193301854e-09,1.300000014589761,1.3000000191731165,1.3000000217626866,0.11538461345301601,0.1153846136828595,0.11538461408966619,8.409464192854405e-10,1.1280646193301854e-09,1.2813923265776342e-09,0.9999995083749894,0.9999996356974558,0.9999998628504655,1.0,1.0,1.0,1.0,1.0,1.0,1.0,1.0,1.0,0.0,0.0,0.0,0.0,0.0,2.6753362025733196e-09,-9.600467415493696e-08,1.681892838570881e-10,8.985096508760751e-11
71.4,0.0,1.63248070393781e-10,9.206317606036407e-08,1.299999564383847,1.0949233397154213e-09,1.3000000141882326,1.3000000186454486,1.3000000211637506,0.11538461350617601,0.11538461372969393,0.1153846141253048,8.16240351968905e-10,1.0949233397154213e-09,1.243746450035084e-09,0.9999995284236846,0.999999650568004,0.9999998684811771,1.0,1.0,1.0,1.0,1.0,1.0,1.0,1.0,1.0,0.0,0.0,0.0,0.0,0.0,2.6016867826772483e-09,-9.206317606036407e-08,1.63248070393781e-10,8.721124400550051e-11
71.60000000000001,0.0,1.5845202426771474e-10,8.828267782368115e-08,1.2999995824158042,1.0627557139106282e-09,1.3000000137977579,1.3000000181323066,1.3000000205813027,0.11538461355787256,0.11538461377523909,0.11538461415996233,7.922601213385737e-10,1.0627557139106282e-09,1.2072065673331894e-09,0.9999995476571093,0.9999996648334645,0.9999998738818888,1.0,1.0,1.0,1.0,1.0,1.0,1.0,1.0,1.0,0.0,0.0,0.0,0.0,0.0,2.530065518202562e-09,-8.828267782368115e-08,1.5845202426771474e-10,8.46490749829016e-11
71.8,0.0,1.5379688062452574e-10,8.465662312273636e-08,1.299999599707213,1.0315331370534517e-09,1.3000000134180318,1.3000000176332906,1.3000000200148882,0.11538461360814604,0.11538461381953041,0.11538461419366582,7.689844031226287e-10,1.031533137053452e-09,1.1717401856071837e-09,0.9999995661083545,0.9999996785184061,0.999999879061967,1.0,1.0,1.0,1.0,1.0,1.0,1.0,1.0,1.0,0.0,0.0,0.0,0.0,0.0,2.4604163428865178e-09,-8.465662312273636e-08,1.5379688062452574e-10,8.216217962684923e-11
72.0,0.0,1.492784999065112e-10,8.117872476454124e-08,1.2999996162883292,1.0012278446604664e-09,1.3000000130487601,1.3000000171480122,1.3000000194640668,0.1153846136570355,0.11538461386260249,0.11538461422644142,7.46392499532556e-10,1.0012278446604664e-09,1.1373157665963992e-09,0.9999995838091673,0.999999691646402,0.9999998840303932,1.0,1.0,1.0,1.0,1.0,1.0,1.0,1.0,1.0,0.0,0.0,0.0,0.0,0.0,2.392685327645694e-09,-8.117872476454124e-08,1.492784999065112e-10,7.974834648102403e-11
72.2,0.0,1.44892864171555e-10,7.784295038559818e-08,1.2999996321881766,9.7181288793779e-10,1.300000012689653,1.3000000166760923,1.3000000189284082,0.11538461370457917,0.11538461390448887,0.11538461425831484,7.24464320857775e-10,9.7181288793779e-10,1.1039026985990788e-09,0.9999996007900093,0.9999997042400686,0.9999998887957852,1.0,1.0,1.0,1.0,1.0,1.0,1.0,1.0,1.0,0.0,0.0,0.0,0.0,0.0,2.3268190291192425e-09,-7.784295038559818e-08,1.44892864171555e-10,7.740542905922596e-11
72.4,0.0,1.4063607352019612e-10,7.464351250430212e-08,1.299999647434597,9.432621098170283e-10,1.3000000123404316,1.3000000162171637,1.3000000184074951,0.11538461375081406,0.11538461394522216,0.11538461428931081,7.031803676009805e-10,9.432621098170283e-10,1.0714712692510974e-09,0.9999996170801062,0.9999997163211062,0.9999998933664107,1.0,1.0,1.0,1.0,1.0,1.0,1.0,1.0,1.0,0.0,0.0,0.0,0.0,0.0,2.262766751748302e-09,-7.464351250430212e-08,1.4063607352019612e-10,7.513134393662385e-11
72.60000000000001,0.0,1.3650434262766721e-10,7.157485865105784e-08,1.299999662054299,9.155501216952658e-10,1.3000000120008237,1.3000000157708682,1.300000017900922,0.11538461379577618,0.1153846139848342,0.11538461431945352,6.825217131383361e-10,9.15550121695266e-10,1.0399926391044291e-09,0.9999996327074964,0.9999997279103351,0.9999998977502019,1.0,1.0,1.0,1.0,1.0,1.0,1.0,1.0,1.0,0.0,0.0,0.0,0.0,0.0,2.200478230185432e-09,-7.157485865105784e-08,1.3650434262766721e-10,7.2924068897083e-11
72.8,0.0,1.324939973778189e-10,6.863166305270951e-08,1.2999996760729031,8.886522808584098e-10,1.3000000116705643,1.3000000153368578,1.3000000174082933,0.1153846138395006,0.11538461402335577,0.11538461434876648,6.624699868890945e-10,8.886522808584099e-10,1.0094388159818501e-09,0.9999996476990898,0.9999997390277304,0.9999999019547671,1.0,1.0,1.0,1.0,1.0,1.0,1.0,1.0,1.0,0.0,0.0,0.0,0.0,0.0,2.139904781151003e-09,-6.863166305270951e-08,1.324939973778189e-10,7.078164113492215e-11
73.0,0.0,1.2860147159593297e-10,6.580881365403357e-08,1.2999996895149866,8.625446685678006e-10,1.300000011349396,1.300000014914795,1.3000000169292256,0.11538461388202141,0.115384614060817,0.11538461437727256,6.430073579796649e-10,8.625446685678006e-10,9.797826300850574e-10,0.9999996620806986,0.999999749692458,0.9999999059874091,1.0,1.0,1.0,1.0,1.0,1.0,1.0,1.0,1.0,0.0,0.0,0.0,0.0,0.0,2.0809991368997416e-09,-6.580881365403357e-08,1.2860147159593297e-10,6.870215550950008e-11
73.2,0.0,1.248233038775255e-10,6.310141017484837e-08,1.2999997024041243,8.372040687906327e-10,1.3000000110370682,1.3000000145043504,1.3000000164633452,0.11538461392337175,0.11538461409724704,0.11538461440499395,6.241165193876275e-10,8.372040687906327e-10,9.509977098341077e-10,0.9999996758770852,0.9999997599229058,0.9999999098551283,1.0,1.0,1.0,1.0,1.0,1.0,1.0,1.0,1.0,0.0,0.0,0.0,0.0,0.0,2.0237156117541844e-09,-6.310141017484837e-08,1.248233038775255e-10,6.668376285108198e-11
73.4,0.0,1.211561345103131e-10,6.050474569141428e-08,1.2999997147629319,8.126079475552346e-10,1.3000000107333383,1.3000000141052037,1.3000000160102885,0.11538461396358388,0.11538461413267424,0.11538461443195223,6.057806725515655e-10,8.126079475552346e-10,9.23058458416643e-10,0.9999996891120166,0.9999997697367167,0.999999913564649,1.0,1.0,1.0,1.0,1.0,1.0,1.0,1.0,1.0,0.0,0.0,0.0,0.0,0.0,1.9680092833151974e-09,-6.050474569141428e-08,1.211561345103131e-10,6.472466831647582e-11
73.60000000000001,0.0,1.175967024866101e-10,5.801431238738885e-08,1.2999997266131036,7.887344329128747e-10,1.3000000104379688,1.3000000137170442,1.3000000155697036,0.11538461400268904,0.11538461416712625,0.11538461445816846,5.879835124330504e-10,7.887344329128747e-10,8.959400310260888e-10,0.9999997018082938,0.9999997791508172,0.9999999171224109,1.0,1.0,1.0,1.0,1.0,1.0,1.0,1.0,1.0,0.0,0.0,0.0,0.0,0.0,1.9138368528848204e-09,-5.801431238738885e-08,1.175967024866101e-10,6.282312979297983e-11
73.8,0.0,1.1414184260349737e-10,5.562577785056532e-08,1.299999737975449,7.655622954882675e-10,1.3000000101507299,1.3000000133395695,1.3000000151412459,0.11538461404071783,0.11538461420062994,0.11538461448366304,5.707092130174868e-10,7.655622954882676e-10,8.696183127685616e-10,0.9999997139877891,0.9999997881814484,0.9999999205346031,1.0,1.0,1.0,1.0,1.0,1.0,1.0,1.0,1.0,0.0,0.0,0.0,0.0,0.0,1.8611561181103298e-09,-5.562577785056532e-08,1.1414184260349737e-10,6.097745634921925e-11
74.0,0.0,1.107884826481847e-10,5.3334990124387355e-08,1.2999997488699302,7.43070929601478e-10,1.3000000098713973,1.3000000129724851,1.3000000147245825,0.11538461407769979,0.11538461423321138,0.11538461450845586,5.539424132409235e-10,7.43070929601478e-10,8.440698972188435e-10,0.9999997256714895,0.9999997968441908,0.999999923807157,1.0,1.0,1.0,1.0,1.0,1.0,1.0,1.0,1.0,0.0,0.0,0.0,0.0,0.0,1.809925875839724e-09,-5.3334990124387355e-08,1.107884826481847e-10,5.918600673149568e-11
74.2,0.0,1.0753364066606573e-10,5.1137966128322884e-08,1.2999997593156953,7.212403349444559e-10,1.3000000095997537,1.3000000126155051,1.300000014319388,0.1153846141136638,0.11538461426489598,0.11538461453256624,5.376682033303286e-10,7.212403349444559e-10,8.192720656063735e-10,0.9999997368795377,0.9999998051539943,0.9999999269457627,1.0,1.0,1.0,1.0,1.0,1.0,1.0,1.0,1.0,0.0,0.0,0.0,0.0,0.0,1.7601062274330559e-09,-5.1137966128322884e-08,1.0753364066606573e-10,5.744718790431318e-11
74.4,0.0,1.0437442230903248e-10,4.903088240970632e-08,1.2999997693311118,7.000510987958804e-10,1.3000000093355875,1.3000000122683513,1.3000000139253465,0.11538461414863789,0.11538461429570848,0.11538461455601295,5.218721115451624e-10,7.000510987958804e-10,7.952027666127149e-10,0.9999997476312442,0.9999998131252023,0.9999999299558823,1.0,1.0,1.0,1.0,1.0,1.0,1.0,1.0,1.0,0.0,0.0,0.0,0.0,0.0,1.7116580652842828e-09,-4.903088240970632e-08,1.0437442230903248e-10,5.575945363378071e-11
74.60000000000001,0.0,1.0130801826169435e-10,4.7010072734554594e-08,1.2999997789337991,6.794843787585185e-10,1.3000000090786925,1.300000011930753,1.3000000135421517,0.11538461418264927,0.11538461432567282,0.11538461457881427,5.065400913084717e-10,6.794843787585185e-10,7.718405967625564e-10,0.9999997579451538,0.9999998207715756,0.9999999328427532,1.0,1.0,1.0,1.0,1.0,1.0,1.0,1.0,1.0,0.0,0.0,0.0,0.0,0.0,1.664544252433231e-09,-4.7010072734554594e-08,1.0130801826169435e-10,5.4121303112633286e-11
74.8,0.0,9.833170174321169e-11,4.507201845083131e-08,1.2999997881406573,6.595218860037418e-10,1.3000000088288686,1.3000000116024473,1.3000000131695038,0.11538461421572453,0.1153846143548124,0.11538461460098799,4.916585087160584e-10,6.595218860037418e-10,7.491647813908085e-10,0.9999997678390478,0.9999998281063169,0.9999999356114022,1.0,1.0,1.0,1.0,1.0,1.0,1.0,1.0,1.0,0.0,0.0,0.0,0.0,0.0,1.618727277219456e-09,-4.507201845083131e-08,9.833170174321169e-11,5.2531279625649017e-11
75.0,0.0,9.544282608252272e-11,4.321334716728131e-08,1.2999997969678982,6.401458690082928e-10,1.3000000085859211,1.3000000112831782,1.3000000128071132,0.11538461424788937,0.1153846143831499,0.11538461462255138,4.772141304126136e-10,6.401458690082928e-10,7.271551561688522e-10,0.9999997773299917,0.999999835142094,0.9999999382666469,1.0,1.0,1.0,1.0,1.0,1.0,1.0,1.0,1.0,0.0,0.0,0.0,0.0,0.0,1.574171973328653e-09,-4.321334716728131e-08,9.544282608252272e-11,5.0987969254272703e-11
75.2,0.0,9.263882236480811e-11,4.1430817443455226e-08,1.2999998054310717,6.213390977688607e-10,1.3000000083496608,1.3000000109726966,1.3000000124546973,0.11538461427916888,0.11538461441070741,0.11538461464352123,4.631941118240405e-10,6.213390977688608e-10,7.057921491735449e-10,0.9999997864343539,0.999999841891059,0.9999999408131179,1.0,1.0,1.0,1.0,1.0,1.0,1.0,1.0,1.0,0.0,0.0,0.0,0.0,0.0,1.5308433964911217e-09,-4.1430817443455226e-08,9.263882236480811e-11,4.9489999619298894e-11
75.4,0.0,8.99171971470989e-11,3.972132912588577e-08,1.2999998135450939,6.030848484804024e-10,1.300000008119903,1.3000000106707614,1.3000000121119817,0.11538461430958744,0.1153846144375064,0.11538461466391393,4.4958598573549446e-10,6.030848484804024e-10,6.850567634830033e-10,0.9999997951678461,0.9999998483648728,0.9999999432552441,1.0,1.0,1.0,1.0,1.0,1.0,1.0,1.0,1.0,0.0,0.0,0.0,0.0,0.0,1.4887074906155817e-09,-3.972132912588577e-08,8.99171971470989e-11,4.8036038660491806e-11
75.60000000000001,0.0,8.727553024099801e-11,3.808189669163298e-08,1.2999998213242725,5.853668886646036e-10,1.3000000078964695,1.3000000103771363,1.3000000117786994,0.1153846143391687,0.11538461446356779,0.1153846146837453,4.3637765120499006e-10,5.853668886646036e-10,6.649305602837075e-10,0.9999998035455347,0.9999998545747214,0.9999999455972904,1.0,1.0,1.0,1.0,1.0,1.0,1.0,1.0,1.0,0.0,0.0,0.0,0.0,0.0,1.4477320314787434e-09,-3.808189669163298e-08,8.727553024099801e-11,4.662479345205835e-11
75.8,0.0,8.471147256054265e-11,3.650966572399383e-08,1.299999828782332,5.681694627352487e-10,1.3000000076791858,1.3000000100915932,1.3000000114545898,0.11538461436793583,0.11538461448891187,0.11538461470303085,4.2355736280271323e-10,5.681694627352487e-10,6.453956424739039e-10,0.9999998115818806,0.9999998605313388,0.9999999478433347,1.0,1.0,1.0,1.0,1.0,1.0,1.0,1.0,1.0,0.0,0.0,0.0,0.0,0.0,1.4078843924014706e-09,-3.650966572399383e-08,8.471147256054265e-11,4.5255009052922914e-11
76.0,0.0,8.222274403329363e-11,3.5001893561314997e-08,1.299999835932436,5.514772779876589e-10,1.3000000074678828,1.3000000098139093,1.3000000111394014,0.11538461439591112,0.11538461451355836,0.11538461472178554,4.111137201664681e-10,5.514772779876589e-10,6.264346387487108e-10,0.9999998192907555,0.9999998662450216,0.9999999499972949,1.0,1.0,1.0,1.0,1.0,1.0,1.0,1.0,1.0,0.0,0.0,0.0,0.0,0.0,1.36913433368413e-09,-3.5001893561314997e-08,8.222274403329363e-11,4.392546739077752e-11
76.2,0.0,7.980713157279593e-11,3.3555948986130345e-08,1.2999998427872106,5.352754909997556e-10,1.300000007262395,1.3000000095438684,1.3000000108328873,0.11538461442311651,0.11538461453752649,0.11538461474002412,3.9903565786397967e-10,5.352754909997556e-10,6.080306881528029e-10,0.9999998266854673,0.999999871725649,0.99999995206293,1.0,1.0,1.0,1.0,1.0,1.0,1.0,1.0,1.0,0.0,0.0,0.0,0.0,0.0,1.3314506164263662e-09,-3.3555948986130345e-08,7.980713157279593e-11,4.263498617891994e-11
76.4,0.0,7.746248711060478e-11,3.216930841709597e-08,1.2999998493587683,5.195496944326348e-10,1.3000000070625637,1.3000000092812596,1.3000000105348106,0.11538461444957303,0.11538461456083493,0.11538461475776061,3.8731243555302387e-10,5.195496944326348e-10,5.901674250869029e-10,0.9999998337787895,0.9999998769826999,0.9999999540438451,1.0,1.0,1.0,1.0,1.0,1.0,1.0,1.0,1.0,0.0,0.0,0.0,0.0,0.0,1.2948048466743245e-09,-3.216930841709597e-08,7.746248711060478e-11,4.138241786491133e-11
76.60000000000001,0.0,7.518672568612902e-11,3.083955248950332e-08,1.299999855658726,5.042859042189314e-10,1.3000000068682316,1.3000000090258792,1.300000010244938,0.11538461447530136,0.11538461458350184,0.11538461477500903,3.7593362843064503e-10,5.042859042189314e-10,5.728289647547777e-10,0.9999998405829704,0.9999998820252677,0.9999999559434964,1.0,1.0,1.0,1.0,1.0,1.0,1.0,1.0,1.0,0.0,0.0,0.0,0.0,0.0,1.2591673675954596e-09,-3.083955248950332e-08,7.518672568612902e-11,4.016664861012306e-11
76.80000000000001,0.0,7.297782359259283e-11,2.956435618539643e-08,1.2999998616982262,4.894705471275732e-10,1.300000006679249,1.3000000087775274,1.3000000099630429,0.11538461450032164,0.1153846146055449,0.11538461479178264,3.648891179629641e-10,4.894705471275732e-10,5.5599988903778e-10,0.9999998471097634,0.9999998868620767,0.9999999577652054,1.0,1.0,1.0,1.0,1.0,1.0,1.0,1.0,1.0,0.0,0.0,0.0,0.0,0.0,1.224511630981695e-09,-2.956435618539643e-08,7.297782359259283e-11,3.898659729926243e-11
77.0,0.0,7.083381657746724e-11,2.8341494817674114e-08,1.299999867487957,4.750904486938707e-10,1.3000000064954673,1.3000000085360108,1.3000000096889068,0.11538461452465325,0.11538461462698128,0.11538461480809462,3.541690828873362e-10,4.750904486938707e-10,5.396652327843832e-10,0.99999985337045,0.9999998915014978,0.9999999595121503,1.0,1.0,1.0,1.0,1.0,1.0,1.0,1.0,1.0,0.0,0.0,0.0,0.0,0.0,1.1908097841129006e-09,-2.8341494817674114e-08,7.083381657746724e-11,3.78412145789976e-11
77.2,0.0,6.875279809577014e-11,2.7168828953261223e-08,1.29999987303817,4.6113282150420105e-10,1.3000000063167438,1.3000000083011418,1.3000000094223152,0.11538461454831522,0.11538461464782766,0.11538461482395765,3.4376399047885067e-10,4.611328215042011e-10,5.238104705025081e-10,0.9999998593758446,0.9999998959515609,0.9999999611873872,1.0,1.0,1.0,1.0,1.0,1.0,1.0,1.0,1.0,0.0,0.0,0.0,0.0,0.0,1.1580356812368464e-09,-2.7168828953261223e-08,6.875279809577014e-11,3.6729481924826114e-11
77.4,0.0,6.67329176146836e-11,2.6044309853201495e-08,1.299999878358698,4.4758525382488666e-10,1.3000000061429395,1.3000000080727365,1.300000009163061,0.11538461457132594,0.11538461466810032,0.11538461483938406,3.3366458807341797e-10,4.4758525382488666e-10,5.084215034428264e-10,0.9999998651363304,0.999999900219971,0.9999999627938431,1.0,1.0,1.0,1.0,1.0,1.0,1.0,1.0,1.0,0.0,0.0,0.0,0.0,0.0,1.126164217435388e-09,-2.6044309853201495e-08,6.67329176146836e-11,3.565041073535932e-11
77.60000000000001,0.0,6.477237896797875e-11,2.496597045764659e-08,1.2999998834589723,4.344356985651325e-10,1.3000000059739176,1.3000000078506175,1.3000000089109427,0.11538461459370332,0.11538461468781501,0.115384614854386,3.2386189483989373e-10,4.344356985651325e-10,4.934846470615291e-10,0.9999998706618679,0.9999999043141197,0.9999999643343279,1.0,1.0,1.0,1.0,1.0,1.0,1.0,1.0,1.0,0.0,0.0,0.0,0.0,0.0,1.0951692469562957e-09,-2.496597045764659e-08,6.477237896797875e-11,3.460304145321363e-11
77.80000000000001,0.0,6.286943875878588e-11,2.393192313210335e-08,1.2999998883480384,4.216724625642274e-10,1.3000000058095487,1.3000000076346117,1.300000008665762,0.11538461461546491,0.11538461470698713,0.11538461486897497,3.143471937939294e-10,4.216724625642274e-10,4.789866188514342e-10,0.99999987596201,0.9999999082410982,0.9999999658115384,1.0,1.0,1.0,1.0,1.0,1.0,1.0,1.0,1.0,0.0,0.0,0.0,0.0,0.0,1.0650284543167743e-09,-2.393192313210335e-08,6.286943875878588e-11,3.3586442711730993e-11
78.0,0.0,6.102240480928998e-11,2.2940359512002572e-08,1.2999998930345733,4.092841961934729e-10,1.3000000056497034,1.300000007424551,1.3000000084273298,0.11538461463662754,0.1153846147256316,0.11538461488316241,3.051120240464499e-10,4.092841961934729e-10,4.649145265305969e-10,0.9999998810459232,0.9999999120077103,0.9999999672280578,1.0,1.0,1.0,1.0,1.0,1.0,1.0,1.0,1.0,0.0,0.0,0.0,0.0,0.0,1.0357173868547065e-09,-2.2940359512002572e-08,6.102240480928998e-11,3.2599710506765995e-11
78.2,0.0,5.922963465597122e-11,2.1989542420275398e-08,1.2999998975268987,3.9725988326359325e-10,1.3000000054942564,1.300000007220271,1.30000000819546,0.1153846146572077,0.11538461474376294,0.11538461489695949,2.961481732798561e-10,3.9725988326359325e-10,4.51255856577926e-10,0.9999998859224063,0.9999999156204831,0.999999968586368,1.0,1.0,1.0,1.0,1.0,1.0,1.0,1.0,1.0,0.0,0.0,0.0,0.0,0.0,1.0072128686644533e-09,-2.1989542420275398e-08,5.922963465597122e-11,3.164196739280627e-11
78.4,0.0,5.748953408905569e-11,2.107780827653727e-08,1.2999999018329955,3.8558883122866215e-10,1.300000005343088,1.3000000070216133,1.3000000079699703,0.11538461467722157,0.11538461476139526,0.1153846149103768,2.8744767044527844e-10,3.8558883122866215e-10,4.379984631056188e-10,0.999999890599893,0.9999999190856791,0.9999999698888453,1.0,1.0,1.0,1.0,1.0,1.0,1.0,1.0,1.0,0.0,0.0,0.0,0.0,0.0,9.794930144746417e-10,-2.107780827653727e-08,5.748953408905569e-11,3.0712361702709436e-11
78.60000000000001,0.0,5.5800555734873054e-11,2.0203556760911565e-08,1.2999999059605203,3.7426066167781945e-10,1.3000000051960805,1.300000006828423,1.3000000077506872,0.11538461469668457,0.11538461477854234,0.1153846149234248,2.7900277867436526e-10,3.7426066167781945e-10,4.251305570584994e-10,0.9999998950864835,0.999999922409306,0.9999999711377761,1.0,1.0,1.0,1.0,1.0,1.0,1.0,1.0,1.0,0.0,0.0,0.0,0.0,0.0,9.52536716170016e-10,-2.0203556760911565e-08,5.5800555734873054e-11,2.9810066790363363e-11
78.80000000000001,0.0,5.416119767986493e-11,1.936525703127856e-08,1.299999909916815,3.6326530110633373e-10,1.300000005053118,1.3000000066405493,1.300000007537439,0.11538461471561193,0.11538461479521753,0.1153846149361138,2.7080598839932465e-10,3.6326530110633373e-10,4.1264069573067767e-10,0.9999998993899399,0.9999999255971276,0.9999999723353471,1.0,1.0,1.0,1.0,1.0,1.0,1.0,1.0,1.0,0.0,0.0,0.0,0.0,0.0,9.263220052124765e-10,-1.936525703127856e-08,5.416119767986493e-11,2.8934280295596016e-11
79.0,0.0,5.257000213501699e-11,1.8561439174558102e-08,1.2999999137089215,3.525929719578014e-10,1.30000000491409,1.300000006457846,1.3000000073300595,0.11538461473401838,0.11538461481143379,0.11538461494845355,2.628500106750849e-10,3.525929719578014e-10,4.005177725901928e-10,0.9999999035177162,0.9999999286546738,0.9999999734836583,1.0,1.0,1.0,1.0,1.0,1.0,1.0,1.0,1.0,0.0,0.0,0.0,0.0,0.0,9.008291196321849e-10,-1.8561439174558102e-08,5.257000213501699e-11,2.8084223430682013e-11
79.2,0.0,5.102555413952907e-11,1.7790690554075893e-08,1.2999999173435948,3.4223418392951217e-10,1.3000000047788887,1.3000000062801709,1.300000007128387,0.11538461475191832,0.11538461482720377,0.11538461496045367,2.5512777069764534e-10,3.4223418392951217e-10,3.88751007402596e-10,0.9999999074769625,0.9999999315872493,0.9999999745847278,1.0,1.0,1.0,1.0,1.0,1.0,1.0,1.0,1.0,0.0,0.0,0.0,0.0,0.0,8.760380476591223e-10,-1.7790690554075893e-08,5.102555413952907e-11,2.7259140287809936e-11
79.4,0.0,4.952648030257058e-11,1.7051662803968526e-08,1.2999999208273123,3.3217972553326075e-10,1.3000000046474074,1.3000000061073853,1.3000000069322646,0.11538461476932563,0.11538461484253976,0.1153846149721236,2.476324015128529e-10,3.3217972553326075e-10,3.7732993664469867e-10,0.9999999112745344,0.9999999343999443,0.9999999756404817,1.0,1.0,1.0,1.0,1.0,1.0,1.0,1.0,1.0,0.0,0.0,0.0,0.0,0.0,8.519292910014187e-10,-1.7051662803968526e-08,4.952648030257058e-11,2.645829716689654e-11
79.60000000000001,0.0,4.807144758200075e-11,1.634305442088646e-08,1.2999999241662874,3.2242065590408456e-10,1.3000000045195448,1.3000000059393548,1.3000000067415394,0.1153846147862539,0.11538461485745373,0.11538461498347236,2.4035723791000374e-10,3.2242065590408456e-10,3.662444041999452e-10,0.9999999149170138,0.9999999370976407,0.9999999766527794,1.0,1.0,1.0,1.0,1.0,1.0,1.0,1.0,1.0,0.0,0.0,0.0,0.0,0.0,8.284843505679262e-10,-1.634305442088646e-08,4.807144758200075e-11,2.5680981923148065e-11
79.80000000000001,0.0,4.665916209896915e-11,1.566362133331722e-08,1.2999999273664788,3.12948296849656e-10,1.300000004395201,1.3000000057759487,1.3000000065560633,0.11538461480271628,0.11538461487195721,0.11538461499450879,2.332958104948457e-10,3.12948296849656e-10,3.554845523271508e-10,0.9999999184107156,0.9999999396850234,0.9999999776233981,1.0,1.0,1.0,1.0,1.0,1.0,1.0,1.0,1.0,0.0,0.0,0.0,0.0,0.0,8.056846995119216e-10,-1.566362133331722e-08,4.665916209896915e-11,2.4926503333790237e-11
80.0,0.0,4.5288367987342296e-11,1.5012172083217477e-08,1.2999999304336012,3.037542251332536e-10,1.3000000042742794,1.3000000056170393,1.3000000063756911,0.11538461481872564,0.1153846148860616,0.11538461500524147,2.2644183993671145e-10,3.037542251332536e-10,3.4504081289456606e-10,0.9999999217616917,0.9999999421665865,0.9999999785540399,1.0,1.0,1.0,1.0,1.0,1.0,1.0,1.0,1.0,0.0,0.0,0.0,0.0,0.0,7.83512907331918e-10,-1.5012172083217477e-08,4.5288367987342296e-11,2.4194190483402345e-11
80.2,0.0,4.3957846276931726e-11,1.4387558344708395e-08,1.2999999333731362,2.948302649834489e-10,1.3000000041566848,1.300000005462503,1.3000000062002823,0.11538461483429446,0.11538461489977785,0.11538461501567886,2.197892313846586e-10,2.948302649834489e-10,3.34903898871472e-10,0.9999999249757553,0.9999999445466414,0.9999999794463452,1.0,1.0,1.0,1.0,1.0,1.0,1.0,1.0,1.0,0.0,0.0,0.0,0.0,0.0,7.619510161704923e-10,-1.4387558344708395e-08,4.3957846276931726e-11,2.3483392167309938e-11
80.4,0.0,4.266641380953316e-11,1.3788682462489986e-08,1.29999993619034,2.8616848082385597e-10,1.3000000040423267,1.3000000053122192,1.3000000060297012,0.1153846148494348,0.11538461491311663,0.11538461502582899,2.1333206904766577e-10,2.8616848082385597e-10,3.2506479606975104e-10,0.9999999280584826,0.9999999468293241,0.9999999803018822,1.0,1.0,1.0,1.0,1.0,1.0,1.0,1.0,1.0,0.0,0.0,0.0,0.0,0.0,7.409830388160898e-10,-1.3788682462489986e-08,4.266641380953316e-11,2.2793476312505394e-11
80.60000000000001,0.0,4.141292218680984e-11,1.3214490535151668e-08,1.2999999388902548,2.7776117021646636e-10,1.3000000039311157,1.3000000051660714,1.3000000058638141,0.1153846148641585,0.11538461492608834,0.11538461503569979,2.0706461093404919e-10,2.7776117021646636e-10,3.1551475512807094e-10,0.9999999310152178,0.9999999490186029,0.9999999811221564,1.0,1.0,1.0,1.0,1.0,1.0,1.0,1.0,1.0,0.0,0.0,0.0,0.0,0.0,7.205920304897973e-10,-1.3214490535151668e-08,4.141292218680984e-11,2.2123829415580442e-11
80.80000000000001,0.0,4.019625674908653e-11,1.2663972415172252e-08,1.2999999414777146,2.6960085701230447e-10,1.3000000038229649,1.3000000050239446,1.300000005702492,0.11538461487847704,0.1153846149387031,0.11538461504529897,2.0098128374543264e-10,2.6960085701230447e-10,3.0624528373157254e-10,0.999999933851095,0.9999999511182845,0.9999999819086108,1.0,1.0,1.0,1.0,1.0,1.0,1.0,1.0,1.0,0.0,0.0,0.0,0.0,0.0,7.007621843913014e-10,-1.2663972415172252e-08,4.019625674908653e-11,2.1473855997172542e-11
81.0,0.0,3.901533558414544e-11,1.2136156968267642e-08,1.2999999439573569,2.6168028470330903e-10,1.3000000037177901,1.3000000048857296,1.3000000055456091,0.11538461489240155,0.11538461495097073,0.11538461505463402,1.950766779207272e-10,2.6168028470330903e-10,2.9724813906012934e-10,0.9999999365710367,0.9999999531320207,0.9999999826626329,1.0,1.0,1.0,1.0,1.0,1.0,1.0,1.0,1.0,0.0,0.0,0.0,0.0,0.0,6.814783043429529e-10,-1.2136156968267642e-08,3.901533558414544e-11,2.0842978072438034e-11
81.2,0.0,3.786910856514207e-11,1.1630115803740181e-08,1.299999946333629,2.5399240996952574e-10,1.30000000361551,1.300000004751318,1.3000000053930434,0.11538461490594289,0.11538461496290076,0.11538461506371213,1.8934554282571032e-10,2.5399240996952574e-10,2.885153204584704e-10,0.9999999391797608,0.999999955063316,0.9999999833855489,1.0,1.0,1.0,1.0,1.0,1.0,1.0,1.0,1.0,0.0,0.0,0.0,0.0,0.0,6.627253051894044e-10,-1.1630115803740181e-08,3.786910856514207e-11,2.023063463708305e-11
81.4,0.0,3.6756556416786926e-11,1.114495519205505e-08,1.299999948610795,2.4653039641588193e-10,1.3000000035160444,1.3000000046206053,1.3000000052446763,0.11538461491911157,0.11538461497450249,0.11538461507254044,1.837827820839346e-10,2.4653039641588193e-10,2.8003906232164927e-10,0.9999999416818023,0.9999999569155306,0.9999999840786354,1.0,1.0,1.0,1.0,1.0,1.0,1.0,1.0,1.0,0.0,0.0,0.0,0.0,0.0,6.444887817869116e-10,-1.114495519205505e-08,3.6756556416786926e-11,1.9636281168493797e-11
81.60000000000001,0.0,3.5676689808960946e-11,1.0679819795189615e-08,1.2999999507929454,2.392876084929625e-10,1.3000000034193153,1.3000000044934892,1.3000000051003915,0.11538461493191791,0.11538461498578496,0.11538461508112585,1.7838344904480473e-10,2.392876084929625e-10,2.7181182718952653e-10,0.9999999440815072,0.9999999586918893,0.9999999847431146,1.0,1.0,1.0,1.0,1.0,1.0,1.0,1.0,1.0,0.0,0.0,0.0,0.0,0.0,6.267536212245517e-10,-1.0679819795189615e-08,3.5676689808960946e-11,1.9059389141523248e-11
81.80000000000001,0.0,3.4628548476959924e-11,1.0233890179733862e-08,1.2999999528840032,2.322576055963889e-10,1.3000000033252481,1.3000000043698714,1.3000000049600775,0.11538461494437181,0.11538461499675697,0.11538461508947502,1.7314274238479962e-10,2.322576055963889e-10,2.638262990441293e-10,0.9999999463830431,0.999999960395486,0.9999999853801569,1.0,1.0,1.0,1.0,1.0,1.0,1.0,1.0,1.0,0.0,0.0,0.0,0.0,0.0,6.095066951150585e-10,-1.0233890179733862e-08,3.4628548476959924e-11,1.849944555850325e-11
82.0,0.0,3.361120036758504e-11,9.806376133347782e-09,1.2999999548877288,2.2543413633955198e-10,1.3000000032337695,1.300000004249655,1.3000000048236247,0.11538461495648301,0.11538461500742707,0.11538461509759441,1.680560018379252e-10,2.2543413633955198e-10,2.560753768039291e-10,0.9999999485904114,0.999999962029288,0.9999999859908912,1.0,1.0,1.0,1.0,1.0,1.0,1.0,1.0,1.0,0.0,0.0,0.0,0.0,0.0,5.92734791804439e-10,-9.806376133347782e-09,3.361120036758504e-11,1.79559524930648e-11
82.2,0.0,3.262374081032013e-11,9.39652443632255e-09,1.2999999568077307,2.1881113299460347e-10,1.3000000031448087,1.3000000041327464,1.300000004690926,0.11538461496826101,0.11538461501780356,0.11538461510549035,1.6311870405160067e-10,2.1881113299460347e-10,2.4855216800924663e-10,0.9999999507074516,0.9999999635961416,0.9999999865763937,1.0,1.0,1.0,1.0,1.0,1.0,1.0,1.0,1.0,0.0,0.0,0.0,0.0,0.0,5.764243804495806e-10,-9.39652443632255e-09,3.262374081032013e-11,1.7428426647359778e-11
82.4,0.0,3.1665291712859393e-11,9.00361116773496e-09,1.299999958647468,2.1238270609676906e-10,1.300000003058295,1.3000000040190554,1.3000000045618791,0.11538461497971486,0.1153846150278945,0.11538461511316908,1.5832645856429697e-10,2.1238270609676906e-10,2.412499826931772e-10,0.9999999527378414,0.9999999650987791,0.9999999871376983,1.0,1.0,1.0,1.0,1.0,1.0,1.0,1.0,1.0,0.0,0.0,0.0,0.0,0.0,5.605630820637586e-10,-9.00361116773496e-09,3.1665291712859393e-11,1.691639892229157e-11
82.60000000000001,0.0,3.073500078026897e-11,8.626939373979069e-09,1.299999960410258,2.0614313920717665e-10,1.3000000029741623,1.300000003908492,1.3000000044363837,0.1153846149908535,0.11538461503770778,0.11538461512063648,1.5367500390134485e-10,2.0614313920717665e-10,2.34162327432578e-10,0.9999999546851165,0.9999999665398199,0.9999999876758009,1.0,1.0,1.0,1.0,1.0,1.0,1.0,1.0,1.0,0.0,0.0,0.0,0.0,0.0,5.451381707155534e-10,-8.626939373979069e-09,3.073500078026897e-11,1.6419414000371563e-11
82.80000000000001,0.0,2.9832040757089e-11,8.265844197996584e-09,1.299999962099282,2.0008688382954875e-10,1.3000000028923446,1.3000000038009716,1.3000000043143405,0.11538461500168576,0.11538461504725102,0.1153846151278984,1.49160203785445e-10,2.0008688382954875e-10,2.2728289957383082e-10,0.9999999565526635,0.9999999679217774,0.9999999881916511,1.0,1.0,1.0,1.0,1.0,1.0,1.0,1.0,1.0,0.0,0.0,0.0,0.0,0.0,5.301379474298429e-10,-8.265844197996584e-09,2.9832040757089e-11,1.5937029940830708e-11
83.0,0.0,2.8955608691701916e-11,7.91968565172496e-09,1.299999963717591,1.942085544762367e-10,1.300000002812778,1.3000000036964097,1.3000000041956563,0.11538461501221985,0.11538461505653169,0.11538461513496052,1.4477804345850958e-10,1.942085544762367e-10,2.2060558162824836e-10,0.999999958343733,0.9999999692470629,0.9999999886861634,1.0,1.0,1.0,1.0,1.0,1.0,1.0,1.0,1.0,0.0,0.0,0.0,0.0,0.0,5.155502413867197e-10,-7.91968565172496e-09,2.8955608691701916e-11,1.546881778662671e-11
83.2,0.0,2.810492522231239e-11,7.587850636703308e-09,1.2999999652681111,1.8850292387920775e-10,1.3000000027354015,1.3000000035947248,1.3000000040802375,0.11538461502246412,0.11538461506555696,0.11538461514182827,1.4052462611156194e-10,1.8850292387920775e-10,2.1412443583213197e-10,0.9999999600614468,0.9999999705179897,0.9999999891602134,1.0,1.0,1.0,1.0,1.0,1.0,1.0,1.0,1.0,0.0,0.0,0.0,0.0,0.0,5.013645054674498e-10,-7.587850636703308e-09,2.810492522231239e-11,1.5014361182996287e-11
83.4,0.0,2.727923388390506e-11,7.2697514674757705e-09,1.299999966753647,1.8296491834173172e-10,1.3000000026601535,1.3000000034958379,1.3000000039679949,0.11538461503242649,0.11538461507433392,0.11538461514850708,1.363961694195253e-10,1.8296491834173172e-10,2.0783369886665574e-10,0.9999999617087927,0.9999999717367766,0.9999999896146408,1.0,1.0,1.0,1.0,1.0,1.0,1.0,1.0,1.0,0.0,0.0,0.0,0.0,0.0,4.875689851857601e-10,-7.2697514674757705e-09,2.727923388390506e-11,1.4573256007214608e-11
83.60000000000001,0.0,2.6477800435562487e-11,6.964824317279294e-09,1.29999996817689,1.7758961322662555e-10,1.3000000025869762,1.3000000033996713,1.3000000038588406,0.11538461504211474,0.11538461508286936,0.1153846151550021,1.3238900217781242e-10,1.7758961322662555e-10,2.0172777673286847e-10,0.9999999632886414,0.9999999729055522,0.999999990050251,1.0,1.0,1.0,1.0,1.0,1.0,1.0,1.0,1.0,0.0,0.0,0.0,0.0,0.0,4.741535220009752e-10,-6.964824317279294e-09,2.6477800435562487e-11,1.4145110009231435e-11
83.80000000000001,0.0,2.5699912207545955e-11,6.672526731144046e-09,1.2999999695404187,1.7237222857705108e-10,1.3000000025158125,1.3000000033061518,1.300000003752689,0.11538461505153647,0.11538461509116993,0.11538461516131841,1.2849956103772977e-10,1.7237222857705108e-10,1.9580123977726536e-10,0.9999999648037472,0.9999999740263593,0.999999990467819,1.0,1.0,1.0,1.0,1.0,1.0,1.0,1.0,1.0,0.0,0.0,0.0,0.0,0.0,4.6110677776045605e-10,-6.672526731144046e-09,2.5699912207545955e-11,1.3729542462865261e-11
84.0,0.0,2.494487746755843e-11,6.3923411230959454e-09,1.2999999708467078,1.6730812486596785e-10,1.300000002446606,1.3000000032152053,1.3000000036494594,0.11538461506069886,0.11538461509924214,0.115384615167461,1.2472438733779214e-10,1.6730812486596785e-10,1.9004881786350264e-10,0.999999966256752,0.9999999751011559,0.9999999908680841,1.0,1.0,1.0,1.0,1.0,1.0,1.0,1.0,1.0,0.0,0.0,0.0,0.0,0.0,4.4841910740167634e-10,-6.3923411230959454e-09,2.494487746755843e-11,1.3326183827244941e-11
84.2,0.0,2.4212024805625583e-11,6.123769569210679e-09,1.2999999720981295,1.623927988704613e-10,1.300000002379305,1.3000000031267611,1.3000000035490693,0.11538461506960923,0.11538461510709222,0.11538461517343446,1.210601240281279e-10,1.6239279887046133e-10,1.844653956859597e-10,0.9999999676501878,0.9999999761318219,0.9999999912517578,1.0,1.0,1.0,1.0,1.0,1.0,1.0,1.0,1.0,0.0,0.0,0.0,0.0,0.0,4.360811017845023e-10,-6.123769569210679e-09,2.4212024805625583e-11,1.293467541819769e-11
84.4,0.0,2.3500702537049095e-11,5.866334040760534e-09,1.299999973296958,1.576218796672815e-10,1.3000000023138554,1.30000000304075,1.3000000034514418,0.11538461507827438,0.11538461511472632,0.1153846151792436,1.1750351268524546e-10,1.576218796672815e-10,1.7904600822098767e-10,0.9999999689864874,0.99999997712016,0.9999999916195228,1.0,1.0,1.0,1.0,1.0,1.0,1.0,1.0,1.0,0.0,0.0,0.0,0.0,0.0,4.2408233869029033e-10,-5.866334040760534e-09,2.3500702537049095e-11,1.2554669089291414e-11
84.60000000000001,0.0,2.2810278122899648e-11,5.619578113957857e-09,1.299999974445375,1.5299112474602547e-10,1.3000000022502058,1.3000000029571057,1.3000000033565007,0.11538461508670111,0.11538461512215034,0.11538461518489297,1.1405139061449823e-10,1.5299112474602547e-10,1.737858363117912e-10,0.9999999702679839,0.9999999780678993,0.9999999919720313,1.0,1.0,1.0,1.0,1.0,1.0,1.0,1.0,1.0,0.0,0.0,0.0,0.0,0.0,4.124137975569653e-10,-5.619578113957857e-09,2.2810278122899648e-11,1.2185826922247766e-11
84.80000000000001,0.0,2.2140137607535902e-11,5.383058732100209e-09,1.2999999755454712,1.484964162365113e-10,1.3000000021883085,1.3000000028757634,1.3000000032641714,0.11538461509489602,0.11538461512937012,0.11538461519038681,1.107006880376795e-10,1.484964162365113e-10,1.6868020238302346e-10,0.9999999714969088,0.9999999789766987,0.9999999923099161,1.0,1.0,1.0,1.0,1.0,1.0,1.0,1.0,1.0,0.0,0.0,0.0,0.0,0.0,4.010664855780277e-10,-5.383058732100209e-09,2.2140137607535902e-11,1.1827820926450166e-11
85.0,0.0,2.148968507264802e-11,5.156361126967823e-09,1.2999999765992531,1.4413375724698777e-10,1.3000000021281137,1.3000000027966585,1.3000000031743828,0.11538461510286543,0.11538461513639124,0.11538461519572955,1.074484253632401e-10,1.4413375724698777e-10,1.6372456628128154e-10,0.9999999726754137,0.9999999798481498,0.9999999926337698,1.0,1.0,1.0,1.0,1.0,1.0,1.0,1.0,1.0,0.0,0.0,0.0,0.0,0.0,3.9003140994697816e-10,-5.156361126967823e-09,2.148968507264802e-11,1.1480332747280457e-11
85.2,0.0,2.0858342107341007e-11,4.9390748824151836e-09,1.2999999776086433,1.3989926830992205e-10,1.3000000020695757,1.3000000027197305,1.3000000030870642,0.1153846151106156,0.11538461514321917,0.11538461520092523,1.0429171053670503e-10,1.3989926830992205e-10,1.5891452123780193e-10,0.9999999738055562,0.9999999806837788,0.9999999929441787,1.0,1.0,1.0,1.0,1.0,1.0,1.0,1.0,1.0,0.0,0.0,0.0,0.0,0.0,3.7930041052458563e-10,-4.9390748824151836e-09,2.0858342107341007e-11,1.1143053383023767e-11
85.4,0.0,2.0245547293786574e-11,4.7308167050452705e-09,1.299999978575485,1.3578918393220882e-10,1.3000000020126479,1.300000002644919,1.3000000030021484,0.11538461511815251,0.11538461514985929,0.115384615205978,1.0122773646893286e-10,1.3578918393220882e-10,1.5424578994977028e-10,0.9999999748893086,0.9999999814850506,0.9999999932416904,1.0,1.0,1.0,1.0,1.0,1.0,1.0,1.0,1.0,0.0,0.0,0.0,0.0,0.0,3.688640642929286e-10,-4.7308167050452705e-09,2.0245547293786574e-11,1.0815682910090835e-11
85.60000000000001,0.0,1.9650755707985655e-11,4.531214026215479e-09,1.2999999795015464,1.3179984924672772e-10,1.3000000019572864,1.3000000025721659,1.3000000029195689,0.11538461512548205,0.11538461515631665,0.11538461521089174,9.825377853992827e-11,1.3179984924672772e-10,1.4971422077675535e-10,0.9999999759285693,0.99999998225337,0.9999999935268371,1.0,1.0,1.0,1.0,1.0,1.0,1.0,1.0,1.0,0.0,0.0,0.0,0.0,0.0,3.587154323581032e-10,-4.531214026215479e-09,1.9650755707985655e-11,1.0497930216312722e-11
85.80000000000001,0.0,1.9073438435198153e-11,4.339909587258717e-09,1.2999999803885236,1.2792771676227557e-10,1.3000000019034474,1.3000000025014138,1.3000000028392615,0.11538461513260992,0.11538461516259638,0.11538461521567034,9.536719217599076e-11,1.2792771676227557e-10,1.453157840488885e-10,0.9999999769251527,0.9999999829900844,0.9999999938001292,1.0,1.0,1.0,1.0,1.0,1.0,1.0,1.0,1.0,0.0,0.0,0.0,0.0,0.0,3.488453831357319e-10,-4.339909587258717e-09,1.9073438435198153e-11,1.018951274207114e-11
86.0,0.0,1.851308209960882e-11,4.156561594914621e-09,1.299999981238041,1.2416934320898213e-10,1.300000001851091,1.3000000024326093,1.3000000027611638,0.11538461513954167,0.1153846151687033,0.11538461522031736,9.256541049804409e-11,1.2416934320898213e-10,1.4104656848350532e-10,0.9999999778808016,0.9999999836964859,0.9999999940620549,1.0,1.0,1.0,1.0,1.0,1.0,1.0,1.0,1.0,0.0,0.0,0.0,0.0,0.0,3.392480185659963e-10,-4.156561594914621e-09,1.851308209960882e-11,9.890156229034092e-12
86.2,0.0,1.7969188407810805e-11,3.980844809348127e-09,1.299999982051657,1.2052138647640245e-10,1.3000000018001743,1.300000002365697,1.3000000026852145,0.11538461514628273,0.11538461517464227,0.1153846152248366,8.984594203905402e-11,1.2052138647640245e-10,1.3690277770705993e-10,0.999999978797193,0.9999999843738152,0.9999999943130788,1.0,1.0,1.0,1.0,1.0,1.0,1.0,1.0,1.0,0.0,0.0,0.0,0.0,0.0,3.2991410992000425e-10,-3.980844809348127e-09,1.7969188407810805e-11,9.599594476273208e-12
86.4,0.0,1.7441273705701596e-11,3.812439897110664e-09,1.299999982830866,1.1698060264156758e-10,1.3000000017506588,1.3000000023006264,1.300000002611355,0.11538461515283831,0.11538461518041777,0.11538461522923146,8.720636852850797e-11,1.1698060264156758e-10,1.328807268792256e-10,0.9999999796759257,0.9999999850232612,0.9999999945536573,1.0,1.0,1.0,1.0,1.0,1.0,1.0,1.0,1.0,0.0,0.0,0.0,0.0,0.0,3.2083741219324224e-10,-3.812439897110664e-09,1.7441273705701596e-11,9.317569103546398e-12
86.60000000000001,0.0,1.692886854839641e-11,3.65105060629034e-09,1.2999999835771008,1.1354384308434488e-10,1.3000000017025055,1.3000000022373457,1.3000000025395277,0.11538461515921351,0.1153846151860344,0.11538461523350542,8.464434274198205e-11,1.1354384308434488e-10,1.2897683941617203e-10,0.9999999805185454,0.9999999856459653,0.9999999947842134,1.0,1.0,1.0,1.0,1.0,1.0,1.0,1.0,1.0,0.0,0.0,0.0,0.0,0.0,3.1201026484684036e-10,-3.65105060629034e-09,1.692886854839641e-11,9.04382932153476e-12
86.80000000000001,0.0,1.6431517282777323e-11,3.4963848039026854e-09,1.2999999842917347,1.1020805168754749e-10,1.3000000016556772,1.300000002175806,1.3000000024696758,0.11538461516541339,0.1153846151914965,0.11538461523766179,8.215758641388661e-11,1.1020805168754749e-10,1.2518764381011003e-10,0.9999999813265197,0.9999999862430216,0.9999999950051646,1.0,1.0,1.0,1.0,1.0,1.0,1.0,1.0,1.0,0.0,0.0,0.0,0.0,0.0,3.0342621470946796e-10,-3.4963848039026854e-09,1.6431517282777323e-11,8.778131708829578e-12
87.0,0.0,1.5948777642306494e-11,3.348164889782623e-09,1.299999984976084,1.0697026211930107e-10,1.3000000016101367,1.3000000021159597,1.3000000024017468,0.11538461517144258,0.1153846151968083,0.11538461524170383,7.974388821153246e-11,1.0697026211930107e-10,1.2150977054227587e-10,0.9999999821012727,0.9999999868154805,0.9999999952169073,1.0,1.0,1.0,1.0,1.0,1.0,1.0,1.0,1.0,0.0,0.0,0.0,0.0,0.0,2.950782396204943e-10,-3.348164889782623e-09,1.5948777642306494e-11,8.520239995471654e-12
87.2,0.0,1.5480220353743342e-11,3.206127796584468e-09,1.2999999856314126,1.0382759519525081e-10,1.3000000015658495,1.3000000020577596,1.3000000023356857,0.115384615177306,0.115384615201974,0.11538461524563466,7.740110176871671e-11,1.0382759519525081e-10,1.1793994908660563e-10,0.9999999828441599,0.9999999873643485,0.9999999954198174,1.0,1.0,1.0,1.0,1.0,1.0,1.0,1.0,1.0,0.0,0.0,0.0,0.0,0.0,2.869598447752253e-10,-3.206127796584468e-09,1.5480220353743342e-11,8.26992485284934e-12
87.4,0.0,1.5025428755416115e-11,3.07001519761485e-09,1.2999999862589302,1.0077725631826563e-10,1.3000000015227806,1.3000000020011606,1.3000000022714426,0.11538461518300805,0.1153846152069976,0.11538461524945734,7.512714377708057e-11,1.0077725631826563e-10,1.1447500500144222e-10,0.9999999835564839,0.9999999878905919,0.999999995614264,1.0,1.0,1.0,1.0,1.0,1.0,1.0,1.0,1.0,0.0,0.0,0.0,0.0,0.0,2.790652153805695e-10,-3.07001519761485e-09,1.5025428755416115e-11,8.026963689769778e-12
87.60000000000001,0.0,1.4583998426707963e-11,2.93958407615591e-09,1.2999999868597971,9.781653299335938e-11,1.3000000014808968,1.3000000019461189,1.3000000022089668,0.11538461518855324,0.11538461521188292,0.11538461525317484,7.29199921335398e-11,9.781653299335938e-11,1.1111185710668153e-10,0.9999999842394933,0.9999999883951373,0.9999999958005942,1.0,1.0,1.0,1.0,1.0,1.0,1.0,1.0,1.0,0.0,0.0,0.0,0.0,0.0,2.7138764846501573e-10,-2.93958407615591e-09,1.4583998426707963e-11,7.791140454520914e-12
87.80000000000001,0.0,1.4155536828428432e-11,2.8145987207572887e-09,1.299999987435127,9.494279241562138e-11,1.3000000014401651,1.3000000018925915,1.3000000021482099,0.11538461519394587,0.11538461521663386,0.11538461525679007,7.077768414214216e-11,9.494279241562138e-11,1.0784751474385242e-10,0.999999984894393,0.9999999888788733,0.9999999959791447,1.0,1.0,1.0,1.0,1.0,1.0,1.0,1.0,1.0,0.0,0.0,0.0,0.0,0.0,2.639214680133506e-10,-2.8145987207572887e-09,1.4155536828428432e-11,7.562245442748896e-12
88.0,0.0,1.3739662953750437e-11,2.6948366316226213e-09,1.2999999879859852,9.215347912901135e-11,1.300000001400554,1.3000000018405367,1.3000000020891247,0.11538461519919012,0.11538461522125415,0.11538461526030586,6.869831476875218e-11,9.215347912901135e-11,1.0467907511669221e-10,0.9999999855223288,0.9999999893426528,0.9999999961502334,1.0,1.0,1.0,1.0,1.0,1.0,1.0,1.0,1.0,0.0,0.0,0.0,0.0,0.0,2.5666058167672645e-10,-2.6948366316226213e-09,1.3739662953750437e-11,7.340075110979766e-12
88.2,0.0,1.3336006989402192e-11,2.5800797387454107e-09,1.2999999885133953,8.944611275393495e-11,1.3000000013620328,1.300000001789914,1.3000000020316644,0.11538461520429014,0.11538461522574728,0.1153846152637249,6.668003494701096e-11,8.944611275393496e-11,1.016037207098524e-10,0.9999999861244031,0.9999999897872933,0.9999999963141718,1.0,1.0,1.0,1.0,1.0,1.0,1.0,1.0,1.0,0.0,0.0,0.0,0.0,0.0,2.4959959099568607e-10,-2.5800797387454107e-09,1.3336006989402192e-11,7.124431895619655e-12
88.4,0.0,1.2944209986813232e-11,2.470120619157967e-09,1.299999989018337,8.681828578158294e-11,1.3000000013245714,1.3000000017406839,1.3000000019757851,0.11538461520924984,0.11538461523011681,0.11538461526704988,6.472104993406615e-11,8.681828578158296e-11,9.86187167834417e-11,0.9999999867016763,0.9999999902135791,0.9999999964712563,1.0,1.0,1.0,1.0,1.0,1.0,1.0,1.0,1.0,0.0,0.0,0.0,0.0,0.0,2.4273297261068194e-10,-2.470120619157967e-09,1.2944209986813232e-11,6.915124037272612e-12
88.60000000000001,0.0,1.2563923542921461e-11,2.364764206674863e-09,1.2999999895017502,8.426766143306789e-11,1.30000000128814,1.3000000016928084,1.3000000019214435,0.11538461521407306,0.11538461523436613,0.11538461527028342,6.28196177146073e-11,8.426766143306789e-11,9.57214089411747e-11,0.999999987255165,0.9999999906222632,0.9999999966217654,1.0,1.0,1.0,1.0,1.0,1.0,1.0,1.0,1.0,0.0,0.0,0.0,0.0,0.0,2.3605502275092505e-10,-2.364764206674863e-09,1.2563923542921461e-11,6.71196541021975e-12
88.80000000000001,0.0,1.2194809490357951e-11,2.263816289982401e-09,1.2999999899645365,8.17919715814583e-11,1.3000000012527118,1.3000000016462494,1.3000000018685962,0.11538461521876364,0.11538461523849855,0.11538461527342794,6.097404745178975e-11,8.17919715814583e-11,9.290922076996667e-11,0.9999999877858402,0.9999999910140667,0.9999999967659767,1.0,1.0,1.0,1.0,1.0,1.0,1.0,1.0,1.0,0.0,0.0,0.0,0.0,0.0,2.2956134215768031e-10,-2.263816289982401e-09,1.2194809490357951e-11,6.514775356908092e-12
89.0,0.0,1.1836539596733705e-11,2.167097346017499e-09,1.2999999904075588,7.938901473486093e-11,1.3000000012182575,1.300000001600972,1.3000000018172035,0.11538461522332513,0.11538461524251731,0.11538461527648601,5.918269798366852e-11,7.938901473486093e-11,9.017965154887419e-11,0.9999999882946398,0.9999999913896821,0.9999999969041466,1.0,1.0,1.0,1.0,1.0,1.0,1.0,1.0,1.0,0.0,0.0,0.0,0.0,0.0,2.2324612991564408e-10,-2.167097346017499e-09,1.1836539596733705e-11,6.323378527301956e-12
89.2,0.0,1.1488795272760933e-11,2.074432203791332e-09,1.2999999908316455,7.705665407875696e-11,1.3000000011847512,1.3000000015569397,1.3000000017672242,0.11538461522776117,0.11538461524642547,0.11538461527945995,5.744397636380466e-11,7.705665407875696e-11,8.753027402534383e-11,0.9999999887824543,0.9999999917497736,0.9999999970365254,1.0,1.0,1.0,1.0,1.0,1.0,1.0,1.0,1.0,0.0,0.0,0.0,0.0,0.0,2.1710430675447867e-10,-2.074432203791332e-09,1.1488795272760933e-11,6.13760472295399e-12
89.4,0.0,1.115126728894966e-11,1.9856500443893308e-09,1.29999999123759,7.479281557585398e-11,1.3000000011521669,1.3000000015141189,1.3000000017186197,0.11538461523207516,0.11538461525022613,0.11538461528235205,5.5756336444748295e-11,7.479281557585398e-11,8.495873225679401e-11,0.999999989250151,0.9999999920949781,0.9999999971633571,1.0,1.0,1.0,1.0,1.0,1.0,1.0,1.0,1.0,0.0,0.0,0.0,0.0,0.0,2.1113208403811257e-10,-1.9856500443893308e-09,1.115126728894966e-11,5.957288745657327e-12
89.60000000000001,0.0,1.0823655500627206e-11,1.9005939599914257e-09,1.2999999916261538,7.259548612176062e-11,1.3000000011204789,1.300000001472476,1.3000000016713524,0.11538461523627049,0.11538461525392225,0.1153846152851646,5.411827750313603e-11,7.259548612176062e-11,8.246273951560674e-11,0.9999999896985479,0.9999999924259062,0.9999999972848658,1.0,1.0,1.0,1.0,1.0,1.0,1.0,1.0,1.0,0.0,0.0,0.0,0.0,0.0,2.0532386901805921e-10,-1.9005939599914257e-09,1.0823655500627206e-11,5.782270250544025e-12
89.80000000000001,0.0,1.0505668581036413e-11,1.8191075867868276e-09,1.2999999919980658,7.046271175484575e-11,1.300000001089662,1.3000000014319788,1.3000000016253856,0.11538461524035039,0.11538461525751668,0.11538461528789982,5.252834290518206e-11,7.046271175484575e-11,8.004007625566967e-11,0.9999999901284371,0.9999999927431439,0.9999999974012749,1.0,1.0,1.0,1.0,1.0,1.0,1.0,1.0,1.0,0.0,0.0,0.0,0.0,0.0,1.9967513753549326e-10,-1.8191075867868276e-09,1.0505668581036413e-11,5.612393603499473e-12
90.0,0.0,1.0197023762275163e-11,1.741042487957145e-09,1.299999992354025,6.839259591869066e-11,1.3000000010596937,1.3000000013925954,1.3000000015806827,0.11538461524431809,0.11538461526101225,0.11538461529055972,5.098511881137582e-11,6.839259591869066e-11,7.76885881386582e-11,0.9999999905405789,0.9999999930472535,0.9999999975127964,1.0,1.0,1.0,1.0,1.0,1.0,1.0,1.0,1.0,0.0,0.0,0.0,0.0,0.0,1.9418261443249207e-10,-1.741042487957145e-09,1.0197023762275163e-11,5.447507742765605e-12
90.2,0.0,9.897446583846667e-12,1.666257842813934e-09,1.2999999926947017,6.638329777558715e-11,1.3000000010305495,1.3000000013542956,1.3000000015372104,0.11538461524817659,0.11538461526441163,0.11538461529314649,4.9487232919233336e-11,6.638329777558716e-11,7.540618411830316e-11,0.999999990935702,0.9999999933387739,0.9999999976196317,1.0,1.0,1.0,1.0,1.0,1.0,1.0,1.0,1.0,0.0,0.0,0.0,0.0,0.0,1.8884085961623498e-10,-1.666257842813934e-09,9.897446583846667e-12,5.2874660446102434e-12
90.4,0.0,9.606670648597302e-12,1.59461819304596e-09,1.299999993020738,6.443303056958509e-11,1.300000001002207,1.3000000013170492,1.3000000014949336,0.11538461525192897,0.11538461526771752,0.11538461529566209,4.8033353242986507e-11,6.443303056958509e-11,7.319083458094158e-11,0.999999991314499,0.9999999936182221,0.999999997721974,1.0,1.0,1.0,1.0,1.0,1.0,1.0,1.0,1.0,0.0,0.0,0.0,0.0,0.0,1.8364587628383333e-10,-1.59461819304596e-09,9.606670648597302e-12,5.132126192942836e-12
90.60000000000001,0.0,9.32443738582451e-12,1.5259920438381867e-09,1.2999999933327497,6.254006003762993e-11,1.3000000009746444,1.3000000012808277,1.3000000014538198,0.11538461525557812,0.11538461527093247,0.11538461529810848,4.6622186929122543e-11,6.254006003762993e-11,7.104056954069489e-11,0.9999999916776445,0.999999993886094,0.9999999978200114,1.0,1.0,1.0,1.0,1.0,1.0,1.0,1.0,1.0,0.0,0.0,0.0,0.0,0.0,1.7859412559939614e-10,-1.5259920438381867e-09,9.32443738582451e-12,4.981350052760758e-12
90.80000000000001,0.0,9.0504958213444e-12,1.4602532627527864e-09,1.2999999936313271,6.070270286738031e-11,1.3000000009478396,1.3000000012456023,1.3000000014138366,0.11538461525912692,0.11538461527405895,0.1153846153004876,4.525247910672199e-11,6.070270286738031e-11,6.895347688767093e-11,0.9999999920257799,0.9999999941428651,0.9999999979139239,1.0,1.0,1.0,1.0,1.0,1.0,1.0,1.0,1.0,0.0,0.0,0.0,0.0,0.0,1.7368145810436886e-10,-1.4602532627527864e-09,9.0504958213444e-12,4.835003547313584e-12
91.0,0.0,8.784602354314552e-12,1.3972860535282903e-09,1.2999999939170357,5.891932520033302e-11,1.300000000921772,1.300000001211346,1.3000000013749535,0.11538461526257808,0.11538461527709945,0.1153846153028013,4.392301177157276e-11,5.891932520033302e-11,6.692770068763268e-11,0.9999999923595194,0.9999999943889921,0.9999999980038771,1.0,1.0,1.0,1.0,1.0,1.0,1.0,1.0,1.0,0.0,0.0,0.0,0.0,0.0,1.6890329412877492e-10,-1.3972860535282903e-09,8.784602354314552e-12,4.692956538876225e-12
91.2,0.0,8.526520540613382e-12,1.3369701123977506e-09,1.2999999941904183,5.718834117892396e-11,1.3000000008964223,1.3000000011780322,1.3000000013371402,0.1153846152659343,0.11538461528005631,0.11538461530505127,4.263260270306691e-11,5.718834117892396e-11,6.496143953161925e-11,0.9999999926794529,0.9999999946249122,0.9999999980900427,1.0,1.0,1.0,1.0,1.0,1.0,1.0,1.0,1.0,0.0,0.0,0.0,0.0,0.0,1.6425753812665533e-10,-1.3369701123977506e-09,8.526520540613382e-12,4.555082713024678e-12
91.4,0.0,8.27602088258379e-12,1.279198502679435e-09,1.2999999944519935,5.550821153631483e-11,1.3000000008717691,1.3000000011456347,1.300000001300367,0.11538461526919819,0.11538461528293183,0.11538461530723942,4.1380104412918945e-11,5.550821153631483e-11,6.305294493405501e-11,0.999999992986152,0.9999999948510454,0.9999999981725736,1.0,1.0,1.0,1.0,1.0,1.0,1.0,1.0,1.0,0.0,0.0,0.0,0.0,0.0,1.5973888878306752e-10,-1.279198502679435e-09,8.27602088258379e-12,4.421259466311757e-12
91.60000000000001,0.0,8.032880624953694e-12,1.2238642876916117e-09,1.2999999947022602,5.3877442227609094e-11,1.3000000008477945,1.3000000011141282,1.3000000012646056,0.11538461527237229,0.11538461528572826,0.11538461530936735,4.016440312476847e-11,5.3877442227609094e-11,6.120051977791937e-11,0.9999999932801553,0.9999999950677937,0.9999999982516224,1.0,1.0,1.0,1.0,1.0,1.0,1.0,1.0,1.0,0.0,0.0,0.0,0.0,0.0,1.5534493136293293e-10,-1.2238642876916117e-09,8.032880624953694e-12,4.291367797242784e-12
91.80000000000001,0.0,7.796883556752331e-12,1.1708676028732155e-09,1.299999994941695,5.229458310128199e-11,1.3000000008244792,1.3000000010834887,1.3000000012298272,0.11538461527545912,0.11538461528844775,0.11538461531143675,3.898441778376165e-11,5.229458310128199e-11,5.940251680559562e-11,0.9999999935619849,0.9999999952755434,0.999999998327332,1.0,1.0,1.0,1.0,1.0,1.0,1.0,1.0,1.0,0.0,0.0,0.0,0.0,0.0,1.5107159967442385e-10,-1.1708676028732155e-09,7.796883556752331e-12,4.16529220045413e-12
92.0,0.0,7.56781981904598e-12,1.1201088945256288e-09,1.2999999951707562,5.0758226609642326e-11,1.3000000008018056,1.3000000010536916,1.3000000011960064,0.11538461527846096,0.11538461529109244,0.11538461531344921,3.78390990952299e-11,5.0758226609642326e-11,5.765733715405776e-11,0.9999999938321436,0.999999995474665,0.9999999983998444,1.0,1.0,1.0,1.0,1.0,1.0,1.0,1.0,1.0,0.0,0.0,0.0,0.0,0.0,1.4691635408237147e-10,-1.1201088945256288e-09,7.56781981904598e-12,4.042920564000884e-12
92.2,0.0,7.34548571832214e-12,1.0714982456860866e-09,1.2999999953898815,4.9267006557178875e-11,1.300000000779755,1.3000000010247146,1.300000001163115,0.11538461528138032,0.11538461529366441,0.11538461531540636,3.6727428591610696e-11,4.9267006557178875e-11,5.596342893309085e-11,0.9999999940911056,0.9999999956655132,0.9999999984692882,1.0,1.0,1.0,1.0,1.0,1.0,1.0,1.0,1.0,0.0,0.0,0.0,0.0,0.0,1.428747814502529e-10,-1.0714982456860866e-09,7.34548571832214e-12,3.924144069661951e-12
92.4,0.0,7.129683545356449e-12,1.02494146503318e-09,1.299999995599492,4.7819596885680294e-11,1.3000000007583115,1.3000000009965345,1.300000001131129,0.11538461528421931,0.11538461529616559,0.11538461531730963,3.564841772678224e-11,4.7819596885680294e-11,5.4319285845282795e-11,0.999999994339338,0.999999995848429,0.9999999985357979,1.0,1.0,1.0,1.0,1.0,1.0,1.0,1.0,1.0,0.0,0.0,0.0,0.0,0.0,1.389450637878653e-10,-1.02494146503318e-09,7.129683545356449e-12,3.808857096174112e-12
92.60000000000001,0.0,6.920221399400891e-12,9.803586609180569e-10,1.2999999957999901,4.641471049504548e-11,1.300000000737458,1.3000000009691293,1.300000001100022,0.1153846152869803,0.11538461529859799,0.11538461531916054,3.460110699700445e-11,4.641471049504548e-11,5.2723445846558486e-11,0.9999999945772762,0.999999996023739,0.9999999985994876,1.0,1.0,1.0,1.0,1.0,1.0,1.0,1.0,1.0,0.0,0.0,0.0,0.0,0.0,1.3512287122541267e-10,-9.803586609180569e-10,6.920221399400891e-12,3.6969571253090234e-12
92.80000000000001,0.0,6.716913017537272e-12,9.376627918555868e-10,1.2999999959917614,4.50510980987379e-11,1.3000000007171777,1.3000000009424781,1.3000000010697719,0.11538461528966522,0.11538461530096347,0.11538461532096056,3.358456508768636e-11,4.50510980987379e-11,5.117448984606609e-11,0.9999999948053452,0.9999999961917565,0.9999999986604817,1.0,1.0,1.0,1.0,1.0,1.0,1.0,1.0,1.0,0.0,0.0,0.0,0.0,0.0,1.3140638577269215e-10,-9.376627918555868e-10,6.716913017537272e-12,3.588344650709466e-12
93.0,0.0,6.519577609044084e-12,8.967780074087272e-10,1.299999996175176,4.3727547112865414e-11,1.3000000006974552,1.30000000091656,1.3000000010403532,0.11538461529227634,0.11538461530326391,0.11538461532271106,3.259788804522042e-11,4.372754711286542e-11,4.967104044425941e-11,0.9999999950239531,0.9999999963527815,0.9999999987188886,1.0,1.0,1.0,1.0,1.0,1.0,1.0,1.0,1.0,0.0,0.0,0.0,0.0,0.0,1.277919714492981e-10,-8.967780074087272e-10,6.519577609044084e-12,3.482923089403955e-12
93.2,0.0,6.328039694629414e-12,8.576279908467654e-10,1.2999999963505884,4.2442880577897126e-11,1.3000000006782753,1.3000000008913548,1.3000000010117434,0.11538461529481567,0.11538461530550104,0.11538461532441344,3.164019847314707e-11,4.2442880577897126e-11,4.8211760708053436e-11,0.9999999952334845,0.9999999965071026,0.9999999987748172,1.0,1.0,1.0,1.0,1.0,1.0,1.0,1.0,1.0,0.0,0.0,0.0,0.0,0.0,1.2427633921952008e-10,-8.576279908467654e-10,6.328039694629414e-12,3.380598695920899e-12
93.4,0.0,6.1421289503871524e-12,8.201399226415162e-10,1.2999999965183378,4.119595611205993e-11,1.3000000006596233,1.3000000008668429,1.300000000983921,0.11538461529728511,0.11538461530767666,0.11538461532606893,3.071064475193576e-11,4.119595611205993e-11,4.679535298196552e-11,0.9999999954343164,0.9999999966549962,0.9999999988283715,1.0,1.0,1.0,1.0,1.0,1.0,1.0,1.0,1.0,0.0,0.0,0.0,0.0,0.0,1.2085854539378715e-10,-8.201399226415162e-10,6.1421289503871524e-12,3.2812804789260712e-12
93.60000000000001,0.0,5.9616800563374605e-12,7.842444804673221e-10,1.29999999667875,3.99856648954823e-11,1.3000000006414838,1.3000000008430055,1.3000000009568637,0.11538461529968665,0.11538461530979245,0.11538461532767895,2.98084002816873e-11,3.99856648954823e-11,4.5420557734182856e-11,0.9999999956268054,0.999999996796727,0.9999999988796507,1.0,1.0,1.0,1.0,1.0,1.0,1.0,1.0,1.0,0.0,0.0,0.0,0.0,0.0,1.1753402417991055e-10,-7.842444804673221e-10,5.9616800563374605e-12,3.184880120309093e-12
93.80000000000001,0.0,5.786532549417017e-12,7.498759169166646e-10,1.2999999968321374,3.8810930684183044e-11,1.3000000006238435,1.3000000008198234,1.3000000009305506,0.11538461530202214,0.11538461531185,0.11538461532924466,2.8932662747085085e-11,3.8810930684183044e-11,4.408615243653166e-11,0.9999999958112964,0.9999999969325495,0.9999999989287487,1.0,1.0,1.0,1.0,1.0,1.0,1.0,1.0,1.0,0.0,0.0,0.0,0.0,0.0,1.1430126289901921e-10,-7.498759169166646e-10,5.786532549417017e-12,3.0913118966471013e-12
94.0,0.0,5.61653068078823e-12,7.169705051879304e-10,1.299999996978798,3.767070885302821e-11,1.300000000606688,1.3000000007972787,1.3000000009049615,0.11538461530429335,0.11538461531385098,0.11538461533076733,2.808265340394115e-11,3.767070885302821e-11,4.279095047735165e-11,0.9999999959881162,0.9999999970627073,0.9999999989757564,1.0,1.0,1.0,1.0,1.0,1.0,1.0,1.0,1.0,0.0,0.0,0.0,0.0,0.0,1.1115708353770515e-10,-7.169705051879304e-10,5.61653068078823e-12,3.000492602975742e-12
94.2,0.0,5.4515232773405246e-12,6.854649847731763e-10,1.2999999971190188,3.6563985466804225e-11,1.300000000590005,1.3000000007753545,1.3000000008800758,0.11538461530650214,0.11538461531579691,0.11538461533224807,2.725761638670262e-11,3.6563985466804225e-11,4.153380010630863e-11,0.9999999961575828,0.999999997187434,0.9999999990207643,1.0,1.0,1.0,1.0,1.0,1.0,1.0,1.0,1.0,0.0,0.0,0.0,0.0,0.0,1.0809980688364362e-10,-6.854649847731763e-10,5.4515232773405246e-12,2.9123414787996264e-12
94.4,0.0,5.291363607260614e-12,6.553036335787964e-10,1.2999999972530738,3.5489776378582806e-11,1.3000000005737806,1.300000000754033,1.300000000855875,0.11538461530865014,0.11538461531768936,0.1153846153336881,2.645681803630307e-11,3.5489776378582806e-11,4.031358341020819e-11,0.9999999963199979,0.9999999973069544,0.999999999063852,1.0,1.0,1.0,1.0,1.0,1.0,1.0,1.0,1.0,0.0,0.0,0.0,0.0,0.0,1.0512654635697061e-10,-6.553036335787964e-10,5.291363607260614e-12,2.826780136276645e-12
94.60000000000001,0.0,5.1359092495521585e-12,6.264294083457855e-10,1.299999997381226,3.4447126354574036e-11,1.3000000005580024,1.3000000007332981,1.3000000008323398,0.11538461531073907,0.11538461531952972,0.11538461533508855,2.567954624776079e-11,3.4447126354574036e-11,3.912921531889785e-11,0.9999999964756531,0.9999999974214829,0.9999999991051008,1.0,1.0,1.0,1.0,1.0,1.0,1.0,1.0,1.0,0.0,0.0,0.0,0.0,0.0,1.0223497048933439e-10,-6.264294083457855e-10,5.1359092495521585e-12,2.743732490511962e-12
94.80000000000001,0.0,4.985021967388722e-12,5.987870532742079e-10,1.2999999975037275,3.3435108224690743e-11,1.3000000005426586,1.300000000713134,1.3000000008094517,0.11538461531277056,0.11538461532131947,0.11538461533645042,2.4925109836943608e-11,3.3435108224690743e-11,3.797964264037532e-11,0.9999999966248255,0.999999997531226,0.9999999991445899,1.0,1.0,1.0,1.0,1.0,1.0,1.0,1.0,1.0,0.0,0.0,0.0,0.0,0.0,9.942321965716872e-11,-5.987870532742079e-10,4.985021967388722e-12,2.6631246919000697e-12
95.0,0.0,4.838567585187592e-12,5.723253537759376e-10,1.2999999976208196,3.245282205806826e-11,1.3000000005277361,1.300000000693524,1.3000000007871932,0.11538461531474616,0.11538461532305998,0.1153846153377749,2.4192837925937957e-11,3.245282205806826e-11,3.686384312424407e-11,0.9999999967677838,0.9999999976363813,0.9999999991823924,1.0,1.0,1.0,1.0,1.0,1.0,1.0,1.0,1.0,0.0,0.0,0.0,0.0,0.0,9.668871259194134e-11,-5.723253537759376e-10,4.838567585187592e-12,2.584885060454447e-12
95.2,0.0,4.6964158692948856e-12,5.469964370341528e-10,1.2999999977327332,3.149939436280623e-11,1.3000000005132244,1.3000000006744534,1.3000000007655468,0.11538461531666744,0.11538461532475265,0.11538461533906291,2.3482079346474426e-11,3.149939436280623e-11,3.5780824552683165e-11,0.999999996904785,0.9999999977371383,0.9999999992185765,1.0,1.0,1.0,1.0,1.0,1.0,1.0,1.0,1.0,0.0,0.0,0.0,0.0,0.0,9.402902068078589e-11,-5.469964370341528e-10,4.6964158692948856e-12,2.508944022066583e-12
95.4,0.0,4.558440412176187e-12,5.227516530759146e-10,1.2999999978396906,3.057397730922171e-11,1.3000000004991117,1.3000000006559076,1.3000000007444963,0.11538461531853583,0.11538461532639872,0.11538461534031552,2.2792202060880933e-11,3.057397730922171e-11,3.47296238581242e-11,0.9999999970360731,0.9999999978336793,0.9999999992532119,1.0,1.0,1.0,1.0,1.0,1.0,1.0,1.0,1.0,0.0,0.0,0.0,0.0,0.0,9.144310308961678e-11,-5.227516530759146e-10,4.558440412176187e-12,2.435234046637626e-12
95.60000000000001,0.0,4.424518520009338e-12,4.995452274059175e-10,1.2999999979419032,2.967574797592163e-11,1.300000000485388,1.3000000006378714,1.3000000007240244,0.11538461532035285,0.11538461532799955,0.1153846153415336,2.2122592600046688e-11,2.967574797592163e-11,3.370930626684907e-11,0.9999999971618827,0.9999999979261783,0.999999999286364,1.0,1.0,1.0,1.0,1.0,1.0,1.0,1.0,1.0,0.0,0.0,0.0,0.0,0.0,8.89280871163578e-11,-4.995452274059175e-10,4.424518520009338e-12,2.3636895880276873e-12
95.80000000000001,0.0,4.294531103579773e-12,4.773337947128197e-10,1.2999999980395749,2.880390761802506e-11,1.3000000004720405,1.3000000006203318,1.3000000007041155,0.11538461532211992,0.11538461532955636,0.1153846153427183,2.1472655517898866e-11,2.8803907618025064e-11,3.2718964467748316e-11,0.9999999972824439,0.9999999980148025,0.9999999993180946,1.0,1.0,1.0,1.0,1.0,1.0,1.0,1.0,1.0,0.0,0.0,0.0,0.0,0.0,8.648222415974516e-11,-4.773337947128197e-10,4.294531103579773e-12,2.2942470257692882e-12
96.0,0.0,4.168362572381148e-12,4.5607670973168977e-10,1.2999999981329005,2.795768095688436e-11,1.3000000004590606,1.3000000006032744,1.3000000006847543,0.11538461532383837,0.11538461533107032,0.11538461534387036,2.084181286190574e-11,2.795768095688436e-11,3.175771780550041e-11,0.9999999973979697,0.9999999980997125,0.9999999993484618,1.0,1.0,1.0,1.0,1.0,1.0,1.0,1.0,1.0,0.0,0.0,0.0,0.0,0.0,8.410362684063699e-11,-4.5607670973168977e-10,4.168362572381148e-12,2.2268446084933133e-12
96.2,0.0,4.045900731827166e-12,4.357316174541381e-10,1.2999999982220665,2.713631549067319e-11,1.3000000004464378,1.3000000005866856,1.3000000006659254,0.11538461532550957,0.11538461533254267,0.11538461534499073,2.022950365913583e-11,2.713631549067319e-11,3.0824711497454163e-11,0.9999999975086694,0.9999999981810619,0.9999999993775263,1.0,1.0,1.0,1.0,1.0,1.0,1.0,1.0,1.0,0.0,0.0,0.0,0.0,0.0,8.179044941325486e-11,-4.357316174541381e-10,4.045900731827166e-12,2.1614223990169403e-12
96.4,0.0,3.927036683483304e-12,4.1626175839581943e-10,1.2999999983072517,2.6339080825229247e-11,1.300000000434162,1.300000000570554,1.3000000006476142,0.11538461532713483,0.11538461533397451,0.11538461534608029,1.963518341741652e-11,2.6339080825229247e-11,2.991911587351894e-11,0.9999999976147458,0.9999999982589982,0.9999999994053403,1.0,1.0,1.0,1.0,1.0,1.0,1.0,1.0,1.0,0.0,0.0,0.0,0.0,0.0,7.954105429863745e-11,-4.1626175839581943e-10,3.927036683483304e-12,2.0979222210448933e-12
96.60000000000001,0.0,3.811664728229506e-12,3.9763037307238847e-10,1.299999998388627,2.5565268024555555e-11,1.300000000422224,1.3000000005548655,1.300000000629807,0.11538461532871536,0.11538461533536697,0.11538461534713987,1.905832364114753e-11,2.5565268024555555e-11,2.904012563838546e-11,0.9999999977163817,0.9999999983336627,0.9999999994319566,1.0,1.0,1.0,1.0,1.0,1.0,1.0,1.0,1.0,0.0,0.0,0.0,0.0,0.0,7.735334595082577e-11,-3.9763037307238847e-10,3.811664728229506e-12,2.036287607436538e-12
96.80000000000001,0.0,3.6996822722679015e-12,3.7980264488979283e-10,1.299999998466357,2.4814188980403578e-11,1.300000000410614,1.3000000005396086,1.3000000006124894,0.11538461533025242,0.11538461533672116,0.11538461534817035,1.8498411361339505e-11,2.4814188980403578e-11,2.8186959155421842e-11,0.9999999978137698,0.9999999984051912,0.9999999994574248,1.0,1.0,1.0,1.0,1.0,1.0,1.0,1.0,1.0,0.0,0.0,0.0,0.0,0.0,7.522582556873658e-11,-3.7980264488979283e-10,3.6996822722679015e-12,1.976463749992797e-12
97.0,0.0,3.5909897358919157e-12,3.6274134807001697e-10,1.2999999985405986,2.4085175800377247e-11,1.300000000399324,1.3000000005247712,1.3000000005956482,0.1153846153317472,0.11538461533803807,0.11538461534917242,1.7954948679459577e-11,2.4085175800377247e-11,2.7358857751608315e-11,0.9999999979070788,0.9999999984737138,0.9999999994817981,1.0,1.0,1.0,1.0,1.0,1.0,1.0,1.0,1.0,0.0,0.0,0.0,0.0,0.0,7.315702210686226e-11,-3.6274134807001697e-10,3.5909897358919157e-12,1.9183974507183423e-12
97.2,0.0,3.485490464935607e-12,3.464181941303934e-10,1.299999998611503,2.3377580214013577e-11,1.300000000388344,1.3000000005103418,1.30000000057927,0.11538461533320088,0.11538461533931876,0.11538461535014698,1.7427452324678033e-11,2.3377580214013577e-11,2.6555085042891528e-11,0.9999999979964813,0.9999999985393547,0.9999999995051169,1.0,1.0,1.0,1.0,1.0,1.0,1.0,1.0,1.0,0.0,0.0,0.0,0.0,0.0,7.11449926749097e-11,-3.464181941303934e-10,3.485490464935607e-12,1.8620370745155532e-12
97.4,0.0,3.383090644824579e-12,3.3080054251399814e-10,1.2999999986792132,2.2690772996312498e-11,1.300000000377666,1.3000000004963093,1.3000000005633423,0.11538461533461458,0.11538461534056427,0.11538461535109473,1.6915453224122894e-11,2.2690772996312498e-11,2.5774926279359988e-11,0.9999999980821361,0.9999999986022335,0.9999999995274278,1.0,1.0,1.0,1.0,1.0,1.0,1.0,1.0,1.0,0.0,0.0,0.0,0.0,0.0,6.918834949409813e-11,-3.3080054251399814e-10,3.383090644824579e-12,1.8073325032683673e-12
97.60000000000001,0.0,3.2836992171519367e-12,3.158587058571527e-10,1.299999998743868,2.202414340820215e-11,1.3000000003672816,1.300000000482663,1.3000000005478527,0.1153846153359894,0.11538461534177546,0.11538461535201643,1.6418496085759683e-11,2.202414340820215e-11,2.5017687709656947e-11,0.9999999981642034,0.9999999986624655,0.9999999995487733,1.0,1.0,1.0,1.0,1.0,1.0,1.0,1.0,1.0,0.0,0.0,0.0,0.0,0.0,6.7285399474315e-11,-3.158587058571527e-10,3.2836992171519367e-12,1.754235091275042e-12
97.80000000000001,0.0,3.187227798705153e-12,3.015633853742372e-10,1.2999999988056,2.1377098653443077e-11,1.3000000003571832,1.3000000004693917,1.3000000005327894,0.11538461533732638,0.11538461534295338,0.11538461535291272,1.5936138993525763e-11,2.1377098653443077e-11,2.428269596406626e-11,0.9999999982428254,0.9999999987201601,0.9999999995691952,1.0,1.0,1.0,1.0,1.0,1.0,1.0,1.0,1.0,0.0,0.0,0.0,0.0,0.0,6.543506014811129e-11,-3.015633853742372e-10,3.187227798705153e-12,1.7026976219902618e-12
98.0,0.0,3.0935906028718615e-12,2.878888571977711e-10,1.2999999988645348,2.07490633514878e-11,1.300000000347362,1.3000000004564858,1.3000000005181396,0.11538461533862666,0.11538461534409893,0.11538461535378444,1.5467953014359306e-11,2.07490633514878e-11,2.3569297455722645e-11,0.9999999983181486,0.9999999987754226,0.9999999995887302,1.0,1.0,1.0,1.0,1.0,1.0,1.0,1.0,1.0,0.0,0.0,0.0,0.0,0.0,6.363549964749637e-11,-2.878888571977711e-10,3.0935906028718615e-12,1.6526742660381214e-12
98.2,0.0,3.002704363354607e-12,2.74806832845087e-10,1.2999999989207944,2.0139479025827077e-11,1.3000000003378114,1.3000000004439343,1.3000000005038934,0.11538461533989111,0.11538461534521291,0.11538461535463213,1.5013521816773034e-11,2.0139479025827077e-11,2.2876857799413366e-11,0.9999999983903111,0.9999999988283542,0.9999999996074188,1.0,1.0,1.0,1.0,1.0,1.0,1.0,1.0,1.0,0.0,0.0,0.0,0.0,0.0,6.18855661160822e-11,-2.74806832845087e-10,3.002704363354607e-12,1.6041205404586277e-12
98.4,0.0,2.914488260126856e-12,2.622943862107263e-10,1.2999999989744953,1.9547803607368404e-11,1.3000000003285228,1.3000000004317283,1.3000000004900385,0.11538461534112084,0.1153846153462963,0.11538461535545655,1.4572441300634278e-11,1.9547803607368404e-11,2.2204761247455442e-11,0.999999998459439,0.9999999988790517,0.9999999996252937,1.0,1.0,1.0,1.0,1.0,1.0,1.0,1.0,1.0,0.0,0.0,0.0,0.0,0.0,6.018346931924157e-11,-2.622943862107263e-10,2.914488260126856e-12,1.5569932691515173e-12
98.60000000000001,0.0,2.828863847564245e-12,2.503254825647616e-10,1.299999999025749,1.8973510952404226e-11,1.30000000031949,1.3000000004198577,1.300000000476565,0.11538461534231671,0.1153846153473499,0.11538461535625828,1.4144319237821224e-11,1.8973510952404226e-11,2.155241014214557e-11,0.9999999985256629,0.9999999989276084,0.9999999996423922,1.0,1.0,1.0,1.0,1.0,1.0,1.0,1.0,1.0,0.0,0.0,0.0,0.0,0.0,5.852809903394984e-11,-2.503254825647616e-10,2.828863847564245e-12,1.5112505444821669e-12
98.80000000000001,0.0,2.7457549846873207e-12,2.3887898326080404e-10,1.2999999990746607,1.841609037474194e-11,1.3000000003107062,1.3000000004083136,1.300000000463462,0.1153846153434797,0.11538461534837452,0.11538461535703791,1.3728774923436603e-11,1.841609037474194e-11,2.091922438429685e-11,0.9999999985890988,0.999999998974113,0.9999999996587443,1.0,1.0,1.0,1.0,1.0,1.0,1.0,1.0,1.0,0.0,0.0,0.0,0.0,0.0,5.691895565984595e-11,-2.3887898326080404e-10,2.7457549846873207e-12,1.4668516900154909e-12
99.0,0.0,2.665087767453629e-12,2.2793040788116057e-10,1.2999999991213336,1.7875046191579418e-11,1.3000000003021626,1.300000000397087,1.300000000450719,0.11538461534461072,0.11538461534937094,0.11538461535779622,1.3325438837268145e-11,1.7875046191579418e-11,2.0304640917389085e-11,0.9999999986498667,0.9999999990186509,0.9999999996743851,1.0,1.0,1.0,1.0,1.0,1.0,1.0,1.0,1.0,0.0,0.0,0.0,0.0,0.0,5.535313873927805e-11,-2.2793040788116057e-10,2.665087767453629e-12,1.4237572243446716e-12
99.2,0.0,2.5867904630390015e-12,2.174608715321824e-10,1.2999999991658648,1.7349897282721954e-11,1.3000000002938552,1.3000000003861696,1.3000000004383268,0.11538461534571064,0.11538461535033996,0.11538461535853356,1.2933952315195007e-11,1.7349897282721954e-11,1.9708113226874228e-11,0.9999999987080751,0.9999999990613041,0.9999999996893416,1.0,1.0,1.0,1.0,1.0,1.0,1.0,1.0,1.0,0.0,0.0,0.0,0.0,0.0,5.383116175039504e-11,-2.174608715321824e-10,2.5867904630390015e-12,1.381928825982561e-12
99.4,0.0,2.510793446049598e-12,2.0744806983330476e-10,1.2999999992083484,1.684017666274937e-11,1.3000000002857757,1.300000000375552,1.300000000426275,0.11538461534678032,0.11538461535128233,0.11538461535925068,1.2553967230247989e-11,1.684017666274937e-11,1.91291108541918e-11,0.9999999987638301,0.9999999991021508,0.9999999997036456,1.0,1.0,1.0,1.0,1.0,1.0,1.0,1.0,1.0,0.0,0.0,0.0,0.0,0.0,5.235077649157205e-11,-2.0744806983330476e-10,2.510793446049598e-12,1.3413292992845377e-12
99.60000000000001,0.0,2.43702913660795e-12,1.9787591565290084e-10,1.2999999992488736,1.634543106575193e-11,1.3000000002779184,1.3000000003652263,1.3000000004145549,0.11538461534782057,0.11538461535219885,0.11538461535994807,1.218514568303975e-11,1.634543106575193e-11,1.8567118925061874e-11,0.9999999988172357,0.9999999991412669,0.9999999997173201,1.0,1.0,1.0,1.0,1.0,1.0,1.0,1.0,1.0,0.0,0.0,0.0,0.0,0.0,5.091094212872349e-11,-1.9787591565290084e-10,2.43702913660795e-12,1.3019225413725133e-12
99.80000000000001,0.0,2.365431940257969e-12,1.8871930684838388e-10,1.2999999992875264,1.5865220542266506e-11,1.3000000002702778,1.300000000355185,1.3000000004031573,0.11538461534883218,0.1153846153530901,0.11538461536062622,1.1827159701289844e-11,1.5865220542266506e-11,1.8021637691636233e-11,0.9999999988683854,0.9999999991787241,0.999999999730401,1.0,1.0,1.0,1.0,1.0,1.0,1.0,1.0,1.0,0.0,0.0,0.0,0.0,0.0,4.9511492128395673e-11,-1.8871930684838388e-10,2.365431940257969e-12,1.2636735100306635e-12
100.0,0.0,2.2959381896354857e-12,1.7996876211512358e-10,1.2999999993243883,1.539911806805424e-11,1.3000000002628465,1.3000000003454195,1.300000000392073,0.11538461534981599,0.11538461535395685,0.11538461536128582,1.1479690948177427e-11,1.539911806805424e-11,1.749218208810079e-11,0.9999999989173777,0.9999999992145916,0.9999999997429018,1.0,1.0,1.0,1.0,1.0,1.0,1.0,1.0,1.0,0.0,0.0,0.0,0.0,0.0,4.8149442766209916e-11,-1.7996876211512358e-10,2.2959381896354857e-12,1.2265481925443661e-12
100.2,0.0,2.2284860878524287e-12,1.7160050047593244e-10,1.299999999359539,1.4946709164371775e-11,1.3000000002556196,1.3000000003359224,1.3000000003812933,0.11538461535077278,0.11538461535479977,0.11538461536192725,1.1142430439262143e-11,1.4946709164371775e-11,1.697828129933363e-11,0.9999999989643009,0.9999999992489359,0.9999999997548564,1.0,1.0,1.0,1.0,1.0,1.0,1.0,1.0,1.0,0.0,0.0,0.0,0.0,0.0,4.682523813137607e-11,-1.7160050047593244e-10,2.2284860878524287e-12,1.1905135754545834e-12
100.4,0.0,2.163015653544347e-12,1.6360131027681744e-10,1.299999999393053,1.4507591529398766e-11,1.3000000002485923,1.300000000326687,1.3000000003708103,0.11538461535170322,0.1153846153556195,0.11538461536255097,1.0815078267721734e-11,1.4507591529398766e-11,1.6479478342235797e-11,0.9999999990092385,0.9999999992818204,0.9999999997662838,1.0,1.0,1.0,1.0,1.0,1.0,1.0,1.0,1.0,0.0,0.0,0.0,0.0,0.0,4.553805943441347e-11,-1.6360131027681744e-10,2.163015653544347e-12,1.1555376152008689e-12
100.60000000000001,0.0,2.0994686675323316e-12,1.559548712393166e-10,1.2999999994250029,1.4081374680493357e-11,1.300000000241757,1.300000000317705,1.3000000003606156,0.11538461535260808,0.11538461535641668,0.11538461536315765,1.0497343337661658e-11,1.4081374680493357e-11,1.5995329659361788e-11,0.9999999990522764,0.9999999993133062,0.9999999997772073,1.0,1.0,1.0,1.0,1.0,1.0,1.0,1.0,1.0,0.0,0.0,0.0,0.0,0.0,4.428524214006302e-11,-1.559548712393166e-10,2.0994686675323316e-12,1.1215892096268265e-12
100.80000000000001,0.0,2.0377886210519808e-12,1.4864556252547345e-10,1.2999999994554579,1.3667679606957955e-11,1.3000000002351109,1.3000000003089707,1.3000000003507006,0.11538461535348811,0.11538461535719194,0.11538461536374756,1.0188943105259904e-11,1.3667679606957955e-11,1.552540472448882e-11,0.999999999093492,0.9999999993434517,0.9999999997876492,1.0,1.0,1.0,1.0,1.0,1.0,1.0,1.0,1.0,0.0,0.0,0.0,0.0,0.0,4.306779932683469e-11,-1.4864556252547345e-10,2.0377886210519808e-12,1.0886381703226992e-12
101.0,0.0,1.9779206655033313e-12,1.4165908446273077e-10,1.299999999484483,1.3266138433006303e-11,1.3000000002286467,1.300000000300476,1.3000000003410592,0.11538461535434386,0.11538461535794593,0.11538461536432129,9.889603327516656e-12,1.3266138433006303e-11,1.506928565977412e-11,0.99999999913296,0.9999999993723132,0.9999999997976299,1.0,1.0,1.0,1.0,1.0,1.0,1.0,1.0,1.0,0.0,0.0,0.0,0.0,0.0,4.188327462628649e-11,-1.4165908446273077e-10,1.9779206655033313e-12,1.0566551957805227e-12
101.2,0.0,1.9198115636770653e-12,1.3498253625954247e-10,1.2999999995121418,1.2876394090632116e-11,1.3000000002223606,1.3000000002922147,1.300000000331682,0.11538461535517615,0.11538461535867915,0.11538461536487923,9.599057818385325e-12,1.2876394090632118e-11,1.4626566864159496e-11,0.9999999991707573,0.9999999993999439,0.9999999998071678,1.0,1.0,1.0,1.0,1.0,1.0,1.0,1.0,1.0,0.0,0.0,0.0,0.0,0.0,4.073169579399405e-11,-1.3498253625954247e-10,1.9198115636770653e-12,1.025611845337931e-12
101.4,0.0,1.863409642413674e-12,1.2860161824335136e-10,1.2999999995384954,1.249810000208875e-11,1.3000000002162473,1.3000000002841812,1.3000000003225638,0.11538461535598546,0.1153846153593922,0.11538461536542183,9.31704821206837e-12,1.249810000208875e-11,1.4196854652693297e-11,0.9999999992069505,0.9999999994263957,0.9999999998162834,1.0,1.0,1.0,1.0,1.0,1.0,1.0,1.0,1.0,0.0,0.0,0.0,0.0,0.0,3.9611564028874113e-11,-1.2860161824335136e-10,1.863409642413674e-12,9.954805138874852e-13
101.60000000000001,0.0,1.8086647466534046e-12,1.2250428449434025e-10,1.2999999995636013,1.2130919771696937e-11,1.3000000002103023,1.3000000002763685,1.3000000003136951,0.11538461535677262,0.11538461536008567,0.1153846153659495,9.043323733267023e-12,1.2130919771696937e-11,1.3779766906448368e-11,0.999999999241606,0.999999999451718,0.9999999998249939,1.0,1.0,1.0,1.0,1.0,1.0,1.0,1.0,1.0,0.0,0.0,0.0,0.0,0.0,3.852244911950464e-11,-1.2250428449434025e-10,1.8086647466534046e-12,9.662344073289944e-13
101.80000000000001,0.0,1.755528194836188e-12,1.1667755650535128e-10,1.2999999995875153,1.1774526886707074e-11,1.3000000002045202,1.3000000002687702,1.3000000003050711,0.11538461535753806,0.11538461536076002,0.1153846153664627,8.77764097418094e-12,1.1774526886707074e-11,1.3374932732725198e-11,0.9999999992747906,0.9999999994759579,0.9999999998333178,1.0,1.0,1.0,1.0,1.0,1.0,1.0,1.0,1.0,0.0,0.0,0.0,0.0,0.0,3.746306043161951e-11,-1.1667755650535128e-10,1.755528194836188e-12,9.378475187430288e-13
102.0,0.0,1.7039527356118665e-12,1.1111140896247207e-10,1.29999999961029,1.1428604426949767e-11,1.3000000001988974,1.300000000261381,1.300000000296684,0.11538461535828248,0.11538461536141587,0.11538461536696176,8.519763678059332e-12,1.1428604426949767e-11,1.2981992135237912e-11,0.999999999306563,0.9999999994991607,0.9999999998412694,1.0,1.0,1.0,1.0,1.0,1.0,1.0,1.0,1.0,0.0,0.0,0.0,0.0,0.0,3.643269019804052e-11,-1.1111140896247207e-10,1.7039527356118665e-12,9.102946052644302e-13
102.2,0.0,1.6538925058222062e-12,1.0579309650537992e-10,1.2999999996319764,1.1092844783016452e-11,1.3000000001934295,1.3000000002541954,1.3000000002885275,0.11538461535900643,0.11538461536205369,0.11538461536744708,8.269462529111031e-12,1.1092844783016452e-11,1.2600595693989665e-11,0.9999999993369839,0.9999999995213703,0.999999999848867,1.0,1.0,1.0,1.0,1.0,1.0,1.0,1.0,1.0,0.0,0.0,0.0,0.0,0.0,3.5431158007526165e-11,-1.0579309650537992e-10,1.6538925058222062e-12,8.835511656352415e-13
102.4,0.0,1.6053029897173907e-12,1.0071142808598664e-10,1.299999999652623,1.0766949382719782e-11,1.3000000001881113,1.300000000247207,1.3000000002805951,0.11538461535971048,0.11538461536267394,0.11538461536791911,8.026514948586952e-12,1.0766949382719782e-11,1.223040425455328e-11,0.9999999993661108,0.9999999995426279,0.9999999998561265,1.0,1.0,1.0,1.0,1.0,1.0,1.0,1.0,1.0,0.0,0.0,0.0,0.0,0.0,3.4456576480934586e-11,-1.0071142808598664e-10,1.6053029897173907e-12,8.57593418417131e-13
102.60000000000001,0.0,1.558140979370652e-12,9.585933158362536e-11,1.2999999996722764,1.0450628425590034e-11,1.3000000001829404,1.3000000002404106,1.300000000272881,0.11538461536039517,0.11538461536327715,0.11538461536837807,7.790704896853259e-12,1.0450628425590034e-11,1.1871088626480106e-11,0.9999999993939936,0.9999999995629737,0.9999999998630581,1.0,1.0,1.0,1.0,1.0,1.0,1.0,1.0,1.0,0.0,0.0,0.0,0.0,0.0,3.350934807411221e-11,-9.585933158362536e-11,1.558140979370652e-12,8.323982808438769e-13
102.80000000000001,0.0,1.5123645362558885e-12,9.122413935358509e-11,1.299999999690981,1.014360062517189e-11,1.3000000001779104,1.3000000002338015,1.300000000265379,0.11538461536106102,0.1153846153638638,0.11538461536882452,7.561822681279442e-12,1.014360062517189e-11,1.1522329290569522e-11,0.9999999994206903,0.9999999995824461,0.9999999998696798,1.0,1.0,1.0,1.0,1.0,1.0,1.0,1.0,1.0,0.0,0.0,0.0,0.0,0.0,3.258761316349279e-11,-9.122413935358509e-11,1.5123645362558885e-12,8.079433482951765e-13
103.0,0.0,1.467932953954099e-12,8.679613694440036e-11,1.2999999997087797,9.845592958892186e-12,1.3000000001730196,1.3000000002273737,1.3000000002580836,0.11538461536170855,0.11538461536443426,0.1153846153692586,7.339664769770495e-12,9.845592958892186e-12,1.1183816114738455e-11,0.9999999994462445,0.9999999996010815,0.9999999998760055,1.0,1.0,1.0,1.0,1.0,1.0,1.0,1.0,1.0,0.0,0.0,0.0,0.0,0.0,3.1691746449347136e-11,-8.679613694440036e-11,1.467932953954099e-12,7.842068743734638e-13
103.2,0.0,1.4248067219554345e-12,8.256832995101603e-11,1.2999999997257132,9.556340425276208e-12,1.300000000168263,1.3000000002211232,1.3000000002509882,0.11538461536233832,0.11538461536498909,0.1153846153696808,7.124033609777172e-12,9.556340425276208e-12,1.085524807823827e-11,0.9999999994707078,0.9999999996189155,0.9999999998820452,1.0,1.0,1.0,1.0,1.0,1.0,1.0,1.0,1.0,0.0,0.0,0.0,0.0,0.0,3.0820360152894466e-11,-8.256832995101603e-11,1.4248067219554345e-12,7.611677515660638e-13
103.4,0.0,1.3829474905247396e-12,7.853185879369562e-11,1.29999999974182,9.275585808296905e-12,1.3000000001636374,1.3000000002150442,1.3000000002440888,0.1153846153629507,0.11538461536552863,0.11538461537009136,6.914737452623698e-12,9.275585808296906e-12,1.0536333003974053e-11,0.9999999994941265,0.9999999996359815,0.9999999998878116,1.0,1.0,1.0,1.0,1.0,1.0,1.0,1.0,1.0,0.0,0.0,0.0,0.0,0.0,2.997281589589562e-11,-7.853185879369562e-11,1.3829474905247396e-12,7.388054924754726e-13
103.60000000000001,0.0,1.3423180365992806e-12,7.46769313053619e-11,1.2999999997571379,9.003079448647015e-12,1.3000000001591387,1.3000000002091325,1.3000000002373782,0.11538461536354631,0.11538461536605335,0.11538461537049063,6.7115901829964024e-12,9.003079448647015e-12,1.0226787298687849e-11,0.999999999516541,0.9999999996523119,0.9999999998933187,1.0,1.0,1.0,1.0,1.0,1.0,1.0,1.0,1.0,0.0,0.0,0.0,0.0,0.0,2.914862795577733e-11,-7.46769313053619e-11,1.3423180365992806e-12,7.171002116010552e-13
103.80000000000001,0.0,1.3028822306883634e-12,7.099647536534802e-11,1.2999999997717024,8.738579021731124e-12,1.300000000154764,1.3000000002033831,1.3000000002308527,0.11538461536412549,0.11538461536656364,0.11538461537087893,6.514411153441817e-12,8.738579021731126e-12,9.926335700775155e-12,0.9999999995379972,0.9999999996679381,0.9999999998985765,1.0,1.0,1.0,1.0,1.0,1.0,1.0,1.0,1.0,0.0,0.0,0.0,0.0,0.0,2.8347033054210158e-11,-7.099647536534802e-11,1.3028822306883634e-12,6.960326076560011e-13
104.0,0.0,1.2646050047454154e-12,6.748271941248162e-11,1.2999999997855476,8.48184932218001e-12,1.3000000001505096,1.3000000001977918,1.3000000002245062,0.11538461536468879,0.11538461536705988,0.11538461537125654,6.323025023727076e-12,8.48184932218001e-12,9.634711035510218e-12,0.9999999995585316,0.9999999996828888,0.9999999999035961,1.0,1.0,1.0,1.0,1.0,1.0,1.0,1.0,1.0,0.0,0.0,0.0,0.0,0.0,2.7567920168891646e-11,-6.748271941248162e-11,1.2646050047454154e-12,6.755839464037612e-13
104.2,0.0,1.2274523209839274e-12,6.413022335394202e-11,1.2999999997987062,8.23266205469566e-12,1.3000000001463716,1.3000000001923544,1.3000000002183347,0.11538461536523656,0.11538461536754249,0.11538461537162381,6.137261604919637e-12,8.23266205469566e-12,9.351653977462524e-12,0.9999999995781875,0.9999999996971936,0.9999999999083854,1.0,1.0,1.0,1.0,1.0,1.0,1.0,1.0,1.0,0.0,0.0,0.0,0.0,0.0,2.6809651720860472e-11,-6.413022335394202e-11,1.2274523209839274e-12,6.557360439987491e-13
104.4,0.0,1.191391141609581e-12,6.092880644459342e-11,1.2999999998112097,7.990795631041195e-12,1.300000000142348,1.3000000001870669,1.3000000002123324,0.11538461536576931,0.11538461536801183,0.11538461537198094,5.956955708047904e-12,7.990795631041195e-12,9.076912819893349e-12,0.9999999995969959,0.9999999997108792,0.9999999999129588,1.0,1.0,1.0,1.0,1.0,1.0,1.0,1.0,1.0,0.0,0.0,0.0,0.0,0.0,2.6072352610206906e-11,-6.092880644459342e-11,1.191391141609581e-12,6.364712508164706e-13
104.60000000000001,0.0,1.1563893994415832e-12,5.787419432579099e-11,1.2999999998230873,7.756034972994836e-12,1.300000000138435,1.3000000001819243,1.3000000002064955,0.11538461536628737,0.11538461536846828,0.11538461537232825,5.781946997207915e-12,7.756034972994836e-12,8.810243250927046e-12,0.9999999996149966,0.9999999997239718,0.9999999999173226,1.0,1.0,1.0,1.0,1.0,1.0,1.0,1.0,1.0,0.0,0.0,0.0,0.0,0.0,2.5355842425689445e-11,-5.787419432579099e-11,1.1563893994415832e-12,6.177724357587027e-13
104.80000000000001,0.0,1.122415969397125e-12,5.4959858886149955e-11,1.2999999998343685,7.52817132109293e-12,1.3000000001346292,1.3000000001769232,1.300000000200819,0.11538461536679122,0.11538461536891217,0.11538461537266603,5.612079846985624e-12,7.52817132109293e-12,8.551408136298208e-12,0.9999999996322243,0.9999999997364968,0.9999999999214859,1.0,1.0,1.0,1.0,1.0,1.0,1.0,1.0,1.0,0.0,0.0,0.0,0.0,0.0,2.4658441954983346e-11,-5.4959858886149955e-11,1.122415969397125e-12,5.996229710197672e-13
105.0,0.0,1.0894406408135981e-12,5.217732912399242e-11,1.2999999998450806,7.307002048991909e-12,1.3000000001309289,1.3000000001720597,1.3000000001952983,0.11538461536728122,0.11538461536934382,0.11538461537299448,5.44720320406799e-12,7.307002048991909e-12,8.300177308481548e-12,0.9999999996487079,0.9999999997484775,0.999999999925461,1.0,1.0,1.0,1.0,1.0,1.0,1.0,1.0,1.0,0.0,0.0,0.0,0.0,0.0,2.3980678554025303e-11,-5.217732912399242e-11,1.0894406408135981e-12,5.820067173003659e-13
105.2,0.0,1.0574340905839406e-12,4.952505072708391e-11,1.2999999998552485,7.092330483284011e-12,1.300000000127329,1.3000000001673293,1.3000000001899297,0.11538461536775772,0.11538461536976362,0.11538461537331399,5.287170452919702e-12,7.092330483284011e-12,8.056327362016744e-12,0.999999999664482,0.9999999997599377,0.9999999999292499,1.0,1.0,1.0,1.0,1.0,1.0,1.0,1.0,1.0,0.0,0.0,0.0,0.0,0.0,2.3321067299519882e-11,-4.952505072708391e-11,1.0574340905839406e-12,5.649080094557965e-13
105.4,0.0,1.0263678570812581e-12,4.699268751906516e-11,1.2999999998648983,6.883965728606754e-12,1.300000000123829,1.3000000001627297,1.3000000001847087,0.11538461536822112,0.1153846153701719,0.11538461537362464,5.1318392854062904e-12,6.883965728606754e-12,7.819641454846634e-12,0.999999999679575,0.9999999997708988,0.9999999999328676,1.0,1.0,1.0,1.0,1.0,1.0,1.0,1.0,1.0,0.0,0.0,0.0,0.0,0.0,2.2679899625011046e-11,-4.699268751906516e-11,1.0263678570812581e-12,5.483116425658301e-13
105.60000000000001,0.0,9.9621431484949e-13,4.457852975647824e-11,1.2999999998740537,6.681722497890348e-12,1.3000000001204253,1.3000000001582566,1.3000000001796312,0.11538461536867178,0.11538461537056893,0.11538461537392675,4.981071574247449e-12,6.681722497890348e-12,7.589909115491688e-12,0.9999999996940133,0.9999999997813823,0.9999999999363164,1.0,1.0,1.0,1.0,1.0,1.0,1.0,1.0,1.0,0.0,0.0,0.0,0.0,0.0,2.205652327447183e-11,-4.457852975647824e-11,9.9621431484949e-13,5.322028584138248e-13
105.80000000000001,0.0,9.669466500376451e-13,4.227659333722044e-11,1.2999999998827372,6.485420947592342e-12,1.3000000001171146,1.300000000153906,1.3000000001746932,0.11538461536911007,0.11538461537095507,0.1153846153742206,4.834733250188225e-12,6.485420947592342e-12,7.366926055889559e-12,0.9999999997078306,0.9999999997914083,0.9999999999396049,1.0,1.0,1.0,1.0,1.0,1.0,1.0,1.0,1.0,0.0,0.0,0.0,0.0,0.0,2.1449814147089796e-11,-4.227659333722044e-11,9.669466500376451e-13,5.16567332363072e-13
106.0,0.0,9.38538836555752e-13,4.0080194718683514e-11,1.2999999998909713,6.294886517772877e-12,1.300000000113895,1.3000000001496754,1.300000000169891,0.1153846153695363,0.1153846153713306,0.11538461537450637,4.6926941827787595e-12,6.294886517772877e-12,7.150493989733206e-12,0.9999999997210496,0.9999999998009967,0.9999999999427426,1.0,1.0,1.0,1.0,1.0,1.0,1.0,1.0,1.0,0.0,0.0,0.0,0.0,0.0,2.0860049798621105e-11,-4.0080194718683514e-11,9.38538836555752e-13,5.013911606187072e-13
106.2,0.0,9.10965612931312e-13,3.79862252763985e-11,1.299999999898776,6.10994977686827e-12,1.3000000001107646,1.3000000001455612,1.300000000165221,0.1153846153699508,0.11538461537169578,0.11538461537478421,4.5548280646565604e-12,6.109949776868271e-12,6.940420456145965e-12,0.9999999997336934,0.9999999998101654,0.999999999945734,1.0,1.0,1.0,1.0,1.0,1.0,1.0,1.0,1.0,0.0,0.0,0.0,0.0,0.0,2.028670287312906e-11,-3.79862252763985e-11,9.10965612931312e-13,4.866608478638386e-13
106.4,0.0,8.842024598457047e-13,3.599056608294404e-11,1.299999999906172,5.9304462710251475e-12,1.3000000001077199,1.30000000014156,1.3000000001606788,0.11538461537035394,0.11538461537205091,0.11538461537505444,4.421012299228523e-12,5.9304462710251475e-12,6.7365186485369866e-12,0.9999999997457881,0.9999999998189328,0.9999999999485849,1.0,1.0,1.0,1.0,1.0,1.0,1.0,1.0,1.0,0.0,0.0,0.0,0.0,0.0,1.9729065603435458e-11,-3.599056608294404e-11,8.842024598457047e-13,4.723632952589266e-13
106.60000000000001,0.0,8.582255783305228e-13,3.408847648600499e-11,1.2999999999131786,5.7562163778608e-12,1.3000000001047587,1.3000000001376684,1.3000000001562624,0.11538461537074594,0.11538461537239629,0.11538461537531727,4.291127891652614e-12,5.7562163778608e-12,6.538607248484566e-12,0.9999999997573591,0.9999999998273154,0.9999999999513022,1.0,1.0,1.0,1.0,1.0,1.0,1.0,1.0,1.0,0.0,0.0,0.0,0.0,0.0,1.9186416344574297e-11,-3.408847648600499e-11,8.582255783305228e-13,4.584857887937182e-13
106.80000000000001,0.0,8.330118686044942e-13,3.227443867714896e-11,1.2999999999198137,5.587105164519988e-12,1.300000000101879,1.300000000133884,1.300000000151967,0.1153846153711272,0.11538461537273217,0.11538461537557286,4.165059343022471e-12,5.587105164519989e-12,6.346510264499891e-12,0.9999999997684258,0.9999999998353302,0.9999999999538937,1.0,1.0,1.0,1.0,1.0,1.0,1.0,1.0,1.0,0.0,0.0,0.0,0.0,0.0,1.8658838363272423e-11,-3.227443867714896e-11,8.330118686044942e-13,4.4501598798139363e-13
107.0,0.0,8.085389095321417e-13,3.0546509766082863e-11,1.299999999926094,5.422962249901868e-12,1.3000000000990783,1.300000000130204,1.3000000001477898,0.11538461537149794,0.1153846153730588,0.11538461537582144,4.042694547660708e-12,5.422962249901868e-12,6.160056875527693e-12,0.9999999997790118,0.9999999998429925,0.9999999999563621,1.0,1.0,1.0,1.0,1.0,1.0,1.0,1.0,1.0,0.0,0.0,0.0,0.0,0.0,1.8145943081471216e-11,-3.0546509766082863e-11,8.085389095321417e-13,4.319419148848649e-13
107.2,0.0,7.84784938685922e-13,2.8900026816103262e-11,1.2999999999320375,5.263641670934484e-12,1.300000000096355,1.3000000001266248,1.300000000143727,0.11538461537185854,0.11538461537337649,0.11538461537606316,3.92392469342961e-12,5.263641670934484e-12,5.979081279044635e-12,0.9999999997891343,0.9999999998503176,0.9999999999587142,1.0,1.0,1.0,1.0,1.0,1.0,1.0,1.0,1.0,0.0,0.0,0.0,0.0,0.0,1.7646939465265632e-11,-2.8900026816103262e-11,7.84784938685922e-13,4.1925194346546513e-13
107.4,0.0,7.617288329941325e-13,2.7330870899788804e-11,1.2999999999376592,5.109001752778073e-12,1.3000000000937062,1.3000000001231442,1.3000000001397765,0.11538461537220919,0.11538461537368541,0.11538461537629827,3.808644164970662e-12,5.109001752778073e-12,5.803422543620528e-12,0.9999999997988162,0.9999999998573192,0.9999999999609559,1.0,1.0,1.0,1.0,1.0,1.0,1.0,1.0,1.0,0.0,0.0,0.0,0.0,0.0,1.7161688736777592e-11,-2.7330870899788804e-11,7.617288329941325e-13,4.069347892445727e-13
107.60000000000001,0.0,7.393500899573403e-13,2.5836865980011224e-11,1.2999999999429748,4.958904982841548e-12,1.3000000000911305,1.3000000001197594,1.3000000001359344,0.1153846153725502,0.11538461537398587,0.11538461537652688,3.696750449786701e-12,4.958904982841548e-12,5.632924465810983e-12,0.9999999998080744,0.999999999864012,0.9999999999630902,1.0,1.0,1.0,1.0,1.0,1.0,1.0,1.0,1.0,0.0,0.0,0.0,0.0,0.0,1.668991334025094e-11,-2.5836865980011224e-11,7.393500899573403e-13,3.9497949926895355e-13
107.80000000000001,0.0,7.176288094166685e-13,2.4413737698125714e-11,1.2999999999479985,4.813217888500284e-12,1.3000000000886258,1.3000000001164673,1.3000000001321976,0.11538461537288186,0.11538461537427806,0.11538461537674918,3.588144047083342e-12,4.813217888500284e-12,5.4674354312544905e-12,0.9999999998169283,0.999999999870409,0.9999999999651232,1.0,1.0,1.0,1.0,1.0,1.0,1.0,1.0,1.0,0.0,0.0,0.0,0.0,0.0,1.6231363475505134e-11,-2.4413737698125714e-11,7.176288094166685e-13,3.8337544237091425e-13
108.0,0.0,6.965456758576993e-13,2.3057600273546085e-11,1.299999999952745,4.671810918406428e-12,1.3000000000861893,1.3000000001132657,1.3000000001285636,0.11538461537320441,0.11538461537456218,0.11538461537696544,3.482728379288496e-12,4.671810918406429e-12,5.306808279850303e-12,0.9999999998253917,0.9999999998765222,0.9999999999670606,1.0,1.0,1.0,1.0,1.0,1.0,1.0,1.0,1.0,0.0,0.0,0.0,0.0,0.0,1.5784831775000896e-11,-2.3057600273546085e-11,6.965456758576993e-13,3.7211229971460863e-13
108.2,0.0,6.760819412342681e-13,2.1768142843825444e-11,1.2999999999572263,4.534558327286116e-12,1.30000000008382,1.3000000001101528,1.3000000001250303,0.11538461537351802,0.11538461537483853,0.11538461537717573,3.38040970617134e-12,4.534558327286116e-12,5.1509001748971524e-12,0.9999999998334875,0.9999999998823645,0.9999999999689027,1.0,1.0,1.0,1.0,1.0,1.0,1.0,1.0,1.0,0.0,0.0,0.0,0.0,0.0,1.5350873350250538e-11,-2.1768142843825444e-11,6.760819412342681e-13,3.6118005562006573e-13
108.4,0.0,6.562194082968895e-13,2.0539070444414165e-11,1.299999999961456,4.401338064121337e-12,1.3000000000815168,1.3000000001071244,1.3000000001215934,0.11538461537382307,0.11538461537510727,0.11538461537738016,3.281097041484447e-12,4.401338064121337e-12,4.999572476076703e-12,0.9999999998412245,0.9999999998879473,0.9999999999706585,1.0,1.0,1.0,1.0,1.0,1.0,1.0,1.0,1.0,0.0,0.0,0.0,0.0,0.0,1.4929155134346672e-11,-2.0539070444414165e-11,6.562194082968895e-13,3.5056898865682033e-13
108.60000000000001,0.0,6.369404144109581e-13,1.9370538506535694e-11,1.299999999965446,4.272031663616761e-12,1.3000000000792753,1.3000000001041803,1.300000000118251,0.11538461537411973,0.11538461537536862,0.11538461537757912,3.1847020720547902e-12,4.272031663616761e-12,4.8526906161684304e-12,0.9999999998486211,0.9999999998932814,0.9999999999723278,1.0,1.0,1.0,1.0,1.0,1.0,1.0,1.0,1.0,0.0,0.0,0.0,0.0,0.0,1.4518164448418247e-11,-1.9370538506535694e-11,6.369404144109581e-13,3.402696629991826e-13
108.80000000000001,0.0,6.18227815850362e-13,1.825710693736937e-11,1.2999999999692078,4.146524140855242e-12,1.3000000000770968,1.3000000001013163,1.300000000115001,0.1153846153744082,0.11538461537562279,0.11538461537777246,3.09113907925181e-12,4.146524140855242e-12,4.710123981386574e-12,0.9999999998556935,0.9999999998983778,0.9999999999739184,1.0,1.0,1.0,1.0,1.0,1.0,1.0,1.0,1.0,0.0,0.0,0.0,0.0,0.0,1.4119358460185083e-11,-1.825710693736937e-11,6.18227815850362e-13,3.3027292003549187e-13
109.0,0.0,6.000649725525322e-13,1.7199397461808984e-11,1.2999999999727527,4.024703889048178e-12,1.3000000000749776,1.3000000000985317,1.3000000001118392,0.11538461537468882,0.11538461537586996,0.11538461537796056,3.000324862762661e-12,4.024703889048178e-12,4.5717457952326526e-12,0.9999999998624536,0.9999999999032468,0.9999999999754294,1.0,1.0,1.0,1.0,1.0,1.0,1.0,1.0,1.0,0.0,0.0,0.0,0.0,0.0,1.3731252246351744e-11,-1.7199397461808984e-11,6.000649725525322e-13,3.2056987022387837e-13
109.2,0.0,5.824357333213635e-13,1.6192203133869042e-11,1.299999999976091,3.906462580289843e-12,1.3000000000729168,1.3000000000958234,1.3000000001087657,0.11538461537496161,0.11538461537611035,0.11538461537814347,2.9121786666068175e-12,3.906462580289843e-12,4.437433005760189e-12,0.9999999998689141,0.999999999907898,0.9999999999768683,1.0,1.0,1.0,1.0,1.0,1.0,1.0,1.0,1.0,0.0,0.0,0.0,0.0,0.0,1.3353748662403575e-11,-1.6192203133869042e-11,5.824357333213635e-13,3.111518851872877e-13
109.4,0.0,5.653244214648716e-13,1.5234669081820582e-11,1.2999999999792329,3.791695069227515e-12,1.3000000000709124,1.3000000000931897,1.3000000001057759,0.11538461537522698,0.11538461537634412,0.11538461537832138,2.8266221073243575e-12,3.791695069227515e-12,4.307066176151614e-12,0.9999999998750888,0.9999999999123409,0.9999999999782362,1.0,1.0,1.0,1.0,1.0,1.0,1.0,1.0,1.0,0.0,0.0,0.0,0.0,0.0,1.2986486885857573e-11,-1.5234669081820582e-11,5.653244214648716e-13,3.0201059004076035e-13
109.60000000000001,0.0,5.487158208547873e-13,1.4324386121700171e-11,1.2999999999821878,3.680299299561584e-12,1.3000000000689633,1.3000000000906282,1.3000000001028684,0.11538461537548504,0.11538461537657148,0.11538461537849437,2.7435791042739366e-12,3.680299299561584e-12,4.180529378509747e-12,0.9999999998809888,0.9999999999165844,0.9999999999795366,1.0,1.0,1.0,1.0,1.0,1.0,1.0,1.0,1.0,0.0,0.0,0.0,0.0,0.0,1.2629577939016201e-11,-1.4324386121700171e-11,5.487158208547873e-13,2.931378559441054e-13
109.80000000000001,0.0,5.325951623957081e-13,1.3458167913427132e-11,1.2999999999849654,3.5721762132926318e-12,1.300000000067068,1.3000000000881373,1.3000000001000411,0.115384615375736,0.11538461537679257,0.1153846153786626,2.6629758119785406e-12,3.5721762132926318e-12,4.057710090769661e-12,0.9999999998866301,0.9999999999206372,0.999999999980774,1.0,1.0,1.0,1.0,1.0,1.0,1.0,1.0,1.0,0.0,0.0,0.0,0.0,0.0,1.2282411199215915e-11,-1.3458167913427132e-11,5.325951623957081e-13,2.845257928733886e-13
110.0,0.0,5.169481108917736e-13,1.2635936741389741e-11,1.2999999999875744,3.467229662634721e-12,1.3000000000652245,1.3000000000857146,1.300000000097291,0.11538461537598008,0.11538461537700757,0.11538461537882622,2.5847405544588683e-12,3.467229662634721e-12,3.938499096639123e-12,0.9999999998920172,0.9999999999245072,0.9999999999819487,1.0,1.0,1.0,1.0,1.0,1.0,1.0,1.0,1.0,0.0,0.0,0.0,0.0,0.0,1.1944667477337134e-11,-1.2635936741389741e-11,5.169481108917736e-13,2.761667426047721e-13
110.2,0.0,5.017607522991772e-13,1.1853418246943192e-11,1.2999999999900225,3.3653663245165466e-12,1.3000000000634317,1.3000000000833587,1.3000000000946172,0.1153846153762174,0.11538461537721671,0.11538461537898534,2.5088037614958857e-12,3.365366324516547e-12,3.822790388478666e-12,0.999999999897167,0.9999999999282028,0.9999999999830665,1.0,1.0,1.0,1.0,1.0,1.0,1.0,1.0,1.0,0.0,0.0,0.0,0.0,0.0,1.161622187328959e-11,-1.1853418246943192e-11,5.017607522991772e-13,2.680532719044872e-13
110.4,0.0,4.870195813531944e-13,1.1111078723757828e-11,1.2999999999923182,3.26649561759451e-12,1.300000000061688,1.3000000000810672,1.3000000000920164,0.11538461537644824,0.11538461537742005,0.11538461537914012,2.435097906765972e-12,3.2664956175945102e-12,3.710481073034991e-12,0.999999999902086,0.9999999999317312,0.999999999984127,1.0,1.0,1.0,1.0,1.0,1.0,1.0,1.0,1.0,0.0,0.0,0.0,0.0,0.0,1.129682458689274e-11,-1.1111078723757828e-11,4.870195813531944e-13,2.6017816591888e-13
110.60000000000001,0.0,4.727114895587052e-13,1.0404954675635736e-11,1.2999999999944691,3.1705296217037955e-12,1.3000000000599927,1.3000000000788392,1.300000000089488,0.11538461537667266,0.11538461537761782,0.11538461537929058,2.363557447793526e-12,3.1705296217037955e-12,3.6014712799437414e-12,0.9999999999067841,0.9999999999350999,0.9999999999851358,1.0,1.0,1.0,1.0,1.0,1.0,1.0,1.0,1.0,0.0,0.0,0.0,0.0,0.0,1.0986600518236855e-11,-1.0404954675635736e-11,4.727114895587052e-13,2.5253442175864396e-13
110.80000000000001,0.0,4.588237535335486e-13,9.73535696502381e-12,1.2999999999964829,3.0773829996759117e-12,1.3000000000583438,1.3000000000766723,1.3000000000870278,0.11538461537689103,0.11538461537781015,0.11538461537943694,2.2941187676677426e-12,3.0773829996759117e-12,3.495664072920417e-12,0.9999999999112726,0.9999999999383157,0.9999999999860923,1.0,1.0,1.0,1.0,1.0,1.0,1.0,1.0,1.0,0.0,0.0,0.0,0.0,0.0,1.0684370055358272e-11,-9.73535696502381e-12,4.588237535335486e-13,2.4511524227154557e-13
111.0,0.0,4.453440236943317e-13,9.099410114288275e-12,1.2999999999983656,2.9869729214531487e-12,1.3000000000567404,1.300000000074565,1.300000000084636,0.11538461537710332,0.11538461537799717,0.11538461537957925,2.2267201184716585e-12,2.9869729214531487e-12,3.3929653635603785e-12,0.9999999999155614,0.9999999999413852,0.9999999999870008,1.0,1.0,1.0,1.0,1.0,1.0,1.0,1.0,1.0,0.0,0.0,0.0,0.0,0.0,1.0390840965435189e-11,-9.099410114288275e-12,4.453440236943317e-13,2.3791402999809895e-13
111.2,0.0,4.322603132746381e-13,8.4957152424181e-12,1.3000000000001248,2.8992189904324365e-12,1.3000000000551801,1.3000000000725154,1.3000000000823095,0.1153846153773098,0.11538461537817908,0.11538461537971774,2.16130156637319e-12,2.8992189904324365e-12,3.2932838276712987e-12,0.9999999999196552,0.9999999999443147,0.9999999999878633,1.0,1.0,1.0,1.0,1.0,1.0,1.0,1.0,1.0,0.0,0.0,0.0,0.0,0.0,1.0104597714111208e-11,-8.4957152424181e-12,4.322603132746381e-13,2.3092438130481414e-13
111.4,0.0,4.195609876658744e-13,7.922329459120192e-12,1.300000000001766,2.8140431719732e-12,1.300000000053664,1.3000000000705223,1.3000000000800478,0.11538461537751055,0.11538461537835598,0.1153846153798523,2.097804938329372e-12,2.8140431719732e-12,3.1965308240637204e-12,0.9999999999235668,0.9999999999471103,0.9999999999886824,1.0,1.0,1.0,1.0,1.0,1.0,1.0,1.0,1.0,0.0,0.0,0.0,0.0,0.0,9.827264002559843e-12,-7.922329459120192e-12,4.195609876658744e-13,2.2414008068980712e-13
111.60000000000001,0.0,4.0723475407126205e-13,7.379641342453169e-12,1.3000000000032954,2.7313697240055154e-12,1.3000000000521892,1.3000000000685843,1.3000000000778476,0.11538461537770583,0.11538461537852802,0.11538461537998321,2.03617377035631e-12,2.7313697240055154e-12,3.102620315727407e-12,0.9999999999273019,0.9999999999497778,0.9999999999894577,1.0,1.0,1.0,1.0,1.0,1.0,1.0,1.0,1.0,0.0,0.0,0.0,0.0,0.0,9.557118985092927e-12,-7.379641342453169e-12,4.0723475407126205e-13,2.1755509525570374e-13
111.80000000000001,0.0,3.9527065146378976e-13,6.864075974277739e-12,1.3000000000047196,2.6511251296769404e-12,1.3000000000507546,1.3000000000666994,1.300000000075708,0.11538461537789574,0.11538461537869532,0.11538461538011054,1.9763532573189486e-12,2.6511251296769404e-12,3.011468793323465e-12,0.999999999930867,0.9999999999523232,0.9999999999901942,1.0,1.0,1.0,1.0,1.0,1.0,1.0,1.0,1.0,0.0,0.0,0.0,0.0,0.0,9.29421817286169e-12,-6.864075974277739e-12,3.9527065146378976e-13,2.1116356934492138e-13
112.0,0.0,3.836580408391888e-13,6.375089345311835e-12,1.300000000006043,2.5732380319781277e-12,1.3000000000493594,1.3000000000648662,1.3000000000736271,0.11538461537808042,0.11538461537885802,0.11538461538023437,1.918290204195944e-12,2.573238031978128e-12,2.92299520092419e-12,0.999999999934272,0.9999999999547515,0.9999999999908927,1.0,1.0,1.0,1.0,1.0,1.0,1.0,1.0,1.0,0.0,0.0,0.0,0.0,0.0,9.03876973268325e-12,-6.375089345311835e-12,3.836580408391888e-13,2.0495981933256223e-13
112.2,0.0,3.7238659575525907e-13,5.9129923180023525e-12,1.3000000000072711,2.497639170289008e-12,1.3000000000480032,1.3000000000630834,1.3000000000716034,0.11538461537826004,0.11538461537901626,0.11538461538035474,1.8619329787762952e-12,2.497639170289008e-12,2.837120863934558e-12,0.9999999999375202,0.9999999999570679,0.9999999999915529,1.0,1.0,1.0,1.0,1.0,1.0,1.0,1.0,1.0,0.0,0.0,0.0,0.0,0.0,8.79055161995268e-12,-5.9129923180023525e-12,3.7238659575525907e-13,1.9893832857228565e-13
112.4,0.0,3.6144629314915226e-13,5.473821396151379e-12,1.3000000000084098,2.424261318789255e-12,1.3000000000466836,1.3000000000613494,1.3000000000696357,0.1153846153784347,0.11538461537917016,0.11538461538047187,1.8072314657457612e-12,2.424261318789255e-12,2.7537694191313635e-12,0.999999999940623,0.9999999999592771,0.9999999999921803,1.0,1.0,1.0,1.0,1.0,1.0,1.0,1.0,1.0,0.0,0.0,0.0,0.0,0.0,8.548606267311243e-12,-5.473821396151379e-12,3.6144629314915226e-13,1.9309374249066288e-13
112.60000000000001,0.0,3.508274044244186e-13,5.058586882711324e-12,1.3000000000094625,2.3530392266781162e-12,1.3000000000454006,1.3000000000596632,1.3000000000677214,0.1153846153786046,0.1153846153793198,0.11538461538058574,1.754137022122093e-12,2.3530392266781162e-12,2.6728667467576764e-12,0.9999999999435836,0.9999999999613841,0.9999999999927734,1.0,1.0,1.0,1.0,1.0,1.0,1.0,1.0,1.0,0.0,0.0,0.0,0.0,0.0,8.313669197512752e-12,-5.058586882711324e-12,3.508274044244186e-13,1.8742086382565903e-13
112.80000000000001,0.0,3.4052048679991654e-13,4.665812181059436e-12,1.3000000000104344,2.283909560150545e-12,1.3000000000441527,1.3000000000580234,1.3000000000658603,0.11538461537876979,0.11538461537946536,0.1153846153806965,1.7026024339995827e-12,2.283909560150545e-12,2.5943409046123047e-12,0.9999999999464099,0.9999999999633933,0.9999999999933346,1.0,1.0,1.0,1.0,1.0,1.0,1.0,1.0,1.0,0.0,0.0,0.0,0.0,0.0,8.08496325443997e-12,-4.665812181059436e-12,3.4052048679991654e-13,1.8191464800499532e-13
113.0,0.0,3.3051637491287615e-13,4.2926218135619365e-12,1.30000000001133,2.216810846078013e-12,1.3000000000429393,1.3000000000564287,1.3000000000640504,0.11538461537893044,0.11538461537960688,0.1153846153808042,1.6525818745643806e-12,2.216810846078013e-12,2.518122064075649e-12,0.9999999999491074,0.9999999999653088,0.9999999999938677,1.0,1.0,1.0,1.0,1.0,1.0,1.0,1.0,1.0,0.0,0.0,0.0,0.0,0.0,7.86297416066617e-12,-4.2926218135619365e-12,3.3051637491287615e-13,1.7657019866029874e-13
113.2,0.0,3.208061726686556e-13,3.941347248570537e-12,1.3000000000121532,2.1516834173438892e-12,1.3000000000417593,1.3000000000548781,1.3000000000622898,0.1153846153790867,0.11538461537974455,0.11538461538090894,1.604030863343278e-12,2.1516834173438892e-12,2.444142448015011e-12,0.9999999999516802,0.9999999999671351,0.9999999999943695,1.0,1.0,1.0,1.0,1.0,1.0,1.0,1.0,1.0,0.0,0.0,0.0,0.0,0.0,7.646702715469189e-12,-3.941347248570537e-12,3.208061726686556e-13,1.713827632730335e-13
113.4,0.0,3.1138124532994773e-13,3.6084912835576686e-12,1.300000000012908,2.0884693597848583e-12,1.3000000000406116,1.3000000000533696,1.300000000060578,0.11538461537923864,0.11538461537987843,0.1153846153810108,1.5569062266497385e-12,2.0884693597848583e-12,2.3723362705142252e-12,0.9999999999541358,0.9999999999688755,0.999999999994845,1.0,1.0,1.0,1.0,1.0,1.0,1.0,1.0,1.0,0.0,0.0,0.0,0.0,0.0,7.436717908149149e-12,-3.6084912835576686e-12,3.1138124532994773e-13,1.663477289483553e-13
113.60000000000001,0.0,3.022332118383905e-13,3.2942093497467793e-12,1.3000000000135978,2.0271124606910853e-12,1.3000000000394953,1.3000000000519027,1.300000000058913,0.11538461537938642,0.11538461538000862,0.11538461538110988,1.5111660591919525e-12,2.0271124606910853e-12,2.3026396783739257e-12,0.9999999999564764,0.9999999999705347,0.999999999995294,1.0,1.0,1.0,1.0,1.0,1.0,1.0,1.0,1.0,0.0,0.0,0.0,0.0,0.0,7.232145438074156e-12,-3.2942093497467793e-12,3.022332118383905e-13,1.6146061831312255e-13
113.80000000000001,0.0,2.933539373617638e-13,2.9957814007275372e-12,1.3000000000142267,1.96755815881942e-12,1.3000000000384102,1.3000000000504763,1.300000000057294,0.11538461537953011,0.11538461538013521,0.11538461538120619,1.466769686808819e-12,1.96755815881942e-12,2.234990694330483e-12,0.9999999999587099,0.9999999999721154,0.9999999999957203,1.0,1.0,1.0,1.0,1.0,1.0,1.0,1.0,1.0,0.0,0.0,0.0,0.0,0.0,7.033609805695562e-12,-2.9957814007275372e-12,2.933539373617638e-13,1.5671708553441951e-13
114.0,0.0,2.847355260601397e-13,2.7160829141337216e-12,1.3000000000147975,1.9097534958751476e-12,1.3000000000373546,1.3000000000490892,1.3000000000557193,0.11538461537966989,0.11538461538025838,0.11538461538129988,1.4236776303006983e-12,1.9097534958751476e-12,2.1693291619431115e-12,0.9999999999608397,0.9999999999736218,0.9999999999961199,1.0,1.0,1.0,1.0,1.0,1.0,1.0,1.0,1.0,0.0,0.0,0.0,0.0,0.0,6.840181199230244e-12,-2.7160829141337216e-12,2.847355260601397e-13,1.5211291245505233e-13
114.2,0.0,2.7637031406455467e-13,2.450684100097078e-12,1.3000000000153136,1.853647069419141e-12,1.3000000000363277,1.3000000000477403,1.3000000000541883,0.11538461537980577,0.1153846153803781,0.11538461538139103,1.3818515703227732e-12,1.853647069419141e-12,2.105596692100109e-12,0.9999999999628721,0.9999999999750568,0.999999999996499,1.0,1.0,1.0,1.0,1.0,1.0,1.0,1.0,1.0,0.0,0.0,0.0,0.0,0.0,6.651915129829433e-12,-2.450684100097078e-12,2.7637031406455467e-13,1.476440048425765e-13
114.4,0.0,2.6825086266196376e-13,2.200051252287949e-12,1.3000000000157785,1.7991889871585846e-12,1.3000000000353296,1.300000000046428,1.3000000000526988,0.11538461537993798,0.11538461538049452,0.11538461538147962,1.3412543133098187e-12,1.7991889871585846e-12,2.04373661109673e-12,0.9999999999648091,0.9999999999764237,0.9999999999968571,1.0,1.0,1.0,1.0,1.0,1.0,1.0,1.0,1.0,0.0,0.0,0.0,0.0,0.0,6.46950548688352e-12,-2.200051252287949e-12,2.6825086266196376e-13,1.4330638874852993e-13
114.60000000000001,0.0,2.6036995168040974e-13,1.965272389270467e-12,1.300000000016195,1.7463308225805373e-12,1.3000000000343583,1.3000000000451524,1.3000000000512506,0.11538461538006652,0.1153846153806078,0.11538461538156583,1.3018497584020487e-12,1.7463308225805373e-12,1.983693910238419e-12,0.9999999999666556,0.9999999999777252,0.9999999999971925,1.0,1.0,1.0,1.0,1.0,1.0,1.0,1.0,1.0,0.0,0.0,0.0,0.0,0.0,6.2910093800994105e-12,-1.965272389270467e-12,2.6036995168040974e-13,1.3909620697461955e-13
114.80000000000001,0.0,2.527205730685296e-13,1.7417622899529305e-12,1.3000000000165657,1.6950255718889703e-12,1.300000000033414,1.3000000000439111,1.3000000000498422,0.11538461538019151,0.11538461538071793,0.11538461538164964,1.263602865342648e-12,1.6950255718889703e-12,1.92541519692468e-12,0.9999999999684174,0.9999999999789652,0.9999999999975118,1.0,1.0,1.0,1.0,1.0,1.0,1.0,1.0,1.0,0.0,0.0,0.0,0.0,0.0,6.118494599860469e-12,-1.7417622899529305e-12,2.527205730685296e-13,1.350097156427345e-13
115.0,0.0,2.45295924663689e-13,1.5341061754270413e-12,1.3000000000168928,1.6452276122069275e-12,1.3000000000324956,1.3000000000427043,1.300000000048472,0.11538461538031314,0.11538461538082505,0.11538461538173116,1.2264796233184448e-12,1.6452276122069277e-12,1.8688486471700367e-12,0.9999999999700938,0.9999999999801452,0.9999999999978084,1.0,1.0,1.0,1.0,1.0,1.0,1.0,1.0,1.0,0.0,0.0,0.0,0.0,0.0,5.949851722419908e-12,-1.5341061754270413e-12,2.45295924663689e-13,1.3104328086572474e-13
115.2,0.0,2.380894041431993e-13,1.335853649919727e-12,1.3000000000171794,1.5968926610066532e-12,1.3000000000316025,1.3000000000415308,1.3000000000471401,0.11538461538043135,0.11538461538092921,0.11538461538181043,1.1904470207159964e-12,1.5968926610066532e-12,1.8139439595198638e-12,0.9999999999716935,0.9999999999812683,0.9999999999980916,1.0,1.0,1.0,1.0,1.0,1.0,1.0,1.0,1.0,0.0,0.0,0.0,0.0,0.0,5.786621182224394e-12,-1.335853649919727e-12,2.380894041431993e-13,1.2719337551598899e-13
115.4,0.0,2.310946031532458e-13,1.1503464847351097e-12,1.3000000000174283,1.5499777367316503e-12,1.3000000000307343,1.3000000000403895,1.3000000000458445,0.11538461538054634,0.11538461538103051,0.11538461538188748,1.1554730157662291e-12,1.5499777367316503e-12,1.7606523103201447e-12,0.9999999999732175,0.9999999999823376,0.9999999999983566,1.0,1.0,1.0,1.0,1.0,1.0,1.0,1.0,1.0,0.0,0.0,0.0,0.0,0.0,5.627665000673687e-12,-1.1503464847351097e-12,2.310946031532458e-13,1.2345657608899878e-13
115.60000000000001,0.0,2.2430530161029674e-13,9.7657437692078e-13,1.3000000000176406,1.5044411205755794e-12,1.3000000000298897,1.3000000000392795,1.3000000000445848,0.11538461538065815,0.11538461538112903,0.11538461538196244,1.1215265080514836e-12,1.5044411205755794e-12,1.7089263103013266e-12,0.9999999999746689,0.9999999999833548,0.9999999999986049,1.0,1.0,1.0,1.0,1.0,1.0,1.0,1.0,1.0,0.0,0.0,0.0,0.0,0.0,5.473052566706826e-12,-9.7657437692078e-13,2.2430530161029674e-13,1.1982955965896797e-13
115.80000000000001,0.0,2.1771546216993324e-13,8.126721517953683e-13,1.3000000000178196,1.4602423193840757e-12,1.3000000000290683,1.3000000000382002,1.3000000000433594,0.11538461538076691,0.11538461538122484,0.11538461538203534,1.088577310849666e-12,1.4602423193840757e-12,1.6587199624377163e-12,0.9999999999760527,0.9999999999843227,0.999999999998839,1.0,1.0,1.0,1.0,1.0,1.0,1.0,1.0,1.0,0.0,0.0,0.0,0.0,0.0,5.322575713506694e-12,-8.126721517953683e-13,2.1771546216993324e-13,1.1630910092396223e-13
116.0,0.0,2.1131922485817781e-13,6.594169654761117e-13,1.3000000000179663,1.417342029646462e-12,1.3000000000282692,1.30000000003715,1.3000000000421679,0.11538461538087268,0.11538461538131801,0.11538461538210627,1.056596124290889e-12,1.4173420296464622e-12,1.6099886210449012e-12,0.9999999999773694,0.9999999999852431,0.999999999999058,1.0,1.0,1.0,1.0,1.0,1.0,1.0,1.0,1.0,0.0,0.0,0.0,0.0,0.0,5.175970763104942e-12,-6.594169654761117e-13,2.1131922485817781e-13,1.128920693378185e-13
116.2,0.0,2.0511090186054805e-13,5.148659276699163e-13,1.300000000018084,1.3757021025453342e-12,1.3000000000274925,1.3000000000361291,1.300000000041009,0.11538461538097552,0.11538461538140865,0.11538461538217522,1.0255545093027401e-12,1.3757021025453342e-12,1.5626889520788451e-12,0.999999999978625,0.9999999999861188,0.9999999999992645,1.0,1.0,1.0,1.0,1.0,1.0,1.0,1.0,1.0,0.0,0.0,0.0,0.0,0.0,5.0337650714382676e-12,-5.148659276699163e-13,2.0511090186054805e-13,1.0957542632632542e-13
116.4,0.0,1.990849724642045e-13,3.799516257174673e-13,1.3000000000181728,1.3352855100329785e-12,1.3000000000267367,1.3000000000351364,1.3000000000398821,0.11538461538107554,0.11538461538149676,0.1153846153822423,9.954248623210224e-13,1.3352855100329787e-12,1.5167788946013763e-12,0.9999999999798187,0.9999999999869513,0.9999999999994572,1.0,1.0,1.0,1.0,1.0,1.0,1.0,1.0,1.0,0.0,0.0,0.0,0.0,0.0,4.8954035269943574e-12,-3.799516257174673e-13,1.990849724642045e-13,1.063562225851922e-13
116.60000000000001,0.0,1.9323607814868968e-13,2.53586041054632e-13,1.3000000000182363,1.2960563119043982e-12,1.3000000000260021,1.300000000034171,1.300000000038786,0.11538461538117284,0.11538461538158247,0.1153846153823075,9.661803907434483e-13,1.2960563119043982e-12,1.472217623377744e-12,0.9999999999809543,0.9999999999877426,0.9999999999996377,1.0,1.0,1.0,1.0,1.0,1.0,1.0,1.0,1.0,0.0,0.0,0.0,0.0,0.0,4.760927763136635e-12,-2.53586041054632e-13,1.9323607814868968e-13,1.032315954573963e-13
116.80000000000001,0.0,1.875590178208968e-13,1.3506973317589653e-13,1.300000000018275,1.2579796238377093e-12,1.3000000000252876,1.3000000000332317,1.3000000000377203,0.11538461538126743,0.11538461538166582,0.11538461538237092,9.37795089104484e-13,1.2579796238377093e-12,1.4289655125730314e-12,0.9999999999820383,0.9999999999884949,0.999999999999807,1.0,1.0,1.0,1.0,1.0,1.0,1.0,1.0,1.0,0.0,0.0,0.0,0.0,0.0,4.630032468533329e-12,-1.3506973317589653e-13,1.875590178208968e-13,1.001987663875837e-13
117.0,0.0,1.8204874319003099e-13,2.3780977187470852e-14,1.300000000018291,1.2210215863734786e-12,1.3000000000245926,1.3000000000323184,1.3000000000366838,0.11538461538135943,0.1153846153817469,0.11538461538243261,9.102437159501549e-13,1.2210215863734786e-12,1.3869841005151346e-12,0.9999999999830675,0.9999999999892095,0.999999999999966,1.0,1.0,1.0,1.0,1.0,1.0,1.0,1.0,1.0,0.0,0.0,0.0,0.0,0.0,4.5028702988503255e-12,-2.3780977187470852e-14,1.8204874319003099e-13,9.725503845125587e-14
117.2,0.0,1.7670035427844575e-13,-7.864819906444609e-14,1.3000000000182848,1.1851493348053956e-12,1.300000000023917,1.3000000000314302,1.3000000000356753,0.11538461538144894,0.1153846153818257,0.11538461538249258,8.835017713922288e-13,1.1851493348053958e-12,1.3462360554929468e-12,0.9999999999840471,0.9999999999898883,1.0000000000001124,1.0,1.0,1.0,1.0,1.0,1.0,1.0,1.0,1.0,0.0,0.0,0.0,0.0,0.0,4.379219209482699e-12,7.864819906444609e-14,1.7670035427844575e-13,9.43977939565465e-14
117.4,0.0,1.7150909506437078e-13,-1.7439383270811958e-13,1.3000000000182597,1.1503309699555529e-12,1.3000000000232594,1.3000000000305667,1.300000000034695,0.11538461538153595,0.11538461538190237,0.11538461538255093,8.575454753218539e-13,1.1503309699555529e-12,1.3066851425593765e-12,0.9999999999849792,0.999999999990533,1.0000000000002491,1.0,1.0,1.0,1.0,1.0,1.0,1.0,1.0,1.0,0.0,0.0,0.0,0.0,0.0,4.258482455554713e-12,1.7439383270811958e-13,1.7150909506437078e-13,9.162449211645462e-14
117.60000000000001,0.0,1.6647034925264726e-13,-2.6516566720147235e-13,1.3000000000182157,1.1165355298082889e-12,1.3000000000226204,1.3000000000297265,1.3000000000337417,0.11538461538162055,0.1153846153819769,0.11538461538260765,8.323517462632362e-13,1.1165355298082889e-12,1.2682961913096415e-12,0.9999999999858655,0.9999999999911455,1.0000000000003788,1.0,1.0,1.0,1.0,1.0,1.0,1.0,1.0,1.0,0.0,0.0,0.0,0.0,0.0,4.141659237788531e-12,2.6516566720147235e-13,1.6647034925264726e-13,8.893266678946667e-14
117.80000000000001,0.0,1.6157963616971654e-13,-3.4785507807555403e-13,1.3000000000181544,1.083732961977408e-12,1.3000000000219987,1.3000000000289096,1.3000000000328142,0.11538461538170287,0.11538461538204943,0.11538461538266284,8.078981808485826e-13,1.083732961977408e-12,1.2310350646061987e-12,0.9999999999867096,0.9999999999917266,1.000000000000497,1.0,1.0,1.0,1.0,1.0,1.0,1.0,1.0,1.0,0.0,0.0,0.0,0.0,0.0,4.027805866613221e-12,3.4785507807555403e-13,1.6157963616971654e-13,8.631992428655368e-14
118.0,0.0,1.5683260677920903e-13,-4.257261210227625e-13,1.3000000000180767,1.0518940969822864e-12,1.3000000000213945,1.3000000000281153,1.3000000000319123,0.11538461538178293,0.11538461538211994,0.11538461538271647,7.841630338960452e-13,1.0518940969822864e-12,1.194868628222514e-12,0.9999999999875084,0.9999999999922781,1.0000000000006082,1.0,1.0,1.0,1.0,1.0,1.0,1.0,1.0,1.0,0.0,0.0,0.0,0.0,0.0,3.917283164511787e-12,4.257261210227625e-13,1.5683260677920903e-13,8.378394124259966e-14
118.2,0.0,1.522250398145893e-13,-4.969136213617275e-13,1.3000000000179845,1.0209906223090805e-12,1.3000000000208063,1.3000000000273428,1.3000000000310357,0.11538461538186073,0.11538461538218853,0.11538461538276867,7.611251990729465e-13,1.0209906223090805e-12,1.1597647213786447e-12,0.9999999999882726,0.9999999999928013,1.0000000000007099,1.0,1.0,1.0,1.0,1.0,1.0,1.0,1.0,1.0,0.0,0.0,0.0,0.0,0.0,3.809327853154798e-12,4.969136213617275e-13,1.522250398145893e-13,8.132246255036245e-14
118.4,0.0,1.4775283802542279e-13,-5.635936162207144e-13,1.3000000000178782,9.909950572340156e-13,1.3000000000202347,1.3000000000265912,1.3000000000301828,0.11538461538193644,0.1153846153822552,0.1153846153828194,7.387641901271139e-13,9.909950572340156e-13,1.1256921281424782e-12,0.999999999988997,0.9999999999932975,1.0000000000008051,1.0,1.0,1.0,1.0,1.0,1.0,1.0,1.0,1.0,0.0,0.0,0.0,0.0,0.0,3.7048003553863396e-12,5.635936162207144e-13,1.4775283802542279e-13,7.893329935513432e-14
118.60000000000001,0.0,1.4341202453392002e-13,-6.24522655812143e-13,1.3000000000177594,9.618807283863094e-13,1.3000000000196783,1.3000000000258607,1.3000000000293532,0.11538461538201006,0.11538461538232007,0.11538461538286879,7.170601226696e-13,9.618807283863094e-13,1.0926205496711484e-12,0.9999999999896836,0.9999999999937682,1.0000000000008922,1.0,1.0,1.0,1.0,1.0,1.0,1.0,1.0,1.0,0.0,0.0,0.0,0.0,0.0,3.6028541261501346e-12,6.24522655812143e-13,1.4341202453392002e-13,7.661432710831589e-14
118.80000000000001,0.0,1.3919873929852262e-13,-6.812550523704885e-13,1.3000000000176286,9.336217460290472e-13,1.3000000000191378,1.3000000000251501,1.3000000000285465,0.11538461538208167,0.11538461538238313,0.11538461538291675,6.959936964926131e-13,9.336217460290472e-13,1.060520577267981e-12,0.9999999999903375,0.9999999999942144,1.0000000000009732,1.0,1.0,1.0,1.0,1.0,1.0,1.0,1.0,1.0,0.0,0.0,0.0,0.0,0.0,3.5039054990804175e-12,6.812550523704885e-13,1.3919873929852262e-13,7.436348367817506e-14
119.0,0.0,1.3510923568138597e-13,-7.328582185550658e-13,1.3000000000174874,9.061929810368936e-13,1.3000000000186118,1.3000000000244587,1.300000000027762,0.11538461538215129,0.11538461538244447,0.11538461538296345,6.755461784069298e-13,9.061929810368936e-13,1.0293636662309911e-12,0.9999999999909567,0.9999999999946374,1.000000000001047,1.0,1.0,1.0,1.0,1.0,1.0,1.0,1.0,1.0,0.0,0.0,0.0,0.0,0.0,3.4076491628454164e-12,7.328582185550658e-13,1.3510923568138597e-13,7.21787675161085e-14
119.2,0.0,1.3113987711670322e-13,-7.810418978237976e-13,1.3000000000173357,8.795700425501671e-13,1.300000000018101,1.3000000000237868,1.3000000000269996,0.11538461538221897,0.11538461538250414,0.11538461538300879,6.556993855835161e-13,8.795700425501671e-13,9.991221104696764e-13,0.9999999999915471,0.9999999999950377,1.0000000000011158,1.0,1.0,1.0,1.0,1.0,1.0,1.0,1.0,1.0,0.0,0.0,0.0,0.0,0.0,3.314265528686633e-12,7.810418978237976e-13,1.3113987711670322e-13,7.00582358767767e-14
119.4,0.0,1.2728713387691337e-13,-8.250289340594463e-13,1.300000000017175,8.537292562854283e-13,1.300000000017603,1.300000000023133,1.3000000000262575,0.11538461538228484,0.11538461538256214,0.11538461538305297,6.364356693845669e-13,8.537292562854283e-13,9.697690178675613e-13,0.9999999999921065,0.999999999995417,1.0000000000011786,1.0,1.0,1.0,1.0,1.0,1.0,1.0,1.0,1.0,0.0,0.0,0.0,0.0,0.0,3.222949684911214e-12,8.250289340594463e-13,1.2728713387691337e-13,6.800000309053087e-14
119.60000000000001,0.0,1.2354757993391188e-13,-8.646638960385644e-13,1.3000000000170058,8.286476434832648e-13,1.3000000000171192,1.3000000000224974,1.300000000025536,0.11538461538234887,0.11538461538261857,0.11538461538309593,6.177378996695594e-13,8.286476434832648e-13,9.412782863685381e-13,0.9999999999926372,0.999999999995776,1.0000000000012352,1.0,1.0,1.0,1.0,1.0,1.0,1.0,1.0,1.0,0.0,0.0,0.0,0.0,0.0,3.134228987455856e-12,8.646638960385644e-13,1.2354757993391188e-13,6.600223888659167e-14
119.80000000000001,0.0,1.1991788991247642e-13,-8.997913525377043e-13,1.3000000000168295,8.043029004745702e-13,1.3000000000166485,1.300000000021879,1.3000000000248346,0.11538461538241113,0.11538461538267346,0.1153846153831377,5.99589449562382e-13,8.043029004745703e-13,9.136245807657796e-13,0.9999999999931398,0.9999999999961157,1.0000000000012854,1.0,1.0,1.0,1.0,1.0,1.0,1.0,1.0,1.0,0.0,0.0,0.0,0.0,0.0,3.0477842472009797e-12,8.997913525377043e-13,1.1991788991247642e-13,6.406316676549311e-14
120.0,0.0,1.163948361241693e-13,-9.33675359249264e-13,1.300000000016646,7.806733787865929e-13,1.3000000000161913,1.3000000000212781,1.300000000024152,0.1153846153824717,0.11538461538272682,0.11538461538317828,5.819741806208464e-13,7.806733787865929e-13,8.867833101037735e-13,0.9999999999936178,0.9999999999964371,1.0000000000013338,1.0,1.0,1.0,1.0,1.0,1.0,1.0,1.0,1.0,0.0,0.0,0.0,0.0,0.0,2.9643509869003992e-12,9.33675359249264e-13,1.163948361241693e-13,6.218106241451713e-14
