t,source_integral,heat_loss_surface,reactant_supply_surface,reactant_inventory,heat_inventory,J_min,J_mean,J_max,phi_min,phi_mean,phi_max,theta_min,theta_mean,theta_max,u_min,u_mean,u_max,A_min,A_mean,A_max,D_over_D0_min,D_over_D0_mean,D_over_D0_max,M_over_M0_min,M_over_M0_mean,M_over_M0_max,geometric_skin_thickness,functional_skin_thickness,A_functional_skin_thickness,D_functional_skin_thickness,M_functional_skin_thickness,surface_q,surface_n,surface_h,mean_abs_internal_h
0.0,0.019985933497311596,1.967741935483871e-05,0.6894955077750986,0.026012500000000004,4.9999999999999996e-05,1.2950064174641447,1.2999999999999998,1.3049935825358554,0.11494309397945156,0.11538546883058842,0.11582954182862426,1.6129032258064516e-06,4.9999999999999996e-05,9.838709677419355e-05,0.015006417464144738,0.02,0.024993582535855263,0.9969863314216022,0.9990408383580583,1.0,0.9989944328798402,0.999680026331643,1.0,0.9994970899680228,0.9998399815031443,1.0,0.0,0.0,0.0,0.0,0.0,-0.0009391927033422509,-0.6894955077750986,1.967741935483871e-05,2e-05
0.2,0.08698429227263178,0.006099042236046407,0.3928667353201426,0.109383465488653,0.010861024534988837,1.2959320681701327,1.3000864093064524,1.303431971629634,0.11508080457199496,0.11537737227699289,0.11574680778738757,0.004349294913182606,0.010861024534988837,0.030495211180232032,0.019400657389180846,0.08430675003542158,0.43876180668551057,0.997546149250706,0.9993639186945988,1.0,0.999181379726963,0.999787844130847,1.0,0.9995906060533988,0.9998939059604294,1.0,0.0,0.0,0.0,0.0,0.0,4.6744948557261856e-05,-0.3928667353201426,0.006099042236046407,0.005419323571138916
0.4,0.13326770226956472,0.01407277043224595,0.33805139746829915,0.1594415559441009,0.031066654734545993,1.2949870970869184,1.2999865401940771,1.3026719040353727,0.1151479505586442,0.11538627698651593,0.1158312699311259,0.008871272638420734,0.031066654734545993,0.07073077909523423,0.017607021089360984,0.1229205720743234,0.517069432188144,0.9969746410512915,0.9993107461389645,1.0,0.9989905282248825,0.999770072031778,1.0,0.9994951366561977,0.9998850139151003,1.0,0.0,0.0,0.0,0.0,0.0,0.000937973364272926,-0.33805139746829915,0.01407277043224595,0.012860129567435716
0.6000000000000001,0.17109781910128596,0.022511636684032846,0.31349443511994524,0.1937619696104671,0.057956696309152456,1.2932330446146603,1.299716457409602,1.3030824504962877,0.11511167228357,0.11541061152864741,0.11598837550945423,0.01757522746934197,0.057956696309152456,0.11391652110426358,0.01870689858083327,0.14948045218608033,0.5521508069715068,0.9959123211087272,0.9990089227338952,1.0,0.9986355793866403,0.9996692944510944,1.0,0.9993175568056746,0.9998346038763477,1.0,0.0,0.0,0.0,0.0,0.0,0.0017510369567285272,-0.31349443511994524,0.022511636684032846,0.020191257139264337
0.8,0.2035314840130123,0.03113123446994405,0.30131961334419566,0.21756295606813045,0.09013255145119156,1.2909656951705706,1.2992901797039331,1.3042804046297474,0.1150059446324207,0.11544917936954754,0.11619208826473196,0.0336365980480319,0.09013255145119156,0.15830874987372345,0.024108916311842945,0.16800574709471663,0.5695434095082919,0.9945362565829189,0.9985478592115187,1.0,0.998175424811869,0.9995152713909116,1.0,0.999087295849846,0.9997575503755346,1.0,0.0,0.0,0.0,0.0,0.0,0.002503539468420815,-0.30131961334419566,0.03113123446994405,0.02631377739893692
1.0,0.23202716790859765,0.039835309947525106,0.2956677853897396,0.23356727264764346,0.12664997009649973,1.2883851452978246,1.2987174409125404,1.3057546163318097,0.11487610162266736,0.11550117993531413,0.11642481330016098,0.057534119117058594,0.12664997009649973,0.203779282221988,0.03178310863337034,0.18056996705519082,0.5776174494432291,0.9929661558010942,0.997978210523371,1.0,0.9976498659119959,0.999324842410488,1.0,0.9988242416830607,0.9996622674788485,1.0,0.0,0.0,0.0,0.0,0.0,0.0032201042106489303,-0.2956677853897396,0.039835309947525106,0.031175231755120318
1.2000000000000002,0.25747111733860634,0.048608283741527585,0.293920733094058,0.24347971102775592,0.16680204626637582,1.2856430357498365,1.2980027870154975,1.3071751728318046,0.11475126143579276,0.11556620300457313,0.11667313229952217,0.08848545443243214,0.16680204626637585,0.24967655664168173,0.03968293990731519,0.18846415912681594,0.58011323843706,0.9912931275723995,0.9973433592239588,1.0,0.997089244065459,0.9991124462203417,1.0,0.9985435613198437,0.9995559717337464,1.0,0.0,0.0,0.0,0.0,0.0,0.003926738793100681,-0.293920733094058,0.048608283741527585,0.03468408962961398
1.4000000000000001,0.28043616937242805,0.0574726858790649,0.29470773194289845,0.24847957861946887,0.21002425630930524,1.2828343781208895,1.2971460092269995,1.308369543117176,0.11464650854117762,0.11564421943692203,0.11692857827814196,0.1253497118876062,0.21002425630930524,0.2963880290787859,0.046464762422518846,0.19258308580933933,0.5789889543672879,0.9895745339730704,0.996670697574499,1.0,0.996512696293829,0.9988872078748684,1.0,0.9982548251770362,0.9994432249155253,1.0,0.0,0.0,0.0,0.0,0.0,0.0046441314726059085,-0.29470773194289845,0.0574726858790649,0.037213002820759164
1.6,0.30127389774232816,0.06646201029907309,0.297243222031098,0.2494457272538908,0.25583758919347815,1.2799812493746743,1.296143565373433,1.3092623939821675,0.11456832540937019,0.11573550338550306,0.11718921669616757,0.16698522933298965,0.25583758919347815,0.3442421818275624,0.051433174958244274,0.19359706943349178,0.57536682566986,0.987823566713835,0.9959650003471209,1.0,0.9959246009331181,0.9986507144495946,1.0,0.9979602199070894,0.999324819957599,1.0,0.0,0.0,0.0,0.0,0.0,0.005384800436697881,-0.297243222031098,0.06646201029907309,0.039099077117532396
1.8,0.3201756250944876,0.07560420623654356,0.3010486281742457,0.2470803583001169,0.3038100113553773,1.2771077328930958,1.2949902006513734,1.309833235677828,0.11451839510117197,0.11584051755632789,0.11745289464358463,0.21235942442117034,0.3038100113553773,0.3929387161589762,0.05434533931733531,0.19204416227369064,0.569930531179649,0.9860548081047392,0.9952338833814008,1.0,0.9953298239356544,0.99840548950969,1.0,0.9976621789909944,0.9992020167150124,1.0,0.0,0.0,0.0,0.0,0.0,0.006153596984501089,-0.3010486281742457,0.07560420623654356,0.040402708520906626
2.0,0.3372171374763506,0.0849133021081956,0.30581396909239944,0.24198259864416796,0.35353109725146953,1.2741933075533647,1.293680309435115,1.3100907320699562,0.11449588668030536,0.11595980121206384,0.11772154123774334,0.2605662770326507,0.35353109725146953,0.4425235433267353,0.0552455647902192,0.1883843751615972,0.5631229012965722,0.9842554350405026,0.9944614794249865,1.0,0.9947240219152814,0.9981462131934596,1.0,0.9973585219054735,0.9990721513490439,1.0,0.0,0.0,0.0,0.0,0.0,0.006949513657021386,-0.30581396909239944,0.0849133021081956,0.04131562180983401
2.2,0.35241055187367076,0.09438642972179248,0.31132215100844873,0.23469165216488827,0.404597448955191,1.2712063924278352,1.2922089155984984,1.310057455210576,0.11449879499818526,0.11609388008538318,0.11799814797463372,0.31081395705292114,0.404597448955191,0.49344346329070743,0.0543502198066058,0.18303160316936834,0.5552540699879304,0.9824056058072936,0.9936435203442261,1.0,0.9941004623679538,0.9978714159547482,1.0,0.9970458672975765,0.998934483150377,1.0,0.0,0.0,0.0,0.0,0.0,0.007767558900229843,-0.31132215100844873,0.09438642972179248,0.04218910299003647
2.4000000000000004,0.36574380493267383,0.10400415968287897,0.31740603381740473,0.22570962987814652,0.45660705586904965,1.268113139304767,1.2905723042558517,1.3097611556318145,0.11452469738854153,0.11624320237312939,0.11828597571525543,0.36240886161443964,0.45660705586904965,0.5452164169476449,0.05197060544130286,0.17637076080179034,0.5465628088322789,0.9804838123047676,0.992768120857852,1.0,0.9934518146938296,0.9975770734748611,1.0,0.9967205293452269,0.9987869920307559,1.0,0.0,0.0,0.0,0.0,0.0,0.008600312995112727,-0.31740603381740473,0.10400415968287897,0.04298732259906742
2.6,0.37721885487527923,0.11373276094450385,0.32392411948705585,0.21550947186616687,0.5091619222734692,1.2648828642348653,1.2887683879279126,1.3092297414859142,0.11457118277022721,0.11640809723892523,0.11858805604955035,0.41474310331800834,0.5091619222734692,0.5974974472677016,0.048460603816867565,0.1687639506854079,0.5372512578756344,0.9784702266067683,0.9918178764513519,1.0,0.9927712751157342,0.9972573094637671,1.0,0.9963790813764096,0.9986267303554607,1.0,0.0,0.0,0.0,0.0,0.0,0.009439110501332532,-0.32392411948705585,0.11373276094450385,0.04372818387560764
2.8000000000000003,0.38688426277275206,0.12352770455980396,0.3307487486930144,0.20453280386167205,0.5618764379394925,1.2614910513332063,1.2867968585145655,1.3084887028149237,0.11463606806639462,0.11658875322937384,0.11890690769583546,0.46728973896902304,0.5618764379394925,0.6500293522046051,0.04418085990984751,0.16054911721735113,0.527501787581408,0.9763485877710015,0.9907901392197999,1.0,0.9920532053807408,0.9969111558069419,1.0,0.9960186764290561,0.998453203203758,1.0,0.0,0.0,0.0,0.0,0.0,0.010274947385813124,-0.3307487486930144,0.12352770455980396,0.0444602914791746
3.0,0.39484953490104496,0.1333378475240837,0.3377614489041486,0.19318112469912738,0.6143902052741069,1.2579206824332418,1.2846591835644339,1.307559902989038,0.11471749757476124,0.11678521161092312,0.1192444023655367,0.5196024082106028,0.6143902052741069,0.7025269929824748,0.03947064107175989,0.1520336097615707,0.5174836444226448,0.9741070765223749,0.9896744763993366,1.0,0.9912934336714234,0.9965350414906736,1.0,0.995637198867052,0.9982646131713175,1.0,0.0,0.0,0.0,0.0,0.0,0.011099183850944425,-0.3377614489041486,0.1333378475240837,0.04521088362767853
3.2,0.4012906285485004,0.1431098773825925,0.3448531417171706,0.1818044821255796,0.6663820018680882,1.2541624833519345,1.2823584740009968,1.3064612263955364,0.11481396995901881,0.1169973724052113,0.11960172783920536,0.5713179843733902,0.6663820018680882,0.7547007561863522,0.034627777722363924,0.1434857310319845,0.5073526546897563,0.9717385325233275,0.9884616729099077,1.0,0.9904893358753845,0.9961257960183925,1.0,0.9952333061162192,0.9980593623965494,1.0,0.0,0.0,0.0,0.0,0.0,0.011904106384682242,-0.3448531417171706,0.1431098773825925,0.045990389157846034
3.4000000000000004,0.4064398913640632,0.1527925693612997,0.35192657593449134,0.170691086508116,0.717582283830252,1.2502143587213885,1.2798992544831218,1.3052067105714034,0.11492432484838501,0.11722501020406607,0.11997942509107563,0.622158329525979,0.7175822838302521,0.806558292140294,0.02989500452457061,0.13512687084249833,0.4972477486650123,0.9692401734834665,0.9871436891391859,1.0,0.9896397497199657,0.9956806372781181,1.0,0.9948063867016205,0.9978360467348304,1.0,0.0,0.0,0.0,0.0,0.0,0.012683344868636204,-0.35192657593449134,0.1527925693612997,0.04691238430927615
3.6,0.4105645998617244,0.16234038288627606,0.3588994062918419,0.16006076684341072,0.7677816032993865,1.2460803181877247,1.2772871661730703,1.3038069569128066,0.1150477064144331,0.11746779717540921,0.12037747311357676,0.6719288560799317,0.7677816032993865,0.8575454553143306,0.025453269900462896,0.12712644924349362,0.4872865624402258,0.9666129959986604,0.9857134249271163,1.0,0.9887447814168304,0.9951970942586859,1.0,0.9943564643685696,0.9975934172890919,1.0,0.0,0.0,0.0,0.0,0.0,0.013432142047435355,-0.3588994062918419,0.16234038288627606,0.04783509562425216
3.8000000000000003,0.41393946053774444,0.17171603955761527,0.3657065706163739,0.15006393463156792,0.8168334788901707,1.2417690380367687,1.2745286301686571,1.3022696989026985,0.11518351392679338,0.1177253308343663,0.12079540993963686,0.7205122098645044,0.8168334788901707,0.9074732805163015,0.021421680776191675,0.11960098394591441,0.4775620419766087,0.9638609391671026,0.9841643741098984,1.0,0.9878055310241489,0.9946728925227458,1.0,0.9938840612884906,0.997330323223919,1.0,0.0,0.0,0.0,0.0,0.0,0.014147452335681987,-0.3657065706163739,0.17171603955761527,0.04874319169853795
4.0,0.41681894644922257,0.18089181708378188,0.37230115516182277,0.1407864766717335,0.8646512645302016,1.2372922907597024,1.2716305105608319,1.3006004577197077,0.11533134492585768,0.11799716307876582,0.1212324695791157,0.7678573139033666,0.8646512645302016,0.956210701061611,0.017863333308859253,0.11261765859906625,0.4681412069116817,0.960989949551895,0.9824779170158335,1.0,0.9868237824508562,0.9941017175914391,1.0,0.9933900432766912,0.9970435933597376,1.0,0.0,0.0,0.0,0.0,0.0,0.014827870535870202,-0.37230115516182277,0.18089181708378188,0.04962170057886216
4.2,0.41941624471278427,0.18984960782657626,0.37865354036940263,0.1322595662085498,0.9111999740578878,1.2326634206802134,1.2685998056307335,1.298803260528595,0.11549093273676574,0.11828282786701615,0.12168771903463022,0.8139641480990729,0.9111999740578878,1.0036790247077023,0.01479617670632831,0.10620167259598326,0.4590663709008534,0.9580070550863949,0.9805996547285628,0.9992791797232371,0.9858016939173,0.9934653192370819,0.999759668814185,0.9928754649203959,0.9967240874265231,0.9998798271856177,0.0,0.0,0.0,0.0,0.0,0.015473419168026054,-0.37865354036940263,0.18984960782657626,0.0504568115179131
4.4,0.4218992042444193,0.1985799563032391,0.3847490833384161,0.12447180389731015,0.9564855487830978,1.2278960134730363,1.2654433916790877,1.2968809948389404,0.1156621159512238,0.11858186509520503,0.1221601816066926,0.8588720570419115,0.9564855487830978,1.0498450927107057,0.012201933421206101,0.10034542379794913,0.4503584523736912,0.9549195401812002,0.9786156756536725,0.9981194857773208,0.9847415199658083,0.9927922755254883,0.9993727685494066,0.9923414302042682,0.9963860791466921,0.9996863350769415,0.0,0.0,0.0,0.0,0.0,0.016085238921583256,-0.3847490833384161,0.1985799563032391,0.05123645835174958
4.6000000000000005,0.4243763874798348,0.2070804011638813,0.3905848227000481,0.11738247159295348,1.000542719367503,1.2230028813020257,1.2621678325051724,1.2948358073563864,0.11584480375643062,0.11889383909051664,0.12264893426931908,0.9026440421211662,1.000542719367503,1.0947113466044296,0.010037541132484748,0.09501860917472654,0.4420216818570741,0.9517343018451421,0.9765496452052682,0.9968830905778611,0.983645392441337,0.9920903725413273,0.9989599487529275,0.9917889824446436,0.9960334481577479,0.9994798390792422,0.0,0.0,0.0,0.0,0.0,0.016665236990069693,-0.3905848227000481,0.2070804011638813,0.051951173355445884
4.800000000000001,0.4269086878955872,0.21535364523097492,0.39616608180816404,0.11093445826376246,1.0434228408994117,1.2179954475891765,1.2587792614713063,1.2926698988600902,0.11603890531702941,0.11921835089203568,0.12315316965831075,0.9453503369598696,1.0434228408994117,1.13830557914921,0.008250298401951586,0.09017813107309065,0.4340484545597656,0.948457446399492,0.9744046558001414,0.9955708481210995,0.982515181516942,0.9913605390357206,0.9985214307323307,0.9912190342228275,0.9956666454138866,0.9992604418656983,0.0,0.0,0.0,0.0,0.0,0.017215772002254895,-0.39616608180816404,0.21535364523097492,0.05259513633795971
5.0,0.42952063185098927,0.22340575389638626,0.4015032789907145,0.10506383227430977,1.0851848045199104,1.2128833838550126,1.255283318890441,1.2903857000437515,0.11624431361484719,0.1195550456684493,0.12367223592695446,0.987061160879934,1.0851848045199104,1.180671153109924,0.006784477708330047,0.08577547988169026,0.42642388715612217,0.9450940373427116,0.9721835069008372,0.9941837335334018,0.9813524068317058,0.9906036045223485,0.9980574731670643,0.9906323223353303,0.9952860719886547,0.999028264401277,0.0,0.0,0.0,0.0,0.0,0.017739377200570103,-0.4015032789907145,0.22340575389638626,0.05316549101064983
5.2,0.43221218655546384,0.23124460838170183,0.40660932054428484,0.09970679833415559,1.1258883179370207,1.2076597559094318,1.2516851391586103,1.2879860392190667,0.11646088966224213,0.1199036153392999,0.12420716949952683,1.0278411481921224,1.1258883179370207,1.2218590470998885,0.005586871069351114,0.08176212788007707,0.419129542079593,0.9416382192484308,0.9698886910196444,0.9927229483630634,0.9801548077843789,0.9898202936141431,0.9975684076818324,0.9900276752892609,0.9948920761120907,0.9987834637867317,0.0,0.0,0.0,0.0,0.0,0.018238550432457465,-0.40660932054428484,0.23124460838170183,0.05366180684715673
5.4,0.43496891466207116,0.23887877154940798,0.41149776554795314,0.09480383875070225,1.1655898229647492,1.202331817487595,1.247989371559803,1.2854741793387816,0.11668845816658609,0.12026379781811125,0.12475757342381702,1.0677467972283257,1.1655898229647492,1.2619221852713025,0.004609711887339103,0.07809276064137001,0.4121460492172097,0.9380934576653337,0.9675224018144873,0.9911899478610106,0.9789233373072658,0.9890112279432123,0.997054648509443,0.9894055417683331,0.9944849540262365,0.9985262381591301,0.0,0.0,0.0,0.0,0.0,0.01871562816462692,-0.41149776554795314,0.23887877154940798,0.054085434550562826
5.6000000000000005,0.4377697970530188,0.24631673364217505,0.41618168618621193,0.09030176222045151,1.2043403956857837,1.1969156770711393,1.2442002205913132,1.2828538013408441,0.11692680790532746,0.12063537412247317,0.12532211155179368,1.1068257270732373,1.2043403956857837,1.3009118637594956,0.003812020669223131,0.0747268907951288,0.40545473401969717,0.9344692280374354,0.965086555775001,0.9895864361650258,0.9776610473005038,0.9881769328449932,0.9965166914943856,0.988767432049713,0.9940649532516702,0.9982568262679148,0.0,0.0,0.0,0.0,0.0,0.019172720703591536,-0.41618168618621193,0.24631673364217505,0.05443896199520828
5.800000000000001,0.4405924685774282,0.25356648628324124,0.42067307887624517,0.08615428226249068,1.2421850643612107,1.1914145172851396,1.2403214937984834,1.2801289363985924,0.11717569670911232,0.121018164543105,0.12590076570646713,1.145117233722089,1.2421850643612107,1.3388758271296344,0.0031596921524002313,0.0716293289771066,0.39903845874822125,0.9307664944751146,0.9625828196904429,0.9879143303613637,0.9763680395408152,0.9873178461302838,0.9959551026874318,0.9881133666792475,0.9936322769176994,0.9979755018423706,0.0,0.0,0.0,0.0,0.0,0.01961169764874665,-0.42067307887624517,0.25356648628324124,0.054725744418334554
6.0,0.44341644485741893,0.26063534276740685,0.42498266665774675,0.08232175560874946,1.2791629691872137,1.1858304179934516,1.2363566432405173,1.2773038922749114,0.11743485705100773,0.12141202534267347,0.1264936349447129,1.1826532924557163,1.2791629691872137,1.3758575668298851,0.002625001613250737,0.06876999907043436,0.3928819047746474,0.9269854905046838,0.9600126344912498,0.9861757205845544,0.975044155530552,0.9864343256586698,0.9953705055795541,0.9874432336907966,0.9931870874937558,0.9976825672740057,0.0,0.0,0.0,0.0,0.0,0.020034198092359776,-0.42498266665774675,0.26063534276740685,0.05494959298918409
6.2,0.4462239939377267,0.26752984148801645,0.42911985049124474,0.07877035046019949,1.315308053788496,1.1801646084637338,1.2323088180016972,1.274383146673445,0.11770400478972814,0.12181684405791504,0.1271009136558169,1.2194602054762789,1.3153080537884962,1.411896076933795,0.0021855484853966203,0.06612330014551372,0.38697164215536456,0.9231258706162423,0.9573772475809035,0.9843728091964955,0.9736890262561335,0.9855266600034974,0.9947635612367389,0.9867568133619247,0.9927295120995113,0.9973783437338922,0.0,0.0,0.0,0.0,0.0,0.020441657007210637,-0.42911985049124474,0.26752984148801645,0.055114433129920655
6.4,0.44900062019465403,0.2742558177227225,0.4330928850897636,0.0754712043324385,1.3506498153694317,1.1744176184705373,1.228180898768185,1.2713712663279468,0.11798284574516088,0.12223253660700759,0.12772287952844866,1.2555597042071012,1.3506498153694317,1.4470262937415914,0.001823386810673025,0.06366745807866526,0.38129587844319474,0.9191867972640996,0.9546777334749004,0.9825078648971685,0.9723020998045376,0.9845950750743218,0.9941349533502174,0.9860537918150917,0.9922596457744776,0.9970631637402068,0.0,0.0,0.0,0.0,0.0,0.02083534140178442,-0.4330928850897636,0.2742558177227225,0.055224184230243625
6.6000000000000005,0.4517349549337142,0.28081848057651254,0.4369090262496426,0.072399604636031,1.385214053303465,1.1685893730042758,1.2239755249293671,1.268272847063155,0.11827108050711944,0.12265904516762607,0.12835988711276014,1.2909699378837571,1.385214053303465,1.4812795924043916,0.001524194023826004,0.061383893611667316,0.37584424821479623,0.9151669916222259,0.9519150095208694,0.9805831890003062,0.9708826564535313,0.983639739019439,0.9934853772925955,0.9853337682945535,0.991777553876485,0.9967373657227919,0.12903225806451613,0.0,0.0,0.0,0.0,0.021216379108990616,-0.4369090262496426,0.28081848057651254,0.055282681102109064
6.800000000000001,0.4544180807451371,0.28722248119195853,0.4405746697416923,0.06953421791408645,1.4190235648040659,1.1626792950937073,1.2196951222870613,1.2650924589573012,0.11856840892374865,0.12309633591007575,0.12901236018648685,1.3257064490305024,1.4190235648040659,1.514684214075756,0.0012764623100830076,0.05925662424058177,0.3706076146547253,0.9110647915288896,0.9490898524191165,0.9786010841536823,0.9694298264091972,0.9826607674449258,0.9928155299160537,0.9845962637951229,0.9912832746439736,0.9964012889498146,0.16129032258064516,0.0,0.0,0.0,0.0,0.0215857865101325,-0.4405746697416923,0.28722248119195853,0.05529357845331813
7.0,0.4570430049201395,0.293472007134229,0.4440955100826391,0.0668564804156321,1.4520986990798606,1.1566863588425036,1.2153419231716551,1.2618346078322065,0.11887453321453549,0.12354439754724551,0.12968078931103247,1.3597827835655822,1.4520986990798606,1.5472657725274777,0.001070907531496092,0.05727179133093848,0.36557784273908706,0.9068781764532032,0.9462029096121021,0.9765638325299226,0.9679425959705078,0.981658226816705,0.9921261024690714,0.9838407238245811,0.9907768208350106,0.9960552700090625,0.1935483870967742,0.0,0.0,0.0,0.0,0.021944494009273396,-0.4440955100826391,0.293472007134229,0.05526033666910049
7.2,0.45960439914218254,0.29957085084763996,0.44747664047359903,0.06435014829420861,1.484457767669101,1.1506091068870792,1.210917980326462,1.2585037163956003,0.11918915935314467,0.12400324061342019,0.1303657333339019,1.393210904437709,1.484457767669101,1.5790476371754045,0.0009000405362031678,0.05541731393360379,0.3607476564662871,0.902604768063261,0.9432547062430787,0.9744736857595443,0.966419804944529,0.9806321362520571,0.9914177774247038,0.9830665167054443,0.9902581805424641,0.9956996412448939,0.22580645161290322,0.0,0.0,0.0,0.0,0.022293363415983994,-0.44747664047359903,0.29957085084763996,0.05518622390614604
7.4,0.4620981013951633,0.30552246864833454,0.4507226420168751,0.062000890446932494,1.5161174119868555,1.1444456610977483,1.2064251794883472,1.2551041136296812,0.11951199774671245,0.12447289691971226,0.13106782182748677,1.4260015886571646,1.5161174119868555,1.6100512582527207,0.0007577696774273107,0.05368257382994739,0.35611051140446404,0.8982418257564045,0.9402456511577245,0.9723328596768754,0.964860142046516,0.9795824689307773,0.9906912269017907,0.982272930818352,0.9897273178095424,0.9953347299904182,0.25806451612903225,0.0,0.0,0.0,0.0,0.022633203748290254,-0.4507226420168751,0.30552246864833454,0.055074307485364835
7.6000000000000005,0.4645207976087028,0.3113300330274046,0.4538376585651622,0.05979598096120164,1.5470928766726912,1.1381937142637553,1.2018652490289676,1.2516400311350286,0.11984276330949165,0.12495341939486634,0.13178775995703687,1.4581646807767608,1.5470928766726912,1.6402964473153638,0.0006391146181334486,0.05205817873591808,0.3516604877640539,0.8937862281476923,0.9371760407133123,0.9701435331774254,0.9632621349895382,0.9785091526669315,0.9899471124552709,0.9814591690996927,0.989184172809735,0.9949608584842532,0.29032258064516125,0.0,0.0,0.0,0.0,0.022964784418256348,-0.4538376585651622,0.3113300330274046,0.054927463401501786
7.800000000000001,0.4668698871456125,0.31699647045190016,0.4568254427305787,0.05772407174803032,1.577398208105852,1.1318505031743884,1.1972397666185601,1.248115607237099,0.12018117482886757,0.12544488235576545,0.13252633592449703,1.4897092532534884,1.5773982081058522,1.669801586809236,0.0005400034010105487,0.0505357893901621,0.3473922246706019,0.8892344401249601,0.9340460602260441,0.9679078518081475,0.9616241349768307,0.9774120695506818,0.9891860864614055,0.9806243406276731,0.9886286615410532,0.9945783445871305,0.3225806451612903,0.0,0.0,0.0,0.0,0.023288845070793596,-0.4568254427305787,0.31699647045190016,0.05474839074179982
8.0,0.4691433170983175,0.3225244904985809,0.45968939099641354,0.055774997891140016,1.6070464211877153,1.1254127708803192,1.192550164126719,1.2445348967978755,0.12052695379289267,0.12594738208800504,0.13328443028300377,1.5206437527666854,1.6070464211877156,1.698583795386502,0.0004570976996429087,0.049107971925335295,0.34330087000512344,0.8845824703739954,0.9308557838673671,0.9656279349107716,0.9599442972032844,0.9762910549313284,0.9884087947132968,0.9797674500939408,0.9880606751697956,0.9941875031071589,0.3548387096774194,0.0,0.0,0.0,0.0,0.023606104086993165,-0.45968939099641354,0.3225244904985809,0.05453961967277228
8.200000000000001,0.47133940310297967,0.32791660949279766,0.4624325721061769,0.053939612253382896,1.6360496370446806,1.118876718329152,1.187797731153881,1.2409018833505256,0.12087982298406144,0.12646103771145906,0.13406302726899078,1.5509761214701514,1.6360496370446806,1.7266590643804975,0.00038764713108788845,0.04776807277769467,0.33938203984831866,0.8798258189840141,0.9276051732389221,0.9633058842600369,0.9582205570803894,0.9751458958032465,0.9876158795383532,0.9788873849946583,0.9874800790521792,0.9937886473893114,0.3548387096774194,0.0,0.0,0.0,0.0,0.023917266514711863,-0.4624325721061769,0.32791660949279766,0.05430351836421677
8.4,0.47345673033935903,0.33317516783613055,0.4650577441550566,0.05220965632305895,1.664419184971333,1.112237941907155,1.182983617005778,1.2372204924462162,0.12123950493531023,0.126985992387887,0.13486322876451678,1.5807138757321546,1.6644191849713332,1.7540423624131602,0.00032938218791785155,0.0465101224434567,0.33563179406420485,0.8749594120018584,0.9242940743861304,0.9609437935377831,0.9564506008763565,0.9739763284769872,0.9868079832201236,0.9779828998485804,0.9868867113693544,0.9933820910606421,0.3870967741935484,0.0,0.0,0.0,0.0,0.024223031260825548,-0.4650577441550566,0.33317516783613055,0.054042302048792776
8.6,0.475494084035757,0.3383023420512572,0.4675673626905684,0.05057765388679842,1.692165681629509,1.1054913572548175,1.1781088312966603,1.2334946068036923,0.12160572018120881,0.12752241488887386,0.13568627110073803,1.6098641634707316,1.6921656816295092,1.7807477149287327,0.0002804296535487087,0.04532875741706976,0.3320466247277593,0.8699775224308726,0.9209222132683206,0.9585437590608435,0.9546318303661402,0.9727820355053584,0.9859857518735138,0.9770525972037248,0.9862803813551302,0.9929681500070019,0.4193548387096774,0.0,0.0,0.0,0.0,0.02452409808091008,-0.4675673626905684,0.3383023420512572,0.05375804160029262
8.8,0.4774503736361549,0.3433001524174354,0.46996358259390697,0.049036819386853225,1.7192990945985542,1.098631105417546,1.1731742430839407,1.2297280833969284,0.12197818527950409,0.12807050158530747,0.13653354548248564,1.6384338148892346,1.7192990945985542,1.8067882627120118,0.00023924062536640823,0.04421915385062578,0.3286234534372757,0.8648736738835733,0.9174891894728707,0.956107891897698,0.9527613198415531,0.9715626417418571,0.9851498398271977,0.9760949045510273,0.9856608670472229,0.9925471446093314,0.4193548387096774,0.0,0.0,0.0,0.0,0.024821174758907508,-0.46996358259390697,0.3433001524174354,0.05345266934583983
9.0,0.47932456325377787,0.3481704667556045,0.47224825364819306,0.04758098016758838,1.7458287904493772,1.091650437598402,1.168180578422064,1.2259247714125683,0.12235661069737822,0.12863047893180132,0.13740662288378272,1.6664293813626505,1.7458287904493774,1.832176302575689,0.00020453224738220614,0.04317697252304371,0.32535963764543846,0.8596405229695391,0.9139944679245244,0.9536383307288294,0.9508357637006869,0.9703177093849447,0.9843009142994843,0.9751080461843978,0.9850279124790604,0.9921194021328688,0.45161290322580644,0.0,0.0,0.0,0.0,0.02511498461372054,-0.47224825364819306,0.3481704667556045,0.053127983935545756
9.200000000000001,0.4811156026906251,0.35291500087862765,0.4744229094763097,0.04620450973470716,1.7717635697621232,1.084541575090384,1.1631284163884021,1.2220885306356153,0.12274069859896658,0.1292026065137828,0.1383072843357796,1.6938571625143477,1.7717635697621232,1.8569233133874579,0.00017524034639698045,0.04219831297247369,0.3222529864624147,0.8542697164219931,0.9104373684253414,0.9511372551924949,0.9488514127060976,0.969046731878304,0.9834396602842218,0.9740900089656089,0.9843812242355905,0.9916852592279665,0.4838709677419355,0.0,0.0,0.0,0.0,0.025406275027851505,-0.4744229094763097,0.35291500087862765,0.05278565503926887
9.4,0.48282236750113733,0.3575353155297903,0.476488748794297,0.04490227136636029,1.7971116891653962,1.0772955372570145,1.158018183344325,1.2182232507170738,0.12313014048263042,0.12978718078553517,0.13923755813741379,1.7207232230488874,1.7971116891653962,1.8810399670269744,0.00015048136468443914,0.04127967660919207,0.3193017874367185,0.8487517157835962,0.906817052574159,0.948606900033961,0.9468039956960725,0.9677491264097847,0.982566785760968,0.9730385002642783,0.9837204672280926,0.9912450646007334,0.4838709677419355,0.0,0.0,0.0,0.0,0.02569582736391078,-0.476488748794297,0.3575353155297903,0.05242722756026275
9.600000000000001,0.4844435984560048,0.3620328095854086,0.47844660822344687,0.04366956973017458,1.8218808718401944,1.0699019275966979,1.1528501450343511,1.2143328717686954,0.12352461461536701,0.13038453967961694,0.14019976610093823,1.7470334028081682,1.8218808718401944,1.9045361242676788,0.00012952094673896294,0.040417937246427026,0.3165048453950759,0.8430755796953521,0.9031325074058498,0.946049570378454,0.9446886223070213,0.9664242246451774,0.9816830273457755,0.9719508956855422,0.9830452594840489,0.9907991819129766,0.5161290322580645,0.0,0.0,0.0,0.0,0.025984468629712515,-0.47844660822344687,0.3620328095854086,0.05205412487869691
9.8,0.4859778322516477,0.3664087091858714,0.4802969252151432,0.042502108843071616,1.8460783070341584,1.0623486654782273,1.1476243960883734,1.2104214063013692,0.1239237832535929,0.1309950683134866,0.1411965815690802,1.7727933207318596,1.8460783070341586,1.927420814972955,0.00011174790928990967,0.039610318087846104,0.3138615354069382,0.8372286910897626,0.8993825249548172,0.943467658172461,0.9424996609678228,0.9650712612439442,0.9807891564048797,0.9708241734919998,0.9823551656968246,0.9903479929236106,0.5483870967741935,0.0,0.0,0.0,0.0,0.026273085641840874,-0.4802969252151432,0.3664087091858714,0.05166765107883672
10.0,0.4874233226725132,0.3706640521391715,0.4820396883092217,0.04139595579939679,1.8697106377627684,1.0546216463006794,1.1423408463419418,1.2064929625346845,0.12432728963861467,0.13161920609727457,0.14223110299903138,1.798008372088209,1.8697106377627686,1.9497022009241824,9.665297967525374e-05,0.038854375270497565,0.3113718738439689,0.8311964116792775,0.895565676675418,0.9408636598437277,0.9402305842079279,0.9636893595477625,0.9798859856555975,0.9696548314301296,0.9816496891915963,0.9898919008847424,0.5806451612903225,0.0,0.0,0.0,0.0,0.026562642659866242,-0.4820396883092217,0.3706640521391715,0.05126899227328842
10.200000000000001,0.4887779508955562,0.37479966662936715,0.4836743710718346,0.040347509858075316,1.8927839353053408,1.04670430633391,1.1369992031839675,1.202551769378875,0.12473475472700511,0.13225745565717426,0.14330694838294508,1.8226837188888776,1.8927839353053408,1.9713875185865706,8.381141670900485e-05,0.03814798838691349,0.309036612754522,0.8249616393920736,0.8916802812707858,0.9382401954110003,0.9378737702381091,0.9622775136119145,0.9789743763415846,0.9684387800047488,0.9809282618390512,0.9894313342373982,0.5806451612903225,0.0,0.0,0.0,0.0,0.026854203784348274,-0.4836743710718346,0.37479966662936715,0.0508592169284018
10.4,0.49003911801935945,0.3788161427851871,0.48519984471182154,0.039353476267978416,1.9153036586814163,1.0385770581457427,1.131598948805898,1.1986022034918267,0.12514577360446413,0.13291039415559724,0.1444283780616215,1.846824273557429,1.9153036586814163,1.992482997593187,7.286867777042517e-05,0.03748935849978056,0.30685736469739777,0.8185042338519882,0.8877243638964928,0.9356000293462351,0.9354202449729658,0.9608345654157668,0.9780552460953911,0.9671712036600348,0.9801902312599683,0.9889667506650133,0.6129032258064516,0.0,0.0,0.0,0.0,0.027148961994706913,-0.48519984471182154,0.3788161427851871,0.050439274925288664
10.600000000000001,0.49120360618342407,0.38271379493599045,0.4866142617883588,0.03841084406947885,1.9372745965080065,1.030216545685266,1.1261393107498043,1.1946488187769941,0.12555991153413645,0.13357868783469343,0.14560045713517922,1.870434675784205,1.9372745965080065,2.012993748583005,6.352836298204148e-05,0.03687701446838084,0.3048367688737731,0.8118002580326642,0.883695603853693,0.9329460934727147,0.9328593410152316,0.9593591755978967,0.9771295775956227,0.9658463772032128,0.9794348443863626,0.9884986415601061,0.6451612903225806,0.0,0.0,0.0,0.0,0.027448277656463488,-0.4866142617883588,0.38271379493599045,0.050009994985049655
10.8,0.4922674006452944,0.3864926120046526,0.4879149018389291,0.03751686803581482,1.958700787443504,1.0215946614889806,1.1206192243705315,1.1906963784914346,0.1259766996100585,0.13426311081348208,0.14682927158348114,1.893519261636672,1.958700787443504,2.032923612846144,5.554233515650683e-05,0.03630982946278815,0.30297871165867263,0.8048209736182562,0.8795912674808347,0.930281512053532,0.9301782442630838,0.9578497856799594,0.976198428081771,0.9644574215189395,0.9786612262146772,0.9880275369372811,0.6774193548387096,0.0,0.0,0.0,0.0,0.02775373108408552,-0.4879149018389291,0.3864926120046526,0.04957208016668621
11.0,0.49322545759745795,0.39015218897480053,0.489097953820408,0.03666905558590671,1.9795854083427529,1.0126771512786468,1.1150372807190303,1.1867498909166014,0.1263956299032356,0.13496457046404267,0.14812223205648906,1.9160820221417192,1.9795854083427529,2.0522749526023025,4.87029158994627e-05,0.0357870530174291,0.30128863739941714,0.7975314243901364,0.8754081172102036,0.9276096297547531,0.9273613562828892,0.9563045670486897,0.9752629399754454,0.9629959601884623,0.9778683511225259,0.9875540109197227,0.7096774193548387,0.0,0.0,0.0,0.0,0.028067193403844323,-0.489097953820408,0.39015218897480053,0.049126100559035914
11.200000000000001,0.49407137735299994,0.3936916348799082,0.4901582211916461,0.035865157467321225,1.9999306245370279,1.0034217226660653,1.1093916585895764,1.1828146487748643,0.12681615006659494,0.13568414138351176,0.14948849183915802,1.9381265509788743,1.9999306245370279,2.07104836899901,4.283593336716291e-05,0.03530836046790405,0.2997739697262199,0.7898885010510566,0.8711422910937517,0.9249340426580215,0.9243894182368234,0.9547213527754569,0.9743243526803755,0.9614516470548119,0.9770550044694039,0.987078687837335,0.7419354838709677,0.0,0.0,0.0,0.0,0.028390926402374533,-0.4901582211916461,0.3936916348799082,0.04867248260805158
11.4,0.49479696049962585,0.39710944899146283,0.49108871086529365,0.03510316420138759,2.019737391095212,0.9937753777052803,1.103680036323775,1.1788962724299452,0.12723765738169607,0.13642311150081693,0.15093954163602236,1.9596559789163155,2.019737391095212,2.089242325346448,3.779501652289721e-05,0.03487392798807785,0.29844469876386615,0.7818382007850131,0.8667891418087221,0.9222586323936629,0.9212382653980173,0.9530975453114826,0.9733840155965564,0.9598114939248553,0.9762197304812463,0.9866022489558738,0.7741935483870968,0.0,0.0,0.0,0.0,0.02872773737048334,-0.49108871086529365,0.39710944899146283,0.048211494875981774
11.600000000000001,0.4953915480149465,0.40040333473247175,0.4918799993465146,0.03438131047140654,2.0390051611875792,0.9836702448996975,1.0978994548299759,1.175000759500622,0.12765949195109486,0.13718305018063207,0.15249012641964702,1.9806728851605222,2.0390051611875792,2.106852587343606,3.345741391731929e-05,0.03448455547937478,0.29731428664783616,0.773311383043785,0.8623429964901079,0.9195876052352876,0.9178769057805304,0.9514299799724244,0.9724434030062247,0.9580588342355596,0.975360755271045,0.9861254401717656,0.8387096774193548,0.0,0.0,0.0,0.0,0.029081189658204998,-0.4918799993465146,0.40040333473247175,0.04774322727862852
11.8,0.4958410431741226,0.40356994167524274,0.49251933663433745,0.03369808750689857,2.0577314931935633,0.973017598566818,1.0920461398262236,1.171134538355449,0.1280809292932609,0.1379659043425786,0.1541595961069345,2.0011791878713425,2.0577314931935633,2.1238714582492055,2.9719791446106875e-05,0.03414184383932764,0.2964009476652322,0.7642175940375924,0.8577968266534534,0.9169255344815749,0.914264696255483,0.9497147330626239,0.9715041302552926,0.9561717963551992,0.9744758781932282,0.985649080382234,0.9032258064516129,0.0,0.0,0.0,0.0,0.029455959660008482,-0.49251933663433745,0.40356994167524274,0.04726756418517667
12.0,0.49612640218626697,0.4066044707439271,0.49298920222789727,0.033052271820736306,2.075911471379869,0.9616980528353655,1.0861152273618249,1.1673045295887319,0.12850117188601026,0.13877414673572092,0.1559741122047158,2.0211759974611794,2.075911471379869,2.1402866353772407,2.6495338116604938e-05,0.033848485108065395,0.29572971110300383,0.7544349754360092,0.8531417410828662,0.9142774089694502,0.9103467293722401,0.9479468261341978,0.9705679722403068,0.9541208093638749,0.9735623042457726,0.9851740710439407,1.0,0.0,0.0,0.0,0.0,0.029858398241249376,-0.49298920222789727,0.4066044707439271,0.046784150045224494
12.200000000000001,0.4962211251462356,0.40950005063709716,0.4932649598662736,0.03244297540876243,2.09353683151149,0.9495452209099654,1.0801003387675396,1.1635182143509322,0.1289193397661397,0.13961101218771862,0.15797035959619957,2.040663419993354,2.09353683151149,2.1561867236808716,2.371111370966103e-05,0.03360873469965507,0.2953357716196091,0.7437933818052263,0.8483661877015406,0.9116486869968815,0.9060460820693133,0.9461197557473384,0.9696368839578323,0.9518644075405984,0.9726163770326524,0.9847014067984244,1.0,0.0,0.0,0.0,0.0,0.03029749740761438,-0.4932649598662736,0.40950005063709716,0.04633668666446667
12.4,0.49608694571357076,0.4122467101112496,0.49331080507437447,0.031869737203098665,2.110594587625527,0.9363167389273994,1.0739928930767249,1.1597837077501412,0.12933446038053448,0.14048089490565302,0.1602021984268197,2.0596402890147685,2.110594587625527,2.171588405705247,2.130593124534165e-05,0.03342922441853373,0.29527027846517934,0.7320443125635498,0.8434546322905361,0.9090453544187718,0.9012499420205262,0.9442247047127417,0.9687130226806863,0.949341711592113,0.9716331296860773,0.9842321869436128,1.0,0.0,0.0,0.0,0.0,0.0307866665502394,-0.49331080507437447,0.4122467101112496,0.045942614180158735
12.600000000000001,0.49566582914021895,0.4148295790382963,0.49307229296431954,0.03133268816234585,2.1270647617853964,0.9216389385376376,1.0677809283480035,1.1561098420729345,0.12974545717130662,0.14139006493635323,0.16275354016400898,2.0741478951914813,2.1270647617853964,2.1863324932849704,1.9228761149558146e-05,0.03332044826341368,0.295611010050972,0.7188031681937551,0.8383852220661515,0.9064739901824088,0.8957827950261766,0.9422491242287339,0.9677987729140334,0.9464578745626171,0.9706054750358112,0.9837676283362902,1.0,0.0,0.0,0.0,0.0,0.03134726813125517,-0.49307229296431954,0.4148295790382963,0.04555208240933598
12.8,0.49486339563407344,0.4172253778905393,0.49246086403467576,0.03083287359194297,2.142916244481613,0.9048871842071428,1.0614468038093596,1.1525062490594475,0.1301511381152284,0.14234811430926247,0.1657665205319812,2.0861268894526965,2.142916244481613,2.2003673692400305,1.743749287294988e-05,0.03329979500651236,0.2964844799504632,0.7034238259640512,0.8331251473440657,0.9039418317060878,0.8893478467139356,0.9401738799761218,0.9668967714195742,0.943052237353125,0.9695225710024514,0.9833090783462245,1.0,0.0,0.0,0.0,0.0,0.03201643322663218,-0.49246086403467576,0.4172253778905393,0.045168848569147955
13.0,0.49351058053841496,0.4193949650892299,0.49131845784233014,0.03037294414958399,2.1580986315197572,0.8847862944992683,1.054962412958561,1.1489834319906254,0.13055018534090043,0.14337123510036673,0.16953246329938945,2.0969748254461495,2.1580986315197577,2.2136114265657256,1.589832500033389e-05,0.033398379694805226,0.29811648879667124,0.6845876274199251,0.8276204505217719,0.9014568332878619,0.8813373849363042,0.9379668148691094,0.9660099298241961,0.9387955103748024,0.96836611533051,0.9828580265921076,1.0,0.0,0.0,0.0,0.0,0.032867283910925096,-0.49131845784233014,0.4193949650892299,0.044801291277250174
13.200000000000001,0.4912547540615412,0.4212643516268486,0.4893182066083747,0.029958938247297732,2.1725231570196293,0.8588547537794364,1.0482767828491633,1.1455527930304452,0.13094114990823777,0.14449148685834054,0.1746511844289351,2.106321758134243,2.1725231570196293,2.225926609092166,1.4586091657234004e-05,0.03367991404947575,0.30097399055946455,0.659660797401661,0.8217681983559518,0.8990276925201366,0.8705075651669726,0.935564650812322,0.9651414457651473,0.9330097086055306,0.967099870415173,0.9824161108424165,1.0,0.0,0.0,0.0,0.0,0.03407422414075431,-0.4893182066083747,0.4212643516268486,0.04447136612083314
13.4,0.4871391262114885,0.4226640712132288,0.485599200767362,0.02960693898641334,2.1860061301948575,0.8191662505055268,1.0412735436925313,1.142226521075751,0.13132246295483468,0.1457946491079825,0.18311301266065522,2.113320356066144,2.1860061301948575,2.2370516747237006,1.3487003024287965e-05,0.03431085858127713,0.30628685604662564,0.6201140171282487,0.8153096246759494,0.8966637760740125,0.8527514761492542,0.9327997647022636,0.9642947777526469,0.9234451202024296,0.9656268777947884,0.981985104416434,1.0,0.0,0.0,0.0,0.0,0.03622530899714882,-0.485599200767362,0.4226640712132288,0.044250127305671634
13.600000000000001,0.49599715857527527,0.4235912826525132,0.4924070775738506,0.029504488137603577,2.1979767557436487,0.153,1.04296401663078,1.1390171167834193,0.13169248977012699,0.16742740984549642,0.9803921568627451,2.117956413262566,2.1979767557436487,2.246903548511058,1.261100526429995e-05,0.02996081537038822,0.29656131775164196,0.00010000011857921843,0.8163281272858828,0.8943747824915033,0.0005912552900622074,0.9140493000191248,0.9634735249398437,0.022263171355498768,0.9411748980557693,0.9815668550630479,1.0,0.0,0.0,0.0,0.0,0.051191672065506136,-0.4924070775738506,0.4235912826525132,0.04411220660361453
13.8,0.3099244669422436,0.41297771486459034,0.500171708030157,0.06987862208758533,2.178993048235859,0.153,1.6037041783833568,4.67310465248681,0.03209857496347251,0.13516697012058151,0.9803921568627451,2.0648885743229517,2.178993048235859,2.207565878142309,1.0618496066758503e-05,0.016370855028872137,0.2854689885283471,0.00010000011857921843,0.9064682047550363,1.0,0.0005912552900622074,0.9464993084981195,1.0,0.022263171355498768,0.9577211004215004,1.0,0.0,0.0,0.0,0.0,0.0,0.6277549038497021,-0.500171708030157,0.41297771486459034,0.035729628787339054
14.0,0.3839258768578737,0.4147614909202993,0.45446757216454264,0.09504110642703355,2.1660988298387025,0.153,1.8858230384228065,5.120318614630592,0.029295051985904947,0.12224283432617986,0.9803921568627451,2.0738074546014964,2.1660988298387025,2.1887464929036415,2.398731704350768e-06,0.02015193211248905,0.3507606111935105,0.00010000011857921843,0.9326994319862021,1.0,0.0005912552900622074,0.9556634450472922,1.0,0.022263171355498768,0.9623577545625459,1.0,0.0,0.0,0.0,0.0,0.0,0.7003249170987089,-0.45446757216454264,0.4147614909202993,0.024215194365765354
14.200000000000001,0.4232672719252892,0.42049128042597705,0.439720565050822,0.10275243736664523,2.1638949541696384,0.153,2.12591383662362,5.20529099057889,0.028816832771018288,0.1119697702677028,0.9803921568627451,2.102456402129885,2.1638949541696384,2.1860983007648596,4.241861138992648e-07,0.02142404770776134,0.37182776421311137,0.00010000011857921843,0.951459777030973,1.0,0.0005912552900622074,0.962183380227148,1.0,0.022263171355498768,0.9656521836994029,1.0,0.0,0.0,0.0,0.0,0.0,0.7139416518551918,-0.439720565050822,0.42049128042597705,0.017285992384561404
14.4,0.43714905393330644,0.4249071177513402,0.4387034033751306,0.10420088469706268,2.1656172382313796,0.153,2.354850739668368,5.259134252569726,0.028521804691847667,0.10305693242978017,0.9803921568627451,2.124535588756701,2.1656172382313796,2.1813175389158896,1.5291581059437987e-07,0.021500186436351883,0.373280852321242,0.00010000011857921843,0.9657886710656218,1.0,0.0005912552900622074,0.9671040611120368,1.0,0.022263171355498768,0.9681310269289728,1.0,0.0,0.0,0.0,0.0,0.0,0.7225130291790164,-0.4387034033751306,0.4249071177513402,0.012352361762910628
14.600000000000001,0.44219436669484863,0.42781902294748114,0.44049086510778523,0.10410517820024302,2.1683304627679583,0.153,2.574482774191528,5.293880581212901,0.028334602131435488,0.09547805936353136,0.9803921568627451,2.1390951147374055,2.1683304627679583,2.1766080761798627,1.1250401987348327e-07,0.021336491018325937,0.3707273355603068,0.00010000011857921843,0.9677451612941477,1.0,0.0005912552900622074,0.9677610082351633,1.0,0.022263171355498768,0.9684601023017902,1.0,0.0,0.0,0.0,0.0,0.0,0.7280582179237897,-0.44049086510778523,0.42781902294748114,0.010000968726682703
14.8,0.4447258737814997,0.42984913645546047,0.4423088235250681,0.10367583989334331,2.171266915685198,0.153,2.785381509136272,5.311993597568489,0.02823798584182424,0.08924307933627526,0.9803921568627451,2.1492456822773023,2.171266915685198,2.179215058876542,1.0717179204671816e-07,0.021173544896445257,0.3681302521070456,0.00010000011857921843,0.9677451612941477,1.0,0.0005912552900622074,0.9677610082351633,1.0,0.022263171355498768,0.9684601023017902,1.0,0.0,0.0,0.0,0.0,0.0,0.7309597657056446,-0.4423088235250681,0.42984913645546047,0.009126536144082016
15.0,0.44636380596467606,0.43137157376505625,0.4438208050651846,0.10317506061238221,2.174257003772142,0.153,2.988484507110469,5.319551432830251,0.028197866285164002,0.08416953761991983,0.9803921568627451,2.156857868825281,2.174257003772142,2.18685539996214,1.055558218359402e-07,0.021039209304766594,0.3659702784783076,0.00010000011857921843,0.9677451612941477,1.0,0.0005912552900622074,0.9677610082351633,1.0,0.022263171355498768,0.9684601023017902,1.0,0.0,0.0,0.0,0.0,0.0,0.732181181401049,-0.4438208050651846,0.43137157376505625,0.009403739196414122
15.200000000000001,0.44756776650574176,0.4325762501615573,0.44507036239312014,0.10266956108531085,2.1772563936491296,0.153,3.1845829760473006,5.320912310099027,0.02819065439498069,0.08002449908171762,0.9803921568627451,2.1628812508077866,2.1772563936491296,2.1929174084915948,1.0331442202582858e-07,0.0209289609734235,0.3641851965812569,0.00010000011857921843,0.9677451612941477,1.0,0.0005912552900622074,0.9677610082351633,1.0,0.022263171355498768,0.9684601023017902,1.0,0.0,0.0,0.0,0.0,0.0,0.7324160824111536,-0.44507036239312014,0.4325762501615573,0.01048793490075959
15.4,0.4485290619566549,0.43357276765005254,0.4461251081072302,0.10217909896212723,2.1802514345966517,0.153,3.3742573963251585,5.318599264950921,0.028202914438108954,0.07660275237307447,0.9803921568627451,2.1678638382502626,2.1802514345966517,2.197941257874446,1.0015447882686583e-07,0.020836478248032395,0.3626784169896711,0.00010000011857921843,0.9677451612941477,1.0,0.0005912552900622074,0.9677610082351633,1.0,0.022263171355498768,0.9684601023017902,1.0,0.0,0.0,0.0,0.0,0.0,0.7320660808731845,-0.4461251081072302,0.43357276765005254,0.011336349248129962
15.600000000000001,0.4493456573362067,0.4344309120362378,0.4470409731434119,0.10170827160691377,2.1832385528515834,0.153,3.557946556013926,5.314119013388382,0.028226691879141258,0.07374302577070457,0.9803921568627451,2.172154560181189,2.1832385528515834,2.2022733781346373,9.638981756807391e-08,0.020756587945812935,0.36137003836655435,0.00010000011857921843,0.9677451612941477,1.0,0.0005912552900622074,0.9677610082351633,1.0,0.022263171355498768,0.9684601023017902,1.0,0.0,0.0,0.0,0.0,0.0,0.7313708081111616,-0.4470409731434119,0.4344309120362378,0.011905344677806184
15.8,0.450071131751984,0.435196483251662,0.4478602110075088,0.10125681960974026,2.186217455281381,0.153,3.736000849370555,5.367263083075265,0.027947204688549554,0.07132324983103121,0.9803921568627451,2.17598241625831,2.186217455281381,2.206142093137119,9.231881004742067e-08,0.020685398894487478,0.36019969856070166,0.00010000011857921843,0.9677451612941477,1.0,0.0005912552900622074,0.9677610082351633,1.0,0.022263171355498768,0.9684601023017902,1.0,0.0,0.0,0.0,0.0,0.0,0.7304822754611487,-0.4478602110075088,0.435196483251662,0.01228612012482972
16.0,0.45073706904911354,0.4358998049172284,0.44861273823893943,0.10082339284005624,2.1891886145296224,0.153,3.9087125714306232,5.516209337249999,0.027192586580620893,0.06925179730266603,0.9803921568627451,2.179219411553337,2.1891886145296224,2.209698917840093,8.814245334682379e-08,0.020620162313322456,0.3591246596586579,0.00010000011857921843,0.9677451612941477,1.0,0.0005912552900622074,0.9677610082351633,1.0,0.022263171355498768,0.9684601023017902,1.0,0.0,0.0,0.0,0.0,0.0,0.7294993186076628,-0.44861273823893943,0.4358998049172284,0.012540409238412898
16.2,0.451363291377338,0.4365610961236973,0.4493190966617507,0.10040663352943177,2.192152531087427,0.153,4.07633384375291,5.658716402247919,0.026507778325913747,0.06745964315982632,0.9803921568627451,2.1817854878106537,2.192152531087427,2.2130449913457317,8.398495890277768e-08,0.020558994589234072,0.358115576197499,0.00010000011857921843,0.9677451612941477,1.0,0.0005912552900622074,0.9677610082351633,1.0,0.022263171355498768,0.9684601023017902,1.0,0.0,0.0,0.0,0.0,0.0,0.7284866854218952,-0.4493190966617507,0.4365610961236973,0.012709796280880148
16.400000000000002,0.451962663292419,0.4371938433096296,0.4499931552259888,0.10000534669822714,2.1951096090580604,0.153,4.239087585266771,5.79567917493851,0.025881349790482743,0.06589427983124742,0.9803921568627451,2.184483429448761,2.1951096090580604,2.2162478164917356,7.992046252595354e-08,0.020500626761168962,0.3571526353914445,0.00010000011857921843,0.9677451612941477,1.0,0.0005912552900622074,0.9677610082351633,1.0,0.022263171355498768,0.9684601023017902,1.0,0.0,0.0,0.0,0.0,0.0,0.7274860439060875,-0.4499931552259888,0.4371938433096296,0.012822217310556185
16.6,0.4525437029348193,0.4378070626341919,0.45064422659935294,0.09961851659962824,2.1980601411310827,0.153,4.397174029635843,5.9277470576448055,0.025304723454174772,0.0645153057072419,0.9803921568627451,2.187267984382951,2.1980601411310827,2.2193525290396114,7.599046244360836e-08,0.020444209035465774,0.35622253342949567,0.00010000011857921843,0.9677451612941477,1.0,0.0005912552900622074,0.9677610082351633,1.0,0.022263171355498768,0.9684601023017902,1.0,0.0,0.0,0.0,0.0,0.0,0.7265237780035444,-0.45064422659935294,0.4378070626341919,0.012896363841897905
16.8,0.45290989558199235,0.43839688827903567,0.4513417617128312,0.0992528050516126,2.2009987529337764,0.153,4.541966475411646,6.0,0.024999999999999998,0.06333369543831872,0.9803921568627451,2.190108554223889,2.2009987529337764,2.2223431128367928,7.221658051642028e-08,0.020381071972394367,0.35522605469595536,0.00010000011857921843,0.9677451612941477,1.0,0.0005912552900622074,0.9677610082351633,1.0,0.022263171355498768,0.9684601023017902,1.0,0.0,0.0,0.0,0.0,0.0,0.7259663020275691,-0.4513417617128312,0.43839688827903567,0.0129359342112671
17.0,0.45261138597701567,0.43886312796488974,0.4521666586829509,0.09906113245828801,2.203818299629805,0.153,4.657150617692054,6.0,0.024999999999999998,0.06240555962832525,0.9803921568627451,2.1929845769423215,2.203818299629805,2.224746740133299,6.860583054815041e-08,0.020304191336353625,0.35404763045292725,0.00010000011857921843,0.9677451612941477,1.0,0.0005912552900622074,0.9677610082351633,1.0,0.022263171355498768,0.9684601023017902,1.0,0.0,0.0,0.0,0.0,0.0,0.7274446147458173,-0.4521666586829509,0.43886312796488974,0.012853274456631193
17.2,0.4527555330666539,0.4393061687796738,0.4527350917319258,0.09902395659240652,2.2065319107516506,0.153,4.757971317491554,6.0,0.024999999999999998,0.06163999168757026,0.9803921568627451,2.1958740217761066,2.2065319107516506,2.227010688589974,6.499791916729767e-08,0.020250784224289692,0.3532355832401059,0.00010000011857921843,0.9677451612941477,1.0,0.0005912552900622074,0.9677610082351633,1.0,0.022263171355498768,0.9684601023017902,1.0,0.0,0.0,0.0,0.0,0.0,0.7293015023576598,-0.4527350917319258,0.4393061687796738,0.012734079044464235
17.400000000000002,0.4531395959923269,0.4397757175932501,0.4532178963680601,0.09903205068830766,2.2092117384127894,0.153,4.848015992816061,6.0,0.024999999999999998,0.06099770493485351,0.9803921568627451,2.198742002941756,2.2092117384127894,2.2293910551151774,6.102502539600049e-08,0.020204876054791293,0.35254586233134266,0.00010000011857921843,0.9677451612941477,1.0,0.0005912552900622074,0.9677610082351633,1.0,0.022263171355498768,0.9684601023017902,1.0,0.0,0.0,0.0,0.0,0.0,0.7312442299273461,-0.4532178963680601,0.4397757175932501,0.012640047326618687
17.6,0.45358939284411404,0.44026424515119134,0.4536935596251325,0.09905067056709292,2.2118804131454723,0.153,4.929003157527863,6.0,0.024999999999999998,0.060452532107599245,0.9803921568627451,2.2013212257559567,2.211880413145473,2.2318618389293743,5.683419698368873e-08,0.020159518838631606,0.35186634339266776,0.00010000011857921843,0.9677451612941477,1.0,0.0005912552900622074,0.9677610082351633,1.0,0.022263171355498768,0.9684601023017902,1.0,0.0,0.0,0.0,0.0,0.0,0.7332629052611696,-0.4536935596251325,0.44026424515119134,0.012572693729012227
17.8,0.45405925354213644,0.44076327591339903,0.45417332943265387,0.09907262597376623,2.2145424534440656,0.153,5.002061709160771,6.0,0.024999999999999998,0.05998555316081263,0.9803921568627451,2.203816379566995,2.2145424534440656,2.2343840185909083,5.280523021296416e-08,0.020113764287777492,0.3511809579533515,0.00010000011857921843,0.9677451612941477,1.0,0.0005912552900622074,0.9677610082351633,1.0,0.022263171355498768,0.9684601023017902,1.0,0.0,0.0,0.0,0.0,0.0,0.7353361974188316,-0.45417332943265387,0.44076327591339903,0.0125247228690623
18.0,0.4545382237880375,0.4412684826613051,0.45465654327395194,0.09909591794786624,2.217199003090602,0.153,5.06806152555368,6.0,0.024999999999999998,0.05958256823924355,0.9803921568627451,2.2063424133065253,2.217199003090602,2.236936683655644,4.913050411932803e-08,0.020067693606608414,0.3504906524657829,0.00010000011857921843,0.9677451612941477,1.0,0.0005912552900622074,0.9677610082351633,1.0,0.022263171355498768,0.9684601023017902,1.0,0.0,0.0,0.0,0.0,0.0,0.7374439585679249,-0.45465654327395194,0.4412684826613051,0.01249029726366143
18.2,0.4550224597901498,0.4417774713095073,0.4551416866366757,0.09911970835158374,2.2198504637922065,0.153,5.127725446471803,6.0,0.024999999999999998,0.05923266028974127,0.9803921568627451,2.208887356547536,2.219850463792207,2.2395080292732072,4.5845759222135805e-08,0.020021453250570212,0.34979759051903475,0.00010000011857921843,0.9677451612941477,1.0,0.0005912552900622074,0.9677610082351633,1.0,0.022263171355498768,0.9684601023017902,1.0,0.0,0.0,0.0,0.0,0.0,0.7395730401048071,-0.4551416866366757,0.4417774713095073,0.012465227359560878
18.400000000000002,0.45550948640983296,0.44228868577240243,0.4556277653631417,0.09914348374725468,2.2224970368878165,0.153,5.181685632175165,6.0,0.024999999999999998,0.058927236308514354,0.9803921568627451,2.211443428862012,2.2224970368878165,2.242090359634972,4.2921940614149596e-08,0.019975139610003148,0.3491031923383689,0.00010000011857921843,0.9677451612941477,1.0,0.0005912552900622074,0.9677610082351633,1.0,0.022263171355498768,0.9684601023017902,1.0,0.0,0.0,0.0,0.0,0.0,0.741715068225184,-0.4556277653631417,0.44228868577240243,0.012446559448389195
18.6,0.4559977807849769,0.44280106942847025,0.4561140271349836,0.09916694369264119,2.2251387930190254,0.153,5.230504628837078,6.0,0.024999999999999998,0.05865942045080457,0.9803921568627451,2.214005347142351,2.2251387930190254,2.2446784319418516,4.031610169070159e-08,0.019928825114282407,0.34840853266430905,0.00010000011857921843,0.9677451612941477,1.0,0.0005912552900622074,0.9677610082351633,1.0,0.022263171355498768,0.9684601023017902,1.0,0.0,0.0,0.0,0.0,0.0,0.7438644310641049,-0.4561140271349836,0.44280106942847025,0.01243221510242492
18.8,0.45648642129397643,0.44331391072963594,0.4565999156523474,0.09918991972036495,2.2277757232892315,0.153,5.274682576893639,6.0,0.024999999999999998,0.05842365887584083,0.9803921568627451,2.2165695536481795,2.2277757232892315,2.247268705919719,3.798486584583278e-08,0.019882562999496745,0.3477144062109322,0.00010000011857921843,0.9677451612941477,1.0,0.0005912552900622074,0.9677610082351633,1.0,0.022263171355498768,0.9684601023017902,1.0,0.0,0.0,0.0,0.0,0.0,0.746017410467138,-0.4565999156523474,0.44331391072963594,0.012420768394499595
19.0,0.4569747691332457,0.44382671109503075,0.4570850397205499,0.09921230103512374,2.2304077860915457,0.153,5.3146697681072155,6.0,0.024999999999999998,0.05821539573662934,0.9803921568627451,2.2191335554751537,2.2304077860915457,2.2498587005088684,3.5891338279127176e-08,0.019836390650952204,0.3470213718277858,0.00010000011857921843,0.9677451612941477,1.0,0.0005912552900622074,0.9677610082351633,1.0,0.022263171355498768,0.9684601023017902,1.0,0.0,0.0,0.0,0.0,0.0,0.7481714196551439,-0.4570850397205499,0.44382671109503075,0.012411234096111244
19.200000000000003,0.457462357523276,0.4443391139150558,0.4575691261625988,0.09923400961359277,2.2330349221089763,0.153,5.350873535376245,6.0,0.024999999999999998,0.058030850204969155,0.9803921568627451,2.221695569575279,2.2330349221089763,2.252446641977325,3.400514346730099e-08,0.019790334159410648,0.34632981976771593,0.00010000011857921843,0.9677451612941477,1.0,0.0005912552900622074,0.9677610082351633,1.0,0.022263171355498768,0.9684601023017902,1.0,0.0,0.0,0.0,0.0,0.0,0.750324609277278,-0.4575691261625988,0.4443391139150558,0.012402925317793495
19.400000000000002,0.4579488748569799,0.4448508675510242,0.4580519750033043,0.09925499794278163,2.2356570549463846,0.153,5.383661776347041,6.0,0.024999999999999998,0.0578668605911436,0.9803921568627451,2.224254337755121,2.2356570549463846,2.2550312769501484,3.230037112189972e-08,0.019744412528860094,0.34564003570956525,0.00010000011857921843,0.9677451612941477,1.0,0.0005912552900622074,0.9677610082351633,1.0,0.022263171355498768,0.9684601023017902,1.0,0.0,0.0,0.0,0.0,0.0,0.752475679300158,-0.4580519750033043,0.4448508675510242,0.01239536475387114
19.6,0.4584341190834146,0.44536179816579663,0.4585334432135926,0.09927524001256305,2.2382740965379324,0.153,5.413364968331473,6.0,0.024999999999999998,0.05772077192574532,0.9803921568627451,2.226808990828983,2.2382740965379324,2.257611738264078,3.0754601761940045e-08,0.019698639274689574,0.344952223980582,0.00010000011857921843,0.9677451612941477,1.0,0.0005912552900622074,0.9677610082351633,1.0,0.022263171355498768,0.9684601023017902,1.0,0.0,0.0,0.0,0.0,0.0,0.7546237401754672,-0.4585334432135926,0.44536179816579663,0.012388232238332408
19.8,0.45891794629183014,0.4458717810909839,0.4590134292444188,0.09929472061873135,2.2408859536402645,0.153,5.44028111334443,6.0,0.024999999999999998,0.05759033462375717,0.9803921568627451,2.2293589054549194,2.2408859536402645,2.260187403836944,2.9348490441779764e-08,0.019653023947167732,0.34426652965083027,0.00010000011857921843,0.9677451612941477,1.0,0.0005912552900622074,0.9677610082351633,1.0,0.022263171355498768,0.9684601023017902,1.0,0.0,0.0,0.0,0.0,0.0,0.7567681593768428,-0.4590134292444188,0.4458717810909839,0.01238131079702196
20.0,0.45940024660120776,0.4463807230689768,0.4594918595639236,0.09931343054409963,2.2434925306302205,0.153,5.464679640157228,6.0,0.024999999999999998,0.05747362774408855,0.9803921568627451,2.231903615344884,2.2434925306302205,2.262757808414586,2.806542543845405e-08,0.019607573423726446,0.3435830577658235,0.00010000011857921843,0.9677451612941477,1.0,0.0005912552900622074,0.9677610082351633,1.0,0.022263171355498768,0.9684601023017902,1.0,0.0,0.0,0.0,0.0,0.0,0.7589084668575702,-0.4594918595639236,0.4463807230689768,0.012374450328105975
20.200000000000003,0.45988093889578435,0.4468885535482991,0.45996867882571235,0.09933136588160053,2.246093729741186,0.153,5.486803881006545,6.0,0.024999999999999998,0.05736900314592826,0.9803921568627451,2.2344427677414953,2.246093729741186,2.2653225997250477,2.6891105446362877e-08,0.019562292834769932,0.34290188739183947,0.00010000011857921843,0.9677451612941477,1.0,0.0005912552900622074,0.9677610082351633,1.0,0.022263171355498768,0.9684601023017902,1.0,0.0,0.0,0.0,0.0,0.0,0.7610443112786339,-0.45996867882571235,0.4468885535482991,0.012367547361956641
20.400000000000002,0.46035996555860176,0.44739521825201733,0.46044384333011185,0.09934852721925087,2.2486894514525324,0.153,5.506873823457177,6.0,0.024999999999999998,0.05727503870157438,0.9803921568627451,2.2369760912600865,2.2486894514525324,2.267881506221448,2.581310738924614e-08,0.0195171861828743,0.3422230809569831,0.00010000011857921843,0.9677451612941477,1.0,0.0005912552900622074,0.9677610082351633,1.0,0.022263171355498768,0.9684601023017902,1.0,0.0,0.0,0.0,0.0,0.0,0.7631754274241103,-0.46044384333011185,0.44739521825201733,0.012360530684769304
20.6,0.4608372848473239,0.4479006755214884,0.4609173195514766,0.0993649180000465,2.251279595506311,0.153,5.525087339083064,6.0,0.024999999999999998,0.05719050644246362,0.9803921568627451,2.239503377607442,2.2512795955063116,2.2704343191635457,2.4820500152674887e-08,0.019472256493685988,0.34154668635503344,0.00010000011857921843,0.9677451612941477,1.0,0.0005912552900622074,0.9677610082351633,1.0,0.022263171355498768,0.9684601023017902,1.0,0.0,0.0,0.0,0.0,0.0,0.7653016163296482,-0.4609173195514766,0.4479006755214884,0.012353354919902856
20.8,0.4613128624317907,0.4484048903769782,0.4613890798890957,0.09938054286390693,2.2538640618793893,0.153,5.541623791361764,6.0,0.024999999999999998,0.057114335606215226,0.9803921568627451,2.242024451884891,2.2538640618793893,2.2729808631396873,2.3903614264783336e-08,0.019427506224668746,0.34087274301557746,0.00010000011857921843,0.9677451612941477,1.0,0.0005912552900622074,0.9677610082351633,1.0,0.022263171355498768,0.9684601023017902,1.0,0.0,0.0,0.0,0.0,0.0,0.7674227133219825,-0.4613890798890957,0.4484048903769782,0.012345988517662927
21.0,0.4617866696983593,0.44890783311548677,0.4618591014890259,0.09939540738157246,2.2564427509324885,0.153,5.556645092494024,6.0,0.024999999999999998,0.05704559209567603,0.9803921568627451,2.2445391655774336,2.2564427509324885,2.275520989083638,2.305401756966622e-08,0.019382937378023785,0.3402012835871058,0.00010000011857921843,0.9677451612941477,1.0,0.0005912552900622074,0.9677610082351633,1.0,0.022263171355498768,0.9684601023017902,1.0,0.0,0.0,0.0,0.0,0.0,0.7695385811656679,-0.4618591014890259,0.44890783311548677,0.012338410794725467
21.200000000000003,0.4622586834019545,0.4494094779276206,0.4623273644698841,0.09940951808124768,2.2590155633641538,0.153,5.57029730245295,6.0,0.024999999999999998,0.056983458793674883,0.9803921568627451,2.247047389638103,2.2590155633641538,2.278054567268276,2.2264493048503084e-08,0.019338551666784734,0.33953233647159403,0.00010000011857921843,0.9677451612941477,1.0,0.0005912552900622074,0.9677610082351633,1.0,0.022263171355498768,0.9684601023017902,1.0,0.0,0.0,0.0,0.0,0.0,0.7716491032259511,-0.4623273644698841,0.4494094779276206,0.012330608589596606
21.400000000000002,0.4627288843397574,0.449909801766021,0.46279385098037873,0.0994228821824869,2.261582400370218,0.153,5.582712233070299,6.0,0.024999999999999998,0.05692721856867009,0.9803921568627451,2.249549008830105,2.261582400370218,2.2805814816699796,2.152875578361627e-08,0.019294350605661738,0.3388659271708875,0.00010000011857921843,0.9677451612941477,1.0,0.0005912552900622074,0.9677610082351633,1.0,0.022263171355498768,0.9684601023017902,1.0,0.0,0.0,0.0,0.0,0.0,0.7737541772601205,-0.46279385098037873,0.449909801766021,0.01232257390911607
21.6,0.46319725528638694,0.4504087833453798,0.46325854479357026,0.09943550716773635,2.264143163917744,0.153,5.594008972674613,6.0,0.024999999999999998,0.05687623976771197,0.9803921568627451,2.252043916726899,2.2641431639177445,2.2831016250597846,2.084105502639607e-08,0.019250335552180732,0.33820207886632814,0.00010000011857921843,0.9677451612941477,1.0,0.0005912552900622074,0.9677610082351633,1.0,0.022263171355498768,0.9684601023017902,1.0,0.0,0.0,0.0,0.0,0.0,0.775853709872132,-0.46325854479357026,0.4504087833453798,0.01231430211244756
21.8,0.4636637799768526,0.45090640253486874,0.4637214309439328,0.09944740061443483,2.266697756854068,0.153,5.6042951579026585,6.0,0.024999999999999998,0.05682996448588237,0.9803921568627451,2.2545320126743436,2.266697756854068,2.2856148960035125,2.019622433476216e-08,0.01920650774221196,0.3375408129372388,0.00010000011857921843,0.9677451612941477,1.0,0.0005912552900622074,0.9677610082351633,1.0,0.022263171355498768,0.9684601023017902,1.0,0.0,0.0,0.0,0.0,0.0,0.7779476134887366,-0.4637214309439328,0.45090640253486874,0.012305790719186945
22.0,0.4641284432891118,0.45140264011033476,0.4641824952937028,0.09945857027041725,2.269246082861045,0.153,5.613668030571353,6.0,0.024999999999999998,0.05678789905983547,0.9803921568627451,2.2570132005516736,2.269246082861045,2.288121197589082,1.959003934770442e-08,0.019162868330496175,0.3368821495804245,0.00010000011857921843,0.9677451612941477,1.0,0.0005912552900622074,0.9677610082351633,1.0,0.022263171355498768,0.9684601023017902,1.0,0.0,0.0,0.0,0.0,0.0,0.7800358052567922,-0.4641824952937028,0.45140264011033476,0.01229703874852717
22.200000000000003,0.4645912313714076,0.4518974776106308,0.464641724272815,0.09946902407625563,2.271788046447998,0.153,5.622215405507267,6.0,0.024999999999999998,0.056749605953348346,0.9803921568627451,2.259487388053154,2.271788046447998,2.290620436685008,1.901897518516039e-08,0.019119418414832157,0.33622610818169274,0.00010000011857921843,0.9677451612941477,1.0,0.0005912552900622074,0.9677610082351633,1.0,0.022263171355498768,0.9684601023017902,1.0,0.0,0.0,0.0,0.0,0.0,0.7821182061655518,-0.464641724272815,0.4518974776106308,0.012288046330053055
22.400000000000002,0.46505213115646277,0.4523908971526145,0.46509910485334227,0.0994787700555452,2.2743235530332755,0.153,5.630016596941428,6.0,0.024999999999999998,0.05671469662268266,0.9803921568627451,2.2619544857630722,2.2743235530332755,2.2931125230397296,1.8479499201668172e-08,0.019076159039471866,0.3355727073523681,0.00010000011857921843,0.9677451612941477,1.0,0.0005912552900622074,0.9677610082351633,1.0,0.022263171355498768,0.9684601023017902,1.0,0.0,0.0,0.0,0.0,0.0,0.7841947399233191,-0.46509910485334227,0.4523908971526145,0.012278814378363792
22.6,0.4655111298789452,0.45288288125633125,0.4655546245354341,0.09948781623122167,2.2768525090089224,0.153,5.637143268847767,6.0,0.024999999999999998,0.05668282534957259,0.9803921568627451,2.2644144062816562,2.2768525090089224,2.295597368435025,1.7968220345326118e-08,0.019033091197512515,0.3349219649493797,0.00010000011857921843,0.9677451612941477,1.0,0.0005912552900622074,0.9677610082351633,1.0,0.022263171355498768,0.9684601023017902,1.0,0.0,0.0,0.0,0.0,0.0,0.7862653321167945,-0.4655546245354341,0.45288288125633125,0.012269344298605152
22.8,0.46596821509310077,0.45337341276157556,0.46600827122253824,0.09949617064670653,2.2793748217368024,0.153,5.643660179997763,6.0,0.024999999999999998,0.05665368403437896,0.9803921568627451,2.2668670638078776,2.279374821736803,2.298074886263099,1.748272339916589e-08,0.018990215842584354,0.33427389825351667,0.00010000011857921843,0.9677451612941477,1.0,0.0005912552900622074,0.9677610082351633,1.0,0.022263171355498768,0.9684601023017902,1.0,0.0,0.0,0.0,0.0,0.0,0.7883299098741843,-0.46600827122253824,0.45337341276157556,0.012259637789291745
23.0,0.46642337487112523,0.45386247481685127,0.4664600331115578,0.09950384140266716,2.281890399535792,0.153,5.649625839476219,6.0,0.024999999999999998,0.05662699777522339,0.9803921568627451,2.2693123740842562,2.281890399535792,2.300544991454085,1.7021226562112342e-08,0.01894753389886018,0.33362852412634597,0.00010000011857921843,0.9677451612941477,1.0,0.0005912552900622074,0.9677610082351633,1.0,0.022263171355498768,0.9684601023017902,1.0,0.0,0.0,0.0,0.0,0.0,0.7903884017394889,-0.4664600331115578,0.45386247481685127,0.012249696760113771
23.200000000000003,0.46687659774735046,0.45435005086741964,0.46690989870153227,0.09951083663672423,2.2843991517074556,0.153,5.655093103383768,6.0,0.024999999999999998,0.056602521019476285,0.9803921568627451,2.271750254337098,2.284399151707456,2.303007600418301,1.6581347191735645e-08,0.018905046260554084,0.3329858589978109,0.00010000011857921843,0.9677451612941477,1.0,0.0005912552900622074,0.9677610082351633,1.0,0.022263171355498768,0.9684601023017902,1.0,0.0,0.0,0.0,0.0,0.0,0.7924407375221513,-0.46690989870153227,0.45435005086741964,0.012239523297429217
23.400000000000002,0.46732787251452307,0.4548361246169534,0.46735785683521874,0.09951716448708554,2.286900988571982,0.153,5.660109724757717,6.0,0.024999999999999998,0.05658003417254902,0.9803921568627451,2.2741806230847668,2.286900988571982,2.3054626308684742,1.616055388372072e-08,0.018862753788560657,0.33234591880683034,0.00010000011857921843,0.9677451612941477,1.0,0.0005912552900622074,0.9677610082351633,1.0,0.022263171355498768,0.9684601023017902,1.0,0.0,0.0,0.0,0.0,0.0,0.7944868481384025,-0.46735785683521874,0.4548361246169534,0.012229119614321632
23.6,0.46777718818476777,0.4553206799956378,0.4678038966720765,0.09952283309314479,2.289395821479073,0.153,5.664718852143754,6.0,0.024999999999999998,0.05655934063243213,0.9803921568627451,2.276603399978189,2.289395821479073,2.3079100016629415,1.575773259387481e-08,0.01882065731315145,0.3317087190398907,0.00010000011857921843,0.9677451612941477,1.0,0.0005912552900622074,0.9677610082351633,1.0,0.022263171355498768,0.9684601023017902,1.0,0.0,0.0,0.0,0.0,0.0,0.7965266655061,-0.4678038966720765,0.4553206799956378,0.012218487992480686
23.8,0.46822453409712367,0.45580370115851887,0.46824800763401914,0.09952785061434913,2.2918835628068517,0.153,5.668959474697321,6.0,0.024999999999999998,0.0565402642176357,0.9803921568627451,2.2790185057925942,2.2918835628068517,2.31034963278903,1.5372327628599855e-08,0.01877875763893031,0.33107427480854407,0.00010000011857921843,0.9677451612941477,1.0,0.0005912552900622074,0.9677610082351633,1.0,0.022263171355498768,0.9684601023017902,1.0,0.0,0.0,0.0,0.0,0.0,0.7985601224966629,-0.46824800763401914,0.45580370115851887,0.012207630752835565
24.0,0.46866989994564634,0.45628517249564227,0.46869017940424823,0.09953222522889765,2.29436412597446,0.153,5.672866820996273,6.0,0.024999999999999998,0.056522646924964295,0.9803921568627451,2.281425862478211,2.29436412597446,2.312781445410998,1.5002238587256122e-08,0.018737055544986465,0.33044260085107385,0.00010000011857921843,0.9677451612941477,1.0,0.0005912552900622074,0.9677610082351633,1.0,0.022263171355498768,0.9684601023017902,1.0,0.0,0.0,0.0,0.0,0.0,0.8005871529295107,-0.46869017940424823,0.45628517249564227,0.012196550255872858
24.200000000000003,0.46911327569856476,0.4567650786295978,0.4691304019595293,0.09953596511849461,2.29683742546362,0.153,5.676472720704598,6.0,0.024999999999999998,0.056506346952211926,0.9803921568627451,2.283825393147989,2.29683742546362,2.3152053618637685,1.464525229748611e-08,0.018695551782175603,0.32981371148638655,0.00010000011857921843,0.9677451612941477,1.0,0.0005912552900622074,0.9677610082351633,1.0,0.022263171355498768,0.9684601023017902,1.0,0.0,0.0,0.0,0.0,0.0,0.8026076915817713,-0.4691304019595293,0.4567650786295978,0.012185248901935519
24.400000000000002,0.4695546515614078,0.4572434044052394,0.4695686655713083,0.09953907846515761,2.299303376831575,0.153,5.6798059335312265,6.0,0.024999999999999998,0.05649123694609361,0.9803921568627451,2.286217022026197,2.299303376831575,2.317621305604969,1.4301650204403392e-08,0.018654247073200514,0.3291876206124167,0.00010000011857921843,0.9677451612941477,1.0,0.0005912552900622074,0.9677610082351633,1.0,0.022263171355498768,0.9684601023017902,1.0,0.0,0.0,0.0,0.0,0.0,0.8046216741778397,-0.4695686655713083,0.4572434044052394,0.012173729118863219
24.6,0.4699940180262659,0.4577201348887454,0.4700049607794751,0.0995415734588212,2.301761896716526,0.153,5.6828924465158215,6.0,0.024999999999999998,0.05647720245418288,0.9803921568627451,2.288600674443727,2.301761896716526,2.3200292012068924,1.3971711481761976e-08,0.018613142115012336,0.32856434174360694,0.00010000011857921843,0.9677451612941477,1.0,0.0005912552900622074,0.9677610082351633,1.0,0.022263171355498768,0.9684601023017902,1.0,0.0,0.0,0.0,0.0,0.0,0.8066290373637204,-0.4700049607794751,0.4577201348887454,0.012161993350990422
24.8,0.470431365902242,0.45819525537548655,0.47043927838662647,0.09954345829792237,2.3042129028476492,0.153,5.685755741411368,6.0,0.024999999999999998,0.05646414055973278,0.9803921568627451,2.2909762768774327,2.3042129028476492,2.322428974393267,1.3652573877439795e-08,0.018572237579362036,0.32794388801910507,0.00010000011857921843,0.9677451612941477,1.0,0.0005912552900622074,0.9677610082351633,1.0,0.022263171355498768,0.9684601023017902,1.0,0.0,0.0,0.0,0.0,0.0,0.8086297187064333,-0.47043927838662647,0.45819525537548655,0.012150044059473104
25.0,0.4708666862825245,0.4586687513937583,0.4708716094758946,0.09954474118205585,2.306656314060143,0.153,5.688417035695238,6.0,0.024999999999999998,0.05645195867352532,0.9803921568627451,2.2933437569687913,2.3066563140601435,2.3248205520602783,1.33423372481737e-08,0.01853153411131528,0.3273262721772933,0.00010000011857921843,0.9677451612941477,1.0,0.0005912552900622074,0.9677610082351633,1.0,0.022263171355498768,0.9684601023017902,1.0,0.0,0.0,0.0,0.0,0.0,0.8106236567227436,-0.4708716094758946,0.4586687513937583,0.012137883725943025
25.200000000000003,0.4712999705188321,0.45914060870215895,0.47130194541682463,0.09954543030886907,2.3090920503069263,0.153,5.690895500713383,6.0,0.024999999999999998,0.056440573459192234,0.9803921568627451,2.2957030435107946,2.3090920503069263,2.3272038622659768,1.304343515664927e-08,0.018491032328833618,0.3267115065473934,0.00010000011857921843,0.9677451612941477,1.0,0.0005912552900622074,0.9677610082351633,1.0,0.022263171355498768,0.9684601023017902,1.0,0.0,0.0,0.0,0.0,0.0,0.8126107908963932,-0.47130194541682463,0.45914060870215895,0.012125514851144053
25.400000000000002,0.4717312102435197,0.45961081328944675,0.47173027785264404,0.09954553387670274,2.3115200326660816,0.153,5.6932084592075505,6.0,0.024999999999999998,0.05642990987542501,0.9803921568627451,2.2980540664472335,2.3115200326660816,2.329578834228401,1.2756069455267974e-08,0.01845073282397482,0.32609960306765123,0.00010000011857921843,0.9677451612941477,1.0,0.0005912552900622074,0.9677610082351633,1.0,0.022263171355498768,0.9684601023017902,1.0,0.0,0.0,0.0,0.0,0.0,0.814591061668945,-0.47173027785264404,0.45961081328944675,0.012112939951795298
25.6,0.472160397390917,0.46007935137949885,0.47215659869459237,0.09954506008443112,2.3139401833499043,0.153,5.695371563729745,6.0,0.024999999999999998,0.05641990032296999,0.9803921568627451,2.300396756897494,2.3139401833499043,2.3319453983486658,1.247519314547765e-08,0.018410636163447562,0.32549057329343944,0.00010000011857921843,0.9677451612941477,1.0,0.0005912552900622074,0.9677610082351633,1.0,0.022263171355498768,0.9684601023017902,1.0,0.0,0.0,0.0,0.0,0.0,0.816564410436426,-0.47215659869459237,0.46007935137949885,0.012100161560698748
25.8,0.47258752418284866,0.46054620943498964,0.4725809001308291,0.0995440171269254,2.3163524257165515,0.153,5.697398957585779,6.0,0.024999999999999998,0.056410483884837444,0.9803921568627451,2.302731047174948,2.3163524257165515,2.3343034862302905,1.2200494128961251e-08,0.018370742887878332,0.32488442838452986,0.00010000011857921843,0.9677451612941477,1.0,0.0005912552900622074,0.9677610082351633,1.0,0.022263171355498768,0.9684601023017902,1.0,0.0,0.0,0.0,0.0,0.0,0.8185307795696622,-0.4725809001308291,0.46054620943498964,0.012087182228164788
26.0,0.4730125831113954,0.4610113741570209,0.4730031746312327,0.09954241319230793,2.318756684280039,0.153,5.69930342017943,6.0,0.024999999999999998,0.056401605648102364,0.9803921568627451,2.3050568707851045,2.318756684280039,2.3366530306789626,1.1937770482860856e-08,0.01833105351147029,0.3242811790982389,0.00010000011857921843,0.9677451612941477,1.0,0.0005912552900622074,0.9677610082351633,1.0,0.022263171355498768,0.9684601023017902,1.0,0.0,0.0,0.0,0.0,0.0,0.820490112433603,-0.4730031746312327,0.4610113741570209,0.012074004521731248
26.200000000000003,0.47343556694852157,0.46147483248523635,0.4734234149406167,0.09954025646248091,2.3211528847176175,0.153,5.701096498443999,6.0,0.024999999999999998,0.056393216097166673,0.9803921568627451,2.3073741624261817,2.3211528847176175,2.338993965702784,1.1684456185797313e-08,0.018291568522681247,0.32368083579911905,0.00010000011857921843,0.9677451612941477,1.0,0.0005912552900622074,0.9677610082351633,1.0,0.022263171355498768,0.9684601023017902,1.0,0.0,0.0,0.0,0.0,0.0,0.822442353386659,-0.4734234149406167,0.46147483248523635,0.012060631025403957
26.400000000000002,0.47385646875986753,0.4619365716009604,0.47384161407397496,0.09953755511236813,2.3235409538776692,0.153,5.702788625677315,6.0,0.024999999999999998,0.056385270570473385,0.9803921568627451,2.309682858004802,2.3235409538776692,2.341326226526952,1.1432084387382706e-08,0.018252288384683207,0.32308340846575,0.00010000011857921843,0.9677451612941477,1.0,0.0005912552900622074,0.9677610082351633,1.0,0.022263171355498768,0.9684601023017902,1.0,0.0,0.0,0.0,0.0,0.0,0.8243874477775954,-0.47384161407397496,0.4619365716009604,0.012047064339863597
26.6,0.47427528189788043,0.4623965789300619,0.4742577653206356,0.09953431730652924,2.3259208197890144,0.153,5.704389228892243,6.0,0.024999999999999998,0.05637772877399129,0.9803921568627451,2.3119828946503094,2.3259208197890144,2.3436497496084305,1.1186017128917742e-08,0.018213213535045607,0.3224889066848062,0.00010000011857921843,0.9677451612941477,1.0,0.0005912552900622074,0.9677610082351633,1.0,0.022263171355498768,0.9684601023017902,1.0,0.0,0.0,0.0,0.0,0.0,0.8263253419576352,-0.4742577653206356,0.4623965789300619,0.012033307082558032
26.8,0.47469199998974093,0.46285484214321015,0.47467186224733876,0.0995305511966097,2.3282924116692034,0.153,5.70590682576716,6.0,0.024999999999999998,0.05637055434529681,0.9803921568627451,2.3142742107160506,2.328292411669204,2.3459644726382614,1.0955543416516217e-08,0.018174344385544418,0.3218973396466589,0.00010000011857921843,0.9677451612941477,1.0,0.0005912552900622074,0.9677610082351633,1.0,0.022263171355498768,0.9684601023017902,1.0,0.0,0.0,0.0,0.0,0.0,0.8282559832956565,-0.47467186224733876,0.46285484214321015,0.01201936188724012
27.0,0.4751066169408025,0.46331134915592015,0.47508389869408274,0.09952626492086679,2.3306556599310126,0.153,5.707349112246265,6.0,0.024999999999999998,0.05636371446253296,0.9803921568627451,2.3165567457796006,2.3306556599310126,2.3482703345417946,1.0728973277298238e-08,0.018135681322588144,0.3213087161513103,0.00010000011857921843,0.9677451612941477,1.0,0.0005912552900622074,0.9677610082351633,1.0,0.022263171355498768,0.9684601023017902,1.0,0.0,0.0,0.0,0.0,0.0,0.8301793201806634,-0.47508389869408274,0.46331134915592015,0.012005231403720729
27.200000000000003,0.4755191269431461,0.463766088130454,0.47549386877006217,0.09952146660312651,2.3330104961889315,0.153,5.708723041722594,6.0,0.024999999999999998,0.056357179493256485,0.9803921568627451,2.31883044065227,2.3330104961889315,2.3505672754875797,1.0496291187957073e-08,0.018097224707618938,0.3207230446141969,0.00010000011857921843,0.9677451612941477,1.0,0.0005912552900622074,0.9677610082351633,1.0,0.022263171355498768,0.9684601023017902,1.0,0.0,0.0,0.0,0.0,0.0,0.8320953020195094,-0.47549386877006217,0.463766088130454,0.01199091829750843
27.400000000000002,0.47592952447191317,0.4642190474779228,0.475901766855268,0.09951616434996678,2.335356853266632,0.153,5.710034898481089,6.0,0.024999999999999998,0.056350922671099125,0.9803921568627451,2.321095237389614,2.335356853266632,2.3528552368980113,1.0277386459734513e-08,0.018058974877033437,0.3201403330639028,0.00010000011857921843,0.9677451612941477,1.0,0.0005912552900622074,0.9677610082351633,1.0,0.022263171355498768,0.9684601023017902,1.0,0.0,0.0,0.0,0.0,0.0,0.8340038792434792,-0.475901766855268,0.4642190474779228,0.011976425249139033
27.6,0.47633780427696853,0.4646702158584666,0.4763075876016394,0.09951036624856799,2.337694665202997,0.153,5.71129035668922,6.0,0.024999999999999998,0.056344919835932886,0.9803921568627451,2.323351079292333,2.3376946652029975,2.3551341614508994,1.007596512048857e-08,0.01802093214213569,0.31956058914051505,0.00010000011857921843,0.9677451612941477,1.0,0.0005912552900622074,0.9677610082351633,1.0,0.022263171355498768,0.9684601023017902,1.0,0.0,0.0,0.0,0.0,0.0,0.8359050033193209,-0.4763075876016394,0.4646702158584666,0.011961754954214794
27.8,0.4767439613829453,0.46511958218158267,0.4767113259308036,0.09950408036534665,2.3400238672583265,0.153,5.712494548464037,6.0,0.024999999999999998,0.056339149138646585,0.9803921568627451,2.3255979109079132,2.3400238672583265,2.357403993081177,9.868328335163248e-09,0.01798309678939347,0.3189838200988519,0.00010000011857921843,0.9677451612941477,1.0,0.0005912552900622074,0.9677610082351633,1.0,0.022263171355498768,0.9684601023017902,1.0,0.0,0.0,0.0,0.0,0.0,0.8377986267513515,-0.4767113259308036,0.46511958218158267,0.011946910123056563
28.0,0.4772157720590034,0.46556898467401053,0.47706869334115043,0.09949624967234043,2.3423450215389594,0.153,5.713599612369393,6.0,0.024999999999999998,0.05633385113595399,0.9803921568627451,2.3278449233700527,2.3423450215389594,2.3596699102071477,9.660420528840423e-09,0.01794786458828705,0.3184732952269279,0.00010000011857921843,0.9677451612941477,1.0,0.0005912552900622074,0.9677610082351633,1.0,0.022263171355498768,0.9684601023017902,1.0,0.0,0.0,0.0,0.0,0.0,0.8395097234511225,-0.47706869334115043,0.46556898467401053,0.011932145842309585
28.200000000000003,0.47821267639356974,0.4661002429155845,0.4772536468135263,0.09936923712785947,2.3447321187768235,0.153,5.71404659071815,6.0,0.024999999999999998,0.056331813238158404,0.9803921568627451,2.3305012145779225,2.3447321187768235,2.3623039146877263,9.464228445474434e-09,0.017923201625260458,0.3182090759806767,0.00010000011857921843,0.9677451612941477,1.0,0.0005912552900622074,0.9677610082351633,1.0,0.022263171355498768,0.9684601023017902,1.0,0.0,0.0,0.0,0.0,0.0,0.839436213349547,-0.4772536468135263,0.4661002429155845,0.011986675779183971
28.400000000000002,0.47875879760025575,0.46662183299532667,0.47762718809525606,0.09915404281197732,2.3471612538874673,0.153,5.714459283209159,6.0,0.024999999999999998,0.056329916108992614,0.9803921568627451,2.333109164976633,2.3471612538874673,2.3649159553214205,9.272067910589477e-09,0.0178825443627416,0.31767544557820565,0.00010000011857921843,0.9677451612941477,1.0,0.0005912552900622074,0.9677610082351633,1.0,0.022263171355498768,0.9684601023017902,1.0,0.0,0.0,0.0,0.0,0.0,0.8393623603419946,-0.47762718809525606,0.46662183299532667,0.012042881275688536
28.6,0.4791519465730769,0.4671113636387223,0.47802825588740094,0.09892751056381593,2.3495796326882186,0.153,5.7148359646671905,6.0,0.024999999999999998,0.05632817830784607,0.9803921568627451,2.3355568181936115,2.3495796326882186,2.367378137644611,9.08428678368895e-09,0.017839909767030006,0.3171024915894272,0.00010000011857921843,0.9677451612941477,1.0,0.0005912552900622074,0.9677610082351633,1.0,0.022263171355498768,0.9684601023017902,1.0,0.0,0.0,0.0,0.0,0.0,0.8392921206744818,-0.47802825588740094,0.4671113636387223,0.0120677428449712
28.8,0.47950787211619345,0.4675803610131394,0.47842083695878396,0.09870656675790081,2.351976310685133,0.153,5.715180634611993,6.0,0.024999999999999998,0.056326580917855876,0.9803921568627451,2.337901805065697,2.351976310685133,2.369739917517443,8.900017345490043e-09,0.017798358486306967,0.3165416614874515,0.00010000011857921843,0.9677451612941477,1.0,0.0005912552900622074,0.9677610082351633,1.0,0.022263171355498768,0.9684601023017902,1.0,0.0,0.0,0.0,0.0,0.0,0.8392245909344443,-0.47842083695878396,0.4675803610131394,0.012068335722118495
29.0,0.4798562452940386,0.46803661261715873,0.47880138883422096,0.0984924784490894,2.3543509259593582,0.153,5.715497041595721,6.0,0.024999999999999998,0.05632510604308088,0.9803921568627451,2.3401830630857936,2.3543509259593582,2.3720380574051214,8.717712958197472e-09,0.01775810103629545,0.3159980159511128,0.00010000011857921843,0.9677451612941477,1.0,0.0005912552900622074,0.9677610082351633,1.0,0.022263171355498768,0.9684601023017902,1.0,0.0,0.0,0.0,0.0,0.0,0.8391588546287428,-0.47880138883422096,0.46803661261715873,0.012053282503956516
29.200000000000003,0.4802037993097308,0.4684844255393924,0.4791720843720431,0.09828392106481922,2.3567047274838466,0.153,5.715788299443136,6.0,0.024999999999999998,0.056323739280272435,0.9803921568627451,2.342422127696962,2.3567047274838466,2.374293593814862,8.535640311769183e-09,0.017718883937467168,0.3154684508970812,0.00010000011857921843,0.9677451612941477,1.0,0.0005912552900622074,0.9677610082351633,1.0,0.022263171355498768,0.9684601023017902,1.0,0.0,0.0,0.0,0.0,0.0,0.8390943441838006,-0.4791720843720431,0.4684844255393924,0.012028694083283959
29.400000000000002,0.4805508097878242,0.4689262679287339,0.47953568834410687,0.09807938911455559,2.359038992082886,0.153,5.716057082863082,6.0,0.024999999999999998,0.05632246859262082,0.9803921568627451,2.3446313396436693,2.359038992082886,2.376518870358054,8.352946211166698e-09,0.01768042558276365,0.31494901665127584,0.00010000011857921843,0.9677451612941477,1.0,0.0005912552900622074,0.9677610082351633,1.0,0.022263171355498768,0.9684601023017902,1.0,0.0,0.0,0.0,0.0,0.0,0.8390307100233103,-0.47953568834410687,0.4689262679287339,0.011998716719407884
29.6,0.480895641081915,0.4693632272652284,0.47989416381537914,0.09787785022676536,2.3613545915920566,0.153,5.716305644889996,6.0,0.024999999999999998,0.05632128414936,0.9803921568627451,2.346816136326142,2.3613545915920566,2.378719484379843,8.170212560772431e-09,0.017642534386142588,0.31443690883517256,0.00010000011857921843,0.9677451612941477,1.0,0.0005912552900622074,0.9677610082351633,1.0,0.022263171355498768,0.9684601023017902,1.0,0.0,0.0,0.0,0.0,0.0,0.83896778430982,-0.47989416381537914,0.4693632272652284,0.01196568100071345
29.8,0.4812375761612665,0.4697958022508282,0.4802483988107955,0.09767883243080498,2.3636519693223925,0.153,5.716535933051918,6.0,0.024999999999999998,0.05632017761645229,0.9803921568627451,2.3489790112541407,2.3636519693223925,2.380898014414737,7.989163218446274e-09,0.01760512262514335,0.3139308588417207,0.00010000011857921843,0.9677451612941477,1.0,0.0005912552900622074,0.9677610082351633,1.0,0.022263171355498768,0.9684601023017902,1.0,0.0,0.0,0.0,0.0,0.0,0.8389054892336993,-0.4802483988107955,0.4697958022508282,0.011930800354830058
30.0,0.4815767405152251,0.47022435847644034,0.4805987709482429,0.0974821224071667,2.3659313742004184,0.153,5.716749692187303,6.0,0.024999999999999998,0.05631914157085585,0.9803921568627451,2.3511217923822016,2.3659313742004184,2.3830562965539857,7.81165772538525e-09,0.017568150165355463,0.31343032721679587,0.00010000011857921843,0.9677451612941477,1.0,0.0005912552900622074,0.9677610082351633,1.0,0.022263171355498768,0.9684601023017902,1.0,0.0,0.0,0.0,0.0,0.0,0.8388437724703933,-0.4805987709482429,0.47022435847644034,0.011894805954338413
30.200000000000003,0.48191326151909786,0.47064918396053435,0.4809455673166488,0.09728755708412824,2.368193011935193,0.153,5.716948496707063,6.0,0.024999999999999998,0.05631816933201724,0.9803921568627451,2.3532459198026716,2.368193011935193,2.3851957699851867,7.638894996264869e-09,0.01753158626671092,0.3129349038333589,0.00010000011857921843,0.9677451612941477,1.0,0.0005912552900622074,0.9677610082351633,1.0,0.022263171355498768,0.9684601023017902,1.0,0.0,0.0,0.0,0.0,0.0,0.8387825933870576,-0.4809455673166488,0.47064918396053435,0.011858195794754693
30.400000000000002,0.48224704672014007,0.47107045830632704,0.4812890416818,0.0970949967046822,2.370437064799544,0.153,5.717133758558334,6.0,0.024999999999999998,0.05631725493391679,0.9803921568627451,2.355352291531635,2.370437064799544,2.3873173456553762,7.471266982203415e-09,0.017495404731734346,0.3124442261688572,0.00010000011857921843,0.9677451612941477,1.0,0.0005912552900622074,0.9677610082351633,1.0,0.022263171355498768,0.9684601023017902,1.0,0.0,0.0,0.0,0.0,0.0,0.8387219254820324,-0.4812890416818,0.47107045830632704,0.011821291652340304
30.6,0.482577964993942,0.4714882765788305,0.4816293661488433,0.09690434657823192,2.372663678755824,0.153,5.717306743952736,6.0,0.024999999999999998,0.05631639304902833,0.9803921568627451,2.3574413828941525,2.372663678755824,2.3894215145040527,7.308672246760825e-09,0.017459587810098338,0.31195804835879526,0.00010000011857921843,0.9677451612941477,1.0,0.0005912552900622074,0.9677610082351633,1.0,0.022263171355498768,0.9684601023017902,1.0,0.0,0.0,0.0,0.0,0.0,0.838661754000913,-0.4816293661488433,0.4714882765788305,0.011784282769653456
30.8,0.4829059828786131,0.47190269543815727,0.4819666276671209,0.09671555600824518,2.3748729666584087,0.153,5.717468592531171,6.0,0.024999999999999998,0.056315578894412396,0.9803921568627451,2.359513477190786,2.374872966658409,2.3915085673640397,7.1508868487767936e-09,0.01742412588391568,0.3114762461898272,0.00010000011857921843,0.9677451612941477,1.0,0.0005912552900622074,0.9677610082351633,1.0,0.022263171355498768,0.9684601023017902,1.0,0.0,0.0,0.0,0.0,0.0,0.8386020703342291,-0.4819666276671209,0.47190269543815727,0.011747274451708785
31.0,0.4832311356951931,0.4723137607907524,0.4823008721102285,0.0965285951918335,2.37706502587122,0.153,5.717620333319517,6.0,0.024999999999999998,0.056314808154999306,0.9803921568627451,2.361568803953762,2.37706502587122,2.3935787347375848,6.997734006202466e-09,0.01738901318136879,0.31099875412824496,0.00010000011857921843,0.9677451612941477,1.0,0.0005912552900622074,0.9677610082351633,1.0,0.022263171355498768,0.9684601023017902,1.0,0.0,0.0,0.0,0.0,0.0,0.8385428679571472,-0.4823008721102285,0.4723137607907524,0.011710329042448646
31.200000000000003,0.483553456874523,0.4727215123872521,0.48263213902062596,0.09634343798478226,2.379239950841702,0.153,5.717762896250383,6.0,0.024999999999999998,0.05631407693247658,0.9803921568627451,2.36360756193626,2.3792399508417024,2.395632215483216,6.8490761846261974e-09,0.01735424461964292,0.31052551568482,0.00010000011857921843,0.9677451612941477,1.0,0.0005912552900622074,0.9677610082351633,1.0,0.022263171355498768,0.9684601023017902,1.0,0.0,0.0,0.0,0.0,0.0,0.8384841412824452,-0.48263213902062596,0.4727215123872521,0.011673487728245613
31.400000000000002,0.4838729576224689,0.47312598160230057,0.4829604674889504,0.0961600591020753,2.381397835229042,0.153,5.717897121320408,6.0,0.024999999999999998,0.05631338170716426,0.9803921568627451,2.3656299080115026,2.381397835229042,2.397669167969243,6.7047635506812455e-09,0.017319815299131153,0.31005647501578515,0.00010000011857921843,0.9677451612941477,1.0,0.0005912552900622074,0.9677610082351633,1.0,0.022263171355498768,0.9684601023017902,1.0,0.0,0.0,0.0,0.0,0.0,0.8384258857853568,-0.4829604674889504,0.47312598160230057,0.011636777944012662
31.6,0.4841896441951512,0.47352719269226856,0.4832858904237815,0.09597843678733887,2.3835387702106567,0.153,5.718023767150717,6.0,0.024999999999999998,0.05631271930190223,0.9803921568627451,2.3676359634613426,2.383538770210657,2.3996897153819865,6.564619360388699e-09,0.017285720986802058,0.30959158510888357,0.00010000011857921843,0.9677451612941477,1.0,0.0005912552900622074,0.9677610082351633,1.0,0.022263171355498768,0.9684601023017902,1.0,0.0,0.0,0.0,0.0,0.0,0.8383680979143476,-0.4832858904237815,0.47352719269226856,0.011600216514811431
31.8,0.4845035313666619,0.4739251665697019,0.48360843330659703,0.09579855318461855,2.3856628444067542,0.153,5.7181435191701455,6.0,0.024999999999999998,0.05631208684669493,0.9803921568627451,2.3696258328485094,2.3856628444067542,2.4016939635201773,6.4284618994244044e-09,0.017251958174323852,0.30913080956200417,0.00010000011857921843,0.9677451612941477,1.0,0.0005912552900622074,0.9677610082351633,1.0,0.022263171355498768,0.9684601023017902,1.0,0.0,0.0,0.0,0.0,0.0,0.8383107746496478,-0.48360843330659703,0.4739251665697019,0.011563813221256073
32.0,0.4848146402629494,0.4743199233111575,0.4839281179603156,0.0956203923596688,2.3877701453787634,0.153,5.718256996995004,6.0,0.024999999999999998,0.056311481746928724,0.9803921568627451,2.3715996165557875,2.3877701453787634,2.403682013400469,6.296129453413078e-09,0.017218523710766438,0.3086741171995491,0.00010000011857921843,0.9677451612941477,1.0,0.0005912552900622074,0.9677610082351633,1.0,0.022263171355498768,0.9684601023017902,1.0,0.0,0.0,0.0,0.0,0.0,0.8382539131409268,-0.4839281179603156,0.4743199233111575,0.011527574160579946
32.2,0.485122991803061,0.4747114825958567,0.48424496575485715,0.09544393871392695,2.3898607607746203,0.153,5.7183647608606325,6.0,0.024999999999999998,0.05631090165618567,0.9803921568627451,2.3735574129792836,2.3898607607746203,2.4056539639684,6.1674860533897756e-09,0.017185414512128155,0.3082214774930612,0.00010000011857921843,0.9677451612941477,1.0,0.0005912552900622074,0.9677610082351633,1.0,0.022263171355498768,0.9684601023017902,1.0,0.0,0.0,0.0,0.0,0.0,0.8381975106000569,-0.48424496575485715,0.4747114825958567,0.011491503640748692
32.4,0.48542860469832655,0.4750998634531553,0.48455899814166475,0.09526917673343639,2.3919347785066516,0.153,5.718467317305157,6.0,0.024999999999999998,0.056310344452496976,0.9803921568627451,2.3754993172657763,2.3919347785066516,2.407609911058236,6.042410685982535e-09,0.017152627516031586,0.3077728597976217,0.00010000011857921843,0.9677451612941477,1.0,0.0005912552900622074,0.9677610082351633,1.0,0.022263171355498768,0.9684601023017902,1.0,0.0,0.0,0.0,0.0,0.0,0.8381415643181837,-0.48455899814166475,0.4750998634531553,0.011455604820753803
32.6,0.48573149708021773,0.4754850843263472,0.48487023605758806,0.09509609126948178,2.3939922865564833,0.153,5.718565124322787,6.0,0.024999999999999998,0.05630980821678177,0.9803921568627451,2.377425421631736,2.3939922865564833,2.4095499476225566,5.920785675734184e-09,0.01712015973259694,0.3073282342034455,0.00010000011857921843,0.9677451612941477,1.0,0.0005912552900622074,0.9677610082351633,1.0,0.022263171355498768,0.9684601023017902,1.0,0.0,0.0,0.0,0.0,0.0,0.8380860716648358,-0.48487023605758806,0.4754850843263472,0.011419879956333312
32.800000000000004,0.4860316878335674,0.47586716340070395,0.4851786997511754,0.0949246676014217,2.396033372934125,0.153,5.71865859606351,6.0,0.024999999999999998,0.0563092912131044,0.9803921568627451,2.3793358170035197,2.396033372934125,2.411474165264598,5.8024941297078045e-09,0.017088008254967917,0.30688757178403514,0.00010000011857921843,0.9677451612941477,1.0,0.0005912552900622074,0.9677610082351633,1.0,0.022263171355498768,0.9684601023017902,1.0,0.0,0.0,0.0,0.0,0.0,0.8380310300507774,-0.4851786997511754,0.47586716340070395,0.01138433068701703
33.0,0.48632919642220757,0.476246118830915,0.4854844091117834,0.09475489126271443,2.3980581257972537,0.153,5.718748107082166,6.0,0.024999999999999998,0.056308791870833014,0.9803921568627451,2.381230594154575,2.3980581257972537,2.4133826553771067,5.687423707622784e-09,0.017056170226930418,0.3064508441260236,0.00010000011857921843,0.9677451612941477,1.0,0.0005912552900622074,0.9677610082351633,1.0,0.022263171355498768,0.9684601023017902,1.0,0.0,0.0,0.0,0.0,0.0,0.8379764368955092,-0.4854844091117834,0.476246118830915,0.011348958317448003
33.2,0.486624042257196,0.476621968775101,0.48578738396580984,0.09458674789406288,2.4000666335445735,0.153,5.718833996157539,6.0,0.024999999999999998,0.05630830876865709,0.9803921568627451,2.3831098438755047,2.4000666335445735,2.4152755093612464,5.575469271579002e-09,0.01702464281595912,0.30601802290598584,0.00010000011857921843,0.9677451612941477,1.0,0.0005912552900622074,0.9677610082351633,1.0,0.022263171355498768,0.9684601023017902,1.0,0.0,0.0,0.0,0.0,0.0,0.8379222896181966,-0.48578738396580984,0.476621968775101,0.011313763976349851
33.4,0.48691624449276955,0.4769947313619393,0.48608764412259037,0.09442022322149764,2.402058984818648,0.153,5.718916569731713,6.0,0.024999999999999998,0.05630784062022434,0.9803921568627451,2.3849736568096964,2.402058984818648,2.4171528184843756,5.466531709245757e-09,0.016993423209203055,0.3055890798248709,0.00010000011857921843,0.9677451612941477,1.0,0.0005912552900622074,0.9677610082351633,1.0,0.022263171355498768,0.9684601023017902,1.0,0.0,0.0,0.0,0.0,0.0,0.8378685856404662,-0.48608764412259037,0.4769947313619393,0.011278748667501132
33.6,0.48720582218039643,0.4773644246896869,0.4863852093105857,0.09425530308580364,2.404035268472849,0.153,5.71899610501991,6.0,0.024999999999999998,0.056307386261153385,0.9803921568627451,2.386822123448434,2.404035268472849,2.419014673866727,5.36051554075792e-09,0.016962508618752304,0.3051639866991632,0.00010000011857921843,0.9677451612941477,1.0,0.0005912552900622074,0.9677610082351633,1.0,0.022263171355498768,0.9684601023017902,1.0,0.0,0.0,0.0,0.0,0.0,0.8378153223873189,-0.4863852093105857,0.4773644246896869,0.0112439132880055
33.800000000000004,0.4874927944004066,0.4777310668533761,0.48668009915447374,0.09409197345071364,2.405995573553558,0.153,5.719072852825265,6.0,0.024999999999999998,0.05630694463727229,0.9803921568627451,2.3886553342668804,2.405995573553558,2.42086116660656,5.257328016742597e-09,0.016931896282970007,0.3047427154936089,0.00010000011857921843,0.9677451612941477,1.0,0.0005912552900622074,0.9677610082351633,1.0,0.022263171355498768,0.9684601023017902,1.0,0.0,0.0,0.0,0.0,0.0,0.8377624972842175,-0.48668009915447374,0.4777310668533761,0.011209258652322973
34.0,0.48777718024624106,0.47809467596386385,0.48697233320282585,0.09393022038721857,2.407939989298738,0.153,5.7191470400830084,6.0,0.024999999999999998,0.056306514793989904,0.9803921568627451,2.390473379819319,2.407939989298738,2.4226923878751885,5.156879608848852e-09,0.016901583463496704,0.30432523828167735,0.00010000011857921843,0.9677451612941477,1.0,0.0005912552900622074,0.9677610082351633,1.0,0.022263171355498768,0.9684601023017902,1.0,0.0,0.0,0.0,0.0,0.0,0.8377101077543941,-0.48697233320282585,0.47809467596386385,0.011174785516856555
34.2,0.4880589987612644,0.4784552701483863,0.48726193095421644,0.0937700300597236,2.409868605134645,0.153,5.719218872157809,6.0,0.024999999999999998,0.056306095866704806,0.9803921568627451,2.3922763507419313,2.409868605134645,2.4245084289244208,5.0590844484623155e-09,0.016871567442639363,0.3039115272082622,0.00010000011857921843,0.9677451612941477,1.0,0.0005912552900622074,0.9677610082351633,1.0,0.022263171355498768,0.9684601023017902,1.0,0.0,0.0,0.0,0.0,0.0,0.8376581512183736,-0.48726193095421644,0.4784552701483863,0.011140494593759098
34.4,0.488338268916394,0.47881286754454816,0.4875489118595138,0.09361138872409173,2.411781510663996,0.153,5.719288534918855,6.0,0.024999999999999998,0.056305687072146525,0.9803921568627451,2.3940643377227406,2.411781510663996,2.426309381058697,4.96386010084958e-09,0.016841845522944245,0.3035015544864088,0.00010000011857921843,0.9677451612941477,1.0,0.0005912552900622074,0.9677610082351633,1.0,0.022263171355498768,0.9684601023017902,1.0,0.0,0.0,0.0,0.0,0.0,0.8376066250946401,-0.4875489118595138,0.47881286754454816,0.01110638655505746
34.6,0.4886150096233731,0.479167486297581,0.4878332953134944,0.09345428273067095,2.4136787956507617,0.153,5.719356196615327,6.0,0.024999999999999998,0.05630528770055018,0.9803921568627451,2.3958374314879047,2.413678795650762,2.428095335620555,4.871127097826302e-09,0.016812415027671803,0.30309529240929367,0.00010000011857921843,0.9677451612941477,1.0,0.0005912552900622074,0.9677610082351633,1.0,0.022263171355498768,0.9684601023017902,1.0,0.0,0.0,0.0,0.0,0.0,0.8375555268001093,-0.4878332953134944,0.479167486297581,0.011072462034068649
34.800000000000004,0.4888892397463605,0.47951914456063127,0.48811510065054553,0.09329869852520024,2.41556055000658,0.153,5.7194220095718435,6.0,0.024999999999999998,0.0563048971085827,0.9803921568627451,2.3975957228031564,2.41556055000658,2.4298663839909524,4.780808693646995e-09,0.01678327330088015,0.3026927133563635,0.00010000011857921843,0.9677451612941477,1.0,0.0005912552900622074,0.9677610082351633,1.0,0.022263171355498768,0.9684601023017902,1.0,0.0,0.0,0.0,0.0,0.0,0.8375048537501852,-0.48811510065054553,0.47951914456063127,0.011038721627635096
35.0,0.4891609780990185,0.4798678604944227,0.4883943471455316,0.09314462264728325,2.417426863778961,0.153,5.7194861117207525,6.0,0.024999999999999998,0.056304514712950365,0.9803921568627451,2.3993393024721135,2.417426863778961,2.431622617587528,4.692830837189113e-09,0.01675441770706954,0.3022937897920976,0.00010000011857921843,0.9677451612941477,1.0,0.0005912552900622074,0.9677610082351633,1.0,0.022263171355498768,0.9684601023017902,1.0,0.0,0.0,0.0,0.0,0.0,0.837454603358819,-0.4883943471455316,0.4798678604944227,0.011005165898575949
35.2,0.4894302434367352,0.4802136522651543,0.48867105401467775,0.09299204172897206,2.419277827139453,0.153,5.719548627986749,6.0,0.024999999999999998,0.05630413998462363,0.9803921568627451,2.4010682613257712,2.419277827139453,2.4333641278545115,4.607122142402655e-09,0.01672584563085334,0.3018984942647461,0.00010000011857921843,0.9677451612941477,1.0,0.0005912552900622074,0.9677610082351633,1.0,0.022263171355498768,0.9684601023017902,1.0,0.0,0.0,0.0,0.0,0.0,0.8374047730387721,-0.48867105401467775,0.4802136522651543,0.010971795377163604
35.4,0.48969705440782557,0.4805565380395307,0.488945240423229,0.09284094248762742,2.42111353036085,0.153,5.71960967181001,6.0,0.024999999999999998,0.05630377244248639,0.9803921568627451,2.4027826901976534,2.4211135303608504,2.4350910062389755,4.52361356590283e-09,0.016697554475558495,0.3015067993953871,0.00010000011857921843,0.9677451612941477,1.0,0.0005912552900622074,0.9677610082351633,1.0,0.022263171355498768,0.9684601023017902,1.0,0.0,0.0,0.0,0.0,0.0,0.8373553602021784,-0.488945240423229,0.4805565380395307,0.0109386105626199
35.6,0.48996142627226014,0.4808965290051303,0.4892169191900825,0.09269131518705276,2.422934026034149,0.153,5.7196688813593655,6.0,0.024999999999999998,0.05630341358810367,0.9803921568627451,2.4044826450256513,2.4229340260341496,2.436803308955009,4.4422438176003e-09,0.016669542311019966,0.30111868687131077,0.00010000011857921843,0.9677451612941477,1.0,0.0005912552900622074,0.9677610082351633,1.0,0.022263171355498768,0.9684601023017902,1.0,0.0,0.0,0.0,0.0,0.0,0.8373063632753497,-0.4892169191900825,0.4808965290051303,0.010905612614359064
35.800000000000004,0.49022337950484535,0.48123365009040137,0.48948611591017194,0.09254314313126857,2.424739440972031,0.153,5.719724357254982,6.0,0.024999999999999998,0.0563030713249379,0.9803921568627451,2.4061682504520068,2.424739440972031,2.4385011616155605,4.362943466459312e-09,0.016641805908480817,0.30073412012832584,0.00010000011857921843,0.9677451612941477,1.0,0.0005912552900622074,0.9677610082351633,1.0,0.022263171355498768,0.9684601023017902,1.0,0.0,0.0,0.0,0.0,0.0,0.8372577786825821,-0.48948611591017194,0.48123365009040137,0.010872801427795712
36.0,0.4904829349645329,0.4815679263993616,0.4897528557488554,0.0923964097441529,2.4265299032545133,0.153,5.719774992372778,6.0,0.024999999999999998,0.056302750255339824,0.9803921568627451,2.407839631996808,2.426529903254514,2.4401846906492914,4.28564715782908e-09,0.016614342058968518,0.30035306321592076,0.00010000011857921843,0.9677451612941477,1.0,0.0005912552900622074,0.9677610082351633,1.0,0.022263171355498768,0.9684601023017902,1.0,0.0,0.0,0.0,0.0,0.0,0.8372096028270032,-0.4897528557488554,0.4815679263993616,0.010840176710188753
36.2,0.4907401128715704,0.48189937273673,0.4900171542221447,0.09225110435853082,2.4283054875702024,0.153,5.719825200350502,6.0,0.024999999999999998,0.05630243198206446,0.9803921568627451,2.40949686368365,2.4283054875702024,2.4418539706882996,4.210296535535117e-09,0.016587148672734777,0.29997549396836465,0.00010000011857921843,0.9677451612941477,1.0,0.0005912552900622074,0.9677610082351633,1.0,0.022263171355498768,0.9684601023017902,1.0,0.0,0.0,0.0,0.0,0.0,0.8371618336034246,-0.4900171542221447,0.48189937273673,0.0108077385945614
36.4,0.490994932542571,0.4822280028433813,0.4902790250016878,0.0921072169151609,2.430066259434735,0.153,5.719874983204579,6.0,0.024999999999999998,0.056302116490062455,0.9803921568627451,2.4111400142169064,2.430066259434735,2.443509070586542,4.136846684716539e-09,0.0165602237657589,0.2996013928547316,0.00010000011857921843,0.9677451612941477,1.0,0.0005912552900622074,0.9677610082351633,1.0,0.022263171355498768,0.9684601023017902,1.0,0.0,0.0,0.0,0.0,0.0,0.8371144690854533,-0.4902790250016878,0.4822280028433813,0.010775487977843197
36.6,0.49124740925481103,0.4825538362576229,0.4905384886459801,0.09196473336573849,2.4318123148563338,0.153,5.719924343873951,6.0,0.024999999999999998,0.05630180375846456,0.9803921568627451,2.4127691812881142,2.4318123148563338,2.445150088630474,4.065236466604094e-09,0.01653356460618081,0.2992307305057426,0.00010000011857921843,0.9677451612941477,1.0,0.0005912552900622074,0.9677610082351633,1.0,0.022263171355498768,0.9684601023017902,1.0,0.0,0.0,0.0,0.0,0.0,0.8370675064835863,-0.4905384886459801,0.4825538362576229,0.010743425640893716
36.800000000000004,0.4914975609799,0.48287688922816757,0.4907955623427743,0.09182364209005021,2.433543734846273,0.153,5.719973284780746,6.0,0.024999999999999998,0.05630149376972857,0.9803921568627451,2.4143844461408377,2.433543734846273,2.446777106667944,3.9954141008276836e-09,0.0165071689301217,0.2988634823674651,0.00010000011857921843,0.9677451612941477,1.0,0.0005912552900622074,0.9677610082351633,1.0,0.022263171355498768,0.9684601023017902,1.0,0.0,0.0,0.0,0.0,0.0,0.8370209434815555,-0.4907955623427743,0.48287688922816757,0.010711552016766024
37.0,0.4917454040985512,0.4831971808454023,0.4910502663482801,0.09168392964995675,2.4352606159615893,0.153,5.720021808796473,6.0,0.024999999999999998,0.05630118650349981,0.9803921568627451,2.4159859042270115,2.4352606159615897,2.448390220904585,3.927319941193864e-09,0.016481034133061356,0.29849961950245696,0.00010000011857921843,0.9677451612941477,1.0,0.0005912552900622074,0.9677610082351633,1.0,0.022263171355498768,0.9684601023017902,1.0,0.0,0.0,0.0,0.0,0.0,0.8369747773437197,-0.4910502663482801,0.4831971808454023,0.010679867264227361
37.2,0.49199095678822286,0.4835147296914234,0.4913026197612665,0.09154558332403712,2.436963052537041,0.153,5.7200699187055255,6.0,0.024999999999999998,0.056300881940014244,0.9803921568627451,2.417573648457117,2.436963052537041,2.449989524948851,3.860899805828488e-09,0.01645515774621666,0.2981391146267621,0.00010000011857921843,0.9677451612941477,1.0,0.0005912552900622074,0.9677610082351633,1.0,0.022263171355498768,0.9684601023017902,1.0,0.0,0.0,0.0,0.0,0.0,0.8369290054135136,-0.4913026197612665,0.4835147296914234,0.010648371359011323
37.4,0.49223423809815336,0.48382955392364757,0.49155264074100186,0.09140859089986793,2.438651135943024,0.153,5.720117617218996,6.0,0.024999999999999998,0.05630058006001001,0.9803921568627451,2.4191477696182377,2.438651135943024,2.451575110150754,3.796105092479543e-09,0.016429537396400105,0.2977819417985687,0.00010000011857921843,0.9677451612941477,1.0,0.0005912552900622074,0.9677610082351633,1.0,0.022263171355498768,0.9684601023017902,1.0,0.0,0.0,0.0,0.0,0.0,0.8368836251047501,-0.49155264074100186,0.48382955392364757,0.01061706436746996
37.6,0.49247526658673574,0.48414167159068405,0.4918003474148848,0.09127294023093352,2.440324956456746,0.153,5.720164907032452,6.0,0.024999999999999998,0.05630028084436092,0.9803921568627451,2.42070835795342,2.440324956456746,2.4531470672988758,3.732890002375286e-09,0.01640417072504542,0.2974280751215931,0.00010000011857921843,0.9677451612941477,1.0,0.0005912552900622074,0.9677610082351633,1.0,0.022263171355498768,0.9684601023017902,1.0,0.0,0.0,0.0,0.0,0.0,0.8368386338470678,-0.4918003474148848,0.48414167159068405,0.010585946490593
37.800000000000004,0.4927140600584584,0.4844511007245041,0.4920457581108554,0.09113861913006334,2.441984604445671,0.153,5.720211790844123,6.0,0.024999999999999998,0.056299984273960935,0.9803921568627451,2.4222555036225204,2.441984604445671,2.4547054871477494,3.671209770355222e-09,0.016379055368812158,0.2970774884130637,0.00010000011857921843,0.9677451612941477,1.0,0.0005912552900622074,0.9677610082351633,1.0,0.022263171355498768,0.9684601023017902,1.0,0.0,0.0,0.0,0.0,0.0,0.8367940290679177,-0.4920457581108554,0.4844511007245041,0.010555017942670886
38.0,0.49295063605304673,0.4847578593280375,0.4922888911443223,0.09100561546767584,2.4436301705118626,0.153,5.72025827135022,6.0,0.024999999999999998,0.05629969032975312,0.9803921568627451,2.4237892966401873,2.4436301705118626,2.456250460329343,3.611020546561864e-09,0.016354188977333477,0.296730155508111,0.00010000011857921843,0.9677451612941477,1.0,0.0005912552900622074,0.9677610082351633,1.0,0.022263171355498768,0.9684601023017902,1.0,0.0,0.0,0.0,0.0,0.0,0.836749808196582,-0.4922888911443223,0.4847578593280375,0.010524278868565782
38.2,0.4931850121992485,0.4850619653761138,0.49252976468121396,0.09087391723647636,2.445261745295046,0.153,5.720304351242248,6.0,0.024999999999999998,0.056299398992746344,0.9803921568627451,2.425309826880569,2.445261745295046,2.457782077325544,3.552279825731944e-09,0.016329569224908958,0.29638605045540856,0.00010000011857921843,0.9677451612941477,1.0,0.0005912552900622074,0.9677610082351633,1.0,0.022263171355498768,0.9684601023017902,1.0,0.0,0.0,0.0,0.0,0.0,0.8367059686667506,-0.49252976468121396,0.4850619653761138,0.010493729351929056
38.400000000000006,0.4934172061836273,0.4853634368250128,0.49276839676375134,0.09074351253893,2.446879419352421,0.153,5.720350033208387,6.0,0.024999999999999998,0.056299110244006,0.9803921568627451,2.426817184125064,2.4468794193524213,2.4593004285131785,3.4949466015684535e-09,0.016305193808174162,0.2960451474803551,0.00010000011857921843,0.9677451612941477,1.0,0.0005912552900622074,0.9677610082351633,1.0,0.022263171355498768,0.9684601023017902,1.0,0.0,0.0,0.0,0.0,0.0,0.8366625079153905,-0.49276839676375134,0.4853634368250128,0.010463369449225554
38.6,0.4936472356011218,0.48566229160794594,0.49300480536346913,0.09061438956096866,2.448483283142664,0.153,5.720395319933814,6.0,0.024999999999999998,0.05629882406465155,0.9803921568627451,2.4283114580397296,2.448483283142664,2.4608056041516204,3.4389812301529775e-09,0.016281060441278344,0.29570742090932983,0.00010000011857921843,0.9677451612941477,1.0,0.0005912552900622074,0.9677610082351633,1.0,0.022263171355498768,0.9684601023017902,1.0,0.0,0.0,0.0,0.0,0.0,0.8366194233825038,-0.49300480536346913,0.48566229160794594,0.010433199201893516
38.800000000000004,0.49387511790579663,0.4859585476238902,0.4932390083879507,0.0904865365681663,2.450073427034764,0.153,5.72044021409942,6.0,0.024999999999999998,0.05629854043586422,0.9803921568627451,2.429792738119451,2.450073427034764,2.4622976943318235,3.3843452813556802e-09,0.016257166855161567,0.2953728451600703,0.00010000011857921843,0.9677451612941477,1.0,0.0005912552900622074,0.9677610082351633,1.0,0.022263171355498768,0.9684601023017902,1.0,0.0,0.0,0.0,0.0,0.0,0.8365767125122962,-0.4932390083879507,0.4859585476238902,0.01040321863014283
39.0,0.4941008704484375,0.486252222733077,0.49347102366209455,0.09035994191416424,2.4516499413059214,0.153,5.720484718380884,6.0,0.024999999999999998,0.05629825933889229,0.9803921568627451,2.4312611136653848,2.4516499413059214,2.463776788951731,3.331001496699738e-09,0.016233510799050527,0.29504139476843627,0.00010000011857921843,0.9677451612941477,1.0,0.0005912552900622074,0.9677610082351633,1.0,0.022263171355498768,0.9684601023017902,1.0,0.0,0.0,0.0,0.0,0.0,0.8365343727540071,-0.49347102366209455,0.486252222733077,0.01037342772665444
39.2,0.4943245105102088,0.486543334758856,0.49370086891791065,0.09023459404472184,2.453212916131807,0.153,5.720528835448708,6.0,0.024999999999999998,0.056297980755050554,0.9803921568627451,2.43271667379428,2.453212916131807,2.4652429777228506,3.2789137942806426e-09,0.01621009004114556,0.29471304440298474,0.00010000011857921843,0.9677451612941477,1.0,0.0005912552900622074,0.9677610082351633,1.0,0.022263171355498768,0.9684601023017902,1.0,0.0,0.0,0.0,0.0,0.0,0.836492401561888,-0.49370086891791065,0.486543334758856,0.010343826456643768
39.400000000000006,0.4945460553008181,0.4868319014890594,0.49392856179730377,0.09011048149551236,2.4547624415765,0.153,5.720572567968409,6.0,0.024999999999999998,0.056297704665718554,0.9803921568627451,2.434159507445297,2.4547624415765004,2.466696350176766,3.2280472490717964e-09,0.01618690236817135,0.29438776886099455,0.00010000011857921843,0.9677451612941477,1.0,0.0005912552900622074,0.9677610082351633,1.0,0.022263171355498768,0.9684601023017902,1.0,0.0,0.0,0.0,0.0,0.0,0.836450796395035,-0.49392856179730377,0.4868319014890594,0.010314414760600573
39.6,0.49476552194391854,0.48711794067420816,0.4941541198563068,0.08998759288937518,2.4562986075830597,0.153,5.720615918600329,6.0,0.024999999999999998,0.05629743105234139,0.9803921568627451,2.4355897033710407,2.45629860758306,2.4681369956570958,3.1783680426664415e-09,0.01616394558483694,0.2940655430624189,0.00010000011857921843,0.9677451612941477,1.0,0.0005912552900622074,0.9677610082351633,1.0,0.022263171355498768,0.9684601023017902,1.0,0.0,0.0,0.0,0.0,0.0,0.8364095547175667,-0.4941541198563068,0.48711794067420816,0.010285192555846985
39.800000000000004,0.49498292747121825,0.48740147002456313,0.4943775605647409,0.08986591693583303,2.457821503963878,0.153,5.720658889999232,6.0,0.024999999999999998,0.056297159896431796,0.9803921568627451,2.4370073501228156,2.4578215039638787,2.469565003305203,3.1298434109470388e-09,0.016141217513711125,0.2937463420503701,0.00010000011857921843,0.9677451612941477,1.0,0.0005912552900622074,0.9677610082351633,1.0,0.022263171355498768,0.9684601023017902,1.0,0.0,0.0,0.0,0.0,0.0,0.8363686739990066,-0.4943775605647409,0.48740147002456313,0.010256159736592295
40.0,0.49519828882503597,0.4876825072080346,0.49459890130359746,0.0897454424316762,2.4593312203910163,0.153,5.72070148481396,6.0,0.024999999999999998,0.05629689117957189,0.9803921568627451,2.4384125360401727,2.4593312203910167,2.470980462049528,3.0824416065925427e-09,0.01611871599529108,0.2934301409948608,0.00010000011857921843,0.9677451612941477,1.0,0.0005912552900622074,0.9677610082351633,1.0,0.022263171355498768,0.9684601023017902,1.0,0.0,0.0,0.0,0.0,0.0,0.8363281517146041,-0.49459890130359746,0.4876825072080346,0.010227316173784643
40.2,0.4954116228608392,0.4879610698489586,0.49481815936338375,0.08962615826105622,2.4608278463870765,0.153,5.720743705687223,6.0,0.024999999999999998,0.056296624883414075,0.9803921568627451,2.439805349244793,2.4608278463870765,2.472383460599182,3.0361318719835847e-09,0.016096438887980687,0.2931169151951661,0.00010000011857921843,0.9677451612941477,1.0,0.0005912552900622074,0.9677610082351633,1.0,0.022263171355498768,0.9684601023017902,1.0,0.0,0.0,0.0,0.0,0.0,0.8362879853455379,-0.49481815936338375,0.4879610698489586,0.010198661715426912
40.400000000000006,0.49562294634651927,0.48823717552691664,0.4950353519437718,0.08950805339496472,2.462311471316523,0.153,5.720785555255403,6.0,0.024999999999999998,0.056296360989681805,0.9803921568627451,2.441185877634583,2.462311471316523,2.473774087437979,2.9908844113814937e-09,0.016074384067957935,0.29280664008032603,0.00010000011857921843,0.9677451612941477,1.0,0.0005912552900622074,0.9677610082351633,1.0,0.022263171355498768,0.9684601023017902,1.0,0.0,0.0,0.0,0.0,0.0,0.8362481723790908,-0.4950353519437718,0.48823717552691664,0.010170196187149799
40.6,0.49583227596042984,0.4885108417752513,0.49525049615339706,0.08939111689066463,2.463782184377113,0.153,5.720827036148348,6.0,0.024999999999999998,0.05629609948017049,0.9803921568627451,2.442554208876256,2.463782184377113,2.4751524308170794,2.9466703576783647e-09,0.016052549429035154,0.29249929120943274,0.00010000011857921843,0.9677451612941477,1.0,0.0005912552900622074,0.9677610082351633,1.0,0.022263171355498768,0.9684601023017902,1.0,0.0,0.0,0.0,0.0,0.0,0.8362087103088572,-0.49525049615339706,0.4885108417752513,0.010141919392708155
40.800000000000004,0.4960396282902625,0.48878208607947776,0.4954636090092371,0.08927533789133868,2.46524007459134,0.153,5.720868150989124,6.0,0.024999999999999998,0.056295840336748636,0.9803921568627451,2.4439104303973886,2.46524007459134,2.4765185787470667,2.9034617366335955e-09,0.01603093288255981,0.29219484427251846,0.00010000011857921843,0.9677451612941477,1.0,0.0005912552900622074,0.9677610082351633,1.0,0.022263171355498768,0.9684601023017902,1.0,0.0,0.0,0.0,0.0,0.0,0.8361695966349743,-0.4954636090092371,0.48878208607947776,0.01011383111434672
41.0,0.49624501983275854,0.48905092587580445,0.4956747074357983,0.08916070562583546,2.466685230797979,0.153,5.720908902393775,6.0,0.024999999999999998,0.05629558354135888,0.9803921568627451,2.445254629379022,2.466685230797979,2.4778726189905025,2.861231433179054e-09,0.016009532357333676,0.29189327509171675,0.00010000011857921843,0.9677451612941477,1.0,0.0005912552900622074,0.9677610082351633,1.0,0.022263171355498768,0.9684601023017902,1.0,0.0,0.0,0.0,0.0,0.0,0.8361308288643383,-0.4956747074357983,0.48905092587580445,0.010085931113140247
41.2,0.4964484669934545,0.48931737854977264,0.49588380826442807,0.08904720940836103,2.468117741643839,0.153,5.7209492929711265,6.0,0.024999999999999998,0.05629532907601887,0.9803921568627451,2.446586892748863,2.468117741643839,2.4792146390550642,2.8199531614492717e-09,0.01598834579952258,0.2915945596222455,0.00010000011857921843,0.9677451612941477,1.0,0.0005912552900622074,0.9677610082351633,1.0,0.022263171355498768,0.9684601023017902,1.0,0.0,0.0,0.0,0.0,0.0,0.8360924045108047,-0.49588380826442807,0.48931737854977264,0.010058219129375861
41.400000000000006,0.4966499860861356,0.4895814614349277,0.4960909282327819,0.08893483863810575,2.4695376955757284,0.153,5.720989325322572,6.0,0.024999999999999998,0.05629507692282219,0.9803921568627451,2.4479073071746384,2.4695376955757284,2.4805447261868787,2.779601437507566e-09,0.015967371172555155,0.2912986739531687,0.00010000011857921843,0.9677451612941477,1.0,0.0005912552900622074,0.9677610082351633,1.0,0.022263171355498768,0.9684601023017902,1.0,0.0,0.0,0.0,0.0,0.0,0.8360543210953842,-0.4960909282327819,0.4895814614349277,0.010030694882962017
41.6,0.49684959333219386,0.48984319181149116,0.49629608398433134,0.08882358279886138,2.47094518083258,0.153,5.7210290020418615,6.0,0.024999999999999998,0.05629482706393925,0.9803921568627451,2.449215959057456,2.4709451808325804,2.481862967363852,2.740151553518157e-09,0.015946606457020555,0.2910055943080981,0.00010000011857921843,0.9677451612941477,1.0,0.0005912552900622074,0.9677610082351633,1.0,0.022263171355498768,0.9684601023017902,1.0,0.0,0.0,0.0,0.0,0.0,0.8360165761464387,-0.49629608398433134,0.48984319181149116,0.010003358073823243
41.800000000000004,0.4970473048601048,0.49010258690505176,0.4964992920678582,0.08871343145865504,2.472340285437721,0.153,5.721068325714911,6.0,0.024999999999999998,0.05629457948161808,0.9803921568627451,2.4505129345252588,2.472340285437721,2.4831694492891057,2.7015795529670327e-09,0.015926049650569946,0.29071529704591675,0.00010000011857921843,0.9677451612941477,1.0,0.0005912552900622074,0.9677610082351633,1.0,0.022263171355498768,0.9684601023017902,1.0,0.0,0.0,0.0,0.0,0.0,0.8359791671998699,-0.4964992920678582,0.49010258690505176,0.009976208382287351
42.0,0.49724313670499876,0.4903596638852932,0.4967005689369569,0.08860437426938766,2.4737230971913005,0.153,5.72110729891959,6.0,0.024999999999999998,0.05629433415818526,0.9803921568627451,2.451798319426466,2.4737230971913005,2.484464258384583,2.6638622066864576e-09,0.015905698767819408,0.29042775866149007,0.00010000011857921843,0.9677451612941477,1.0,0.0005912552900622074,0.9677610082351633,1.0,0.022263171355498768,0.9684601023017902,1.0,0.0,0.0,0.0,0.0,0.0,0.8359420917993063,-0.4967005689369569,0.4903596638852932,0.009949245469465035
42.2,0.49743710480827097,0.4906144398647643,0.49689993094957474,0.08849640096646204,2.475093703662884,0.153,5.721145924225549,6.0,0.024999999999999998,0.056294091076046666,0.9803921568627451,2.453072199323821,2.475093703662884,2.4857474807848714,2.6269769890225265e-09,0.015885551840251658,0.2901429557863218,0.00010000011857921843,0.9677451612941477,1.0,0.0005912552900622074,0.9677610082351633,1.0,0.022263171355498768,0.9684601023017902,1.0,0.0,0.0,0.0,0.0,0.0,0.8359053474962864,-0.49689993094957474,0.4906144398647643,0.00992246897763524
42.400000000000006,0.49762922501718176,0.4908669318976799,0.4970973943675933,0.08838950136840037,2.476452192184213,0.153,5.721184204194013,6.0,0.024999999999999998,0.05629385021768824,0.9803921568627451,2.4543346594883992,2.476452192184213,2.487019202331171,2.5909020535875957e-09,0.0158656069161164,0.2898608651891523,0.00010000011857921843,0.9677451612941477,1.0,0.0005912552900622074,0.9677610082351633,1.0,0.022263171355498768,0.9684601023017902,1.0,0.0,0.0,0.0,0.0,0.0,0.835868931850432,-0.4970973943675933,0.4908669318976799,0.009895878530628354
42.6,0.49781951308447325,0.49111715697874825,0.4972929753564394,0.08828366537645642,2.47779864984212,0.153,5.721222141377613,6.0,0.024999999999999998,0.05629361156567681,0.9803921568627451,2.4555857848937412,2.47779864984212,2.4882795085654164,2.5556162088746636e-09,0.01584586206033039,0.28958146377651506,0.00010000011857921843,0.9677451612941477,1.0,0.0005912552900622074,0.9677610082351633,1.0,0.022263171355498768,0.9684601023017902,1.0,0.0,0.0,0.0,0.0,0.0,0.8358328424296244,-0.4972929753564394,0.49111715697874825,0.009869473734212946
42.800000000000004,0.49800798466802004,0.4913651320420295,0.49748668998471707,0.08817888297422541,2.4791331634716123,0.153,5.721259738320202,6.0,0.024999999999999998,0.056293375102660706,0.9803921568627451,2.4568256602101473,2.4791331634716123,2.4895284847245267,2.5210988947723016e-09,0.015826315354377583,0.28930472859326123,0.00010000011857921843,0.9677451612941477,1.0,0.0005912552900622074,0.9677610082351633,1.0,0.022263171355498768,0.9684601023017902,1.0,0.0,0.0,0.0,0.0,0.0,0.8357970768101662,-0.49748668998471707,0.4913651320420295,0.009843254176470504
43.0,0.4981946553305152,0.4916108739598232,0.49767855422386625,0.08807514422725014,2.4804558196491024,0.153,5.721296997556684,6.0,0.024999999999999998,0.05629314081137058,0.9803921568627451,2.458054369799116,2.480455819649103,2.4907662157348294,2.487330161000546e-09,0.015806964896209294,0.28903063682304825,0.00010000011857921843,0.9677451612941477,1.0,0.0005912552900622074,0.9677610082351633,1.0,0.022263171355498768,0.9684601023017902,1.0,0.0,0.0,0.0,0.0,0.0,0.8357616325769524,-0.49767855422386625,0.4916108739598232,0.009817219428176684
43.2,0.4983795405391817,0.49185439954159016,0.49786858394784717,0.08797243928262231,2.481766704685808,0.153,5.721333921612844,6.0,0.024999999999999998,0.05629290867462001,0.9803921568627451,2.4592719977079507,2.481766704685808,2.491992786206629,2.454290647765646e-09,0.015787808800143945,0.2887591657887897,0.00010000011857921843,0.9677451612941477,1.0,0.0005912552900622074,0.9677610082351633,1.0,0.022263171355498768,0.9684601023017902,1.0,0.0,0.0,0.0,0.0,0.0,0.8357265073236237,-0.49786858394784717,0.49185439954159016,0.009791369043174661
43.400000000000006,0.49856265566550156,0.49209572553290015,0.4980567949328533,0.08787075836857897,2.483065904621298,0.153,5.7213705130051835,6.0,0.024999999999999998,0.05629267867530614,0.9803921568627451,2.4604786276645005,2.483065904621298,2.4932082804289304,2.4219615680743702e-09,0.015768845196766516,0.2884902929530666,0.00010000011857921843,0.9677451612941477,1.0,0.0005912552900622074,0.9677610082351633,1.0,0.022263171355498768,0.9684601023017902,1.0,0.0,0.0,0.0,0.0,0.0,0.835691698652724,-0.4980567949328533,0.49209572553290015,0.009765702558751243
43.6,0.4987440159849759,0.49233486861441256,0.49824320285704804,0.08777009179409496,2.484353505217206,0.153,5.721406774240766,6.0,0.024999999999999998,0.056292450796410376,0.9803921568627451,2.4616743430720627,2.484353505217206,2.4944127823643094,2.39032469066335e-09,0.015750072232827844,0.2882239959185028,0.00010000011857921843,0.9677451612941477,1.0,0.0005912552900622074,0.9677610082351633,1.0,0.022263171355498768,0.9684601023017902,1.0,0.0,0.0,0.0,0.0,0.0,0.8356572041758509,-0.49824320285704804,0.49233486861441256,0.009740219496008194
43.800000000000004,0.4989236366769002,0.4925718454008835,0.4984278233003261,0.0876704299484716,2.485629591951089,0.153,5.7214427078170536,6.0,0.024999999999999998,0.05629222502099888,0.9803921568627451,2.4628592270044174,2.4856295919510893,2.495606375643922,2.3593623225837106e-09,0.015731488071143662,0.28796025242810547,0.00010000011857921843,0.9677451612941477,1.0,0.0005912552900622074,0.9677610082351633,1.0,0.022263171355498768,0.9684601023017902,1.0,0.0,0.0,0.0,0.0,0.0,0.8356230215138013,-0.4984278233003261,0.4925718454008835,0.009714919360230004
44.0,0.49910153282417136,0.4928066724402045,0.4986106717440994,0.08757176330092181,2.4868942500104474,0.153,5.721478316221759,6.0,0.024999999999999998,0.05629200133222326,0.9803921568627451,2.464033362201022,2.4868942500104474,2.4967891435626703,2.3290572910462813e-09,0.015713090890493622,0.28769904036557226,0.00010000011857921843,0.9677451612941477,1.0,0.0005912552900622074,0.9677610082351633,1.0,0.022263171355498768,0.9684601023017902,1.0,0.0,0.0,0.0,0.0,0.0,0.835589148296714,-0.4986106717440994,0.4928066724402045,0.009689801641250545
44.2,0.49927771941311433,0.4930393662124668,0.49879176357110555,0.0874740824001516,2.4881475642868907,0.153,5.72151360193271,6.0,0.024999999999999998,0.05629177971332104,0.9803921568627451,2.465196831062334,2.4881475642868907,2.4979611690745087,2.299392924881704e-09,0.01569487888552006,0.2874403377555635,0.00010000011857921843,0.9677451612941477,1.0,0.0005912552900622074,0.9677610082351633,1.0,0.022263171355498768,0.9684601023017902,1.0,0.0,0.0,0.0,0.0,0.0,0.8355555821642084,-0.49879176357110555,0.4930393662124668,0.009664865813820167
44.400000000000006,0.4994522113333323,0.4932699431290584,0.49897111406524025,0.08737737787393798,2.4893896193704625,0.153,5.721548567417687,6.0,0.024999999999999998,0.05629156014761626,0.9803921568627451,2.466349715645292,2.4893896193704625,2.499122534787887,2.2703530365150943e-09,0.015676850266626657,0.2871841227639425,0.00010000011857921843,0.9677451612941477,1.0,0.0005912552900622074,0.9677610082351633,1.0,0.022263171355498768,0.9684601023017902,1.0,0.0,0.0,0.0,0.0,0.0,0.8355223207655188,-0.49897111406524025,0.4932699431290584,0.009640111337961357
44.6,0.4996250233775724,0.49349841953178486,0.49914873841141194,0.08728164042870354,2.4906204995441095,0.153,5.721583215134302,6.0,0.024999999999999998,0.05629134261851988,0.9803921568627451,2.467492097658924,2.4906204995441095,2.500273322961344,2.241921905399953e-09,0.015659003259876934,0.28693037369798285,0.00010000011857921843,0.9677451612941477,1.0,0.0005912552900622074,0.9677610082351633,1.0,0.022263171355498768,0.9684601023017902,1.0,0.0,0.0,0.0,0.0,0.0,0.8354893617596209,-0.49914873841141194,0.49349841953178486,0.009615537659332263
44.800000000000004,0.49979617024162265,0.4937248116920202,0.49932465169541884,0.08718686084908814,2.491840288778299,0.153,5.72161754752986,6.0,0.024999999999999998,0.05629112710953038,0.9803921568627451,2.468624058460101,2.4918402887782993,2.5014136154992337,2.214084263369614e-09,0.01564133610689271,0.2866790690065445,0.00010000011857921843,0.9677451612941477,1.0,0.0005912552900622074,0.9677610082351633,1.0,0.022263171355498768,0.9684601023017902,1.0,0.0,0.0,0.0,0.0,0.0,0.8354567028153631,-0.49932465169541884,0.4937248116920202,0.009591144209579959
45.0,0.49996566652422464,0.49394913580988603,0.49949886890384615,0.08709302999751749,2.4930490707257924,0.153,5.721651567041227,6.0,0.024999999999999998,0.056290913604234126,0.9803921568627451,2.46974567904943,2.4930490707257924,2.502543493947593,2.1868252816127347e-09,0.015623847064752443,0.28643018728021974,0.00010000011857921843,0.9677451612941477,1.0,0.0005912552900622074,0.9677610082351633,1.0,0.022263171355498768,0.9684601023017902,1.0,0.0,0.0,0.0,0.0,0.0,0.8354243416115852,-0.49949886890384615,0.49394913580988603,0.00956693040669222
45.2,0.5001335267270023,0.49417140801345555,0.49967140492398626,0.08700013881376867,2.4942469287165547,0.153,5.721685276094705,6.0,0.024999999999999998,0.05629070208630586,0.9803921568627451,2.4708570400672776,2.4942469287165547,2.503663039490142,2.1601305583797567e-09,0.015606534405889456,0.28618370725144815,0.00010000011857921843,0.9677451612941477,1.0,0.0005912552900622074,0.9677610082351633,1.0,0.022263171355498768,0.9684601023017902,1.0,0.0,0.0,0.0,0.0,0.0,0.8353922758372367,-0.49967140492398626,0.49417140801345555,0.00954289565534831
45.400000000000006,0.5002997652544191,0.494391644357986,0.49984227454377766,0.08690817831453337,2.495433945752815,0.153,5.721718677105917,6.0,0.024999999999999998,0.056290492539509115,0.9803921568627451,2.47195822178993,2.4954339457528154,2.5047723329444227,2.133986106411335e-09,0.01558939641799019,0.2859396077946033,0.00010000011857921843,0.9677451612941477,1.0,0.0005912552900622074,0.9677610082351633,1.0,0.022263171355498768,0.9684601023017902,1.0,0.0,0.0,0.0,0.0,0.0,0.8353605031914917,-0.49984227454377766,0.494391644357986,0.00951903934726388
45.6,0.500464396413746,0.49460986082517666,0.5000114924517647,0.08681713959297839,2.4966102045042655,0.153,5.721751772479682,6.0,0.024999999999999998,0.05629028494769657,0.9803921568627451,2.473049304125883,2.4966102045042655,2.5058714547580685,2.1083783395088584e-09,0.015572431403892353,0.2856978679260504,0.00010000011857921843,0.9677451612941477,1.0,0.0005912552900622074,0.9677610082351633,1.0,0.022263171355498768,0.9684601023017902,1.0,0.0,0.0,0.0,0.0,0.0,0.8353290213838592,-0.5000114924517647,0.49460986082517666,0.00949536086153504
45.800000000000004,0.5006274344150566,0.494826073322455,0.5001790732370768,0.0867270138183035,2.4977757873034134,0.153,5.721784564609909,6.0,0.024999999999999998,0.056290079294810474,0.9803921568627451,2.474130366612275,2.4977757873034134,2.506960485005204,2.0832940584024153e-09,0.015555637681483065,0.2854584668041759,0.00010000011857921843,0.9677451612941477,1.0,0.0005912552900622074,0.9677610082351633,1.0,0.022263171355498768,0.9684601023017902,1.0,0.0,0.0,0.0,0.0,0.0,0.8352978281342893,-0.5001790732370768,0.494826073322455,0.009471859564976304
46.0,0.5007888933712332,0.4950402976822849,0.5003450313894269,0.08663779223529738,2.4989307761410555,0.153,5.721817055879478,6.0,0.024999999999999998,0.05628987556488293,0.9803921568627451,2.4752014884114244,2.4989307761410555,2.5080395033829808,2.058720436707504e-09,0.015539013583597008,0.2852213837293902,0.00010000011857921843,0.9677451612941477,1.0,0.0005912552900622074,0.9677610082351633,1.0,0.022263171355498768,0.9684601023017902,1.0,0.0,0.0,0.0,0.0,0.0,0.8352669211732776,-0.5003450313894269,0.4950402976822849,0.009448534812459964
46.2,0.5009487872979953,0.49525254966150495,0.5005093812991271,0.08654946616389131,2.50007525266191,0.153,5.721849248660144,6.0,0.024999999999999998,0.056289673742036334,0.9803921568627451,2.4762627483075246,2.5000752526619103,2.5091085892082288,2.0346450079503334e-09,0.015522557457914568,0.28498659814410393,0.00010000011857921843,0.9677451612941477,1.0,0.0005912552900622074,0.9677610082351633,1.0,0.022263171355498768,0.9684601023017902,1.0,0.0,0.0,0.0,0.0,0.0,0.8352362982419606,-0.5005093812991271,0.49525254966150495,0.00942538594724367
46.400000000000006,0.5011071301139439,0.4954628449406884,0.5006721372571253,0.08646202699871067,2.501209298160375,0.153,5.721881145312435,6.0,0.024999999999999998,0.056289473810483555,0.9803921568627451,2.477314224703442,2.501209298160375,2.5101678214142455,2.011055654282235e-09,0.01550626766686,0.2847540896326781,0.00010000011857921843,0.9677451612941477,1.0,0.0005912552900622074,0.9677610082351633,1.0,0.022263171355498768,0.9684601023017902,1.0,0.0,0.0,0.0,0.0,0.0,0.835205957092217,-0.5006721372571253,0.4954628449406884,0.009402412301303472
46.6,0.5012639356406227,0.49567119912352897,0.500833313455056,0.0863754662086247,2.502332993576421,0.153,5.721912748185548,6.0,0.024999999999999998,0.0562892757545283,0.9803921568627451,2.478355995617645,2.502332993576421,2.511217278547708,1.9879405967967363e-09,0.015490142587499619,0.28452383792134867,0.00010000011857921843,0.9677451612941477,1.0,0.0005912552900622074,0.9677610082351633,1.0,0.022263171355498768,0.9684601023017902,1.0,0.0,0.0,0.0,0.0,0.0,0.8351758954867532,-0.500833313455056,0.49567119912352897,0.009379613195659654
46.800000000000004,0.5014192176025964,0.49587762773625194,0.5009929239853107,0.08628977533629464,2.50344641949163,0.153,5.721944059617258,6.0,0.024999999999999998,0.056289079558565415,0.9803921568627451,2.4793881386812595,2.50344641949163,2.5122570387657,1.9652883866987226e-09,0.015474180611440106,0.28429582287812766,0.00010000011857921843,0.9677451612941477,1.0,0.0005912552900622074,0.9677610082351633,1.0,0.022263171355498768,0.9684601023017902,1.0,0.0,0.0,0.0,0.0,0.0,0.8351461111991978,-0.5009929239853107,0.49587762773625194,0.00935698794069675
47.0,0.5015729896275443,0.49608214622704794,0.5011509828411244,0.08620494599772,2.504549656125356,0.153,5.721975081933833,6.0,0.024999999999999998,0.056288885207081044,0.9803921568627451,2.4804107311352395,2.5045496561253566,2.513287179832867,1.9430878963186483e-09,0.0154583801447268,0.2840700245126795,0.00010000011857921843,0.9677451612941477,1.0,0.0005912552900622074,0.9677610082351633,1.0,0.022263171355498768,0.9684601023017902,1.0,0.0,0.0,0.0,0.0,0.0,0.8351166020141826,-0.5011509828411244,0.49608214622704794,0.009334535836482576
47.2,0.501725265246373,0.4962847699655322,0.5013075039166779,0.08612096988178349,2.5056427833310178,0.153,5.7220058174499355,6.0,0.024999999999999998,0.05628869268465295,0.9803921568627451,2.481423849827661,2.5056427833310178,2.514307779118692,1.921328309254954e-09,0.015442739607742147,0.2838464229761743,0.00010000011857921843,0.9677451612941477,1.0,0.0005912552900622074,0.9677610082351633,1.0,0.022263171355498768,0.9684601023017902,1.0,0.0,0.0,0.0,0.0,0.0,0.8350873657274259,-0.5013075039166779,0.4962847699655322,0.009312256173083665
47.400000000000006,0.5018760578933374,0.4964855142422255,0.5014625010072171,0.08603783874979452,2.506725880592526,0.153,5.722036268468552,6.0,0.024999999999999998,0.05628850197595064,0.9803921568627451,2.4824275712111272,2.506725880592526,2.5153189135948817,1.8999991096029744e-09,0.015427257435104166,0.2836249985611183,0.00010000011857921843,0.9677451612941477,1.0,0.0005912552900622074,0.9677610082351633,1.0,0.022263171355498768,0.9684601023017902,1.0,0.0,0.0,0.0,0.0,0.0,0.8350584001458095,-0.5014625010072171,0.4964855142422255,0.009290148230875206
47.6,0.5020253809061833,0.4966843942680592,0.5016159878091864,0.08595554443503138,2.5077990270208357,0.153,5.722066437280907,6.0,0.024999999999999998,0.056288313065735646,0.9803921568627451,2.483421971340296,2.5077990270208357,2.516320659832873,1.8790900709161084e-09,0.015411932075565103,0.2834057317011623,0.00010000011857921843,0.9677451612941477,1.0,0.0005912552900622074,0.9677610082351633,1.0,0.022263171355498768,0.9684601023017902,1.0,0.0,0.0,0.0,0.0,0.0,0.835029703087453,-0.5016159878091864,0.4966843942680592,0.009268211280848317
47.800000000000004,0.5021732475263022,0.4968814251739031,0.5017679779203775,0.08587407884228247,2.5088623013506264,0.153,5.722096326166385,6.0,0.024999999999999998,0.05628812593886166,0.9803921568627451,2.4844071258695153,2.508862301350627,2.517313094001457,1.8585912458675594e-09,0.015396761991910203,0.2831886029708892,0.00010000011857921843,0.9677451612941477,1.0,0.0005912552900622074,0.9677610082351633,1.0,0.022263171355498768,0.9684601023017902,1.0,0.0,0.0,0.0,0.0,0.0,0.8350012723817888,-0.5017679779203775,0.4968814251739031,0.009246444584914667
48.0,0.5023196708988983,0.4970766220101148,0.501918484840094,0.08579343394738632,2.5099157819371047,0.153,5.722125937392464,6.0,0.024999999999999998,0.05628794058027468,0.9803921568627451,2.485383110050574,2.509915781937105,2.518296291864506,1.8384929573634959e-09,0.015381745660856577,0.2829735930855799,0.00010000011857921843,0.9677451612941477,1.0,0.0005912552900622074,0.9677610082351633,1.0,0.022263171355498768,0.9684601023017902,1.0,0.0,0.0,0.0,0.0,0.0,0.8349731058696269,-0.501918484840094,0.4970766220101148,0.009224847396203543
48.2,0.5024646640731716,0.49726999974611213,0.5020675219693288,0.08571360179677068,2.5109595467529258,0.153,5.722155273214641,6.0,0.024999999999999998,0.056287756975013176,0.9803921568627451,2.4863499987305606,2.5109595467529258,2.519270328778824,1.8187857912234789e-09,0.015366881572952238,0.2827606829009588,0.00010000011857921843,0.9677451612941477,1.0,0.0005912552900622074,0.9677610082351633,1.0,0.022263171355498768,0.9684601023017902,1.0,0.0,0.0,0.0,0.0,0.0,0.8349452014032196,-0.5020675219693288,0.49726999974611213,0.009203418959360608
48.400000000000006,0.5026082400025127,0.4974615732699661,0.5022151026109555,0.08563457450699097,2.511993673385248,0.153,5.722184335876369,6.0,0.024999999999999998,0.056287575108208185,0.9803921568627451,2.4873078663498305,2.511993673385248,2.5202352796920895,1.7994605898426296e-09,0.01535216823247535,0.28254985341292066,0.00010000011857921843,0.9677451612941477,1.0,0.0005912552900622074,0.9677610082351633,1.0,0.022263171355498768,0.9684601023017902,1.0,0.0,0.0,0.0,0.0,0.0,0.8349175568463255,-0.5022151026109555,0.4974615732699661,0.009182158510836992
48.6,0.5027504115447113,0.49765135738801675,0.5023612399699341,0.08555634426426789,2.5130182390328963,0.153,5.722213127608993,6.0,0.024999999999999998,0.056287394965083476,0.9803921568627451,2.4882567869400836,2.513018239032897,2.5211912191409223,1.7805084458679243e-09,0.0153376041573336,0.28234108575723704,0.00010000011857921843,0.9677451612941477,1.0,0.0005912552900622074,0.9677610082351633,1.0,0.022263171355498768,0.9684601023017902,1.0,0.0,0.0,0.0,0.0,0.0,0.8348901700742677,-0.5023612399699341,0.49765135738801675,0.009161065279177946
48.800000000000004,0.5028911914621794,0.4978393668245087,0.5025059471535283,0.08547890332402461,2.514033320503647,0.153,5.722241650631689,6.0,0.024999999999999998,0.05628721653095555,0.9803921568627451,2.4891968341225432,2.514033320503647,2.522138221249046,1.761920695066808e-09,0.01532318787896382,0.28213436120924523,0.00010000011857921843,0.9677451612941477,1.0,0.0005912552900622074,0.9677610082351633,1.0,0.022263171355498768,0.9684601023017902,1.0,0.0,0.0,0.0,0.0,0.0,0.8348630389739902,-0.5025059471535283,0.4978393668245087,0.009140138485307791
49.0,0.503030592422179,0.49802561622124664,0.5026492371715373,0.08540224401042314,2.5150389942116296,0.153,5.722269907151411,6.0,0.024999999999999998,0.05628703979123379,0.9803921568627451,2.490128081106233,2.51503899421163,2.5230763597255557,1.7436889081573062e-09,0.01530891794223174,0.281929661183518,0.00010000011857921843,0.9677451612941477,1.0,0.0005912552900622074,0.9677610082351633,1.0,0.022263171355498768,0.9684601023017902,1.0,0.0,0.0,0.0,0.0,0.0,0.834836161444108,-0.5026492371715373,0.49802561622124664,0.009119377342809048
49.2,0.5031686269970723,0.4982101201372744,0.5027911229365384,0.0853263587159007,2.516035336174841,0.153,5.722297899362837,6.0,0.024999999999999998,0.05628686473142049,0.9803921568627451,2.4910506006863717,2.516035336174841,2.524005707863288,1.7258048820784412e-09,0.015294792905332045,0.2817269672335166,0.00010000011857921843,0.9677451612941477,1.0,0.0005912552900622074,0.9677610082351633,1.0,0.022263171355498768,0.9684601023017902,1.0,0.0,0.0,0.0,0.0,0.0,0.8348095353949602,-0.5027911229365384,0.4982101201372744,0.009098781058198578
49.400000000000006,0.5033053076645745,0.49839289304856993,0.5029316172641414,0.08525123990070553,2.5170224220127744,0.153,5.722325629448315,6.0,0.024999999999999998,0.0562866913371109,0.9803921568627451,2.4919644652428494,2.5170224220127744,2.5249263385372904,1.7082606316178912e-09,0.015280811339688595,0.28152626105122663,0.00010000011857921843,0.9677451612941477,1.0,0.0005912552900622074,0.9677610082351633,1.0,0.022263171355498768,0.9684601023017902,1.0,0.0,0.0,0.0,0.0,0.0,0.8347831587486545,-0.5029316172641414,0.49839289304856993,0.009078348831198697
49.6,0.5034406468080229,0.4985739493477624,0.5030707328732559,0.0851768800924326,2.5180003269441595,0.153,5.7223530995778225,6.0,0.024999999999999998,0.05628651959399323,0.9803921568627451,2.492869746738812,2.5180003269441595,2.5258383242033955,1.6910483822413022e-09,0.015266971829854922,0.28132752446677733,0.00010000011857921843,0.9677451612941477,1.0,0.0005912552900622074,0.9677610082351633,1.0,0.022263171355498768,0.9684601023017902,1.0,0.0,0.0,0.0,0.0,0.0,0.8347570294391122,-0.5030707328732559,0.4985739493477624,0.009058079855008205
49.800000000000004,0.5035746567166528,0.4987533033438677,0.5032084823863687,0.08510327188555933,2.518969125784806,0.153,5.7223803119089185,6.0,0.024999999999999998,0.056286349487848726,0.9803921568627451,2.4937665167193384,2.518969125784806,2.5267417368968794,1.6741605644272263e-09,0.015253272973414998,0.2811307394480447,0.00010000011857921843,0.9677451612941477,1.0,0.0005912552900622074,0.9677610082351633,1.0,0.022263171355498768,0.9684601023017902,1.0,0.0,0.0,0.0,0.0,0.0,0.8347311454121111,-0.5032084823863687,0.4987533033438677,0.009037973316563124
50.0,0.5037073495858875,0.49893096926204256,0.5033448783298323,0.08503040794098113,2.5199288929455683,0.153,5.722407268586696,6.0,0.024999999999999998,0.05628618100455158,0.9803921568627451,2.4946548463102127,2.5199288929455683,2.5276366482312276,1.657589809102598e-09,0.015239713380884232,0.28093588810023945,0.00010000011857921843,0.9677451612941477,1.0,0.0005912552900622074,0.9677610082351633,1.0,0.022263171355498768,0.9684601023017902,1.0,0.0,0.0,0.0,0.0,0.0,0.8347055046253203,-0.5033448783298323,0.49893096926204256,0.009018028396799648
50.2,0.5038387375176367,0.49910696124335907,0.503479933134164,0.08495828098554704,2.5208797024303995,0.153,5.722433971743757,6.0,0.024999999999999998,0.05628601413006898,0.9803921568627451,2.4955348062167952,2.5208797024304,2.528523129396987,1.641328943286392e-09,0.015226291675610746,0.2807429526654801,0.00010000011857921843,0.9677451612941477,1.0,0.0005912552900622074,0.9677610082351633,1.0,0.022263171355498768,0.9684601023017902,1.0,0.0,0.0,0.0,0.0,0.0,0.834680105048339,-0.503479933134164,0.49910696124335907,0.00899824427090854
50.400000000000006,0.5039688325206045,0.49928129334459465,0.5036136591343545,0.08488688381159565,2.5218216278345196,0.153,5.722460423500168,6.0,0.024999999999999998,0.056285848850461055,0.9803921568627451,2.496406466722973,2.52182162783452,2.529401251160714,1.6253709850503851e-09,0.015213006493676969,0.28055191552235065,0.00010000011857921843,0.9677451612941477,1.0,0.0005912552900622074,0.9677610082351633,1.0,0.022263171355498768,0.9684601023017902,1.0,0.0,0.0,0.0,0.0,0.0,0.8346549446627292,-0.5036136591343545,0.49928129334459465,0.008978620108588369
50.6,0.5040976465106042,0.49945397953804155,0.5037460685701883,0.08481620927649124,2.522754742342687,0.153,5.722486625963429,6.0,0.024999999999999998,0.05628568515188083,0.9803921568627451,2.4972698976902077,2.522754742342687,2.5302710838640055,1.6097091373926803e-09,0.015199856483801504,0.2803627591854451,0.00010000011857921843,0.9677451612941477,1.0,0.0005912552900622074,0.9677610082351633,1.0,0.022263171355498768,0.9684601023017902,1.0,0.0,0.0,0.0,0.0,0.0,0.8346300214620449,-0.5037460685701883,0.49945397953804155,0.008959155074294116
50.800000000000004,0.5042251913108904,0.499625033711335,0.503877173586571,0.08474625030216018,2.5236791187275642,0.153,5.72251258122844,6.0,0.024999999999999998,0.05628552302057414,0.9803921568627451,2.4981251685566748,2.5236791187275647,2.5311326974226294,1.5943367813221765e-09,0.015186840307241321,0.2801754663048986,0.00010000011857921843,0.9677451612941477,1.0,0.0005912552900622074,0.9677610082351633,1.0,0.022263171355498768,0.9684601023017902,1.0,0.0,0.0,0.0,0.0,0.0,0.8346053334518615,-0.503877173586571,0.499625033711335,0.008939848327480406
51.0,0.5043514786524896,0.49979446966729546,0.5040069862338671,0.08467699987462789,2.5245948293481884,0.153,5.722538291377481,6.0,0.024999999999999998,0.05628536244287962,0.9803921568627451,2.498972348336477,2.5245948293481884,2.53198616132573,1.5792474689837997e-09,0.015173956637694264,0.2799900196659041,0.00010000011857921843,0.9677451612941477,1.0,0.0005912552900622074,0.9677610082351633,1.0,0.022263171355498768,0.9684601023017902,1.0,0.0,0.0,0.0,0.0,0.0,0.834580878649801,-0.5040069862338671,0.49979446966729546,0.008920699022842597
51.2,0.5044765201745454,0.49996230112379064,0.5041355184682474,0.08460845104355609,2.5255019461485366,0.153,5.722563758480183,6.0,0.024999999999999998,0.056285203405228565,0.9803921568627451,2.499811505618953,2.5255019461485366,2.532831544635126,1.5644349177239523e-09,0.015161204161201846,0.27980640218821795,0.00010000011857921843,0.9677451612941477,1.0,0.0005912552900622074,0.9677610082351633,1.0,0.022263171355498768,0.9684601023017902,1.0,0.0,0.0,0.0,0.0,0.0,0.8345566550855543,-0.5041355184682474,0.49996230112379064,0.008901706310553942
51.400000000000006,0.5046003274246724,0.5001285417136134,0.5042627821520435,0.08454059692178095,2.526400540656188,0.153,5.722588984593499,6.0,0.024999999999999998,0.056285045894144854,0.9803921568627451,2.500642708568067,2.526400540656188,2.5336689159846926,1.5498930055676001e-09,0.015148581576052467,0.27962459692565217,0.00010000011857921843,0.9677451612941477,1.0,0.0005912552900622074,0.9677610082351633,1.0,0.022263171355498768,0.9684601023017902,1.0,0.0,0.0,0.0,0.0,0.0,0.8345326608009023,-0.5042627821520435,0.5001285417136134,0.008882869336496865
51.6,0.5047229118593148,0.500293204984375,0.5043887890541114,0.08447343068485154,2.5272906839810796,0.153,5.7226139717616995,6.0,0.024999999999999998,0.056284889896244826,0.9803921568627451,2.501466024921875,2.5272906839810796,2.5344983435798163,1.5356157678903452e-09,0.015136087592684897,0.2794445870655551,0.00010000011857921843,0.9677451612941477,1.0,0.0005912552900622074,0.9677610082351633,1.0,0.022263171355498768,0.9684601023017902,1.0,0.0,0.0,0.0,0.0,0.0,0.834508893849734,-0.5043887890541114,0.500293204984375,0.008864187242492596
51.800000000000004,0.5048442848441127,0.5004563043984148,0.5045135508502031,0.08440694557056921,2.528172446814353,0.153,5.722638722016342,6.0,0.024999999999999998,0.05628473539823719,0.9803921568627451,2.502281521992074,2.528172446814353,2.535319895196941,1.52159739450016e-09,0.015123720933592159,0.2792663559282812,0.00010000011857921843,0.9677451612941477,1.0,0.0005912552900622074,0.9677610082351633,1.0,0.022263171355498768,0.9684601023017902,1.0,0.0,0.0,0.0,0.0,0.0,0.8344853522980634,-0.5045135508502031,0.5004563043984148,0.008845659166525755
52.0,0.5049644576542796,0.5006178533327262,0.5046370791233458,0.08434113487852775,2.5290458994272957,0.153,5.722663237376255,6.0,0.024999999999999998,0.05628458238692285,0.9803921568627451,2.5030892666636313,2.529045899427296,2.536133638183186,1.507832226205911e-09,0.01511148033322576,0.27908988696664894,0.00010000011857921843,0.9677451612941477,1.0,0.0005912552900622074,0.9677610082351633,1.0,0.022263171355498768,0.9684601023017902,1.0,0.0,0.0,0.0,0.0,0.0,0.8344620342240406,-0.5046370791233458,0.5006178533327262,0.008827284242964794
52.2,0.5050834414749817,0.500777865078897,0.5047593853642276,0.08427599196965439,2.529911111670367,0.153,5.7226875198475415,6.0,0.024999999999999998,0.05628443084919477,0.9803921568627451,2.5038893253944847,2.5299111116703674,2.5369396394560395,1.4943147503169463e-09,0.015099364537900317,0.278915163765389,0.00010000011857921843,0.9677451612941477,1.0,0.0005912552900622074,0.9677610082351633,1.0,0.022263171355498768,0.9684601023017902,1.0,0.0,0.0,0.0,0.0,0.0,0.8344389377179661,-0.5047593853642276,0.500777865078897,0.008809061602778879
52.400000000000006,0.5052012474017322,0.5009363528430651,0.5048804809715928,0.0842115102657517,2.530768152972313,0.153,5.722711571423548,6.0,0.024999999999999998,0.05628428077203786,0.9803921568627451,2.5046817642153254,2.530768152972313,2.537737965503139,1.4810395951857788e-09,0.015087372305698512,0.2787421700405816,0.00010000011857921843,0.9677451612941477,1.0,0.0005912552900622074,0.9677610082351633,1.0,0.022263171355498768,0.9684601023017902,1.0,0.0,0.0,0.0,0.0,0.0,0.8344160608822979,-0.5048804809715928,0.5009363528430651,0.008790990373753102
52.6,0.5053178864407779,0.5010933297458888,0.5050003772526408,0.08414768324904054,2.531617092339371,0.153,5.72273539408487,6.0,0.024999999999999998,0.05628413214252873,0.9803921568627451,2.505466648729444,2.531617092339371,2.5385286823821076,1.468001524505998e-09,0.015075502406376501,0.27857088963908455,0.00010000011857921843,0.9677451612941477,1.0,0.0005912552900622074,0.9677610082351633,1.0,0.022263171355498768,0.9684601023017902,1.0,0.0,0.0,0.0,0.0,0.0,0.8343934018316588,-0.5050003772526408,0.5010933297458888,0.00877306968069481
52.800000000000004,0.5054333695095088,0.501248808822532,0.5051190854234342,0.08408450446170396,2.5324579983545514,0.153,5.722758989799344,6.0,0.024999999999999998,0.05628398494783559,0.9803921568627451,2.50624404411266,2.5324579983545514,2.539311855720477,1.4551954322809927e-09,0.015063753621269669,0.2784013065379511,0.00010000011857921843,0.9677451612941477,1.0,0.0005912552900622074,0.9677610082351633,1.0,0.022263171355498768,0.9684601023017902,1.0,0.0,0.0,0.0,0.0,0.0,0.8343709586928434,-0.5051190854234342,0.501248808822532,0.008755298645641563
53.0,0.5055477074368625,0.5014028030226622,0.5052366166093119,0.08402196750543255,2.5332909391770086,0.153,5.7227823605220385,6.0,0.024999999999999998,0.05628383917521799,0.9803921568627451,2.507014015113311,2.5332909391770086,2.540087550715675,1.442616339076148e-09,0.015052124743198836,0.2782334048438401,0.00010000011857921843,0.9677451612941477,1.0,0.0005912552900622074,0.9677610082351633,1.0,0.022263171355498768,0.9684601023017902,1.0,0.0,0.0,0.0,0.0,0.0,0.8343487296048178,-0.5052366166093119,0.5014028030226622,0.008737676388061772
53.2,0.5056609109637382,0.501555325210464,0.5053529818453087,0.08396006604097049,2.5341159825414867,0.153,5.72280550819526,6.0,0.024999999999999998,0.05628369481202667,0.9803921568627451,2.5077766260523195,2.534115982541487,2.5408558321350845,1.4302593895268e-09,0.015040614576376819,0.278067168792416,0.00010000011857921843,0.9677451612941477,1.0,0.0005912552900622074,0.9677610082351633,1.0,0.022263171355498768,0.9684601023017902,1.0,0.0,0.0,0.0,0.0,0.0,0.8343267127187229,-0.5053529818453087,0.501555325210464,0.008720202025052658
53.400000000000006,0.5057729907434145,0.5017063881646638,0.5054681920765812,0.08389879378766316,2.534933195757852,0.153,5.722828434748547,6.0,0.024999999999999998,0.05628355184570335,0.9803921568627451,2.5085319408233193,2.5349331957578523,2.541616764316168,1.418119850450123e-09,0.015029221936315425,0.277902582747741,0.00010000011857921843,0.9677451612941477,1.0,0.0005912552900622074,0.9677610082351633,1.0,0.022263171355498768,0.9684601023017902,1.0,0.0,0.0,0.0,0.0,0.0,0.834304906197872,-0.5054681920765812,0.5017063881646638,0.008702874671536106
53.6,0.5058839573419759,0.5018560045785708,0.505582258158838,0.08383814452300598,2.535742645710696,0.153,5.722851142098676,6.0,0.024999999999999998,0.05628341026378044,0.9803921568627451,2.509280022892854,2.535742645710696,2.542370411166658,1.4061931086438096e-09,0.015017945649732928,0.27773963120165995,0.00010000011857921843,0.9677451612941477,1.0,0.0005912552900622074,0.9677610082351633,1.0,0.022263171355498768,0.9684601023017902,1.0,0.0,0.0,0.0,0.0,0.0,0.834283308217749,-0.505582258158838,0.5018560045785708,0.008685693440446363
53.800000000000004,0.5059938212387409,0.5020041870601266,0.5056951908587763,0.08377811208219464,2.5365443988590184,0.153,5.722873632149665,6.0,0.024999999999999998,0.056283270053880965,0.9803921568627451,2.510020935300633,2.5365443988590184,2.543116836164819,1.3944746676920509e-09,0.015006784554461906,0.27757829877317663,0.00010000011857921843,0.9677451612941477,1.0,0.0005912552900622074,0.9677610082351633,1.0,0.022263171355498768,0.9684601023017902,1.0,0.0,0.0,0.0,0.0,0.0,0.8342619169660016,-0.5056951908587763,0.5020041870601266,0.008668657442921475
54.0,0.5061025928266963,0.5021509481319723,0.5058070008545237,0.08371869035767664,2.537338521235985,0.153,5.722895906792782,6.0,0.024999999999999998,0.056283131203718126,0.9803921568627451,2.510754740659861,2.537338521235985,2.5438561023597606,1.382960143706901e-09,0.014995737499357521,0.2774185702078233,0.00010000011857921843,0.9677451612941477,1.0,0.0005912552900622074,0.9677610082351633,1.0,0.022263171355498768,0.9684601023017902,1.0,0.0,0.0,0.0,0.0,0.0,0.834240730642436,-0.5058070008545237,0.5021509481319723,0.00865176578848171
54.2,0.5062102824129373,0.5022963002315236,0.5059176987360842,0.08365987329870422,2.538125078448761,0.153,5.722917967906546,6.0,0.024999999999999998,0.05628299370109521,0.9803921568627451,2.511481501157618,2.538125078448761,2.544588272371823,1.3716452605751286e-09,0.01498480334420628,0.2772604303770225,0.00010000011857921843,0.9677451612941477,1.0,0.0005912552900622074,0.9677610082351633,1.0,0.022263171355498768,0.9684601023017902,1.0,0.0,0.0,0.0,0.0,0.0,0.8342197474590083,-0.5059176987360842,0.5022963002315236,0.00863501758521192
54.400000000000006,0.5063169002191091,0.5024402557110604,0.5060272950057896,0.08360165491088913,2.538904135678405,0.153,5.722939817356753,6.0,0.024999999999999998,0.05628285753390529,0.9803921568627451,2.512201278555302,2.538904135678405,2.5453134083930196,1.3605258456044546e-09,0.01497398095963522,0.27710386427744355,0.00010000011857921843,0.9677451612941477,1.0,0.0005912552900622074,0.9677610082351633,1.0,0.022263171355498768,0.9684601023017902,1.0,0.0,0.0,0.0,0.0,0.0,0.8341989656398134,-0.5060272950057896,0.5024402557110604,0.008618411939938403
54.6,0.5064224563818566,0.5025828268378277,0.5061358000787542,0.08354402925575846,2.5396757576798503,0.153,5.72296145699647,6.0,0.024999999999999998,0.05628272269013089,0.9803921568627451,2.5129141341891383,2.5396757576798503,2.5460315721875375,1.349597826292402e-09,0.014963269227021547,0.27694885703035116,0.00010000011857921843,0.9677451612941477,1.0,0.0005912552900622074,0.9677610082351633,1.0,0.022263171355498768,0.9684601023017902,1.0,0.0,0.0,0.0,0.0,0.0,0.8341783834210739,-0.5061358000787542,0.5025828268378277,0.008601947958399792
54.800000000000004,0.5065269609532747,0.502724025794147,0.5062432242833355,0.08348699045031256,2.5404400087819416,0.153,5.722982888666059,6.0,0.024999999999999998,0.05628258915784384,0.9803921568627451,2.513620128970735,2.5404400087819416,2.5467428250922928,1.3388572283722144e-09,0.014952667038402744,0.27679539388094937,0.00010000011857921843,0.9677451612941477,1.0,0.0005912552900622074,0.9677610082351633,1.0,0.022263171355498768,0.9684601023017902,1.0,0.0,0.0,0.0,0.0,0.0,0.8341579990511256,-0.5062432242833355,0.502724025794147,0.008585624745415733
55.0,0.5066304239013623,0.5028638646775394,0.506349577861597,0.08343053266658422,2.5411969528875393,0.153,5.723004114193191,6.0,0.024999999999999998,0.05628245692520492,0.9803921568627451,2.514319323387697,2.5411969528875398,2.5474472280175524,1.3283001746377924e-09,0.01494217329638712,0.2766434601977185,0.00010000011857921843,0.9677451612941477,1.0,0.0005912552900622074,0.9677610082351633,1.0,0.022263171355498768,0.9684601023017902,1.0,0.0,0.0,0.0,0.0,0.0,0.8341378107904027,-0.506349577861597,0.5028638646775394,0.008569441405055318
55.2,0.5067328551104863,0.5030023555008613,0.5064548709697766,0.08337465013119974,2.5419466534737025,0.153,5.723025135392866,6.0,0.024999999999999998,0.05628232598046352,0.9803921568627451,2.515011777504306,2.5419466534737025,2.5481448414476,1.3179228836722457e-09,0.014931786914064856,0.2764930414717477,0.00010000011857921843,0.9677451612941477,1.0,0.0005912552900622074,0.9677610082351633,1.0,0.022263171355498768,0.9684601023017902,1.0,0.0,0.0,0.0,0.0,0.0,0.8341178169114204,-0.5064548709697766,0.5030023555008613,0.00855339704079649
55.400000000000006,0.5068342643818368,0.5031395101924468,0.5065591136787573,0.08331933712494158,2.5426891735919166,0.153,5.723045954067422,6.0,0.024999999999999998,0.05628219631195747,0.9803921568627451,2.515697550962234,2.5426891735919166,2.548835725441456,1.3077216677083916e-09,0.01492150681491948,0.276344123316061,0.00010000011857921843,0.9677451612941477,1.0,0.0005912552900622074,0.9677610082351633,1.0,0.022263171355498768,0.9684601023017902,1.0,0.0,0.0,0.0,0.0,0.0,0.8340980156987552,-0.5065591136787573,0.5031395101924468,0.008537490755685192
55.6,0.506934661433899,0.5032753405962649,0.5066623159745415,0.08326458798231298,2.543424575868402,0.153,5.7230665720065685,6.0,0.024999999999999998,0.05628206790811266,0.9803921568627451,2.5163767029813244,2.543424575868402,2.5495199396336607,1.2976929293750569e-09,0.01491133193273991,0.2761966914649407,0.00010000011857921843,0.9677451612941477,1.0,0.0005912552900622074,0.9677610082351633,1.0,0.022263171355498768,0.9684601023017902,1.0,0.0,0.0,0.0,0.0,0.0,0.8340784054490287,-0.5066623159745415,0.5032753405962649,0.00852172165249157
55.800000000000004,0.5070340559029205,0.503409858472084,0.5067644877587294,0.0832103970911043,2.5441529225044746,0.153,5.723086990987403,6.0,0.024999999999999998,0.05628194075744272,0.9803921568627451,2.5170492923604195,2.544152922504475,2.5501975432350967,1.2878331577395713e-09,0.014901261211532867,0.27605073177324363,0.00010000011857921843,0.9677451612941477,1.0,0.0005912552900622074,0.9677610082351633,1.0,0.022263171355498768,0.9684601023017902,1.0,0.0,0.0,0.0,0.0,0.0,0.8340589844708812,-0.5067644877587294,0.503409858472084,0.008506088833861506
56.0,0.5071324573433796,0.5035430754956459,0.5068656388489998,0.08315675889196089,2.5448742752769613,0.153,5.723107212774427,6.0,0.024999999999999998,0.056281814848548745,0.9803921568627451,2.5177153774782295,2.5448742752769618,2.550868595033865,1.2781389244833671e-09,0.014891293605435837,0.2759062302157144,0.00010000011857921843,0.9677451612941477,1.0,0.0005912552900622074,0.9677610082351633,1.0,0.022263171355498768,0.9684601023017902,1.0,0.0,0.0,0.0,0.0,0.0,0.8340397510849531,-0.5068656388489998,0.5035430754956459,0.008490591402466212
56.2,0.507229875228463,0.503675003258853,0.5069657789795939,0.08310366787795345,2.545588695538693,0.153,5.723127239119587,6.0,0.024999999999999998,0.05628169017011894,0.9803921568627451,2.5183750162942644,2.545588695538693,2.551533153396209,1.2686068810108418e-09,0.01488142807863049,0.27576317288629426,0.00010000011857921843,0.9677451612941477,1.0,0.0005912552900622074,0.9677610082351633,1.0,0.022263171355498768,0.9684601023017902,1.0,0.0,0.0,0.0,0.0,0.0,0.8340207036238558,-0.5069657789795939,0.503675003258853,0.008475228461144664
56.400000000000006,0.5073263189505418,0.5038056532699599,0.5070649178018014,0.08305111859414965,2.5462962442190302,0.153,5.723147071762289,6.0,0.024999999999999998,0.05628156671092831,0.9803921568627451,2.519028266349799,2.5462962442190307,2.5521912762674894,1.259233756814372e-09,0.014871663605256649,0.27562154599742644,0.00010000011857921843,0.9677451612941477,1.0,0.0005912552900622074,0.9677610082351633,1.0,0.022263171355498768,0.9684601023017902,1.0,0.0,0.0,0.0,0.0,0.0,0.8340018404321508,-0.5070649178018014,0.5038056532699599,0.008459999113049092
56.6,0.5074217978216504,0.5039350369537776,0.5071630648844497,0.08299910563718828,2.546996981824468,0.153,5.723166712429427,6.0,0.024999999999999998,0.0562814444598383,0.9803921568627451,2.519675184768888,2.546996981824468,2.5528430211731985,1.250016358764755e-09,0.014861999169326697,0.27548133587935747,0.00010000011857921843,0.9677451612941477,1.0,0.0005912552900622074,0.9677610082351633,1.0,0.022263171355498768,0.9684601023017902,1.0,0.0,0.0,0.0,0.0,0.0,0.8339831598663197,-0.5071630648844497,0.5039350369537776,0.00844490246178317
56.800000000000004,0.5075163210739687,0.5040631656518861,0.5072602297143952,0.08294762365485499,2.5476909684392752,0.153,5.723186162835424,6.0,0.024999999999999998,0.056281323405796474,0.9803921568627451,2.5203158282594305,2.5476909684392752,2.553488445220023,1.2409515705264602e-09,0.014852433764640507,0.2753425289794354,0.00010000011857921843,0.9677451612941477,1.0,0.0005912552900622074,0.9677610082351633,1.0,0.022263171355498768,0.9684601023017902,1.0,0.0,0.0,0.0,0.0,0.0,0.8339646602947353,-0.5072602297143952,0.5040631656518861,0.008429937611536126
57.0,0.5076098978603039,0.5041900506228538,0.5073564216970168,0.08289666734566006,2.5483782637262014,0.153,5.723205424682246,6.0,0.024999999999999998,0.05628120353783618,0.9803921568627451,2.520950253114269,2.548378263726202,2.5541276050969497,1.232036351268025e-09,0.014842966394700851,0.2752051118614046,0.00010000011857921843,0.9677451612941477,1.0,0.0005912552900622074,0.9677610082351633,1.0,0.022263171355498768,0.9684601023017902,1.0,0.0,0.0,0.0,0.0,0.0,0.833946340097634,-0.5073564216970168,0.5041900506228538,0.008415103667216822
57.2,0.507702537254577,0.5043157030424676,0.5074516501567116,0.08284623145841837,2.549058926927229,0.153,5.723224499659444,6.0,0.024999999999999998,0.05628108484507615,0.9803921568627451,2.521578515212338,2.549058926927229,2.554760557076416,1.2232677332635487e-09,0.014833596072629341,0.2750690712046977,0.00010000011857921843,0.9677451612941477,1.0,0.0005912552900622074,0.9677610082351633,1.0,0.022263171355498768,0.9684601023017902,1.0,0.0,0.0,0.0,0.0,0.0,0.833928197667083,-0.5074516501567116,0.5043157030424676,0.008400399734583529
57.400000000000006,0.50779424825231,0.5044401340039693,0.5075459243373923,0.08279631079183129,2.549733016864377,0.153,5.72324338944419,6.0,0.024999999999999998,0.056280967316720165,0.9803921568627451,2.522200670019846,2.549733016864377,2.555387357015493,1.2146428186255412e-09,0.014824321821082875,0.27493439380372514,0.00010000011857921843,0.9677451612941477,1.0,0.0005912552900622074,0.9677610082351633,1.0,0.022263171355498768,0.9684601023017902,1.0,0.0,0.0,0.0,0.0,0.0,0.8339102314069494,-0.5075459243373923,0.5044401340039693,0.008385824920368927
57.6,0.5078850397711127,0.5045633545183008,0.5076392534029863,0.0827469001940708,2.550400591940557,0.153,5.723262095701305,6.0,0.024999999999999998,0.056280850942056704,0.9803921568627451,2.522816772591504,2.550400591940557,2.556008060357117,1.206158775917448e-09,0.014815142672170578,0.2748010665671623,0.00010000011857921843,0.9677451612941477,1.0,0.0005912552900622074,0.9677610082351633,1.0,0.022263171355498768,0.9684601023017902,1.0,0.0,0.0,0.0,0.0,0.0,0.8338924397328665,-0.5076392534029863,0.5045633545183008,0.008371378332404375
57.800000000000004,0.5079749206511764,0.5046853755143574,0.5077316464379359,0.0826979945623656,2.5510617101404716,0.153,5.723280620083297,6.0,0.024999999999999998,0.05628073571045854,0.9803921568627451,2.523426877571787,2.5510617101404716,2.556622722131362,1.19781283748768e-09,0.014806057667371274,0.2746690765172343,0.00010000011857921843,0.9677451612941477,1.0,0.0005912552900622074,0.9677610082351633,1.0,0.022263171355498768,0.9684601023017902,1.0,0.0,0.0,0.0,0.0,0.0,0.8338748210721996,-0.5077316464379359,0.5046853755143574,0.008357059079742445
58.0,0.5080638996557615,0.5048062078392477,0.5078231124477015,0.08264958884258933,2.551716429031563,0.153,5.723298964230397,6.0,0.024999999999999998,0.056280621611382434,0.9803921568627451,2.524031039196238,2.551716429031563,2.557231396956736,1.1896022979966403e-09,0.01479706585745144,0.27453841078899793,0.00010000011857921843,0.9677451612941477,1.0,0.0005912552900622074,0.9677610082351633,1.0,0.022263171355498768,0.9684601023017902,1.0,0.0,0.0,0.0,0.0,0.0,0.8338573738640093,-0.5078231124477015,0.5048062078392477,0.008342866272770434
58.2,0.5081519854716909,0.5049258622585606,0.5079136603592637,0.08260167802885109,2.5523648057650123,0.153,5.723317129770599,6.0,0.024999999999999998,0.05628050863436864,0.9803921568627451,2.524629311292803,2.5523648057650123,2.557834139041528,1.1815245139798208e-09,0.014788166302383695,0.2744090566296234,0.00010000011857921843,0.9677451612941477,1.0,0.0005912552900622074,0.9677610082351633,1.0,0.022263171355498768,0.9684601023017902,1.0,0.0,0.0,0.0,0.0,0.0,0.8338400965590145,-0.5079136603592637,0.5049258622585606,0.008328799023328034
58.400000000000006,0.5082391867098472,0.5050443494566413,0.5080032990216287,0.08255425716308805,2.553006897076769,0.153,5.723335118319701,6.0,0.024999999999999998,0.056280396769040626,0.9803921568627451,2.5252217472832066,2.553006897076769,2.5584310021851833,1.1735769037499898e-09,0.014779358071265836,0.27428100139767325,0.00010000011857921843,0.9677451612941477,1.0,0.0005912552900622074,0.9677610082351633,1.0,0.022263171355498768,0.9684601023017902,1.0,0.0,0.0,0.0,0.0,0.0,0.8338229876195586,-0.5080032990216287,0.5050443494566413,0.008314856444817467
58.6,0.508325511905661,0.5051616800368709,0.5080920372063342,0.08250732133466028,2.553642759288641,0.153,5.723352931481342,6.0,0.024999999999999998,0.056280286005104666,0.9803921568627451,2.525808400184354,2.553642759288641,2.559022039779717,1.1657569467860447e-09,0.014770640242240335,0.2741542325623797,0.00010000011857921843,0.9677451612941477,1.0,0.0005912552900622074,0.9677610082351633,1.0,0.022263171355498768,0.9684601023017902,1.0,0.0,0.0,0.0,0.0,0.0,0.8338060455195658,-0.5080920372063342,0.5051616800368709,0.008301037652314167
58.800000000000004,0.5084109695196114,0.5052778645219549,0.5081798836079547,0.08246086567994783,2.554272448309413,0.153,5.72337057084704,6.0,0.024999999999999998,0.05628017633234938,0.9803921568627451,2.5263893226097744,2.5542724483094132,2.5596073048111565,1.158062182068689e-09,0.0147620119024144,0.2740287377029218,0.00010000011857921843,0.9677451612941477,1.0,0.0005912552900622074,0.9677610082351633,1.0,0.022263171355498768,0.9684601023017902,1.0,0.0,0.0,0.0,0.0,0.0,0.8337892687445043,-0.5081798836079547,0.5052778645219549,0.008287341762670947
59.0,0.5084955679377196,0.505392913354219,0.5082668468446097,0.08241488538194994,2.5548960196360166,0.153,5.723388037996243,6.0,0.024999999999999998,0.05628006774064543,0.9803921568627451,2.526964566771095,2.5548960196360166,2.560186849861021,1.1504902054298452e-09,0.014753472147780547,0.2739045045077005,0.00010000011857921843,0.9677451612941477,1.0,0.0005912552900622074,0.9677610082351633,1.0,0.022263171355498768,0.9684601023017902,1.0,0.0,0.0,0.0,0.0,0.0,0.8337726557913453,-0.5082668468446097,0.505392913354219,0.00827376789462291
59.2,0.5085793154720458,0.5055068368959075,0.5083529354584706,0.08236937566988671,2.5555135283547252,0.153,5.723405334496368,6.0,0.024999999999999998,0.05627996021994505,0.9803921568627451,2.527534184479537,2.5555135283547252,2.560760727107828,1.1430386665488607e-09,0.014745020083137684,0.2737815207736134,0.00010000011857921843,0.9677451612941477,1.0,0.0005912552900622074,0.9677610082351633,1.0,0.022263171355498768,0.9684601023017902,1.0,0.0,0.0,0.0,0.0,0.0,0.8337562051685209,-0.5083529354584706,0.5055068368959075,0.008260315168887564
59.400000000000006,0.5086622203611858,0.5056196454294912,0.5084381579162703,0.08232433181880278,2.556125029142409,0.153,5.72342246190284,6.0,0.024999999999999998,0.056279853760281676,0.9803921568627451,2.528098227147456,2.556125029142409,2.561328988328632,1.1357052664434261e-09,0.014736654822012717,0.27365977440532807,0.00010000011857921843,0.9677451612941477,1.0,0.0005912552900622074,0.9677610082351633,1.0,0.022263171355498768,0.9684601023017902,1.0,0.0,0.0,0.0,0.0,0.0,0.8337399153958822,-0.5084381579162703,0.5056196454294912,0.008246982708262495
59.6,0.508744290770769,0.5057313491579797,0.5085225226098108,0.08227974914917359,2.556730576267808,0.153,5.723439421759148,6.0,0.024999999999999998,0.0562797483517695,0.9803921568627451,2.528656745789898,2.556730576267808,2.5618916849005946,1.1284877560504738e-09,0.014728375486582715,0.2735392534145559,0.00010000011857921843,0.9677451612941477,1.0,0.0005912552900622074,0.9677610082351633,1.0,0.022263171355498768,0.9684601023017902,1.0,0.0,0.0,0.0,0.0,0.0,0.8337237850046557,-0.5085225226098108,0.5057313491579797,0.008233769637721437
59.800000000000004,0.5088255347939548,0.5058419582052389,0.5086060378564725,0.08223562302651373,2.5573302235928463,0.153,5.723456215596884,6.0,0.024999999999999998,0.05627964398460315,0.9803921568627451,2.5292097910261946,2.5573302235928463,2.5624488678025794,1.121383935913228e-09,0.014720181207597553,0.2734199459193249,0.00010000011857921843,0.9677451612941477,1.0,0.0005912552900622074,0.9677610082351633,1.0,0.022263171355498768,0.9684601023017902,1.0,0.0,0.0,0.0,0.0,0.0,0.8337078125373971,-0.5086060378564725,0.5058419582052389,0.008220675084506891
60.0,0.5089059604519305,0.5059514826163151,0.5086887118997238,0.08219194886098777,2.557924024573995,0.153,5.723472844935786,6.0,0.024999999999999998,0.056279540649057144,0.9803921568627451,2.529757413081575,2.557924024573995,2.5630005876167745,1.1143916564047762e-09,0.014712071124303134,0.27330184014325176,0.00010000011857921843,0.9677451612941477,1.0,0.0005912552900622074,0.9677610082351633,1.0,0.022263171355498768,0.9684601023017902,1.0,0.0,0.0,0.0,0.0,0.0,0.8336919965479522,-0.5086887118997238,0.5059514826163151,0.008207698178219605
60.2,0.5089855756944106,0.506059932357763,0.5087705529096294,0.08214872210702322,2.558512032263649,0.153,5.723489311283799,6.0,0.024999999999999998,0.0562794383354856,0.9803921568627451,2.530299661788815,2.558512032263649,2.5635468945303455,1.1075088176477648e-09,0.014704044384365098,0.27318492441481523,0.00010000011857921843,0.9677451612941477,1.0,0.0005912552900622074,0.9677610082351633,1.0,0.022263171355498768,0.9684601023017902,1.0,0.0,0.0,0.0,0.0,0.0,0.833676335601405,-0.5087705529096294,0.506059932357763,0.008194838050906959
60.400000000000006,0.5090643884001309,0.5061673173179803,0.5088515689833604,0.08210593826292606,2.5590942993115493,0.153,5.72350561613711,6.0,0.024999999999999998,0.05627933703432169,0.9803921568627451,2.530836586589901,2.5590942993115493,2.5640878383371093,1.1007333684813641e-09,0.01469610014379304,0.2730691871666279,0.00010000011857921843,0.9677451612941477,1.0,0.0005912552900622074,0.9677610082351633,1.0,0.022263171355498768,0.9684601023017902,1.0,0.0,0.0,0.0,0.0,0.0,0.8336608282740332,-0.5088515689833604,0.5061673173179803,0.008182093837148768
60.6,0.5091424063773481,0.5062736473075451,0.5089317681457032,0.08206359287049846,2.5596708779662367,0.153,5.723521760980202,6.0,0.024999999999999998,0.056279236736077355,0.9803921568627451,2.5313682365377255,2.5596708779662367,2.5646234684392337,1.0940633043729352e-09,0.014688237566865325,0.2729546169347097,0.00010000011857921843,0.9677451612941477,1.0,0.0005912552900622074,0.9677610082351633,1.0,0.022263171355498768,0.9684601023017902,1.0,0.0,0.0,0.0,0.0,0.0,0.8336454731532622,-0.5089317681457032,0.5062736473075451,0.008169464674138526
60.800000000000004,0.5092196373643355,0.5063789320595602,0.5090111583495673,0.08202168151465905,2.5602418200765356,0.153,5.723537747285911,6.0,0.024999999999999998,0.056279137431342746,0.9803921568627451,2.5318946602978007,2.560241820076536,2.565153833848964,1.0874966647711563e-09,0.014680455826054383,0.2728412023577608,0.00010000011857921843,0.9677451612941477,1.0,0.0005912552900622074,0.9677610082351633,1.0,0.022263171355498768,0.9684601023017902,1.0,0.0,0.0,0.0,0.0,0.0,0.8336302688376162,-0.5090111583495673,0.5063789320595602,0.008156949701765339
61.0,0.509296089029881,0.5064831812300009,0.5090897474764955,0.08198019982306519,2.560807177093065,0.153,5.723553576515464,6.0,0.024999999999999998,0.05627903911078589,0.9803921568627451,2.5324159061500042,2.560807177093065,2.5656789831903692,1.0810315307203148e-09,0.014672754101952514,0.27272893217643507,0.00010000011857921843,0.9677451612941477,1.0,0.0005912552900622074,0.9677610082351633,1.0,0.022263171355498768,0.9684601023017902,1.0,0.0,0.0,0.0,0.0,0.0,0.8336152139366692,-0.5090897474764955,0.5064831812300009,0.00814454806269122
61.2,0.5093717689737822,0.5065864043980669,0.5091675433371698,0.08193914346573816,2.5613670000697826,0.153,5.72356925011854,6.0,0.024999999999999998,0.0562789417651522,0.9803921568627451,2.5329320219903346,2.5613670000697826,2.566198964701108,1.074666023426006e-09,0.014665131583198276,0.2726177952326146,0.00010000011857921843,0.9677451612941477,1.0,0.0005912552900622074,0.9677610082351633,1.0,0.022263171355498768,0.9684601023017902,1.0,0.0,0.0,0.0,0.0,0.0,0.8336003070709976,-0.5091675433371698,0.5065864043980669,0.008132258902425974
61.400000000000006,0.5094466847273408,0.5066886110665386,0.5092445536719208,0.08189850815469031,2.561921339665557,0.153,5.7235847695333195,6.0,0.024999999999999998,0.056278845385264106,0.9803921568627451,2.533443055332693,2.561921339665557,2.5667138262342206,1.0683983039539999e-09,0.014657587466403343,0.2725077804686847,0.00010000011857921843,0.9677451612941477,1.0,0.0005912552900622074,0.9677610082351633,1.0,0.022263171355498768,0.9684601023017902,1.0,0.0,0.0,0.0,0.0,0.0,0.8335855468721268,-0.5092445536719208,0.5066886110665386,0.00812008136940191
61.6,0.5095208437538598,0.5067898106621377,0.5093207861512329,0.08185828964355486,2.5624702461457622,0.153,5.723600136186536,6.0,0.024999999999999998,0.05627874996202053,0.9803921568627451,2.533949053310688,2.5624702461457622,2.5672236152599432,1.0622265736377087e-09,0.014650120956079952,0.27239887692681014,0.00010000011857921843,0.9677451612941477,1.0,0.0005912552900622074,0.9677610082351633,1.0,0.022263171355498768,0.9684601023017902,1.0,0.0,0.0,0.0,0.0,0.0,0.833570931982485,-0.5093207861512329,0.5067898106621377,0.008108014615045239
61.800000000000004,0.5095942534491353,0.5068900125358916,0.5093962483762521,0.08181848372721788,2.5630137693839052,0.153,5.723615351493532,6.0,0.024999999999999998,0.05627865548639653,0.9803921568627451,2.534450062679458,2.5630137693839052,2.5677283788675305,1.0561490743989822e-09,0.014642731264568798,0.27229107374821127,0.00010000011857921843,0.9677451612941477,1.0,0.0005912552900622074,0.9677610082351633,1.0,0.022263171355498768,0.9684601023017902,1.0,0.0,0.0,0.0,0.0,0.0,0.8335564610553484,-0.5093962483762521,0.5068900125358916,0.008096057793842796
62.0,0.5096669211419517,0.5069892259635014,0.5094709478792899,0.08177908624145293,2.5635519588632802,0.153,5.72363041685831,6.0,0.024999999999999998,0.056278561949442814,0.9803921568627451,2.5349461298175067,2.5635519588632807,2.56822816376711,1.0501640882544074e-09,0.014635417611967527,0.272184360172443,0.00010000011857921843,0.9677451612941477,1.0,0.0005912552900622074,0.9677610082351633,1.0,0.022263171355498768,0.9684601023017902,1.0,0.0,0.0,0.0,0.0,0.0,0.833542132754792,-0.5094709478792899,0.5069892259635014,0.00808421006341171
62.2,0.5097388540945723,0.507087460145713,0.5095448921243286,0.08174009306255804,2.564084863678634,0.153,5.723645333673589,6.0,0.024999999999999998,0.05627846934228532,0.9803921568627451,2.535437300728565,2.564084863678634,2.5687230162915453,1.0442699357456243e-09,0.01462817922605972,0.27207872553667334,0.00010000011857921843,0.9677451612941477,1.0,0.0005912552900622074,0.9677610082351633,1.0,0.022263171355498768,0.9684601023017902,1.0,0.0,0.0,0.0,0.0,0.0,0.8335279457556356,-0.5095448921243286,0.507087460145713,0.00807247058456079
62.400000000000006,0.5098100595032327,0.5071847242086926,0.5096180885075247,0.08170150010699492,2.5646125325378737,0.153,5.7236601033208565,6.0,0.024999999999999998,0.05627837765612477,0.9803921568627451,2.5359236210434632,2.564612532537874,2.5692129823983207,1.038464973639426e-09,0.01462101534224441,0.27197415927496466,0.00010000011857921843,0.9677451612941477,1.0,0.0005912552900622074,0.9677610082351633,1.0,0.022263171355498768,0.9684601023017902,1.0,0.0,0.0,0.0,0.0,0.0,0.8335138987433937,-0.5096180885075247,0.5071847242086926,0.008060838521355336
62.6,0.5098805444986295,0.5072810272044048,0.5096905443577113,0.08166330333103099,2.565135013763783,0.153,5.723674727170431,6.0,0.024999999999999998,0.056278286882236205,0.9803921568627451,2.536405136022024,2.565135013763783,2.5696981076714436,1.0327475926572356e-09,0.014613925203466117,0.2718706509175553,0.00010000011857921843,0.9677451612941477,1.0,0.0005912552900622074,0.9677610082351633,1.0,0.022263171355498768,0.9684601023017902,1.0,0.0,0.0,0.0,0.0,0.0,0.8334999904142191,-0.5096905443577113,0.5072810272044048,0.008049313041177694
62.800000000000004,0.509950316146411,0.5073763781109937,0.5097622669368999,0.08162549873038329,2.5656523552957684,0.153,5.723689206581514,6.0,0.024999999999999998,0.05627819701196859,0.9803921568627451,2.536881890554968,2.5656523552957684,2.5701784373233583,1.027116215987777e-09,0.014606908060145397,0.271768190090143,0.00010000011857921843,0.9677451612941477,1.0,0.0005912552900622074,0.9677610082351633,1.0,0.022263171355498768,0.9684601023017902,1.0,0.0,0.0,0.0,0.0,0.0,0.833486219474851,-0.5097622669368999,0.5073763781109937,0.008037893314784269
63.0,0.510019381447663,0.5074707858331671,0.5098332634407802,0.08158808233986539,2.566164604691621,0.153,5.723703542902241,6.0,0.024999999999999998,0.05627810803674429,0.9803921568627451,2.5373539291658354,2.566164604691621,2.5706540161968747,1.0215692989165036e-09,0.014599963170109944,0.2716667665131712,0.00010000011857921843,0.9677451612941477,1.0,0.0005912552900622074,0.9677610082351633,1.0,0.022263171355498768,0.9684601023017902,1.0,0.0,0.0,0.0,0.0,0.0,0.8334725846425626,-0.5098332634407802,0.5074707858331671,0.00802657851636186
63.2,0.5100877473393981,0.5075642592025839,0.5099035409992195,0.08155105023303648,2.566671809129306,0.153,5.723717737469749,6.0,0.024999999999999998,0.05627801994805869,0.9803921568627451,2.537821296012919,2.566671809129306,2.5711248887671156,1.0161053293035503e-09,0.014593089798526195,0.27156637000111494,0.00010000011857921843,0.9677451612941477,1.0,0.0005912552900622074,0.9677610082351633,1.0,0.022263171355498768,0.9684601023017902,1.0,0.0,0.0,0.0,0.0,0.0,0.8334590846451021,-0.5099035409992195,0.5075642592025839,0.0080153678235822
63.400000000000006,0.5101554206950417,0.5076568069782436,0.5099731066767605,0.08151439852185276,2.567174015408763,0.153,5.723731791610228,6.0,0.024999999999999998,0.056277932737479754,0.9803921568627451,2.538284034891218,2.567174015408763,2.5715910991434807,1.0107228281900872e-09,0.014586287217831439,0.27146699046177064,0.00010000011857921843,0.9677451612941477,1.0,0.0005912552900622074,0.9677610082351633,1.0,0.022263171355498768,0.9684601023017902,1.0,0.0,0.0,0.0,0.0,0.0,0.8334457182206414,-0.5099731066767605,0.5076568069782436,0.008004260417657358
63.6,0.5102224083249137,0.5077484378468792,0.5100419674731176,0.08147812335632153,2.5676712699537325,0.153,5.7237457066389785,6.0,0.024999999999999998,0.05627784639664748,0.9803921568627451,2.5387421892343958,2.5676712699537325,2.572052691071605,1.0054203497583825e-09,0.014579554707666479,0.2713686178955464,0.00010000011857921843,0.9677451612941477,1.0,0.0005912552900622074,0.9677610082351633,1.0,0.022263171355498768,0.9684601023017902,1.0,0.0,0.0,0.0,0.0,0.0,0.833432484117721,-0.5100419674731176,0.5077484378468792,0.007993255483384
63.800000000000004,0.5102887169767124,0.5078391604233509,0.5101101303236716,0.08144222092415745,2.5681636188135935,0.153,5.723759483860472,6.0,0.024999999999999998,0.05627776091727353,0.9803921568627451,2.539195802116754,2.568163618813594,2.5725097079353576,1.0001964802417065e-09,0.014572891554808762,0.27127124239475486,0.00010000011857921843,0.9677451612941477,1.0,0.0005912552900622074,0.9677610082351633,1.0,0.022263171355498768,0.9684601023017902,1.0,0.0,0.0,0.0,0.0,0.0,0.8334193810951911,-0.5101101303236716,0.5078391604233509,0.007982352209199559
64.0,0.5103543533359968,0.5079289832510437,0.5101776020999639,0.08140668745044152,2.5686511076652287,0.153,5.7237731245684085,6.0,0.024999999999999998,0.0562776762911408,0.9803921568627451,2.539644916255219,2.5686511076652287,2.572962192758825,9.95049835970715e-10,0.014566297053106083,0.2711748541429086,0.00010000011857921843,0.9677451612941477,1.0,0.0005912552900622074,0.9677610082351633,1.0,0.022263171355498768,0.9684601023017902,1.0,0.0,0.0,0.0,0.0,0.0,0.8334064079221589,-0.5101776020999639,0.5079289832510437,0.007971549787223238
64.2,0.5104193240266646,0.5080179148022672,0.5102443896101881,0.08137151919728228,2.5691337818148923,0.153,5.723786630045779,6.0,0.024999999999999998,0.056277592510102864,0.9803921568627451,2.540089574011336,2.5691337818148927,2.5734101882083245,9.899790612276465e-10,0.014559770503410771,0.2710794434140169,0.00010000011857921843,0.9677451612941477,1.0,0.0005912552900622074,0.9677610082351633,1.0,0.022263171355498768,0.9684601023017902,1.0,0.0,0.0,0.0,0.0,0.0,0.8333935633779304,-0.5102443896101881,0.5080179148022672,0.007960847413303851
64.4,0.5104836356114333,0.5081059634786559,0.51031049959968,0.08133671246347954,2.5696116862001057,0.153,5.723800001564916,6.0,0.024999999999999998,0.056277509566083656,0.9803921568627451,2.540529817393279,2.5696116862001057,2.573853736594416,9.849828266929681e-10,0.014553311213514384,0.2709850005718856,0.00010000011857921843,0.9677451612941477,1.0,0.0005912552900622074,0.9677610082351633,1.0,0.022263171355498768,0.9684601023017902,1.0,0.0,0.0,0.0,0.0,0.0,0.8333808462519539,-0.51031049959968,0.5081059634786559,0.007950244287061474
64.60000000000001,0.5105472945923121,0.5081931376115719,0.5103759387514067,0.08130226358419056,2.570084865391563,0.153,5.723813240387564,6.0,0.024999999999999998,0.05627742745107687,0.9803921568627451,2.5409656880578595,2.570084865391563,2.5742928798739335,9.800598289505285e-10,0.014546918498082933,0.27089151606941886,0.00010000011857921843,0.9677451612941477,1.0,0.0005912552900622074,0.9677610082351633,1.0,0.022263171355498768,0.9684601023017902,1.0,0.0,0.0,0.0,0.0,0.0,0.8333682553437625,-0.5103759387514067,0.5081931376115719,0.007939739611932516
64.8,0.5106103074110826,0.5082794454625116,0.5104407136864539,0.08126816893059854,2.570553363595047,0.153,5.723826347764934,6.0,0.024999999999999998,0.05627734615714563,0.9803921568627451,2.541397227312558,2.5705533635950473,2.5747276596520168,9.752087909440058e-10,0.014540591678592596,0.27079898044792283,0.00010000011857921843,0.9677451612941477,1.0,0.0005912552900622074,0.9677610082351633,1.0,0.022263171355498768,0.9684601023017902,1.0,0.0,0.0,0.0,0.0,0.0,0.8333557894629194,-0.5104407136864539,0.5082794454625116,0.007929332595205417
65.0,0.5106726804497664,0.5083648952235106,0.5105048309645107,0.08123442490958369,2.5710172246533713,0.153,5.72383932493776,6.0,0.024999999999999998,0.05627726567642199,0.9803921568627451,2.541824476117553,2.5710172246533713,2.5751581171841536,9.70428462765516e-10,0.01453433008326596,0.2707073843364132,0.00010000011857921843,0.9677451612941477,1.0,0.0005912552900622074,0.9677610082351633,1.0,0.022263171355498768,0.9684601023017902,1.0,0.0,0.0,0.0,0.0,0.0,0.8333434474289576,-0.5105048309645107,0.5083648952235106,0.007919022448060484
65.2,0.5107344200311006,0.5084494950175528,0.5105682970843531,0.08120102796339661,2.5714764920483177,0.153,5.72385217313637,6.0,0.024999999999999998,0.05627718600110645,0.9803921568627451,2.5422474750877635,2.5714764920483177,2.5755842933782374,9.657176219875907e-10,0.014528133047008764,0.270616718450924,0.00010000011857921843,0.9677451612941477,1.0,0.0005912552900622074,0.9677610082351633,1.0,0.022263171355498768,0.9684601023017902,1.0,0.0,0.0,0.0,0.0,0.0,0.8333312280713225,-0.5105682970843531,0.5084494950175528,0.007908808385608436
65.4,0.5107955324190044,0.5085332528989792,0.5106311184843261,0.08116797456933414,2.571931208902603,0.153,5.723864893580736,6.0,0.024999999999999998,0.05627710712346753,0.9803921568627451,2.542666264494896,2.571931208902603,2.576006228796618,9.610750730139067e-10,0.014521999911347127,0.2705269735938198,0.00010000011857921843,0.9677451612941477,1.0,0.0005912552900622074,0.9677610082351633,1.0,0.022263171355498768,0.9684601023017902,1.0,0.0,0.0,0.0,0.0,0.0,0.8333191302293155,-0.5106311184843261,0.5085332528989792,0.00789868962692087
65.60000000000001,0.510856023819049,0.5086161768538996,0.5106933015428228,0.08113526123941775,2.5723814179818456,0.153,5.723877487480542,6.0,0.024999999999999998,0.05627702903584134,0.9803921568627451,2.543080884269498,2.5723814179818456,2.576423963658178,9.564996454748219e-10,0.014515930024365317,0.2704381406531103,0.00010000011857921843,0.9677451612941477,1.0,0.0005912552900622074,0.9677610082351633,1.0,0.022263171355498768,0.9684601023017902,1.0,0.0,0.0,0.0,0.0,0.0,0.833307152752034,-0.5106933015428228,0.5086161768538996,0.007888665395069824
65.8,0.510915900378923,0.5086982748006051,0.5107548525787626,0.08110288452007394,2.57282716169655,0.153,5.723889956035241,6.0,0.024999999999999998,0.05627695173063107,0.9803921568627451,2.5434913740030254,2.57282716169655,2.576837537840394,9.519901922272568e-10,0.014509922740643978,0.2703502106017676,0.00010000011857921843,0.9677451612941477,1.0,0.0005912552900622074,0.9677610082351633,1.0,0.022263171355498768,0.9684601023017902,1.0,0.0,0.0,0.0,0.0,0.0,0.8332952944983142,-0.5107548525787626,0.5086982748006051,0.007878734917153017
66.0,0.5109751681888931,0.5087795545899797,0.5108157778520672,0.08107084099181755,2.573268482104097,0.153,5.723902300434118,6.0,0.024999999999999998,0.0562768752003066,0.9803921568627451,2.5438977729498986,2.573268482104097,2.577246990881423,9.475455877416703e-10,0.01450397742119887,0.27026317449704673,0.00010000011857921843,0.9677451612941477,1.0,0.0005912552900622074,0.9677610082351633,1.0,0.022263171355498768,0.9684601023017902,1.0,0.0,0.0,0.0,0.0,0.0,0.8332835543366703,-0.5108157778520672,0.5087795545899797,0.007868897424330184
66.2,0.5110338332822714,0.5088600240059166,0.5108760835641339,0.08103912726893728,2.573705420910748,0.153,5.723914521856355,6.0,0.024999999999999998,0.05627679943740397,0.9803921568627451,2.544300120029583,2.573705420910748,2.5776523619821807,9.431647274509013e-10,0.014498093433420175,0.2701770234798087,0.00010000011857921843,0.9677451612941477,1.0,0.0005912552900622074,0.9677610082351633,1.0,0.022263171355498768,0.9684601023017902,1.0,0.0,0.0,0.0,0.0,0.0,0.8332719311452415,-0.5108760835641339,0.5088600240059166,0.007859152151847864
66.4,0.511091901635871,0.5089396907657326,0.5109357758583077,0.08100773999918337,2.574138019473651,0.153,5.723926621471087,6.0,0.024999999999999998,0.056276724434525006,0.9803921568627451,2.544698453828663,2.574138019473651,2.5780536900084305,9.388465281126821e-10,0.01449227015101214,0.2700917487738462,0.00010000011857921843,0.9677451612941477,1.0,0.0005912552900622074,0.9677610082351633,1.0,0.022263171355498768,0.9684601023017902,1.0,0.0,0.0,0.0,0.0,0.0,0.8332604238117244,-0.5109357758583077,0.5089396907657326,0.007849498339068126
66.60000000000001,0.5111493791704641,0.5090185625205838,0.5109948608203508,0.08097667586345803,2.5745663188028716,0.153,5.723938600437465,6.0,0.024999999999999998,0.056276650184336786,0.9803921568627451,2.5450928126029186,2.5745663188028716,2.5784510134928786,9.345899286885563e-10,0.014486506953933376,0.27000734168521306,0.00010000011857921843,0.9677451612941477,1.0,0.0005912552900622074,0.9677610082351633,1.0,0.022263171355498768,0.9684601023017902,1.0,0.0,0.0,0.0,0.0,0.0,0.833249031233321,-0.5109948608203508,0.5090185625205838,0.007839935229496374
66.8,0.51120627175124,0.509096646855883,0.5110533444789107,0.080945931575508,2.574990359563407,0.153,5.723950459904721,6.0,0.024999999999999998,0.05627657667957129,0.9803921568627451,2.5454832342794145,2.574990359563407,2.578844370637266,9.303938909684415e-10,0.014480803228337547,0.2699237936015562,0.00010000011857921843,0.9677451612941477,1.0,0.0005912552900622074,0.9677610082351633,1.0,0.022263171355498768,0.9684601023017902,1.0,0.0,0.0,0.0,0.0,0.0,0.8332377523166772,-0.5110533444789107,0.509096646855883,0.007830462070803566
67.0,0.5112625851882572,0.5091739512917176,0.5111112328059846,0.08091550388161965,2.5754101820772335,0.153,5.723962201012229,6.0,0.024999999999999998,0.05627650391302482,0.9803921568627451,2.545869756458588,2.5754101820772335,2.579233799314467,9.262573993210222e-10,0.014475158366514605,0.2698410959914505,0.00010000011857921843,0.9677451612941477,1.0,0.0005912552900622074,0.9677610082351633,1.0,0.022263171355498768,0.9684601023017902,1.0,0.0,0.0,0.0,0.0,0.0,0.8332265859778225,-0.5111112328059846,0.5091739512917176,0.007821078114849509
67.2,0.5113183252368928,0.5092504832832664,0.5111685317173836,0.08088538956031642,2.575825826325341,0.153,5.723973824889568,6.0,0.024999999999999998,0.056276431877557674,0.9803921568627451,2.546252416416332,2.575825826325341,2.5796193370705955,9.22179459440575e-10,0.014469571766832454,0.2697592404037376,0.00010000011857921843,0.9677451612941477,1.0,0.0005912552900622074,0.9677610082351633,1.0,0.022263171355498768,0.9684601023017902,1.0,0.0,0.0,0.0,0.0,0.0,0.8332155311421126,-0.5111685317173836,0.5092504832832664,0.007811782617706926
67.4,0.5113734975982943,0.5093262502212189,0.5112252470731933,0.08085558542205849,2.5762373319497844,0.153,5.72398533265658,6.0,0.024999999999999998,0.05627636056609358,0.9803921568627451,2.5466312511060947,2.5762373319497844,2.5800010211271065,9.181590965197386e-10,0.014464042833679146,0.26967821846686674,0.00010000011857921843,0.9677451612941477,1.0,0.0005912552900622074,0.9677610082351633,1.0,0.022263171355498768,0.9684601023017902,1.0,0.0,0.0,0.0,0.0,0.0,0.8332045867441669,-0.5112252470731933,0.5093262502212189,0.007802574839680988
67.60000000000001,0.5114281079198283,0.5094012594321947,0.5112813846782317,0.08082608830894503,2.576644738255742,0.153,5.72399672542344,6.0,0.024999999999999998,0.05627628997161935,0.9803921568627451,2.5470062971609733,2.576644738255742,2.5803788883829033,9.141953535978094e-10,0.014458570977405567,0.2695980218882403,0.00010000011857921843,0.9677451612941477,1.0,0.0005912552900622074,0.9677610082351633,1.0,0.022263171355498768,0.9684601023017902,1.0,0.0,0.0,0.0,0.0,0.0,0.8331937517278137,-0.5112813846782317,0.5094012594321947,0.007793454045327773
67.8,0.5114821617955199,0.509475518179161,0.5113369502825075,0.08079689509441854,2.577048084213566,0.153,5.724008004290708,6.0,0.024999999999999998,0.056276220087184366,0.9803921568627451,2.547377590895805,2.5770480842135663,2.5807529754164453,9.102872907407397e-10,0.014453155614268524,0.26951864245356066,0.00010000011857921843,0.9677451612941477,1.0,0.0005912552900622074,0.9677610082351633,1.0,0.022263171355498768,0.9684601023017902,1.0,0.0,0.0,0.0,0.0,0.0,0.833183025046026,-0.5113369502825075,0.509475518179161,0.007784419503474262
68.0,0.5115356647664986,0.5095490336618539,0.5113919495816726,0.08076800268297178,2.577447408460859,0.153,5.724019170349403,6.0,0.024999999999999998,0.05627615090590012,0.9803921568627451,2.547745168309269,2.577447408460859,2.5811233184878555,9.064339852554736e-10,0.014447796166374387,0.2694400720261821,0.00010000011857921843,0.9677451612941477,1.0,0.0005912552900622074,0.9677610082351633,1.0,0.022263171355498768,0.9684601023017902,1.0,0.0,0.0,0.0,0.0,0.0,0.8331724056608635,-0.5113919495816726,0.5095490336618539,0.007775470487233678
68.2,0.5115886223214394,0.5096218130171966,0.5114463882174742,0.08073940800985688,2.577842749304538,0.153,5.724030224681058,6.0,0.024999999999999998,0.05627608242093983,0.9803921568627451,2.5481090650859826,2.577842749304538,2.581489953541032,9.026345325784729e-10,0.014442492061623196,0.2693623025464653,0.00010000011857921843,0.9677451612941477,1.0,0.0005912552900622074,0.9677610082351633,1.0,0.022263171355498768,0.9684601023017902,1.0,0.0,0.0,0.0,0.0,0.0,0.8331618925434141,-0.5114463882174742,0.5096218130171966,0.007766606274021449
68.4,0.5116410398969974,0.5096938633197189,0.5115002717782055,0.08071110804079677,2.578234144722902,0.153,5.724041168357785,6.0,0.024999999999999998,0.05627601462553795,0.9803921568627451,2.5484693165985943,2.578234144722902,2.5818529162057584,8.988880471157969e-10,0.014437242733653197,0.26928532603113503,0.00010000011857921843,0.9677451612941477,1.0,0.0005912552900622074,0.9677610082351633,1.0,0.022263171355498768,0.9684601023017902,1.0,0.0,0.0,0.0,0.0,0.0,0.8331514846737325,-0.5115002717782055,0.5096938633197189,0.007757826145571725
68.60000000000001,0.511692922878246,0.5097651915819782,0.5115536057991509,0.08068309977169903,2.5786216323677165,0.153,5.724052002442337,6.0,0.024999999999999998,0.056275947512989706,0.9803921568627451,2.548825957909891,2.5786216323677165,2.582212241799811,8.951936623482052e-10,0.014432047621785883,0.26920913457264156,0.00010000011857921843,0.9677451612941477,1.0,0.0005912552900622074,0.9677610082351633,1.0,0.022263171355498768,0.9684601023017902,1.0,0.0,0.0,0.0,0.0,0.0,0.8331411810407814,-0.5115536057991509,0.5097651915819782,0.007749129387947483
68.8,0.5117442765991096,0.509835804754977,0.5116063957630321,0.08065538022837203,2.579005249566292,0.153,5.724062727988174,6.0,0.024999999999999998,0.0562758810766507,0.9803921568627451,2.549179023774885,2.579005249566292,2.5825679653310716,8.91550529927529e-10,0.014426906170971508,0.2691337203385256,0.00010000011857921843,0.9677451612941477,1.0,0.0005912552900622074,0.9677610082351633,1.0,0.022263171355498768,0.9684601023017902,1.0,0.0,0.0,0.0,0.0,0.0,0.8331309806423719,-0.5116063957630321,0.509835804754977,0.007740515291555846
69.0,0.5117951063427925,0.5099057097285832,0.5116586471004497,0.08062794646624316,2.5793850333235646,0.153,5.724073346039518,6.0,0.024999999999999998,0.056275815309936424,0.9803921568627451,2.549528548642916,2.5793850333235646,2.5829201214996322,8.879578180515311e-10,0.014421817831735021,0.26905907557078607,0.00010000011857921843,0.9677451612941477,1.0,0.0005912552900622074,0.9677610082351633,1.0,0.022263171355498768,0.9684601023017902,1.0,0.0,0.0,0.0,0.0,0.0,0.8331208824851025,-0.5116586471004497,0.5099057097285832,0.007731983151157266
69.2,0.5118454173422109,0.5099749133319493,0.5117103651903233,0.08060079557007965,2.57976102032418,0.153,5.724083857631423,6.0,0.024999999999999998,0.056275750206321834,0.9803921568627451,2.5498745666597467,2.57976102032418,2.583268744699906,8.844147098048559e-10,0.014416782060122521,0.2689851925852524,0.00010000011857921843,0.9677451612941477,1.0,0.0005912552900622074,0.9677610082351633,1.0,0.022263171355498768,0.9684601023017902,1.0,0.0,0.0,0.0,0.0,0.0,0.8331108855843018,-0.5117103651903233,0.5099749133319493,0.007723532265876716
69.4,0.5118952147804148,0.5100434223339305,0.5117615553603289,0.08057392465371148,2.580133246934575,0.153,5.724094263789835,6.0,0.024999999999999998,0.056275685759340915,0.9803921568627451,2.5502171116696526,2.580133246934575,2.5836138690227326,8.809204021742004e-10,0.01441179831764811,0.2689120637709588,0.00010000011857921843,0.9677451612941477,1.0,0.0005912552900622074,0.9677610082351633,1.0,0.022263171355498768,0.9684601023017902,1.0,0.0,0.0,0.0,0.0,0.0,0.8331009889639658,-0.5117615553603289,0.5100434223339305,0.007715161939212961
69.60000000000001,0.511944503791015,0.5101112434435031,0.5118122228873332,0.08054733085975654,2.5805017492050757,0.153,5.724104565531657,6.0,0.024999999999999998,0.05627562196258624,0.9803921568627451,2.5505562172175154,2.5805017492050757,2.58395552825748,8.774741060772774e-10,0.01440686607124126,0.26883968158952404,0.00010000011857921843,0.9677451612941477,1.0,0.0005912552900622074,0.9677610082351633,1.0,0.022263171355498768,0.9684601023017902,1.0,0.0,0.0,0.0,0.0,0.0,0.8330911916567013,-0.5118122228873332,0.5101112434435031,0.00770687147904609
69.8,0.511993289458602,0.5101783833101828,0.5118623729978267,0.08052101135934818,2.580866562871977,0.153,5.724114763864801,6.0,0.024999999999999998,0.056275558809708505,0.9803921568627451,2.5508919165509143,2.580866562871977,2.584293755894148,8.740750471916392e-10,0.014401984793194595,0.2687680385745332,0.00010000011857921843,0.9677451612941477,1.0,0.0005912552900622074,0.9677610082351633,1.0,0.022263171355498768,0.9684601023017902,1.0,0.0,0.0,0.0,0.0,0.0,0.8330814927036639,-0.5118623729978267,0.5101783833101828,0.007698660197644205
70.0,0.512041576819166,0.5102448485244419,0.5119120108683536,0.08049496335186497,2.5812277233596306,0.153,5.724124859788266,6.0,0.024999999999999998,0.056275496294416125,0.9803921568627451,2.551224242622209,2.5812277233596306,2.5846285851254667,8.70722466936009e-10,0.014397153961112139,0.26869712733092344,0.00010000011857921843,0.9677451612941477,1.0,0.0005912552900622074,0.9677610082351633,1.0,0.022263171355498768,0.9684601023017902,1.0,0.0,0.0,0.0,0.0,0.0,0.8330718911545003,-0.5119120108683536,0.5102448485244419,0.007690527411670774
70.2,0.5120893708605128,0.5103106456181251,0.5119611416259381,0.0804691840646626,2.5815852657825387,0.153,5.724134854292191,6.0,0.024999999999999998,0.05627543441047478,0.9803921568627451,2.5515532280906257,2.5815852657825387,2.584960048848996,8.674156228808814e-10,0.014392373057858024,0.2686269405343741,0.00010000011857921843,0.9677451612941477,1.0,0.0005912552900622074,0.9677610082351633,1.0,0.022263171355498768,0.9684601023017902,1.0,0.0,0.0,0.0,0.0,0.0,0.8330623860672874,-0.5119611416259381,0.5103106456181251,0.007682472442189487
70.4,0.5121366765226764,0.5103757810648678,0.5120097703485107,0.08044367075280798,2.5819392249474395,0.153,5.724144748357916,6.0,0.024999999999999998,0.05627537315170699,0.9803921568627451,2.551878905324339,2.5819392249474395,2.585288179669214,8.641537881867316e-10,0.014387641571505598,0.2685574709306989,0.00010000011857921843,0.9677451612941477,1.0,0.0005912552900622074,0.9677610082351633,1.0,0.022263171355498768,0.9684601023017902,1.0,0.0,0.0,0.0,0.0,0.0,0.8330529765084742,-0.5120097703485107,0.5103757810648678,0.0076744946146672
70.60000000000001,0.5121834986985367,0.5104402612804588,0.5120579020653047,0.08041842069886843,2.5822896353553433,0.153,5.724154542958043,6.0,0.024999999999999998,0.0562753125119917,0.9803921568627451,2.552201306402294,2.5822896353553433,2.585613009899347,8.609362506812373e-10,0.01438295899529905,0.2684887113352789,0.00010000011857921843,0.9677451612941477,1.0,0.0005912552900622074,0.9677610082351633,1.0,0.022263171355498768,0.9684601023017902,1.0,0.0,0.0,0.0,0.0,0.0,0.8330436615528284,-0.5120579020653047,0.5104402612804588,0.007666593258922899
70.8,0.5122298422341027,0.510504092623332,0.5121055417572279,0.08039343121260098,2.582636531203662,0.153,5.724164239056505,6.0,0.024999999999999998,0.05627525248526382,0.9803921568627451,2.5525204631166596,2.582636531203662,2.585934571563849,8.577623109767311e-10,0.014378324827590374,0.2684206546325317,0.00010000011857921843,0.9677451612941477,1.0,0.0005912552900622074,0.9677610082351633,1.0,0.022263171355498768,0.9684601023017902,1.0,0.0,0.0,0.0,0.0,0.0,0.8330344402833676,-0.5121055417572279,0.510504092623332,0.007658767709214065
71.0,0.512275711927278,0.5105672813953379,0.5121526943575722,0.08036869963028886,2.582979946388675,0.153,5.724173837608673,6.0,0.024999999999999998,0.05627519306551348,0.9803921568627451,2.5528364069766893,2.582979946388675,2.586252896402335,8.546312777523309e-10,0.014373738571699506,0.26835329377489686,0.00010000011857921843,0.9677451612941477,1.0,0.0005912552900622074,0.9677610082351633,1.0,0.022263171355498768,0.9684601023017902,1.0,0.0,0.0,0.0,0.0,0.0,0.8330253117912575,-0.5121526943575722,0.5105672813953379,0.007651017304633534
71.2,0.5123211125313587,0.5106298338410584,0.5121993647525138,0.08034422331540625,2.583319914506778,0.153,5.724183339561289,6.0,0.024999999999999998,0.05627513424678644,0.9803921568627451,2.553149169205292,2.583319914506778,2.586568015865954,8.515424742420686e-10,0.014369199736090087,0.2682866217821231,0.00010000011857921843,0.9677451612941477,1.0,0.0005912552900622074,0.9677610082351633,1.0,0.022263171355498768,0.9684601023017902,1.0,0.0,0.0,0.0,0.0,0.0,0.8330162751758767,-0.5121993647525138,0.5106298338410584,0.007643341387886258
71.4,0.5123660487544163,0.5106917561492444,0.5122455577802218,0.08031999965782155,2.583656468857051,0.153,5.724192745852633,6.0,0.024999999999999998,0.056275076023183004,0.9803921568627451,2.5534587807462223,2.5836564688570514,2.586879961124941,8.484952354258666e-10,0.014364707834162108,0.26822063174254024,0.00010000011857921843,0.9677451612941477,1.0,0.0005912552900622074,0.9677610082351633,1.0,0.022263171355498768,0.9684601023017902,1.0,0.0,0.0,0.0,0.0,0.0,0.8330073295446564,-0.5122455577802218,0.5106917561492444,0.007635739306490237
71.60000000000001,0.5124105252585907,0.5107530544530877,0.5122912782327818,0.08029602607338675,2.5839896424434547,0.153,5.724202057412584,6.0,0.024999999999999998,0.05627501838885757,0.9803921568627451,2.5537652722654385,2.5839896424434547,2.587188763069539,8.454889094606898e-10,0.01436026238418612,0.26815531681031174,0.00010000011857921843,0.9677451612941477,1.0,0.0005912552900622074,0.9677610082351633,1.0,0.022263171355498768,0.9684601023017902,1.0,0.0,0.0,0.0,0.0,0.0,0.8329984740130223,-0.5122912782327818,0.5107530544530877,0.007628210412449509
71.8,0.5124545466605557,0.5108137348303764,0.5123365308563554,0.08027230000381275,2.584319467976806,0.153,5.724211275162656,6.0,0.024999999999999998,0.05627496133801833,0.9803921568627451,2.554068674151882,2.5843194679768065,2.587494452311195,8.425228582247626e-10,0.014355862909300451,0.2680906702052065,0.00010000011857921843,0.9677451612941477,1.0,0.0005912552900622074,0.9677610082351633,1.0,0.022263171355498768,0.9684601023017902,1.0,0.0,0.0,0.0,0.0,0.0,0.8329897077043616,-0.5123365308563554,0.5108137348303764,0.007620754062162189
72.0,0.5124981175325455,0.5108738033039194,0.5123813203511565,0.08024881891652963,2.584645977876771,0.153,5.724220400016053,6.0,0.024999999999999998,0.05627490486492706,0.9803921568627451,2.554369016519597,2.584645977876771,2.5877970591845316,8.395964566835305e-10,0.014351508937475856,0.26802668521263356,0.00010000011857921843,0.9677451612941477,1.0,0.0005912552900622074,0.9677610082351633,1.0,0.022263171355498768,0.9684601023017902,1.0,0.0,0.0,0.0,0.0,0.0,0.8329810297499729,-0.5123813203511565,0.5108738033039194,0.0076133696163665
72.2,0.5125412424029142,0.5109332658420266,0.5124256513719067,0.08022558030442756,2.584969204273938,0.153,5.724229432877731,6.0,0.024999999999999998,0.05627484896389844,0.9803921568627451,2.554666329210133,2.584969204273938,2.5880966137497303,8.367090916329306e-10,0.014347200001454067,0.2679633551829906,0.00010000011857921843,0.9677451612941477,1.0,0.0005912552900622074,0.9677610082351633,1.0,0.022263171355498768,0.9684601023017902,1.0,0.0,0.0,0.0,0.0,0.0,0.8329724392889979,-0.5124256513719067,0.5109332658420266,0.007606056440194469
72.4,0.5125839257562971,0.510992128358939,0.5124695285283573,0.08020258168556392,2.585289179011929,0.153,5.7242383746444725,6.0,0.024999999999999998,0.05627479362929976,0.9803921568627451,2.554960641794695,2.585289179011929,2.5883931457947242,8.338601602835899e-10,0.014342935638699577,0.26790067353091823,0.00010000011857921843,0.9677451612941477,1.0,0.0005912552900622074,0.9677610082351633,1.0,0.022263171355498768,0.9684601023017902,1.0,0.0,0.0,0.0,0.0,0.0,0.8329639354683598,-0.5124695285283573,0.510992128358939,0.007598813903201016
72.60000000000001,0.5126261720338438,0.5110503967152155,0.5125129563857073,0.0801798206029084,2.585605933649468,0.153,5.724247226204946,6.0,0.024999999999999998,0.056274738855550434,0.9803921568627451,2.555251983576077,2.5856059336494686,2.588686684837153,8.310490693125687e-10,0.014338715391357074,0.26783863373470385,0.00010000011857921843,0.9677451612941477,1.0,0.0005912552900622074,0.9677610082351633,1.0,0.022263171355498768,0.9684601023017902,1.0,0.0,0.0,0.0,0.0,0.0,0.8329555174427049,-0.5125129563857073,0.5110503967152155,0.007591641379345141
72.8,0.5126679856336503,0.511108076718121,0.5125559394649671,0.08015729462411766,2.585919499462428,0.153,5.724255988439759,6.0,0.024999999999999998,0.05627468463712161,0.9803921568627451,2.5555403835906048,2.5859194994624284,2.5889772601263163,8.282752347971128e-10,0.014334538806202383,0.26777722933576115,0.00010000011857921843,0.9677451612941477,1.0,0.0005912552900622074,0.9677610082351633,1.0,0.022263171355498768,0.9684601023017902,1.0,0.0,0.0,0.0,0.0,0.0,0.8329471843743504,-0.5125559394649671,0.511108076718121,0.007584538246972945
73.0,0.5127093709112122,0.5111651741220314,0.5125984822433275,0.08013500134130756,2.586229907445878,0.153,5.724264662221517,6.0,0.024999999999999998,0.056274630968535785,0.9803921568627451,2.5558258706101573,2.5862299074458783,2.5892649006452113,8.255380829345864e-10,0.014330405434596799,0.26771645393810356,0.00010000011857921843,0.9677451612941477,1.0,0.0005912552900622074,0.9677610082351633,1.0,0.022263171355498768,0.9684601023017902,1.0,0.0,0.0,0.0,0.0,0.0,0.8329389354332225,-0.5125984822433275,0.5111651741220314,0.007577503888812398
73.2,0.5127503321798075,0.5112216946288441,0.5126405891545508,0.080112938370815,2.5865371883161363,0.153,5.724273248414896,6.0,0.024999999999999998,0.05627457784436635,0.9803921568627451,2.5561084731442207,2.5865371883161368,2.589549635112584,8.228370510186413e-10,0.014326314832446193,0.2676563012077845,0.00010000011857921843,0.9677451612941477,1.0,0.0005912552900622074,0.9677610082351633,1.0,0.022263171355498768,0.9684601023017902,1.0,0.0,0.0,0.0,0.0,0.0,0.8329307697968036,-0.5126405891545508,0.5112216946288441,0.0075705376919688455
73.4,0.5127908737108443,0.5112776438883784,0.5126822645893693,0.08009110335295912,2.586841372512814,0.153,5.724281747876687,6.0,0.024999999999999998,0.05627452525923722,0.9803921568627451,2.556388219441892,2.586841372512814,2.589831491984956,8.201715880072773e-10,0.01432226656015583,0.2675967648723296,0.00010000011857921843,0.9677451612941477,1.0,0.0005912552900622074,0.9677610082351633,1.0,0.022263171355498768,0.9684601023017902,1.0,0.0,0.0,0.0,0.0,0.0,0.8329226866500684,-0.5126822645893693,0.5112776438883784,0.0075636390479210565
73.60000000000001,0.5128309997342269,0.511333027498773,0.512723512895869,0.08006949395180887,2.5871424902008644,0.153,5.724290161455872,6.0,0.024999999999999998,0.05627447320782241,0.9803921568627451,2.5566651374938645,2.5871424902008644,2.590110499458625,8.175411542486886e-10,0.014318260182583252,0.26753783872018694,0.00010000011857921843,0.9677451612941477,1.0,0.0005912552900622074,0.9677610082351633,1.0,0.022263171355498768,0.9684601023017902,1.0,0.0,0.0,0.0,0.0,0.0,0.8329146851854329,-0.512723512895869,0.511333027498773,0.0075568073525137
73.8,0.512870714438727,0.5113878510068822,0.5127643383798671,0.0800481078549549,2.587440571272606,0.153,5.72429848999367,6.0,0.024999999999999998,0.056274421684845595,0.9803921568627451,2.5569392550344108,2.587440571272606,2.5903866854716515,8.149452204036445e-10,0.014314295268995489,0.26747951660018976,0.00010000011857921843,0.9677451612941477,1.0,0.0005912552900622074,0.9677610082351633,1.0,0.022263171355498768,0.9684601023017902,1.0,0.0,0.0,0.0,0.0,0.0,0.832906764602692,-0.5127643383798671,0.5113878510068822,0.007550042005945322
74.0,0.512910021972362,0.5114421199086727,0.5128047453052865,0.08002694277328269,2.5877356453497535,0.153,5.724306734323603,6.0,0.024999999999999998,0.056274370685079775,0.9803921568627451,2.5572105995433634,2.5877356453497535,2.590660077705861,8.123832660505646e-10,0.014310371393027661,0.2674217924210192,0.00010000011857921843,0.9677451612941477,1.0,0.0005912552900622074,0.9677610082351633,1.0,0.022263171355498768,0.9684601023017902,1.0,0.0,0.0,0.0,0.0,0.0,0.832898924108969,-0.5128047453052865,0.5114421199086727,0.007543342412761283
74.2,0.5129489264427571,0.5114958396496185,0.5128447378945334,0.08000599644074648,2.588027741785445,0.153,5.724314895271557,6.0,0.024999999999999998,0.056274320203346835,0.9803921568627451,2.5574791982480924,2.588027741785445,2.5909307035888305,8.098547786298886e-10,0.014306488132639131,0.26736466015066657,0.00010000011857921843,0.9677451612941477,1.0,0.0005912552900622074,0.9677610082351633,1.0,0.022263171355498768,0.9684601023017902,1.0,0.0,0.0,0.0,0.0,0.0,0.8328911629186544,-0.5128447378945334,0.5114958396496185,0.00753670798184503
74.4,0.5129874319175091,0.5115490156250952,0.5128843203288698,0.07998526661414516,2.5883168896662565,0.153,5.724322973655836,6.0,0.024999999999999998,0.05627427023451712,0.9803921568627451,2.557745078125476,2.5883168896662565,2.591198590295866,8.073592531926356e-10,0.014302645070070025,0.2673081138159004,0.00010000011857921843,0.9677451612941477,1.0,0.0005912552900622074,0.9677610082351633,1.0,0.022263171355498768,0.9684601023017902,1.0,0.0,0.0,0.0,0.0,0.0,0.8328834802533507,-0.5128843203288698,0.5115490156250952,0.007530138126405714
74.60000000000001,0.5130255424245426,0.5116016531807703,0.5129234967487831,0.07996475107290023,2.58860311781421,0.153,5.724330970287223,6.0,0.024999999999999998,0.056274220773509104,0.9803921568627451,2.5580082659038514,2.5886031178142104,2.591463764751978,8.048961929787223e-10,0.014298841791799875,0.26725214750173837,0.00010000011857921843,0.9677451612941477,1.0,0.0005912552900622074,0.9677610082351633,1.0,0.022263171355498768,0.9684601023017902,1.0,0.0,0.0,0.0,0.0,0.0,0.8328758753418172,-0.5129234967487831,0.5116016531807703,0.007523632263971668
74.8,0.5130632619524672,0.5116537576129935,0.5129622712543545,0.07994444761883633,2.5888864547887804,0.153,5.7243388859690425,6.0,0.024999999999999998,0.05627417181528892,0.9803921568627451,2.5582687880649675,2.5888864547887804,2.5917262536338357,8.024651104017253e-10,0.014295077888506282,0.26719675535092224,0.00010000011857921843,0.9677451612941477,1.0,0.0005912552900622074,0.9677610082351633,1.0,0.022263171355498768,0.9684601023017902,1.0,0.0,0.0,0.0,0.0,0.0,0.8328683474199138,-0.5129622712543545,0.5116537576129935,0.007517189816375362
75.0,0.5131005944509369,0.5117053341691856,0.5130006479056216,0.07992435407596336,2.5891669288888943,0.153,5.724346721497212,6.0,0.024999999999999998,0.056274123354870025,0.9803921568627451,2.558526670845928,2.5891669288888948,2.591986083371731,8.000655277978614e-10,0.014291352955022959,0.26714193156339766,0.00010000011857921843,0.9677451612941477,1.0,0.0005912552900622074,0.9677610082351633,1.0,0.022263171355498768,0.9684601023017902,1.0,0.0,0.0,0.0,0.0,0.0,0.8328608957305459,-0.5130006479056216,0.5117053341691856,0.007510810209745228
75.2,0.5131375438309984,0.5117563880482251,0.5130386307229415,0.07990446829026066,2.5894445681549167,0.153,5.724354477660304,6.0,0.024999999999999998,0.05627407538731279,0.9803921568627451,2.5587819402411256,2.5894445681549167,2.5922432801515147,7.976969774286806e-10,0.014287666590298653,0.2670876703957977,0.00010000011857921843,0.9677451612941477,1.0,0.0005912552900622074,0.9677610082351633,1.0,0.022263171355498768,0.9684601023017902,1.0,0.0,0.0,0.0,0.0,0.0,0.8328535195236065,-0.5130386307229415,0.5117563880482251,0.0075044928744897885
75.4,0.5131741139654433,0.5118069244008332,0.5130762236873502,0.07988478812946273,2.5897194003706376,0.153,5.724362155239605,6.0,0.024999999999999998,0.0562740279077241,0.9803921568627451,2.559034622004166,2.5897194003706376,2.592497869916543,7.953590006408691e-10,0.014284018397356952,0.2670339661609283,0.00010000011857921843,0.9677451612941477,1.0,0.0005912552900622074,0.9677610082351633,1.0,0.022263171355498768,0.9684601023017902,1.0,0.0,0.0,0.0,0.0,0.0,0.8328462180559244,-0.5130762236873502,0.5118069244008332,0.007498237245289022
75.60000000000001,0.5132103086891534,0.5118569483299569,0.5131134307409183,0.07986531148284737,2.5899914530652497,0.153,5.724369755009173,6.0,0.024999999999999998,0.05627398091125698,0.9803921568627451,2.559284741649784,2.5899914530652497,2.592749878369606,7.930511465542744e-10,0.014280407983256017,0.2669808132272596,0.00010000011857921843,0.9677451612941477,1.0,0.0005912552900622074,0.9677610082351633,1.0,0.022263171355498768,0.9684601023017902,1.0,0.0,0.0,0.0,0.0,0.0,0.8328389905912073,-0.5131134307409183,0.5118569483299569,0.00749204276108079
75.8,0.5132461317994469,0.5119064648911514,0.5131502557871064,0.07984603626102528,2.5902607535153144,0.153,5.724377277735886,6.0,0.024999999999999998,0.05627393439311021,0.9803921568627451,2.559532324455757,2.5902607535153144,2.5929993309748443,7.907729709097626e-10,0.014276834959048426,0.26692820601841943,0.00010000011857921843,0.9677451612941477,1.0,0.0005912552900622074,0.9677610082351633,1.0,0.022263171355498768,0.9684601023017902,1.0,0.0,0.0,0.0,0.0,0.0,0.8328318363999884,-0.5131502557871064,0.5119064648911514,0.007485908865045224
76.0,0.5132815870564194,0.5119554790929601,0.5131867026911158,0.07982696039573187,2.590527328746725,0.153,5.724384724179517,6.0,0.024999999999999998,0.056273888348527916,0.9803921568627451,2.5597773954648004,2.5905273287467256,2.5932462529596627,7.885240356188652e-10,0.014273298939741792,0.26687613901269164,0.00010000011857921843,0.9677451612941477,1.0,0.0005912552900622074,0.9677610082351633,1.0,0.022263171355498768,0.9684601023017902,1.0,0.0,0.0,0.0,0.0,0.0,0.8328247547595697,-0.5131867026911158,0.5119554790929601,0.007479835004592431
76.2,0.5133166781832827,0.5120039958972916,0.5132227752802374,0.07980808183962074,2.590791205536664,0.153,5.724392095092774,6.0,0.024999999999999998,0.056273842772799246,0.9803921568627451,2.560019979486458,2.590791205536664,2.5934906693166364,7.863039091704433e-10,0.014269799544259805,0.2668246067425179,0.00010000011857921843,0.9677451612941477,1.0,0.0005912552900622074,0.9677610082351633,1.0,0.022263171355498768,0.9684601023017902,1.0,0.0,0.0,0.0,0.0,0.0,0.8328177449539713,-0.5132227752802374,0.5120039958972916,0.007473820631349468
76.4,0.5133514088667048,0.5120520202197979,0.5132584773441982,0.07978939856605917,2.591052410415542,0.153,5.724399391221364,6.0,0.024999999999999998,0.056273797661257924,0.9803921568627451,2.560260101098989,2.591052410415542,2.5937326048054032,7.841121675804898e-10,0.014266336395403333,0.2667736037940026,0.00010000011857921843,0.9677451612941477,1.0,0.0005912552900622074,0.9677610082351633,1.0,0.022263171355498768,0.9684601023017902,1.0,0.0,0.0,0.0,0.0,0.0,0.832810806273873,-0.5132584773441982,0.5120520202197979,0.007467865201143717
76.60000000000001,0.5133857827571418,0.512099556930247,0.5132938126355042,0.07977090856892531,2.5913109696689443,0.153,5.72440661330405,6.0,0.024999999999999998,0.056273753009281925,0.9803921568627451,2.560497784651235,2.5913109696689443,2.5939720839545477,7.819483952768965e-10,0.014262909119811954,0.26672312480642263,0.00010000011857921843,0.9677451612941477,1.0,0.0005912552900622074,0.9677610082351633,1.0,0.022263171355498768,0.9684601023017902,1.0,0.0,0.0,0.0,0.0,0.0,0.8328039380165656,-0.5132938126355042,0.512099556930247,0.007461968173989586
76.80000000000001,0.5134198034691684,0.5121466108528977,0.5133287848697826,0.07975260986240727,2.5915669093395532,0.153,5.724413762072708,6.0,0.024999999999999998,0.0562737088122931,0.9803921568627451,2.5607330542644884,2.5915669093395532,2.5942091310634763,7.798121853514831e-10,0.014259517347925995,0.2666731644717391,0.00010000011857921843,0.9677451612941477,1.0,0.0005912552900622074,0.9677610082351633,1.0,0.022263171355498768,0.9684601023017902,1.0,0.0,0.0,0.0,0.0,0.0,0.8327971394858928,-0.5133287848697826,0.5121466108528977,0.007456129014070981
77.0,0.5134534745818128,0.5121931867668688,0.5133633977261194,0.07973450048080406,2.5918202552290808,0.153,5.724420838252373,6.0,0.024999999999999998,0.05627366506575675,0.9803921568627451,2.5609659338343436,2.5918202552290808,2.594443770204291,7.777031389635404e-10,0.014256160713948862,0.2666237175341152,0.00010000011857921843,0.9677451612941477,1.0,0.0005912552900622074,0.9677610082351633,1.0,0.022263171355498768,0.9684601023017902,1.0,0.0,0.0,0.0,0.0,0.0,0.832790409992202,-0.5133633977261194,0.5121931867668688,0.007450347189729552
77.2,0.5134867996388766,0.5122392894065085,0.5133976548473954,0.07971657847832825,2.5920710329001695,0.153,5.724427842561311,6.0,0.024999999999999998,0.056273621765181324,0.9803921568627451,2.561196447032543,2.5920710329001695,2.594676025223638,7.756208641479965e-10,0.014252838855809621,0.2665747787894351,0.00010000011857921843,0.9677451612941477,1.0,0.0005912552900622074,0.9677610082351633,1.0,0.022263171355498768,0.9684601023017902,1.0,0.0,0.0,0.0,0.0,0.0,0.8327837488522877,-0.5133976548473954,0.5122392894065085,0.007444622173445144
77.4,0.5135197821492653,0.5122849234617631,0.5134315598406199,0.0796988419289105,2.592319267678307,0.153,5.724434775711061,6.0,0.024999999999999998,0.056273578906118005,0.9803921568627451,2.5614246173088153,2.592319267678307,2.594905919744558,7.735649746090345e-10,0.014249551415126007,0.26652634308482864,0.00010000011857921843,0.9677451612941477,1.0,0.0005912552900622074,0.9677610082351633,1.0,0.022263171355498768,0.9684601023017902,1.0,0.0,0.0,0.0,0.0,0.0,0.8327771553893426,-0.5134315598406199,0.5122849234617631,0.007438953441819835
77.60000000000001,0.5135524255873067,0.5123300935785396,0.5134651162772611,0.07968128892600583,2.5925649846537198,0.153,5.724441638406492,6.0,0.024999999999999998,0.05627353648416039,0.9803921568627451,2.561650467892698,2.5925649846537198,2.5951334771683277,7.715350890869694e-10,0.01424629803716783,0.2664784053181984,0.00010000011857921843,0.9677451612941477,1.0,0.0005912552900622074,0.9677610082351633,1.0,0.022263171355498768,0.9684601023017902,1.0,0.0,0.0,0.0,0.0,0.0,0.8327706289329024,-0.5134651162772611,0.5123300935785396,0.007433340475563156
77.80000000000001,0.5135847333930699,0.5123748043590712,0.5134983276935742,0.07966391758240175,2.5928082086832593,0.153,5.7244484313458655,6.0,0.024999999999999998,0.05627349449494405,0.9803921568627451,2.561874021795356,2.59280820868326,2.595358720676285,7.695308315701782e-10,0.014243078370820636,0.26643096043775116,0.00010000011857921843,0.9677451612941477,1.0,0.0005912552900622074,0.9677610082351633,1.0,0.022263171355498768,0.9684601023017902,1.0,0.0,0.0,0.0,0.0,0.0,0.8327641688187936,-0.5134983276935742,0.5123748043590712,0.0074277827594738215
78.0,0.5136167089726855,0.5124190603622779,0.5135311975909271,0.07964672603002794,2.5930489643922834,0.153,5.724455155220881,6.0,0.024999999999999998,0.056273452934146255,0.9803921568627451,2.5620953018113894,2.5930489643922834,2.59558167323165,7.67551832160051e-10,0.01423989206854973,0.2663840034415326,0.00010000011857921843,0.9677451612941477,1.0,0.0005912552900622074,0.9677610082351633,1.0,0.022263171355498768,0.9684601023017902,1.0,0.0,0.0,0.0,0.0,0.0,0.8327577743890854,-0.5135311975909271,0.5124190603622779,0.007422279782422667
78.2,0.5136483556986562,0.5124628661041253,0.513563729436124,0.07962971241976782,2.593287276176525,0.153,5.724461810716738,6.0,0.024999999999999998,0.056273411797485594,0.9803921568627451,2.562314330520626,2.593287276176525,2.595802357581333,7.655977280407784e-10,0.014236738786364556,0.26633752937696553,0.00010000011857921843,0.9677451612941477,1.0,0.0005912552900622074,0.9677610082351633,1.0,0.022263171355498768,0.9684601023017902,1.0,0.0,0.0,0.0,0.0,0.0,0.8327514449920331,-0.513563729436124,0.5124628661041253,0.007416831037335386
78.4,0.5136796769101709,0.5125062260579833,0.5135959266617254,0.07961287492127192,2.5935231682039546,0.153,5.724468398512178,6.0,0.024999999999999998,0.05627337108072155,0.9803921568627451,2.5625311302899165,2.5935231682039546,2.596020796257731,7.636681639524459e-10,0.014233618183783405,0.2662915333403924,0.00010000011857921843,0.9677451612941477,1.0,0.0005912552900622074,0.9677610082351633,1.0,0.022263171355498768,0.9684601023017902,1.0,0.0,0.0,0.0,0.0,0.0,0.8327451799820293,-0.5135959266617254,0.5125062260579833,0.007411436021173363
78.60000000000001,0.5137106759134148,0.512549144654981,0.5136277926663658,0.07959621172277273,2.5937566644166288,0.153,5.724474919279552,6.0,0.024999999999999998,0.05627333077965426,0.9803921568627451,2.562745723274905,2.5937566644166288,2.5962370115805244,7.617627918431647e-10,0.014230529923798465,0.2662460104766203,0.00010000011857921843,0.9677451612941477,1.0,0.0005912552900622074,0.9677610082351633,1.0,0.022263171355498768,0.9684601023017902,1.0,0.0,0.0,0.0,0.0,0.0,0.8327389787195542,-0.5136277926663658,0.512549144654981,0.007406094234917779
78.80000000000001,0.5137413559818743,0.5125916262843595,0.5136593308150705,0.07957972103090151,2.593987788532537,0.153,5.724481373684865,6.0,0.024999999999999998,0.056273290890124054,0.9803921568627451,2.5629581314217975,2.593987788532537,2.59645102565845,7.598812698299286e-10,0.01422747367284117,0.26620095597847065,0.00010000011857921843,0.9677451612941477,1.0,0.0005912552900622074,0.9677610082351633,1.0,0.022263171355498768,0.9684601023017902,1.0,0.0,0.0,0.0,0.0,0.0,0.8327328405711231,-0.5136593308150705,0.5125916262843595,0.007400805183550894
79.0,0.5137717203566434,0.512633675293825,0.5136905444395673,0.07956340107050659,2.5942165640474317,0.153,5.724487762387834,6.0,0.024999999999999998,0.05627325140801121,0.9803921568627451,2.563168376469125,2.5942165640474317,2.59666286039107,7.580232609784205e-10,0.014224449100747903,0.2661563650863323,0.00010000011857921843,0.9677451612941477,1.0,0.0005912552900622074,0.9677610082351633,1.0,0.022263171355498768,0.9684601023017902,1.0,0.0,0.0,0.0,0.0,0.0,0.8327267649092354,-0.5136905444395673,0.512633675293825,0.007395568376034947
79.2,0.5138017722467245,0.5126752959898967,0.5137214368385981,0.07954725008447348,2.594443014236653,0.153,5.724494086041933,6.0,0.024999999999999998,0.05627321232923548,0.9803921568627451,2.563376479949483,2.5944430142366532,2.5968725374705355,7.561884325104088e-10,0.01422145588072601,0.2661122330877171,0.00010000011857921843,0.9677451612941477,1.0,0.0005912552900622074,0.9677610082351633,1.0,0.022263171355498768,0.9684601023017902,1.0,0.0,0.0,0.0,0.0,0.0,0.8327207511123247,-0.5137214368385981,0.5126752959898967,0.007390383325295902
79.4,0.5138315148293298,0.512716492638255,0.5137520112782255,0.07953126633354657,2.594667162156945,0.153,5.724500345294454,6.0,0.024999999999999998,0.0562731736497559,0.9803921568627451,2.563582463191275,2.5946671621569455,2.5970800783833323,7.543764558110175e-10,0.014218493689320173,0.2660685553168207,0.00010000011857921843,0.9677451612941477,1.0,0.0005912552900622074,0.9677610082351633,1.0,0.022263171355498768,0.9684601023017902,1.0,0.0,0.0,0.0,0.0,0.0,0.832714798564713,-0.5137520112782255,0.512716492638255,0.007385249548204262
79.60000000000001,0.5138609512501768,0.5127572694640877,0.5137822709921404,0.07951544809615244,2.594889030648257,0.153,5.724506540786558,6.0,0.024999999999999998,0.056273135365570305,0.9803921568627451,2.5637863473204385,2.594889030648257,2.5972855044120196,7.525870071683444e-10,0.01421556220637901,0.2660253271540852,0.00010000011857921843,0.9677451612941477,1.0,0.0005912552900622074,0.9677610082351633,1.0,0.022263171355498768,0.9684601023017902,1.0,0.0,0.0,0.0,0.0,0.0,0.8327089066565537,-0.5137822709921404,0.5127572694640877,0.007380166565553609
79.80000000000001,0.5138900846237852,0.5127976306524317,0.5138122191819632,0.07949979366822499,2.5951086423355405,0.153,5.724512673153319,6.0,0.024999999999999998,0.056273097472715056,0.9803921568627451,2.5639881532621582,2.595108642335541,2.5974888366369617,7.508197687773122e-10,0.014212661115022106,0.2659825440257669,0.00010000011857921843,0.9677451612941477,1.0,0.0005912552900622074,0.9677610082351633,1.0,0.022263171355498768,0.9684601023017902,1.0,0.0,0.0,0.0,0.0,0.0,0.832703074783788,-0.5138122191819632,0.5127976306524317,0.007375133902044802
80.0,0.5139189180337682,0.5128375803485156,0.513841859017546,0.0794843013630319,2.5953260196305363,0.153,5.724518743023783,6.0,0.024999999999999998,0.05627305996726475,0.9803921568627451,2.564187901742578,2.5953260196305363,2.5976900959380447,7.490744293980455e-10,0.014209790101607273,0.26594020140350577,0.00010000011857921843,0.9677451612941477,1.0,0.0005912552900622074,0.9677610082351633,1.0,0.022263171355498768,0.9684601023017902,1.0,0.0,0.0,0.0,0.0,0.0,0.8326973023480946,-0.513841859017546,0.5128375803485156,0.007370151086263315
80.2,0.5139474545331216,0.5128771226580986,0.5138711936372695,0.07946896951100314,2.5955411847335457,0.153,5.7245247510210175,6.0,0.024999999999999998,0.05627302284533175,0.9803921568627451,2.5643856132904927,2.5955411847335457,2.5978893029963794,7.473506842529897e-10,0.014206948855698176,0.2658982948039007,0.00010000011857921843,0.9677451612941477,1.0,0.0005912552900622074,0.9677610082351633,1.0,0.022263171355498768,0.9684601023017902,1.0,0.0,0.0,0.0,0.0,0.0,0.8326915887568402,-0.5138711936372695,0.5128771226580986,0.007365217650659598
80.4,0.5139756971445152,0.5129162616478079,0.5139002261483399,0.0794537964595606,2.5957541596352005,0.153,5.724530697762163,6.0,0.024999999999999998,0.05627298610306598,0.9803921568627451,2.564581308239039,2.595754159635201,2.598086478296008,7.456482341683671e-10,0.014204137070032211,0.26585681978808595,0.00010000011857921843,0.9677451612941477,1.0,0.0005912552900622074,0.9677610082351633,1.0,0.022263171355498768,0.9684601023017902,1.0,0.0,0.0,0.0,0.0,0.0,0.8326859334230305,-0.5139002261483399,0.5129162616478079,0.0073603331315308974
80.60000000000001,0.5140036488605748,0.5129550013454737,0.5139289596270812,0.07943878057294959,2.595964966118216,0.153,5.724536583858479,6.0,0.024999999999999998,0.05627294973665456,0.9803921568627451,2.564775006727368,2.595964966118216,2.598281642125584,7.439667843817531e-10,0.014201354440488766,0.2658157719613126,0.00010000011857921843,0.9677451612941477,1.0,0.0005912552900622074,0.9677610082351633,1.0,0.022263171355498768,0.9684601023017902,1.0,0.0,0.0,0.0,0.0,0.0,0.8326803357652651,-0.5139289596270812,0.5129550013454737,0.007355497068999701
80.80000000000001,0.5140313126441667,0.5129933457404625,0.5139573971192274,0.07942392023207186,2.596173625759138,0.153,5.7245424099154025,6.0,0.024999999999999998,0.05627291374232142,0.9803921568627451,2.5649667287023123,2.596173625759138,2.5984748145800514,7.423060436201418e-10,0.014198600666057704,0.26577514697253224,0.00010000011857921843,0.9677451612941477,1.0,0.0005912552900622074,0.9677610082351633,1.0,0.022263171355498768,0.9684601023017902,1.0,0.0,0.0,0.0,0.0,0.0,0.8326747952076862,-0.5139573971192274,0.5129933457404625,0.00735070900699243
81.0,0.5140586914286788,0.5130312987840079,0.5139855416402102,0.07940921383432013,2.5963801599300798,0.153,5.724548176532586,6.0,0.024999999999999998,0.05627287811632703,0.9803921568627451,2.5651564939200395,2.5963801599300798,2.598666015562314,7.406657239025071e-10,0.014195875448808164,0.26573494051398544,0.00010000011857921843,0.9677451612941477,1.0,0.0005912552900622074,0.9677610082351633,1.0,0.022263171355498768,0.9684601023017902,1.0,0.0,0.0,0.0,0.0,0.0,0.8326693111799316,-0.5139855416402102,0.5130312987840079,0.0073459684932221025
81.2,0.5140857881182981,0.5130688643895399,0.5140133961754454,0.07939465979341426,2.596584589800445,0.153,5.724553884303963,6.0,0.024999999999999998,0.056272842854968086,0.9803921568627451,2.5653443219476992,2.596584589800445,2.598855264784886,7.390455411218787e-10,0.014193178493857742,0.2656951483207923,0.00010000011857921843,0.9677451612941477,1.0,0.0005912552900622074,0.9677610082351633,1.0,0.022263171355498768,0.9684601023017902,1.0,0.0,0.0,0.0,0.0,0.0,0.83266388311709,-0.5140133961754454,0.5130688643895399,0.007341275079164748
81.4,0.5141126055882873,0.5131060464330108,0.5140409636806168,0.07938025653923896,2.596786936338647,0.153,5.72455953381778,6.0,0.024999999999999998,0.05627280795457712,0.9803921568627451,2.565530232165054,2.596786936338647,2.5990425817715397,7.374452160346056e-10,0.014190509509341873,0.26565576617054737,0.00010000011857921843,0.9677451612941477,1.0,0.0005912552900622074,0.9677610082351633,1.0,0.022263171355498768,0.9684601023017902,1.0,0.0,0.0,0.0,0.0,0.0,0.8326585104596523,-0.5140409636806168,0.5131060464330108,0.0073366283200392065
81.60000000000001,0.51413914668526,0.5131428487532215,0.5140682470819575,0.07936600251768293,2.59698722031381,0.153,5.724565125656661,6.0,0.024999999999999998,0.05627277341152227,0.9803921568627451,2.565714243766107,2.59698722031381,2.5992279858589415,7.358644750636754e-10,0.014187868206383535,0.26561678988291776,0.00010000011857921843,0.9677451612941477,1.0,0.0005912552900622074,0.9677610082351633,1.0,0.022263171355498768,0.9684601023017902,1.0,0.0,0.0,0.0,0.0,0.0,0.832653192653463,-0.5140682470819575,0.5131428487532215,0.007332027774787407
81.80000000000001,0.5141654142274502,0.5131792751521425,0.5140952492765293,0.07935189619047948,2.597185462297466,0.153,5.724570660397647,6.0,0.024999999999999998,0.056272739222206894,0.9803921568627451,2.5658963757607123,2.597185462297466,2.599411496198276,7.343030504289589e-10,0.014185254299063248,0.2655782153192438,0.00010000011857921843,0.9677451612941477,1.0,0.0005912552900622074,0.9677610082351633,1.0,0.022263171355498768,0.9684601023017902,1.0,0.0,0.0,0.0,0.0,0.0,0.8326479291496784,-0.5140952492765293,0.5131792751521425,0.007327473006052516
82.0,0.5141914110049817,0.5132153293952356,0.5141219731324995,0.07933793603504884,2.597381682665246,0.153,5.7245761386122425,6.0,0.024999999999999998,0.05627270538306927,0.9803921568627451,2.566076646976178,2.597381682665246,2.599593131756856,7.327606794902873e-10,0.014182667504389353,0.26554003838214363,0.00010000011857921843,0.9677451612941477,1.0,0.0005912552900622074,0.9677610082351633,1.0,0.022263171355498768,0.9684601023017902,1.0,0.0,0.0,0.0,0.0,0.0,0.8326427194047156,-0.5141219731324995,0.5132153293952356,0.007322963580156916
82.2,0.5142171397801372,0.5132510152117724,0.5141484214894145,0.07932412054434183,2.597575901598543,0.153,5.724581560866475,6.0,0.024999999999999998,0.056272671890582306,0.9803921568627451,2.566255076058862,2.597575901598543,2.5997729113197305,7.312371036231512e-10,0.014180107542268628,0.265502255015122,0.00010000011857921843,0.9677451612941477,1.0,0.0005912552900622074,0.9677610082351633,1.0,0.022263171355498768,0.9684601023017902,1.0,0.0,0.0,0.0,0.0,0.0,0.8326375628802112,-0.5141484214894145,0.5132510152117724,0.007318499067082654
82.4,0.514242603287622,0.5132863362951497,0.5141745971584736,0.07931044822668507,2.5977681390861838,0.153,5.72458692772093,6.0,0.024999999999999998,0.0562726387412532,0.9803921568627451,2.566431681475749,2.5977681390861838,2.5999508534912747,7.297320672029946e-10,0.014177574135477102,0.2654648612021806,0.00010000011857921843,0.9677451612941477,1.0,0.0005912552900622074,0.9677610082351633,1.0,0.022263171355498768,0.9684601023017902,1.0,0.0,0.0,0.0,0.0,0.0,0.8326324590429721,-0.5141745971584736,0.5132863362951497,0.007314079040448587
82.60000000000001,0.5142678042348247,0.5133212963032044,0.5142005029227968,0.07929691760562742,2.597958414926084,0.153,5.724592239730806,6.0,0.024999999999999998,0.056272605931623164,0.9803921568627451,2.566606481516022,2.597958414926084,2.600126976696775,7.28245317212564e-10,0.01417506700963119,0.26542785296743293,0.00010000011857921843,0.9677451612941477,1.0,0.0005912552900622074,0.9677610082351633,1.0,0.022263171355498768,0.9684601023017902,1.0,0.0,0.0,0.0,0.0,0.0,0.8326274073649329,-0.5142005029227968,0.5133212963032044,0.0073097030774913006
82.80000000000001,0.514292745302081,0.5133558988585261,0.5142261415376947,0.07928352721978832,2.5981467487268906,0.153,5.72459749744596,6.0,0.024999999999999998,0.0562725734582671,0.9803921568627451,2.5667794942926303,2.5981467487268906,2.600301299183993,7.267766036430264e-10,0.014172585893159142,0.26539122637472184,0.00010000011857921843,0.9677451612941477,1.0,0.0005912552900622074,0.9677610082351633,1.0,0.022263171355498768,0.9684601023017902,1.0,0.0,0.0,0.0,0.0,0.0,0.8326224073231101,-0.5142261415376947,0.5133558988585261,0.007305370759038847
83.0,0.5143174291429293,0.5133901475487661,0.5142515157309314,0.07927027562270715,2.598333159909612,0.153,5.724602701410953,6.0,0.024999999999999998,0.05627254131779323,0.9803921568627451,2.5669507377438303,2.598333159909612,2.600473839024736,7.253256804236657e-10,0.014170130517272709,0.2653549775272408,0.00010000011857921843,0.9677451612941477,1.0,0.0005912552900622074,0.9677610082351633,1.0,0.022263171355498768,0.9684601023017902,1.0,0.0,0.0,0.0,0.0,0.0,0.8326174583995576,-0.5142515157309314,0.5133901475487661,0.007301081669494512
83.2,0.5143418583843671,0.5134240459269457,0.5142766282029894,0.07925716138269424,2.5985176677092454,0.153,5.724607852165097,6.0,0.024999999999999998,0.05627250950684298,0.9803921568627451,2.567120229634728,2.5985176677092454,2.6006446141164017,7.238923063267545e-10,0.014167700615939116,0.2653191025671579,0.00010000011857921843,0.9677451612941477,1.0,0.0005912552900622074,0.9677610082351633,1.0,0.022263171355498768,0.9684601023017902,1.0,0.0,0.0,0.0,0.0,0.0,0.8326125600813215,-0.5142766282029894,0.5134240459269457,0.007296835396812579
83.4,0.5143660356271054,0.5134575975117628,0.5143014816273296,0.07924418308268327,2.5987002911763866,0.153,5.724612950242505,6.0,0.024999999999999998,0.056272478022090455,0.9803921568627451,2.5672879875588137,2.5987002911763866,2.60081364218352,7.224762453113407e-10,0.014165295925853296,0.2652835976752434,0.00010000011857921843,0.9677451612941477,1.0,0.0005912552900622074,0.9677610082351633,1.0,0.022263171355498768,0.9684601023017902,1.0,0.0,0.0,0.0,0.0,0.0,0.8326077118603978,-0.5143014816273296,0.5134575975117628,0.007292631532476395
83.60000000000001,0.5143899634458201,0.513490805787895,0.5143260786506495,0.07923133932008494,2.5988810491788366,0.153,5.724617996172126,6.0,0.024999999999999998,0.05627244686024229,0.9803921568627451,2.5674540289394745,2.598881049178837,2.6009809407792783,7.210772660812758e-10,0.014162916186410413,0.2652484590705006,0.00010000011857921843,0.9677451612941477,1.0,0.0005912552900622074,0.9677610082351633,1.0,0.022263171355498768,0.9684601023017902,1.0,0.0,0.0,0.0,0.0,0.0,0.8326029132336881,-0.5143260786506495,0.513490805787895,0.0072884696714758
83.80000000000001,0.5144136443894011,0.5135236742063006,0.5143504218931406,0.07921862870664229,2.5990599604031854,0.153,5.7246229904778065,6.0,0.024999999999999998,0.05627241601803732,0.9803921568627451,2.5676183710315033,2.5990599604031854,2.601146527287046,7.196951410662752e-10,0.014160561139678616,0.26521368300979903,0.00010000011857921843,0.9677451612941477,1.0,0.0005912552900622074,0.9677610082351633,1.0,0.022263171355498768,0.9684601023017902,1.0,0.0,0.0,0.0,0.0,0.0,0.8325981637029563,-0.5143504218931406,0.5135236742063006,0.007284349412287839
84.0,0.5144370809811993,0.5135562061845199,0.5143745139487419,0.07920604986828703,2.599237043356403,0.153,5.724627933678323,6.0,0.024999999999999998,0.056272385492246245,0.9803921568627451,2.5677810309225992,2.599237043356403,2.601310418921878,7.183296453515106e-10,0.014158230530372068,0.26517926578751166,0.00010000011857921843,0.9677451612941477,1.0,0.0005912552900622074,0.9677610082351633,1.0,0.022263171355498768,0.9684601023017902,1.0,0.0,0.0,0.0,0.0,0.0,0.8325934627747842,-0.5143745139487419,0.5135562061845199,0.007280270356852729
84.2,0.514460275719272,0.5135884051069705,0.5143983573853912,0.07919360144499774,2.5994123163674017,0.153,5.72463282628743,6.0,0.024999999999999998,0.05627235527967141,0.9803921568627451,2.5679420255348524,2.5994123163674017,2.6014726327320132,7.169805561077783e-10,0.014155924105824266,0.26514520373515543,0.00010000011857921843,0.9677451612941477,1.0,0.0005912552900622074,0.9677610082351633,1.0,0.022263171355498768,0.9684601023017902,1.0,0.0,0.0,0.0,0.0,0.0,0.8325888099605311,-0.5143983573853912,0.5135884051069705,0.007276232110552192
84.4,0.5144832310766264,0.513620274325244,0.5144219547452763,0.0791812820906589,2.599585797588601,0.153,5.72463766881391,6.0,0.024999999999999998,0.056272325377146465,0.9803921568627451,2.56810137162622,2.599585797588601,2.6016331856003636,7.156476527974303e-10,0.014153641615961597,0.2651114932210338,0.00010000011857921843,0.9677451612941477,1.0,0.0005912552900622074,0.9677610082351633,1.0,0.022263171355498768,0.9684601023017902,1.0,0.0,0.0,0.0,0.0,0.0,0.8325842047762892,-0.5144219547452763,0.513620274325244,0.007272234282188448
84.60000000000001,0.5145059495014598,0.5136518171583994,0.5144453085450816,0.07916909047292173,2.5997575049974784,0.153,5.72464246176161,6.0,0.024999999999999998,0.05627229578153608,0.9803921568627451,2.5682590857919965,2.599757504997479,2.6017920942459876,7.143307180046048e-10,0.014151382813277146,0.2650781306498832,0.00010000011857921843,0.9677451612941477,1.0,0.0005912552900622074,0.9677610082351633,1.0,0.022263171355498768,0.9684601023017902,1.0,0.0,0.0,0.0,0.0,0.0,0.832579646742843,-0.5144453085450816,0.5136518171583994,0.007268276483960613
84.80000000000001,0.5145284334173997,0.5136830368932531,0.514468421276234,0.07915702527306591,2.5999274563981056,0.153,5.7246472056294895,6.0,0.024999999999999998,0.05627226648973569,0.9803921568627451,2.5684151844662653,2.5999274563981056,2.6019493752255576,7.130295383968074e-10,0.014149147452804762,0.26504511246252277,0.00010000011857921843,0.9677451612941477,1.0,0.0005912552900622074,0.9677610082351633,1.0,0.022263171355498768,0.9684601023017902,1.0,0.0,0.0,0.0,0.0,0.0,0.8325751353856266,-0.514468421276234,0.5136830368932531,0.007264358331443963
85.0,0.5145506852237377,0.5137139367846689,0.5144912954051456,0.07914508518586309,2.6000956694226782,0.153,5.724651900911668,6.0,0.024999999999999998,0.056272237498671204,0.9803921568627451,2.5685696839233447,2.6000956694226782,2.6021050449348135,7.117439052558133e-10,0.01414693529209339,0.2650124351355062,0.00010000011857921843,0.9677451612941477,1.0,0.0005912552900622074,0.9677610082351633,1.0,0.022263171355498768,0.9684601023017902,1.0,0.0,0.0,0.0,0.0,0.0,0.8325706702346815,-0.5144912954051456,0.5137139367846689,0.0072604794435666324
85.2,0.5145727072956673,0.513744520055845,0.5145139333734556,0.07913326891944134,2.600262161533038,0.153,5.724656548097458,6.0,0.024999999999999998,0.05627220880529869,0.9803921568627451,2.568722600279225,2.600262161533038,2.6022591196100113,7.104736142557911e-10,0.014144746091181656,0.26498009518077775,0.00010000011857921843,0.9677451612941477,1.0,0.0005912552900622074,0.9677610082351633,1.0,0.022263171355498768,0.9684601023017902,1.0,0.0,0.0,0.0,0.0,0.0,0.8325662508246175,-0.5145139333734556,0.513744520055845,0.007256639442588765
85.4,0.5145945019845153,0.5137747898985983,0.514536337598269,0.07912157519515109,2.6004269500221753,0.153,5.724661147671417,6.0,0.024999999999999998,0.05627218040660418,0.9803921568627451,2.5688739494929913,2.6004269500221757,2.602411615329354,7.092184645822434e-10,0.014142579612572651,0.2649480891453299,0.00010000011857921843,0.9677451612941477,1.0,0.0005912552900622074,0.9677610082351633,1.0,0.022263171355498768,0.9684601023017902,1.0,0.0,0.0,0.0,0.0,0.0,0.8325618766945693,-0.514536337598269,0.5137747898985983,0.007252837954079852
85.60000000000001,0.5146160716179712,0.5138047494736474,0.514558510472394,0.0791100027474323,2.600590052015731,0.153,5.724665700113389,6.0,0.024999999999999998,0.05627215229960328,0.9803921568627451,2.569023747368237,2.600590052015731,2.6025625480144163,7.079782578476099e-10,0.014140435621209039,0.26491641361086576,0.00010000011857921843,0.9677451612941477,1.0,0.0005912552900622074,0.9677610082351633,1.0,0.022263171355498768,0.9684601023017902,1.0,0.0,0.0,0.0,0.0,0.0,0.832557547388157,-0.514558510472394,0.5138047494736474,0.00724907460689561
85.80000000000001,0.5146374185003167,0.5138344019108935,0.514580454364576,0.07909855032368301,2.6007514844734803,0.153,5.724670205898545,6.0,0.024999999999999998,0.05627212448134098,0.9803921568627451,2.569172009554467,2.6007514844734803,2.6027119334315585,7.067527973695663e-10,0.01413831388444836,0.26488506519346294,0.00010000011857921843,0.9677451612941477,1.0,0.0005912552900622074,0.9677610082351633,1.0,0.022263171355498768,0.9684601023017902,1.0,0.0,0.0,0.0,0.0,0.0,0.832553262453446,-0.514580454364576,0.5138344019108935,0.0072453490331578635
86.0,0.5146585449126545,0.5138637503096993,0.5146021716197313,0.07908721668412895,2.6009112641908145,0.153,5.724674665497424,6.0,0.024999999999999998,0.0562720969488914,0.9803921568627451,2.5693187515484963,2.6009112641908145,2.6028597871933314,7.055418881767343e-10,0.014136214172038565,0.26485404054324085,0.00010000011857921843,0.9677451612941477,1.0,0.0005912552900622074,0.9677610082351633,1.0,0.022263171355498768,0.9684601023017902,1.0,0.0,0.0,0.0,0.0,0.0,0.8325490214429058,-0.5146021716197313,0.5138637503096993,0.007241660868230243
86.2,0.5146794531131285,0.5138927977391655,0.5146236645591779,0.07907600060169463,2.6010694078001997,0.153,5.724679079375977,6.0,0.024999999999999998,0.05627206969935741,0.9803921568627451,2.5694639886958277,2.6010694078001997,2.6030061247598644,7.04345337705855e-10,0.014134136256093834,0.26482333634403166,0.00010000011857921843,0.9677451612941477,1.0,0.0005912552900622074,0.9677610082351633,1.0,0.022263171355498768,0.9684601023017902,1.0,0.0,0.0,0.0,0.0,0.0,0.8325448239133717,-0.5146236645591779,0.5138927977391655,0.007238009750696978
86.4,0.5147001453371486,0.5139215472384046,0.5146449354808632,0.07906490086187551,2.6012259317726416,0.153,5.724683447995607,6.0,0.024999999999999998,0.05627204272987049,0.9803921568627451,2.569607736192023,2.6012259317726416,2.6031509614402535,7.031629567754524e-10,0.014132079911070586,0.26479294931305253,0.00010000011857921843,0.9677451612941477,1.0,0.0005912552900622074,0.9677610082351633,1.0,0.022263171355498768,0.9684601023017902,1.0,0.0,0.0,0.0,0.0,0.0,0.832540669426004,-0.5146449354808632,0.5139215472384046,0.007234395322341869
86.60000000000001,0.5147206237976109,0.5139500018168143,0.514665986659592,0.07905391626261152,2.6013808524191226,0.153,5.7246877718132145,6.0,0.024999999999999998,0.056272016037590404,0.9803921568627451,2.5697500090840713,2.6013808524191226,2.603294312393928,7.019945602716936e-10,0.014130044913743759,0.2647628762005829,0.00010000011857921843,0.9677451612941477,1.0,0.0005912552900622074,0.9677610082351633,1.0,0.022263171355498768,0.9684601023017902,1.0,0.0,0.0,0.0,0.0,0.0,0.8325365575462484,-0.514665986659592,0.5139500018168143,0.007230817228123705
86.80000000000001,0.514740890685118,0.513978164454348,0.5146868203472501,0.07904304561416167,2.6015341858920427,0.153,5.72469205128123,6.0,0.024999999999999998,0.05627198961970491,0.9803921568627451,2.5698908222717396,2.601534185892043,2.603436192632018,7.008399671435139e-10,0.01412803104318329,0.26473311378964276,0.00010000011857921843,0.9677451612941477,1.0,0.0005912552900622074,0.9677610082351633,1.0,0.022263171355498768,0.9684601023017902,1.0,0.0,0.0,0.0,0.0,0.0,0.8325324878437994,-0.5146868203472501,0.513978164454348,0.00722727511615653
87.0,0.5147609481681924,0.5140060381017824,0.5147074387730279,0.07903228773898004,2.601685948186641,0.153,5.724696286847664,6.0,0.024999999999999998,0.05627196347342957,0.9803921568627451,2.570030190508912,2.601685948186641,2.6035766170187005,6.996989996859386e-10,0.014126038080730863,0.2647036588956743,0.00010000011857921843,0.9677451612941477,1.0,0.0005912552900622074,0.9677610082351633,1.0,0.022263171355498768,0.9684601023017902,1.0,0.0,0.0,0.0,0.0,0.0,0.8325284598925597,-0.5147074387730279,0.5140060381017824,0.007223768637685951
87.2,0.5147807983934936,0.5140336256809847,0.5147278441436408,0.07902164147159293,2.601836155142413,0.153,5.724700478956143,6.0,0.024999999999999998,0.05627193759600743,0.9803921568627451,2.5701681284049234,2.601836155142413,2.6037156002725417,6.98571482482166e-10,0.01412406580997688,0.26467450836622747,0.00010000011857921843,0.9677451612941477,1.0,0.0005912552900622074,0.9677610082351633,1.0,0.022263171355498768,0.9684601023017902,1.0,0.0,0.0,0.0,0.0,0.0,0.8325244732706025,-0.5147278441436408,0.5140336256809847,0.007220297447066943
87.4,0.5148004434860304,0.5140609300851765,0.5147480386435469,0.07901110565847713,2.6019848224445115,0.153,5.724704628045942,6.0,0.024999999999999998,0.056271911984708815,0.9803921568627451,2.5703046504258826,2.6019848224445115,2.603853156967834,6.974572415611572e-10,0.014122114016737604,0.26464565908064724,0.00010000011857921843,0.9677451612941477,1.0,0.0005912552900622074,0.9677610082351633,1.0,0.022263171355498768,0.9684601023017902,1.0,0.0,0.0,0.0,0.0,0.0,0.8325205275601326,-0.5147480386435469,0.5140609300851765,0.007216861201744201
87.60000000000001,0.5148198855493714,0.5140879541791964,0.5147680244351654,0.0790006791579393,2.6021319656251425,0.153,5.724708734552044,6.0,0.024999999999999998,0.05627188663683104,0.9803921568627451,2.5704397708959816,2.602131965625143,2.603989301535907,6.963561042069888e-10,0.014120182489032608,0.2646171079497637,0.00010000011857921843,0.9677451612941477,1.0,0.0005912552900622074,0.9677610082351633,1.0,0.022263171355498768,0.9684601023017902,1.0,0.0,0.0,0.0,0.0,0.0,0.83251662234745,-0.5147680244351654,0.5140879541791964,0.0072134595622269015
87.80000000000001,0.5148391266658541,0.5141147007997601,0.5147878036590905,0.07899036083999672,2.6022776000649475,0.153,5.724712798905155,6.0,0.024999999999999998,0.05627186154969812,0.9803921568627451,2.5705735039988,2.6022776000649475,2.604124048266446,6.952678994966497e-10,0.014118271017062376,0.2645888519155849,0.00010000011857921843,0.9677451612941477,1.0,0.0005912552900622074,0.9677610082351633,1.0,0.022263171355498768,0.9684601023017902,1.0,0.0,0.0,0.0,0.0,0.0,0.8325127572229114,-0.5147878036590905,0.5141147007997601,0.00721009219206796
88.0,0.5148581688967919,0.5141411727557185,0.5148073784343046,0.07898014958625911,2.60242174099438,0.153,5.724716821531762,6.0,0.024999999999999998,0.056271836720660634,0.9803921568627451,2.570705863778592,2.6024217409943806,2.6042574113087933,6.941924592429942e-10,0.014116379393186183,0.2645608879509934,0.00010000011857921843,0.9677451612941477,1.0,0.0005912552900622074,0.9677610082351633,1.0,0.022263171355498768,0.9684601023017902,1.0,0.0,0.0,0.0,0.0,0.0,0.832508931780894,-0.5148073784343046,0.5141411727557185,0.007206758757844944
88.2,0.5148770142826803,0.5141673728283148,0.5148267508583887,0.07897004428981162,2.6025644034950597,0.153,5.724720802854161,6.0,0.024999999999999998,0.05627181214709536,0.9803921568627451,2.570836864141574,2.60256440349506,2.6043894046732277,6.931296187990292e-10,0.014114507411900153,0.2645332130594446,0.00010000011857921843,0.9677451612941477,1.0,0.0005912552900622074,0.9677610082351633,1.0,0.022263171355498768,0.9684601023017902,1.0,0.0,0.0,0.0,0.0,0.0,0.832505145619758,-0.5148267508583887,0.5141673728283148,0.007203458929131251
88.4,0.5148956648433989,0.5141933037714383,0.5148459230077324,0.07896004385509883,2.602705602501139,0.153,5.724724743290502,6.0,0.024999999999999998,0.05627178782640512,0.9803921568627451,2.5709665188571917,2.6027056025011395,2.6045200422322603,6.920792172589772e-10,0.014112654869815538,0.264505824274668,0.00010000011857921843,0.9677451612941477,1.0,0.0005912552900622074,0.9677610082351633,1.0,0.022263171355498768,0.9684601023017902,1.0,0.0,0.0,0.0,0.0,0.0,0.832501398341809,-0.5148459230077324,0.5141933037714383,0.007200192378481979
88.60000000000001,0.5149141225784133,0.5142189683118764,0.5148648969377402,0.07895014719781013,2.6028453528006317,0.153,5.724728643254825,6.0,0.024999999999999998,0.05627176375601845,0.9803921568627451,2.5710948415593817,2.6028453528006317,2.604649337721895,6.910410969255249e-10,0.014110821565637234,0.2644787186603712,0.00010000011857921843,0.9677451612941477,1.0,0.0005912552900622074,0.9677610082351633,1.0,0.022263171355498768,0.9684601023017902,1.0,0.0,0.0,0.0,0.0,0.0,0.8324976895532641,-0.5148648969377402,0.5142189683118764,0.007196958781407669
88.80000000000001,0.5149323894669751,0.5142443691495652,0.5148836746830373,0.0789403532447659,2.6029836690367545,0.153,5.724732503157095,6.0,0.024999999999999998,0.05627173993338943,0.9803921568627451,2.571221845747826,2.602983669036755,2.604777304742891,6.900151023168568e-10,0.014109007300142492,0.26445189330994673,0.00010000011857921843,0.9677451612941477,1.0,0.0005912552900622074,0.9677610082351633,1.0,0.022263171355498768,0.9684601023017902,1.0,0.0,0.0,0.0,0.0,0.0,0.8324940188642134,-0.5148836746830373,0.5142443691495652,0.007193757816352754
89.0,0.5149504674683207,0.5142695089578385,0.5149022582576729,0.07893066093380527,2.6031205657092484,0.153,5.724736323403242,6.0,0.024999999999999998,0.0562717163559974,0.9803921568627451,2.5713475447891927,2.6031205657092484,2.6049039567620147,6.890010792389429e-10,0.01410721187615986,0.2644253453461816,0.00010000011857921843,0.9677451612941477,1.0,0.0005912552900622074,0.9677610082351633,1.0,0.022263171355498768,0.9684601023017902,1.0,0.0,0.0,0.0,0.0,0.0,0.8324903858885851,-0.5149022582576729,0.5142695089578385,0.007190589164674887
89.2,0.514968358521866,0.5142943903836734,0.5149206496553215,0.07892106921367438,2.6032560571756864,0.153,5.724740104395198,6.0,0.024999999999999998,0.056271693021346735,0.9803921568627451,2.571471951918367,2.6032560571756864,2.6050293071132824,6.879988744106872e-10,0.01410543509854828,0.2643990719209693,0.00010000011857921843,0.9677451612941477,1.0,0.0005912552900622074,0.9677610082351633,1.0,0.022263171355498768,0.9684601023017902,1.0,0.0,0.0,0.0,0.0,0.0,0.8324867902441115,-0.5149206496553215,0.5142943903836734,0.007187452510623758
89.4,0.5149860645474013,0.5143190160479353,0.5149388508494833,0.07891157704391617,2.6033901576527803,0.153,5.724743846530935,6.0,0.024999999999999998,0.05627166992696662,0.9803921568627451,2.571595080239676,2.6033901576527803,2.605153368999187,6.870083358239469e-10,0.014103676774176455,0.2643730702150237,0.00010000011857921843,0.9677451612941477,1.0,0.0005912552900622074,0.9677610082351633,1.0,0.022263171355498768,0.9684601023017902,1.0,0.0,0.0,0.0,0.0,0.0,0.8324832315522923,-0.5149388508494833,0.5143190160479353,0.007184347541317867
89.60000000000001,0.5150035874452824,0.5143433885456196,0.514956863793682,0.0789021833947611,2.603522881217671,0.153,5.724747550204502,6.0,0.024999999999999998,0.05627164707041082,0.9803921568627451,2.5717169427280977,2.603522881217671,2.60527615549192,6.860293136163456e-10,0.014101936711902375,0.26434733743759714,0.00010000011857921843,0.9677451612941477,1.0,0.0005912552900622074,0.9677610082351633,1.0,0.022263171355498768,0.9684601023017902,1.0,0.0,0.0,0.0,0.0,0.0,0.8324797094383576,-0.514956863793682,0.5143433885456196,0.007181273946723502
89.80000000000001,0.5150209290966252,0.5143675104460934,0.5149746904216598,0.07889288724701903,2.6036542418092097,0.153,5.724751215806059,6.0,0.024999999999999998,0.0562716244492574,0.9803921568627451,2.571837552230467,2.6036542418092097,2.6053976795345877,6.850616609546129e-10,0.014100214722553102,0.26432187082620034,0.00010000011857921843,0.9677451612941477,1.0,0.0005912552900622074,0.9677610082351633,1.0,0.022263171355498768,0.9684601023017902,1.0,0.0,0.0,0.0,0.0,0.0,0.8324762235312386,-0.5149746904216598,0.5143675104460934,0.007178231419634376
90.0,0.5150380913634904,0.5143913842933339,0.5149923326475732,0.07888368759197192,2.6037842532292346,0.153,5.724754843721912,6.0,0.024999999999999998,0.05627160206110855,0.9803921568627451,2.5719569214666693,2.6037842532292346,2.6055179539424063,6.841052344231736e-10,0.014098510618904672,0.26429666764632403,0.00010000011857921843,0.9677451612941477,1.0,0.0005912552900622074,0.9677610082351633,1.0,0.022263171355498768,0.9684601023017902,1.0,0.0,0.0,0.0,0.0,0.0,0.8324727734635287,-0.5149923326475732,0.5143913842933339,0.007175219655648212
90.2,0.515055076089074,0.5144150126061638,0.5150097923661847,0.07887458343126803,2.6039129291438288,0.153,5.724758434334556,6.0,0.024999999999999998,0.056271579903590364,0.9803921568627451,2.572075063030819,2.6039129291438288,2.6056369914039004,6.831598936872706e-10,0.014096824215662294,0.2642717251911647,0.00010000011857921843,0.9677451612941477,1.0,0.0005912552900622074,0.9677610082351633,1.0,0.022263171355498768,0.9684601023017902,1.0,0.0,0.0,0.0,0.0,0.0,0.8324693588714506,-0.5150097923661847,0.5144150126061638,0.007172238353148579
90.4,0.5150718850978913,0.5144383978784884,0.5150270714530539,0.0788655737768166,2.604040283084573,0.153,5.724761988022702,6.0,0.024999999999999998,0.05627155797435252,0.9803921568627451,2.5721919893924423,2.604040283084573,2.6057548044820793,6.822255005998406e-10,0.014095155329440643,0.26424704078135147,0.00010000011857921843,0.9677451612941477,1.0,0.0005912552900622074,0.9677610082351633,1.0,0.022263171355498768,0.9684601023017902,1.0,0.0,0.0,0.0,0.0,0.0,0.8324659793948231,-0.5150270714530539,0.5144383978784884,0.007169287213279372
90.60000000000001,0.515088520195959,0.5144615425795264,0.5150441717647266,0.0788566576506839,2.604166328449793,0.153,5.72476550516132,6.0,0.024999999999999998,0.056271536271068165,0.9803921568627451,2.572307712897632,2.604166328449793,2.6058714056156136,6.813019182264918e-10,0.014093503778744425,0.26422261176467626,0.00010000011857921843,0.9677451612941477,1.0,0.0005912552900622074,0.9677610082351633,1.0,0.022263171355498768,0.9684601023017902,1.0,0.0,0.0,0.0,0.0,0.0,0.8324626346770276,-0.5150441717647266,0.5144615425795264,0.00716636593992655
90.80000000000001,0.5151049831709827,0.5144844491540425,0.5150610951389216,0.0788478340849904,2.6042910785057867,0.153,5.724768986121664,6.0,0.024999999999999998,0.05627151479143365,0.9803921568627451,2.572422245770212,2.6042910785057867,2.605986807119999,6.803890103059848e-10,0.014091869383949124,0.2641984355158262,0.00010000011857921843,0.9677451612941477,1.0,0.0005912552900622074,0.9677610082351633,1.0,0.022263171355498768,0.9684601023017902,1.0,0.0,0.0,0.0,0.0,0.0,0.8324593243649744,-0.5150610951389216,0.5144844491540425,0.007163474239696296
91.0,0.5151212757925329,0.5145071200225751,0.5150778433947165,0.0788391021218087,2.6044145463880497,0.153,5.72477243127132,6.0,0.024999999999999998,0.05627149353316829,0.9803921568627451,2.5725356001128756,2.60441454638805,2.606101021188708,6.794866414223306e-10,0.014090251967281914,0.26417450943611925,0.00010000011857921843,0.9677451612941477,1.0,0.0005912552900622074,0.9677610082351633,1.0,0.022263171355498768,0.9684601023017902,1.0,0.0,0.0,0.0,0.0,0.0,0.8324560481090685,-0.5150778433947165,0.5145071200225751,0.0071606118218941785
91.2,0.5151373998122238,0.5145295575816652,0.5150944183327317,0.0788304608130625,2.6045367451024912,0.153,5.724775840974223,6.0,0.024999999999999998,0.056271472494014166,0.9803921568627451,2.572647787908326,2.6045367451024912,2.606214059894335,6.785946777727785e-10,0.014088651352802774,0.2641508309532403,0.00010000011857921843,0.9677451612941477,1.0,0.0005912552900622074,0.9677610082351633,1.0,0.022263171355498768,0.9684601023017902,1.0,0.0,0.0,0.0,0.0,0.0,0.8324528055631794,-0.5150944183327317,0.5145295575816652,0.007157778398502666
91.4,0.5151533569638944,0.5145517642040804,0.5151108217353126,0.07882190922042676,2.604657687526635,0.153,5.724779215590713,6.0,0.024999999999999998,0.05627145167173592,0.9803921568627451,2.572758821020402,2.604657687526635,2.6063259351897337,6.777129880895433e-10,0.014087067366385795,0.26412739752098197,0.00010000011857921843,0.9677451612941477,1.0,0.0005912552900622074,0.9677610082351633,1.0,0.022263171355498768,0.9684601023017902,1.0,0.0,0.0,0.0,0.0,0.0,0.832449596384607,-0.5151108217353126,0.5145517642040804,0.007154973684162958
91.60000000000001,0.5151691489637783,0.5145737422390393,0.5151270553667097,0.07881344641522858,2.6047773864108126,0.153,5.7247825554775496,6.0,0.024999999999999998,0.0562714310641205,0.9803921568627451,2.5728687111951962,2.6047773864108126,2.606436658909137,6.768414441911161e-10,0.014085499835700668,0.26410420661898615,0.00010000011857921843,0.9677451612941477,1.0,0.0005912552900622074,0.9677610082351633,1.0,0.022263171355498768,0.9684601023017902,1.0,0.0,0.0,0.0,0.0,0.0,0.8324464202340505,-0.5151270553667097,0.5145737422390393,0.007152197396150848
91.80000000000001,0.5151847775106834,0.5145954940124323,0.5151431209732574,0.07880507147834928,2.6048958543793503,0.153,5.724785860987953,6.0,0.024999999999999998,0.056271410668976986,0.9803921568627451,2.5729774700621615,2.6048958543793503,2.6065462427692823,6.759799208452832e-10,0.014083948590194352,0.2640812557524895,0.00010000011857921843,0.9677451612941477,1.0,0.0005912552900622074,0.9677610082351633,1.0,0.022263171355498768,0.9684601023017902,1.0,0.0,0.0,0.0,0.0,0.0,0.8324432767755732,-0.5151431209732574,0.5145954940124323,0.007149449254359555
92.0,0.5152002442861612,0.514617021827043,0.5151590202835512,0.07879678350012741,2.605013103931747,0.153,5.724789132471642,6.0,0.024999999999999998,0.05627139048413638,0.9803921568627451,2.5730851091352154,2.6050131039317472,2.606654698370512,6.751282950058715e-10,0.014082413461072968,0.26405854245206956,0.00010000011857921843,0.9677451612941477,1.0,0.0005912552900622074,0.9677610082351633,1.0,0.022263171355498768,0.9684601023017902,1.0,0.0,0.0,0.0,0.0,0.0,0.8324401656765763,-0.5151590202835512,0.514617021827043,0.007146728981276327
92.2,0.5152155509546765,0.5146383279627649,0.5151747550086238,0.07878858158026249,2.605129147443831,0.153,5.724792370274857,6.0,0.024999999999999998,0.056271370507451346,0.9803921568627451,2.573191639813824,2.605129147443831,2.60676203719787,6.74286444829228e-10,0.014080894281283791,0.2640360642733946,0.00010000011857921843,0.9677451612941477,1.0,0.0005912552900622074,0.9677610082351633,1.0,0.022263171355498768,0.9684601023017902,1.0,0.0,0.0,0.0,0.0,0.0,0.8324370866077628,-0.5151747550086238,0.5146383279627649,0.007144266710298502
92.4,0.5152306991637782,0.5146594146768176,0.5151903268421176,0.07878046482771997,2.605243997168925,0.153,5.724795574740402,6.0,0.024999999999999998,0.05627135073679605,0.9803921568627451,2.5732970733840883,2.605243997168925,2.606868337218813,6.734542489958401e-10,0.014079390885497475,0.2640138187969748,0.00010000011857921843,0.9677451612941477,1.0,0.0005912552900622074,0.9677610082351633,1.0,0.022263171355498768,0.9684601023017902,1.0,0.0,0.0,0.0,0.0,0.0,0.832434039243108,-0.5151903268421176,0.5146594146768176,0.007141956327671052
92.60000000000001,0.5152456905442674,0.5146802842039623,0.5152057374604581,0.07877243236063712,2.6053576652389885,0.153,5.7247987462076715,6.0,0.024999999999999998,0.05627133117006596,0.9803921568627451,2.5734014210198115,2.6053576652389885,2.6069752052246025,6.72631586692668e-10,0.014077903110090485,0.2639918036279169,0.00010000011857921843,0.9677451612941477,1.0,0.0005912552900622074,0.9677610082351633,1.0,0.022263171355498768,0.9684601023017902,1.0,0.0,0.0,0.0,0.0,0.0,0.8324310232598294,-0.5152057374604581,0.5146802842039623,0.0071396693910192885
92.80000000000001,0.5152605267103617,0.5147009387567136,0.5152209885230239,0.07876448330622968,2.605470163665755,0.153,5.724801885012684,6.0,0.024999999999999998,0.0562713118051776,0.9803921568627451,2.573504693783568,2.605470163665755,2.6070809726663793,6.718183382474529e-10,0.014076430793127634,0.26397001639568013,0.00010000011857921843,0.9677451612941477,1.0,0.0005912552900622074,0.9677610082351633,1.0,0.022263171355498768,0.9684601023017902,1.0,0.0,0.0,0.0,0.0,0.0,0.8324280383383548,-0.5152209885230239,0.5147009387567136,0.007137570462903432
93.0,0.5152752092598607,0.5147213805255504,0.5152360816723157,0.0787566168006995,2.605581504341863,0.153,5.724804991488117,6.0,0.024999999999999998,0.05627129264006838,0.9803921568627451,2.573606902627752,2.605581504341863,2.6071856507527804,6.710143860485156e-10,0.014074973774344853,0.26394845475383466,0.00010000011857921843,0.9677451612941477,1.0,0.0005912552900622074,0.9677610082351633,1.0,0.022263171355498768,0.9684601023017902,1.0,0.0,0.0,0.0,0.0,0.0,0.8324250841622924,-0.5152360816723157,0.5147213805255504,0.007135685552495697
93.2,0.5152897397743081,0.514741611679125,0.5152510185341242,0.07874883198914316,2.6056916990419716,0.153,5.724808065963329,6.0,0.024999999999999998,0.056271273672696374,0.9803921568627451,2.573708058395625,2.6056916990419716,2.607289250580873,6.702196152287253e-10,0.014073531895132078,0.2639271163798225,0.00010000011857921843,0.9677451612941477,1.0,0.0005912552900622074,0.9677610082351633,1.0,0.022263171355498768,0.9684601023017902,1.0,0.0,0.0,0.0,0.0,0.0,0.8324221604184012,-0.5152510185341242,0.514741611679125,0.0071338197822771
93.4,0.5153041198191538,0.5147616343644708,0.5152658007176952,0.07874112802546149,2.605800759423873,0.153,5.724811108764407,6.0,0.024999999999999998,0.05627125490104013,0.9803921568627451,2.5738081718223538,2.605800759423873,2.607391783137208,6.694339137246218e-10,0.014072104998516374,0.26390599897472095,0.00010000011857921843,0.9677451612941477,1.0,0.0005912552900622074,0.9677610082351633,1.0,0.022263171355498768,0.9684601023017902,1.0,0.0,0.0,0.0,0.0,0.0,0.8324192667965601,-0.5152658007176952,0.5147616343644708,0.007131972962894769
93.60000000000001,0.5153183509439127,0.514781450707207,0.5152804298158948,0.07873350407226988,2.6059086970295895,0.153,5.724814120214182,6.0,0.024999999999999998,0.05627123632309851,0.9803921568627451,2.573907253536035,2.6059086970295895,2.6074932592988707,6.686571716670171e-10,0.014070692929145187,0.26388510026300743,0.00010000011857921843,0.9677451612941477,1.0,0.0005912552900622074,0.9677610082351633,1.0,0.022263171355498768,0.9684601023017902,1.0,0.0,0.0,0.0,0.0,0.0,0.8324164029897388,-0.5152804298158948,0.514781450707207,0.007130144906765333
93.80000000000001,0.5153324346823253,0.5148010628117436,0.515294907405371,0.07872595930080961,2.6060155232864664,0.153,5.7248171006322695,6.0,0.024999999999999998,0.05627121793689041,0.9803921568627451,2.5740053140587182,2.606015523286467,2.6075936898345184,6.678892804270484e-10,0.014069295533269754,0.2638644179923272,0.00010000011857921843,0.9677451612941477,1.0,0.0005912552900622074,0.9677610082351633,1.0,0.022263171355498768,0.9684601023017902,1.0,0.0,0.0,0.0,0.0,0.0,0.8324135686939691,-0.515294907405371,0.5148010628117436,0.0071283354280606715
94.0,0.5153463725525109,0.5148204727614822,0.515309235046716,0.07871849289085994,2.606121249508259,0.153,5.724820050335096,6.0,0.024999999999999998,0.05627119974045465,0.9803921568627451,2.574102363807411,2.606121249508259,2.6076930854054154,6.671301318296333e-10,0.014067912658728698,0.26384394993326277,0.00010000011857921843,0.9677451612941477,1.0,0.0005912552900622074,0.9677610082351633,1.0,0.022263171355498768,0.9684601023017902,1.0,0.0,0.0,0.0,0.0,0.0,0.8324107636083142,-0.515309235046716,0.5148204727614822,0.007126544342695365
94.2,0.5153601660571263,0.514839682619017,0.5153234142846256,0.07871110403065115,2.6062258868961954,0.153,5.724822969635929,6.0,0.024999999999999998,0.05627118173184974,0.9803921568627451,2.574198413095085,2.6062258868961954,2.6077914565664497,6.663796179521611e-10,0.014066544154931818,0.26382369387910626,0.00010000011857921843,0.9677451612941477,1.0,0.0005912552900622074,0.9677610082351633,1.0,0.022263171355498768,0.9684601023017902,1.0,0.0,0.0,0.0,0.0,0.0,0.8324079874348421,-0.5153234142846256,0.514839682619017,0.007124771468309878
94.4,0.515373816683517,0.5148586944263331,0.5153374466480568,0.07870379191677855,2.60632944654005,0.153,5.72482585884491,6.0,0.024999999999999998,0.05627116390915369,0.9803921568627451,2.5742934721316657,2.60632944654005,2.607888813767148,6.656376316030457e-10,0.014065189872843968,0.2638036476456332,0.00010000011857921843,0.9677451612941477,1.0,0.0005912552900622074,0.9677610082351633,1.0,0.022263171355498768,0.9684601023017902,1.0,0.0,0.0,0.0,0.0,0.0,0.8324052398785936,-0.5153374466480568,0.5148586944263331,0.007123016624256531
94.60000000000001,0.5153873259038732,0.5148775102050046,0.5153513336503851,0.078696555754117,2.6064319394191964,0.153,5.724828718269083,6.0,0.024999999999999998,0.05627114627046383,0.9803921568627451,2.5743875510250227,2.6064319394191964,2.607985167352683,6.649040672011292e-10,0.014063849664969158,0.2637838090708784,0.00010000011857921843,0.9677451612941477,1.0,0.0005912552900622074,0.9677610082351633,1.0,0.022263171355498768,0.9684601023017902,1.0,0.0,0.0,0.0,0.0,0.0,0.8324025206475576,-0.5153513336503851,0.5148775102050046,0.00712127963158784
94.80000000000001,0.5154006951753759,0.5148961319563873,0.5153650767895598,0.07868939475573673,2.6065333764036502,0.153,5.724831548212421,6.0,0.024999999999999998,0.056271128813896634,0.9803921568627451,2.5744806597819365,2.6065333764036502,2.6080805275648657,6.641788215583294e-10,0.014062523385334808,0.2637641760149146,0.00010000011857921843,0.9677451612941477,1.0,0.0005912552900622074,0.9677610082351633,1.0,0.022263171355498768,0.9684601023017902,1.0,0.0,0.0,0.0,0.0,0.0,0.8323998294526408,-0.5153650767895598,0.5148961319563873,0.007119560313040818
95.0,0.5154139259403511,0.5149145616618148,0.5153786775482571,0.07868230814281968,2.606633768255113,0.153,5.724834348975861,6.0,0.024999999999999998,0.05627111153758751,0.9803921568627451,2.574572808309074,2.606633768255113,2.608174904543134,6.634617941236298e-10,0.014061210889476138,0.2637447463596328,0.00010000011857921843,0.9677451612941477,1.0,0.0005912552900622074,0.9677610082351633,1.0,0.022263171355498768,0.9684601023017902,1.0,0.0,0.0,0.0,0.0,0.0,0.8323971660076401,-0.5153786775482571,0.5149145616618148,0.007117858493022118
95.2,0.5154270196264158,0.5149328012827894,0.5153921373940328,0.07867529514457672,2.606733125627993,0.153,5.724837120857331,6.0,0.024999999999999998,0.05627109443969063,0.9803921568627451,2.574664006413947,2.606733125627993,2.6082683083255334,6.627528865447458e-10,0.014059912034420708,0.26372551800852456,0.00010000011857921843,0.9677451612941477,1.0,0.0005912552900622074,0.9677610082351633,1.0,0.022263171355498768,0.9684601023017902,1.0,0.0,0.0,0.0,0.0,0.0,0.8323945300292159,-0.5153921373940328,0.5149328012827894,0.007116173997595358
95.4,0.5154399776466231,0.5149508527611718,0.5154054577794734,0.07866835499816574,2.6068314590704365,0.153,5.724839864151776,6.0,0.024999999999999998,0.05627107751837875,0.9803921568627451,2.574754263805859,2.6068314590704365,2.6083607488496874,6.620520017794487e-10,0.014058626678673154,0.26370648888646636,0.00010000011857921843,0.9677451612941477,1.0,0.0005912552900622074,0.9677610082351633,1.0,0.022263171355498768,0.9684601023017902,1.0,0.0,0.0,0.0,0.0,0.0,0.8323919212368629,-0.5154054577794734,0.5149508527611718,0.007114506654468732
95.60000000000001,0.5154528013996117,0.51496871801937,0.5154186401423452,0.07866148694861076,2.606928779025326,0.153,5.724842579151186,6.0,0.024999999999999998,0.05627106077184304,0.9803921568627451,2.57484359009685,2.606928779025326,2.6084522359537545,6.613590432350286e-10,0.014057354682200054,0.2636876569395069,0.00010000011857921843,0.9677451612941477,1.0,0.0005912552900622074,0.9677610082351633,1.0,0.022263171355498768,0.9684601023017902,1.0,0.0,0.0,0.0,0.0,0.0,0.8323893393528845,-0.5154186401423452,0.51496871801937,0.00711285629297831
95.80000000000001,0.5154654922697457,0.5149863989605268,0.5154316859057417,0.07865469024872143,2.607025095831295,0.153,5.724845266144634,6.0,0.024999999999999998,0.05627104419829284,0.9803921568627451,2.574931994802634,2.607025095831295,2.608542779377388,6.606739143968642e-10,0.014056095906414939,0.26366902013465465,0.00010000011857921843,0.9677451612941477,1.0,0.0005912552900622074,0.9677610082351633,1.0,0.022263171355498768,0.9684601023017902,1.0,0.0,0.0,0.0,0.0,0.0,0.8323867841023657,-0.5154316859057417,0.5149863989605268,0.0071112227440752775
96.0,0.5154780516272598,0.5150038974687041,0.5154445964782315,0.07864796415901361,2.6071204197237137,0.153,5.724847925418289,6.0,0.024999999999999998,0.0562710277959556,0.9803921568627451,2.5750194873435204,2.6071204197237137,2.6086323887626803,6.599965191364289e-10,0.014054850214163453,0.2636505764596693,0.00010000011857921843,0.9677451612941477,1.0,0.0005912552900622074,0.9677610082351633,1.0,0.022263171355498768,0.9684601023017902,1.0,0.0,0.0,0.0,0.0,0.0,0.8323842552131451,-0.5154445964782315,0.5150038974687041,0.007109605840314375
96.2,0.5154904808283993,0.5150212154090673,0.5154573732540022,0.07864130794763068,2.6072147608356806,0.153,5.724850557255459,6.0,0.024999999999999998,0.056271011563076616,0.9803921568627451,2.5751060770453362,2.6072147608356806,2.6087210736550985,6.593267625151622e-10,0.014053617469708693,0.26363232392285396,0.00010000011857921843,0.9677451612941477,1.0,0.0005912552900622074,0.9677610082351633,1.0,0.022263171355498768,0.9684601023017902,1.0,0.0,0.0,0.0,0.0,0.0,0.8323817524157899,-0.5154573732540022,0.5150212154090673,0.007108005415838109
96.4,0.515502781215561,0.515038354628067,0.515470017613005,0.07863472089026577,2.607308129198997,0.153,5.724853161936604,6.0,0.024999999999999998,0.05627099549791885,0.9803921568627451,2.575191773140335,2.607308129198997,2.608808843504416,6.586645516293515e-10,0.014052397538716663,0.26361426055285,0.00010000011857921843,0.9677451612941477,1.0,0.0005912552900622074,0.9677610082351633,1.0,0.022263171355498768,0.9684601023017902,1.0,0.0,0.0,0.0,0.0,0.0,0.8323792754435686,-0.515470017613005,0.515038354628067,0.0071064213063644546
96.60000000000001,0.5155149541174301,0.5150553169536196,0.5154825309210967,0.07862820227008438,2.607400534745135,0.153,5.724855739739379,6.0,0.024999999999999998,0.05627097959876283,0.9803921568627451,2.575276584768098,2.607400534745135,2.6088957076656287,6.580097960209956e-10,0.014051190288241887,0.2635963843984332,0.00010000011857921843,0.9677451612941477,1.0,0.0005912552900622074,0.9677610082351633,1.0,0.022263171355498768,0.9684601023017902,1.0,0.0,0.0,0.0,0.0,0.0,0.8323768240324265,-0.5154825309210967,0.5150553169536196,0.007104853349172719
96.80000000000001,0.5155270008491196,0.515072104195286,0.5154949145301809,0.07862175137764832,2.6074919873062004,0.153,5.724858290938646,6.0,0.024999999999999998,0.056270963863906384,0.9803921568627451,2.5753605209764303,2.6074919873062004,2.6089816753998742,6.573624074204518e-10,0.014049995586713179,0.2635786935283128,0.00010000011857921843,0.9677451612941477,1.0,0.0005912552900622074,0.9677610082351633,1.0,0.022263171355498768,0.9684601023017902,1.0,0.0,0.0,0.0,0.0,0.0,0.832374397920958,-0.5154949145301809,0.515072104195286,0.0071033013830909784
97.0,0.5155389227123035,0.5150887181444491,0.515507169778348,0.07861536751083988,2.607582496615886,0.153,5.724860815806513,6.0,0.024999999999999998,0.05627094829166459,0.9803921568627451,2.5754435907222457,2.607582496615886,2.609066755875334,6.56722298955013e-10,0.014048813303919524,0.26356118603093137,0.00010000011857921843,0.9677451612941477,1.0,0.0005912552900622074,0.9677610082351633,1.0,0.022263171355498768,0.9684601023017902,1.0,0.0,0.0,0.0,0.0,0.0,0.8323719968503815,-0.515507169778348,0.5150887181444491,0.007101765248483669
97.2,0.5155507209953546,0.5151051605744895,0.5155192979900128,0.07860904997478718,2.60767207231041,0.153,5.724863314612349,6.0,0.024999999999999998,0.05627093288036947,0.9803921568627451,2.5755258028724475,2.60767207231041,2.6091509581681276,6.56089384250454e-10,0.01404764331099614,0.26354386001426733,0.00010000011857921843,0.9677451612941477,1.0,0.0005912552900622074,0.9677610082351633,1.0,0.022263171355498768,0.9684601023017902,1.0,0.0,0.0,0.0,0.0,0.0,0.8323696205645159,-0.5155192979900128,0.5151051605744895,0.007100244787235637
97.4,0.5155623969734757,0.5151214332409595,0.5155313004760522,0.07860279808179003,2.6077607239294585,0.153,5.724865787622822,6.0,0.024999999999999998,0.05627091762836995,0.9803921568627451,2.5756071662047972,2.6077607239294585,2.6092342912632063,6.554635769095323e-10,0.01404648548041068,0.2635267136056396,0.00010000011857921843,0.9677451612941477,1.0,0.0005912552900622074,0.9677610082351633,1.0,0.022263171355498768,0.9684601023017902,1.0,0.0,0.0,0.0,0.0,0.0,0.8323672688097528,-0.5155313004760522,0.5151214332409595,0.007098739842742123
97.60000000000001,0.5155739519088305,0.5151375378817555,0.5155431785339409,0.07859661115124651,2.6078484609171078,0.153,5.724868235101918,6.0,0.024999999999999998,0.056270902534031594,0.9803921568627451,2.5756876894087775,2.6078484609171078,2.609316764055233,6.548447906422525e-10,0.014045339685949494,0.26350974495151297,0.00010000011857921843,0.9677451612941477,1.0,0.0005912552900622074,0.9677610082351633,1.0,0.022263171355498768,0.9684601023017902,1.0,0.0,0.0,0.0,0.0,0.0,0.8323649413350335,-0.5155431785339409,0.5151375378817555,0.007097250259895
97.80000000000001,0.5155853870506778,0.5151534762172898,0.5155549334478854,0.07859048850958052,2.6079352926227464,0.153,5.724870657310971,6.0,0.024999999999999998,0.05627088759573651,0.9803921568627451,2.575767381086449,2.6079352926227464,2.609398385349453,6.542329399636048e-10,0.014044205802704164,0.2634929522173066,0.00010000011857921843,0.9677451612941477,1.0,0.0005912552900622074,0.9677610082351633,1.0,0.022263171355498768,0.9684601023017902,1.0,0.0,0.0,0.0,0.0,0.0,0.8323626378918231,-0.5155549334478854,0.5151534762172898,0.0070957758850688215
98.0,0.515596703635498,0.5151692499506602,0.5155665664889573,0.07858442949016983,2.60802122830199,0.153,5.724873054508685,6.0,0.024999999999999998,0.05627087281188317,0.9803921568627451,2.5758462497533006,2.60802122830199,2.6094791638625625,6.536279410633113e-10,0.014043083707058064,0.26347633358720396,0.00010000011857921843,0.9677451612941477,1.0,0.0005912552900622074,0.9677610082351633,1.0,0.022263171355498768,0.9684601023017902,1.0,0.0,0.0,0.0,0.0,0.0,0.8323603582340866,-0.5155665664889573,0.5151692499506602,0.007094316566108336
98.2,0.5156079028871238,0.5151848607678164,0.5155780789152252,0.07857843343327493,2.608106277117578,0.153,5.724875426951157,6.0,0.024999999999999998,0.05627085818088622,0.9803921568627451,2.575924303839082,2.6081062771175785,2.609559108223566,6.530297123597166e-10,0.014041973276673118,0.26345988726396385,0.00010000011857921843,0.9677451612941477,1.0,0.0005912552900622074,0.9677610082351633,1.0,0.022263171355498768,0.9684601023017902,1.0,0.0,0.0,0.0,0.0,0.0,0.8323581021182662,-0.5155780789152252,0.5151848607678164,0.0070928721523173
98.4,0.5156189860168646,0.5152003103377288,0.5155894719718861,0.07857249968596856,2.6081904481402733,0.153,5.7248777748919135,6.0,0.024999999999999998,0.056270843701176375,0.9803921568627451,2.5760015516886443,2.6081904481402733,2.6096385813285954,6.524381744259103e-10,0.014040874390476635,0.2634436114687342,0.00010000011857921843,0.9677451612941477,1.0,0.0005912552900622074,0.9677610082351633,1.0,0.022263171355498768,0.9684601023017902,1.0,0.0,0.0,0.0,0.0,0.0,0.8323558693032549,-0.5155894719718861,0.5152003103377288,0.007091588960751453
98.60000000000001,0.5156299542236336,0.5152156003125526,0.5156007468913927,0.07856662760206605,2.608273750349748,0.153,5.724880098581925,6.0,0.024999999999999998,0.0562708293712002,0.9803921568627451,2.576078001562763,2.608273750349748,2.6097174891116093,6.518532493226265e-10,0.014039786928648339,0.2634275044408676,0.00010000011857921843,0.9677451612941477,1.0,0.0005912552900622074,0.9677610082351633,1.0,0.022263171355498768,0.9684601023017902,1.0,0.0,0.0,0.0,0.0,0.0,0.832353659550372,-0.5156007468913927,0.5152156003125526,0.00709042446774672
98.80000000000001,0.5156408086940727,0.5152307323277905,0.5156119048935832,0.07856081654205631,2.608356192635468,0.153,5.7248823982696315,6.0,0.024999999999999998,0.05627081518942,0.9803921568627451,2.576153661638952,2.608356192635468,2.6097955819117478,6.512748596982898e-10,0.014038710772607507,0.2634115644377382,0.00010000011857921843,0.9677451612941477,1.0,0.0005912552900622074,0.9677610082351633,1.0,0.022263171355498768,0.9684601023017902,1.0,0.0,0.0,0.0,0.0,0.0,0.8323514726233431,-0.5156119048935832,0.5152307323277905,0.0070892718737360924
99.0,0.5156515506026763,0.5152457080024562,0.5156229471858078,0.0785550658730334,2.608437783797558,0.153,5.724884674200974,6.0,0.024999999999999998,0.05627080115431366,0.9803921568627451,2.5762285400122806,2.608437783797558,2.609872868077941,6.507029281429532e-10,0.014037645805000226,0.26339578973456024,0.00010000011857921843,0.9677451612941477,1.0,0.0005912552900622074,0.9677610082351633,1.0,0.022263171355498768,0.9684601023017902,1.0,0.0,0.0,0.0,0.0,0.0,0.8323493082882751,-0.5156229471858078,0.5152457080024562,0.007088131059465054
99.2,0.5156621811119114,0.5152605289392346,0.5156338749630539,0.0785493749686289,2.608518532547673,0.153,5.724886926619413,6.0,0.024999999999999998,0.05627078726437447,0.9803921568627451,2.576302644696173,2.608518532547673,2.6099493558749995,6.501373771412189e-10,0.014036591909686761,0.26338017862420876,0.00010000011857921843,0.9677451612941477,1.0,0.0005912552900622074,0.9677610082351633,1.0,0.022263171355498768,0.9684601023017902,1.0,0.0,0.0,0.0,0.0,0.0,0.8323471663136301,-0.5156338749630539,0.5152605289392346,0.007087001906825496
99.4,0.5156727013723402,0.5152751967246404,0.5156446894080704,0.07854374320894503,2.6085984475098494,0.153,5.724889155765953,6.0,0.024999999999999998,0.05627077351811099,0.9803921568627451,2.576375983623202,2.6085984475098494,2.610025053484437,6.49578129638787e-10,0.01403554897172911,0.2633647294170422,0.00010000011857921843,0.9677451612941477,1.0,0.0005912552900622074,0.9677610082351633,1.0,0.022263171355498768,0.9684601023017902,1.0,0.0,0.0,0.0,0.0,0.0,0.8323450464702076,-0.5156446894080704,0.5152751967246404,0.007085884298846717
99.60000000000001,0.5156831125227409,0.5152897129291771,0.5156553916914917,0.07853816998048826,2.6086775372213564,0.153,5.724891361879169,6.0,0.024999999999999998,0.05627075991404688,0.9803921568627451,2.5764485646458857,2.6086775372213564,2.61009996900528,6.490251099002536e-10,0.01403451687737865,0.2633494404407262,0.00010000011857921843,0.9677451612941477,1.0,0.0005912552900622074,0.9677610082351633,1.0,0.022263171355498768,0.9684601023017902,1.0,0.0,0.0,0.0,0.0,0.0,0.8323429485311177,-0.5156553916914917,0.5152897129291771,0.007084778119684692
99.80000000000001,0.515693415690224,0.5153040791074922,0.5156659829719585,0.07853265467610379,2.608755810133538,0.153,5.724893545195228,6.0,0.024999999999999998,0.05627074645072081,0.9803921568627451,2.576520395537461,2.6087558101335384,2.6101741104548695,6.484782441775114e-10,0.014033495514063878,0.2633343100400592,0.00010000011857921843,0.9677451612941477,1.0,0.0005912552900622074,0.9677610082351633,1.0,0.022263171355498768,0.9684601023017902,1.0,0.0,0.0,0.0,0.0,0.0,0.83234087227176,-0.5156659829719585,0.5153040791074922,0.0070836832546122405
100.0,0.5157036119903505,0.5153182967985321,0.5156764643962399,0.07852719669491046,2.6088332746126492,0.153,5.724895705947914,6.0,0.024999999999999998,0.05627073312668622,0.9803921568627451,2.5765914839926607,2.6088332746126492,2.610247485769661,6.479374608145376e-10,0.014032484770378346,0.2633193365768,0.00010000011857921843,0.9677451612941477,1.0,0.0005912552900622074,0.9677610082351633,1.0,0.022263171355498768,0.9684601023017902,1.0,0.0,0.0,0.0,0.0,0.0,0.8323388174698017,-0.5156764643962399,0.5153182967985321,0.007082599590010874
100.2,0.5157137025272494,0.5153323675256968,0.5156868370993521,0.07852179544223649,2.608909938940675,0.153,5.724897844368652,6.0,0.024999999999999998,0.05627071994051125,0.9803921568627451,2.5766618376284836,2.608909938940675,2.610320102806009,6.474026897258299e-10,0.01403148453606865,0.2633045184294969,0.00010000011857921843,0.9677451612941477,1.0,0.0005912552900622074,0.9677610082351633,1.0,0.022263171355498768,0.9684601023017902,1.0,0.0,0.0,0.0,0.0,0.0,0.8323367839051552,-0.5156868370993521,0.5153323675256968,0.0070815270133575674
100.4,0.5157236883937321,0.5153462927969905,0.5156971022046769,0.07851645032955591,2.608985811316159,0.153,5.724899960686525,6.0,0.024999999999999998,0.05627070689077855,0.9803921568627451,2.5767314639849523,2.608985811316159,2.610391969340955,6.468738615302482e-10,0.014030494702022599,0.2632898539933186,0.00010000011857921843,0.9677451612941477,1.0,0.0005912552900622074,0.9677610082351633,1.0,0.022263171355498768,0.9684601023017902,1.0,0.0,0.0,0.0,0.0,0.0,0.8323347713599555,-0.5156971022046769,0.5153462927969905,0.007080465413219439
100.60000000000001,0.5157335706714077,0.5153600741051741,0.5157072608240797,0.07851116077442535,2.609060899855008,0.153,5.724902055128305,6.0,0.024999999999999998,0.05627069397608518,0.9803921568627451,2.576800370525871,2.609060899855008,2.610463093072997,6.463509068100753e-10,0.014029515160257435,0.26327534167988603,0.00010000011857921843,0.9677451612941477,1.0,0.0005912552900622074,0.9677610082351633,1.0,0.022263171355498768,0.9684601023017902,1.0,0.0,0.0,0.0,0.0,0.0,0.8323327796185388,-0.5157072608240797,0.5153600741051741,0.007079414679239434
100.80000000000001,0.5157433504307932,0.515373712927913,0.5157173140580249,0.07850592620042189,2.6091352125913017,0.153,5.724904127918472,6.0,0.024999999999999998,0.05627068119504244,0.9803921568627451,2.576868564639565,2.6091352125913017,2.61053348162286,6.458337558942261e-10,0.014028545803908265,0.26326097991710723,0.00010000011857921843,0.9677451612941477,1.0,0.0005912552900622074,0.9677610082351633,1.0,0.022263171355498768,0.9684601023017902,1.0,0.0,0.0,0.0,0.0,0.0,0.8323308084674214,-0.5157173140580249,0.515373712927913,0.007078374702130362
101.0,0.5157530287314278,0.515387210727925,0.5157272629956915,0.07850074603708106,2.609208757478086,0.153,5.724906179279236,6.0,0.024999999999999998,0.0562706685462757,0.9803921568627451,2.576936053639625,2.609208757478086,2.6106031425342584,6.453223392749067e-10,0.014027586527216513,0.26324676714901213,0.00010000011857921843,0.9677451612941477,1.0,0.0005912552900622074,0.9677610082351633,1.0,0.022263171355498768,0.9684601023017902,1.0,0.0,0.0,0.0,0.0,0.0,0.8323288576952774,-0.5157272629956915,0.515387210727925,0.007077345373665161
101.2,0.5157626066219831,0.5154005689531286,0.5157371087150864,0.07849561971983597,2.609281542388165,0.153,5.724908209430559,6.0,0.024999999999999998,0.05627065602842432,0.9803921568627451,2.577002844765643,2.609281542388165,2.6106720832746455,6.448165884186348e-10,0.014026637225518578,0.26323270183559094,0.00010000011857921843,0.9677451612941477,1.0,0.0005912552900622074,0.9677610082351633,1.0,0.022263171355498768,0.9684601023017902,1.0,0.0,0.0,0.0,0.0,0.0,0.832326927092919,-0.5157371087150864,0.5154005689531286,0.0070763265866647905
101.4,0.5157720851403741,0.5154137890367871,0.5157468522831579,0.07849054668995646,2.609353575114885,0.153,5.724910218590183,6.0,0.024999999999999998,0.056270643640141484,0.9803921568627451,2.5770689451839357,2.609353575114885,2.6107403112359657,6.443164365172378e-10,0.014025697795234516,0.2632187824526315,0.00010000011857921843,0.9677451612941477,1.0,0.0005912552900622074,0.9677610082351633,1.0,0.022263171355498768,0.9684601023017902,1.0,0.0,0.0,0.0,0.0,0.0,0.8323250164532743,-0.5157468522831579,0.5154137890367871,0.007075318234990974
101.60000000000001,0.5157814653138643,0.5154268723976524,0.5157564947559073,0.0784855263944896,2.6094248633729085,0.153,5.724912206973636,6.0,0.024999999999999998,0.05627063138009404,0.9803921568627451,2.5771343619882616,2.6094248633729085,2.6108078337353917,6.438218187596202e-10,0.01402476813385693,0.2632050074915608,0.00010000011857921843,0.9677451612941477,1.0,0.0005912552900622074,0.9677610082351633,1.0,0.022263171355498768,0.9684601023017902,1.0,0.0,0.0,0.0,0.0,0.0,0.8323231255713666,-0.5157564947559073,0.5154268723976524,0.00707432021353703
101.80000000000001,0.5157907481591772,0.5154398204401079,0.515766037178499,0.07848055828620007,2.609495414798984,0.153,5.724914174794275,6.0,0.024999999999999998,0.05627061924696244,0.9803921568627451,2.57719910220054,2.609495414798984,2.6108746580160602,6.433326719704827e-10,0.014023848139939914,0.2631913754592871,0.00010000011857921843,0.9677451612941477,1.0,0.0005912552900622074,0.9677610082351633,1.0,0.022263171355498768,0.9684601023017902,1.0,0.0,0.0,0.0,0.0,0.0,0.8323212542442954,-0.515766037178499,0.5154398204401079,0.007073332418218499
102.0,0.5157999346826019,0.5154526345543109,0.5157754805853701,0.07847564182351166,2.6095652369527067,0.153,5.724916122263292,6.0,0.024999999999999998,0.05627060723944049,0.9803921568627451,2.5772631727715543,2.6095652369527067,2.6109407912477947,6.428489338106825e-10,0.014022937713088107,0.26317788487804256,0.00010000011857921843,0.9677451612941477,1.0,0.0005912552900622074,0.9677610082351633,1.0,0.022263171355498768,0.9684601023017902,1.0,0.0,0.0,0.0,0.0,0.0,0.8323194022712119,-0.5157754805853701,0.5154526345543109,0.007072354745961774
102.2,0.5158090258800949,0.5154653161163302,0.5157848260003399,0.07847077647044892,2.609634337317277,0.153,5.724918049589742,6.0,0.024999999999999998,0.056270595356235305,0.9803921568627451,2.577326580581651,2.609634337317277,2.6110062405278303,6.423705419739429e-10,0.014022036753945887,0.2631645342852286,0.00010000011857921843,0.9677451612941477,1.0,0.0005912552900622074,0.9677610082351633,1.0,0.022263171355498768,0.9684601023017902,1.0,0.0,0.0,0.0,0.0,0.0,0.8323175694533054,-0.5157848260003399,0.5154653161163302,0.007071387094698311
102.4,0.5158180227373907,0.5154778664882872,0.5157940744367158,0.07846596169657999,2.6097027233002423,0.153,5.724919956980557,6.0,0.024999999999999998,0.056270583596067174,0.9803921568627451,2.577389332441436,2.6097027233002423,2.6110710128815255,6.418974338146339e-10,0.014021145164186684,0.26315132223326315,0.00010000011857921843,0.9677451612941477,1.0,0.0005912552900622074,0.9677610082351633,1.0,0.022263171355498768,0.9684601023017902,1.0,0.0,0.0,0.0,0.0,0.0,0.8323157555937777,-0.5157940744367158,0.5154778664882872,0.007070429363353984
102.60000000000001,0.5158269262301008,0.5154902870184924,0.5158032268974005,0.0784611969769594,2.609770402234244,0.153,5.724921844640579,6.0,0.024999999999999998,0.05627057195766937,0.9803921568627451,2.577451435092462,2.609770402234244,2.611135115263069,6.414295466026521e-10,0.01402026284650234,0.26313824728942775,0.00010000011857921843,0.9677451612941477,1.0,0.0005912552900622074,0.9677610082351633,1.0,0.022263171355498768,0.9684601023017902,1.0,0.0,0.0,0.0,0.0,0.0,0.8323139604978239,-0.5158032268974005,0.5154902870184924,0.007069481451839914
102.80000000000001,0.5158357373238182,0.5155025790415814,0.5158122843749975,0.07845648179207179,2.609837381377751,0.153,5.724923712772568,6.0,0.024999999999999998,0.056270560439788106,0.9803921568627451,2.5775128952079065,2.609837381377751,2.6111985545561787,6.409668182561445e-10,0.014019389704592667,0.26312530803571793,0.00010000011857921843,0.9677451612941477,1.0,0.0005912552900622074,0.9677610082351633,1.0,0.022263171355498768,0.9684601023017902,1.0,0.0,0.0,0.0,0.0,0.0,0.8323121839726155,-0.5158122843749975,0.5155025790415814,0.0070685432610437405
103.0,0.5158444569742172,0.5155147438786499,0.5158212478519144,0.07845181562777613,2.6099036679157845,0.153,5.72492556157723,6.0,0.024999999999999998,0.05627054904118231,0.9803921568627451,2.5775737193932495,2.6099036679157845,2.6112613375747995,6.405091881411555e-10,0.014018525643155007,0.26311250306869366,0.00010000011857921843,0.9677451612941477,1.0,0.0005912552900622074,0.9677610082351633,1.0,0.022263171355498768,0.9684601023017902,1.0,0.0,0.0,0.0,0.0,0.0,0.8323104258272795,-0.5158212478519144,0.5155147438786499,0.00706761469282118
103.2,0.5158530861271556,0.5155267828373876,0.5158301183004674,0.07844719797525053,2.6099692689606413,0.153,5.724927391253236,6.0,0.024999999999999998,0.056270537760623573,0.9803921568627451,2.5776339141869378,2.6099692689606413,2.6113234710637867,6.400565974925688e-10,0.014017670567874013,0.26309983099933226,0.00010000011857921843,0.9677451612941477,1.0,0.0005912552900622074,0.9677610082351633,1.0,0.022263171355498768,0.9684601023017902,1.0,0.0,0.0,0.0,0.0,0.0,0.8323086858728785,-0.5158301183004674,0.5155267828373876,0.0070666956499870395
103.4,0.5158616257187735,0.5155386972122107,0.5158388966829826,0.07844262833093753,2.6100341915526077,0.153,5.7249292019972415,6.0,0.024999999999999998,0.056270526596895985,0.9803921568627451,2.577693486061053,2.610034191552608,2.61138496169959,6.396089892209479e-10,0.014016824385411427,0.263087290452882,0.00010000011857921843,0.9677451612941477,1.0,0.0005912552900622074,0.9677610082351633,1.0,0.022263171355498768,0.9684601023017902,1.0,0.0,0.0,0.0,0.0,0.0,0.8323069639223916,-0.5158388966829826,0.5155386972122107,0.0070657860363062125
103.60000000000001,0.5158700766755906,0.5155504882843925,0.5158475839518974,0.07843810619648996,2.61009844266067,0.153,5.7249309940039055,6.0,0.024999999999999998,0.05627051554879605,0.9803921568627451,2.5777524414219624,2.61009844266067,2.611445816090926,6.391663072083847e-10,0.014015987003396043,0.2630748800687179,0.00010000011857921843,0.9677451612941477,1.0,0.0005912552900622074,0.9677610082351633,1.0,0.022263171355498768,0.9684601023017902,1.0,0.0,0.0,0.0,0.0,0.0,0.8323052597906975,-0.5158475839518974,0.5155504882843925,0.007064885756485147
103.80000000000001,0.5158784399146056,0.5155621573221941,0.5158561810498614,0.0784336310787174,2.610162029183209,0.153,5.72493276746591,6.0,0.024999999999999998,0.056270504615132506,0.9803921568627451,2.5778107866109705,2.6101620291832095,2.611506040779452,6.387284954767665e-10,0.014015158330413703,0.26306259850019803,0.00010000011857921843,0.9677451612941477,1.0,0.0005912552900622074,0.9677610082351633,1.0,0.022263171355498768,0.9684601023017902,1.0,0.0,0.0,0.0,0.0,0.0,0.8323035732945527,-0.5158561810498614,0.5155621573221941,0.007063994716164505
104.0,0.5158867163433909,0.5155737055809926,0.5158646889098344,0.07842920248953326,2.6102249579487045,0.153,5.724934522573984,6.0,0.024999999999999998,0.056270493794726234,0.9803921568627451,2.577868527904963,2.6102249579487045,2.611565642240419,6.382954976802092e-10,0.014014338275997474,0.2630504444145223,0.00010000011857921843,0.9677451612941477,1.0,0.0005912552900622074,0.9677610082351633,1.0,0.022263171355498768,0.9684601023017902,1.0,0.0,0.0,0.0,0.0,0.0,0.8323019042525746,-0.5158646889098344,0.5155737055809926,0.007063112821907689
104.2,0.5158949068601902,0.5155851343034085,0.5158731084551856,0.07842481994590225,2.610287235716414,0.153,5.724936259516912,6.0,0.024999999999999998,0.056270483086410174,0.9803921568627451,2.577925671517042,2.610287235716414,2.6116246268833376,6.378672571933342e-10,0.014013526750617875,0.2630384164925919,0.00010000011857921843,0.9677451612941477,1.0,0.0005912552900622074,0.9677610082351633,1.0,0.022263171355498768,0.9684601023017902,1.0,0.0,0.0,0.0,0.0,0.0,0.8323002524852238,-0.5158731084551856,0.5155851343034085,0.007062239981195887
104.4,0.5159030123540121,0.5155964447194332,0.5158814405997909,0.07842048296978829,2.610348869177062,0.153,5.724937978481571,6.0,0.024999999999999998,0.05627047248902911,0.9803921568627451,2.577982223597166,2.610348869177062,2.611683001052623,6.374437177385554e-10,0.014012723665673184,0.26302651342887,0.00010000011857921843,0.9677451612941477,1.0,0.0005912552900622074,0.9677610082351633,1.0,0.022263171355498768,0.9684601023017902,1.0,0.0,0.0,0.0,0.0,0.0,0.8322986178147852,-0.5158814405997909,0.5155964447194332,0.007061376102417056
104.60000000000001,0.5159110337047226,0.5156076380465526,0.515889686248129,0.07841619108810327,2.6104098649535135,0.153,5.72493967965293,6.0,0.024999999999999998,0.05627046200143965,0.9803921568627451,2.578038190232763,2.6104098649535135,2.6117407710282414,6.370248241998598e-10,0.014011928933479882,0.2630147339312442,0.00010000011857921843,0.9677451612941477,1.0,0.0005912552900622074,0.9677610082351633,1.0,0.022263171355498768,0.9684601023017902,1.0,0.0,0.0,0.0,0.0,0.0,0.8322970000653476,-0.515889686248129,0.5156076380465526,0.00706052109485959
104.80000000000001,0.5159189717831396,0.5156187154898724,0.5158978462953764,0.07841194383265605,2.6104702296014413,0.153,5.724941363214084,6.0,0.024999999999999998,0.05627045162251004,0.9803921568627451,2.5780935774493616,2.6104702296014417,2.6117979430263443,6.366105231698684e-10,0.014011142467263198,0.2630030767208908,0.00010000011857921843,0.9677451612941477,1.0,0.0005912552900622074,0.9677610082351633,1.0,0.022263171355498768,0.9684601023017902,1.0,0.0,0.0,0.0,0.0,0.0,0.8322953990627905,-0.5158978462953764,0.5156187154898724,0.007059674868702045
105.0,0.5159268274511251,0.5156296782422402,0.5159059216275027,0.07840774074010216,2.610529969609995,0.153,5.724943029346261,6.0,0.024999999999999998,0.0562704413511201,0.9803921568627451,2.5781483912112004,2.610529969609995,2.611854710959872,6.362007629257082e-10,0.014010364181147731,0.2629915405321391,0.00010000011857921843,0.9677451612941477,1.0,0.0005912552900622074,0.9677610082351633,1.0,0.022263171355498768,0.9684601023017902,1.0,0.0,0.0,0.0,0.0,0.0,0.8322938146347625,-0.5159059216275027,0.5156296782422402,0.007058914942459241
105.2,0.5159346015616739,0.5156405274843671,0.5159139131213631,0.07840358135189389,2.61058909140245,0.153,5.724944678228851,6.0,0.024999999999999998,0.05627043118616106,0.9803921568627451,2.578202637421835,2.61058909140245,2.6119111228461818,6.357954928444853e-10,0.01400959399014817,0.2629801241123384,0.00010000011857921843,0.9677451612941477,1.0,0.0005912552900622074,0.9677610082351633,1.0,0.022263171355498768,0.9684601023017902,1.0,0.0,0.0,0.0,0.0,0.0,0.832292246610665,-0.5159139131213631,0.5156405274843671,0.007058258557869491
105.4,0.5159422949590063,0.5156512643849487,0.5159218216447921,0.07839946521423086,2.6106476013368662,0.153,5.724946310039417,6.0,0.024999999999999998,0.056270421126535485,0.9803921568627451,2.5782563219247434,2.6106476013368662,2.611966950734692,6.353946625769906e-10,0.014008831810160114,0.2629688262217256,0.00010000011857921843,0.9677451612941477,1.0,0.0005912552900622074,0.9677610082351633,1.0,0.022263171355498768,0.9684601023017902,1.0,0.0,0.0,0.0,0.0,0.0,0.8322906948216355,-0.5159218216447921,0.5156512643849487,0.007057608916389065
105.60000000000001,0.515949908478656,0.5156618901007846,0.5159296480566938,0.07839539187801137,2.610705505706729,0.153,5.724947924953713,6.0,0.024999999999999998,0.05627041117115712,0.9803921568627451,2.5783094505039226,2.610705505706729,2.6120222006361375,6.349982214296559e-10,0.014008077557950992,0.26295764563329443,0.00010000011857921843,0.9677451612941477,1.0,0.0005912552900622074,0.9677610082351633,1.0,0.022263171355498768,0.9684601023017902,1.0,0.0,0.0,0.0,0.0,0.0,0.8322891591005295,-0.5159296480566938,0.5156618901007846,0.007056965949688732
105.80000000000001,0.5159574429475575,0.5156724057768959,0.5159373932071346,0.07839136089878368,2.610762810741589,0.153,5.7249495231457095,6.0,0.024999999999999998,0.056270401318950836,0.9803921568627451,2.578362028884479,2.610762810741589,2.612076878500112,6.346061182883174e-10,0.014007331151151024,0.2629465811326647,0.00010000011857921843,0.9677451612941477,1.0,0.0005912552900622074,0.9677610082351633,1.0,0.022263171355498768,0.9684601023017902,1.0,0.0,0.0,0.0,0.0,0.0,0.8322876392819027,-0.5159373932071346,0.5156724057768959,0.007056329590112094
106.0,0.5159648991841345,0.5156828125466432,0.5159450579374312,0.07838737183669844,2.6108195226076942,0.153,5.724951104787602,6.0,0.024999999999999998,0.05627039156885247,0.9803921568627451,2.5784140627332155,2.6108195226076942,2.6121309902156744,6.342183021182795e-10,0.01400659250824438,0.26293563151795535,0.00010000011857921843,0.9677451612941477,1.0,0.0005912552900622074,0.9677610082351633,1.0,0.022263171355498768,0.9684601023017902,1.0,0.0,0.0,0.0,0.0,0.0,0.832286135201997,-0.5159450579374312,0.5156828125466432,0.007055699770669698
106.2,0.5159722779983871,0.5156931115318416,0.5159526430802402,0.07838342425646125,2.61087564740862,0.153,5.7249526700498325,6.0,0.024999999999999998,0.0562703819198087,0.9803921568627451,2.578465557659208,2.61087564740862,2.6121845416119545,6.338347227584975e-10,0.014005861548560341,0.2629247955996568,0.00010000011857921843,0.9677451612941477,1.0,0.0005912552900622074,0.9677610082351633,1.0,0.022263171355498768,0.9684601023017902,1.0,0.0,0.0,0.0,0.0,0.0,0.8322846466987202,-0.5159526430802402,0.5156931115318416,0.007055076425033915
106.4,0.5159795801919776,0.5157033038428777,0.5159601494596465,0.07837951772728573,2.610931191185886,0.153,5.72495421910111,6.0,0.024999999999999998,0.05627037237077704,0.9803921568627451,2.578516519214388,2.610931191185886,2.6122375384587393,6.334553315675856e-10,0.014005138192264566,0.26291407220050506,0.00010000011857921843,0.9677451612941477,1.0,0.0005912552900622074,0.9677610082351633,1.0,0.022263171355498768,0.9684601023017902,1.0,0.0,0.0,0.0,0.0,0.0,0.8322831736116312,-0.5159601494596465,0.5157033038428777,0.007054459487528643
106.60000000000001,0.5159868065583133,0.5157133905788202,0.5159675778912503,0.07837565182284703,2.6109861599195763,0.153,5.724955752108425,6.0,0.024999999999999998,0.05627036292072557,0.9803921568627451,2.578566952894101,2.6109861599195763,2.6122899864670717,6.330800815628902e-10,0.014004422360350478,0.26290346015535687,0.00010000011857921843,0.9677451612941477,1.0,0.0005912552900622074,0.9677610082351633,1.0,0.022263171355498768,0.9684601023017902,1.0,0.0,0.0,0.0,0.0,0.0,0.8322817157819248,-0.5159675778912503,0.5157133905788202,0.0070538488931285856
106.80000000000001,0.5159939578826306,0.515723372827536,0.5159749291822533,0.07837182612123592,2.611040559528942,0.153,5.724957269237062,6.0,0.024999999999999998,0.056270353568633004,0.9803921568627451,2.57861686413768,2.611040559528942,2.6123418912898315,6.327089269740951e-10,0.014003713974630684,0.2628929583110667,0.00010000011857921843,0.9677451612941477,1.0,0.0005912552900622074,0.9677610082351633,1.0,0.022263171355498768,0.9684601023017902,1.0,0.0,0.0,0.0,0.0,0.0,0.8322802730524115,-0.5159749291822533,0.515723372827536,0.007053244577449793
107.0,0.5160010349420819,0.5157332516657998,0.5159822041315447,0.07836804020491328,2.611094395873013,0.153,5.724958770650625,6.0,0.024999999999999998,0.056270344313488437,0.9803921568627451,2.5786662583289988,2.611094395873013,2.6123932585223133,6.323418224548593e-10,0.014003012957728569,0.26288256552636463,0.00010000011857921843,0.9677451612941477,1.0,0.0005912552900622074,0.9677610082351633,1.0,0.022263171355498768,0.9684601023017902,1.0,0.0,0.0,0.0,0.0,0.0,0.8322788452675064,-0.5159822041315447,0.5157332516657998,0.007052646476744613
107.2,0.5160080385058141,0.5157430281594059,0.5159894035297854,0.07836429366066518,2.611147674751194,0.153,5.724960256511051,6.0,0.024999999999999998,0.05627033515429132,0.9803921568627451,2.5787151407970295,2.611147674751194,2.6124440937028,6.31978722382718e-10,0.014002319233069882,0.2628722806717351,0.00010000011857921843,0.9677451612941477,1.0,0.0005912552900622074,0.9677610082351633,1.0,0.022263171355498768,0.9684601023017902,1.0,0.0,0.0,0.0,0.0,0.0,0.8322774322732092,-0.5159894035297854,0.5157430281594059,0.007052054527894815
107.4,0.5160149693350509,0.5157527033632764,0.5159965281594913,0.07836058607955829,2.611200401903851,0.153,5.724961726978621,6.0,0.024999999999999998,0.05627032609005136,0.9803921568627451,2.578763516816382,2.6112004019038513,2.6124944023131347,6.316195806270572e-10,0.014001632724874487,0.2628621026292982,0.00010000011857921843,0.9677451612941477,1.0,0.0005912552900622074,0.9677610082351633,1.0,0.022263171355498768,0.9684601023017902,1.0,0.0,0.0,0.0,0.0,0.0,0.8322760339170903,-0.5159965281594913,0.5157527033632764,0.007051468668408644
107.60000000000001,0.5160218281831751,0.5157622783215715,0.5160035787951176,0.0783569170568956,2.611252583012906,0.153,5.724963182211985,6.0,0.024999999999999998,0.05627031711978837,0.9803921568627451,2.578811391607857,2.6112525830129063,2.612544189779276,6.312643509061282e-10,0.014000953358148124,0.2628520302926891,0.00010000011857921843,0.9677451612941477,1.0,0.0005912552900622074,0.9677610082351633,1.0,0.022263171355498768,0.9684601023017902,1.0,0.0,0.0,0.0,0.0,0.0,0.8322746500482752,-0.5160035787951176,0.5157622783215715,0.00705088883641082
107.80000000000001,0.5160286157958067,0.5157717540677957,0.51601055620314,0.07835328619217295,2.6113042237024158,0.153,5.724964622368175,6.0,0.024999999999999998,0.056270308242532166,0.9803921568627451,2.5788587703389787,2.6113042237024158,2.6125934614718638,6.30912987530028e-10,0.014000281058674314,0.26284206256694287,0.00010000011857921843,0.9677451612941477,1.0,0.0005912552900622074,0.9677610082351633,1.0,0.022263171355498768,0.9684601023017902,1.0,0.0,0.0,0.0,0.0,0.0,0.8322732805174271,-0.51601055620314,0.5157717540677957,0.007050314970640891
108.0,0.5160353329108823,0.5157811316249051,0.5160174611421359,0.07834969308903576,2.611355329539144,0.153,5.724966047602619,6.0,0.024999999999999998,0.05627029945732257,0.9803921568627451,2.5789056581245253,2.6113553295391445,2.6126422227067625,6.30565446115568e-10,0.013999615753006327,0.2628321983683773,0.00010000011857921843,0.9677451612941477,1.0,0.0005912552900622074,0.9677610082351633,1.0,0.022263171355498768,0.9684601023017902,1.0,0.0,0.0,0.0,0.0,0.0,0.8322719251767349,-0.5160174611421359,0.5157811316249051,0.007049747010443405
108.2,0.5160419802587345,0.5157904120054118,0.5160242943628657,0.07834613735523628,2.6114059060331387,0.153,5.724967458069162,6.0,0.024999999999999998,0.05627029076320916,0.9803921568627451,2.5789520600270586,2.6114059060331387,2.6126904787456158,6.302216838764666e-10,0.013998957368459231,0.2628224366244775,0.00010000011857921843,0.9677451612941477,1.0,0.0005912552900622074,0.9677610082351633,1.0,0.022263171355498768,0.9684601023017902,1.0,0.0,0.0,0.0,0.0,0.0,0.8322705838798945,-0.5160242943628657,0.5157904120054118,0.007049184895766355
108.4,0.5160485585621684,0.5157995962114896,0.5160310566083517,0.07834261860259115,2.611455958638289,0.153,5.724968853920074,6.0,0.024999999999999998,0.05627028215925129,0.9803921568627451,2.578997981057448,2.611455958638289,2.6127382347963812,6.298816593274351e-10,0.013998305833102019,0.26281277627378324,0.00010000011857921843,0.9677451612941477,1.0,0.0005912552900622074,0.9677610082351633,1.0,0.022263171355498768,0.9684601023017902,1.0,0.0,0.0,0.0,0.0,0.0,0.8322692564820957,-0.5160310566083517,0.5157995962114896,0.007048628567152455
108.60000000000001,0.5160550685365399,0.5158086852350772,0.5160377486139576,0.07833913644693959,2.611505492752896,0.153,5.724970235306071,6.0,0.024999999999999998,0.056270273644517914,0.9803921568627451,2.5790434261753856,2.611505492752896,2.612785496013871,6.295453315635518e-10,0.013997661075749802,0.26280321626577485,0.00010000011857921843,0.9677451612941477,1.0,0.0005912552900622074,0.9677610082351633,1.0,0.022263171355498768,0.9684601023017902,1.0,0.0,0.0,0.0,0.0,0.0,0.8322679428400073,-0.5160377486139576,0.5158086852350772,0.007048077965733824
108.80000000000001,0.5160615108898282,0.5158176800579795,0.5160443711074661,0.07833569050810192,2.6115545137202125,0.153,5.7249716023763355,6.0,0.024999999999999998,0.05627026521808754,0.9803921568627451,2.5790884002898973,2.6115545137202125,2.6128322675002824,6.292126595088553e-10,0.013997023025956139,0.26279375556076257,0.00010000011857921843,0.9677451612941477,1.0,0.0005912552900622074,0.9677610082351633,1.0,0.022263171355498768,0.9684601023017902,1.0,0.0,0.0,0.0,0.0,0.0,0.8322666428117611,-0.5160443711074661,0.5158176800579795,0.007047533033229136
109.0,0.5160678863227152,0.5158265816519707,0.5160509248091569,0.0783322804098385,2.6116030268290076,0.153,5.724972955278521,6.0,0.024999999999999998,0.0562702568790481,0.9803921568627451,2.5791329082598535,2.6116030268290076,2.6128785543057216,6.288836015432179e-10,0.013996391614005375,0.2627843931297757,0.00010000011857921843,0.9677451612941477,1.0,0.0005912552900622074,0.9677610082351633,1.0,0.022263171355498768,0.9684601023017902,1.0,0.0,0.0,0.0,0.0,0.0,0.8322653562569378,-0.5160509248091569,0.5158265816519707,0.007046993711934535
109.2,0.5160741955286573,0.5158353909788937,0.5160574104318829,0.07832890577980901,2.611651037314095,0.153,5.724974294158774,6.0,0.024999999999999998,0.056270248626496905,0.9803921568627451,2.5791769548944687,2.611651037314095,2.6129243614287265,6.285581157068989e-10,0.013995766770905093,0.262775127954453,0.00010000011857921843,0.9677451612941477,1.0,0.0005912552900622074,0.9677610082351633,1.0,0.022263171355498768,0.9684601023017902,1.0,0.0,0.0,0.0,0.0,0.0,0.8322640830365535,-0.5160574104318829,0.5158353909788937,0.007046459944720421
109.4,0.5160804391939612,0.5158441089907605,0.5160638286811458,0.07832556624953232,2.6116985503568877,0.153,5.724975619161747,6.0,0.024999999999999998,0.05627024045954046,0.9803921568627451,2.5792205449538024,2.6116985503568877,2.612969693816784,6.282361603639811e-10,0.01399514842837865,0.2627659590269346,0.00010000011857921843,0.9677451612941477,1.0,0.0005912552900622074,0.9677610082351633,1.0,0.022263171355498768,0.9684601023017902,1.0,0.0,0.0,0.0,0.0,0.0,0.832262823013044,-0.5160638286811458,0.5158441089907605,0.007045931675025397
109.60000000000001,0.5160866179978539,0.5158527366298497,0.5160701802551713,0.07832226145434669,2.611745571085918,0.153,5.724976930430618,6.0,0.024999999999999998,0.05627023237729447,0.9803921568627451,2.579263683149248,2.611745571085918,2.613014556366838,6.279176949544619e-10,0.01399453651885778,0.26275688534975533,0.00010000011857921843,0.9677451612941477,1.0,0.0005912552900622074,0.9677610082351633,1.0,0.022263171355498768,0.9684601023017902,1.0,0.0,0.0,0.0,0.0,0.0,0.8322615760502509,-0.5160701802551713,0.5158527366298497,0.007045408846850756
109.80000000000001,0.5160927326125586,0.5158612748288051,0.516076465844984,0.07831899103337027,2.611792104577373,0.153,5.724978228107094,6.0,0.024999999999999998,0.05627022437888369,0.9803921568627451,2.579306374144025,2.611792104577373,2.6130589539257985,6.276026804178882e-10,0.013993930975475253,0.2627479059357372,0.00010000011857921843,0.9677451612941477,1.0,0.0005912552900622074,0.9677610082351633,1.0,0.022263171355498768,0.9684601023017902,1.0,0.0,0.0,0.0,0.0,0.0,0.8322603420134085,-0.516076465844984,0.5158612748288051,0.007044891404755347
110.0,0.5160987837033627,0.5158697245107318,0.5160826861344799,0.07831575462946226,2.6118381558556156,0.153,5.7249795123314415,6.0,0.024999999999999998,0.05627021646344186,0.9803921568627451,2.579348622553659,2.611838155855616,2.6131028912910415,6.272910790538429e-10,0.01399333173205766,0.2627390198078859,0.00010000011857921843,0.9677451612941477,1.0,0.0005912552900622074,0.9677610082351633,1.0,0.022263171355498768,0.9684601023017902,1.0,0.0,0.0,0.0,0.0,0.0,0.8322591207691276,-0.5160826861344799,0.5158697245107318,0.007044379293850803
110.2,0.5161047719286921,0.5158780865892925,0.5160888418005001,0.07831255188918408,2.611883729893707,0.153,5.7249807832424855,6.0,0.024999999999999998,0.056270208630111555,0.9803921568627451,2.5793904329464623,2.611883729893707,2.6131463732109044,6.26982853895092e-10,0.0139927387231182,0.2627302259992856,0.00010000011857921843,0.9677451612941477,1.0,0.0005912552900622074,0.9677610082351633,1.0,0.022263171355498768,0.9684601023017902,1.0,0.0,0.0,0.0,0.0,0.0,0.8322579121853841,-0.5160888418005001,0.5158780865892925,0.007043872459794465
110.4,0.5161106979401787,0.5158863619688023,0.5160949335129026,0.07830938246276144,2.611928831613911,0.153,5.724982040977639,6.0,0.024999999999999998,0.056270200878044234,0.9803921568627451,2.5794318098440114,2.611928831613911,2.613189404385182,6.266779679365807e-10,0.01399215188384962,0.2627215235529963,0.00010000011857921843,0.9677451612941477,1.0,0.0005912552900622074,0.9677610082351633,1.0,0.022263171355498768,0.9684601023017902,1.0,0.0,0.0,0.0,0.0,0.0,0.8322567161315038,-0.5160949335129026,0.5158863619688023,0.0070433708487865525
110.60000000000001,0.5161165623827307,0.5158945515443215,0.5161009619346333,0.07830624600404626,2.6119734658882123,0.153,5.7249832856728995,6.0,0.024999999999999998,0.05627019320639996,0.9803921568627451,2.5794727577216072,2.6119734658882123,2.613231989465608,6.263763836410708e-10,0.01399157115011716,0.2627129115219524,0.00010000011857921843,0.9677451612941477,1.0,0.0005912552900622074,0.9677610082351633,1.0,0.022263171355498768,0.9684601023017902,1.0,0.0,0.0,0.0,0.0,0.0,0.8322555324781491,-0.5161009619346333,0.5158945515443215,0.007042874407564
110.80000000000001,0.5161223658946016,0.5159026562017502,0.5161069277217974,0.07830314217047936,2.6120176375388184,0.153,5.724984517462882,6.0,0.024999999999999998,0.05627018561434748,0.9803921568627451,2.579513281008751,2.6120176375388184,2.6132741330563434,6.260780629883284e-10,0.013990996458451609,0.2627043889688607,0.00010000011857921843,0.9677451612941477,1.0,0.0005912552900622074,0.9677610082351633,1.0,0.022263171355498768,0.9684601023017902,1.0,0.0,0.0,0.0,0.0,0.0,0.8322543610973072,-0.5161069277217974,0.5159026562017502,0.007042383083395319
111.0,0.5161281091074577,0.5159106768179196,0.516112831523729,0.07830007062305344,2.6120613513386495,0.153,5.72498573648082,6.0,0.024999999999999998,0.05627017810106404,0.9803921568627451,2.5795533840895977,2.6120613513386495,2.6133158397144456,6.257829680349886e-10,0.013990427746042432,0.2626959549661015,0.00010000011857921843,0.9677451612941477,1.0,0.0005912552900622074,0.9677610082351633,1.0,0.022263171355498768,0.9684601023017902,1.0,0.0,0.0,0.0,0.0,0.0,0.8322532018622744,-0.516112831523729,0.5159106768179196,0.007041896824073909
111.2,0.5161337926464467,0.5159186142606831,0.5161186739830596,0.07829703102627646,2.6121046120118456,0.153,5.724986942858581,6.0,0.024999999999999998,0.05627017066573534,0.9803921568627451,2.579593071303415,2.6121046120118456,2.6133571139503515,6.254910616719421e-10,0.013989864950730953,0.26268760859562906,0.00010000011857921843,0.9677451612941477,1.0,0.0005912552900622074,0.9677610082351633,1.0,0.022263171355498768,0.9684601023017902,1.0,0.0,0.0,0.0,0.0,0.0,0.8322520546476427,-0.5161186739830596,0.5159186142606831,0.007041415577916763
111.4,0.5161394171302628,0.5159264693890072,0.5161244557357882,0.07829402304813513,2.612147424234243,0.153,5.724988136726688,6.0,0.024999999999999998,0.05627016330755543,0.9803921568627451,2.579632346945036,2.612147424234243,2.6133979602283395,6.252023081591078e-10,0.013989308011003591,0.26267934894887396,0.00010000011857921843,0.9677451612941477,1.0,0.0005912552900622074,0.9677610082351633,1.0,0.022263171355498768,0.9684601023017902,1.0,0.0,0.0,0.0,0.0,0.0,0.8322509193292896,-0.5161244557357882,0.5159264693890072,0.007040939293756023
111.60000000000001,0.5161449831712135,0.5159342430530605,0.5161301774113478,0.07829104636005914,2.6121897926338713,0.153,5.724989318214322,6.0,0.024999999999999998,0.05627015602572663,0.9803921568627451,2.5796712152653023,2.6121897926338713,2.6134383829669963,6.249166731417662e-10,0.01398875686598522,0.262671175126646,0.00010000011857921843,0.9677451612941477,1.0,0.0005912552900622074,0.9677610082351633,1.0,0.022263171355498768,0.9684601023017902,1.0,0.0,0.0,0.0,0.0,0.0,0.8322497957843633,-0.5161301774113478,0.5159342430530605,0.007040467920936786
111.80000000000001,0.5161504913752843,0.5159419360943022,0.5161358396326732,0.0782881006368857,2.6122317217914235,0.153,5.724990487449348,6.0,0.024999999999999998,0.05627014881945945,0.9803921568627451,2.579709680471511,2.6122317217914235,2.6134783865396716,6.2463412313885e-10,0.013988211455432553,0.2626630862390383,0.00010000011857921843,0.9677451612941477,1.0,0.0005912552900622074,0.9677610082351633,1.0,0.022263171355498768,0.9684601023017902,1.0,0.0,0.0,0.0,0.0,0.0,0.8322486838912704,-0.5161358396326732,0.5159419360943022,0.007040001409308378
112.0,0.5161559423422056,0.5159495493455707,0.5161414430162675,0.07828518555682415,2.6122732162407347,0.153,5.724991644558312,6.0,0.024999999999999998,0.05627014168797253,0.9803921568627451,2.579747746727853,2.6122732162407347,2.6135179752749416,6.243546247836988e-10,0.013987671719727594,0.26265508140533217,0.00010000011857921843,0.9677451612941477,1.0,0.0005912552900622074,0.9677610082351633,1.0,0.022263171355498768,0.9684601023017902,1.0,0.0,0.0,0.0,0.0,0.0,0.8322475835296619,-0.5161414430162675,0.5159495493455707,0.007039539709224352
112.2,0.5161613366655128,0.5159570836311685,0.5161469881722676,0.07828230080142125,2.612314280469254,0.153,5.7249927896664685,6.0,0.024999999999999998,0.05627013463049251,0.9803921568627451,2.5797854181558426,2.612314280469254,2.6135571534570525,6.24078144232499e-10,0.01398713759987118,0.26264715975390346,0.00010000011857921843,0.9677451612941477,1.0,0.0005912552900622074,0.9677610082351633,1.0,0.022263171355498768,0.9684601023017902,1.0,0.0,0.0,0.0,0.0,0.0,0.8322464945804222,-0.5161469881722676,0.5159570836311685,0.0070390827715349725
112.4,0.5161666749326138,0.5159645397669517,0.51615247570451,0.07827944605552663,2.6123549189185096,0.153,5.724993922897794,6.0,0.024999999999999998,0.05627012764625396,0.9803921568627451,2.579822698834758,2.6123549189185096,2.613595925326369,6.238046470615929e-10,0.013986609037476576,0.26263932042212873,0.00010000011857921843,0.9677451612941477,1.0,0.0005912552900622074,0.9677610082351633,1.0,0.022263171355498768,0.9684601023017902,1.0,0.0,0.0,0.0,0.0,0.0,0.8322454169256569,-0.51615247570451,0.5159645397669517,0.0070386305475806845
112.60000000000001,0.5161719577248496,0.5159719185604111,0.5161579062105944,0.07827662100725881,2.612395135984569,0.153,5.724995044374987,6.0,0.024999999999999998,0.056270120734499364,0.9803921568627451,2.579859592802056,2.612395135984569,2.6136342950798146,6.235340987048376e-10,0.01398608597476314,0.2626315625562936,0.00010000011857921843,0.9677451612941477,1.0,0.0005912552900622074,0.9677610082351633,1.0,0.022263171355498768,0.9684601023017902,1.0,0.0,0.0,0.0,0.0,0.0,0.8322443504486795,-0.5161579062105944,0.5159719185604111,0.007038182989190938
112.80000000000001,0.5161771856175558,0.5159792208107596,0.5161632802819488,0.07827382534797125,2.612434936018499,0.153,5.724996154219488,6.0,0.024999999999999998,0.05627011389447893,0.9803921568627451,2.579896104053798,2.612434936018499,2.613672266871316,6.232664651853667e-10,0.013985568354550051,0.2626238853115017,0.00010000011857921843,0.9677451612941477,1.0,0.0005912552900622074,0.9677610082351633,1.0,0.022263171355498768,0.9684601023017902,1.0,0.0,0.0,0.0,0.0,0.0,0.8322432950339987,-0.5161632802819488,0.5159792208107596,0.007037740048679306
113.0,0.5161823591801266,0.5159864473090147,0.5161685985038914,0.07827105877221904,2.612474323326814,0.153,5.724997252551497,6.0,0.024999999999999998,0.05627010712545061,0.9803921568627451,2.579932236545073,2.612474323326814,2.6137100548870316,6.230017137356166e-10,0.01398505612025009,0.2626162878515836,0.00010000011857921843,0.9677451612941477,1.0,0.0005912552900622074,0.9677610082351633,1.0,0.022263171355498768,0.9684601023017902,1.0,0.0,0.0,0.0,0.0,0.0,0.8322422505673093,-0.5161685985038914,0.5159864473090147,0.007037388509754405
113.2,0.5161874789760731,0.5159935988380807,0.5161738614556943,0.07826832097772582,2.61251330217193,0.153,5.72499833948998,6.0,0.024999999999999998,0.05627010042667995,0.9803921568627451,2.5799679941904032,2.61251330217193,2.6137475093874674,6.227398129627621e-10,0.013984549215863515,0.26260876934900795,0.00010000011857921843,0.9677451612941477,1.0,0.0005912552900622074,0.9677610082351633,1.0,0.022263171355498768,0.9684601023017902,1.0,0.0,0.0,0.0,0.0,0.0,0.8322412169354754,-0.5161738614556943,0.5159935988380807,0.007037064751413384
113.4,0.5161925455630839,0.5160006761728312,0.5161790697106446,0.07826561166535101,2.6125518767726046,0.153,5.724999415152683,6.0,0.024999999999999998,0.05627009379744009,0.9803921568627451,2.580003380864156,2.6125518767726046,2.613784575383635,6.224807324681274e-10,0.013984047585971974,0.2626013289847934,0.00010000011857921843,0.9677451612941477,1.0,0.0005912552900622074,0.9677610082351633,1.0,0.022263171355498768,0.9684601023017902,1.0,0.0,0.0,0.0,0.0,0.0,0.8322401940265223,-0.5161790697106446,0.5160006761728312,0.007036744333907586
113.60000000000001,0.5161975594930881,0.5160076800801906,0.5161842238361063,0.07826293053905736,2.6125900513043767,0.153,5.725000479656144,6.0,0.024999999999999998,0.0562700872370116,0.9803921568627451,2.580038400400953,2.6125900513043767,2.613821256889907,6.22224442129471e-10,0.013983551175732481,0.2625939659484196,0.00010000011857921843,0.9677451612941477,1.0,0.0005912552900622074,0.9677610082351633,1.0,0.022263171355498768,0.9684601023017902,1.0,0.0,0.0,0.0,0.0,0.0,0.8322391817296255,-0.5161842238361063,0.5160076800801906,0.007036427223075523
113.80000000000001,0.5162025213123099,0.5160146113192141,0.5161893243935809,0.07826027730587892,2.612627829900004,0.153,5.725001533115706,6.0,0.024999999999999998,0.056270080744682455,0.9803921568627451,2.5800730565960706,2.612627829900004,2.613857557879497,6.219709114393156e-10,0.013983059930871459,0.26258667943774155,0.00010000011857921843,0.9677451612941477,1.0,0.0005912552900622074,0.9677610082351633,1.0,0.022263171355498768,0.9684601023017902,1.0,0.0,0.0,0.0,0.0,0.0,0.8322381799350954,-0.5161893243935809,0.5160146113192141,0.007036113385099498
114.0,0.5162074315613293,0.5160214706411667,0.5161943719387673,0.07825765167588933,2.612665216649894,0.153,5.725002575645528,6.0,0.024999999999999998,0.05627007431974796,0.9803921568627451,2.5801073532058334,2.612665216649894,2.613893482284873,6.217201092598611e-10,0.013982573797678862,0.26257946865890386,0.00010000011857921843,0.9677451612941477,1.0,0.0005912552900622074,0.9677610082351633,1.0,0.022263171355498768,0.9684601023017902,1.0,0.0,0.0,0.0,0.0,0.0,0.832237188534368,-0.5161943719387673,0.5160214706411667,0.007035802786500758
114.2,0.5162122907751389,0.5160282587896023,0.5161993670216216,0.07825505336217037,2.6127022156025266,0.153,5.725003607358596,6.0,0.024999999999999998,0.05627006796151067,0.9803921568627451,2.5801412939480115,2.6127022156025266,2.6139290339981702,6.214720041245654e-10,0.013982092723002326,0.26257233282625486,0.00010000011857921843,0.9677451612941477,1.0,0.0005912552900622074,0.9677610082351633,1.0,0.022263171355498768,0.9684601023017902,1.0,0.0,0.0,0.0,0.0,0.0,0.8322362074199946,-0.5161993670216216,0.5160282587896023,0.0070354953941379255
114.4,0.516217099483204,0.5160349765004422,0.5162043101864158,0.07825248208078084,2.612738830764883,0.153,5.725004628366744,6.0,0.024999999999999998,0.056270061669280315,0.9803921568627451,2.580174882502211,2.612738830764883,2.613964216871596,6.212265649155899e-10,0.0139816166542414,0.26256527116226314,0.00010000011857921843,0.9677451612941477,1.0,0.0005912552900622074,0.9677610082351633,1.0,0.022263171355498768,0.9684601023017902,1.0,0.0,0.0,0.0,0.0,0.0,0.8322352364856279,-0.5162043101864158,0.5160349765004422,0.007035191175201403
114.60000000000001,0.5162218582095157,0.5160416245020519,0.516209201971796,0.07824993755072578,2.612775066102862,0.153,5.7250056387806465,6.0,0.024999999999999998,0.05627005544237369,0.9803921568627451,2.5802081225102595,2.612775066102862,2.613999034717837,6.209837615407411e-10,0.013981145539341829,0.26255828289743427,0.00010000011857921843,0.9677451612941477,1.0,0.0005912552900622074,0.9677610082351633,1.0,0.022263171355498768,0.9684601023017902,1.0,0.0,0.0,0.0,0.0,0.0,0.832234275626013,-0.516209201971796,0.5160416245020519,0.007034890097211996
114.80000000000001,0.516226567472648,0.5160482035153173,0.5162140429108405,0.07824741949392598,2.6128109255416927,0.153,5.725006638709851,6.0,0.024999999999999998,0.05627004928011468,0.9803921568627451,2.5802410175765864,2.6128109255416927,2.6140334913104546,6.207435652355864e-10,0.013980679326789884,0.2625513672702277,0.00010000011857921843,0.9677451612941477,1.0,0.0005912552900622074,0.9677610082351633,1.0,0.022263171355498768,0.9684601023017902,1.0,0.0,0.0,0.0,0.0,0.0,0.8322333247369746,-0.5162140429108405,0.5160482035153173,0.0070345921280173295
115.0,0.5162312277858155,0.516054714253721,0.5162188335311169,0.07824492763518798,2.612846412966347,0.153,5.725007628262775,6.0,0.024999999999999998,0.05627004318183407,0.9803921568627451,2.5802735712686045,2.612846412966347,2.6140675903842823,6.205059483241329e-10,0.013980217965606808,0.26254452352697594,0.00010000011857921843,0.9677451612941477,1.0,0.0005912552900622074,0.9677610082351633,1.0,0.022263171355498768,0.9684601023017902,1.0,0.0,0.0,0.0,0.0,0.0,0.8322323837154091,-0.5162188335311169,0.516054714253721,0.007034297235787266
115.2,0.5162358396569259,0.5160611574234165,0.5162235743547378,0.07824246170217401,2.6128815322219454,0.153,5.725008607546728,6.0,0.024999999999999998,0.05627003714686956,0.9803921568627451,2.5803057871170827,2.6128815322219454,2.614101335635819,6.202708835696748e-10,0.013979761405343228,0.26253775092180326,0.00010000011857921843,0.9677451612941477,1.0,0.0005912552900622074,0.9677610082351633,1.0,0.022263171355498768,0.9684601023017902,1.0,0.0,0.0,0.0,0.0,0.0,0.8322314524592689,-0.5162235743547378,0.5160611574234165,0.007034005389013718
115.4,0.5162404035886364,0.5160675337233038,0.5162282658984176,0.07824002142537272,2.6129162871141594,0.153,5.72500957666791,6.0,0.024999999999999998,0.05627003117456565,0.9803921568627451,2.580337668616519,2.6129162871141594,2.6141347307236127,6.200383434719368e-10,0.013979309596073708,0.26253104871654614,0.00010000011857921843,0.9677451612941477,1.0,0.0005912552900622074,0.9677610082351633,1.0,0.022263171355498768,0.9684601023017902,1.0,0.0,0.0,0.0,0.0,0.0,0.8322305308675573,-0.5162282658984176,0.5160675337233038,0.007033716556503857
115.60000000000001,0.5162449200784052,0.5160738438451012,0.5162329086735287,0.07823760653806965,2.6129506814096137,0.153,5.725010535731436,6.0,0.024999999999999998,0.05627002526427363,0.9803921568627451,2.580369219225506,2.6129506814096137,2.614167779268647,6.198082998944943e-10,0.013978862488391301,0.2625244161806733,0.00010000011857921843,0.9677451612941477,1.0,0.0005912552900622074,0.9677610082351633,1.0,0.022263171355498768,0.9684601023017902,1.0,0.0,0.0,0.0,0.0,0.0,0.8322296188403129,-0.5162329086735287,0.5160738438451012,0.0070334307073800185
115.80000000000001,0.516249389618548,0.5160800884734192,0.5162375031861541,0.07823521677631849,2.6129847188362736,0.153,5.7250114848413425,6.0,0.024999999999999998,0.056270019415351404,0.9803921568627451,2.5804004423670963,2.6129847188362736,2.6142004848547242,6.195807242232515e-10,0.013978420033402177,0.26251785259120847,0.00010000011857921843,0.9677451612941477,1.0,0.0005912552900622074,0.9677610082351633,1.0,0.022263171355498768,0.9684601023017902,1.0,0.0,0.0,0.0,0.0,0.0,0.8322287162786022,-0.5162375031861541,0.5160800884734192,0.00703314781107613
116.0,0.5162538126962872,0.5160862682858322,0.5162420499371437,0.07823285187891248,2.613018403083843,0.153,5.725012424100589,6.0,0.024999999999999998,0.05627001362716352,0.9803921568627451,2.580431341429161,2.613018403083843,2.6142328510288353,6.193555879641653e-10,0.013977982182720328,0.26251135723265184,0.00010000011857921843,0.9677451612941477,1.0,0.0005912552900622074,0.9677610082351633,1.0,0.022263171355498768,0.9684601023017902,1.0,0.0,0.0,0.0,0.0,0.0,0.832227823084509,-0.5162420499371437,0.5160862682858322,0.007032867837333485
116.2,0.5162581897938086,0.5160923839529502,0.5162465494221674,0.07823051158735592,2.613051737804147,0.153,5.725013353611085,6.0,0.024999999999999998,0.05627000789908109,0.9803921568627451,2.5804619197647507,2.613051737804147,2.6142648813015352,6.191328634475705e-10,0.013977548888462293,0.2625049293969037,0.00010000011857921843,0.9677451612941477,1.0,0.0005912552900622074,0.9677610082351633,1.0,0.022263171355498768,0.9684601023017902,1.0,0.0,0.0,0.0,0.0,0.0,0.8322269391611214,-0.5162465494221674,0.5160923839529502,0.007032590756196976
116.4,0.5162625213883081,0.5160984361384887,0.516251002131768,0.07822819564583619,2.6130847266115174,0.153,5.725014273473687,6.0,0.024999999999999998,0.05627000223048165,0.9803921568627451,2.5804921806924432,2.6130847266115174,2.614296579147318,6.189125242495387e-10,0.013977120103241944,0.2624985683831885,0.00010000011857921843,0.9677451612941477,1.0,0.0005912552900622074,0.9677610082351633,1.0,0.022263171355498768,0.9684601023017902,1.0,0.0,0.0,0.0,0.0,0.0,0.832226064412525,-0.516251002131768,0.5160984361384887,0.007032316538016478
116.60000000000001,0.5162668079520488,0.5161044254993397,0.5162554085514145,0.07822590380119607,2.6131173730831705,0.153,5.72501518378822,6.0,0.024999999999999998,0.05626999662074919,0.9803921568627451,2.5805221274966983,2.6131173730831705,2.6143279480049726,6.186945450979801e-10,0.013976695780165367,0.2624922734979793,0.00010000011857921843,0.9677451612941477,1.0,0.0005912552900622074,0.9677610082351633,1.0,0.022263171355498768,0.9684601023017902,1.0,0.0,0.0,0.0,0.0,0.0,0.8322251987437923,-0.5162554085514145,0.5161044254993397,0.007032045153438862
116.80000000000001,0.5162710499524042,0.51611035268564,0.5162597691615535,0.07822363580290614,2.613149680759584,0.153,5.725016084653478,6.0,0.024999999999999998,0.05626999106927403,0.9803921568627451,2.5805517634282,2.6131496807595846,2.6143589912779515,6.18478901315348e-10,0.013976275872825718,0.2624860440549236,0.00010000011857921843,0.9677451612941477,1.0,0.0005912552900622074,0.9677610082351633,1.0,0.022263171355498768,0.9684601023017902,1.0,0.0,0.0,0.0,0.0,0.0,0.8322243420609693,-0.5162597691615535,0.51611035268564,0.007031776573407992
117.0,0.5162752478519154,0.5161162183408401,0.5162640844376614,0.07822139140303763,2.613181653144871,0.153,5.725016976167242,6.0,0.024999999999999998,0.05626998557545276,0.9803921568627451,2.5805810917042002,2.6131816531448715,2.6143897123347246,6.182655681041284e-10,0.013975860335298199,0.26247987937476946,0.00010000011857921843,0.9677451612941477,1.0,0.0005912552900622074,0.9677610082351633,1.0,0.022263171355498768,0.9684601023017902,1.0,0.0,0.0,0.0,0.0,0.0,0.8322234942710691,-0.5162640844376614,0.5161162183408401,0.0070315107691605976
117.2,0.5162794021083382,0.5161220231017724,0.5162683548502953,0.07821917035623556,2.613213293707143,0.153,5.725017858426285,6.0,0.024999999999999998,0.05626998013868821,0.9803921568627451,2.5806101155088617,2.613213293707143,2.614420114509138,6.180545200662441e-10,0.013975449122135079,0.26247377878529243,0.00010000011857921843,0.9677451612941477,1.0,0.0005912552900622074,0.9677610082351633,1.0,0.022263171355498768,0.9684601023017902,1.0,0.0,0.0,0.0,0.0,0.0,0.832222655282062,-0.5162683548502953,0.5161220231017724,0.007031247712223979
117.4,0.516283513174691,0.5161277675987183,0.5162725808651435,0.07821697241969203,2.6132446058788785,0.153,5.725018731526387,6.0,0.024999999999999998,0.05626997475838936,0.9803921568627451,2.5806388379935914,2.6132446058788785,2.6144502011007646,6.178457312171887e-10,0.013975042188360714,0.2624677416212235,0.00010000011857921843,0.9677451612941477,1.0,0.0005912552900622074,0.9677610082351633,1.0,0.022263171355498768,0.9684601023017902,1.0,0.0,0.0,0.0,0.0,0.0,0.8322218250028635,-0.5162725808651435,0.5161277675987183,0.007030987374413529
117.60000000000001,0.516287581499305,0.5161334524554745,0.5162767629430756,0.07821479735311992,2.613275593057285,0.153,5.725019595562346,6.0,0.024999999999999998,0.056269969433971244,0.9803921568627451,2.5806672622773723,2.613275593057285,2.614479975375249,6.176391754827577e-10,0.013974639489466693,0.26246176722417786,0.00010000011857921843,0.9677451612941477,1.0,0.0005912552900622074,0.9677610082351633,1.0,0.022263171355498768,0.9684601023017902,1.0,0.0,0.0,0.0,0.0,0.0,0.8322210033433266,-0.5162767629430756,0.5161334524554745,0.007030729727828694
117.80000000000001,0.5162916075258724,0.5161390782894189,0.5162809015401917,0.07821264491872683,2.613306258604654,0.153,5.725020450627976,6.0,0.024999999999999998,0.05626996416485497,0.9803921568627451,2.5806953914470943,2.613306258604654,2.6145094405646527,6.174348274012738e-10,0.013974240981406972,0.26245585494258333,0.00010000011857921843,0.9677451612941477,1.0,0.0005912552900622074,0.9677610082351633,1.0,0.022263171355498768,0.9684601023017902,1.0,0.0,0.0,0.0,0.0,0.0,0.8322201902142317,-0.5162809015401917,0.5161390782894189,0.007030474744851508
118.0,0.516295591693493,0.5161446457115763,0.5162849971078725,0.07821051488118903,2.613336605848716,0.153,5.725021296816132,6.0,0.024999999999999998,0.05626995895046758,0.9803921568627451,2.5807232285578814,2.613336605848716,2.6145385998678,6.172326626426374e-10,0.013973846620593075,0.2624500041316106,0.00010000011857921843,0.9677451612941477,1.0,0.0005912552900622074,0.9677610082351633,1.0,0.022263171355498768,0.9684601023017902,1.0,0.0,0.0,0.0,0.0,0.0,0.8322193855272773,-0.5162849971078725,0.5161446457115763,0.007030222398143011
118.2,0.5162995344367234,0.5161501553266828,0.5162890500928268,0.07820840700762619,2.6133666380829927,0.153,5.725022134218713,6.0,0.024999999999999998,0.05626995379024206,0.9803921568627451,2.580750776633414,2.6133666380829927,2.6145674564506067,6.17032658058019e-10,0.01397345636388937,0.2624442141531046,0.00010000011857921843,0.9677451612941477,1.0,0.0005912552900622074,0.9677610082351633,1.0,0.022263171355498768,0.9684601023017902,1.0,0.0,0.0,0.0,0.0,0.0,0.83221858919507,-0.5162890500928268,0.5161501553266828,0.0070299726606404
118.4,0.5163034361856204,0.5161556077332493,0.5162930609371394,0.07820632106757595,2.6133963585671416,0.153,5.725022962926672,6.0,0.024999999999999998,0.056269948683617184,0.9803921568627451,2.580778038666246,2.6133963585671416,2.614596013446424,6.168347912331964e-10,0.013973070168608378,0.2624384843755151,0.00010000011857921843,0.9677451612941477,1.0,0.0005912552900622074,0.9677610082351633,1.0,0.022263171355498768,0.9684601023017902,1.0,0.0,0.0,0.0,0.0,0.0,0.8322178011311162,-0.5162930609371394,0.5161556077332493,0.007029725505555665
118.60000000000001,0.5163072973657907,0.5161610035236254,0.5162970300783198,0.07820425683296897,2.6134257705273005,0.153,5.725023783030025,6.0,0.024999999999999998,0.056269943630037574,0.9803921568627451,2.5808050176181268,2.6134257705273005,2.614624273956362,6.166390397913379e-10,0.013972687992506118,0.26243281417382874,0.00010000011857921843,0.9677451612941477,1.0,0.0005912552900622074,0.9677610082351633,1.0,0.022263171355498768,0.9684601023017902,1.0,0.0,0.0,0.0,0.0,0.0,0.8322170212498129,-0.5162970300783198,0.5161610035236254,0.007029480906370799
118.80000000000001,0.5163111183984368,0.5161663432840622,0.5163009579493484,0.07820221407810399,2.6134548771564297,0.153,5.725024594617862,6.0,0.024999999999999998,0.056269938628953534,0.9803921568627451,2.580831716420311,2.6134548771564297,2.6146522410496202,6.164453808274979e-10,0.013972309793777511,0.2624272029295022,0.00010000011857921843,0.9677451612941477,1.0,0.0005912552900622074,0.9677610082351633,1.0,0.022263171355498768,0.9684601023017902,1.0,0.0,0.0,0.0,0.0,0.0,0.832216249466438,-0.5163009579493484,0.5161663432840622,0.007029238836836347
119.0,0.5163148997003981,0.5161716275947738,0.5163048449787231,0.07820019257962349,2.6134836816146456,0.153,5.725025397778355,6.0,0.024999999999999998,0.05626993367982107,0.9803921568627451,2.5808581379738684,2.6134836816146456,2.614679917763813,6.162537907830031e-10,0.013971935531051822,0.26242165003039547,0.00010000011857921843,0.9677451612941477,1.0,0.0005912552900622074,0.9677610082351633,1.0,0.022263171355498768,0.9684601023017902,1.0,0.0,0.0,0.0,0.0,0.0,0.8322154856971402,-0.5163048449787231,0.5161716275947738,0.007028999270969371
119.2,0.5163186416842003,0.516176857029999,0.5163086915905061,0.07819819211648923,2.613512187029558,0.153,5.725026192598769,6.0,0.024999999999999998,0.05626992878210176,0.9803921568627451,2.580884285149995,2.613512187029558,2.6147073071052915,6.160642458248313e-10,0.013971565163388168,0.2624161548707055,0.00010000011857921843,0.9677451612941477,1.0,0.0005912552900622074,0.9677610082351633,1.0,0.022263171355498768,0.9684601023017902,1.0,0.0,0.0,0.0,0.0,0.0,0.8322147298589349,-0.5163086915905061,0.516176857029999,0.007028762183050251
119.4,0.5163223447580977,0.5161820321580625,0.5163124982043688,0.07819621246995845,2.6135403964965978,0.153,5.72502697916547,6.0,0.024999999999999998,0.056269923935262776,0.9803921568627451,2.5809101607903124,2.613540396496598,2.614734412049456,6.158767225174207e-10,0.013971198650271067,0.2624107168509017,0.00010000011857921843,0.9677451612941477,1.0,0.0005912552900622074,0.9677610082351633,1.0,0.022263171355498768,0.9684601023017902,1.0,0.0,0.0,0.0,0.0,0.0,0.832213981869689,-0.5163124982043688,0.5161820321580625,0.007028527547618823
119.60000000000001,0.5163260093261165,0.5161871535414345,0.5163162652356371,0.07819425342356004,2.613568313079344,0.153,5.725027757563936,6.0,0.024999999999999998,0.05626991913877676,0.9803921568627451,2.5809357677071723,2.613568313079344,2.6147612355410756,6.156911984147723e-10,0.013970835951606017,0.2624053353776612,0.00010000011857921843,0.9677451612941477,1.0,0.0005912552900622074,0.9677610082351633,1.0,0.022263171355498768,0.9684601023017902,1.0,0.0,0.0,0.0,0.0,0.0,0.8322132416481158,-0.5163162652356371,0.5161871535414345,0.0070282953394737386
119.80000000000001,0.516329635788102,0.5161922217367912,0.5163199930953369,0.07819231476307077,2.613595939809849,0.153,5.72502852787876,6.0,0.024999999999999998,0.05626991439212179,0.9803921568627451,2.580961108683956,2.6135959398098496,2.6147877804946016,6.155076522462326e-10,0.01397047702771512,0.2624000098638043,0.00010000011857921843,0.9677451612941477,1.0,0.0005912552900622074,0.9677610082351633,1.0,0.022263171355498768,0.9684601023017902,1.0,0.0,0.0,0.0,0.0,0.0,0.8322125091137675,-0.5163199930953369,0.5161922217367912,0.007028065533668607
120.0,0.5163332245402039,0.5161972372956654,0.5163236821906884,0.07819039627626805,2.613623279692244,0.153,5.725029290193763,6.0,0.024999999999999998,0.056269909694780816,0.9803921568627451,2.580986186478327,2.613623279692244,2.614814049797627,6.153260644678409e-10,0.013970121839291708,0.2623947397275881,0.00010000011857921843,0.9677451612941477,1.0,0.0005912552900622074,0.9677610082351633,1.0,0.022263171355498768,0.9684601023017902,1.0,0.0,0.0,0.0,0.0,0.0,0.832211784186937,-0.5163236821906884,0.5161972372956654,0.007027838105492267
