t,source_integral,heat_loss_surface,reactant_supply_surface,reactant_inventory,heat_inventory,J_min,J_mean,J_max,phi_min,phi_mean,phi_max,theta_min,theta_mean,theta_max,u_min,u_mean,u_max,A_min,A_mean,A_max,D_over_D0_min,D_over_D0_mean,D_over_D0_max,M_over_M0_min,M_over_M0_mean,M_over_M0_max,geometric_skin_thickness,functional_skin_thickness,A_functional_skin_thickness,D_functional_skin_thickness,M_functional_skin_thickness,surface_q,surface_n,surface_h,mean_abs_internal_h
0.0,0.019985931971108914,1.967741935483871e-05,0.6894955077750986,0.026012500000000004,4.9999999999999996e-05,1.2950064174641447,1.2999999999999998,1.3049935825358554,0.11494309397945156,0.11538546883058842,0.11582954182862426,1.6129032258064516e-06,4.9999999999999996e-05,9.838709677419355e-05,0.015006417464144738,0.02,0.024993582535855263,0.9969860330385746,0.9990407433915593,1.0,0.9989944328798402,0.999680026331643,1.0,0.9994970899680228,0.9998399815031443,1.0,0.0,0.0,0.0,0.0,0.0,-0.0009405127121299428,-0.6894955077750986,1.967741935483871e-05,2e-05
0.2,0.08698421587044275,0.006099393142072707,0.3929299310676329,0.10938811746374197,0.010860956208304745,1.2965682826520915,1.3001119194824116,1.3034374568958387,0.11508032027653085,0.115375070519567,0.11569001186206676,0.004349284012164984,0.010860956208304745,0.030496965710363533,0.019400568601319286,0.08429128345250367,0.4386715270462387,0.9979304042078915,0.9993912325543026,1.0,0.9993097266173531,0.9997969895740486,1.0,0.9996548037224829,0.9998984812762949,1.0,0.0,0.0,0.0,0.0,0.0,-0.00023580149789111104,-0.3929299310676329,0.006099393142072707,0.005419690556682435
0.4,0.13327834631791877,0.014075375549519768,0.3382357206763452,0.15946959588067702,0.03106711180105128,1.296661959135547,1.3001026252166343,1.3025301360655035,0.11516048331372855,0.11537578496597617,0.11568165391387077,0.008871082117831705,0.03106711180105128,0.07074314858719355,0.017606703550147595,0.12286002072809585,0.5168061133195068,0.9979869963947111,0.9994902147502931,1.0,0.9993286145247834,0.9998300007274805,1.0,0.9996642508930234,0.9999149893986989,1.0,0.0,0.0,0.0,0.0,0.0,0.0003129374659510409,-0.3382357206763452,0.014075375549519768,0.01286258971051769
0.6000000000000001,0.17113852478780905,0.02252001982417209,0.31382402345957094,0.19383631925921366,0.057960884147762404,1.2961426822611584,1.2999920303362427,1.3023842824077232,0.1151733801045989,0.1153856503411804,0.11572799974330038,0.017572881135336126,0.057960884147762404,0.1139575265396132,0.018702286869807027,0.14935416418344719,0.5516799664863272,0.9976732196015876,0.9994130810380054,1.0,0.9992238810526957,0.9998042623143931,1.0,0.9996118651945011,0.9999021164741487,1.0,0.0,0.0,0.0,0.0,0.0,0.0007819794190208618,-0.31382402345957094,0.02252001982417209,0.020200028383426168
0.8,0.20362937934280814,0.03115030718282862,0.30180681141755406,0.21770549018012936,0.09014742000564757,1.2952452307442028,1.2997934932650355,1.3027520129582504,0.11514086987237461,0.11540343018680124,0.11580818553859118,0.033627439859459936,0.09014742000564757,0.15839903464973865,0.024092577607541233,0.16780381047643655,0.5688474122606371,0.9971305290715454,0.9992321365253134,1.0,0.9990426881379957,0.9997438807784389,1.0,0.9995212294469143,0.9998719166144089,1.0,0.0,0.0,0.0,0.0,0.0,0.0011960473996533855,-0.30180681141755406,0.03115030718282862,0.026333279328680684
1.0,0.23221614148070202,0.0398711831178689,0.29631880738185196,0.23379547569687734,0.12668753652226514,1.294118136578261,1.299515858175967,1.3033342479572645,0.11508943330162409,0.11542833606783676,0.11590904706475291,0.05751393938385607,0.12668753652226514,0.20395280967649754,0.03175069061750999,0.1802920382116819,0.5766874180259257,0.996448256327035,0.9989839318447904,1.0,0.9988147983616587,0.9996610317912488,1.0,0.9994072234712519,0.9998304768185082,1.0,0.0,0.0,0.0,0.0,0.0,0.0015763349422880518,-0.29631880738185196,0.0398711831178689,0.031214057971824208
1.2000000000000002,0.25778683310414596,0.04866807556635752,0.29473855414397654,0.24380490016840156,0.1668800199678734,1.2928672806528494,1.2991639623158988,1.303935896546738,0.11503632992791331,0.11545993240288491,0.11602118968023975,0.0884538414023785,0.1668800199678734,0.24996977096814765,0.039633480570865985,0.18811467314909242,0.578944922651462,0.9956901299942639,0.9986949340789307,1.0,0.9985614502507851,0.9995645324239483,1.0,0.999280466235084,0.9997822050657212,1.0,0.0,0.0,0.0,0.0,0.0,0.0019414141481198383,-0.29473855414397654,0.04866807556635752,0.034750033358440055
1.4000000000000001,0.2809123661128929,0.0575643222113006,0.2956949261843195,0.24890655680517845,0.21016588611363715,1.2915597198305409,1.2987393669170841,1.3044508658521763,0.11499091604497304,0.11549806750749649,0.11613864825366399,0.12531194330541104,0.21016588611363718,0.2968250756385183,0.04639895684128893,0.19216647503574547,0.5775786768795436,0.9948965812331174,0.9983795460355996,1.0,0.9982961269996933,0.99945918223502,1.0,0.9991477002560956,0.9997295010183286,1.0,0.0,0.0,0.0,0.0,0.0,0.0023051911608005377,-0.2956949261843195,0.0575643222113006,0.03730676336245867
1.6,0.3019429597165061,0.06659411018372699,0.298404002000389,0.24997333639357858,0.2560710502920505,1.2902206034459407,1.2982413960234713,1.3048288521217788,0.11495760517257522,0.11554279015858011,0.11625918823445985,0.166952579156398,0.2560710502920505,0.34488056463076566,0.05135182150370781,0.19311500923750305,0.5737085685708728,0.9940827625489208,0.9980478253340388,1.0,0.9980238799170091,0.9993483331432633,1.0,0.9990114512953675,0.9996740405954838,1.0,0.0,0.0,0.0,0.0,0.0,0.002676154042512549,-0.298404002000389,0.06659411018372699,0.03923318649854301
1.8,0.3210660653101334,0.07578603264794732,0.30238929057590874,0.24770251321012263,0.30416770724984415,1.2888661194925883,1.2976681675598463,1.3050517626585625,0.11493796973572161,0.1155942647674719,0.1163813663276782,0.21234908862947457,0.30416770724984415,0.3938259256622155,0.054248785628791645,0.1914948332763332,0.5680152991772732,0.9932584504282309,0.9977018213684574,1.0,0.997747970946615,0.9992326657533006,1.0,0.9988733507405574,0.9996161637874664,1.0,0.0,0.0,0.0,0.0,0.0,0.0030580598956843758,-0.30238929057590874,0.07578603264794732,0.04058367055407876
2.0,0.33835561628628874,0.08515476715759636,0.30734319967632007,0.24268905816756078,0.35404914165035417,1.2874929474729944,1.2970174213907153,1.3051191706217178,0.11493203331657806,0.11565270013891576,0.11650549255000583,0.2606002321448347,0.35404914165035417,0.443710156941601,0.055133561637186586,0.18776265826715668,0.5609382861766856,0.9924215780429503,0.9973348927477348,1.0,0.997467701673593,0.9991099607142153,1.0,0.9987330481730642,0.9995547601912483,1.0,0.0,0.0,0.0,0.0,0.0,0.0034511395630925645,-0.30734319967632007,0.08515476715759636,0.041549557496413
2.2,0.35382107864757373,0.09469811596958974,0.31305059648126127,0.23546913923140597,0.4053148680702847,1.2860889691089752,1.2962871057282466,1.3050395353866224,0.11493904662096079,0.1157182966760946,0.11663267752301974,0.31091852338911896,0.4053148680702847,0.49493268334637747,0.0542221317538594,0.1823301084706323,0.5527848621696267,0.9915646928023978,0.9969472546470962,1.0,0.9971805667730715,0.998980280319682,1.0,0.9985892882331759,0.9994898597676837,1.0,0.0,0.0,0.0,0.0,0.0,0.003853252687327613,-0.31305059648126127,0.09469811596958974,0.04246096111417538
2.4000000000000004,0.36744749529550436,0.10439728829523526,0.31934572942577927,0.2265425837728455,0.4575652918978432,1.2846399888864275,1.2954757549998206,1.3048250582591134,0.11495793941919595,0.11579121077290175,0.11676423067759663,0.36261344877785073,0.4575652918978432,0.5471063783546817,0.05182548447243585,0.17558073136237662,0.5437918151060296,0.9906790265121611,0.9965317861346544,1.0,0.9968836136855329,0.998841238425304,1.0,0.9984405908427065,0.9994202678421498,1.0,0.0,0.0,0.0,0.0,0.0,0.0042608121581234615,-0.31934572942577927,0.10439728829523526,0.043319992400769516
2.6,0.3792342933916192,0.11421914559293232,0.32608824106171047,0.21638093752585277,0.51040401628799,1.2831328436083778,1.2945827060494777,1.3044886899665136,0.1149875818423926,0.11587153327633563,0.11690137989000084,0.415079799374612,0.51040401628799,0.5998455534916467,0.048298315057799364,0.16787620095874314,0.5341596556261279,0.989756387405575,0.9960812255626669,1.0,0.9965740757835178,0.998690399456793,1.0,0.9982855681064214,0.9993447647059629,1.0,0.0,0.0,0.0,0.0,0.0,0.004669476292585503,-0.32608824106171047,0.11421914559293232,0.044126553126430774
2.8000000000000003,0.38922555711651874,0.12411960833172193,0.33315107532993,0.20542527053707976,0.563446304324735,1.2815571643797878,1.2936081953646468,1.3040425534281423,0.1150269211734474,0.11595927868990223,0.11704511056484382,0.46779228268204204,0.563446304324735,0.6528942921341079,0.0440016091740895,0.15955476108567476,0.5240698923858143,0.9887902415966696,0.9955933773261124,1.0,0.9962497354827775,0.9985270142993078,1.0,0.9981231062000665,0.999262973620141,1.0,0.0,0.0,0.0,0.0,0.0,0.005074671828260616,-0.33315107532993,0.12411960833172193,0.04492897371836324
3.0,0.39752677180820856,0.13404780113354517,0.3404161594085869,0.1940773746721751,0.6163317655302033,1.2799061435212462,1.2925533631016635,1.3034971653717562,0.1150750488645828,0.11605438300269602,0.11719609344738646,0.5203054918715342,0.6163317655302033,0.705967730078059,0.03927529956890674,0.15092461502552865,0.5136912008448759,0.9877761935698082,0.9950630784656828,1.0,0.9959090868241015,0.9983493434684199,1.0,0.997952446965692,0.999174022488833,1.0,0.0,0.0,0.0,0.0,0.0,0.0054719875788596245,-0.3404161594085869,0.13404780113354517,0.04575413227415066
3.2,0.4043100457990127,0.14395044178063557,0.34777440425939044,0.18268851042175116,0.6687382924481092,1.2781767224865184,1.2914201891436816,1.3028611786634012,0.11513122231018062,0.11615670788503192,0.11735466415645207,0.5722564636729379,0.6687382924481092,0.7587753969795726,0.03441768804238966,0.14225539405230506,0.5031794224865851,0.9867121165386028,0.994485750856965,1.0,0.9955513811770458,0.9981558416594501,1.0,0.9977732110460459,0.999077136209393,1.0,0.0,0.0,0.0,0.0,0.0,0.005857483734240568,-0.34777440425939044,0.14395044178063557,0.04661203841915944
3.4000000000000004,0.4098044702019122,0.15377611825943258,0.35512831224504654,0.1715488307814712,0.7203947121134419,1.2763693093993485,1.2902113751782647,1.302141404178514,0.1151948624923965,0.11626605002334829,0.11752084517810059,0.6233664986004352,0.7203947121134419,0.8111549448508288,0.0296719792345642,0.13377008058939432,0.49267383964993344,0.9855979963333388,0.9938573903115667,1.0,0.995176577055822,0.9979451545486095,1.0,0.9975853730246456,0.9989716351272577,1.0,0.0,0.0,0.0,0.0,0.0,0.00622791503046094,-0.35512831224504654,0.15377611825943258,0.04754631195950566
3.6,0.41427490209291273,0.16347891784923121,0.36239506728968784,0.16088056362522288,0.7710894859977719,1.2744872220812995,1.2889301891597,1.3013430188545607,0.11526553554805993,0.11638215413472924,0.11769439300854088,0.6734399566013235,0.771089485997772,0.8628594055002019,0.025219551050944502,0.125639750099651,0.48229276101473156,0.9844356064055307,0.9931729459889331,1.0,0.9947852331940724,0.9977155789072023,1.0,0.99738920813912,0.9988566651253269,1.0,0.0,0.0,0.0,0.0,0.0,0.006580868625821537,-0.36239506728968784,0.16347891784923121,0.048542748131604356
3.8000000000000003,0.4179946013124702,0.17302103244259573,0.36950896892695184,0.1508367843537581,0.8206737466859425,1.2725359668439007,1.2875802944554198,1.3004698422919236,0.11534292847240718,0.11650472765375798,0.11787486083558389,0.7223581877213117,0.8206737466859425,0.913551585246015,0.021179831697149744,0.1179825555272646,0.4721300443900688,0.9832280795487686,0.9924220450683143,1.0,0.994378366632769,0.9974636374063783,1.0,0.9971852214309997,0.9987304849981878,1.0,0.0,0.0,0.0,0.0,0.0,0.006914810888516226,-0.36950896892695184,0.17302103244259573,0.04952556291526622
4.0,0.42121793104889804,0.18237412840700948,0.3764223648933571,0.14150602832859463,0.8690584342340075,1.2705224553550851,1.2861655781792374,1.2995246880710136,0.11542681826434306,0.11663345580162153,0.11806166775547312,0.7700683206102663,0.8690584342340075,0.9630968354013317,0.017616581928464384,0.11086717319367784,0.4622537644380612,0.9819794376006905,0.9915766494220596,0.9997137888052484,0.9939572961879147,0.9971799631312381,0.9999045966109675,0.9969740695084289,0.9985884085279532,0.9999522971675899,0.0,0.0,0.0,0.0,0.0,0.00722904625473457,-0.3764223648933571,0.18237412840700948,0.05047930635251898
4.2,0.42416345722437976,0.19151951113028487,0.3831049011898335,0.13292163135012638,0.9162066488360189,1.268454225364697,1.2846899882480105,1.298509654687272,0.11551704637585108,0.11676801617909256,0.11825416873586671,0.816570596331908,0.916206648836019,1.0114131950375689,0.014546817221083579,0.10431988581625676,0.45270728401452354,0.9806941185371536,0.9906721064699918,0.9991021094100723,0.9935234843956026,0.996876314474392,0.9997006431525695,0.9967564814654861,0.9984363120080723,0.9998503103716718,0.0,0.0,0.0,0.0,0.0,0.007523600338027153,-0.3831049011898335,0.19151951113028487,0.051389369205639815
4.4,0.42699549993636915,0.20044715571749974,0.38954122528765156,0.1250737604459894,0.9621229611608096,1.266338837767466,1.283157410921358,1.2974263208038732,0.11561350158755944,0.1169080898696041,0.11845170938960338,0.8619045904113538,0.9621229611608096,1.058464523908313,0.011950437919152521,0.09833375004891812,0.4435125353033549,0.979376607648724,0.9897312118367982,0.9984485598576626,0.9930784138656508,0.9965602722309607,0.9994826368382222,0.9965331969702055,0.9982779836706069,0.9997412849490254,0.0,0.0,0.0,0.0,0.0,0.007799058908952508,-0.38954122528765156,0.20044715571749974,0.05224299362233987
4.6000000000000005,0.42982432257070124,0.20915414840679245,0.39572781673502727,0.11792347486225153,1.006840494082524,1.2641833987079354,1.2815715732095743,1.2962761417639166,0.1157160848427608,0.11705337048883957,0.11865367015047674,0.9061302663479133,1.006840494082524,1.104251001647993,0.009786437263564445,0.09287936184592654,0.4346745475213895,0.9780311417676508,0.9887561022762819,0.9977538796181754,0.9926234876722942,0.9962325330075976,0.9992508061207017,0.9963049163317389,0.9981137698284106,0.9996253328656006,0.0,0.0,0.0,0.0,0.0,0.00805638937796771,-0.39572781673502727,0.20915414840679245,0.053030872282249494
4.800000000000001,0.43271307305795015,0.21764281298788013,0.40166952936735134,0.11141479672432023,1.050409620672206,1.2619942761570095,1.2799359849444645,1.2950606024868914,0.1158246955485763,0.11720356971515711,0.11885949313239035,0.9493172071440269,1.050409620672206,1.1487985261418152,0.008002259779692246,0.08791412212974421,0.4261863866180695,0.9766615308614015,0.9877487895990749,0.9970188212967941,0.9921599688864455,0.9958937524197283,0.9990053831109462,0.9960722701408694,0.9979439963777035,0.9995025678237149,0.0,0.0,0.0,0.0,0.0,0.008296773616240746,-0.40166952936735134,0.21764281298788013,0.053746927908041954
5.0,0.4356882242665736,0.22591887720590542,0.40737637528121423,0.10548456525582257,1.0928886028583418,1.2597769519107684,1.2782539100626542,1.2937813378470828,0.11593922064883663,0.11735842017060999,0.11906869686136684,0.9915354713376605,1.092888602858342,1.192148829793662,0.006542128166200499,0.08338982268710904,0.41803374959826534,0.9752710616789664,0.9867111418808695,0.9962442242438169,0.9916889475102632,0.995544538628761,0.9987466282472581,0.9958358026181002,0.9977689655415908,0.9993731176132146,0.0,0.0,0.0,0.0,0.0,0.008521464802576414,-0.40737637528121423,0.22591887720590542,0.05438801245882822
5.2,0.43875088925258704,0.2339899507907874,0.412860959697932,0.1000693459554663,1.1343369177153857,1.257536024682311,1.276528363403911,1.2924401857066192,0.11605952960832001,0.11751767593430747,0.11928087709288027,1.032850082292572,1.1343369177153857,1.234351617063873,0.005352420233832682,0.0792579774521273,0.4101986290029543,0.9738624946598851,0.9856448805024804,0.9954310479202316,0.99121133879352,0.9951854512166158,0.9984748415909709,0.9955959706898068,0.9975889552898015,0.9992371297808984,0.0,0.0,0.0,0.0,0.0,0.008731689297272291,-0.412860959697932,0.2339899507907874,0.054953368895455705
5.4,0.4418871282669851,0.2418643909183239,0.41813665603499944,0.09510971924072718,1.1748110349080079,1.255275281576241,1.2747621228078836,1.291039195461806,0.11618547332046325,0.11768111160323126,0.11949570122311816,1.0733181103172436,1.174811034908008,1.275458875650099,0.004384877261881805,0.07547314242023465,0.40266191995000084,0.9724381035491744,0.9845515868310216,0.9945803785912293,0.9907278959822403,0.9948170033298606,0.9981903652484295,0.9953531503053091,0.9974042204002678,0.999094772865156,0.0,0.0,0.0,0.0,0.0,0.008928584704747763,-0.41813665603499944,0.2418643909183239,0.05544405518754262
5.6000000000000005,0.44507630030615464,0.24955052620672943,0.42321642295027784,0.09055252766774852,1.214362133469448,1.2529978201726377,1.2729577500605442,1.2895806056899106,0.11631688576748697,0.11784852048301854,0.11971289780802095,1.1129877397460481,1.214362133469448,1.315521176355198,0.0035980701070912743,0.07199466386810985,0.3954051100710316,0.9709997472920369,0.9834327146106767,0.9936934173671005,0.9902392340665228,0.9944396657778535,0.9978935795717268,0.9951076482837286,0.9972149945041207,0.9989462345194927,0.0,0.0,0.0,0.0,0.0,0.009113169456446468,-0.42321642295027784,0.24955052620672943,0.05586240959901147
5.800000000000001,0.4482962097547766,0.2570562354321215,0.42811223332160425,0.08635144151291964,1.253035436821173,1.2507061808873459,1.2711176158863886,1.2880668002785296,0.11645358763036531,0.11801971235196076,0.11993224491269293,1.1518988112899082,1.253035436821173,1.3545857657911868,0.0029574795808346957,0.06878712537318692,0.38841109525485107,0.9695489492764748,0.9822896050926473,0.9927714551018918,0.9897458561332385,0.9940538720852492,0.9975848949569767,0.9948597154829025,0.9970214926130929,0.9987917174321018,0.0,0.0,0.0,0.0,0.0,0.009286337405182268,-0.42811223332160425,0.2570562354321215,0.05621158558058395
6.0,0.4515262867192719,0.2643887396532835,0.4328348428572988,0.08246671018287624,1.2908703515648974,1.2484024680881705,1.2692439242298308,1.2865002581918132,0.11659539051381633,0.11819451125313081,0.1201535593162621,1.190083907564805,1.2908703515648974,1.3926957517975767,0.0024349565399055715,0.06582016416291601,0.38166451020385883,0.9680869704463926,0.9811235018918566,0.991815843226529,0.9892481777628668,0.9936600234753397,0.9972647422592376,0.9946095590013655,0.9968239136151242,0.9986314345502658,0.0,0.0,0.0,0.0,0.0,0.009448864339720128,-0.4328348428572988,0.2643887396532835,0.056495205537879026
6.2,0.4547490289884033,0.2715545507566645,0.43739378980764176,0.07886444282451988,1.3279010800987916,1.246088458029301,1.2673387344329334,1.2848835045974445,0.11674210110355115,0.1183727534546737,0.12037668677007586,1.2275696853399352,1.3279010800987916,1.429890015658886,0.0020078365699146604,0.06306792056508721,0.37515172884622605,0.96661487499791,0.9799355646572204,0.9908279651542055,0.9887465490267363,0.993258493470118,0.9969335633680305,0.9943573531897231,0.9966224425798899,0.9984656043813277,0.0,0.0,0.0,0.0,0.0,0.009601422721129432,-0.43739378980764176,0.2715545507566645,0.05671710238686631
6.4,0.4579502273282131,0.2785595079133175,0.4417975204396389,0.07551571112989776,1.364157423534566,1.243759794918417,1.2654039804055537,1.2832190673311068,0.1168935249006051,0.1185542856727729,0.12060206529657046,1.2643781780495793,1.364157423534566,1.466203532808255,0.0016579623071208444,0.06050834735308583,0.3688606850862302,0.9651298221944178,0.9787268809469842,0.989809210662997,0.9882399886537263,0.9928496318955764,0.9965918027461269,0.994102602941693,0.9964172527674199,0.9982944467716961,0.0,0.0,0.0,0.0,0.0,0.009744597883923428,-0.4417975204396389,0.2785595079133175,0.05688114525340427
6.6000000000000005,0.4611187212692346,0.28540885420138656,0.44605354684398413,0.07239570540988634,1.399665550889338,1.2414204111065492,1.2634414863062857,1.2815094422401518,0.11704946920858532,0.11873896361367306,0.12082933280136451,1.3005278683553123,1.399665550889338,1.501667854820808,0.0013708042398798915,0.05812255902923818,0.3627806473657369,0.9636342483831873,0.9774984759582679,0.988760955433328,0.9877293140613431,0.9924337681669151,0.9962399006630253,0.9938457175404264,0.9962085072760826,0.9981181795302925,0.0,0.0,0.0,0.0,0.0,0.009878903974758046,-0.44605354684398413,0.28540885420138656,0.05699113785773664
6.800000000000001,0.46424595215588094,0.2921073206239111,0.45016860104296264,0.06948300526413431,1.4344486679925084,1.2390745359762412,1.261452979447283,1.2797570678591086,0.11720974532372253,0.11892665077216835,0.12105809266899194,1.3360345478791407,1.4344486679925084,1.536311593285543,0.0011347162846431355,0.05589426911991976,0.35690199851005333,0.9621308046772493,0.9762513205373496,0.9876845460587536,0.9872154193964393,0.9920112139952887,0.9958782882349896,0.9935871452890066,0.9959963604006794,0.9979370159530895,0.0,0.0,0.0,0.0,0.0,0.010004797401299906,-0.45016860104296264,0.2921073206239111,0.057050754018293875
7.0,0.4673254280380909,0.29865920902308435,0.45414877552291133,0.066758968563189,1.4685275807832017,1.2367232804700206,1.2594401006784186,1.2779643081700731,0.11737417003044956,0.11911721746728231,0.1212882480412207,1.3709119767468732,1.4685275807832017,1.570160884160449,0.0009403272864373017,0.05380931853393543,0.35121603496726955,0.9606201626457676,0.9749863376098251,0.9865812898161475,0.986698524776951,0.9915822655602404,0.9955073840382848,0.9933269956683987,0.9957809587224378,0.9977511631326257,0.0,0.0,0.0,0.0,0.0,0.010122687834155278,-0.45414877552291133,0.29865920902308435,0.05706350760144467
7.2,0.4703522569747258,0.30506846576133584,0.45799963746972383,0.06420724489482149,1.5019211437631832,1.2343676750119523,1.257404412873018,1.2761334416238068,0.11754256655881816,0.11931054005763504,0.12151970846008063,1.4051723713225626,1.5019211437631832,1.6032397872456037,0.0007800623128498876,0.05185530016537773,0.34571480361468016,0.959102948755897,0.9737044074158304,0.9854524481231067,0.9861788357402199,0.991147205277497,0.9951275919414521,0.9930653709252131,0.9955624419958973,0.9975608208758167,0.0,0.0,0.0,0.0,0.0,0.010232947182577903,-0.45799963746972383,0.30506846576133584,0.05703274070147294
7.4,0.47332282720083296,0.3113387421716851,0.4617263182271509,0.061813400890759186,1.5346466043402391,1.2320086845559657,1.255347407697278,1.2742666564077632,0.11771476499499665,0.11950650032217905,0.12175238850208449,1.4388267522427407,1.5346466043402391,1.6355706103565968,0.0006477806570359105,0.050021270360058476,0.340390973961213,0.9575797535441508,0.9724063716523429,0.9842992337199065,0.9856565463240008,0.9907063031948352,0.9947393001749496,0.9928023676154744,0.9953409438488776,0.9973661812399597,0.0,0.0,0.0,0.0,0.0,0.01033591615715325,-0.4617263182271509,0.3113387421716851,0.05696162323981899
7.6000000000000005,0.47623450702288855,0.3174734440990365,0.46533358465831354,0.05956461459767561,1.566719882383874,1.2296472194871242,1.2532705113293063,1.2723660488907191,0.11789060241804926,0.11970498494123137,0.12198620679398094,1.4718852162786062,1.566719882383874,1.6671741774187183,0.000538484864403835,0.04829751365551272,0.33523773620240915,0.9560511382307085,0.9710930369503333,0.9831228097248667,0.9851318412870157,0.9902598181622091,0.9943428810206809,0.9925380777171374,0.9951165923690797,0.9971674283781308,0.0,0.0,0.0,0.0,0.0,0.010431909451282223,-0.46533358465831354,0.3174734440990365,0.0568531563998206
7.800000000000001,0.47908541385283504,0.3234757728482906,0.4688258952913345,0.05744943202723885,1.5981557913047495,1.2272841432079251,1.2511750892774398,1.2704336244164722,0.1180699228335499,0.11990588506414128,0.12222108533719331,1.5043571387235295,1.5981557913047495,1.6980700473556452,0.0004480934198858631,0.04667535564728915,0.33024872101237923,0.954517639273653,0.9697651777788626,0.9819242900783248,0.9846048976339414,0.9898079988069932,0.9939386909614942,0.9922725893936891,0.9948895105927605,0.9969647386142205,0.0,0.0,0.0,0.0,0.0,0.010521219819417865,-0.4688258952913345,0.3234757728482906,0.05671017896090366
8.0,0.48187426038215986,0.32934875771544836,0.47220744380136126,0.05545757455742562,1.6289682109706372,1.224920276999965,1.2490624504796841,1.2684712999822538,0.1182525769421023,0.12010909594639985,0.12245694909008702,1.5362513228249177,1.6289682109706374,1.7282766889744705,0.0003732655601302269,0.04514701528437519,0.3254179374266267,0.9529797712123063,0.9684235388905691,0.9807047411101046,0.9840758855600927,0.98935108435306,0.9935270712041341,0.9920059874663206,0.9946598169149158,0.9967582807045821,0.0,0.0,0.0,0.0,0.0,0.010604121133492447,-0.47220744380136126,0.32934875771544836,0.05653537508633489
8.200000000000001,0.4846002653374637,0.3350952809731275,0.47548219165753264,0.05357978536550298,1.65917022375535,1.2225564032244807,1.2469338507831778,1.266480908058227,0.1184384218077006,0.12031451664686166,0.1226937257081771,1.5675761126036576,1.6591702237553503,1.75781161847924,0.0003112662332923463,0.04370548743002732,0.3207397262035248,0.9514380284647015,0.9670688373707849,0.9794651837877604,0.9835449690407749,0.9888893053047217,0.9931083484286946,0.9917383537075756,0.9944276254315163,0.9965482162128907,0.0,0.0,0.0,0.0,0.0,0.01068087067642104,-0.47548219165753264,0.3350952809731275,0.056331282027764926
8.4,0.48726304845771445,0.3407180986209969,0.4786538953920698,0.05180769684139055,1.688774230828354,1.2201932679627678,1.2447904960412506,1.2644642006009164,0.11862732051149799,0.12052204976129656,0.12293134533551368,1.5983394890504095,1.688774230828354,1.7866915149129174,0.00025985217782452743,0.042344441443638935,0.3162087208684716,0.9498928867821588,0.9657017644453701,0.978206596068791,0.9830123063052391,0.9884228840488795,0.9926828355713786,0.991469767077153,0.9941930462406814,0.9963346999014948,0.0,0.0,0.0,0.0,0.0,0.010751711065835778,-0.4786538953920698,0.3407180986209969,0.056100296518557836
8.6,0.48986253223540344,0.34621985775383407,0.481726129484895,0.05013371823590996,1.7177920492138838,1.2178315831986684,1.242633544907761,1.2624228530783472,0.11881914180675153,0.12073160118442465,0.12316974043818181,1.6285491480177567,1.7177920492138838,1.8149323171802474,0.00021717828212727502,0.04105813528714539,0.3118198150215786,0.9483448044225087,0.964322987098777,0.9769299152491251,0.9824780502157239,0.9879520353930027,0.9922508326048709,0.9912003039101049,0.9939561857116539,0.9961178801214416,0.0,0.0,0.0,0.0,0.0,0.010816871868059755,-0.481726129484895,0.34621985775383407,0.05584468083187066
8.8,0.49239889275681115,0.35160311014582746,0.4847023039274468,0.04855094507105343,1.7462349881157417,1.2154720285038267,1.2404641113300874,1.2603584685287919,0.11901375977192744,0.12094307990071804,0.12340884568494843,1.6582125568960815,1.746234988115742,1.8425493019393258,0.00018172608999440806,0.03984134650604835,0.30756813724650456,0.9467942230116445,0.96293314950152,0.9756360403260016,0.9819423485404754,0.987476967038377,0.9918126273229833,0.9909300380517444,0.9937171467212641,0.995897899204578,0.0,0.0,0.0,0.0,0.0,0.010876570873551622,-0.4847023039274468,0.35160311014582746,0.05556656922570948
9.0,0.49487252168395374,0.356870323116635,0.48758567838307765,0.04705308203486849,1.7741139125437775,1.213115252481102,1.2382832667969002,1.258272581529871,0.11921105347270816,0.12115639779860164,0.1236485978502168,1.68733699991373,1.7741139125437775,1.8695571480643096,0.00015224593261074142,0.038689313568907105,0.3034490308813175,0.9452415682567716,0.961532874282647,0.9743258343020631,0.9814053441765503,0.9869978800006984,0.9913684961052723,0.9906590409673381,0.9934760288639405,0.995674893845592,0.0,0.0,0.0,0.0,0.0,0.010931015151470089,-0.48758567838307765,0.356870323116635,0.05526797399722093
9.200000000000001,0.4972839887905244,0.36202388842975647,0.4903793742533251,0.04563437599367842,1.8014392975110414,1.2107618740997528,1.2360920423721304,1.2561666619749523,0.1194109066420925,0.12137146950485735,0.1238889357261358,1.7159296164182447,1.8014392975110414,1.8959699908091878,0.00012770885944803835,0.03759768493110533,0.29945803678096405,0.9436872505975065,0.9601227636680059,0.9730001263685305,0.9808671753519296,0.9865149689851836,0.9909187046408672,0.9903873818414504,0.993232928638888,0.9954489954636028,0.0,0.0,0.0,0.0,0.0,0.010980401949697655,-0.4903793742533251,0.36202388842975647,0.05495079076394539
9.4,0.49963399919331175,0.36706612991319715,0.4930863853204532,0.044289556920373306,1.8282212748414302,1.2084124840140142,1.2338914305805884,1.2540421185694088,0.11961320738662079,0.12158821223271504,0.12412980003462162,1.7439974332094588,1.8282212748414304,1.9218014690190401,0.0001072658676296854,0.03656247410439833,0.2955908781136383,0.9421316658548345,0.9587034005268857,0.9716597139136982,0.9803279758276582,0.9860284227308125,0.9904635085933952,0.9901151276773883,0.9929879396217918,0.9952203305342202,0.0,0.0,0.0,0.0,0.0,0.01102491950054292,-0.4930863853204532,0.36706612991319715,0.05461680342094477
9.600000000000001,0.5019233710987473,0.3719993096039022,0.49570958638947926,0.04301378821883977,1.8544696711444784,1.2060676458177564,1.2316823871462554,1.2519003020305646,0.11981784792023943,0.12180654564367867,0.12437113334409589,1.7715473880342916,1.8544696711444784,1.9470647647056192,9.021616852622148e-05,0.03558002197841796,0.29184344801502954,0.9405751958467402,0.9572753493271048,0.9703053643467805,0.9797878750892369,0.9855384243236301,0.9900031542036072,0.989842343391313,0.9927411526210013,0.9949890208903638,0.0,0.0,0.0,0.0,0.0,0.01106474771104328,-0.49570958638947926,0.3719993096039022,0.054267689293870096
9.8,0.5041530200352219,0.37682563275187553,0.4982517406138636,0.041802623587732596,1.8801940397709749,1.2037278972400052,1.2294658325935288,1.2497425080648017,0.1200247243188292,0.12202639172224646,0.12461287999051189,1.7985863476782598,1.880194039770975,1.9717726368007542,7.598158296090354e-05,0.03464696414719631,0.288211799123052,0.9390182089734155,0.9558391570044908,0.9689378167834806,0.9792469985282463,0.9850451514810202,0.9895378788454111,0.9895690919015073,0.9924926558191336,0.9947551839997248,0.0,0.0,0.0,0.0,0.0,0.011100058763139742,-0.4982517406138636,0.37682563275187553,0.05390502418053335
10.0,0.5063239356762033,0.38154725212038115,0.5007155061740006,0.04065196816822112,1.9054036889269237,1.2013937512993553,1.2272426537375059,1.2475699801861415,0.12023373628918155,0.12224767466096849,0.12485498600085859,1.8251211236457958,1.9054036889269237,1.9959374509774281,6.408444004065629e-05,0.03376020145461826,0.2846921340371419,0.9374610607837497,0.9543953537635778,0.9675577836343329,0.9787054676182443,0.9845487768126969,0.989067911549286,0.9892954342148382,0.9922425349029972,0.994518933225897,0.0,0.0,0.0,0.0,0.0,0.01113101765542944,-0.5007155061740006,0.38154725212038115,0.053530286992811975
10.200000000000001,0.5084371637592813,0.38616627161460837,0.5031034421696724,0.039558044571222195,1.9301077053559799,1.1990656974190301,1.225013705074317,1.245383912325493,0.12044478695722549,0.1224703207547358,0.12509739901898004,1.8511584843133737,1.9301077053559799,2.019571205689738,5.4129503485737744e-05,0.032916874268174225,0.28128079690046803,0.9359040945241861,0.9529444538167574,0.9661659520640244,0.9781634000853117,0.9840494680609011,0.9885934734822805,0.9890214295106073,0.9919908731830797,0.994280378067749,0.0,0.0,0.0,0.0,0.0,0.01115778268792926,-0.5031034421696724,0.38616627161460837,0.05314486425856593
10.4,0.510493798023423,0.3906847492285323,0.5054180136404987,0.038517363537698655,1.9543149738581405,1.1967442025004105,1.222779810073737,1.243185451197214,0.12065778267880051,0.12269425830413887,0.1253400682339621,1.8767051632433984,1.9543149738581405,2.0426855545707445,4.578988212652702e-05,0.03211434031501106,0.27797426622785903,0.9343476416683184,0.951486956063116,0.9647629853001772,0.9776209100726773,0.9835473883201724,0.9881147783771964,0.9887471352214955,0.9917377517027818,0.9940396243733111,0.0,0.0,0.0,0.0,0.0,0.011180505889136508,-0.5054180136404987,0.3906847492285323,0.05275005461612205
10.600000000000001,0.5124949687306026,0.3951046995827821,0.5076615961554579,0.03752669744236177,1.9780341943747957,1.194429711960761,1.220541762392186,1.2409756984989064,0.12087263286576935,0.12291941752617763,0.12558294431052108,1.9017678656228283,1.9780341943747957,2.0652918265648714,3.879509540047206e-05,0.031350154654416124,0.2747691483493458,0.9327920224308905,0.9500233447183978,0.9633495238394822,0.9770781083006885,0.983042696240572,0.9876320329271864,0.9884726071122462,0.9914832493393457,0.9937967745363239,0.0,0.0,0.0,0.0,0.0,0.011199333405911241,-0.5076615961554579,0.3951046995827821,0.05234707318255418
10.8,0.5144418311920603,0.3994280961408893,0.5098364800706154,0.036583056582131006,2.001273896681842,1.1921226507240812,1.2183003270139998,1.2387557129938904,0.12108924982268865,0.12314573047157934,0.1258259793225905,1.9263532731474597,2.001273896681842,2.0874010439827053,3.2921018022297995e-05,0.03062205175790082,0.2716621713276922,0.9312375462585841,0.9485540899010709,0.9619261865827535,0.9765351022194606,0.9825355462160266,0.9871454371565198,0.9881978993547343,0.9912274428973116,0.9935519276808538,0.0,0.0,0.0,0.0,0.0,0.011214405860234339,-0.5098364800706154,0.3994280961408893,0.051937055716790935
11.0,0.5163355573429642,0.4036568730944238,0.5119448743834453,0.0356836681571545,2.024042452786538,1.189823424155496,1.2160562413252245,1.236526512458814,0.12130754859572504,0.12337313094831791,0.12606912669118603,1.9504680472441118,2.024042452786538,2.1090239385815805,2.7981703590891165e-05,0.029927929641067573,0.268650179452221,0.9296845122907802,0.9470796481772242,0.9604935718878144,0.9759919961517917,0.9820260885587186,0.9866551847637214,0.9879230645981983,0.9909704071949653,0.9933051798320652,0.0,0.0,0.0,0.0,0.0,0.01122585867044748,-0.5119448743834453,0.4036568730944238,0.05152106265236563
11.200000000000001,0.5181773305881282,0.4077929269480354,0.5139889102066421,0.03482595762412728,2.0463480873458946,1.1875324189473206,1.2138102161249076,1.234289075481369,0.12152744683533755,0.12360155445085766,0.12631234112578282,1.9741188307300892,2.0463480873458946,2.1301709658841155,2.382287328954026e-05,0.029265835804415358,0.2657301282762256,0.9281332097953724,0.9456004630674772,0.9590522585303979,0.9754488914280729,0.9815144696605943,0.9861614634336837,0.9876481540355032,0.9907122151443163,0.9930566240714346,0.0,0.0,0.0,0.0,0.0,0.011233822340579666,-0.5139889102066421,0.4077929269480354,0.05110008303491275
11.4,0.5199683402617806,0.4118381179001809,0.5159706440100729,0.0340075318553284,2.0681988866591237,1.185250003965689,1.2115629365802547,1.2320443431371755,0.12174886466996183,0.1238309380945068,0.12655557856833574,1.9973122485699906,2.0681988866591237,2.1508523181744628,2.0316472796116422e-05,0.02863395453523816,0.2628990799856101,0.9265839185852961,0.9441169655199882,0.957602806591437,0.974905886515139,0.9810008321433719,0.9856644551249778,0.9873732174664152,0.9904529378252988,0.9928063506795276,0.0,0.0,0.0,0.0,0.0,0.011238422726180808,-0.5159706440100729,0.4118381179001809,0.050675038310793036
11.600000000000001,0.5217097757293448,0.41579427107201233,0.5178920606841358,0.03322616390101537,2.089602806423263,1.1829765310541616,1.2093150631312475,1.229793220575057,0.12197172458786144,0.12406122055434414,0.126798796140388,2.0200549079959726,2.089602806423263,2.171077936383319,1.7356056343974155e-05,0.02803059541724894,0.26015419902266296,0.9250369094130358,0.9426295743531233,0.9561457582894364,0.9743630771380722,0.980485314998262,0.9851643363387318,0.9870983033573859,0.9901926445548043,0.9925544472695449,0.0,0.0,0.0,0.0,0.0,0.011239781279805364,-0.5178920606841358,0.41579427107201233,0.050246785944858055
11.8,0.523402822028338,0.41966317758568955,0.5197550763941813,0.03247977931257135,2.1105676782863334,1.1807123357887523,1.2070672323487885,1.2275365785102479,0.12219595132720336,0.12429234200833157,0.12704195209394112,2.0423533978935855,2.1105676782863334,2.190857520908207,1.4853027859354704e-05,0.027454183024717135,0.2574927480083124,0.9234924443389699,0.9411386966703934,0.9546816387576295,0.9738205563934685,0.9799680537162736,0.9846612783689589,0.9868234588970859,0.9899314029509827,0.9923009989115723,0.0,0.0,0.0,0.0,0.0,0.01123801527541625,-0.5197550763941813,0.41966317758568955,0.04981612290550542
12.0,0.5250486567483371,0.42344659550720964,0.5215615412445195,0.03176644382999358,2.1311012153867654,1.1784577381876356,1.2048200577497832,1.225275254622127,0.12242147177473175,0.12452424408427956,0.12728500576582985,2.064214287557017,2.1311012153867654,2.2102005414832093,1.2733611216012636e-05,0.0269032476508194,0.2549120839364008,0.9219507770753497,0.9396447282498505,0.9532109567635886,0.9732784148547473,0.9794491804098538,0.984155447533502,0.9865487300479746,0.9896692789931892,0.9920460882471127,0.0,0.0,0.0,0.0,0.0,0.011233238013493296,-0.5215615412445195,0.42344659550720964,0.04938378902715972
12.200000000000001,0.5266484483053355,0.427146250677662,0.5233132417812367,0.031084352289068144,2.151211017013949,1.1762130433818465,1.2025741305726088,1.2230100548689322,0.12264821487185175,0.12475686981032545,0.12752791753500722,2.0856441250086557,2.151211017013949,2.2291162461796272,1.0936379374848353e-05,0.026376416961273314,0.2524096545982332,0.9204121533098487,0.9381480539102018,0.9517342053791732,0.9727367406708454,0.9789288239266275,0.983647005388268,0.9862741615945828,0.9894063370779586,0.9917897955952402,0.0,0.0,0.0,0.0,0.0,0.011225559009518882,-0.5233132417812367,0.427146250677662,0.04895047021887307
12.4,0.5282033514584578,0.4307638374848799,0.525011903419784,0.0304318183553773,2.1709045727740306,1.1739785422501923,1.2003300205161607,1.2207417547331616,0.12287611152678894,0.12499016356861013,0.12777064878246536,2.106649435230638,2.1709045727740306,2.2476136698827047,9.410056400691078e-06,0.025872408256268048,0.24998299511459415,0.9188768110105385,0.9366490478557057,0.9502518626096395,0.9721956196589117,0.9784071099559438,0.9831361089277582,0.9859997971888146,0.989142640071366,0.9915321990518895,0.0,0.0,0.0,0.0,0.0,0.01121508417043289,-0.525011903419784,0.4307638374848799,0.0485168015361435
12.600000000000001,0.5297145054992455,0.4343010195572219,0.5266591927272622,0.029807265341787445,2.1901892659960382,1.1717545120170503,1.1980882764451442,1.2184711004004714,0.12310509453256621,0.12522407105189365,0.1280131618540056,2.127236718038343,2.1901892659960382,2.2657016420257823,8.111787623096405e-06,0.02539002156081164,0.24762972467533959,0.9173449807110748,0.9351480740015774,0.9487643919836486,0.9716551353905386,0.9778841611288128,0.982622910772473,0.9857256793920294,0.9888782493580653,0.991273374582568,0.0,0.0,0.0,0.0,0.0,0.011201915957303687,-0.5266591927272622,0.4343010195572219,0.048083370100269904
12.8,0.5311830334819324,0.43775943038573795,0.5282567195733485,0.02920921789345931,2.209072376583242,1.1695412168130803,1.1958494270641165,1.2161988098724603,0.12333509849078879,0.12545853922286412,0.12825542002593096,2.1474124457108363,2.209072376583242,2.2833887937396953,7.005763297681735e-06,0.02492813337242013,0.24534754346664492,0.9158168857757593,0.9336454862815247,0.9472722431043268,0.9711153692713741,0.9773600971117888,0.982107559343221,0.9854518497138202,0.9886132248872832,0.9910133961085029,0.0,0.0,0.0,0.0,0.0,0.011186153534922458,-0.5282567195733485,0.43775943038573795,0.047650717900238664
13.0,0.5326100405723844,0.44114067390270295,0.5298060392040104,0.028636294338308985,2.227561083501347,1.167338908204132,1.1936139815625788,1.213925574020503,0.12356605974055088,0.1256935162759094,0.12849738747315836,2.16718306057859,2.227561083501347,2.3006835645537653,6.062032104779173e-06,0.024485690904405024,0.24313422970855664,0.9142927426477933,0.9321416289389256,0.9457758521659407,0.9705764006152446,0.9768350346953121,0.9815901990238807,0.9851783486480571,0.9883476252160294,0.9907523355870002,0.16129032258064516,0.0,0.0,0.0,0.0,0.01116789291139593,-0.5298060392040104,0.44114067390270295,0.047219344463188095
13.200000000000001,0.5339966122607823,0.4444463250265107,0.5313086542399907,0.028087199682288545,2.2456624669158347,1.1651478256915742,1.191382430233097,1.2116520575880974,0.1237979162917352,0.12592895160115272,0.1287390292394593,2.186554972596787,2.2456624669158347,2.3175942086627894,5.255483959065638e-06,0.024061706812859764,0.24098763680001328,0.9127727610826674,0.9306368368029466,0.9442756424409746,0.9700383067134473,0.9763090878769607,0.981070970314245,0.9849052157065253,0.9880815075497476,0.9904902630868366,0.1935483870967742,0.0,0.0,0.0,0.0,0.011147227068918339,-0.5313086542399907,0.4444463250265107,0.046789709383222536
13.4,0.5353438137839319,0.4476779301665351,0.5327660165743919,0.027560719262425388,2.2633835099565203,1.1629681971840877,1.1891552450642107,1.2093789001439312,0.12403060776250364,0.12616479575057712,0.12898031120988282,2.2055345568363163,2.2633835099565207,2.3341288007525773,4.565048102113743e-06,0.023655254423544648,0.23890569060801145,0.9112571443664428,0.9291314355507495,0.9427720247389962,0.9695011628990918,0.9757823679400048,0.9805500099734159,0.9846324894500953,0.9878149277806065,0.9902272468589168,0.22580645161290322,0.0,0.0,0.0,0.0,0.011124246085306586,-0.5327660165743919,0.4476779301665351,0.04636223472614034
13.600000000000001,0.5366526890154774,0.4508370077037599,0.5341795292051877,0.027055712898321267,2.280731100258595,1.1608002394423627,1.1869328803097905,1.2071067169872736,0.12426407532084127,0.12640100040607458,0.12922120008526064,2.2241281509805026,2.280731100258595,2.3502952415138063,3.973025517998143e-06,0.02326546333022576,0.23688638684973168,0.9097460895196754,0.9276257419568668,0.9412653978382551,0.9689650426067339,0.975254983527629,0.9800274511540534,0.9843602075175412,0.9875479405236139,0.9899633534023462,0.25806451612903225,0.0,0.0,0.0,0.0,0.011099037247975951,-0.5341795292051877,0.4508370077037599,0.04593730732918419
13.8,0.537924260792408,0.4539250484372461,0.5355505479722614,0.02657110959858109,2.2977120312129906,1.1586441584989675,1.1847157730363909,1.2048361000098096,0.1244982616297592,0.12663751834926357,0.12946166335859852,2.2423420528316687,2.2977120312129906,2.3661012627340714,3.464548393474774e-06,0.022891515416701227,0.234927788611055,0.9082397874882814,0.9261200641307632,0.9397561488926369,0.9684300174277268,0.9747270407131784,0.9795034235283726,0.9840884066522249,0.9872805991507329,0.9896986475263695,0.25806451612903225,0.0,0.0,0.0,0.0,0.011071685159805611,-0.5355505479722614,0.4539250484372461,0.045515280959717005
14.0,0.5391595299190665,0.4569435160203823,0.5368803832516501,0.02610590262692329,2.3143330031116167,1.15650015005602,1.1825043436500149,1.202567618518095,0.12473311079575103,0.1268743034329305,0.12970166929311175,2.2601825179157036,2.3143330031116167,2.381554432182487,3.0270961172741257e-06,0.022532641142043907,0.23302802392621405,0.9067384233229897,0.9246147017435119,0.9382446538166476,0.9678961571618547,0.9741986430667485,0.9789780534067967,0.9838171227269242,0.9870129558231623,0.9894331924086324,0.29032258064516125,0.0,0.0,0.0,0.0,0.011042271839391965,-0.5368803832516501,0.4569435160203823,0.045096478378454215
14.200000000000001,0.5403594746814527,0.4598938473823763,0.5381703015851776,0.025659144989979926,2.33060062411707,1.1543683998621963,1.180298996403458,1.2003018200193372,0.1249685683202442,0.12711131055397845,0.12994118690177794,2.277655757135891,2.33060062411707,2.396662158204008,2.650106962474282e-06,0.02218811614467345,0.23118528344974623,0.9052421763482054,0.9231099462443554,0.9367312776501403,0.967363529865516,0.9736698917183811,0.978451463849851,0.9835463907669444,0.986745061521913,0.9891670496500559,0.3225806451612903,0.0,0.0,0.0,0.0,0.011010876815557638,-0.5381703015851776,0.4598938473823763,0.044681193287783735
14.4,0.5415250509952007,0.46277745313127766,0.5394215272373147,0.02522994531361265,2.3465214110805492,1.1522490840693553,1.178100119885328,1.198039230971782,0.12520458105393464,0.12734849562777378,0.1301801859284197,2.2947679344891014,2.3465214110805492,2.4114316940408385,2.3246685921721505e-06,0.02185725814096189,0.2293978182324075,0.9037512203203134,0.921606081067848,0.9352163749035531,0.9668322018964487,0.9731408854181145,0.9779237747735506,0.9832762449715001,0.9864769660768048,0.988900279326454,0.3548387096774194,0.0,0.0,0.0,0.0,0.010977577215928597,-0.5394215272373147,0.46277745313127766,0.044269692173478696
14.600000000000001,0.5426571924329782,0.4655957179450053,0.5406352436955175,0.02481746403570359,2.3621017902698718,1.150142369570517,1.1759080874918244,1.1957803575017754,0.1254410971538118,0.1275858155637803,0.13041863683016267,2.3115251648806567,2.3621017902698718,2.425870141936592,2.0432524698214795e-06,0.021539424060602275,0.22766393757783202,0.9022657235764419,0.9201033818323073,0.933700289884944,0.9663022379553393,0.9726117205931296,0.9773951030487142,0.9830067187335448,0.9862087181940078,0.9886329400371084,0.3870967741935484,0.0,0.0,0.0,0.0,0.010942447850485329,-0.5406352436955175,0.4655957179450053,0.043862216048616835
14.8,0.5437568100299524,0.4683500009562005,0.5418125951233682,0.024420909883063866,2.377348098030729,1.1480484143213787,1.1737232578822514,1.1935256860905121,0.12567806604258083,0.1278232282423823,0.1306565107610608,2.3279335120466316,2.377348098030729,2.439984457047297,1.7994847695722377e-06,0.021234007393936563,0.22598200696661674,0.9007858491750383,0.9186021165301915,0.9321833570107523,0.9657737011247789,0.972082491402218,0.9768655625948665,0.9827378446582782,0.9859403654822385,0.9883650889506352,0.3870967741935484,0.0,0.0,0.0,0.0,0.010905561290918617,-0.5418125951233682,0.4683500009562005,0.04345898210183832
15.0,0.5448247923663995,0.47104163612904415,0.5429546877586129,0.024039536631209998,2.392266581373798,1.145967367646246,1.1715459754191113,1.1912756842326269,0.12591543837027458,0.12806069249281216,0.13089377955682258,2.343998986573566,2.3922665813737987,2.4537814511552685,1.587961718352996e-06,0.02094043575272759,0.22435044605912438,0.8993117550287406,0.917102545710963,0.9306659011016492,0.9652466529057273,0.9715532897877592,0.9763352644691925,0.9824696545804114,0.9856719544777117,0.988096781848375,0.4193548387096774,0.0,0.0,0.0,0.0,0.010866987945812617,-0.5429546877586129,0.47104163612904415,0.04306018525229505
15.200000000000001,0.5458620058892523,0.47367193262742413,0.5440625912557525,0.023672640120578434,2.4068633985052736,1.143899370529022,1.169376570593549,1.189030801067648,0.12615316597796525,0.12829816807210345,0.1311304157205971,2.359727544021693,2.406863398505274,2.467267796201492,1.4040999410021393e-06,0.020658168624385458,0.2227677267774964,0.8978435940298312,0.9156049226569251,0.9291482376640903,0.9647211532515685,0.9710242055253799,0.97580431695075,0.9822021795802326,0.9854035306679261,0.9878280731654108,0.45161290322580644,0.0,0.0,0.0,0.0,0.010826796131800001,-0.5440625912557525,0.47367193262742413,0.04266599961712854
15.4,0.5468692950947045,0.4762421751782279,0.545137339983047,0.023319555490280464,2.4211446193307444,1.1418445558905261,1.167215360436911,1.1867914679856624,0.12639120186345335,0.12853561564499566,0.13136639240970482,2.3751250831652206,2.4211446193307444,2.4804500276646917,1.244005810219574e-06,0.020386695288666493,0.22123237145278982,0.8963815141690459,0.9141094935525277,0.9276306731583909,0.9641972606000254,0.9704953262714674,0.9752728256202149,0.9819354499986062,0.9851351385143824,0.9875590160293504,0.4838709677419355,0.0,0.0,0.0,0.0,0.010785052141258702,-0.545137339983047,0.4762421751782279,0.042276579896424825
15.600000000000001,0.5478474826663714,0.4787536244311754,0.5461799342756735,0.022979654615452712,2.4351162259379655,1.1398030488533308,1.1650626489190803,1.1845580992091782,0.12662950014874017,0.12877299676472145,0.13160168342320508,2.39019744434748,2.4351162259379655,2.4933345477962128,1.104363752308161e-06,0.020125532886841303,0.21974295103475217,0.8949256586484408,0.9126164976475611,0.9261135052545825,0.9636750319031695,0.969966737608686,0.9747408934355924,0.9816694954510247,0.984866821474297,0.9872896622970931,0.5161290322580645,0.0,0.0,0.0,0.0,0.010741820306879854,-0.5461799342756735,0.4787536244311754,0.04189206267840752
15.8,0.5487973698351907,0.4812075173136259,0.5471913416407145,0.022652343742761507,2.448784113055786,1.1377749669948636,1.162918727334229,1.182331092352789,0.1268680160491308,0.12901027385461494,0.1318362631902387,2.4049504079435793,2.448784113055786,2.5059276287118215,9.823479046413645e-07,0.019874224640529424,0.21829808337040787,0.8934761659887426,0.9111261674146395,0.9245970230770671,0.9631545226556709,0.9694385230896359,0.9742086208042433,0.9814043448407865,0.984598622021393,0.9870200625897535,0.5483870967741935,0.0,0.0,0.0,0.0,0.010697163063148163,-0.5471913416407145,0.4812075173136259,0.041512567668466484
16.0,0.5497197367972919,0.48360506738114845,0.5481724979174387,0.022337061300625072,2.462154088504463,1.1357604205895193,1.1607838746745427,1.180110828961506,0.12710670584389056,0.12924741019048444,0.13207010675908404,2.418025336905742,2.462154088504463,2.5182354153563877,8.75548912550375e-07,0.01963233820186647,0.21689643154651608,0.8920331701315809,0.9096387287013352,0.9230815074385735,0.96263578692142,0.9689107642787796,0.9736761056513922,0.9811400263713648,0.9843305816658218,0.9867502663258279,0.6129032258064516,0.0,0.0,0.0,0.0,0.010651141004991857,-0.5481724979174387,0.48360506738114845,0.041138198846717614
16.2,0.5506153429824817,0.4859474651660549,0.5491243083989932,0.02203327586130884,2.475231873652347,1.1337595128406162,1.1586583579924776,1.177897675028743,0.12734552684836542,0.12948436988369644,0.13230318978685118,2.4297373258302746,2.475231873652347,2.5302639283579946,7.819074125040607e-07,0.019399464116912755,0.21553670228715258,0.8905968005371199,0.9081544008772952,0.9215672310640189,0.9621188773587002,0.9683835407927575,0.9731434434853262,0.9808765675580572,0.9840627409732864,0.9864803217527089,0.6451612903225806,0.0,0.0,0.0,0.0,0.010603812943948313,-0.5491243083989932,0.4859474651660549,0.04076904555762695
16.400000000000002,0.551484927375556,0.4882358785233211,0.5500476489138768,0.021740484251052346,2.488023103875283,1.1317723401028383,1.1565424327520193,1.1756919814952773,0.12758443738744044,0.12972111786492274,0.13253548852976055,2.4411793926166054,2.488023103875283,2.5420190667726694,6.996586863592274e-07,0.019175214400385086,0.2142176444087473,0.8891671822774174,0.9066733969766412,0.9200544588050864,0.9616038452440193,0.9678569303391934,0.9726107274595599,0.9806139952389741,0.9837951395834112,0.9862102759766851,0.7096774193548387,0.0,0.0,0.0,0.0,0.010555235961953027,-0.5500476489138768,0.4882358785233211,0.04040518353460238
16.6,0.5523292090260651,0.49047145297274003,0.550943366865313,0.02145820980180036,2.500533329017735,1.1297989920957985,1.154436343169425,1.1734940847303055,0.12782339677023022,0.12995761986850649,0.13276697983395008,2.4523572648637,2.5005333290177356,2.5535066107226805,6.272913143940944e-07,0.018959221217535186,0.21293804733526708,0.8877444361259008,0.9051959238359446,0.9185434478462268,0.9610907404947379,0.9673310087540993,0.9720780484322105,0.980352335585429,0.9835278162274127,0.9859401749915486,0.7741935483870968,0.0,0.0,0.0,0.0,0.010505465462786176,-0.550943366865313,0.49047145297274003,0.04004667586336528
16.8,0.5531488874813449,0.4926553120388804,0.5518122822340472,0.02118600072274625,2.512768013870162,1.1278395521093767,1.1523403225438755,1.1713043069953348,0.12806236526593548,0.13019384241740453,0.13299764112675236,2.463276560194402,2.512768013870162,2.5647322239445254,5.635102308434016e-07,0.01875113565561398,0.2116967396656467,0.8863286786433358,0.903722182228028,0.9170344479025027,0.9605796116906176,0.9668058500379613,0.9715454950227257,0.9800916141117987,0.9832608087451205,0.9856700637058856,0.8387096774193548,0.0,0.0,0.0,0.0,0.010454555221481976,-0.5518122822340472,0.4926553120388804,0.03969357388770565
17.0,0.5539446430644985,0.4947885575899311,0.5526551885478612,0.020923428579348004,2.5247325386681267,1.1258940972013574,1.1502545935784387,1.169122956891705,0.1283013040807943,0.13042975280866856,0.13322745040839634,2.4739427879496554,2.524732538668127,2.5757014562552065,5.072000203097432e-07,0.01855062657532674,0.2104925877887695,0.8849200222605688,0.9022523669918399,0.9155277014097626,0.9600705060943922,0.9662815263905987,0.9710131536661318,0.9798318556849025,0.9829941541013878,0.9853999859691287,1.0,0.0,0.0,0.0,0.0,0.010402557431897747,-0.5526551885478612,0.4947885575899311,0.039345918059957165
17.2,0.5547171373249699,0.4968722701735767,0.5534728538137653,0.020670086884108763,2.5364321996023165,1.1239626983877389,1.1481793686917119,1.1669503297926132,0.12854017533604667,0.13066531909943097,0.1334563862441045,2.4843613508678835,2.5364321996023165,2.586419745931862,4.573982256736729e-07,0.0183573795470183,0.2093244945517638,0.8835185753582614,0.9007866671586098,0.9140234437076554,0.9595634696714304,0.9657581082448723,0.9704811086649756,0.9795730845329356,0.9827278884019327,0.9851299845964635,1.0,0.0,0.0,0.0,0.0,0.010349522752388776,-0.5534728538137653,0.4968722701735767,0.03900373873931682
17.400000000000002,0.5554670136508898,0.4989075093494713,0.5542660214135922,0.020425589790008226,2.5478722093419472,1.122045420826216,1.1461148503205034,1.1647867082604124,0.12877894204684243,0.13090051009336148,0.13368442775654107,2.4945375467473565,2.5478722093419472,2.596892422010898,4.132788918551888e-07,0.01817109586470453,0.20819139798058248,0.8821244423438813,0.8993252660744984,0.912521903215964,0.9590585471085856,0.9652356642993102,0.9699494422391266,0.9793153242540044,0.9824620469086452,0.9848601013926704,1.0,0.0,0.0,0.0,0.0,0.010295500349673178,-0.5542660214135922,0.4989075093494713,0.03866705694188123
17.6,0.556194897613271,0.5008953140208211,0.5550354109707155,0.020189570862748692,2.5590576975891546,1.1201423239934014,1.1440612312138907,1.1626323624498436,0.12901756810203283,0.13113529532756424,0.13391155461855722,2.5044765701041056,2.5590576975891546,2.607124706524701,3.741309309720473e-07,0.017991491618125598,0.2070922700418349,0.8807377237263049,0.8978683415199313,0.9110233016046226,0.9585557818323558,0.9647142615497261,0.9694182345735637,0.979058597824327,0.9821966640543991,0.9845903771749658,1.0,0.0,0.0,0.0,0.0,0.010240537941234168,-0.5550354109707155,0.5008953140208211,0.03833588504435785
17.8,0.5569013971749065,0.5028367027647972,0.555781719187426,0.01996168193087166,2.5699937116595333,1.1182534618560487,1.1420186947189526,1.1604875504978294,0.12925601824479077,0.13136964505988827,0.1341377470462142,2.514183513823986,2.5699937116595333,2.617121716675289,3.393329414805197e-07,0.01781829682274361,0.20602611544653426,0.8793585161881503,0.896416065825786,0.9095278539578039,0.9580552160263922,0.9641939653198885,0.9688875638642799,0.9788029276061196,0.981931773457394,0.9843208517949076,1.0,0.0,0.0,0.0,0.0,0.010184681836301945,-0.555781719187426,0.5028367027647972,0.038010227442772646
18.0,0.5575871033376278,0.5047326741584992,0.5565056206458955,0.01974159202862117,2.580685217068212,1.1163788830364827,1.139987415058463,1.158352518900378,0.12949425805401168,0.131603530256626,0.13436298579207187,2.523663370792496,2.580685217068212,2.62688846693288,3.083454571349656e-07,0.017651254621436834,0.2049919705058636,0.8779869126559343,0.8949686059865809,0.9080357689323658,0.9575568906483922,0.9636748392912898,0.9683575063624035,0.9785483353551824,0.9816674079350606,0.984051564159419,1.0,0.0,0.0,0.0,0.0,0.01012797697519971,-0.5565056206458955,0.5047326741584992,0.03769008117058792
18.2,0.5582525908765241,0.5065842071017502,0.5572077685785441,0.0195289864119978,2.5911370981351523,1.1145186309727477,1.1379675576008454,1.1562275028772027,0.12973225392644094,0.13183692258057433,0.13458725213869288,2.532921035508751,2.5911370981351523,2.6364298710748266,2.8071209587713963e-07,0.017490120541617856,0.20398890203065115,0.876623002368354,0.893526123770841,0.9065472489110197,0.9570608454464784,0.9631569455320845,0.9678281364166613,0.9782948422282413,0.9814035995175555,0.983782552250989,1.0,0.0,0.0,0.0,0.0,0.010070466967290734,-0.5572077685785441,0.5065842071017502,0.03737543647996542
18.400000000000002,0.5588984183433446,0.508392261140972,0.5578887956192108,0.019323565613976166,2.6013541586385482,1.1126727440738706,1.1359592791226445,1.154112726724679,0.12996997305947175,0.13206979437943506,0.1348105278923247,2.54196130570486,2.6013541586385482,2.6457507441888666,2.5603595576964484e-07,0.017334661778612728,0.20301600625827032,0.8752668709429376,0.8920887758287664,0.9050624901505837,0.9565671189751542,0.9626403445252361,0.9672995265143107,0.9780424687900903,0.9811403794608728,0.9835138531471169,1.0,0.0,0.0,0.0,0.0,0.010012194127988636,-0.5578887956192108,0.508392261140972,0.037066277384311376
18.6,0.5595251282195568,0.5101577767896226,0.5585493145230338,0.019125044566677643,2.6113411224837986,1.1108373009729358,1.133962728063737,1.1520084041574832,0.13020738343458693,0.13230211867453737,0.13503327613199637,2.5507888839481128,2.6113411224837986,2.654855804613586,2.3395276245693202e-07,0.01718465653016736,0.20207240782423727,0.8739156860655164,0.8906567137973215,0.9035816829254958,0.9560746859341979,0.9621250951959166,0.9667717473205977,0.9777906916124365,0.9808777782595908,0.9832455030390291,1.0,0.0,0.0,0.0,0.0,0.00995319951445088,-0.5585493145230338,0.5101577767896226,0.03676258216183995
18.8,0.5601332483912979,0.5118816758397212,0.5591899188440766,0.018933151825529636,2.6211026343475186,1.1089948582638833,1.1319780447755456,1.149914738639192,0.13044445380142694,0.1325338691498603,0.1352576153822958,2.559408379198606,2.6211026343475186,2.6637496757967365,2.1415575552609816e-07,0.017039893413507787,0.20115725879417612,0.8725566075099923,0.8892300844028772,0.9021050116666992,0.9555788637788911,0.9616112549382104,0.9662448677167802,0.9775371160808829,0.9806158256592792,0.9829775372496863,1.0,0.0,0.0,0.0,0.0,0.009893522959550025,-0.5591899188440766,0.5118816758397212,0.036464323831900666
19.0,0.5607232907103914,0.5135648616940541,0.5598111836485883,0.01874762874556932,2.6306432604431427,1.107166536056046,1.1300053617624326,1.1478319237028913,0.13068115366237756,0.13276502014134267,0.13548097338123197,2.5678243084702705,2.6306432604431427,2.6724368882523133,1.9638660907987172e-07,0.01690017083310322,0.20026973764487394,0.8712052237520583,0.8878090295614852,0.9006326550965813,0.9550853381022297,0.9610988796411405,0.9657189548369561,0.9772846496790766,0.9803545506685852,0.9827099902512046,1.0,0.0,0.0,0.0,0.0,0.00983320310692011,-0.5598111836485883,0.5135648616940541,0.036171470627487275
19.200000000000003,0.5612957542095388,0.5152082196472345,0.5604136660750193,0.018568228864275886,2.639967489147264,1.1053523645081806,1.1280448039165236,1.1457601432619693,0.13091745325766987,0.13299554662645907,0.13570333299711312,2.5760410982361726,2.639967489147264,2.6809218811483584,1.804161083304554e-07,0.01676529652590399,0.19940904846425817,0.8698616134350182,0.8863936864769189,0.8991647863600227,0.9545941450630273,0.9605880237140755,0.9651940741037136,0.9770333117713415,0.9800939815710128,0.982442895681698,1.0,0.0,0.0,0.0,0.0,0.009772277440366267,-0.5604136660750193,0.5152082196472345,0.03588398635205111
19.400000000000002,0.561851122620203,0.5168126172226687,0.5609979060316873,0.018394717137588248,2.6490797318362524,1.1035523693578346,1.1260964887462492,1.1436995719106045,0.13115332355105971,0.1332254242140351,0.13592467758216686,2.584063086113343,2.6490797318362524,2.689209004291136,1.6603659745275442e-07,0.016635086969058892,0.1985744199547323,0.8685258519037535,0.8849841877366365,0.8977015731511359,0.9541053197201438,0.9600787401115692,0.9646702892624512,0.9767831211750164,0.9798341459364369,0.9821762863614644,1.0,0.0,0.0,0.0,0.0,0.00971078231804258,-0.5609979060316873,0.5168126172226687,0.035601830833127804
19.6,0.5623898665019128,0.5183789044653765,0.5615644267510863,0.018226869372564628,2.6579843235872582,1.1017665720469896,1.1241605265986008,1.1416503752151563,0.13138873621596356,0.13345462913431327,0.13614499096783506,2.591894522326882,2.6579843235872582,2.697302519696658,1.5306601449009017e-07,0.016509366957559637,0.19776510464130528,0.8671980112584506,0.883580661405607,0.8962431778364723,0.9536188960446766,0.9595710803576106,0.964147662414644,0.9765340961657741,0.9795750706323308,0.9819101943086569,1.0,0.0,0.0,0.0,0.0,0.009648753001576915,-0.5615644267510863,0.5183789044653765,0.035324960241453734
19.8,0.5629124430575105,0.5199079142467186,0.562113735370938,0.01806447162210666,2.6666855239727623,1.0999949898444168,1.1222370208754189,1.1396127099973694,0.1316236636219565,0.13368313822923816,0.1363642574601326,2.5995395712335925,2.6666855239727623,2.7052066033249575,1.4134918770002789e-07,0.0163879691425347,0.19698037804151702,0.8658781604074686,0.8821832311181919,0.8947897575753003,0.9531349069319828,0.9590650945693526,0.9636262540502677,0.9762862544828674,0.9793167818347481,0.9816446507545455,1.0,0.0,0.0,0.0,0.0,0.009586223685679962,-0.562113735370938,0.5199079142467186,0.035053327451802445
20.0,0.5634192980599281,0.5214004625488284,0.5626463234460899,0.017907319683880703,2.675187517801407,1.0982376359657826,1.1203260682439349,1.137586724608646,0.13185807882172956,0.13391092894294407,0.136582461834948,2.607002312744142,2.675187517801407,2.712925346625539,1.307566074211578e-07,0.016270733657889013,0.19621953793415722,0.8645663651200803,0.880792016168176,0.893341464436336,0.952653384213798,0.9585608314803559,0.9631061230791601,0.9760396133344401,0.979059305039074,0.9813796861582594,1.0,0.0,0.0,0.0,0.0,0.009523227525535166,-0.5626463234460899,0.5214004625488284,0.034786882336065215
20.200000000000003,0.5639108615162828,0.522857348812252,0.5631626676162246,0.017755218433692703,2.68349441607601,1.0964945196906777,1.1184277588415743,1.1355725591955803,0.13209195553849712,0.13413797931245258,0.13679958933339234,2.61428674406126,2.6834944160760106,2.720462758443899,1.2115907618992312e-07,0.016157507593099935,0.1954819034053934,0.8632626880784591,0.8794071315969177,0.8918984455110085,0.9521743586702259,0.9580583384633353,0.9625873268613442,0.9757941894027856,0.9788026650705414,0.9811153302210206,1.0,0.0,0.0,0.0,0.0,0.00945979666943017,-0.5631626676162246,0.522857348812252,0.034525572125040344
20.400000000000002,0.564387553668078,0.5242793561744165,0.5636632299594544,0.017607981519877528,2.6916102566364932,1.0947656464751678,1.1165421764751513,1.1335703459582844,0.132325268153689,0.13436426795857545,0.1370156256573789,2.6213967808720824,2.6916102566364932,2.7278227662242616,1.1244697468333929e-07,0.0160481447863868,0.19476681434363657,0.8619671889277898,0.8780286882796428,0.8904608430242884,0.9516978600411847,0.9575576615524142,0.9620699212366816,0.9755499988493417,0.97854688609451,0.9808516119000559,1.0,0.0,0.0,0.0,0.0,0.009395962280187256,-0.5636632299594544,0.5242793561744165,0.03426934159223774
20.6,0.5648497834056201,0.5256672517716974,0.5641484585325114,0.017465430844848057,2.6995390050536408,1.093051018063886,1.1146693988149967,1.1315802094009213,0.13255799169500557,0.1345897740769601,0.13723055696493838,2.6283362588584867,2.6995390050536408,2.735009217717282,1.0453546354146331e-07,0.015942505422068414,0.19407363066784092,0.8606799243275097,0.876656793010255,0.8890287944425875,0.9512239170384132,0.9570588454650254,0.9615539605536773,0.9753070573199875,0.9782919916265931,0.9805885594220984,1.0,0.0,0.0,0.0,0.0,0.009331754562883293,-0.5641484585325114,0.5256672517716974,0.034018133368474764
20.8,0.5652979466484621,0.5270217870505699,0.5646187879052161,0.017327396075527288,2.7072845555345033,1.0913506326005136,1.1128094975838363,1.1296022665741725,0.13279010182488035,0.13481447742931318,0.13744436986541533,2.6351089352528496,2.7072845555345033,2.7420258825707418,9.733843639927417e-08,0.015840455649806483,0.1934017315639769,0.8594009480027603,0.8752915485844618,0.8876024325784804,0.9507525573577037,0.9565619336233868,0.9610394976973438,0.9750653799504718,0.9780380045425728,0.9803262002964285,1.0,0.0,0.0,0.0,0.0,0.00926720279290201,-0.5646187879052161,0.5270217870505699,0.033771888183839575
21.0,0.5657324285783674,0.5283436980363357,0.5650746395693179,0.017193714299013486,2.7148507317209094,1.0896644847334473,1.110962538740474,1.1276366273109888,0.13302157482920407,0.13503835833480504,0.1376570514149526,2.6417184901816784,2.71485073172091,2.748876453709071,9.077927293703413e-08,0.015741867331114483,0.1927505149009744,0.858130310793643,0.8739330538811987,0.8861818856931438,0.9502838076904748,0.9560669681755347,0.9605265841164456,0.9748249813715179,0.9777849470881191,0.9800645613276197,1.0,0.0,0.0,0.0,0.0,0.009202335338976964,-0.5650746395693179,0.5283436980363357,0.03353054506670131
21.200000000000003,0.5661536041612718,0.5296337056066409,0.5655164223665136,0.017064229648708195,2.7222412875496427,1.0879925657185732,1.1091285826586406,1.125683394455792,0.13325238760630115,0.13526139766161838,0.1378685891120325,2.6481685280332043,2.7222412875496427,2.755564548793312,8.479501163127171e-08,0.0156466177558585,0.19211939661926639,0.8568680607036531,0.872581403942577,0.884767277596573,0.9498176937351879,0.9555739900160088,0.9600152698501423,0.974585875713863,0.9775328408883411,0.9798036686279976,1.0,0.0,0.0,0.0,0.0,0.009137179686702315,-0.5655164223665136,0.5296337056066409,0.03329404156176453
21.400000000000002,0.5665618375416833,0.5308925157778311,0.5659445329405248,0.016938792918832175,2.7294599081539976,1.0863348635219379,1.1073076843011462,1.1237426640864339,0.13348251765625105,0.13548357681863124,0.1380789708927268,2.6544625788891554,2.7294599081539976,2.762093711691053,7.932868972440079e-08,0.015554589344842154,0.1915078100849646,0.8556142429493665,0.8712366900524082,0.8833587277450232,0.949354240209373,0.9550830388061966,0.9595056035538315,0.9743480766136272,0.9772817069571877,0.9795435476297121,1.0,0.0,0.0,0.0,0.0,0.009071762463150973,-0.5659445329405248,0.5308925157778311,0.03306231393003654
21.6,0.5669574825194675,0.5321208199791173,0.5663593561433518,0.016817261232932194,2.7365102107402803,1.0846913629199721,1.1054998933893525,1.1218145257295271,0.13371194307049422,0.13570487774724352,0.13828818512595356,2.6606040998955867,2.7365102107402803,2.768467413862831,7.43275255128712e-08,0.015465669398161862,0.19091520550949742,0.8543689000096107,0.8698989998132647,0.8819563513360381,0.9488934708616135,0.9545941529943295,0.9589976325243175,0.9741115972176755,0.9770315657066875,0.9792842230964841,1.0,0.0,0.0,0.0,0.0,0.009006109459783987,-0.5663593561433518,0.5321208199791173,0.03283529732230279
21.8,0.5673408832720542,0.5333192953176289,0.5667612654151265,0.016699497739183458,2.743395745463602,1.0830620455960722,1.1037052545681048,1.119899062570029,0.1339406425216293,0.13592528291333847,0.13849622060889988,2.6665964765881442,2.743395745463602,2.774689055721479,6.974584043568292e-08,0.015379749865010511,0.1903410494069621,0.8531320716731466,0.8685684172221227,0.8805602594016595,0.9484354084831307,0.9541073698351425,0.9584914027245212,0.9738764501887908,0.9767824369560336,0.9790257191351389,1.0,0.0,0.0,0.0,0.0,0.008940245654158449,-0.5667612654151265,0.5333192953176289,0.03261292594575092
22.0,0.5677123744194176,0.5344886048461177,0.567150623169024,0.01658537130454316,2.750119996328135,1.0814468902354877,1.1019238075662807,1.1179963516546838,0.13416859525345803,0.1361447752993665,0.13870306656236916,2.6724430242305885,2.750119996328135,2.7807847697514463,6.554372037935871e-08,0.015296727109675069,0.18978482404425148,0.8519037950863265,0.8672450227446713,0.8791705588994664,0.9479800749195063,0.9536227254092259,0.9579869588076004,0.9736426477109332,0.9765343399405325,0.9787680592068587,1.0,0.0,0.0,0.0,0.0,0.008874195231768967,-0.567150623169024,0.5344886048461177,0.03240455794895033
22.200000000000003,0.5680722811539919,0.5356293978278875,0.5675277811616194,0.016474756228183653,2.756686382089581,1.0798458726188005,1.1001555873530737,1.116106464089152,0.13439578107131037,0.1363633383965483,0.13890871262602114,2.678146989139438,2.756686382089581,2.7867755275453057,6.168459568582425e-08,0.01521650169244554,0.18924602691197226,0.8506841048008981,0.865928893388307,0.8777873528012529,0.9475274910826077,0.9531402546420777,0.9574843441404095,0.9734102014946209,0.9762872933204164,0.9785112661381181,1.0,0.0,0.0,0.0,0.0,0.008807981607383372,-0.5675277811616194,0.5356293978278875,0.03221744592412347
22.400000000000002,0.56842091969136,0.5367423099946304,0.5678930808395956,0.01636753198041166,2.7630982571517526,1.0782589657130035,1.0984006242901048,1.1142294652295959,0.13462218033256848,0.1365809561971919,0.13911314885363538,2.6837115499731516,2.7630982571517526,2.7926231437791373,5.813569839499493e-08,0.015138978171307901,0.18872417022914909,0.8494730328211871,0.8646201027738515,0.8764107401798543,0.9470776769624331,0.9526599913228687,0.9569836008264831,0.9731791227822827,0.9760413151895272,0.978255362131395,1.0,0.0,0.0,0.0,0.0,0.008741627445441394,-0.5678930808395956,0.5367423099946304,0.03203441814775649
22.6,0.5687585975599535,0.5378279638014604,0.5682468536774947,0.016263582952019396,2.7693589124701568,1.0766861397603384,1.09665894427947,1.1123654148690658,0.1348477739373587,0.13679761318711936,0.1393163657083844,2.689139819007302,2.7693589124701568,2.798330744562933,5.486833072059834e-08,0.0150640649108568,0.18821878046072182,0.8482706086507343,0.8633187212060185,0.87504081629431,0.946630651638901,0.9521819681229279,0.956484769728607,0.972949422353602,0.9757964230838775,0.9780003687756919,1.0,0.0,0.0,0.0,0.0,0.008675154680011038,-0.5682468536774947,0.5378279638014604,0.03185540509477209
22.8,0.5690856137511678,0.5388869686798651,0.5685894215072502,0.016162798213881138,2.7754715764610727,1.0751273623653974,1.0949305689078506,1.1105143674183366,0.1350725433194636,0.13701329433819776,0.13951835405805657,2.6944348433993253,2.7754715764610727,2.8039013925656913,5.1856631476059116e-08,0.014991673898379458,0.18772939784678533,0.8470768593387529,0.8620248157426709,0.8736776726730476,0.9461864332937229,0.9517062166139604,0.955987890490863,0.9727211105309166,0.975552633990093,0.9777463070568077,1.0,0.0,0.0,0.0,0.0,0.008608584534381264,-0.5685894215072502,0.5388869686798651,0.0316803374177751
23.0,0.5694022589982981,0.5399199212859547,0.5689210968320273,0.016065071293564055,2.781439415907743,1.0735825985803757,1.0932155155867624,1.108676372081294,0.1352964704374535,0.13722798510097015,0.1397191051702483,2.699599606429773,2.781439415907743,2.8093380881800827,4.907710457491952e-08,0.014921720573446994,0.18725557595424666,0.8458918095262702,0.8607384502628909,0.872321397195112,0.9457450392223052,0.9512327672860105,0.9554930015601528,0.9724941971846516,0.9753099643537408,0.9774931973673628,1.0,0.0,0.0,0.0,0.0,0.008541937540039693,-0.5689210968320273,0.5399199212859547,0.03150914602462744
23.200000000000003,0.5697088160736142,0.5409274057446106,0.5692421831276707,0.015970299964933855,2.787265536866012,1.07205181098836,1.0915137976890645,1.1068514730254662,0.13551953776597525,0.1374416713973837,0.13991861070754597,2.7046370287230532,2.787265536866012,2.8146437706690803,4.6508894151297775e-08,0.014854123667474862,0.18679688124618465,0.8447154814918681,0.8594596855338968,0.8709720741698085,0.9453064858456508,0.9507616495651717,0.9550001402073323,0.9722686917387672,0.9750684300875504,0.977241059516645,1.0,0.0,0.0,0.0,0.0,0.008475233555117478,-0.5692421831276707,0.5409274057446106,0.031341762150003595
23.400000000000002,0.5700055599853361,0.5419099938907841,0.569552975135674,0.015878386046716046,2.7929529855718545,1.0705349597848117,1.0898254246818149,1.1050397095478424,0.13574172828719128,0.1376543396136086,0.14011686272268165,2.7095499694539202,2.7929529855718545,2.8198213192979615,4.413336128216851e-08,0.014788805049663858,0.18635289266332275,0.8435478951970795,0.8581885792768317,0.869629784414818,0.9448707887222771,0.9502928918310624,0.9545093425479779,0.972044603176233,0.974828046579529,0.9769899127402857,1.0,0.0,0.0,0.0,0.0,0.008408491782437896,-0.569552975135674,0.5419099938907841,0.03117811742094249
23.6,0.5702927581893247,0.542868245507056,0.5698537591450481,0.01578923521253057,2.7985047493469573,1.0690320028572993,1.0881504022555708,1.1032411162357818,0.1359630254824027,0.13786597659294725,0.14031385365366175,2.71434122753528,2.7985047493469573,2.824873554446751,4.1933525177809084e-08,0.014725689581745246,0.1859232012213599,0.8423890683314766,0.8569251862314486,0.8682946053325853,0.9444379625601699,0.9498265214340625,0.9540206435627075,0.9718219400445345,0.974588828700979,0.9767397757097298,1.0,0.0,0.0,0.0,0.0,0.008341730787091037,-0.5698537591450481,0.542868245507056,0.03101814391588956
23.8,0.5705706708435205,0.5438027085570928,0.5701448132626588,0.015702756812476782,2.8039237575009004,1.0675428958634536,1.0864887324502186,1.1014557231231918,0.1361834133238448,0.13807656962882858,0.14050957631887614,2.7190135427854636,2.8039237575009004,2.829803238703488,3.989410984189253e-08,0.014664704981714571,0.18550740962477313,0.8412390163573984,0.855669558219715,0.8669666109850488,0.9440080212287434,0.9493625647123313,0.9535340771170817,0.9716007104612021,0.9743507908144126,0.9764906665415078,1.0,0.0,0.0,0.0,0.0,0.008274968513511227,-0.5701448132626588,0.5438027085570928,0.03086177421827992
24.0,0.5708395510195353,0.5447139194157087,0.5704264076746471,0.015618863703302337,2.8092128822316123,1.066067592307202,1.0848404137774295,1.0996835558423583,0.13640287626661826,0.13828610645788567,0.14070402391218684,2.7235695970785434,2.8092128822316123,2.8346130779419063,3.8001479386165405e-08,0.014605781693923877,0.18510513189336114,0.8400977525543148,0.8544217442083629,0.8656458721669509,0.9435809777708144,0.9489010470086003,0.953049675981168,0.9713809221193616,0.9741139467813809,0.9762426028063573,1.0,0.0,0.0,0.0,0.0,0.008208222302146378,-0.5704264076746471,0.5447139194157087,0.03070894146539886
24.200000000000003,0.5710996448902599,0.5456024030954775,0.5706988048988788,0.015537472087115894,2.814374939522945,1.0646060436133504,1.0832054413398255,1.0979246357715045,0.1366213992407557,0.1384945752531123,0.14089718999799125,2.7280120154773875,2.814374939522945,2.839305722382398,3.6243232072269027e-08,0.01454885276558748,0.18471599300160155,0.8389652880628802,0.8531817903704055,0.8643324564777386,0.9431568444146007,0.9484419926867611,0.9525674718487713,0.971162582293314,0.9738783099702062,0.9759956015381904,1.0,0.0,0.0,0.0,0.0,0.00814150890571752,-0.5706988048988788,0.5456024030954775,0.03055957939230325
24.400000000000002,0.5713511919438335,0.5464686734694786,0.570962260027559,0.015458501359455252,2.8194126900374625,1.0631581992005148,1.0815838069469366,1.0961789801780417,0.13683896764343806,0.1387019646170979,0.14108906850626615,2.7323433673473927,2.8194126900374625,2.8438837676349786,3.460808786107812e-08,0.014493853730541758,0.18433962853205843,0.8378416319286286,0.8519497401456387,0.8630264283919518,0.9427356325857318,0.9479854251482416,0.9520874953562909,0.970945697844139,0.9736438932636285,0.9757496792428906,1.0,0.0,0.0,0.0,0.0,0.008074844505035594,-0.570962260027559,0.5464686734694786,0.030413622371163147
24.6,0.5715944251881707,0.547313233490433,0.5712170209611951,0.015381873965234955,2.824328840004836,1.061724006552417,1.0799754992280326,1.0944466023576787,0.13705556733134994,0.138908263575337,0.14127965372759474,2.736566167452165,2.824328840004836,2.848349755726053,3.3085943514702106e-08,0.014440722498979942,0.18397568434114986,0.8367267911452978,0.8507256343001497,0.8617278493282061,0.9423173529192612,0.9475313668481844,0.9516097761012389,0.9707302752253143,0.9734107090663711,0.9755048519069549,1.0,0.0,0.0,0.0,0.0,0.008008244724421007,-0.5712170209611951,0.547313233490433,0.030271005446731596
24.8,0.5718295713268572,0.5481365754064229,0.5714633286346863,0.01530751526160362,2.8291260421058366,1.0603034112876146,1.078380503741911,1.0927275117695983,0.1372711846131568,0.1391134615696109,0.14146894030817322,2.7406828770321146,2.8291260421058366,2.8527061761095704,3.166764345376656e-08,0.014389399252342026,0.18362381623616236,0.8356207706978201,0.8495095109848512,0.8604367777168493,0.941902015271696,0.9470798393114288,0.9511343426604493,0.9705163204883608,0.9731787693126173,0.9752611350059964,1.0,0.0,0.0,0.0,0.0,0.007941724646742712,-0.5714633286346863,0.5481365754064229,0.030131664368045093
25.0,0.5720568509425674,0.548939180972967,0.5717014172350794,0.015235353388226328,2.8338068963504894,1.0588963572276793,1.0767988030837188,1.091021714167804,0.13748580624210135,0.1393175484514411,0.14165692324480028,2.744695904864835,2.83380689635049,2.856955466661498,3.034478989766537e-08,0.01433982634391149,0.1832836896641722,0.8345235736049501,0.8483014057930601,0.8591532690663293,0.9414896287330299,0.946630863148301,0.9506612226079899,0.9703038392885057,0.9729480854734133,0.9750185435131128,1.0,0.0,0.0,0.0,0.0,0.007875298828067714,-0.5717014172350794,0.548939180972967,0.02999553561642665
25.200000000000003,0.5722764786853801,0.5497215216614754,0.5719315144113716,0.015165319144499886,2.838373950950008,1.0575027864638473,1.0752303769888754,1.0893292117286588,0.13769941940872463,0.13952051447561029,0.1418435978798511,2.7486076083073767,2.8383739509500083,2.8611000146582293,2.9109807733578938e-08,0.014291948204733075,0.18295497941232622,0.8334352009615282,0.8471013518171341,0.8578773760282489,0.9410802016387791,0.946184458070223,0.9501904425327621,0.9700928368903634,0.9727186685639901,0.9747770919071139,1.0,0.0,0.0,0.0,0.0,0.007808981311931307,-0.5719315144113716,0.5497215216614754,0.02986255643029873
25.400000000000002,0.5724886634393798,0.5504840588642829,0.5721538414771906,0.015097345872623987,2.8428297031827614,1.0561226394221754,1.0736752024341856,1.0876500031747585,0.13791201173370354,0.13972235029375088,0.14202895989623687,2.752420294321414,2.8428297031827614,2.8651421577397853,2.795586505033301e-08,0.014245711253916833,0.18263736931829896,0.8323556519803865,0.8459093797041897,0.8566091484611514,0.9406737415820213,0.9457406429051314,0.9497220280558057,0.9698833181736336,0.9724905291510104,0.974536794180618,1.0,0.0,0.0,0.0,0.0,0.007742785643255146,-0.5721538414771906,0.5504840588642829,0.029732664827046017
25.6,0.5726936084834643,0.5512272440962018,0.5723686136063187,0.015031369346583869,2.847176600253497,1.0547558549272376,1.072133253736196,1.0859840838952843,0.13812357126079547,0.1399230469479988,0.14221300531235045,2.756136220481009,2.847176600253497,2.869084184857419,2.6876663549523078e-08,0.014201063813441338,0.18233055199097317,0.831284924033879,0.8447255177109113,0.8553486334931152,0.9402702554254297,0.9452994356127268,0.9492560038473362,0.969675287638813,0.9722636773597434,0.974297663848026,1.0,0.0,0.0,0.0,0.0,0.007676724881910887,-0.5723686136063187,0.5512272440962018,0.029605799621984737
25.8,0.5728915116606389,0.5519515191925303,0.5725760400210991,0.014967327667064509,2.851417040145037,1.053402370264376,1.0706045026468818,1.0843314460628977,0.13833408644989081,0.14012259586471096,0.1423957304770009,2.7597575959626512,2.851417040145037,2.8729283372055368,2.586645802830265e-08,0.014157956027533655,0.18203422854128695,0.8302230126950466,0.8435497917574682,0.8540958755831439,0.9398697493133046,0.9448608532995414,0.9487923936435032,0.9694687494129225,0.9720381228811638,0.9740597139533744,1.0,0.0,0.0,0.0,0.0,0.007610811615932148,-0.5725760400210991,0.5519515191925303,0.029481900444718132
26.0,0.5730825655352597,0.5526573165036635,0.5727763241743608,0.014905161161451127,2.855553372462697,1.0520621212405423,1.0690889184467183,1.0826920787472756,0.13854354617016953,0.14032098884824487,0.14257713206433764,2.763286582518317,2.855553372462697,2.876676809138746,2.492009195056756e-08,0.014116339785893117,0.1817481083223417,0.8291699117783995,0.8423822254805589,0.8528509165814024,0.9394722286835948,0.9444249122338414,0.9483312202628894,0.969263707255243,0.9718138749789844,0.9738229570780711,1.0,0.0,0.0,0.0,0.0,0.0075450579743932406,-0.5727763241743608,0.5526573165036635,0.029360907753169678
26.200000000000003,0.5732669575369411,0.5533450590863511,0.5729696639251122,0.014844812288590364,2.859587899271082,1.0507350422437631,1.0675864680352125,1.0810659680253778,0.138751939693359,0.1405182180747998,0.14275720706876457,2.7667252954317556,2.859587899271082,2.8803317490740756,2.4032814541912464e-08,0.014076168650506307,0.18147190867841106,0.8281256133803289,0.8412228402855887,0.8516137957883001,0.9390776982799105,0.9439916278603562,0.9478725056227483,0.9690601645630652,0.9715909424966175,0.9735874053485161,1.0,0.0,0.0,0.0,0.0,0.007479475639970826,-0.5729696639251122,0.5533450590863511,0.029242762845354726
26.400000000000002,0.5734448701105411,0.554015160891533,0.5731562517079478,0.014786225548519036,2.863522875922524,1.049421066301238,1.0660971160189547,1.0794530970885532,0.13895925668708764,0.14071427608631742,0.14293595279984808,2.7700758044576648,2.863522875922524,2.8838952603780643,2.320022245990763e-08,0.014037397786295423,0.18120535470293164,0.827090107919132,0.8400716553980027,0.8503845500124743,0.9386861621635211,0.9435610148148481,0.9474162707549967,0.9688581243774448,0.9713693338640684,0.9733530704436134,1.0,0.0,0.0,0.0,0.0,0.00741407586117189,-0.5731562517079478,0.554015160891533,0.029127407869042155
26.6,0.5736164808634477,0.5546680269488228,0.5733362746965667,0.014729347396671486,2.8673605118771,1.0481201251361019,1.0646208247972535,1.0778534463465568,0.13916548720833358,0.14090915578444146,0.14311336687721934,2.773340134744114,2.8673605118771,2.8873694022392757,2.2418369651381338e-08,0.013999983895188915,0.18094817900490467,0.8260633841746429,0.83892868791378,0.8491632136276862,0.9382976237253341,0.9431330869385142,0.946962535821964,0.9686575893889643,0.9711490571047636,0.973119963602177,1.0,0.0,0.0,0.0,0.0,0.0073488694642595415,-0.5733362746965667,0.5546680269488228,0.029014785829599384
26.8,0.5737819626970204,0.5553040535477554,0.5735099149617966,0.01467412616199441,2.8711029715143237,1.0468321492228907,1.06315755464542,1.0762669935285718,0.13937062169696457,0.1411028504245349,0.1432894472254712,2.7765202677387766,2.8711029715143237,2.8907561905265635,2.1683659147901933e-08,0.013963885153122666,0.18070012148314768,0.8250454293274856,0.8377939528491092,0.8479498186286534,0.9379120856978561,0.9427078572922329,0.9465113201319064,0.9684585619435016,0.9709301198423128,0.9728880956302319,1.0,0.0,0.0,0.0,0.0,0.007283866864872354,-0.5735099149617966,0.5553040535477554,0.02890484059606251
27.0,0.5739414839380909,0.5559236284157429,0.5736773496241045,0.014620511969132553,2.874752374935879,1.045553909498342,1.0617072637957514,1.0746937137813124,0.13957465096936747,0.14129535360975423,0.1434646254366455,2.7796181420787147,2.874752374935879,2.8940575986328625,2.099269181818205e-08,0.013929061150165564,0.18046092910842204,0.8240337274582966,0.8366674631892501,0.8467443946858392,0.937528601575184,0.9422853381706525,0.9460626421542904,0.9682605542031892,0.9707125293072077,0.9726574769082159,1.0,0.0,0.0,0.0,0.0,0.007219078079353666,-0.5736773496241045,0.5559236284157429,0.028797516905543975
27.200000000000003,0.5740952084752092,0.5565271308927721,0.5738387510007856,0.014568456664576018,2.878310798759119,1.0442639452378752,1.0602699085162866,1.0731335797642965,0.1397775662121635,0.14148665928517953,0.14364184522891973,2.7826356544638604,2.878310798759119,2.8972755583046834,2.0342391862368654e-08,0.013895472833705907,0.1802303557131634,0.8230112870808232,0.8355492299366002,0.845546969199229,0.9371407280080671,0.9418655411161204,0.9456165195348532,0.9680602388193775,0.9704962923434554,0.9724281173980827,1.0,0.0,0.0,0.0,0.0,0.007154512735783852,-0.5738387510007856,0.5565271308927721,0.028692760366184053
27.400000000000002,0.5742432958814392,0.5571149321029504,0.5739942867482486,0.014517913746118456,2.8817802769015564,1.0429867076152226,1.0588454431873733,1.071586561742358,0.1399793589760083,0.14167676173199997,0.1438177484955425,2.7855746605147518,2.8817802769015564,2.9004119604578547,1.9730025540982887e-08,0.013863082454123607,0.18000816178821621,0.8219974878315446,0.8344392621579736,0.844357567351106,0.9367558152341191,0.941448476932467,0.9451729691104439,0.9678614115331298,0.9702814154151523,0.9722000266503097,1.0,0.0,0.0,0.0,0.0,0.007090180084736081,-0.5739942867482486,0.5571149321029504,0.028590517458772058
27.6,0.5743859015291451,0.5576873951229153,0.5741441199994853,0.014468838295570115,2.8851628013560795,1.0417221278982551,1.0574338203761215,1.070052627675479,0.14018002116947406,0.1418656555617538,0.1439923334475338,2.7884369756145766,2.8851628013560795,2.9034686559794176,1.9152972869601664e-08,0.013831853512929667,0.17979411428644942,0.8209923157685788,0.8333375670311043,0.8431762121578499,0.9363738653913745,0.9410341556986314,0.9447320069236521,0.9676640743665689,0.9700679046129939,0.9719732138108138,1.0,0.0,0.0,0.0,0.0,0.007026089009762218,-0.5741441199994853,0.5576873951229153,0.028490735537026118
27.8,0.5745231767132875,0.5582448751470895,0.5742884094967604,0.014421186914939625,2.888460322956354,1.04047013625614,1.0560349909087796,1.068531743306017,0.14037954505301153,0.14205333571062162,0.14416559858194086,2.791224375735448,2.888460322956354,2.906464845812705,1.8608779169257323e-08,0.013801750713606868,0.17958798643319931,0.8199957554776552,0.8322441498903884,0.8420029245207802,0.9359948800024187,0.9406225867821418,0.9442936482372272,0.9674682290185151,0.9698557656607253,0.9717476876277756,1.0,0.0,0.0,0.0,0.0,0.006962248037603855,-0.5742884094967604,0.5582448751470895,0.02840055040286576
28.0,0.5746552687686957,0.5587877196498795,0.5744273097198817,0.014374917665559352,2.8916747521326194,1.0392306618093434,1.054648903941096,1.0670238722433971,0.14057792323298998,0.14223979743377393,0.1443375426768527,2.7939385982493974,2.8916747521326194,2.9094098729289923,1.8095340765654005e-08,0.013772739914687594,0.17938955754302627,0.8190077901091263,0.8311590142718676,0.8408377232760613,0.9356188599859792,0.9402137788524485,0.9438579075482947,0.9672738768701213,0.9696450039215307,0.9715234564583768,1.0,0.0,0.0,0.0,0.0,0.00689866534814354,-0.5744273097198817,0.5587877196498795,0.028323039999336764
28.200000000000003,0.5747823211714926,0.5593162685448778,0.5745609710102609,0.014329990009762959,2.894807959658038,1.038003632678435,1.0532755070267186,1.0655289760463298,0.1407751486558146,0.14242503629977052,0.14450816478642206,2.796581342724389,2.894807959658038,2.9122796895082024,1.7610676287461446e-08,0.013744788084728406,0.17919861284248423,0.8180284014145567,0.8300821619574761,0.8396806252436821,0.9352458056684704,0.9398077398941075,0.9434247986023712,0.9670810189904988,0.9694356244043628,0.9713005282754489,1.0,0.0,0.0,0.0,0.0,0.006835348784109019,-0.5745609710102609,0.5593162685448778,0.028247497194365433
28.400000000000002,0.5749044736465829,0.5598308543410454,0.5746895396907248,0.014286364755486163,2.8978617773849455,1.0367889760317102,1.0519147461836753,1.0640470143026481,0.14097121460211656,0.14260904818501247,0.14467746423589697,2.799154271705227,2.8978617773849455,2.9150760070571367,1.715278530785796e-08,0.013717863259558967,0.17901494329896459,0.8170575697828888,0.8290135930185504,0.8385316452755435,0.9348757167954928,0.9394044772198243,0.9429943344071873,0.9668896561423345,0.9692276317702154,0.9710789106740406,1.0,0.0,0.0,0.0,0.0,0.006772305860521771,-0.5746895396907248,0.5598308543410454,0.02817387818331357
28.6,0.5750218622808134,0.5603318022959263,0.5748131581813024,0.014244004003630371,2.900837998970982,1.0355866181316646,1.050566565958992,1.0625779447067947,0.1411661146810182,0.14279182926824607,0.14484544061666213,2.8016590114796314,2.900837998970982,2.917800500818167,1.671997963056634e-08,0.013691934501680098,0.17883834545528224,0.8160952742761886,0.8279533058586187,0.8373907963026476,0.9345085925432846,0.9390039974833511,0.9425665272463147,0.9666997887874952,0.9690210303383348,0.9708586108779,1.0,0.0,0.0,0.0,0.0,0.006709543773904314,-0.5748131581813024,0.5603318022959263,0.02810214000295943
28.8,0.5751346196168593,0.5608194305660025,0.5749319651113163,0.014202871097468367,2.9037383805955965,1.034396484380329,1.0492309094914896,1.0611217231350478,0.14135984282446892,0.14297337602511787,0.14501209378129293,2.8040971528300123,2.9037383805955965,2.9204548104806642,1.6310825466993778e-08,0.013666971861153116,0.1786686212695481,0.8151414926649527,0.8269012972554757,0.8362580893814213,0.9341444315301155,0.9386063066922433,0.9421413886926072,0.9665114170926182,0.9688158240923741,0.9706396357458762,1.0,0.0,0.0,0.0,0.0,0.0066470694112549245,-0.5749319651113163,0.5608194305660025,0.028032240521724313
29.0,0.5752428747421262,0.5612940503541747,0.5750460954277378,0.014162930574306452,2.9065646416665505,1.0332184993634967,1.0479077185728107,1.0596783037185515,0.14155239328164984,0.14315368522278077,0.14517742383862262,2.806470251770873,2.9065646416665505,2.923040540880391,1.5923709580416725e-08,0.013642946338206676,0.17850557796037456,0.8141962014629933,0.8258575624025578,0.8351335337392036,0.9337832318276287,0.9382114102204775,0.941718929621463,0.9663245409346867,0.9686120166864903,0.9704219917782452,1.0,0.0,0.0,0.0,0.0,0.006584889358792839,-0.5750460954277378,0.5612940503541747,0.027964138429441298
29.200000000000003,0.5753467533952833,0.5617559660543777,0.5751556804998716,0.014124148119804475,2.9093184655158644,1.0320525868938668,1.0465969337067218,1.0582476389141806,0.14174376061344973,0.14333275391455114,0.14534143114882336,2.8087798302718885,2.9093184655158644,2.9255592626868556,1.5557142988175093e-08,0.01361982984796396,0.1783490278573262,0.8132593759619013,0.824822094949618,0.8340171368188646,0.9334249909721283,0.9378193128209252,0.941299160223895,0.9661391599065905,0.9684096114513848,0.9702056851229522,1.0,0.0,0.0,0.0,0.0,0.006523009910471375,-0.5751556804998716,0.5617559660543777,0.027897793226940873
29.400000000000002,0.5754463780610518,0.5622054753934486,0.5752608482207328,0.014086490524152203,2.9120015000858697,1.030898670053104,1.0452984941667305,1.056829679573335,0.14193393968700638,0.14351057943461587,0.14550411631850602,2.811027376967243,2.9120015000858697,2.9280125130792394,1.521013160350113e-08,0.01359759518655029,0.178198788256096,0.8123309902650501,0.8237948870427221,0.8329089043226289,0.9330697059757955,0.9374300186376942,0.9408820900194346,0.9659552733226641,0.9682086114002832,0.9699907215817835,1.0,0.0,0.0,0.0,0.0,0.006461437076280663,-0.5752608482207328,0.5622054753934486,0.027833165215468126
29.6,0.5755418680410631,0.5626428695702828,0.5753617231051996,0.014049925639722806,2.914615358605614,1.0297566712328647,1.0440123380520676,1.055424375008702,0.1421229256703146,0.1436871593927902,0.14566548019583517,2.8132143478514138,2.914615358605614,2.930401796410863,1.4881515121230505e-08,0.013576215998240226,0.1780546812782863,0.8114110173211934,0.8227759293635668,0.8318088402550804,0.9327173733378524,0.9370435312183267,0.940467727868855,0.9657728802242086,0.968009019234864,0.9697771066164593,1.0,0.0,0.0,0.0,0.0,0.0064001765903333036,-0.5753617231051996,0.5626428695702828,0.027770215485666154
29.8,0.5756333395447815,0.5630684333922417,0.5754584263848295,0.014014422341117253,2.9171616202566297,1.0286265121747928,1.042738402342071,1.054031673059045,0.1423107140268993,0.14386249166932483,0.14582552386566403,2.815342166961208,2.91716162025663,2.9327285848618536,1.4569823293439338e-08,0.013555666744532019,0.1779165337359579,0.8104994289576124,0.8217652111681297,0.8307169469653757,0.932367989055653,0.9366598535258663,0.9400560819867259,0.9655919793849908,0.9678108373511259,0.969564845354656,1.0,0.0,0.0,0.0,0.0,0.00633923391874211,-0.5754584263848295,0.5630684333922417,0.027708905906413017
30.0,0.5757209057931164,0.5634824454089036,0.5755510760996414,0.013979950487321082,2.9196418308282333,1.0275081140095002,1.0414766229490156,1.0526515201520623,0.14249730051055406,0.14403657440976303,0.14598424864469062,2.817412227044518,2.9196418308282337,2.934994319080519,1.4274259846921757e-08,0.013535922674902508,0.17778417700051224,0.8095961959128306,0.8207627203246617,0.8296332251886703,0.9320215486357077,0.9362789879507856,0.9396471599537947,0.9654125693167184,0.9676140678452011,0.9693539425959532,1.0,0.0,0.0,0.0,0.0,0.0062786142672903444,-0.5755510760996414,0.5634824454089036,0.027649199113764664
30.200000000000003,0.5758046770813159,0.5638851780432609,0.5756397871871373,0.013946480884668131,2.922057503363595,1.02640139729457,1.0402269347694266,1.0512838613654023,0.1426826811601395,0.14420940601984777,0.14614165607663435,2.8194258902163045,2.922057503363595,2.9372004088139443,1.3994306865983858e-08,0.013516959798014738,0.1776574468755181,0.8087012878688906,0.8197684433510306,0.8285576740867975,0.9316780471046372,0.9359009363227812,0.93924096872921,0.9652346482744917,0.9674187125191136,0.9691444028177126,1.0,0.0,0.0,0.0,0.0,0.006218322588911987,-0.5756397871871373,0.5638851780432609,0.027591058499576503
30.400000000000002,0.5758847608392355,0.564276897720319,0.5757246715683696,0.013913985251407333,2.9244101187957323,1.0253062820515855,1.0389892717339193,1.0499286404858492,0.1428668522944457,0.14438098516047707,0.14629774792743652,2.821384488601595,2.9244101187957323,2.939348233527194,1.3728531777448439e-08,0.013498754854153023,0.17753618347375763,0.8078146734831947,0.8187823654514229,0.8274902912881821,0.9313374790200515,0.9355256999224344,0.938837514662577,0.9650582142622288,0.9672247728864787,0.968936230180886,1.0,0.0,0.0,0.0,0.0,0.006158363590976018,-0.5757246715683696,0.564276897720319,0.027534448199764583
30.6,0.575961261741328,0.5646578649931068,0.575805838231138,0.013882436184964242,2.9267011265722815,1.0242226878022156,1.0377635668556002,1.048585800066741,0.14304981050711607,0.1445513107427099,0.14645252618048432,2.823289324965534,2.9267011265722815,2.9414391430112587,1.3475833775855684e-08,0.013481285289944396,0.1774202310983743,0.8069363204199104,0.8178044705524121,0.8264310729270092,0.9309998384813558,0.9351532794927385,0.9384368035058483,0.9648832650380642,0.9670322501781511,0.9687294285357522,1.0,0.0,0.0,0.0,0.0,0.006098741742374292,-0.575805838231138,0.5646578649931068,0.027479333082974147
30.8,0.5760342817873085,0.5650283346662685,0.575883393310783,0.01385180713002341,2.928931945270887,1.0231505336033624,1.036549752277066,1.0472552814836797,0.14323155266163015,0.1447203819228203,0.14660599303186156,2.825141673331342,2.928931945270887,2.943474457980697,1.3236449869223061e-08,0.013464529233589732,0.17730943812745278,0.8060661953809284,0.8168347413384003,0.8253800136816818,0.9306651191404747,0.9347836752504943,0.9380388404250647,0.9647097981197167,0.9668411453478118,0.9685240014275887,1.0,0.0,0.0,0.0,0.0,0.006039461280435213,-0.575883393310783,0.5650283346662685,0.02742567873925542
31.0,0.5761039203219509,0.5653885559172406,0.5759574401684957,0.013822072346674557,2.9311039632059437,1.0220897380814062,1.0353477593160418,1.04593702498858,0.14341207588634483,0.14488819809740053,0.14675815088562505,2.8269427795862025,2.9311039632059437,2.9454554706607077,1.300952449136179e-08,0.013448465469891627,0.177203656902149,0.8052042641363909,0.8158731592864479,0.8243371068125553,0.930333314212498,0.9344168868975729,0.9376436300119341,0.9645378107898284,0.966651459077506,0.9683199521022756,1.0,0.0,0.0,0.0,0.0,0.005980526217660251,-0.5759574401684957,0.5653885559172406,0.027373451467984294
31.200000000000003,0.576170274100475,0.5657387724181356,0.5760280794696664,0.013793206880662037,2.9332185390400327,1.021040219466507,1.0341575185108176,1.0446309697633323,0.1435913775694238,0.14505475889835576,0.14690900234897206,2.8286938620906783,2.9332185390400327,2.947383445378543,1.2793042634145785e-08,0.013433073417019915,0.17710274361476216,0.8043504915555576,0.814919704701393,0.823302344199969,0.9300044164865453,0.9340529136323948,0.9372511762956371,0.9643673001014276,0.9664631917832993,0.9681172835120289,1.0,0.0,0.0,0.0,0.0,0.005921940348714266,-0.5760280794696664,0.5657387724181356,0.027322618265824362
31.400000000000002,0.5762334375238982,0.5660792224402509,0.5760954092456007,0.013765186540040022,2.9352770023110426,1.0200018956217145,1.0329789596592842,1.0433370539662257,0.1437694553546027,0.1452200641886612,0.14705855022805772,2.8303961122012544,2.9352770023110426,2.949259619072941,1.2587224785079562e-08,0.013418333109310404,0.17700655822057038,0.8035048416337163,0.8139743567462837,0.8222757163770789,0.9296784183351889,0.9336917541597155,0.9368614827527713,0.9641982628826562,0.9662763436200739,0.9679159983201848,1.0,0.0,0.0,0.0,0.0,0.005863707255192377,-0.5760954092456007,0.5660792224402509,0.027273146816882383
31.6,0.5762935025308638,0.5664101389902922,0.5761595249824097,0.013737987862370531,2.937280654122683,1.0189746840812535,1.0318120118686247,1.0420552147901283,0.14394630713518405,0.14538411405649987,0.14720679752239943,2.832050694951461,2.9372806541226835,2.9510852019588873,1.2392911248540623e-08,0.013404225170498519,0.17691496431084325,0.8026672775268233,0.813037093481764,0.8212572125725697,0.9293553117269391,0.9333334067039287,0.9364745523211488,0.9640306957430946,0.9660909144881545,0.9677160989079898,1.0,0.0,0.0,0.0,0.0,0.00580583031486788,-0.5761595249824097,0.5664101389902922,0.027225005478550713
31.8,0.576350558467193,0.5667317498992216,0.5762205196851115,0.013711588086565061,2.9392307675749785,1.0179585020727324,1.0306566035857339,1.0407853884990304,0.14412193105086019,0.1455469088119781,0.14735374742150598,2.8336587494961076,2.939230767574979,2.9528613779483597,1.2208069527983654e-08,0.013390730791418578,0.17682782902126934,0.8018377615733024,0.8121078918904054,0.8202468207367029,0.9290350882338586,0.9329778690167133,0.9360903874073785,0.9638645950775714,0.965906904037021,0.9675175873781899,1.0,0.0,0.0,0.0,0.0,0.005748312704510289,-0.5762205196851115,0.5667317498992216,0.027178163272481442
32.0,0.5764046925856245,0.5670442779379864,0.5762784839299151,0.013685965137405368,2.9411285883806606,1.016953266551436,1.0295126626416562,1.0395275104800261,0.14429632548227028,0.14570844898175844,0.1474994032996827,2.835221389689932,2.9411285883806606,2.9545893052338372,1.203108339500579e-08,0.01337783171968109,0.17674502295726413,0.8010162553259095,0.811186727912656,0.819244527580106,0.928717739043134,0.9326251383892099,0.9357089898993831,0.963699957072036,0.9657243116713755,0.9673204655611838,1.0,0.0,0.0,0.0,0.0,0.005691157406894978,-0.5762784839299151,0.5670442779379864,0.02713258987189236
32.2,0.5764559900492257,0.5673479409293533,0.5763335059367898,0.01366109760005871,2.9429753354287786,1.015958894230681,1.0283801162908672,1.0382815152895208,0.14446948904620832,0.1458687353042973,0.14764376871131696,2.8367397046467664,2.942975335428779,2.9562701168316425,1.1863400922317737e-08,0.013365510239422475,0.17666642009030037,0.8002027195806247,0.8102735764790279,0.8182503186084699,0.9284032549675806,0.932275211662852,0.9353303611774685,0.9635367777088872,0.9655431365565248,0.9671247350204393,1.0,0.0,0.0,0.0,0.0,0.0056343672170844905,-0.5763335059367898,0.5673479409293533,0.027088255589946673
32.4,0.5765045336191091,0.5676429518563857,0.5763856716457109,0.013636964688830274,2.9447722013244753,1.0149753016096155,1.027258891247782,1.0370473366962838,0.14464142059113155,0.14602776872536088,0.14778684738645365,2.8382147592819282,2.9447722013244753,2.9579049211056447,1.1705240145491374e-08,0.013353749145242344,0.17659189764898445,0.79939711440367,0.809368411540408,0.8172641781551928,0.9280916264554956,0.9319280852395696,0.9349545021247117,0.9633750527719744,0.9653633776234479,0.9669303970575704,1.0,0.0,0.0,0.0,0.0,0.005577944748332231,-0.5763856716457109,0.5676429518563857,0.027045131368719718
32.6,0.576550403861332,0.5679295189606925,0.5764350647667197,0.013613546229144648,2.9465203529038626,1.014002404999916,1.026148913721905,1.035824907722841,0.14481211919276996,0.14618555039362813,0.1479286432264551,2.8396475948034627,2.9465203529038626,2.959521648075448,1.1553905465061403e-08,0.013342531728873133,0.1765213360475433,0.798599399157814,0.8084712060975976,0.8162860894131271,0.927782843600309,0.9315837550917804,0.9345814131371027,0.9632147778515026,0.9651850335737693,0.9667374527172993,1.0,0.0,0.0,0.0,0.0,0.005521892436919737,-0.5764350647667197,0.5679295189606925,0.0270142850396586
32.800000000000004,0.576593679499031,0.568207845840194,0.576481766830997,0.013590822643376337,2.9482209317437307,1.013040120552448,1.0250501094525009,1.034614160686232,0.1449815841496979,0.14634208165625703,0.14806916029959355,2.84103922920097,2.9482209317437307,2.9610940153212013,1.1408922785162067e-08,0.013331841769408865,0.1764546188128615,0.7978095325288405,0.8075819322307867,0.8153160344662481,0.927476896150366,0.9312422167724417,0.934211094133752,0.9630559483490151,0.9650081028847665,0.9665459027924629,1.0,0.0,0.0,0.0,0.0,0.005466212547148047,-0.576481766830997,0.568207845840194,0.026984387019373512
33.0,0.5766344372440081,0.5684781315517319,0.5765258572594305,0.01356877492548531,2.949875054678903,1.0120883642836869,1.0239624037426047,1.0334150272379428,0.14514981497889778,0.14649736405444563,0.14820840283660766,2.8423906577586595,2.949875054678903,2.9626229876094143,1.1272491552672402e-08,0.013321663512397339,0.17639163248652784,0.7970274725519945,0.8067005611287953,0.8143539943210535,0.927173773518768,0.9309034654250934,0.9338435445670874,0.9628985594824164,0.9648325838143893,0.9663557478290262,1.0,0.0,0.0,0.0,0.0,0.005410907176960841,-0.5765258572594305,0.5684781315517319,0.026955380071424315
33.2,0.5766727516281533,0.568740570709426,0.5765674134212065,0.01354738461681904,2.9514838143100386,1.0111470521012496,1.0228857214919451,1.0322274384025374,0.1453168114113864,0.14665139931904972,0.1483463752263207,2.84370285354713,2.9514838143100386,2.9641095908567854,1.1143671165155078e-08,0.013311981649920675,0.17633226654113343,0.7962531766378625,0.8058270631177292,0.8133999489373208,0.9268734647930623,0.9305674957937589,0.9334787634328975,0.962742606290924,0.9646584744062148,0.9661669881310272,1.0,0.0,0.0,0.0,0.0,0.005355978263111211,-0.5765674134212065,0.568740570709426,0.026927242199576606
33.4,0.5767086953232041,0.5689953535763447,0.5766065106775173,0.013526633793788944,2.953048279489358,1.0102160998283753,1.0218199872287121,1.0310513246149215,0.14548257338791762,0.1468041893662721,0.14848308201134722,2.844976767881723,2.953048279489358,2.9655548285595876,1.1019394840246576e-08,0.013302781312143953,0.17627641331783242,0.795486601597553,0.804961407688976,0.8124538772581258,0.9265759587447239,0.9302343022326662,0.9331167492801818,0.962588083639922,0.9644857724943164,0.9659796237654327,1.0,0.0,0.0,0.0,0.0,0.005301427585692492,-0.5766065106775173,0.5689953535763447,0.026899951904139154
33.6,0.5767423393354223,0.5692426661573194,0.576643222434855,0.013506505053188482,2.9545694957995843,1.0092954232277858,1.0207651251403274,1.0298866157564246,0.14564710105473985,0.14695573629340514,0.14861852788382932,2.8462133307865973,2.9545694957995847,2.9669596822527677,1.090075094831518e-08,0.013294048056375499,0.17622396795020712,0.794727703667508,0.8041035635266515,0.8115157572392765,0.9262812438385557,0.9299038787158403,0.9327575002208648,0.9624349862257798,0.9643144757080796,0.965793654566935,1.0,0.0,0.0,0.0,0.0,0.00524725677292627,-0.576643222434855,0.5692426661573194,0.026873488172377388
33.800000000000004,0.576773752755555,0.5694826902926866,0.57667762020448,0.01348698148836814,2.9560484860345517,1.0083849380250482,1.0197210591033115,1.0287332411897911,0.1458103947593995,0.14710604237461544,0.14875271768118575,2.847413451463433,2.9560484860345517,2.968325111972566,1.0790247922582887e-08,0.013285767847017998,0.17617482827931424,0.7939764385340468,0.8032534985345696,0.8105855658782046,0.9259893082420466,0.9295762188465804,0.9324010139393872,0.9622833085806584,0.9641445814769641,0.9656090801426951,1.0,0.0,0.0,0.0,0.0,0.005193467306104177,-0.57667762020448,0.5694826902926866,0.026847830469190793
34.0,0.5768030027298596,0.5697156037466299,0.5767097736483628,0.013468046671320635,2.9574862506666535,1.007484559931172,1.0186877127122596,1.0275911297931026,0.14597245504659165,0.14725511005677347,0.14888565638191767,2.8485780187331495,2.9574862506666535,2.96965205669815,1.0685305406882425e-08,0.01327792704119842,0.17612889478805308,0.7932327613574027,0.8024111798627198,0.8096632792423154,0.9257001398345885,0.9292513158668227,0.9320472877021722,0.9621330450772494,0.963976087035219,0.9654258998770322,1.0,0.0,0.0,0.0,0.0,0.005140060523992476,-0.5767097736483628,0.5697156037466299,0.026822958725657084
34.2,0.5768301548172342,0.5699415802923844,0.5767397506207298,0.013449684643828997,2.9588837682971287,1.0065942046644556,1.0176650093079238,1.0264602099926639,0.14613328265405637,0.1474029419553314,0.14901734910147027,2.849707901461922,2.9588837682971287,2.9709414347779735,1.0582978923869497e-08,0.013270512383143637,0.17608607054181458,0.7924966267952602,0.8015765739332451,0.8087488724968198,0.9254137262165584,0.9289291626663814,0.9316963183669756,0.9619841899334538,0.963808989426542,0.9652441129360625,1.0,0.0,0.0,0.0,0.0,0.005087037627008614,-0.5767397506207298,0.5699415802923844,0.026798853328614196
34.4,0.5768552730420982,0.5701607897991889,0.5767676172197547,0.013431879902285053,2.9602419961044792,1.0057072499377477,1.0166528720044246,1.0253404097948384,0.1462928785085274,0.1475495408502495,0.14914877068777702,2.8508039489959445,2.9602419961044797,2.9721941443621094,1.0486389918188746e-08,0.013263510992184629,0.1760462611146361,0.7917625754313643,0.8007496464659246,0.8078423199320082,0.9251279464595444,0.9286097517920651,0.9313481023921011,0.9618356412574603,0.9636432855086836,0.9650637182722788,1.0,0.0,0.0,0.0,0.0,0.005034399681687257,-0.5767676172197547,0.5701607897991889,0.026775495112964516
34.6,0.5768784196178953,0.5703733983175673,0.5767934378370657,0.013414617376107245,2.9615618702917406,1.0048141307678888,1.015651223715605,1.0242316568168637,0.14645124372173213,0.1476949096819718,0.14928134010751673,2.8518669915878365,2.961561870291741,2.9734110638283404,1.039769603909926e-08,0.013256910344367823,0.17600937451847748,0.7910226870078071,0.7999303625031611,0.8069435949899821,0.9248397154257717,0.9282930754566713,0.9310026358454833,0.9616857951603847,0.963478971957996,0.9648847146290713,1.0,0.0,0.0,0.0,0.0,0.004982147625006303,-0.5767934378370657,0.5703733983175673,0.02675286535205097
34.800000000000004,0.5768996550407149,0.5705795681596432,0.5768172751958862,0.013397882415041562,2.9628443065173173,1.00393087403776,1.014659987180557,1.0231338783167032,0.1466083795864383,0.14783905154745075,0.14941267758476984,2.852897840798216,2.9628443065173173,2.97459305218594,1.0312122671719755e-08,0.013250698262700856,0.17597532114873396,0.7902902424882935,0.7991186864344801,0.8060526702908793,0.9245542071564515,0.9279791255478539,0.9306599144136529,0.9615373415546828,0.9633160452739261,0.9647071005451968,1.0,0.0,0.0,0.0,0.0,0.004930282268242353,-0.5768172751958862,0.5705795681596432,0.02673094574593548
35.0,0.5769190384511451,0.5707794579786144,0.5768391903916835,0.013381660782588612,2.964090200311936,1.0030573975870394,1.0136790849883572,1.022047001221963,0.14676428757254753,0.1479819696962186,0.14954278824007564,2.853897289893072,2.964090200311936,2.9757409494740608,1.0227654032162451e-08,0.013244862913279736,0.17594401372616628,0.7895651970888918,0.7983145820205676,0.8051695176585879,0.9242714092824037,0.9276678936368791,0.9303199334105798,0.9613902746524982,0.9631545017834576,0.9645308743591936,1.0,0.0,0.0,0.0,0.0,0.004878804300846931,-0.5768391903916835,0.5707794579786144,0.026709718413270377
35.2,0.5769366275615576,0.5709732228492753,0.5768592429396904,0.01336593864038734,2.9653004274971555,1.0021936193093837,1.0127084396020243,1.0209709521578798,0.14691896932323736,0.14812366752650538,0.14967167731856615,2.8548661142463763,2.9653004274971555,2.9768555771653102,1.0150017772817914e-08,0.013239392792390026,0.17591536722901369,0.7888475055874163,0.7975180124168391,0.8042941081459578,0.9239913091820864,0.9273593709872577,0.9299826877863923,0.9612445885251439,0.962994337645497,0.9643560342137423,1.0,0.0,0.0,0.0,0.0,0.004827714294510302,-0.5768592429396904,0.5709732228492753,0.026689165884826793
35.4,0.5769524783702726,0.5711610143453446,0.5768774908154722,0.013350702528809905,2.966475844600498,1.0013394571715053,1.0117479733817099,1.019905657474429,0.14707242665114914,0.14826414858140682,0.14979935018610638,2.855805071726723,2.966475844600498,2.9779377385554797,1.0079916097416925e-08,0.01323427670980749,0.17588929883503954,0.7881371223448422,0.7967289401965443,0.8034264120595244,0.9237138939900257,0.927053548563258,0.9296481721359807,0.9611002771074661,0.962835548855206,0.9641825780599746,1.0,0.0,0.0,0.0,0.0,0.004777012706924419,-0.5768774908154722,0.5711610143453446,0.026669271092527362
35.6,0.5769666453709718,0.5713429806131334,0.5768939904885818,0.013335939358795169,2.9676172892519985,1.0004948292315716,1.0107976086071466,1.0188510432725664,0.1472246615346219,0.14840341654509948,0.1499258123254942,2.856714903065667,2.967617289251999,2.9789882191350525,1.0009737656512621e-08,0.013229503783077834,0.1758657278734546,0.7874340013262392,0.7959473273734107,0.8025663989837544,0.9234391506051016,0.9267504170383005,0.9293163807074836,0.960957334202139,0.9626781312482796,0.9640105036617314,1.0,0.0,0.0,0.0,0.0,0.004726699885227087,-0.5768939904885818,0.5713429806131334,0.02665001735847194
35.800000000000004,0.5769791819162537,0.5715192664456739,0.5769087969621506,0.013321636407129333,2.968725580569911,0.999659653657037,1.0098572674993833,1.0178070354295885,0.1473756761139788,0.14854147523910333,0.15005106933270507,2.8575963322283693,2.968725580569911,2.980007786962296,9.939854777050329e-09,0.013225063435058373,0.17584457576835635,0.7867380961213101,0.7951731354238467,0.8017140378047712,0.9231670656987272,0.9264499668032324,0.9289873074106405,0.9608157534839102,0.9625220805051711,0.9638398085997586,1.0,0.0,0.0,0.0,0.0,0.0046767760696017485,-0.5769087969621506,0.5715192664456739,0.026631388389838747
36.0,0.5769901400135685,0.5716900133566696,0.5769219638148578,0.013307781300011316,2.9698015195511567,0.9988338487419866,1.0089268722418203,1.0167735596237093,0.14752547268785438,0.14867832861859162,0.1501751269131721,2.8584500667833477,2.9698015195511567,2.9809971930369086,9.879214993825053e-09,0.013220945379813897,0.17582576597877458,0.7860493599645839,0.7944063253086994,0.8008692967336501,0.9228976257229353,0.9261521879744891,0.9286609458250435,0.9606755285038043,0.962367392155262,0.9636704902758599,1.0,0.0,0.0,0.0,0.0,0.004627241396912007,-0.5769219638148578,0.5716900133566696,0.026613368272311196
36.2,0.5769995700253477,0.5718553596506475,0.5769335432343052,0.013294361995337865,2.9708458894562018,0.9980173329239223,1.0080063450005543,1.0157505413578902,0.14767405370956027,0.14881398076874924,0.15029799087811466,2.859276798253237,2.9708458894562018,2.981957171655621,9.825057622601563e-09,0.013217139607199111,0.17580922395099247,0.7853677457552118,0.7936468574945742,0.8000321433292829,0.9226308169183526,0.9258570704021336,0.9283372892082847,0.960536652693274,0.9622140615809791,0.9635025459170035,1.0,0.0,0.0,0.0,0.0,0.004578095903973442,-0.5769335432343052,0.5718553596506475,0.02659594145721854
36.4,0.5770075210198922,0.5720154404909809,0.5769435860482633,0.01328136677919369,2.971859456172693,0.9972100247999497,1.0070956079440632,1.0147379059828185,0.1478214217835081,0.14894843590117793,0.150419667140923,2.8600772024549044,2.971859456172693,2.9828884407561156,9.766398557954462e-09,0.013213636381370773,0.17579487707390953,0.7846932060763113,0.7928946919747201,0.7992025445207324,0.9223666253220371,0.9255646036777815,0.9280163305039684,0.9603991193682856,0.9620620840218573,0.9633359725793664,1.0,0.0,0.0,0.0,0.0,0.004529339530685975,-0.5769435860482633,0.5720154404909809,0.02657909275284142
36.6,0.5770140411463386,0.5721703879688173,0.5769521417624734,0.013268784262917548,2.9728429685715914,0.996411843142484,1.0061945832622483,1.0137355787190954,0.14796757966168295,0.1490816983503488,0.15054016171358417,2.860851939844086,2.972842968571592,2.9838065126526856,9.708681175693096e-09,0.013210426239752125,0.17578265462503798,0.7840256932139609,0.7921497882895001,0.7983804666290981,0.9221050367752188,0.9252747771424124,0.9276980623495935,0.9602629217333595,0.9619114545785499,0.9631707671523202,1.0,0.0,0.0,0.0,0.0,0.0044809721233522865,-0.5769521417624734,0.5721703879688173,0.026568928949156332
36.800000000000004,0.5770191772504177,0.5723203311705657,0.5769592585965716,0.013256603364589238,2.9737971588723733,0.9956227069144851,1.005303193184844,1.0127434846788377,0.14811253024014087,0.1492137725701019,0.15065948070314916,2.8616016558528283,2.9737971588723733,2.9846990549968986,9.664329196039766e-09,0.013207499976536642,0.17577248771918333,0.7833651591758418,0.7914121055464346,0.7975658753890679,0.9218460369309385,0.9249875798940624,0.9273824770843728,0.960128052885563,0.961762168216784,0.9630069263623896,1.0,0.0,0.0,0.0,0.0,0.00443299343788163,-0.5769592585965716,0.5723203311705657,0.02656005453109734
37.0,0.5770229745536938,0.5724653962417409,0.5769649835121657,0.0132448132925271,2.9747227429996577,0.9948425352841446,1.004421359999213,1.0117615488865705,0.14825627655555096,0.14934466313019415,0.1507776303082551,2.862326981208704,2.9747227429996577,2.98556456502769,9.623535870446943e-09,0.013204848628131764,0.1757643092683345,0.782711555709459,0.7906816024398349,0.7967587359700322,0.9215896112615576,0.9247030007954049,0.927069566756939,0.9599945058184423,0.9616142197712647,0.9628444467771617,1.0,0.0,0.0,0.0,0.0,0.004385403142658187,-0.5769649835121657,0.5724653962417409,0.02655155688623773
37.2,0.5770254772255182,0.5726057064500644,0.5769693622428205,0.013233403547772816,2.9756204209141726,0.9940712476390675,1.0035490060675476,1.0107896962992313,0.1483988217818105,0.1494743747128923,0.15089461681569807,2.863028532250322,2.9756204209141726,2.9864037067808704,9.57218469934613e-09,0.013202463477300384,0.1757580539388278,0.782064834319967,0.7899582372700277,0.7959590129966085,0.921335745066148,0.9244210284812143,0.9267593231328763,0.9598622734258945,0.9614676039495239,0.9626833248091112,1.0,0.0,0.0,0.0,0.0,0.004338200821422403,-0.5769693622428205,0.5726057064500644,0.026543425548155683
37.4,0.5770267287676397,0.5727413822492452,0.5769724393291861,0.013222363922690132,2.976490876941185,0.9933087636000415,1.0026860538434967,1.0098278518255923,0.14854016922669167,0.14960291210961432,0.15101044659704413,2.863706911246226,2.976490876941185,2.987217129435006,9.525436756524864e-09,0.013200336053369219,0.17575365810116275,0.7814249462876813,0.789241967962184,0.7951666705688256,0.9210844234777924,0.9241416513657222,0.9264517377021743,0.9597313485060003,0.9613223153357178,0.9625235567193916,1.0,0.0,0.0,0.0,0.0,0.004291385976295817,-0.5769724393291861,0.5727413822492452,0.026535650312912586
37.6,0.5770267713347886,0.5728725413403042,0.5769742581490466,0.01321168447776793,2.977334780114611,0.9925550030343169,1.0018324258882174,1.0088759403452736,0.1486803223284962,0.14973028021761697,0.15112512610529238,2.8643627067015207,2.9773347801146115,2.988005467628812,9.498063396841206e-09,0.013198458110792139,0.1757510597870763,0.7807918426851964,0.7885327520847477,0.7943816722820839,0.920835631470759,0.9238648576498525,0.9261468016866452,0.9596017237647945,0.9611783483943708,0.9623651386216153,1.0,0.0,0.0,0.0,0.0,0.004244958030577728,-0.5769742581490466,0.5728725413403042,0.026528221227477753
37.800000000000004,0.5770256454152434,0.5729992987299574,0.5769748609418678,0.013201355526513827,2.978152784506779,0.9918098860683762,1.0009880448858848,1.0079338867269285,0.1488192846527823,0.14985648403673008,0.15123866187159468,2.864996493649787,2.978152784506779,2.988769341761992,9.467288080161263e-09,0.013196821615673267,0.1757501986544746,0.7801654743940921,0.7878305468674729,0.7936039812465614,0.9205893538675485,0.9235906353283544,0.9258445060471774,0.9594733918199742,0.961035697474066,0.9622080664855548,1.0,0.0,0.0,0.0,0.0,0.004198916331287841,-0.5769748609418678,0.5729992987299574,0.02652112857513555
38.0,0.5770233907831056,0.5731217667893,0.5769742888379579,0.01319136764698495,2.9789455295252845,0.9910733331003164,1.0001528336586667,1.0070016158455777,0.14895705988916932,0.14998152866613648,0.15135106050201533,2.8656088339465002,2.978945529525285,2.98950935829492,9.418353054328353e-09,0.013195418758649045,0.17575101594577452,0.7795457921213264,0.7871353092190851,0.7928335601060138,0.9203455753458428,0.9233189721968165,0.9255448414908007,0.9593463452045612,0.9608943568110864,0.9620523361407527,1.0,0.0,0.0,0.0,0.0,0.004153260151835744,-0.5769742888379579,0.5731217667893,0.02651436287892942
38.2,0.5770200468376877,0.5732400553124711,0.5769725818901086,0.01318171168060008,2.9797136402166413,0.9903452648118363,0.9993267151811788,1.0060790525996797,0.14909365184813683,0.15010541930119942,0.1514623286743333,2.8662002765623553,2.9797136402166413,2.9902261100509566,9.383471078247095e-09,0.01319424195509589,0.175753454442702,0.7789327464153023,0.7864469957445592,0.792070371056467,0.9201042804453571,0.9230498558585737,0.9252477984777576,0.9592205763705169,0.9607543205329998,0.9618979432801413,1.0,0.0,0.0,0.0,0.0,0.004107988694742187,-0.5769725818901086,0.5732400553124711,0.02650791490482131
38.400000000000006,0.5770156514190015,0.5733542715722552,0.576969779098429,0.01317237869972757,2.9804577275953728,0.9896256021796963,0.9985096125944253,1.0051661219278438,0.14922906445783277,0.15022816123033578,0.15157247313490882,2.8667713578612757,2.980457727595373,2.990920176506473,9.375214348518812e-09,0.013193283814247444,0.1757574584308158,0.7783262876814971,0.7857655627620189,0.7913143758647014,0.9198654535745417,0.9227832737315029,0.9249533672285388,0.9590960776922836,0.9606155826621944,0.9617448834636495,1.0,0.0,0.0,0.0,0.0,0.004063101094059204,-0.576969779098429,0.5733542715722552,0.026501775642402525
38.6,0.5770102405975585,0.5734645203737954,0.5769659184328659,0.013163359995983332,2.9811783889464807,0.9889142664867585,0.9977014492192601,1.0042627488244833,0.14936330176099735,0.1503497598319345,0.15168150069559996,2.8673226018689766,2.9811783889464807,2.991592124068391,9.348971528660914e-09,0.013192537128823413,0.17576297366733426,0.7777263661977325,0.7850909663192803,0.7905655358859518,0.9196290790171714,0.9225192130547124,0.924661537730658,0.9589728414702701,0.9604781371193596,0.9615931521216804,1.0,0.0,0.0,0.0,0.0,0.00401859641766604,-0.5769659184328659,0.5734645203737954,0.02649593629158826
38.800000000000004,0.5770038502773845,0.5735709041091754,0.5769610368614304,0.01315464710618899,2.981876208084408,0.9882111793327596,0.9969021485693629,1.0033688583547997,0.14949636791194762,0.15047022057132053,0.15178941823070655,2.867854520545877,2.9818762080844086,2.9922425063529525,9.296810549465809e-09,0.013191994902119222,0.17576994734081366,0.7771329321292143,0.7844231622100316,0.7898238120811237,0.9193951409388644,0.9222576608951203,0.9243722997452801,0.9588508599343056,0.9603419777269195,0.9614427445585189,1.0,0.0,0.0,0.0,0.0,0.003974473669741754,-0.5769610368614304,0.5735709041091754,0.026490388276847167
39.0,0.5769965163045752,0.5736735228110182,0.576955170377739,0.013146231807404821,2.982551755637456,0.9875162626446405,0.9961116343637461,1.0024843756699158,0.1496282671735025,0.15058954899776614,0.1518962326739704,2.868367614055091,2.982551755637456,2.9928718644634267,9.278377906096042e-09,0.013191650344285237,0.17577832803180132,0.7765459355431968,0.783762105989647,0.789089165034219,0.9191636233934787,0.9219986041539258,0.9240856428139738,0.9587301252470315,0.960207098212412,0.9612936559558081,1.0,0.0,0.0,0.0,0.0,0.003930731793172992,-0.576955170377739,0.5736735228110182,0.02648512324790908
39.2,0.576988272439863,0.5737724742029154,0.5769483540216632,0.013138106068182229,2.9832055893705194,0.9868294386863072,0.9953298305388036,1.001609226021471,0.14975900391395208,0.15070775074154652,0.15200195101565256,2.868862371014577,2.9832055893705194,2.9934807272558213,9.292491532033619e-09,0.013191496824845453,0.17578806568333824,0.775965326423141,0.7831077529906525,0.7883615549693741,0.918934510329328,0.9217420295729714,0.923801556265351,0.9586106295072033,0.9600734922118135,0.9611458813759749,1.0,0.0,0.0,0.0,0.0,0.0038873696716483497,-0.5769483540216632,0.5737724742029154,0.026480133048506375
39.400000000000006,0.5769791506656177,0.5738678537493316,0.5769406219015438,0.01313026204849028,2.983838254453591,0.9861506300681415,0.9945566612599376,1.000743334774856,0.1498885826041964,0.1508248315110395,0.15210658029963964,2.869339268746658,2.983838254453591,2.9940696115964474,9.267543664039037e-09,0.013191527873684009,0.1757991115692231,0.775391054682663,0.7824600583378595,0.7876409417668313,0.9187077855953361,0.9214879237410055,0.9235200292213315,0.9584923647529631,0.9599411532728219,0.9609994157654637,1.0,0.0,0.0,0.0,0.0,0.0038443861317807443,-0.5769406219015438,0.5738678537493316,0.02647540971072374
39.6,0.5769691838581258,0.5739597547061658,0.5769320072207729,0.013122692148540194,2.9844502836760074,0.9854797597563416,0.9937920509327401,0.9998866274222439,0.15001700781488322,0.15094079708987035,0.15221012762056854,2.869798773530829,2.9844502836760074,2.9946390226189474,9.23292392465241e-09,0.013191737230938092,0.1758114182560387,0.7748230701793043,0.7818189769631467,0.7869272849788017,0.9184834329471392,0.9212362730998362,0.9232410506033996,0.9583753229650883,0.9598100748580786,0.960854253957972,1.0,0.0,0.0,0.0,0.0,0.0038017799453833045,-0.5769320072207729,0.5739597547061658,0.026470945484371004
39.800000000000004,0.5769584037308326,0.5740482681672363,0.5769225422932746,0.013115388960212778,2.985042197752782,0.9848167510815636,0.9930359242137597,0.9990390295962317,0.15014428421342407,0.1510556533341033,0.1523126001210522,2.8702413408361815,2.985042197752782,2.9951894539797608,9.218392968048547e-09,0.013192118799484547,0.17582493958103623,0.7742613227276971,0.7811844636199041,0.7862205438458797,0.9182614360529682,0.9209870639503774,0.9229646091391137,0.9582594960701286,0.9596802503483471,0.960710390677823,1.0,0.0,0.0,0.0,0.0,0.003759549831334752,-0.5769225422932746,0.5740482681672363,0.026466732813223835
40.0,0.5769468404727706,0.5741334831157013,0.5769122585800938,0.013108345253139754,2.9856145055913146,0.9841615277474509,0.992288206020858,0.9982004670820805,0.15027041656119133,0.15116940616947633,0.15241400498891683,2.870667415578507,2.9856145055913146,2.995725230057539,9.217209969941492e-09,0.01319266663195142,0.17583963059986601,0.7737057621126078,0.7805564728971506,0.7855206773123399,0.9180417784994991,0.9207402824585933,0.922690693368215,0.9581448759435275,0.9595516730456373,0.9605678205431342,1.0,0.0,0.0,0.0,0.0,0.003717694457990736,-0.5769122585800938,0.5741334831157013,0.02646435232634173
40.2,0.5769345233691637,0.5742154864666118,0.5769011866980033,0.013101553982240192,2.986167704531785,0.9835140138385162,0.991548821543171,0.997563410218025,0.15036638118795512,0.15128206158868054,0.15251434945453515,2.871077432333059,2.986167704531785,2.9962498676745253,9.192081132655547e-09,0.013193374939258868,0.17585544757428095,0.7731563381014059,0.7799349592333222,0.784988549275123,0.9178244437974914,0.9204959146613404,0.9224823186715161,0.9580314544126378,0.9594243361762799,0.9604593496393155,1.0,0.0,0.0,0.0,0.0,0.003676212444745433,-0.5769011866980033,0.5742154864666118,0.026465055586142372
40.400000000000006,0.5769214818146972,0.5742943631105887,0.5768893564348309,0.01309500830321587,2.9867022805741588,0.9828741338279893,0.9908176962506972,0.9970271225215556,0.15044726127473732,0.15139362564868206,0.15261364078816136,2.8714718155529435,2.986702280574159,2.996756680188818,9.16226028921922e-09,0.013194238107104241,0.17587234795024165,0.7726130004564665,0.7793198769297524,0.7845402989801207,0.9176094153874167,0.920253946472108,0.922306716366058,0.9579192232597329,0.9592982328939545,0.9603679291189628,1.0,0.0,0.0,0.0,0.0,0.0036351023637460483,-0.5768893564348309,0.5742943631105887,0.026465881363509237
40.6,0.5769077443711628,0.5743701959623466,0.5768767967831593,0.01308870154715947,2.987218708641124,0.9822418125853933,0.9900947559035094,0.9964976113013675,0.15052720478086123,0.15150410446808793,0.15271188629730564,2.871850979811733,2.987218708641124,2.9972461235123586,9.172051096962683e-09,0.01319525067134567,0.17589029030977238,0.7720756989473225,0.7787111801638347,0.7840974489965971,0.9173966766449999,0.9200143636866612,0.9221331639398075,0.9578081742249752,0.9591733562826665,0.9602775672360886,1.0,0.0,0.0,0.0,0.0,0.003594362742241883,-0.5768767967831593,0.5743701959623466,0.026466825212433917
40.800000000000004,0.5768933376899724,0.57444306600449,0.576863535960847,0.013082627193088841,2.98771745283881,0.9816169753835399,0.9893799265605938,0.9959748006365224,0.1506062200611258,0.15161350422455697,0.15280909332419768,2.87221533002245,2.98771745283881,2.997718643139116,9.185432610212044e-09,0.013196407291262487,0.17590923434164704,0.7715443833622753,0.7781088230018669,0.7836599456732127,0.9171862108865603,0.9197771519885747,0.9219616426835312,0.9576982990092827,0.9590496993596741,0.9601882545470821,1.0,0.0,0.0,0.0,0.0,0.003553992064384476,-0.576863535960847,0.57444306600449,0.026467882790123975
41.0,0.576878288001438,0.5745130523257981,0.5768496014169131,0.013076778894085109,2.9881989666591133,0.9809995479051977,0.9886731345883296,0.9954586152006245,0.15068431545973313,0.15172183115225416,0.15290526924330017,2.8725652616289903,2.9881989666591133,2.9981746743611244,9.157492517859142e-09,0.013197702776688023,0.17592914083298125,0.7710190035197018,0.7775127594115875,0.7832277355935301,0.9169780013742446,0.919542296954671,0.9217921339243883,0.9575895892771404,0.9589272550783646,0.9600999816203102,1.0,0.0,0.0,0.0,0.0,0.00351398877247322,-0.5768496014169131,0.5745130523257981,0.026469049871710056
41.2,0.5768626222614119,0.5745802321638526,0.5768350198542308,0.013071150495788853,2.988663693184614,0.9803894562496581,0.9879743066686368,0.9949489802652292,0.1507614993082496,0.15182909153934634,0.1530004214588393,2.872901160819263,2.9886636931846144,2.9986146424945685,9.154015763328698e-09,0.013199132107437216,0.17594997163681317,0.7704995092792235,0.7769229432744247,0.7828007655844056,0.9167720313212138,0.9193097840603607,0.9216246190301493,0.95748203665939,0.9588060163310869,0.9600127390384223,1.0,0.0,0.0,0.0,0.0,0.003474351268823228,-0.5768350198542308,0.5745802321638526,0.026470322370690906
41.400000000000006,0.5768463648647492,0.5746446809487216,0.5768198172563018,0.01306573596363914,2.989112065380368,0.9797828326094077,0.9872833698068016,0.9944458217027542,0.1508377799236567,0.15193529172553935,0.15309515027989654,2.873223404743608,2.989112065380368,2.9990389631046552,9.137078082504226e-09,0.01320069036077016,0.17597168963385448,0.7699826163834725,0.7763393283974527,0.7823789827238851,0.9165670007469956,0.9190795986848884,0.9214590794132163,0.957374962613627,0.9586859759519333,0.9599265174005535,1.0,0.0,0.0,0.0,0.0,0.003435077917780277,-0.5768198172563018,0.5746446809487216,0.026471696292937878
41.6,0.5768295408290476,0.574706472340522,0.5768040188980244,0.013060529444049921,2.9895445062475434,0.979170894870224,0.9866002513389402,0.9939490659883073,0.15091316560658105,0.15204043809966183,0.1531908278583796,2.8735323617026096,2.9895445062475434,2.9994480421957435,9.133543367258553e-09,0.0132023727738394,0.17599425871710803,0.7694608398968805,0.7757618685250359,0.7819623343481186,0.9163599399647324,0.9188517261164727,0.9212954965342574,0.9572668161667203,0.958567126719472,0.9598413073243247,1.0,0.0,0.0,0.0,0.0,0.0033961670469976196,-0.5768040188980244,0.574706472340522,0.026473167762835568
41.800000000000004,0.5768121742242692,0.574765678269152,0.576787649366953,0.013055525227473476,2.989961429070778,0.9785661873602639,0.9859248789391664,0.9934586402017239,0.15098766463950847,0.1521445370972889,0.15328549252721804,2.8738283913457603,2.989961429070778,2.9998422764283537,9.149986556180648e-09,0.013204174707171027,0.17601764376149556,0.7689448773217787,0.7751905173502005,0.7815507680583765,0.9161550942959389,0.9186261515573539,0.9211338519058756,0.9571598146336044,0.9584494613594323,0.9597570994478627,1.0,0.0,0.0,0.0,0.0,0.0033576169490845686,-0.576787649366953,0.574765678269152,0.026474733007413084
42.0,0.5767942875779357,0.5748223689711013,0.5767707325742298,0.013050717732044642,2.9903632376405906,0.9779686382154729,0.9852571806264634,0.9929744720298613,0.15106128528497467,0.15224759519840528,0.1533791515786327,2.8741118448555065,2.9903632376405906,3.0002220533297654,9.152309114172027e-09,0.013206091628788797,0.17604181060824314,0.7684346795585183,0.7746252285257342,0.7811442317281994,0.9159524472284263,0.9184028601287514,0.9209741270963266,0.9570539497717241,0.958332972547347,0.9596738844318435,1.0,0.0,0.0,0.0,0.0,0.0033194258830283457,-0.5767707325742298,0.5748223689711013,0.026476388354435214
42.2,0.576775903181845,0.574876613027737,0.576753291773627,0.013046101526111834,2.9907503264324817,0.977378175990084,0.9845970847712474,0.9924964897682572,0.15113403578386883,0.15234961892511162,0.15347181232898924,2.8743830651386846,2.9907503264324817,3.0005877514822323,9.132074219270753e-09,0.013208119137645734,0.1760667260376757,0.7679301975702034,0.7740659556750056,0.7807426735099401,0.915751982212545,0.918181836875725,0.9208163037329938,0.9569492133112321,0.9582176529111437,0.9595916529614108,1.0,0.0,0.0,0.0,0.0,0.003281592075766393,-0.576753291773627,0.574876613027737,0.026478130237854728
42.400000000000006,0.5767570438891113,0.574928477402663,0.5767353495814461,0.013041671340351509,2.991123080792454,0.9767947296618001,0.983944520101621,0.992024622322356,0.15120592435381897,0.15245061483937467,0.1535634821165908,2.874642387013315,2.991123080792454,3.000939740706898,9.135076959114176e-09,0.013210252976600265,0.1760923577407912,0.7674313823923875,0.7735126524024908,0.7803460418408711,0.9155536826658001,0.917963066771934,0.9206603635056868,0.9568455969574845,0.9581034950336889,0.9595103957480011,1.0,0.0,0.0,0.0,0.0,0.0032441137237094603,-0.5767353495814461,0.574928477402663,0.02647995519564143
42.6,0.5767377311384089,0.574978027476367,0.5767169279892415,0.013037422023368807,2.991481877175149,0.9762182286364518,0.9832994157093543,0.9915587992083564,0.15127695918765224,0.15255058954081674,0.1536541682995562,2.8748901373818345,2.991481877175149,3.0012783822674356,9.161815700330117e-09,0.01321248898811426,0.17611867430108366,0.7669381851422833,0.7729652723040458,0.7799542854488899,0.9153575319772814,0.9177465347243094,0.9205062881697771,0.9567430923934399,0.9579904914552858,0.9594301035310839,1.0,0.0,0.0,0.0,0.0,0.0032069889939848745,-0.5767169279892415,0.574978027476367,0.02648185985432835
42.800000000000004,0.5767179843621973,0.5750253270809521,0.5766980483772646,0.013033348525806501,2.991827083349427,0.9756486027527597,0.9826617010556137,0.9910989505541866,0.1513471484518528,0.15264954966454244,0.15374387825368688,2.8751266354047607,2.991827083349427,3.001604029065032,9.149087210952982e-09,0.01321482309866973,0.1761456451753363,0.7664505570280078,0.7724237689769332,0.7795673533582556,0.9151635135121134,0.9175322255776405,0.9203540595493399,0.9566416912820697,0.9578786346761315,0.9593507670799044,1.0,0.0,0.0,0.0,0.0,0.00317021602577236,-0.5766980483772646,0.5750253270809521,0.026483840927725887
43.0,0.5766978250574232,0.5750704385343771,0.5766787315291864,0.013029445980026748,2.9921590585043125,0.9750857822870236,0.9820313059763988,0.9906450071006572,0.1514165002850096,0.15274750187900857,0.15383261937035034,2.8753521926718855,2.9921590585043125,3.0019187150996793,9.165518514799938e-09,0.013217251400188371,0.17617324067259088,0.765968449357719,0.7718880960295716,0.7791851948954018,0.9149716106158676,0.9173201241190643,0.9202036595403195,0.9565413852687502,0.9577679171587244,0.9592723771952387,1.0,0.0,0.0,0.0,0.0,0.003133792931675955,-0.5766787315291864,0.5750704385343771,0.026486593488747014
43.2,0.576677271778122,0.5751134226761273,0.5766589976539238,0.01302570959361216,2.992478153537386,0.9745296979570071,0.9814081606877296,0.9901969002014769,0.1514850227964552,0.15284445288393375,0.153920399054496,2.8755671133806366,2.9924781535373866,3.00222645051679,9.156335837552238e-09,0.013219770042558452,0.17620143192296595,0.7654918135480158,0.7713582070910368,0.7788077596937107,0.9147818066186865,0.9171102150824658,0.9200550701132796,0.9564421659835064,0.957658331330227,0.9591949247109319,1.0,0.0,0.0,0.0,0.0,0.0030977177991996785,-0.5766589976539238,0.5751134226761273,0.026491632792441693
43.400000000000006,0.5766563446065894,0.5751543388973247,0.5766388663914,0.01302213473774346,2.9927847111446764,0.9739802809260113,0.980792195790557,0.9897545618234315,0.15155272406489745,0.15294040940824957,0.15400722472264794,2.8757716944866236,2.9927847111446764,3.00252202151981,9.177845356917909e-09,0.01322237532389647,0.1762301908694284,0.7650206011324473,0.7708340558202942,0.7784349976983533,0.9145940848394565,0.9169024831527852,0.9199082733161734,0.9563440250432796,0.9575498695847815,0.959118400495445,1.0,0.0,0.0,0.0,0.0,0.0030619886916911226,-0.5766388663914,0.5751543388973247,0.026496664882017348
43.6,0.5766350610282198,0.5751932451740925,0.5766183568307708,0.01301871685916138,2.9930790660831716,0.9734374628063994,0.9801833422754631,0.9893179245464526,0.15161961213708594,0.15303537820808708,0.15409310380099117,2.875966225870463,2.9930790660831716,3.0028057533948314,9.173105033260803e-09,0.013225063601643607,0.17625949024175602,0.7645547637695036,0.7703155959152173,0.7780668591709536,0.9144084285897766,0.9166969129702447,0.9197632512770358,0.9562469540540919,0.9574425242857857,0.9590427954533618,1.0,0.0,0.0,0.0,0.0,0.0030266036497042514,-0.5766183568307708,0.5751932451740925,0.026501688520253402
43.800000000000004,0.5766134399455434,0.5752301980984512,0.5765974875218703,0.01301545155906418,2.993361545262793,0.9729011756633273,0.9795815315270997,0.9888869215636226,0.15168569502650597,0.15312936606480432,0.15417804372343313,2.8761509904922558,2.993361545262793,3.003077963826083,9.194378420502563e-09,0.013227831373263572,0.17628930354018524,0.764094253250724,0.7698027811213453,0.7777032946941289,0.914224821177978,0.9164934891344847,0.9196199862066204,0.9561509446132357,0.9573362877681241,0.9589681005268659,1.0,0.0,0.0,0.0,0.0,0.002991560692132217,-0.5765974875218703,0.5752301980984512,0.026506702533470212
44.0,0.5765914979654916,0.5752652529096937,0.5765762764903296,0.013012334513850822,2.9936324679929607,0.9723713520178479,0.9789866953284114,0.988461486680701,0.15175098071216397,0.15322237978305128,0.15426205192977213,2.876326264548468,2.993632467992961,3.003338963082858,9.191504794329144e-09,0.013230675196130795,0.17631960501381472,0.7636390215082203,0.7692955652404121,0.777344255175543,0.9140432459129122,0.9162921962086154,0.9194784604008368,0.9560559883113453,0.9572311523403523,0.9588943066971125,1.0,0.0,0.0,0.0,0.0,0.0029568578174173216,-0.5765762764903296,0.5752652529096937,0.026511705776154602
44.2,0.5765692529026574,0.57529846352388,0.5765547412488525,0.013009361543690456,2.9938921460778998,0.9718479248500674,0.9783987658646082,0.9880415543155815,0.1518154771374017,0.1533144261888751,0.1543451358638661,2.8764923176194,2.9938921460778998,3.003589054162229,9.213578091791106e-09,0.01323359175778702,0.17635036964449632,0.7631890206221905,0.7687939021386313,0.7769896918518361,0.9138636861077377,0.9160930187231785,0.9193386562431299,0.9559620767344664,0.9571271102868408,0.9588214049855702,1.0,0.0,0.0,0.0,0.0,0.00292249300459764,-0.5765547412488525,0.57529846352388,0.02651669716232362
44.400000000000006,0.5765467204521988,0.5753298825636026,0.5765328988109741,0.013006528541421723,2.994140884048201,0.9713308276018291,0.9778176757269428,0.9876270594974601,0.15187919220877297,0.15340551212786122,0.15442730297188556,2.876649412818013,2.9941408840482016,3.0038285329656906,9.21347641613608e-09,0.013236577803997908,0.17638157312717972,0.7627442028279667,0.768297745754763,0.776639556292223,0.9136861250835221,0.9158959411800301,0.9192005562067227,0.9558692014660306,0.9570241538698757,0.958749386455289,1.0,0.0,0.0,0.0,0.0,0.002888464214418171,-0.5765328988109741,0.5753298825636026,0.026521675632539116
44.6,0.5765239173847271,0.5753595613864889,0.5765107657023565,0.013003831534915609,2.994378979255595,0.9708199941795235,0.9772433579162588,0.9872179378660321,0.15194213379493451,0.15349564446331332,0.15450856070055566,2.8767978069324447,2.9943789792555955,3.004057688438229,9.236351849390308e-09,0.013239630202739938,0.1764131918537764,0.7623045205231206,0.7678070501079476,0.77629380040205,0.913510546172868,0.9157009480561367,0.9190641428568311,0.9557773540888425,0.9569222753317157,0.9586782422121553,1.0,0.0,0.0,0.0,0.0,0.002854769390356074,-0.5765107657023565,0.5753595613864889,0.026526640183612494
44.800000000000004,0.5765008584355131,0.5753875501136614,0.5764883579734785,0.013001266620621316,2.9946067220932533,0.9703153589563887,0.9766757458463474,0.9868141256703775,0.1520043097256028,0.15358483007446838,0.15458891649548942,2.876937750568307,2.9946067220932533,3.0042768027359728,9.23261429295005e-09,0.013242745876869109,0.17644520289503063,0.7618699262740737,0.7673217693053291,0.7759523764260081,0.9133369327233409,0.9155080238072911,0.9189293988527377,0.9556865261869636,0.9568214668966094,0.9586079634060702,1.0,0.0,0.0,0.0,0.0,0.0028214064596712024,-0.5764883579734785,0.5753875501136614,0.026531589836547385
45.0,0.5764775593082556,0.575413897657005,0.576465691210352,0.012998830022150016,2.9948243960878322,0.969816856774886,0.9761147733470862,0.9864155597677803,0.15206572779053956,0.1536730758547509,0.15466837779951892,2.877069488285025,2.9948243960878322,3.0044861513606933,9.238231077447318e-09,0.013245921864301381,0.17647758398521143,0.7614403728227145,0.7668418575494501,0.7756152369512211,0.913165268100901,0.9153171528717465,0.918796306949805,0.9555967093475994,0.9567217207727696,0.9585385412320969,1.0,0.0,0.0,0.0,0.0,0.002788373334367905,-0.576465691210352,0.575413897657005,0.026536523665440976
45.2,0.5764540349769114,0.5754386517470604,0.5764427805495136,0.012996518052752922,2.99503227808454,0.9693244229487278,0.975560374667387,0.9860221776221504,0.15212639573861683,0.15376038871006312,0.15474695205109282,2.877193258735302,2.99503227808454,3.004686003312706,9.273579317749922e-09,0.013249155280141357,0.17651031350069482,0.7610158130926594,0.7663672691454332,0.7752823349099194,0.9129955356931907,0.9151283196737654,0.9186648500013165,0.9555078951629096,0.9566230291543046,0.9584699669315166,1.0,0.0,0.0,0.0,0.0,0.0027556679122390376,-0.5764427805495136,0.5754386517470604,0.026541440777570844
45.400000000000006,0.5764302987445069,0.5754618589582877,0.5764196406847839,0.012994327093636477,2.9952306384133256,0.9688379932646364,0.9750124844779654,0.9856339173025589,0.15218632127688303,0.15384677555710913,0.15482464668272744,2.8773092947914387,2.995230638413326,3.004876621239975,9.282539854887804e-09,0.013252443294869123,0.17654337045030866,0.7605962001952239,0.7658979585079664,0.7749536235821417,0.9128277189127054,0.9149415086270969,0.9185350109603209,0.9554200752317592,0.9565253842231135,0.9584022317928853,1.0,0.0,0.0,0.0,0.0,0.002723288077689831,-0.5764196406847839,0.5754618589582877,0.026546340305147905
45.6,0.5764063652501098,0.5754835647340748,0.5763962858753225,0.012992253652842442,2.995419740971263,0.9683575039841776,0.9744710378739163,0.9852507174817664,0.15224551206964837,0.1539322433217569,0.15490146911945746,2.877417823670374,2.995419740971263,3.00506069934632,9.312162513327517e-09,0.01325578319492017,0.1765767344638249,0.7601814874354034,0.765433880168074,0.7746290565983532,0.9126618011999676,0.914756704138372,0.918406772881432,0.9553332411614703,0.9564287781507371,0.9583353271530662,1.0,0.0,0.0,0.0,0.0,0.002691231702569255,-0.5763962858753225,0.5754835647340748,0.026552229051355705
45.800000000000004,0.576382247407686,0.575503813414849,0.5763727299660978,0.012990294299943809,2.9955998434262274,0.9678828918452784,0.9739359703771171,0.9848725174342019,0.15230397573767337,0.15401679893743303,0.15497742677734855,2.877519067074245,2.995599843426228,3.0052383667672036,9.333067850005606e-09,0.013259172316255794,0.1766103857627174,0.759771628317519,0.7649749887796893,0.7743085879415319,0.912497766026564,0.9145738906104202,0.9182801189224107,0.9552473845695026,0.9563332031001731,0.9582692443981483,1.0,0.0,0.0,0.0,0.0,0.0026594966473540704,-0.5763727299660978,0.575503813414849,0.026559056122556452
46.0,0.5763579578593944,0.5755226482620672,0.5763489863953233,0.0129884456933677,2.9957711973253187,0.9674140940636425,0.9734072179384425,0.9844992570337913,0.15236171985739905,0.15410044934355632,0.1550525270620381,2.877613241310336,2.995771197325319,3.005407423486135,9.326790851223987e-09,0.013262608072643423,0.17664430514953805,0.7593665765507195,0.7645212391260198,0.773992171949053,0.9123355968981225,0.9143930524455095,0.9181550323456563,0.9551624970851031,0.9562386512276447,0.9582039749643155,1.0,0.0,0.0,0.0,0.0,0.0026280807619000757,-0.5763489863953233,0.5755226482620672,0.026565810402693586
46.2,0.5763335099327455,0.5755401114796991,0.576325068195504,0.012986704597864461,2.9959340482101156,0.9669510483338308,0.9728847169398105,0.9841308767520617,0.1524187519601526,0.15418320148400463,0.15512677736734187,2.8777005573984953,2.9959340482101156,3.005568111067539,9.334945816495507e-09,0.01326608797393111,0.17667847400642278,0.7589662860541353,0.7640725861257174,0.7736797633147365,0.9121752773571484,0.9142141740485072,0.918031496519754,0.9550785703508811,0.9561451146843364,0.9581395103387449,1.0,0.0,0.0,0.0,0.0,0.0025969818859900434,-0.576325068195504,0.5755401114796991,0.026572492412777128
46.400000000000006,0.576308916212114,0.5755562442396299,0.5763009880100164,0.012985067852853482,2.996088635778019,0.9664936928302177,0.9723684041960833,0.9837673176560009,0.15247507953140937,0.15426506230561404,0.1552001850738929,2.8777812211981497,2.996088635778019,3.0057206653206188,9.374701541625952e-09,0.013269609593954249,0.17671287427140514,0.7585707109618692,0.7636289848388709,0.7733713170906213,0.9120167909857912,0.914037239829972,0.9179094949209028,0.9549955960243469,0.9560525856180883,0.9580758420604408,1.0,0.0,0.0,0.0,0.0,0.002566197850343538,-0.5763009880100164,0.5755562442396299,0.026579102672395737
46.6,0.5762841874670294,0.5755710867070044,0.576276758109654,0.012983532348093805,2.9962351940338414,0.9660419662080155,0.9718582169568107,0.9834085214055434,0.15253071001013035,0.15434603875671013,0.1552727575477822,2.877855433535022,2.9962351940338414,3.0058653164383715,9.382376918576543e-09,0.013273170545840372,0.17674748841477997,0.7581798056279769,0.7631903904728167,0.7730667886883514,0.9118601214086038,0.9138622342091756,0.9177890111341815,0.9549135657794473,0.9559610561750567,0.9580129617209844,1.0,0.0,0.0,0.0,0.0,0.002535726477632519,-0.576276758109654,0.5755710867070044,0.02658564169247557
46.800000000000004,0.5762593361138897,0.5755846780588099,0.5762523903873773,0.01298209509256723,2.99637395134554,0.9655958076041647,0.9713540929077956,0.9830544302511748,0.15258565078809963,0.15442613778567726,0.15534450213923343,2.877923390294049,2.9963739513455403,3.006002289099783,9.41207467173122e-09,0.013276768553016073,0.17678229944660367,0.7577935246312885,0.7627567583877444,0.7727661338805891,0.9117052522952347,0.9136891416170414,0.9176700288548152,0.9548324713080649,0.955870518501332,0.9579508609652808,1.0,0.0,0.0,0.0,0.0,0.002505565582777494,-0.5762523903873773,0.5755846780588099,0.02659211000867156
47.0,0.576234372541586,0.5755970565096762,0.5762278963803705,0.01298075313702284,2.9965051306434622,0.965155156637706,0.9708559701725303,0.9827049870314399,0.15263990920929457,0.1545053663395576,0.15541542618137413,2.877985282548381,2.9965051306434622,3.0061318026112565,9.417038989384015e-09,0.013280401369993684,0.17681729088518486,0.7574118227797098,0.7623280441021384,0.7724693088022919,0.9115521673629071,0.9135179464990194,0.9175525318893774,0.9547523043214062,0.9557809647445212,0.9578895314922733,1.0,0.0,0.0,0.0,0.0,0.0024757129741125455,-0.5762278963803705,0.5755970565096762,0.026598508141985115
47.2,0.5762093084152263,0.5756082593313346,0.5762032872712654,0.012979503639510807,2.99662894947416,0.9647199534102935,0.9703637873134623,0.9823601351701564,0.15269349256931952,0.1545837313626864,0.15548553698899736,2.878041296656673,2.99662894947416,3.006254071006827,9.449212977212811e-09,0.013284066849973065,0.1768524467553352,0.7570346551145953,0.7619042032980216,0.7721762699516578,0.9114008503789237,0.9133486333178804,0.917436504156851,0.9546730565514018,0.9556923870552912,0.9578289650555815,1.0,0.0,0.0,0.0,0.0,0.002446166453830931,-0.5762032872712654,0.5756082593313346,0.026604836632023687
47.400000000000006,0.5761841533988913,0.5756183228749195,0.5761785739009421,0.012978343796466759,2.996745620186073,0.9642901385063942,0.969877483333145,0.9820198186735729,0.15274640811486573,0.15466123979535465,0.15555484185738705,2.878091614374598,2.996745620186073,3.006369303184689,9.457825697647978e-09,0.013287762874290053,0.17688775157008277,0.7566619769147838,0.7614851918260521,0.7718869741909677,0.9112512851630289,0.9131811865564505,0.9173219296896392,0.9545947197520332,0.9556047775888804,0.9577691534641126,1.0,0.0,0.0,0.0,0.0,0.002416923818799127,-0.5761785739009421,0.5756183228749195,0.026611096004683515
47.6,0.5761589184090531,0.5756272825910838,0.5761537667746849,0.012977270907107069,2.996855349979496,0.9638656529936441,0.9693969976752392,0.9816839821276041,0.15279866304317702,0.15473789857250683,0.15562334806113184,2.8781364129554188,2.996855349979496,3.0064782409792614,9.490333045266918e-09,0.013291487418899389,0.1769231903218787,0.7562937437007201,0.7610709657104332,0.7716013787474257,0.9111034555898033,0.913015590720272,0.9172087926345642,0.9545172857006752,0.95551812850657,0.9577100885826657,1.0,0.0,0.0,0.0,0.0,0.002387982861164248,-0.5761537667746849,0.5756272825910838,0.026617509167888083
47.800000000000004,0.5761336125321078,0.5756351730509248,0.5761288760723027,0.012976282308680817,2.996958341083226,0.9634464384227808,0.9689222702253916,0.9813525706948453,0.15285026450156716,0.15481371462246798,0.1556910628530206,2.878175865254624,2.996958341083226,3.006583413590519,9.499504135529344e-09,0.013295238488020514,0.176958748468139,0.7559299112381421,0.7606614811536674,0.7713194412137456,0.9109573455908774,0.9128518303401983,0.9170970772537569,0.9544407461993427,0.9554324319771238,0.9576517623324764,1.0,0.0,0.0,0.0,0.0,0.002359341369076187,-0.5761288760723027,0.5756351730509248,0.026625039824137664
48.0,0.5761082460421375,0.5756420279654926,0.5761039116550575,0.012975375436105932,2.9970547908044756,0.9630324368276706,0.9684532413119658,0.9810255301115629,0.15290121958695804,0.154888694865704,0.15575799346293637,2.8782101398274627,2.9970547908044756,3.0066820507004346,9.532131605265452e-09,0.013299014175778518,0.17699441192134635,0.7555704355417976,0.7602566945411344,0.771041119548655,0.9108129391571512,0.9126898899749184,0.916986767925502,0.9543650930759416,0.9553476801781892,0.9575941666917399,1.0,0.0,0.0,0.0,0.0,0.002330997127282061,-0.5761039116550575,0.5756420279654926,0.026632463217048097
48.2,0.5760828274469484,0.5756478802055023,0.5760788830745927,0.012974547759991108,2.9971448916980727,0.9626235907249528,0.967989851706666,0.9807028066844394,0.1529515353454734,0.15496284621361045,0.15582414709682613,2.8782394010275114,2.9971448916980727,3.0067743440424337,9.542745416320882e-09,0.013302812602615491,0.17703016703629615,0.7552152728787714,0.7598565624455192,0.7707663720771291,0.9106702203408532,0.9125297542134179,0.9168778491449677,0.9542903181854336,0.9552638652976643,0.9575372936960693,1.0,0.0,0.0,0.0,0.0,0.0023029479177612694,-0.5760788830745927,0.5756478802055023,0.026639780832286408
48.400000000000006,0.5760573664832868,0.5756527618200393,0.576053799579727,0.012973796845884395,2.997228831612164,0.9622109887307372,0.9675320426250253,0.9803843472874338,0.15300121877203152,0.15503617556733396,0.15589096545017284,2.8782638091001966,2.997228831612164,3.0068604806896633,9.581932860941181e-09,0.013306631976583827,0.17706600060038985,0.7548566827375744,0.7594610416310724,0.7704951574906571,0.9105260788219969,0.9123714076773708,0.9167703055249372,0.954214791948073,0.9551809795350344,0.9574811354389561,1.0,0.0,0.0,0.0,0.0,0.0022751915202906675,-0.576053799579727,0.5756527618200393,0.026646994150239234
48.6,0.576031871218341,0.5756567040553954,0.5760286701246861,0.012973120293538353,2.997306793851668,0.9618013379993136,0.9670797557267939,0.9800700993584489,0.1530502768099849,0.15510868981662054,0.15595736257970047,2.8782835202769768,2.997306793851668,3.0069406431786034,9.612375258236479e-09,0.013310470530958797,0.17710189982187702,0.7545004937137699,0.7590700890577315,0.770227434847291,0.9103828572751623,0.9122148350234752,0.9166641217964437,0.954139741829152,0.955099015102669,0.9574256840721783,1.0,0.0,0.0,0.0,0.0,0.002247725713044796,-0.5760286701246861,0.5756567040553954,0.02665410461833605
48.800000000000004,0.5760063496557344,0.5756597373738799,0.5760035033782833,0.012972515767859107,2.9973789572479017,0.9613967718686589,0.9666329331161989,0.9797600108959051,0.15309871635079092,0.15518039583869514,0.15602299111993714,2.878298686869399,2.9973789572479017,3.00701500960146,9.612976584490736e-09,0.01331432655635491,0.17713785231673806,0.7541485654550091,0.758683661885081,0.769963163571545,0.9102413046807458,0.9120600209457176,0.9165592828093374,0.9540655604634151,0.9550179642270916,0.9573709318061718,1.0,0.0,0.0,0.0,0.0,0.0022205482732161608,-0.5760035033782833,0.5756597373738799,0.026661113668048797
49.0,0.5759808108086956,0.5756618914706978,0.5759783077278903,0.012971981019231017,2.9974454962367023,0.9609972344413266,0.9661915173420897,0.9794540304554434,0.15314654423367927,0.15525130049717142,0.15608785813749207,2.878309457353489,2.9974454962367028,3.007083753695128,9.642214412401582e-09,0.013318198421959951,0.1771738461030138,0.7538008552392704,0.758301717476157,0.7697023034543519,0.9101014054120032,0.9119069501775757,0.9164557735328631,0.9539922398633203,0.9549378191502104,0.9573168709104065,1.0,0.0,0.0,0.0,0.0,0.0021936569774662212,-0.5759783077278903,0.5756618914706978,0.026668022722980796
49.2,0.5759552617748568,0.575663195291085,0.5759530912857297,0.01297151382244408,2.9975065810157235,0.9606026702891678,0.965755451397994,0.9791521071463898,0.15319376724537243,0.15532141064098767,0.156151970673625,2.8783159764554247,2.9975065810157235,3.007147346966656,9.650253456200365e-09,0.013322084512667516,0.1772098695918147,0.7534573205971179,0.757924213401124,0.7694448146527584,0.9099631439060161,0.911755607494164,0.9163535790561264,0.9539197720699784,0.9548585721305213,0.9572634937137023,1.0,0.0,0.0,0.0,0.0,0.0021670496024150387,-0.5759530912857297,0.575663195291085,0.026674958001392628
49.400000000000006,0.5759297105967697,0.5756636770488238,0.5759278619011562,0.012971112033162984,2.997562377582191,0.9602130244530389,0.9653246787220566,0.9788541906281132,0.1532403921198393,0.15539073310337204,0.15621533574327812,2.878318385244119,2.997562377582191,3.0072078944312883,9.668648318079726e-09,0.01332598328760812,0.17724591156977684,0.7531179193147987,0.7575511074408005,0.7691906576894699,0.9098265046656202,0.9116059777143155,0.9162526845884889,0.953848149154248,0.954780215444278,0.9572107926045083,1.0,0.0,0.0,0.0,0.0,0.002140723925307106,-0.5759278619011562,0.5756636770488238,0.026682722618175395
49.6,0.5759041648635743,0.5756633642425676,0.5759026271659122,0.012970773558020676,2.9976130478552228,0.9598282424421234,0.9648991431968789,0.9785602311063105,0.1532864255380761,0.15545927470083648,0.1562779603341843,2.878316821212838,2.9976130478552228,3.007263240434674,9.717392335063933e-09,0.013329893249460092,0.17728196119155387,0.7527826094369479,0.7571823575900409,0.7689397934522754,0.9096914722611722,0.9114580457026032,0.9161530754599059,0.9537773632177425,0.9547027413866293,0.9571587600311487,1.0,0.0,0.0,0.0,0.0,0.0021146777244529513,-0.5759026271659122,0.5756633642425676,0.0266903602679971
49.800000000000004,0.5758786309787005,0.5756622836707036,0.5758773944152327,0.012970496338443226,2.997658749782309,0.9594482702329753,0.9644787891492708,0.9782701793294897,0.15333187412787191,0.15552704223219613,0.1563398514060343,2.878311418353518,2.997658749782309,3.007313544126664,9.751452974885627e-09,0.013333812927881168,0.17731800797823905,0.7524513492690025,0.7568179220609959,0.7686921831935891,0.9095580313321904,0.9113117963713075,0.9160547371213017,0.9537074063937723,0.9546261422727259,0.9571073885020897,1.0,0.0,0.0,0.0,0.0,0.0020889087795593897,-0.5758773944152327,0.5756622836707036,0.026697873042333124
50.0,0.5758531154980993,0.5756604614485372,0.5758521707383538,0.012970278376292636,2.997699637401909,0.9590730542686864,0.9640635613499061,0.9779839865853347,0.1533767444636085,0.1555940424776165,0.1564010158896375,2.878302307242686,2.997699637401909,3.0073589607348405,9.752025151772373e-09,0.013337740906210276,0.1773540418023516,0.7521240973796661,0.7564577592862312,0.7684477885298345,0.9094261665890115,0.9111672146823224,0.9159576551448715,0.953638270848293,0.9545504104388008,0.9570566705861645,1.0,0.0,0.0,0.0,0.0,0.002063414872338895,-0.5758521707383538,0.5756604614485372,0.026705263002909405
50.2,0.5758276260469678,0.5756579230250086,0.5758269629887477,0.012970117750979705,2.997735860912821,0.9587025414580514,0.9636534050128663,0.977701604696849,0.15342104306610987,0.15566028219769001,0.1564614606860968,2.878289615125043,2.9977358609128215,3.007399641640829,9.788298102738704e-09,0.013341675839406375,0.17739005287321757,0.7518008126033117,0.7561018279217041,0.7682065714405868,0.9092958628144147,0.9110242856490017,0.9158618152242781,0.9535699487808377,0.9544755382432077,0.9570065989127443,1.0,0.0,0.0,0.0,0.0,0.0020381937870755373,-0.5758269629887477,0.5756579230250086,0.026712532186630965
50.400000000000006,0.5758021681288445,0.5756546931954712,0.5758017777816926,0.0129700125535125,2.9977675668248365,0.9583366791742448,0.9632482657951169,0.9774229860183307,0.15346477640253375,0.15572576813253625,0.1565211926660766,2.878273465977356,2.9977675668248365,3.0074360807457343,9.801185291385272e-09,0.013345616385904133,0.17742603174043914,0.7514814540419205,0.7557500868496239,0.7679684942675139,0.9091671048650516,0.9108829943379506,0.9157672031747592,0.9535024324253453,0.9544015180674436,0.9569571661718596,1.0,0.0,0.0,0.0,0.0,0.0020132433107495767,-0.5758017777816926,0.5756546931954712,0.02671982569595606
50.6,0.575776748661044,0.5756507961185691,0.5757766215076293,0.012969960956825495,2.997794897971189,0.9579754152539146,0.96284808979589,0.97714808343167,0.15350795088622735,0.15579050700092856,0.15658021866901667,2.878253980592845,2.997794897971189,3.007469722175876,9.842258574813728e-09,0.013349561280648889,0.17746196927481517,0.7511659810673165,0.7554024951811867,0.7677335197135505,0.9090398776729892,0.910743325870767,0.9156738049333173,0.9534357140510482,0.954328342317133,0.956908365114365,1.0,0.0,0.0,0.0,0.0,0.001988561233696534,-0.5757766215076293,0.5756507961185691,0.02672768289458405
50.800000000000004,0.5757513726996027,0.5756462553299327,0.5757515003339393,0.012969961148007553,2.997817993657422,0.9576186979958299,0.9624528235560004,0.9768768503423808,0.1535505728766397,0.1558545054994448,0.15663854550243253,2.8782312766496636,2.997817993657422,3.007498998602241,9.853827221529215e-09,0.013353509265003938,0.17749785666580103,0.7508543533229662,0.755059012259195,0.7675016108417815,0.908914166247071,0.9106052654257266,0.9155816065587848,0.9533697859632635,0.9542560034229886,0.9568601885520368,1.0,0.0,0.0,0.0,0.0,0.00196414534989707,-0.5757515003339393,0.5756462553299327,0.0267353998376604
51.0,0.5757260468286629,0.575641093757012,0.5757264202123797,0.012970011395911854,2.997836989673077,0.9572664761597642,0.9620624140570564,0.9766092406758494,0.15359264867921432,0.15591777030164564,0.15669617994119076,2.87820546878506,2.997836989673077,3.0075240484340435,9.892498705953856e-09,0.013357459157032115,0.17753368541088607,0.7505465307259362,0.7547195976605414,0.7672727310744715,0.9087899556743324,0.9104687982394106,0.9154905942319382,0.9533046405042125,0.9541844938417392,0.9568126293576954,1.0,0.0,0.0,0.0,0.0,0.0019399934574490518,-0.5757264202123797,0.575641093757012,0.026742979054688667
51.2,0.575700775751923,0.5756353337329024,0.5757013868840882,0.012970109980621617,2.9978520184398323,0.9569186989648519,0.961676808720614,0.9763452088732028,0.1536341845453562,0.15598030805727653,0.1567531287268842,2.878176668664512,2.9978520184398323,3.0075450066433533,9.904930166902058e-09,0.013361409778465632,0.17756944730844526,0.7502424734683316,0.7543842111985869,0.7670468441917095,0.9086672311212023,0.9103339096082858,0.9154007542554494,0.9532402700537262,0.9541138060570331,0.9567656804652417,1.0,0.0,0.0,0.0,0.0,0.0019161033589133597,-0.5757013868840882,0.5756353337329024,0.026750423014959907
51.400000000000006,0.5756755656040413,0.5756289970099479,0.5756764058851204,0.012970255259608949,2.9978632090212916,0.9565753160883416,0.9612959554072337,0.9760847098873169,0.15367518667239097,0.15604212539149492,0.156809398567156,2.8781449850497394,2.9978632090212916,3.0075636082558312,9.944417803779308e-09,0.013365360023535866,0.17760513444982806,0.7499421420190296,0.75405281292541,0.7668239143301326,0.908545977834815,0.9102005848902267,0.9153120730538596,0.9531766670300095,0.9540439325803108,0.9567193348697036,1.0,0.0,0.0,0.0,0.0,0.0018924728616701164,-0.5756764058851204,0.5756289970099479,0.026758396914372908
51.6,0.5756504206939538,0.5756221047732194,0.575651482551955,0.012970445600312746,2.9978706872647307,0.9562362776639007,0.960919802415492,0.9758276991787243,0.1537156612035536,0.1561032289041198,0.15686499613511024,2.8781105238660967,2.997870687264731,3.0075783695060867,9.957902885404689e-09,0.01336930878909681,0.17764073921149284,0.749645497124985,0.7537253631339663,0.7666039059815147,0.9084261811441415,0.9100688095059959,0.9152245371734901,0.9531138238903081,0.9539748659516537,0.9566735856272495,1.0,0.0,0.0,0.0,0.0,0.0018690997782788155,-0.575651482551955,0.5756221047732194,0.026766236814376013
51.800000000000004,0.5756253467496416,0.5756146776535561,0.5756266220263812,0.012970679445009554,2.9978745758089573,0.9559015342802304,0.9605482984809031,0.975574132711695,0.15375561422796405,0.15616362516890625,0.15691992806868565,2.8780733882677807,2.9978745758089578,3.0075895505401258,9.997096947125614e-09,0.01337325504216975,0.17767625424802694,0.7493524998127342,0.7534018223601144,0.7663867839914501,0.9083078264611953,0.9099385689406659,0.9151381332823824,0.9530517331316153,0.9539065987406034,0.9566284258552142,1.0,0.0,0.0,0.0,0.0,0.0018459819268257655,-0.5756266220263812,0.5756146776535561,0.026774000903032984
52.0,0.5756003477392649,0.5756067357405588,0.5756018292610325,0.012970955245017363,2.9978749942212644,0.9555710369792002,0.9601813927747864,0.9753239669500717,0.15379505178065486,0.15622332073284187,0.1569742009701211,2.878033678702794,2.9978749942212644,3.0075983161636164,1.0011133085135888e-08,0.013377197751687503,0.1777116724842392,0.7490631113894524,0.7530821513845565,0.7661725135577878,0.9081908992820483,0.9098098487449993,0.9150528481701298,0.9529903872912772,0.9538391235469572,0.9565838487320697,1.0,0.0,0.0,0.0,0.0,0.0018231171312686478,-0.5756018292610325,0.5756067357405588,0.026782122534616
52.2,0.5755754290049672,0.5755982985949334,0.5755771090238512,0.012971271523379681,2.9978720590043704,0.9552447372543039,0.959819034903054,0.975077158853217,0.1538339798425944,0.1562823221154685,0.1570278214053821,2.877991492974667,2.9978720590043704,3.007603822091446,1.005024383880394e-08,0.013381135953817767,0.17774698710878403,0.7487772934442265,0.7527663112346518,0.7659610602291145,0.9080753851879274,0.9096826345367733,0.9149686687477194,0.9529297789476401,0.9537724330015355,0.9565398474973973,1.0,0.0,0.0,0.0,0.0,0.0018005032217383032,-0.5755771090238512,0.5755982985949334,0.02679020589012111
52.400000000000006,0.5755505941828152,0.5755893852609106,0.5755524659034441,0.012971626811129193,2.9978658837282888,0.9549225870486946,0.9594611749049509,0.9748336658717958,0.15387240434074945,0.15634063580822335,0.1570807959036694,2.877946926304553,2.997865883728289,3.0076068182586395,1.006502463888472e-08,0.013385068685783489,0.1777821915665083,0.7484950078489183,0.7524542631861469,0.7657523899030471,0.9079612698461386,0.9095569120020643,0.9148855820472902,0.9528699007206063,0.9537065197669257,0.9564964154518175,1.0,0.0,0.0,0.0,0.0,0.0017781380348560055,-0.5755524659034441,0.5755893852609106,0.026798515278735825
52.6,0.575525848243517,0.5755800142780808,0.5755279043132925,0.01297201970813256,2.9978565790361436,0.9546045387535306,0.9591077632517214,0.9745934459437406,0.1539103311481318,0.1563982682738052,0.15713313095688988,2.877900071390404,2.9978565790361436,3.007607732661932,1.0104016333545702e-08,0.013388995049319896,0.17781727955243937,0.7482162167592565,0.7521459687647897,0.7655464688246473,0.9078485390110742,0.9094326668964791,0.9148035752219301,0.9528107452722328,0.9536413765381989,0.9564535459569373,1.0,0.0,0.0,0.0,0.0,0.0017560194140222585,-0.5755279043132925,0.5755800142780808,0.026807183136374972
52.800000000000004,0.575501194512213,0.5755702036933178,0.5755034284969178,0.01297244882142913,2.9978442527710576,0.9542905452058908,0.9587587508452303,0.9743564574900268,0.15394776608388758,0.15645522594555944,0.1571848330192112,2.877851018466589,2.9978442527710576,3.0076070556045003,1.0119410297126849e-08,0.013392914146592329,0.17785224500440314,0.7479408826154924,0.7518413897478604,0.7653432635846218,0.9077371785250381,0.9093098850463464,0.9147226355453807,0.9527523053072331,0.9535769960436049,0.9564112324352496,1.0,0.0,0.0,0.0,0.0,0.00173414520971997,-0.5755034284969178,0.5755702036933178,0.026816368782221614
53.0,0.5754766376086188,0.5755599710720801,0.5754790425318608,0.012972912824084783,2.997829009981117,0.9539805596870004,0.9584140890165106,0.9741226594105807,0.15398471491337812,0.1565115152268875,0.15723590850657876,2.8777998553604003,2.997829009981117,3.007606347760553,1.0158224294868943e-08,0.013396825141626057,0.1778870820973417,0.7476689681432916,0.7515404881655915,0.7651427411175992,0.9076271743191575,0.9091885523498581,0.914642750411762,0.9526945735735248,0.9535133710452399,0.956369468370041,1.0,0.0,0.0,0.0,0.0,0.0017125132797771309,-0.5754790425318608,0.5755599710720801,0.026826675096031524
53.2,0.5754521805643906,0.5755493335098045,0.5754547503346181,0.01297341039556073,2.997810953041437,0.9536745359200431,0.9580737295242775,0.973892011080018,0.15402118334829992,0.15656714249067444,0.1572863637963131,2.8777466675490224,2.997810953041437,3.0076029654341934,1.0174214582895714e-08,0.01340072719828053,0.17792178523625982,0.7474004363542158,0.7512432263025085,0.764944868700219,0.9075185124141208,0.9090686547781729,0.9145639073352171,0.952637542862684,0.9534504943396932,0.9563282473052569,1.0,0.0,0.0,0.0,0.0,0.001691121489645328,-0.5754547503346181,0.5755493335098045,0.026836968229602
53.400000000000006,0.5754278277618569,0.5755383076426738,0.5754305556643098,0.0129739402805954,2.9977901816563715,0.9533724280682858,0.9577376245533679,0.9736644723435514,0.15405717704679014,0.15662211407874002,0.15733620522666947,2.8776915382133685,2.9977901816563715,3.0075964331388247,1.0219025358391322e-08,0.013404619541754079,0.17795634905098592,0.7471352505464256,0.7509495666986646,0.764749613949324,0.9074111789209998,0.9089501783764672,0.9144860939495857,0.9525812060104428,0.9533883587586681,0.9562875628453816,1.0,0.0,0.0,0.0,0.0,0.0016699677126405243,-0.5754305556643098,0.5755383076426738,0.02684701161792762
53.6,0.575403582065519,0.5755269096584933,0.5754064621273476,0.0129745012299043,2.997766792978578,0.9530741907327964,0.9574057267131488,0.9734400035127313,0.15409270161357017,0.1566764363013072,0.15738543909647632,2.877634548292466,2.997766792978578,3.0075868586523145,1.0254701740109674e-08,0.01340850139684942,0.1779907683895034,0.7468733743049905,0.7506594721508024,0.7645569448199718,0.9073051600419015,0.9088331092649563,0.9144092980080023,0.9525255558970986,0.9533269571695825,0.9562474086552771,1.0,0.0,0.0,0.0,0.0,0.001649049830201102,-0.5754064621273476,0.5755269096584933,0.02685681080770199
53.800000000000004,0.5753794464176625,0.5755151553075284,0.5753824731824536,0.01297509203171375,2.997740881635968,0.9527797789504036,0.9570779890358697,0.9732185653612264,0.15412776260009484,0.15673011543649187,0.15743407166474738,2.877575776537642,2.997740881635968,3.0075743469767753,1.0259650528730621e-08,0.013412372020962782,0.17802503831078048,0.7466147715023617,0.7503729057134166,0.7643668296034395,0.9072004420706821,0.9087174336398616,0.9143335073824791,0.952470585447952,0.9532662824761454,0.9562077784600128,1.0,0.0,0.0,0.0,0.0,0.001628365732161824,-0.5753824731824536,0.5755151553075284,0.026866371224087558
54.0,0.5753554248837061,0.5755030599122253,0.5753585921427496,0.012975711532236383,2.9977125397684636,0.9524891481915554,0.9567543649749557,0.9730001191207421,0.15416236550469126,0.15678315772981424,0.15748210915032226,2.8775152995611264,2.9977125397684636,3.0075590003473964,1.0293456498891098e-08,0.013416230725591827,0.17805915408178616,0.7463594062987142,0.750089830699729,0.7641792369253116,0.9070970113935973,0.9086031377743434,0.9142587100635183,0.9524162876337137,0.95320632761891,0.9561686660447104,1.0,0.0,0.0,0.0,0.0,0.0016079133169297904,-0.5753585921427496,0.5755030599122253,0.026875698162495812
54.2,0.5753315197414028,0.5754906383771167,0.5753348221793975,0.01297635857559536,2.9976818571439825,0.9522022543578178,0.9564348084032781,0.972784626476756,0.15419651577273782,0.156835569393726,0.15752955773157948,2.877453191885583,2.997681857143983,3.007540918470982,1.0305527542209759e-08,0.013420076813699095,0.17809311117228926,0.7461072431419292,0.749810210682592,0.7639941357433693,0.9069948544898011,0.9084902080193935,0.914184894159634,0.9523626554708277,0.9531470855758064,0.9561300652543402,1.0,0.0,0.0,0.0,0.0,0.0015876904916834605,-0.5753348221793975,0.5754906383771167,0.026884796827649136
54.400000000000006,0.5753077343475924,0.5754779051993685,0.5753111663282352,0.01297703206124079,2.997648921155767,0.9519190537798534,0.9561192736113644,0.9725720495643083,0.15423021879684576,0.15688735660715822,0.1575764235460822,2.877389525996842,2.9976489211557675,3.00752019840425,1.032789087933892e-08,0.013423909639785311,0.17812690524537825,0.7458582467679565,0.7495340094953021,0.7638114953454944,0.9068939579319901,0.9083786308046841,0.9141120478968746,0.9523096820218733,0.953088549362655,0.9560919699935166,1.0,0.0,0.0,0.0,0.0,0.0015676951726674854,-0.5753111663282352,0.5754779051993685,0.026893672297530955
54.6,0.5752840717411369,0.5754648744781979,0.5752876274927262,0.012977730914734,2.9976138169052295,0.9516395032151044,0.9558077153055728,0.9723623509637483,0.15426347991705852,0.1569385255150878,0.15762271269028505,2.8773243723909894,2.9976138169052295,3.007496934704503,1.038067180445303e-08,0.01342772857947813,0.17816053215324817,0.7456123822008713,0.7492611912323361,0.7636312853474936,0.906794308386917,0.908268392639385,0.9140401596183056,0.952257360395895,0.9530307120336547,0.9560543742262723,1.0,0.0,0.0,0.0,0.0,0.0015479252853657088,-0.5752876274927262,0.5754648744781979,0.02690232954479279
54.800000000000004,0.5752605338797883,0.5754515599235308,0.575264208444609,0.012978454071516266,2.997576627270616,0.9513635598452848,0.9555000886062359,0.9721554936966141,0.1542963044210408,0.15698908222812086,0.15766843121928456,2.877257799617654,2.997576627270616,3.0074712195332367,1.0418238653201298e-08,0.013431533012634098,0.1781939879362727,0.7453696147527288,0.7489917202500188,0.7634534756910133,0.9066958926158142,0.9081594801129388,0.9139692177835199,0.9522056837486859,0.9529735666818545,0.956017271975845,1.0,0.0,0.0,0.0,0.0,0.001528378764619781,-0.575264208444609,0.5754515599235308,0.02691077344922042
55.0,0.5752371229858996,0.5754379748659014,0.5752409118297036,0.012979200503440867,2.9975374329316526,0.9510911812740528,0.9551963490457589,0.9719514412215344,0.1543286975442746,0.15703903282209392,0.15771358514655195,2.877189874329507,2.9975374329316526,3.007443142624159,1.0421823632603935e-08,0.013435322351169954,0.1782272688147091,0.7451299100235289,0.7487255611671089,0.7632780366414231,0.9065986974748544,0.9080518798958016,0.91389921096813,0.9521546452830882,0.9529171064396044,0.9559806573244556,1.0,0.0,0.0,0.0,0.0,0.0015090535549081019,-0.5752409118297036,0.5754379748659014,0.02691900878089475
55.2,0.5752138424777704,0.5754241322659622,0.575217740173427,0.012979969236917967,2.9974963124015503,0.9508181691502873,0.9548964525666648,0.9717501574300242,0.15436066447028232,0.15708838333769629,0.1577588700624534,2.877120661329811,2.9974963124015503,3.007412791289475,1.0461312081507873e-08,0.013439096058173236,0.17826037118081867,0.7448895744489081,0.7484626788652983,0.7631049387855883,0.9065012256101184,0.9079455787401404,0.9138301278632072,0.9521034587581902,0.9528613244789815,0.9559445244130559,1.0,0.0,0.0,0.0,0.0,0.0014899476105832837,-0.575217740173427,0.5754241322659622,0.026927040191663847
55.400000000000006,0.5751906937589891,0.5754100447218963,0.5751946958795863,0.012980759286979827,2.9974533421420175,0.9505457163708156,0.9546003555196249,0.9715516066420943,0.15439221033088965,0.15713713978010616,0.15780408813234162,2.8770502236094813,2.997453342142018,3.007380250674096,1.0477024187759095e-08,0.013442853578974968,0.178293291600591,0.7446496580978262,0.7482030384896561,0.7629341530294415,0.9064039028546904,0.9078405634805016,0.9137619572746353,0.9520523477907941,0.9528062140122029,0.9559088674410318,1.0,0.0,0.0,0.0,0.0,0.0014710588958622428,-0.5751946958795863,0.5754100447218963,0.026934872260020396
55.6,0.5751676797470104,0.5753957244789719,0.5751717812376033,0.01298156972827153,2.9974085965402435,0.9502767781034742,0.9543080146614461,0.9713557536022392,0.15442334020643844,0.15718530811864462,0.15784874833978813,2.8769786223948595,2.9974085965402435,3.0073456035822232,1.0520656893731793e-08,0.013446594415555777,0.1783260268034239,0.7444127648434535,0.7479466054489969,0.762765650595851,0.9063077859142927,0.907736821034441,0.9136946881225736,0.9520018673874431,0.9527517682920151,0.9558736806659626,1.0,0.0,0.0,0.0,0.0,0.0014523853851205054,-0.5751717812376033,0.5753957244789719,0.026942509445388518
55.800000000000004,0.5751448016321474,0.575381183437554,0.5751489984236583,0.012982399628416985,2.9973621480225,0.9500113131060383,0.9540193871530435,0.9711625634752233,0.15445405912604132,0.15723289428644383,0.15789285656986415,2.8769059171877696,2.9973621480225,3.007308930733232,1.0534710701076481e-08,0.013450318056846221,0.17835857368048796,0.7441788611145133,0.7476933454161926,0.7625994030222792,0.9062128619331686,0.9076343384031271,0.9136283094408317,0.9519520108961137,0.9526979806120699,0.9558389584033329,1.0,0.0,0.0,0.0,0.0,0.0014339250629952782,-0.5751489984236583,0.575381183437554,0.026949956132728888
56.0,0.5751220621943424,0.575366433161583,0.5751263495045847,0.012983248114844375,2.9973140670332152,0.9497492805436692,0.9537344305573577,0.9709720018421235,0.15448437206780494,0.1572799041801352,0.15793641866633984,2.876832165807915,2.9973140670332152,3.0072703106077325,1.0575357070028437e-08,0.013454024048819959,0.1783909292791645,0.7439479136213201,0.7474432243284018,0.7624353821586359,0.9061191181494423,0.9075331026719016,0.9135628103763133,0.9519027717114651,0.9526448443072761,0.9558046950262804,1.0,0.0,0.0,0.0,0.0,0.0014156759245845113,-0.5751263495045847,0.575366433161583,0.026957216591962336
56.2,0.5750994624879454,0.575351484886574,0.5751038364408587,0.012984114306605291,2.997264422148063,0.9494906399862121,0.9534531028372587,0.9707840346960355,0.15451428395911646,0.15732634365955092,0.15797944043153306,2.8767574244328697,2.997264422148063,3.0072298197031397,1.0590063316532619e-08,0.013457711923125759,0.17842309079877328,0.7437198893552399,0.7471962083872431,0.762273560164809,0.9060265418953405,0.9074331010108119,0.9134981801883257,0.9518541432750114,0.9525923527541388,0.9557708849652724,1.0,0.0,0.0,0.0,0.0,0.0013976359755732692,-0.5751038364408587,0.575351484886574,0.026964295022522466
56.400000000000006,0.5750770050322563,0.5753363495272987,0.5750814610893842,0.012984997378719944,2.9972132800535385,0.9492353514060098,0.953175362353405,0.9705986284379798,0.15454379967690715,0.15737221854744354,0.15802192762608305,2.8766817476364936,2.997213280053539,3.0071875323842803,1.0630947779939266e-08,0.013461381264623202,0.17845505558659394,0.7434947555885667,0.7469522640588949,0.762113909508338,0.9059351205975753,0.9073343206751064,0.9134344082479404,0.9518061190753769,0.9525404993710735,0.9557375227078077,1.0,0.0,0.0,0.0,0.0,0.0013798032323506237,-0.5750814610893842,0.5753363495272987,0.02697119551454257
56.6,0.5750546906946792,0.5753210376855858,0.5750592252067439,0.012985896498034553,2.9971607056540694,0.9489833751752383,0.9529011678620993,0.9704157498727256,0.1545729240479384,0.15741753462921754,0.15806388596881493,2.8766051884279293,2.9971607056540694,3.0071435211229756,1.06464872908534e-08,0.01346503164419569,0.178486821133223,0.7432724798739379,0.7467113580741538,0.7619564029619833,0.9058448417775333,0.9072367490057085,0.9133714840373037,0.9517586926484493,0.9524892776187122,0.9557046027980924,1.0,0.0,0.0,0.0,0.0,0.0013621757221474323,-0.5750592252067439,0.5753210376855858,0.02697792209030956
56.800000000000004,0.5750325217684035,0.5753055596577572,0.5750371304516734,0.012986810885308061,2.997106762051972,0.9487346720636385,0.9526304785130993,0.9702353662048545,0.15460166184905813,0.15746229765267805,0.15810532113654893,2.876527798288786,2.997106762051972,3.0070978563551676,1.0686504910695294e-08,0.013468662683957314,0.17851838506903794,0.7430530300440668,0.7464734574284152,0.7618010136014846,0.905755693051586,0.9071403734296495,0.9133093971490188,0.9517118575775949,0.9524386810001855,0.955672119836752,1.0,0.0,0.0,0.0,0.0,0.0013447514831669283,-0.5750371304516734,0.5753055596577572,0.02698447866705219
57.0,0.5750104989777195,0.5752899254421483,0.5750151783883172,0.012987739753569516,2.997051510650184,0.9484892032357602,0.9523632538474184,0.9700574450346005,0.15463001780750182,0.1575065133277932,0.1581462387640014,2.876449627210741,2.997051510650184,3.007050606710923,1.070241387547173e-08,0.013472273992642721,0.1785497451595469,0.7428363742110102,0.746238529381608,0.7616477148030852,0.9056676621312042,0.9070451814604785,0.9132481372854266,0.9516656074937718,0.9523887030613926,0.9556400684804892,1.0,0.0,0.0,0.0,0.0,0.001327528564714145,-0.5750151783883172,0.5752899254421483,0.026990869096704218
57.2,0.5749886244012962,0.575274144746103,0.574993370488464,0.012988682367109362,2.9969950111334867,0.9482469302486534,0.9520994537950862,0.9698819543538502,0.1546579966011763,0.15755018732647205,0.15818664444362224,2.876370723730515,2.996995011133487,3.0070018388791264,1.0741797041110007e-08,0.013475865227604931,0.1785808993021942,0.7426224807657884,0.7460065414580616,0.7614964802411764,0.9055807368232095,0.9069511606986372,0.9131876942579293,0.951619936075712,0.9523393373912511,0.9556084434417644,1.0,0.0,0.0,0.0,0.0,0.001310505027292283,-0.574993370488464,0.575274144746103,0.026997097130712997
57.400000000000006,0.5749668985267545,0.575258226993137,0.5749717081346415,0.012989637980858068,2.9969373215684394,0.9480078150490917,0.9518390386729083,0.9697088625420055,0.15468560285897393,0.15759332528235473,0.15822654372552022,2.876291134965685,2.9969373215684394,3.0069516178316227,1.0752083013705877e-08,0.013479436031231234,0.17861184552194068,0.7424113183775694,0.7457774614463314,0.7613472838857915,0.9054949050298403,0.9068582988318119,0.9131280579862477,0.951574837050007,0.9522905776219354,0.9555772394884396,1.0,0.0,0.0,0.0,0.0,0.0012936789427159395,-0.5749717081346415,0.575258226993137,0.02700316645896045
57.6,0.5749453231219516,0.5752421813296649,0.5749501926221887,0.012990605898353817,2.996878498383864,0.9477718199712165,0.9515819691821842,0.9695381383620758,0.1547128411610583,0.1576359327906178,0.15826594211732886,2.8762109066483244,2.996878498383864,3.006900006689057,1.07716265140929e-08,0.013482986091899634,0.17864258196830185,0.7422028559931815,0.7455512573989579,0.761200100000276,0.9054101547489463,0.9067665836352521,0.9130692184977434,0.9515303041912588,0.9522424174290954,0.9555464514434566,1.0,0.0,0.0,0.0,0.0,0.001277048394205324,-0.5749501926221887,0.5752421813296649,0.02700908067508479
57.800000000000004,0.574923899627422,0.5752260166319058,0.5749288251627636,0.012991585438401131,2.996818596441811,0.9475389077338546,0.9513282064064157,0.9693697509566453,0.154739716039178,0.15767801540779408,0.15830484508413675,2.876130083159529,2.996818596441811,3.006847066865983,1.0822087391789328e-08,0.013486515109036066,0.1786731069103378,0.7419970628363071,0.7453278976321764,0.7610549031388205,0.9053264740740449,0.906676002972062,0.9130111659266793,0.9514863313221593,0.9521948505320614,0.9555160741844815,1.0,0.0,0.0,0.0,0.0,0.001260611476502485,-0.5749288251627636,0.5752260166319058,0.027014843299333857
58.0,0.5749026281726157,0.5752097415122502,0.5749076068859008,0.012992575914493674,2.9967576690949316,0.9473090414378054,0.9510777118090039,0.9692036698438168,0.15476623197699188,0.15771957865160136,0.15834325804843286,2.8760487075612513,2.9967576690949316,3.00679285816508,1.0843550707530884e-08,0.013490022771529183,0.17870341873442738,0.741793908406618,0.7451073507255896,0.7609116681439485,0.9052438511943481,0.9065865447934723,0.9129538905134584,0.9514429123135509,0.9521478706940373,0.9554861026435371,1.0,0.0,0.0,0.0,0.0,0.001244366295929833,-0.5749076068859008,0.5752097415122502,0.02702045779145789
58.2,0.574881510469581,0.5751933643254644,0.5748865388405195,0.012993576693309734,2.996695768163947,0.94708218456347,0.950830447230918,0.9690398649134156,0.15479239341036047,0.15776062800078808,0.15838118639000492,2.8759668216273218,2.996695768163947,3.0067374386409833,1.0886465512577589e-08,0.013493508819301912,0.17873351594211487,0.7415933624791804,0.744889585521777,0.7607703701442075,0.9051622743948925,0.9064981971390766,0.9128973826039365,0.9514000410845429,0.9521014717222743,0.9554565318066738,1.0,0.0,0.0,0.0,0.0,0.0012283109704637335,-0.5748865388405195,0.5751933643254644,0.02702592751615672
58.400000000000006,0.5748605469292284,0.5751768931756965,0.5748656219998267,0.012994587135311767,2.996632944032196,0.946858300967992,0.9505863748883546,0.9688783064230069,0.15481820472767488,0.15780116889498952,0.15841863544592896,2.8758844658784826,2.996632944032196,3.0066808648193657,1.091926972041989e-08,0.01349697298091821,0.17876339714310466,0.7413953951033956,0.7446745711258635,0.7606309845516712,0.9050817320564727,0.9064109481370486,0.9128416326486543,0.951357711602522,0.9520556474682347,0.9554273567135976,1.0,0.0,0.0,0.0,0.0,0.0012124436298986824,-0.5748656219998267,0.5751768931756965,0.02703125578111585
58.6,0.5748397380505617,0.5751603359224032,0.5748448572627733,0.012995606622591334,2.9965692456522293,0.9466373548826647,0.9503454573703727,0.9687189649939003,0.1548436702701949,0.15784120673459748,0.1584556105105238,2.875801679612016,2.9965692456522293,3.0066231916445383,1.09222685949336e-08,0.013500415002922818,0.17879306105318096,0.741199976602147,0.7444622769050372,0.7604934870594117,0.9050022126556534,0.90632478600433,0.9127866312020535,0.9513159178832048,0.9520103918277383,0.9553985724572885,1.0,0.0,0.0,0.0,0.0,0.0011967624158901735,-0.5748448572627733,0.5751603359224032,0.027036445820054596
58.800000000000004,0.5748190852378787,0.5751437001856678,0.5748242454541218,0.012996634575129487,2.9965047205632023,0.9464193109103577,0.9501076576365125,0.9685618116072947,0.15486879433237224,0.15788074688064302,0.1584921168353121,2.8757185009283392,2.9965047205632027,3.0065644724723497,1.094020649564448e-08,0.013503834667028836,0.17882250649411155,0.7410070775709304,0.744252672488016,0.7603578536390638,0.9049237047647676,0.9062396990467922,0.912732368921723,0.9512746539906807,0.9519656987410946,0.9553701741836342,1.0,0.0,0.0,0.0,0.0,0.0011812654819434998,-0.5748242454541218,0.5751437001856678,0.027041500785762163
59.0,0.5747985894559636,0.5751269933523809,0.574803787328285,0.012997670422844809,2.9964394149516766,0.9462041340227637,0.949872939014407,0.968406817600458,0.15489358116217486,0.15791979465468914,0.15852815962902073,2.8756349667619046,2.9964394149516766,3.00650475919285,1.0991179774697596e-08,0.013507231760769397,0.17885173238816435,0.7408166688768005,0.744045727764481,0.7602240605384027,0.904846197051834,0.9061556756593788,0.9126788365676461,0.951233914037413,0.9519215621932254,0.9553421570910642,1.0,0.0,0.0,0.0,0.0,0.0011659509935259965,-0.574803787328285,0.5751269933523809,0.027046423769062064
59.2,0.574778250279426,0.5751102225825045,0.574783483573075,0.012998713585655727,2.9963733737037592,0.9459917895576606,0.9496412651973973,0.9682539546628005,0.15491803496143558,0.15795835533873268,0.1585637440575874,2.8755511129125226,2.9963733737037592,3.006444102312317,1.1007074538933462e-08,0.01351060605654274,0.17888073775275,0.7406287216572939,0.7438414128844798,0.7600920842788053,0.9047696782804577,0.9060727043262271,0.9126260250013958,0.9511936921842294,0.9518779762137753,0.9553145164301554,1.0,0.0,0.0,0.0,0.0,0.0011508171281820884,-0.574783483573075,0.5751102225825045,0.027051217809290828
59.400000000000006,0.5747580690998408,0.575093394813813,0.5747633348082019,0.012999763538567558,2.9963066403715124,0.9457822432165186,0.9494126002421113,0.9681031948321878,0.15494215988616913,0.15799643417512135,0.15859887524411936,2.8754669740690653,2.9963066403715124,3.0063825507950046,1.1045795935755378e-08,0.013513957380222447,0.1789095217025687,0.7404432073196379,0.7436396982577658,0.7599619016528969,0.9046941373098418,0.9059907736207633,0.9125739251853998,0.9511539826403709,0.9518349348772043,0.9552872475032742,1.0,0.0,0.0,0.0,0.0,0.0011358620754955001,-0.5747633348082019,0.575093394813813,0.02705588585669413
59.6,0.5747380456640121,0.5750765167683229,0.5747433415906184,0.013000819740479915,2.9962392572748664,0.9455754610614743,0.9491869085660452,0.9679545104911589,0.15496596004691077,0.1580340363664797,0.15863355826896625,2.8753825838416147,2.9962392572748664,3.0063201523147405,1.1057933373670547e-08,0.013517285536226267,0.1789380834419737,0.740260097539362,0.7434405545531128,0.7598334897220959,0.9046195630945496,0.9059098722057735,0.9125225281821592,0.9511147796634078,0.951792432302873,0.9552603456641932,1.0,0.0,0.0,0.0,0.0,0.0011210840372612302,-0.5747433415906184,0.5750765167683229,0.027060430817779327
59.800000000000004,0.5747181811965827,0.575059594956948,0.5747235044143374,0.013001881697549164,2.9961712654683486,0.9453714095128174,0.948964154945115,0.9678078743631167,0.154989439509066,0.15807116707564886,0.15866779816971638,2.87529797478474,2.9961712654683486,3.006256953094166,1.1097895206444752e-08,0.013520590374339558,0.17896642226523235,0.7400793642593371,0.7432439526975704,0.7597068258141139,0.904545944684434,0.9058299888334527,0.9124718251534454,0.9510760775592442,0.9517504626551099,0.955233806317696,1.0,0.0,0.0,0.0,0.0,0.0011064812274434177,-0.5747235044143374,0.575059594956948,0.027064855517281387
60.0,0.5746984752754657,0.5750426356849798,0.5747038237135608,0.013002948898957553,2.9961027048347053,0.9451700553460867,0.9487443045112232,0.9676632595084464,0.15501260229327812,0.15810783142563226,0.15870159994126717,2.875213178424899,2.9961027048347058,3.0061929981293116,1.111297000773309e-08,0.013523871722071151,0.17899453755205594,0.7399009796884495,0.7430498638757084,0.7595818875203739,0.904473271224413,0.9057511123454361,0.9124218073594592,0.9510378706820392,0.9517090201432726,0.9552076249191623,1.0,0.0,0.0,0.0,0.0,0.0010920518722366407,-0.5747038237135608,0.5750426356849798,0.02706916273891197
60.2,0.5746789289201665,0.57502564505699,0.5746842998637128,0.01300402087955457,2.9960336140510497,0.9449713656896529,0.948527322749804,0.9675206393209661,0.15503545237574914,0.15814403449955464,0.1587349685358222,2.87512822528495,2.9960336140510497,3.0061283310295877,1.115180813593662e-08,0.013527129450750314,0.17902242876612448,0.739724916300666,0.7428582595288069,0.7594586526936946,0.9044015319543987,0.9056732316728096,0.912372466158091,0.9510001534342095,0.9516680990217946,0.9551817969742044,1.0,0.0,0.0,0.0,0.0,0.0010777942100949761,-0.5746842998637128,0.57502564505699,0.02707335518722513
60.400000000000006,0.574659541576953,0.5750086289821462,0.5746649331839994,0.013005097157876394,2.995964030678951,0.9447753080217368,0.9483131754973751,0.9673799875242169,0.15505799368859174,0.15817978134062827,0.15876790886299166,2.875043144910731,2.995964030678951,3.0060629942363906,1.1160375181057423e-08,0.01353036341021588,0.1790500954514295,0.7395511468335783,0.7426691113540304,0.7593370994458201,0.9043307162090067,0.905596335836101,0.9123237930041174,0.9509629202663157,0.9516276935902241,0.9551563180382698,1.0,0.0,0.0,0.0,0.0,0.0010637064918044004,-0.5746649331839994,0.5750086289821462,0.027077435527302938
60.6,0.5746403140278785,0.5749915931789261,0.5746457239385688,0.013006177295153796,2.995893991132915,0.9445818501678799,0.9481018289390594,0.9672412781678743,0.15508023012016864,0.15821507695213194,0.15880042578982498,2.8749579658946307,2.995893991132915,3.005997028873083,1.117853989212351e-08,0.013533573491114375,0.17907753723061587,0.7393796442873285,0.7424823913035438,0.7592172061450304,0.9042608134174175,0.9055204139452478,0.9122757794484214,0.9509261656770263,0.9515877981932453,0.9551311837162578,1.0,0.0,0.0,0.0,0.0,0.0010497869805007193,-0.5746457239385688,0.5749915931789261,0.02708140634888011
60.800000000000004,0.5746212467496725,0.5749745431799613,0.574626672339048,0.013007260861407771,2.995823530741162,0.9443909602981346,0.9478932496061104,0.9671044856240344,0.1551021655154571,0.15824992629739895,0.1588325241408987,2.8748727158998064,2.995823530741162,3.005930474881427,1.122839872211036e-08,0.013536759589196083,0.17910475380135996,0.7392103819232495,0.7422980715836058,0.7590989514136322,0.9041918131031133,0.9054454551995458,0.9122284171371655,0.9508898842130173,0.9515484072206956,0.9551063896621068,1.0,0.0,0.0,0.0,0.0,0.00103603395169935,-0.574626672339048,0.5749745431799613,0.02708527018953489
61.0,0.5746023389177329,0.5749574843365691,0.5746077785456091,0.013008347414739616,2.995752683792642,0.9442026069242417,0.9476874043734463,0.9669695845835174,0.15512380367641693,0.15828433429981115,0.15886420869841475,2.8747874216828455,2.995752683792642,3.0058633711045926,1.1248178892839647e-08,0.013539921583487314,0.17913174493484418,0.7390433332624757,0.7421161246536434,0.7589823141254418,0.9041237048835987,0.9053714488875861,0.9121816978109532,0.9508540704688623,0.9515095151075693,0.9550819315783792,1.0,0.0,0.0,0.0,0.0,0.0010224456932956955,-0.5746077785456091,0.5749574843365691,0.02708902954716106
61.2,0.5745835913433379,0.5749404218231752,0.5745890426678627,0.013009436560964222,2.9956814835030836,0.9440167588971817,0.9474842604571619,0.9668365500524829,0.1551451483623137,0.1583183058428052,0.15889548420224323,2.8747021091158755,2.9956814835030836,3.005795755135503,1.1289935290644299e-08,0.013543059399299558,0.17915851047448178,0.7388784720848588,0.7419365232252789,0.7588672734035221,0.9040564784702402,0.9052983843871673,0.91213561330409,0.9508187190869828,0.9514711163340113,0.9550578052158951,1.0,0.0,0.0,0.0,0.0,0.0010090205055858226,-0.5745890426678627,0.5749404218231752,0.027092686844056347
61.400000000000006,0.5745650035546908,0.5749233606423663,0.5745704647684726,0.013010527893563351,2.9956099621001364,0.9438333854041914,0.9472837854120477,0.9667053573488691,0.1551662032900758,0.1583518457698858,0.15892635535006355,2.8746168032118313,2.9956099621001364,3.0057276635293446,1.132148147718352e-08,0.01354617294488253,0.17918505033075324,0.7387157724273845,0.7417592402613408,0.7587538086177495,0.9039901236678959,0.9052262511651955,0.912090155543773,0.9507838247574896,0.9514332054253032,0.9550340063733298,1.0,0.0,0.0,0.0,0.0,0.0009957567013584578,-0.5745704647684726,0.5749233606423663,0.027096244465619417
61.6,0.5745465751982494,0.5749063056290694,0.5745520448640556,0.013011621021970045,2.995538150819661,0.9436524559660809,0.9470859471290962,0.9665759820987881,0.15518697213466387,0.15838495888464868,0.15895682679746204,2.874531528145347,2.995538150819661,3.0056591317383843,1.1322663595515412e-08,0.013549262141334142,0.17921136447992048,0.738555208582835,0.7415842489748319,0.7586418993823283,0.9039246303746399,0.9051550387775611,0.912045316549254,0.9507493822180723,0.9513957769518366,0.9550105308967951,1.0,0.0,0.0,0.0,0.0,0.0009826526058795693,-0.5745520448640556,0.5749063056290694,0.027099704742561005
61.800000000000004,0.5745283068503327,0.5748892614542723,0.5745337829250977,0.01301271558787108,2.9954660799134385,0.9434739404346226,0.9468907138329985,0.9664484002330266,0.1552074585294285,0.15841764995081295,0.1589869031580254,2.8744463072713615,2.9954660799134385,3.005590194093683,1.1338940436370146e-08,0.013552326939883895,0.179237452964146,0.7383967550984877,0.741411522827873,0.7585315255533797,0.9038599885814972,0.9050847368689999,0.9120010884310293,0.9507153862538935,0.9513588255290756,0.9549873746794363,1.0,0.0,0.0,0.0,0.0,0.000969706556836758,-0.5745337829250977,0.5748892614542723,0.0271030699432798
62.0,0.5745101986722085,0.5748722326293957,0.5745156788786946,0.013013811237363027,2.9953937787004525,0.9432957178816762,0.9466980540796529,0.9663225879836371,0.15522766606645852,0.15844992369225988,0.15901694151315493,2.874361163146978,2.9953937787004525,3.0055208839185505,1.1388628034472349e-08,0.013555367292527298,0.17926331588757907,0.7382385301178472,0.7412410355306228,0.7584226672265875,0.9037954307790573,0.9050153351729403,0.9119574633900487,0.9506814332480829,0.9513223458175151,0.954964533661037,1.0,0.0,0.0,0.0,0.0,0.0009569169043820158,-0.5745156788786946,0.5748722326293957,0.027106342292791644
62.2,0.5744922494703886,0.5748552235107754,0.574497732611218,0.013014907601358833,2.9953212756094425,0.9431175053783375,0.9465079367536836,0.9661985218804459,0.1552475982969476,0.1584817847930769,0.15904698952632265,2.8742761175538774,2.9953212756094425,3.005451233600415,1.1402835717403147e-08,0.01355838313134428,0.17928895341254567,0.7380802825327704,0.7410727610401893,0.7583153047347672,0.9037308545267203,0.9049468235113404,0.9119144337168895,0.9506474693255816,0.9512863325226288,0.954942003827606,1.0,0.0,0.0,0.0,0.0,0.0009442820111814354,-0.574497732611218,0.5748552235107754,0.027109523982951092
62.400000000000006,0.5744744598764326,0.5748382383030294,0.574479943967066,0.01301600436033289,2.9952485981366137,0.9429416700398331,0.9463203310659349,0.9660761787477721,0.1552672587315319,0.15851323789761332,0.15907664786270764,2.874191191515147,2.9952485981366137,3.0053812744217385,1.1439774937681168e-08,0.013561374436995902,0.17931436576133417,0.7379241148984935,0.7409066735594926,0.7582094186455912,0.9036671179922662,0.9048791917945012,0.9118719917909903,0.9506139458632193,0.9512507803948084,0.9549197812109944,1.0,0.0,0.0,0.0,0.0,0.0009318002523523577,-0.574479943967066,0.5748382383030294,0.02711261713402891
62.6,0.5744568288342022,0.5748212810636841,0.5744623127525644,0.013017101172124108,2.995175772939722,0.9427681825440117,0.9461352065509797,0.9659555357010542,0.15528665084064727,0.15854428761054137,0.15910592102846816,2.8741064053184204,2.995175772939722,3.0053110368074014,1.1443978567966064e-08,0.013564341162432806,0.17933955321062212,0.7377700024044392,0.7407427475361196,0.7581049897592311,0.9036042114037484,0.9048124300208711,0.9118301300798474,0.9505808577675869,0.9512156842292919,0.9548978618884938,1.0,0.0,0.0,0.0,0.0,0.0009194700155594621,-0.5744623127525644,0.5748212810636841,0.027115623841056074
62.800000000000004,0.5744393567504984,0.5748043557064103,0.5744448387356103,0.013018197736093397,2.9951028257953447,0.9425970138875608,0.9459525330646071,0.9658365701434716,0.15530577805489187,0.15857493849692766,0.1591348134886973,2.8740217785320517,2.9951028257953447,3.005240550150122,1.1462769147173712e-08,0.01356728330079523,0.1793645160919853,0.7376179204870288,0.7405809576611343,0.758001999105968,0.9035421250799575,0.9047465282768258,0.9117888411381944,0.9505481999916932,0.9511810388660857,0.9548762419824242,1.0,0.0,0.0,0.0,0.0,0.0009072897009382574,-0.5744448387356103,0.5748043557064103,0.02711854613440122
63.0,0.5744220435717065,0.5747874660048129,0.5744275216480181,0.01301929375348857,2.995029781659447,0.9424281353832892,0.9457722807813237,0.9657192597625455,0.15532464376539673,0.15860519508230939,0.15916332966756602,2.8739373300240643,2.9950297816594476,3.005169842957718,1.1513852244244502e-08,0.013570200843541944,0.17938925478854542,0.7374678448281863,0.7404212788678807,0.7579004279437828,0.9034808494300545,0.9046814767364433,0.9117481176071724,0.9505159675348007,0.9511468391898772,0.9548549176597163,1.0,0.0,0.0,0.0,0.0,0.0008952577210937646,-0.5744275216480181,0.5747874660048129,0.027121386006288405
63.2,0.5744048879383189,0.5747706155960612,0.5744103611864402,0.013020388909856568,2.9949566647054766,0.9422615186574314,0.9455944201918771,0.9656035825268219,0.15534325132418758,0.15863506185277415,0.15919147394846972,2.873853077980306,2.994956664705477,3.005098942919561,1.152894352191198e-08,0.01357309376186171,0.17941376973365689,0.7373197513538489,0.7402636863307814,0.7578002577559976,0.9034203749531994,0.9046172656612679,0.9117079522135152,0.9504841554422633,0.9511130801299429,0.9548338851315029,1.0,0.0,0.0,0.0,0.0,0.0008833725010910232,-0.5744103611864402,0.5747706155960612,0.027124145420779313
63.400000000000006,0.5743878902883912,0.5747538079843232,0.5743933570127604,0.013021482938238866,2.994883498281175,0.9420971356472807,0.945418922100752,0.9654895166828412,0.15536160404450491,0.1586645432550511,0.15921925067412548,2.873769039921616,2.994883498281175,3.0050278767383767,1.1564631204528258e-08,0.01357596207360582,0.17943806141034224,0.7371736162327399,0.7401081554640914,0.7577014702491518,0.9033606922382829,0.9045538854000559,0.9116683377688259,0.9504527588054127,0.9510797566600495,0.954813140652756,1.0,0.0,0.0,0.0,0.0,0.0008716324784498325,-0.5743933570127604,0.5747538079843232,0.02712682627546387
63.6,0.5743710494472098,0.574737046544801,0.5743765087571979,0.013022575549082836,2.994810304998194,0.9419349585981661,0.9452457576236868,0.9653770407518605,0.15537970520116798,0.15869364369660577,0.15924666414678712,2.8736852327240046,2.994810304998194,3.004956670367837,1.156914236519344e-08,0.013578805769139874,0.17946213034685998,0.7370294158745463,0.7399546619206469,0.7576040473506547,0.9033017919634108,0.904491326388509,0.9116292671687624,0.9504217727613181,0.9510468637983416,0.9547926805218764,1.0,0.0,0.0,0.0,0.0,0.0008600361032025383,-0.5743765087571979,0.574737046544801,0.027129430446392083
63.800000000000004,0.5743543656307512,0.5747203345265273,0.5743598160178184,0.013023666491462044,2.994737106689988,0.9417749600610973,0.9450748981851659,0.9652661335265893,0.15539755803094077,0.15872236754574526,0.15927371862835343,2.873601672632636,2.994737106689988,3.004885348845391,1.1587946099266081e-08,0.013581624876205385,0.17948597711740225,0.736887126928669,0.7398031815905756,0.757507971206434,0.9032436648956167,0.904429579148993,0.9115907333922149,0.9503911924926628,0.9510143966072279,0.9547725010802792,1.0,0.0,0.0,0.0,0.0,0.0008485818377987203,-0.5743598160178184,0.5747203345265273,0.027131959750636023
64.0,0.5743378386956847,0.574703675055697,0.574343278362534,0.013024755517004119,2.9946639244665763,0.9416171128900989,0.944906315515936,0.9651567740679675,0.15541516573289554,0.15875071913172611,0.15930041834053552,2.8735183752784845,2.9946639244665763,3.004813936426059,1.1643212849750891e-08,0.013584419421772536,0.1795096023392372,0.7367467262826729,0.7396536906000027,0.7574132241786083,0.9031863018904482,0.9043686342902444,0.9115527295004936,0.9503610132275548,0.950982350193255,0.9547525987119836,1.0,0.0,0.0,0.0,0.0,0.0008372681570894547,-0.574343278362534,0.574703675055697,0.027134415970498697
64.2,0.5743214672486692,0.5746870711389451,0.5743268953300206,0.013025842361395909,2.9945907787513066,0.941461390239524,0.9447399816505382,0.9650489417020167,0.15543253146876804,0.15877870274486575,0.15932676746503371,2.8734353556947254,2.9945907787513066,3.004742456649798,1.1674354239968028e-08,0.01358718941247088,0.17953300667139915,0.7366081910607049,0.7395061653097551,0.7573197888432133,0.903129693891535,0.9043084825070781,0.9115152486365325,0.9503312302393275,0.950950719706984,0.954732969843211,1.0,0.0,0.0,0.0,0.0,0.0008260935483114656,-0.5743268953300206,0.5746870711389451,0.027136800864048384
64.4,0.5743052505120465,0.5746705256666993,0.5743106664306801,0.013026926782282528,2.9945176892608085,0.9413077655615663,0.9445758689248359,0.9649426160168939,0.1554496583632843,0.15880632263666192,0.15935277014368712,2.8733526283334965,2.9945176892608085,3.004670932241881,1.1666439825328095e-08,0.013589934874776286,0.17955619081331403,0.7364714986220672,0.7393605823140417,0.7572276479880896,0.9030738319302161,0.9042491145800725,0.911478284024156,0.9503018388463701,0.9509195003428542,0.9547136109420155,1.0,0.0,0.0,0.0,0.0,0.0008150565111054303,-0.5743106664306801,0.5746705256666993,0.027139116141066132
64.60000000000001,0.5742891892431243,0.5746540414162298,0.5742945911478032,0.013028008577846644,2.9944446750038227,0.9411562126037007,0.9444139499735172,0.964837776859932,0.15546654950449343,0.15883358301992168,0.159378430478641,2.873270207081149,2.9944446750038227,3.0045993850904344,1.1708428570777845e-08,0.013592655874764017,0.17957915550313822,0.7363366265597093,0.7392169184390864,0.7571367846107475,0.9030187071251292,0.9041905213752389,0.9114418289673331,0.9502728344119382,0.9508886873390386,0.9546945185179079,1.0,0.0,0.0,0.0,0.0,0.0008041555574999221,-0.5742945911478032,0.5746540414162298,0.027141363455252355
64.8,0.574273281655987,0.5746376210545149,0.5742786689386885,0.013029087503109509,2.994371754381915,0.941006705405686,0.9442541977276362,0.964734404334249,0.15548320794417309,0.15886048806889058,0.15940375253259448,2.873188105272574,2.994371754381915,3.004527836513152,1.1717132537890334e-08,0.013595352429423746,0.17960190151615926,0.7362035526983158,0.7390751507417853,0.7570471819158513,0.9029643106816312,0.9041326938436908,0.911405876849277,0.9502442123438752,0.9508582759772968,0.9546756891213981,1.0,0.0,0.0,0.0,0.0,0.0007933892118384828,-0.5742786689386885,0.5746376210545149,0.027143544456386115
65.0,0.5742575281203222,0.5746212671410015,0.5742628992355615,0.013030163365872358,2.994298945110211,0.9408592182975625,0.9440965854121404,0.9646324787958519,0.15549963669815947,0.15888704191938946,0.15942874032888518,2.8731063357050073,2.9942989451102116,3.0044563069769605,1.1760208404296212e-08,0.013598024608407281,0.17962442966348344,0.7360722550932566,0.7389352565083263,0.7569588233131104,0.9029106338915663,0.9040756230212961,0.9113704211317041,0.9502159680945148,0.9508282615828202,0.9546571193436205,1.0,0.0,0.0,0.0,0.0,0.000782756010742236,-0.5742628992355615,0.5746212671410015,0.027145660729537006
65.2,0.5742419269595634,0.5746049821307243,0.5742472814467174,0.01303123594045646,2.9942262643199444,0.9407137258967032,0.943941086543433,0.9645319808506367,0.15551583874669714,0.15891324866895237,0.15945339785174031,2.8730249106536214,2.9942262643199444,3.0043848163813878,1.176608792941653e-08,0.013600672442600836,0.17964674079040355,0.7359427120286812,0.7387972132528245,0.7568716924150822,0.9028576681326802,0.9040193000283319,0.9113354553540559,0.9501880971603985,0.9507986395240774,0.9546388058159399,1.0,0.0,0.0,0.0,0.0,0.0007722545031088046,-0.5742472814467174,0.5746049821307243,0.02714771385040505
65.4,0.5742264785382422,0.574588768377107,0.5742318149571252,0.01303230505115677,2.994153728490889,0.9405702031055131,0.9437876749269075,0.9644328913516849,0.15553181703474464,0.1589391123769748,0.15947772904642293,2.872943841885535,2.994153728490889,3.0043133838223928,1.1804633863147295e-08,0.013603296012668405,0.17966883577553536,0.7358149020161734,0.7386609987159126,0.7567857730352165,0.9028054048682597,0.9039637160691132,0.9113009731328142,0.9501605950821099,0.9507694052126452,0.9546207452096057,1.0,0.0,0.0,0.0,0.0,0.0007618832501049139,-0.5742318149571252,0.574588768377107,0.027149705333617304
65.60000000000001,0.5742111812616109,0.5745726281348088,0.574216499129937,0.013033370490103181,2.9940813535490243,0.9404286251084716,0.9436363246545056,0.9643351913960997,0.15554757447235756,0.1589646370648627,0.15950173781949542,2.872863140674044,2.9940813535490243,3.0042420278601587,1.181246413307504e-08,0.01360589536196365,0.17969071552866128,0.7356888037928017,0.7385265908633378,0.7567010491854862,0.9027538356465199,0.9039088624316248,0.9112669681606493,0.9501334574439761,0.9507405541030409,0.9546029342353187,1.0,0.0,0.0,0.0,0.0,0.0007516408251258405,-0.574216499129937,0.5745726281348088,0.02715163668513035
65.8,0.5741960353178247,0.574556563562071,0.5742013333067424,0.013034432093700336,2.994009154805265,0.9402889673700054,0.9434870101022673,0.9642388623221348,0.15556311393502795,0.15898982671618986,0.15952542803894743,2.8727828178103545,2.994009154805265,3.0041707663004504,1.1850229337021645e-08,0.013608470577664362,0.17971238099036788,0.7355643963198988,0.7383939678845316,0.7566175050742691,0.9027029521002877,0.9038547304871343,0.9112334342056648,0.9501066798739247,0.9507120816925447,0.954585369642848,1.0,0.0,0.0,0.0,0.0,0.0007415258137247333,-0.5742013333067424,0.574556563562071,0.02715350935461983
66.0,0.5741810391401593,0.5745405767235163,0.5741863168090259,0.013035489669945943,2.9939371470429745,0.9401512056316522,0.9433397059279122,0.9641438857062442,0.15557843826403941,0.15901468527685456,0.15954880353444917,2.8727028836175816,2.9939371470429745,3.0040996164324887,1.1859350199514959e-08,0.013611021713683901,0.179733833129963,0.7354416587811875,0.7382631081911913,0.756535125104147,0.9026527459464121,0.9038013116898078,0.9112003651106078,0.9500802580431961,0.9506839835210218,0.9545680482206289,1.0,0.0,0.0,0.0,0.0,0.0007315368135912964,-0.5741863168090259,0.5745405767235163,0.027155324781747456
66.2,0.574166192798696,0.5745246695926133,0.5741714489385101,0.013036543067702779,2.993865344463196,0.940015315909815,0.9431943870684049,0.9640502433604433,0.15559355026677518,0.1590392166552446,0.15957186809750978,2.8726233479630663,2.9938653444631966,3.0040285948330023,1.1895017072209427e-08,0.013613548864225344,0.17975507294498555,0.7353205705814218,0.7381339904158337,0.7564538938699661,0.9026032089853823,0.9037485975763088,0.9111677547921814,0.9500541876661652,0.9506562551707368,0.9545509667954148,1.0,0.0,0.0,0.0,0.0,0.0007216724345226189,-0.5741714489385101,0.5745246695926133,0.02715708435312012
66.4,0.5741514947847475,0.57450884405435,0.5741567289785492,0.013037592110611456,2.993793760764885,0.939881274492917,0.9430510287375486,0.9639579173293822,0.15560845271707577,0.15906342472240362,0.15959462548174258,2.8725442202717497,2.993793760764885,3.003957717583578,1.1905044057618722e-08,0.013616052093665338,0.1797761014592154,0.7352011113444751,0.7380065934103512,0.7563737961566389,0.9025543331007159,0.903696579765396,0.9111355972402512,0.9500284645000411,0.9506288922661644,0.9545341222318737,1.0,0.0,0.0,0.0,0.0,0.0007119312983959597,-0.5741567289785492,0.57450884405435,0.027158789444444536
66.60000000000001,0.5741369451469359,0.5744931019074352,0.5741421561943642,0.01303863666116292,2.9937224090946635,0.9397490579392136,0.9429096064235628,0.9638668898876241,0.1556231483555663,0.15908731331220421,0.1596170794030235,2.8724655095371756,2.9937224090946635,3.0038870000899167,1.1945443817373362e-08,0.01361853150461563,0.17979691972233675,0.7350832609120042,0.7378808962445439,0.7562948169371182,0.9025061102585785,0.9036452499575056,0.9111038865171186,0.9500030843446886,0.9506018904737958,0.9545175114322174,1.0,0.0,0.0,0.0,0.0,0.0007023120391060345,-0.5741421561943642,0.5744931019074352,0.027160441380899833
66.8,0.574122542521786,0.5744774448667792,0.5741277298343058,0.013039676559655999,2.993651302121369,0.9396186430740401,0.9427700958866911,0.9637771435367802,0.15563763989001012,0.15911088622152195,0.15963923353975032,2.872387224333896,2.993651302121369,3.003816457283175,1.1976011133792928e-08,0.013620987173139002,0.1798175288081345,0.7349669993415907,0.7377568782046602,0.7562169413702302,0.9024585325071861,0.9035945999343358,0.911072616756735,0.9499780430423347,0.9505752455019393,0.9545011313358023,1.0,0.0,0.0,0.0,0.0,0.0006928133025256578,-0.5741277298343058,0.5744774448667792,0.027162041476184284
67.0,0.5741082856786662,0.5744618745659351,0.574113449130697,0.01304071165564744,2.9935804520178135,0.9394900069874188,0.942632473156813,0.9636886610028544,0.15565192999563132,0.15913414721041327,0.15966109153304567,2.8723093728296756,2.9935804520178135,3.003746103531527,1.1968130961154236e-08,0.013623419182174657,0.17983792981329005,0.7348523069051921,0.7376345187919261,0.7561401547986865,0.9024115919763309,0.9035446215584181,0.9110417821639861,0.9499533364773391,0.950548953100522,0.954484978918764,1.0,0.0,0.0,0.0,0.0,0.0006834337464846074,-0.574113449130697,0.5744618745659351,0.02716359101171595
67.2,0.5740941746203716,0.5744463925592086,0.5740993132999748,0.013041741830351864,2.9935098704512644,0.9393631270317071,0.9424967145310491,0.9636014252336194,0.15566602131543486,0.15915710000230007,0.15968265698695763,2.8722319627960426,2.9935098704512644,3.0036759525941457,1.197815953199143e-08,0.013625827645377588,0.17985812385717892,0.7347391640876142,0.7375137977210532,0.7560644427471178,0.9023652808769118,0.9034953067726821,0.9110113770139829,0.9499289605759682,0.9505230090608785,0.9544690511936572,1.0,0.0,0.0,0.0,0.0,0.0006741720407107132,-0.5740993132999748,0.5744463925592086,0.027165091224941294
67.4,0.5740802089013218,0.5744310003237453,0.5740853215436756,0.01304276696200756,2.993439568630664,0.9392379808189868,0.9423627965713798,0.9635154193958912,0.1556799164605457,0.15917974828415624,0.15970393346870895,2.8721550016187263,2.993439568630664,3.0036060177456814,1.2030114516655465e-08,0.013628212670363024,0.17987811208046336,0.73462755158474,0.7373946949187445,0.7559897909200012,0.9023195915003623,0.9034466476000125,0.9109813956513075,0.9499049113061125,0.9504974092155426,0.95445334520907,1.0,0.0,0.0,0.0,0.0,0.0006650268667656861,-0.5740853215436756,0.5744310003237453,0.027166543332904056
67.60000000000001,0.5740663864154789,0.5744156992618462,0.5740714730497309,0.013043786900821436,2.9933695573439936,0.9391145462185189,0.9422306961023007,0.9634306268727357,0.155693618010562,0.15920209570669322,0.1597249245089396,2.8720784963092307,2.9933695573439936,3.0035363118499956,1.203776624828224e-08,0.01363057433209888,0.17989789564324146,0.7345174503018014,0.7372771905222186,0.755916185199533,0.9022745162180917,0.9033986361428096,0.910951832489235,0.9498811846770129,0.9504721494380355,0.9544378580492268,1.0,0.0,0.0,0.0,0.0,0.0006559969180042619,-0.5740714730497309,0.5744156992618462,0.027167948545091407
67.8,0.5740527073365529,0.5744004907029322,0.574057766992102,0.013044801549598427,2.993299846889682,0.9389928013547462,0.9421003902084578,0.9633470312610704,0.15570712851384652,0.15922414588455344,0.15974563360186064,2.872002453514661,2.993299846889682,3.003466847131684,1.2073073264132364e-08,0.013632912758633119,0.17991747572556863,0.7344088413521298,0.7371612648777023,0.7558436116438277,0.9022300474811206,0.9033512645825348,0.9109226820090851,0.9498577767390864,0.9504472256426484,0.9544225868336577,1.0,0.0,0.0,0.0,0.0,0.0006470808995236027,-0.574057766992102,0.5744004907029322,0.027169308014184712
68.0,0.5740391699493822,0.5743853759060423,0.5740442025326328,0.01304581077806939,2.9932304471739934,0.938872724604349,0.9419718562323106,0.9632646163690848,0.1557204504878501,0.1592459023965039,0.15976606420557332,2.8719268795302115,2.993230447173994,3.0033976354565293,1.2076706552576273e-08,0.01363522804006435,0.17993685352481023,0.734301706055047,0.7370468985389301,0.7557720564849543,0.9021861778193588,0.9033045251792557,0.9108939387595055,0.9498346835835664,0.9504226337842231,0.9544075287168333,1.0,0.0,0.0,0.0,0.0,0.0006382775281721792,-0.5740442025326328,0.5743853759060423,0.027170622891439004
68.2,0.5740257743055756,0.5743703560614374,0.5740307788207107,0.013046814497725708,2.99316136764765,0.9387542945941394,0.9418450717717757,0.9631833662136814,0.1557335864194343,0.15926736878563746,0.15978621974224994,2.871851780307187,2.99316136764765,3.00332868811264,1.2112743995081793e-08,0.01363752030813111,0.17995603025612733,0.7341960259344946,0.7369340722656207,0.7557015061269854,0.9021428998411851,0.903258410271177,0.9108655973557601,0.9498119013422971,0.9503983698579248,0.9543926808878,1.0,0.0,0.0,0.0,0.0,0.0006295855324478516,-0.5740307788207107,0.5743703560614374,0.02717189427979366
68.4,0.5740125186438192,0.5743554322926191,0.5740174949945737,0.01304781258824027,2.9930926173905914,0.9386374901984101,0.9417200146779144,0.9631032650177086,0.15574653876522984,0.1592885485595708,0.1598061035984114,2.8717771614630956,2.9930926173905914,3.0032600160464074,1.2120539454628273e-08,0.013639789658009292,0.17997500715060902,0.7340917827171577,0.7368227670219717,0.755631947143856,0.9021002062328144,0.9032129122741769,0.9108376524789362,0.94978942618742,0.9503744298990181,0.9543780405697746,1.0,0.0,0.0,0.0,0.0,0.000621003652432367,-0.5740174949945737,0.5743554322926191,0.027173123280551104
68.60000000000001,0.573999402847982,0.5743406056580974,0.5740043501813286,0.013048804968249818,2.993024205052151,0.9385222905369361,0.9415966630526115,0.9630242972076513,0.15575930995192366,0.1593094451906486,0.15982571912509802,2.871703028290487,2.993024205052151,3.00319162965628,1.2154441161192255e-08,0.013642036223614299,0.17999378545524486,0.7339889583311684,0.7367129639751389,0.7555633662776139,0.9020580897579009,0.9031680236813324,0.9108100988753107,0.9497672543311816,0.9503508099826363,0.9543636050198201,1.0,0.0,0.0,0.0,0.0,0.0006125306397381097,-0.5740043501813286,0.5743406056580974,0.027174310948930597
68.8,0.5739864251662722,0.5743258771535714,0.573991343498167,0.013049791527881811,2.992956138929198,0.938407309702047,0.9414749952462851,0.9629464474111374,0.15577190237657768,0.15933006211614703,0.15984530219359266,2.8716293857678568,2.992956138929198,3.0031235390120927,1.2155922820347531e-08,0.013644260105865556,0.18001236643118984,0.7338863160633996,0.7366046444937251,0.7554957504365034,0.9020160439547762,0.9031237370624472,0.9107829313556445,0.9497451191631433,0.9503275062235513,0.9543493715284852,1.0,0.0,0.0,0.0,0.0,0.0006041652574903383,-0.573991343498167,0.5743258771535714,0.0271754583371421
69.0,0.5739735852944597,0.5743112477136197,0.5739784740524269,0.013050772191868551,2.9928884269134506,0.9382925436173594,0.9413549898555795,0.9628697004545818,0.15578431840692805,0.15935040273848358,0.1598648534727894,2.8715562385680986,2.9928884269134506,3.0030557536722697,1.2167583134316778e-08,0.013646461439854863,0.18003075135367588,0.7337838523479396,0.736497790146248,0.7554290866931609,0.9019740673824685,0.9030800450635658,0.9107561447945225,0.9497230199272395,0.9503045147759368,0.9543353374194665,1.0,0.0,0.0,0.0,0.0,0.0005959062802651377,-0.5739784740524269,0.5743112477136197,0.027176566454862033
69.2,0.5739608826519361,0.5742967182134352,0.5739657409426002,0.013051746884041716,2.9928210765371532,0.9381793551931441,0.9412366257210795,0.9627940413606838,0.1557965603817096,0.1593704704254279,0.1598841406706496,2.871483591067176,2.9928210765371532,3.0029882828093255,1.2212456334514563e-08,0.013648640357111396,0.180048941510571,0.7336827843027801,0.7363923826996079,0.7553633622826769,0.9019326587496119,0.9030369404064873,0.9107297341296368,0.9497012191882112,0.9502818318331296,0.954321500049241,1.0,0.0,0.0,0.0,0.0,0.0005877524940218343,-0.5739657409426002,0.5742967182134352,0.027177636293377546
69.4,0.5739483153676248,0.5742822894705204,0.5739531432586773,0.013052715506380683,2.9927540950039844,0.9380677241419364,0.9411198819250511,0.9627194553458885,0.15580863061098893,0.15939026851031185,0.1599031670524717,2.871411447352602,2.9927540950039844,3.0029211352757845,1.222565491876425e-08,0.013650796963324597,0.18006693820188946,0.7335830943425429,0.7362884041175739,0.7552985646006217,0.9018918110069676,0.9029944158882802,0.9107036943610535,0.9496797132552205,0.9502594536273922,0.9543078568066904,1.0,0.0,0.0,0.0,0.0,0.0005797026960275009,-0.5739531432586773,0.5742822894705204,0.027178668837457773
69.60000000000001,0.5739358832662884,0.5742679622463318,0.5739406800821767,0.013053678000164763,2.992687489137612,0.9379576304125451,0.9410047377891759,0.962645927818205,0.15582053137644122,0.1594098002922448,0.15992193584909054,2.871339811231659,2.992687489137612,3.0028543194288186,1.2260876860058468e-08,0.013652931403456265,0.18008474273974753,0.7334847650766457,0.7361858365592473,0.7552346812013719,0.9018515171804449,0.902952464380787,0.9106780205506009,0.949658498476385,0.9502373764296694,0.9542944051127872,1.0,0.0,0.0,0.0,0.0,0.0005717556948089814,-0.5739406800821767,0.5742679622463318,0.027179665027412984
69.8,0.5739235849478777,0.5742537372482858,0.5739283504877318,0.013054634285868276,2.9926212654512647,0.9378490541873646,0.9408911728723088,0.9625734443748857,0.15583226493165203,0.1594290690363291,0.15994045025718265,2.8712686862414287,2.9926212654512647,3.0027878433297692,1.2286064198994417e-08,0.013655043797798604,0.18010235644609726,0.7333877793073352,0.736084662377536,0.7551716997963165,0.9018117703704162,0.9029110788301303,0.9106527078212056,0.9496375712384314,0.9502155965493453,0.9542811424202552,1.0,0.0,0.0,0.0,0.0,0.0005639103101428705,-0.5739283504877318,0.5742537372482858,0.02718062579825704
70.0,0.5739114191703674,0.5742396151312497,0.5739161535431985,0.013055584291418341,2.9925554301287343,0.9377419758802045,0.9407791669682366,0.9625019908000447,0.15584383350243042,0.15944807797387864,0.15995871343948703,2.871198075656248,2.9925554301287343,3.002721714661311,1.2281337044966707e-08,0.01365713427207738,0.18011978065257356,0.7332921200281711,0.7359848641176202,0.7551096082519948,0.9017725637512138,0.9028702522562122,0.9106277513561997,0.9496169279664469,0.9501941103339953,0.9542680662132139,1.0,0.0,0.0,0.0,0.0,0.0005561653729747457,-0.5739161535431985,0.5742396151312497,0.027181552061046384
70.2,0.5738993856103433,0.5742255964988198,0.573904088309395,0.013056527967716728,2.992489989017875,0.9376363761342024,0.940668700103445,0.9624315530623132,0.15585523928711859,0.15946683030263986,0.15997672852501485,2.8711279824940985,2.992489989017875,3.002655940694121,1.2291469456827659e-08,0.013659202974013311,0.18013701670086418,0.7331977704225798,0.7358864245154126,0.7550483945882668,0.9017338905706527,0.9028299777522092,0.9106031463986416,0.9495965651236425,0.950172914169137,0.9542551740068288,1.0,0.0,0.0,0.0,0.0,0.000548519725315999,-0.573904088309395,0.5742255964988198,0.02718244469467134
70.4,0.5738874836671194,0.5742116819048743,0.573892153841109,0.01305746526396374,2.992424947664105,0.9375322358194984,0.9405597525349049,0.9623621173126138,0.15586648445688348,0.15948532918701344,0.15999449860930356,2.871058409524371,2.992424947664105,3.002590528377178,1.2340324750003939e-08,0.013661250047079226,0.18015406594127267,0.7331047138621737,0.7357893264960257,0.7549880469765865,0.9016957441494545,0.902790248484065,0.9105788882506747,0.9495764792110648,0.95015200447798,0.9542424633469835,1.0,0.0,0.0,0.0,0.0,0.0005409722201929201,-0.573892153841109,0.5742116819048743,0.027183304562913475
70.60000000000001,0.573875711475163,0.5741978718552857,0.5738803491881368,0.01305839610722777,2.9923603113394557,0.9374295360308749,0.9404523047478887,0.962293669881879,0.15587757115601977,0.15950357775827437,0.1600120267546804,2.8709893592764284,2.9923603113394557,3.00252548439869,1.2365030686824869e-08,0.013663275608759533,0.18017092973123305,0.7330129339050417,0.7356935531722552,0.7549285537382057,0.9016581178806575,0.9027510576899893,0.9105549722728575,0.9495566667672988,0.9501313777211756,0.9542299318099345,1.0,0.0,0.0,0.0,0.0,0.0005335217216057841,-0.5738803491881368,0.5741978718552857,0.02718413252526738
70.8,0.5738640678133283,0.5741841668094426,0.5738686733950988,0.013059320441526271,2.99229608501192,0.9373282580856801,0.9403463374537847,0.9622261972789288,0.1558885015022286,0.15952157911479534,0.16002931599048054,2.870920834047213,2.99229608501192,3.002460815070617,1.2351066599790911e-08,0.013665279792197567,0.1801876094355731,0.732922414294276,0.7355990878430522,0.7548699033425268,0.9016210052291197,0.9027123986799507,0.9105313938835525,0.949537124368221,0.9501110303965661,0.9542175770019983,1.0,0.0,0.0,0.0,0.0,0.0005261671044823335,-0.5738686733950988,0.5741841668094426,0.027184929411503477
71.0,0.5738525530145464,0.5741705671815469,0.573857125501484,0.013060238246421859,2.9922322733350395,0.9372283835216593,0.9402418315879015,0.9621596861884237,0.1558992775868858,0.15953933632227646,0.16004636931328436,2.8708528359077343,2.9922322733350395,3.0023965262986563,1.2388825941569254e-08,0.013667262766046715,0.18020410642645138,0.7328331389564084,0.7355059139919738,0.7548120844055095,0.9015843997309843,0.9026742648351533,0.9105081485583351,0.9495178486267314,0.9500909590389239,0.9542053965592476,1.0,0.0,0.0,0.0,0.0,0.000518907254613149,-0.573857125501484,0.5741705671815469,0.027185696014123868
71.2,0.573841164891374,0.5741570733421146,0.5738457045430614,0.01306114945320961,2.992168880739699,0.9371298940943134,0.9401387683073128,0.9620941234683882,0.15590990147538158,0.1595568524139702,0.1600631896872387,2.870785366710573,2.992168880739699,3.002332623841613,1.239249945802095e-08,0.013669224645199445,0.18022042208134084,0.7327450919994185,0.7354140152856635,0.7547550856876947,0.901548294992965,0.9026366496075282,0.9104852318292469,0.9494988361923906,0.9500711602196978,0.9541933881471268,1.0,0.0,0.0,0.0,0.0,0.000511741068574767,-0.5738457045430614,0.5741570733421146,0.027186433140414912
71.4,0.573829903414563,0.5741436856189763,0.5738344095515023,0.013062054040927529,2.992105911345954,0.9370327717753962,0.9400371289886968,0.9620294961481687,0.15592037520739122,0.1595741303909106,0.16007978004418666,2.8707184280948814,2.9921059113459543,3.002269113016978,1.2429934330992732e-08,0.013671165593114607,0.18023655778356804,0.7326582577117449,0.7353233755723159,0.7546988960926092,0.9015126846920419,0.9025995465192126,0.9104626392842023,0.9494800837512722,0.9500516305467541,0.9541815494601464,1.0,0.0,0.0,0.0,0.0,0.0005046674536317297,-0.5738344095515023,0.5741436856189763,0.027187141550566642
71.60000000000001,0.5738187665967203,0.5741304042989077,0.5738232395552646,0.013062951951671902,2.9920433690553665,0.936936998750266,0.9399368952262226,0.9619657914262886,0.15593070079716434,0.15959117322213934,0.16009614328399624,2.8706520214945384,2.9920433690553665,3.0022059989745817,1.2431129776577649e-08,0.013673085731596925,0.18025251492105057,0.7325726205602686,0.7352339788801708,0.7546435046650716,0.901477562574733,0.9025629491620397,0.9104403665663525,0.9494615880255929,0.9500323666641196,0.9541698782215566,1.0,0.0,0.0,0.0,0.0,0.0004976853277061932,-0.5738232395552646,0.5741304042989077,0.027187822012542297
71.8,0.5738077544090532,0.5741172296289114,0.5738121935795181,0.01306384317095916,2.9919812574780806,0.9368425574160317,0.9398380488294061,0.9619029966686142,0.15594088023376496,0.159607983844938,0.16011228227475602,2.870586148144557,2.991981257478081,3.002143286457519,1.2463621505735485e-08,0.01367498522647202,0.18026829488640267,0.732488165188995,0.7351458094159762,0.7545889005897645,0.9014429224566488,0.9025268511970139,0.9104184093735559,0.9494433457734894,0.9500133652517221,0.9541583721830749,1.0,0.0,0.0,0.0,0.0,0.0004907936193358359,-0.5738121935795181,0.5741172296289114,0.02718847525134546
72.0,0.5737968650067947,0.5741041618175865,0.5738012706470953,0.013064727650065059,2.9919195800177407,0.9367494303789842,0.939740571821008,0.9618410994060594,0.1559509154813883,0.15962456516505788,0.1601281998530962,2.870520809087932,2.9919195800177407,3.0020809800505104,1.2467368111635786e-08,0.013676864204832842,0.18028389907557804,0.732404876417089,0.7350588515634746,0.7545350731894022,0.9014087582217815,0.9024912463537917,0.9103967634576848,0.9494253537886572,0.9499946230251269,0.9541470291245285,1.0,0.0,0.0,0.0,0.0,0.0004839912676027208,-0.5738012706470953,0.5741041618175865,0.027189101998932836
72.2,0.5737860981969497,0.5740912010360442,0.573790469778231,0.013065605377202435,2.9918583398074046,0.9366576004529525,0.939644446434919,0.9617800873325646,0.15596080847963423,0.15964092005695416,0.16014389882435418,2.8704560051802206,2.9918583398074046,3.002019083965891,1.2498612908582893e-08,0.013678722830945364,0.18029932888824127,0.7323227392377303,0.7349730898818737,0.7544820119231307,0.901375063822126,0.9024561284301561,0.9103754246240251,0.9494076089001624,0.9499761367352758,0.954135846853546,1.0,0.0,0.0,0.0,0.0,0.00047727722203169676,-0.573790469778231,0.5740912010360442,0.02718970294903853
72.4,0.5737754521271583,0.5740783474192823,0.5737797899914308,0.013066476309366927,2.991797539784614,0.9365670506568441,0.939549655114091,0.9617199483029825,0.1559705611437974,0.15965705136401542,0.16015938196288268,2.8703917370964116,2.991797539784614,3.001957602261348,1.2497381419852078e-08,0.013680561233607452,0.18031458572652745,0.7322417388162273,0.7348885091043449,0.7544297063848443,0.9013418332769971,0.9024214912914972,0.9103543887306397,0.9493901079720937,0.9499579031682236,0.9541248232052281,1.0,0.0,0.0,0.0,0.0,0.00047065044253750965,-0.5737797899914308,0.5740783474192823,0.0271902788007535
72.60000000000001,0.5737649263979963,0.5740656010673123,0.5737692303033509,0.013067340436208406,2.9917371826342936,0.9364777642128272,0.939456180508455,0.9616606703312793,0.15598017536510772,0.15967296189879865,0.1601746520122505,2.8703280053365616,2.9917371826342936,3.0018965386496674,1.2505824443862005e-08,0.013682379574278857,0.18032967099521294,0.7321618604887035,0.7348050941365066,0.7543781463017691,0.9013090606725768,0.9023873288702867,0.9103336516878393,0.9493728479033356,0.9499399191448771,0.954113956041876,1.0,0.0,0.0,0.0,0.0,0.0004641098993719839,-0.5737692303033509,0.5740656010673123,0.027190830218041865
72.8,0.5737545203615131,0.5740529620463324,0.573758789729533,0.013068197744970582,2.991677270830388,0.9363897245440782,0.9393640054728585,0.961602241588552,0.15598965301100204,0.15968865444326322,0.16018971168552065,2.870264810231662,2.9916772708303885,3.0018358966203507,1.2547606566264342e-08,0.013684178009723203,0.18034458610066711,0.73208308976038,0.7347228300549106,0.7543273215328897,0.9012767401612961,0.9023536351655514,0.9103132094575891,0.9493558256272542,0.9499221815207264,0.9541032432526859,1.0,0.0,0.0,0.0,0.0,0.0004576545730609616,-0.573758789729533,0.5740529620463324,0.027191357853662345
73.0,0.5737442320987586,0.574040430389801,0.5737484672846156,0.013069048199380021,2.9916178066634127,0.936302915272612,0.9392731130650309,0.9615446504008855,0.15599899592542296,0.15970413174900358,0.16020456366551664,2.870202151949005,2.9916178066634127,3.0017756795025963,1.2558343822605224e-08,0.013685956669507608,0.18035933245054903,0.7320054123039318,0.734641702105551,0.7542772220672217,0.9012448659612438,0.9023204042423515,0.9102930580528519,0.9493390381113956,0.9499046871855851,0.9540926827534091,1.0,0.0,0.0,0.0,0.0,0.00045128345431606764,-0.5737484672846156,0.574040430389801,0.027191862361075566
73.2,0.57373406133948,0.5740280060994257,0.5737382619821493,0.013069891799589341,2.991558792186786,0.9362173202175973,0.9391834865435412,0.9614878852475521,0.15600820592906361,0.15971939653748513,0.1602192106050086,2.8701400304971285,2.991558792186786,3.001715890288464,1.2589960922876778e-08,0.013687715719969244,0.18037391145407228,0.7319288139582619,0.7345616957023551,0.7542278380223876,0.9012134323557447,0.9022876302312524,0.9102731935370526,0.949322482357276,0.949887433063321,0.9540822724860766,1.0,0.0,0.0,0.0,0.0,0.00044499554396584817,-0.5737382619821493,0.5740280060994257,0.027192344356876046
73.4,0.5737240066567576,0.5740156891465122,0.5737281728357574,0.013070728524391928,2.9915002292807147,0.9361329233929284,0.9390951093657866,0.9614319347591335,0.1560172848196262,0.15973445150027835,0.16023365512702906,2.870078445732561,2.9915002292807147,3.001656531823187,1.2611787421349948e-08,0.013689455302596316,0.1803883245203466,0.7318532807266153,0.7344827964256954,0.754179159643118,0.9011824336926658,0.9022553073277999,0.9102536120235112,0.949306155400025,0.9498704161115941,0.9540720104187066,1.0,0.0,0.0,0.0,0.0,0.0004387898529295692,-0.5737281728357574,0.5740156891465122,0.027192804458729364
73.60000000000001,0.5737140667890571,0.574003479472914,0.5737181988591004,0.013071558358323958,2.9914421196310723,0.9360497090052822,0.9390079651859836,0.961376787715613,0.15602623437208663,0.15974929929929485,0.16024789982510804,2.8700173973645695,2.9914421196310723,3.0015976067220067,1.2605411893158584e-08,0.013691175562962085,0.18040257305842794,0.7317787987751044,0.7344049900208937,0.7541311772997208,0.9011518643838884,0.9022234297919947,0.9102343096748629,0.9492900543081191,0.9498536333215877,0.954061894545005,1.0,0.0,0.0,0.0,0.0,0.0004326654021371279,-0.5737181988591004,0.574003479472914,0.027193243267203692
73.8,0.5737042413344556,0.5739913769918028,0.5737083390656141,0.013072381305886347,2.991384464720988,0.9359676614522769,0.9389220378531664,0.9613224330444607,0.15603505633896153,0.15976394256702425,0.16026194726349333,2.869956884959014,2.9913844647209884,3.0015391173366757,1.2613386847827756e-08,0.013692876665929003,0.1804166584776941,0.7317053544313332,0.7343282623967305,0.7540838814865464,0.9011217189048197,0.9021919919477606,0.9102152827024742,0.949274176183133,0.9498370817177411,0.9540519228840644,1.0,0.0,0.0,0.0,0.0,0.00042662122242655143,-0.5737083390656141,0.5739913769918028,0.02719366135805012
74.0,0.5736945296240071,0.5739793815886233,0.573698592469164,0.0130731973682996,2.991327265859774,0.9358867653204306,0.9388373114092067,0.9612688598188031,0.15604375245056273,0.15977838390677065,0.16027579997740724,2.869896907943116,2.9913272658597743,3.0014810658383,1.2657522891625997e-08,0.013694558770869255,0.1804305821869085,0.7316329341828279,0.7342525996239584,0.7540372628205181,0.9010919917938226,0.9021609881824193,0.9101965273658863,0.9492585181594501,0.9498207583574836,0.9540420934800758,1.0,0.0,0.0,0.0,0.0,0.0004206563544755654,-0.573698592469164,0.5739793815886233,0.02719405929833807
74.2,0.5736849298261281,0.5739674931222062,0.5736889580847215,0.013074006524981968,2.9912705242069966,0.9358070053830577,0.9387537700868663,0.9612160572555656,0.15605232441525724,0.15979262589288548,0.16028946047331616,2.869837465611031,2.9912705242069966,3.001423454270174,1.2678461177736428e-08,0.013696222011912422,0.18044434559325492,0.7315615246754074,0.7341779879338436,0.753991312039634,0.9010626776516191,0.902130412946169,0.910178039972244,0.949243077403957,0.9498046603309696,0.9540324044020345,1.0,0.0,0.0,0.0,0.0,0.00041476984874946887,-0.5736889580847215,0.5739674931222062,0.027194437656222856
74.4,0.5736754407321064,0.5739557114257953,0.5736794349281665,0.013074808770190707,2.9912142407412565,0.935728366598436,0.9386713983078485,0.961164014713769,0.1560607739197034,0.1598066710710032,0.16030293122915648,2.8697785571289764,2.9912142407412565,3.001366284436073,1.2663652710703798e-08,0.013697866537073847,0.18045795010261922,0.7314911127117858,0.734104413716696,0.7539460200016078,0.9010337711407878,0.9021002607515611,0.9101598168757811,0.9492278511157881,0.9497887847608133,0.9540228537434741,1.0,0.0,0.0,0.0,0.0,0.0004089607654520627,-0.5736794349281665,0.5739557114257953,0.027194796976799933
74.60000000000001,0.5736660625597519,0.5739440363078602,0.5736700220162456,0.01307560412950375,2.9911584162489557,0.9356508341079052,0.9385901806808399,0.9611127216928926,0.15606910262907742,0.159820521958281,0.16031621469457383,2.8697201815393005,2.9911584162489557,3.0013095578722875,1.2697577778482334e-08,0.01369949252588083,0.18047139711964907,0.7314216852501166,0.7340318635203862,0.7539013776825565,0.9010052669852344,0.9020705261729668,0.9101418544773229,0.949212836526056,0.9497731288018166,0.9540134396222097,1.0,0.0,0.0,0.0,0.0,0.0004032281744583144,-0.5736700220162456,0.5739440363078602,0.02719513777548397
74.8,0.5736567931967611,0.5739324675530253,0.5736607183675507,0.013076392582455453,2.9911030514067796,0.9355743932335074,0.9385101019995953,0.9610621678308127,0.15607731218736964,0.15983418104363328,0.16032931329124342,2.8696623377651265,2.9911030514067796,3.00125327608599,1.2699598985100374e-08,0.01370110010679871,0.18048468804635592,0.7313532294021085,0.7339603240488931,0.7538573761753172,0.9009771599694865,0.9020412038460537,0.9101241492236398,0.9491980308974882,0.9497576896407064,0.9540041601800033,1.0,0.0,0.0,0.0,0.0,0.0003975711552254846,-0.5736607183675507,0.5739324675530253,0.027195460586311757
75.0,0.5736476325295995,0.5739210049226168,0.5736515230020885,0.013077174151547884,2.991048146697713,0.9354990294767149,0.9384311472410205,0.9610123429021583,0.15608540421761435,0.15984765078796853,0.1603422294130061,2.869605024613084,2.991048146697713,3.0011974402779793,1.2732548806606717e-08,0.013702689452289352,0.1804978242827305,0.7312857324321194,0.7338897821608442,0.7538140066881265,0.9009494449383862,0.9020122884672623,0.9101066976069448,0.9491834315242746,0.9497424644958636,0.9539950135823041,1.0,0.0,0.0,0.0,0.0,0.0003919887966937069,-0.5736515230020885,0.5739210049226168,0.02719576590407837
75.2,0.5736385786652691,0.573909648155782,0.5736424349419513,0.013077948824425001,2.990993702493766,0.9354247285160745,0.9383533015632963,0.9609632368165741,0.15609338032213563,0.15986093362442225,0.16035496542619182,2.86954824077891,2.990993702493766,3.0011420515935923,1.2732357606815696e-08,0.01370426069572872,0.18051080722578375,0.7312191817552693,0.7338202248680843,0.7537712605432128,0.9009221167963805,0.901983774793287,0.9100894961643554,0.9491690357317011,0.9497274506170629,0.9539859980179701,1.0,0.0,0.0,0.0,0.0,0.0003864801972480181,-0.5736424349419513,0.573909648155782,0.027196054235034312
75.4,0.5736296314868398,0.5738983969703082,0.5736334532111237,0.013078716626970086,2.9909397189876357,0.9353514762055863,0.9382765503039802,0.9609148396172646,0.15610124208274842,0.15987403195859484,0.16036752366981952,2.8694919848515408,2.9909397189876357,3.0010871109018598,1.2760555796308169e-08,0.013705814009489064,0.1805236382698232,0.7311535649362032,0.7337516393342212,0.7537291291756323,0.9008951705070747,0.9019556576405486,0.9100725414774536,0.9491548408759233,0.9497126452852009,0.9539771116990415,1.0,0.0,0.0,0.0,0.0,0.00038104446467263076,-0.5736334532111237,0.5738983969703082,0.027196326050399258
75.60000000000001,0.573620789157644,0.5738872510635165,0.5736245768361954,0.013079477551294556,2.9908861962693574,0.9352779878126081,0.9382008789781475,0.9608671414790982,0.15610899106103207,0.15988694816878535,0.16038012436368163,2.869436255317582,2.9908861962693574,3.00103261902426,1.2756483917218974e-08,0.013707349528052479,0.18053631880543505,0.7310877312464995,0.7336840128731971,0.7536876041317223,0.9008681335371521,0.9019279318846766,0.9100558301716899,0.9491405980377228,0.9496980458120357,0.9539683528604316,1.0,0.0,0.0,0.0,0.0,0.00037568071607359255,-0.5736245768361954,0.5738872510635165,0.02719658183271349
75.8,0.5736120513039789,0.5738762101127696,0.573615804846003,0.013080231621196104,2.9908331342653565,0.9352051621021685,0.9381262732765244,0.960820132706962,0.15611662879856422,0.1598996846062288,0.16039261338424146,2.8693810505638475,2.9908331342653565,3.0009785765343455,1.2763221579380936e-08,0.013708867417948816,0.1805488502199956,0.7310224858804322,0.73361733294785,0.7536466770677605,0.9008413365820103,0.9019005924599832,0.9100393589158708,0.9491264814262835,0.9496836495399142,0.9539597197596611,1.0,0.0,0.0,0.0,0.0,0.00037038807777774185,-0.573615804846003,0.5738762101127696,0.027196822033902925
76.0,0.5736034173604986,0.573865273776223,0.5736071362721343,0.013080978858047461,2.9907805327769865,0.9351333652852317,0.9380527190636466,0.9607738037341701,0.1561241568171466,0.15991224359533063,0.1604049278620782,2.8693263688811146,2.9907805327769865,3.0009249838749517,1.2808996352251713e-08,0.013710367841343402,0.18056123389695086,0.7309581571147432,0.7335515871684913,0.7536063397486804,0.9008149145231797,0.9018736343589444,0.9100231244216672,0.9491125621042786,0.949669453841511,0.953951210676605,1.0,0.0,0.0,0.0,0.0,0.0003651656852680374,-0.5736071362721343,0.573865273776223,0.02719704709872633
76.2,0.5735948855216624,0.5738544416936519,0.5735985701491157,0.013081719259141223,2.990728391506501,0.9350625836415652,0.9379802023760483,0.9607281451207772,0.15613157661904747,0.15992462743389846,0.16041707007014522,2.869272208468259,2.9907283915065013,3.000871841421768,1.2834700090472495e-08,0.013711850932915473,0.18057347121554884,0.7308947328763243,0.7334867632915023,0.7535665840466904,0.900788862467418,0.901847052631687,0.9100071234430834,0.9490988375025394,0.9496554561195639,0.9539428239132164,1.0,0.0,0.0,0.0,0.0,0.0003600126831174999,-0.5735985701491157,0.5738544416936519,0.02719725747705847
76.4,0.5735864544720813,0.5738437134873303,0.5735901055145314,0.013082452833233144,2.990676710025705,0.9349928036194269,0.9379087094204526,0.9606831475520647,0.15613888968721673,0.15993683839337514,0.16042904225501928,2.8692185674366515,2.9906767100257055,3.00081914937241,1.2817980720835968e-08,0.013713316837850124,0.18058556355066938,0.7308322012360825,0.7334228492179325,0.7535274019400496,0.9007631755785868,0.901820842385474,0.9099913527759892,0.9490853050817114,0.9496416538066117,0.953934557793285,1.0,0.0,0.0,0.0,0.0,0.00035492822494880005,-0.5735901055145314,0.5738437134873303,0.027197453600056744
76.60000000000001,0.5735781245057499,0.5738330887626565,0.5735817414090894,0.013083179623544937,2.9906254877570158,0.9349240118338684,0.9378382265719521,0.9606388018371051,0.15614609748548902,0.15994887871907626,0.16044084663712144,2.8691654438132823,2.9906254877570158,3.000766907695678,1.2847149204484011e-08,0.013714765736446553,0.1805975122727295,0.7307705504076122,0.7333598329920746,0.7534887855119019,0.9007378490771627,0.9017949987841796,0.9099758092576739,0.9490719623320043,0.9496280443647256,0.9539264106622065,1.0,0.0,0.0,0.0,0.0,0.0003499114733679781,-0.5735817414090894,0.5738330887626565,0.02719763586902849
76.80000000000001,0.5735698936262442,0.5738225671087424,0.5735734768770065,0.01308389962742445,2.9905747240577742,0.9348561950645066,0.9377687403722312,0.9605950989068887,0.15615320145885903,0.1599607506304206,0.16045248541103133,2.869112835543712,2.9905747240577747,3.000715116379962,1.2847743711656583e-08,0.01371619775828413,0.18060931874713335,0.7307097687453895,0.7332977028000817,0.7534507269487338,0.900712878239551,0.9017695170477796,0.9099604897662494,0.9490588067728373,0.9496146252852479,0.9539183808866721,1.0,0.0,0.0,0.0,0.0,0.0003449615998573352,-0.5735734768770065,0.5738225671087424,0.027197804706158388
77.0,0.5735617616974586,0.5738121480988572,0.5735653109658571,0.013084612881765953,2.9905244181387234,0.934789340254419,0.937700237527788,0.960552029812902,0.15616020303368394,0.15997245632116414,0.16046396074561026,2.8690607404942856,2.9905244181387234,3.0006637751656626,1.2878796520959343e-08,0.013717613073529939,0.18062098433448978,0.7306498447439661,0.7332364469685723,0.7534132185392173,0.9006882583978064,0.9017443924518366,0.9099453912202057,0.9490458359526989,0.9496013940885291,0.9539104668544394,1.0,0.0,0.0,0.0,0.0,0.0003400777846906955,-0.5735653109658571,0.5738121480988572,0.02719796049875126
77.2,0.5735537268875761,0.5738018312913221,0.5735572427270639,0.0130853193897159,2.9904745691410963,0.9347234345078789,0.9376327049081988,0.9605095857255735,0.15616710361790848,0.1599839979596279,0.16047527478432513,2.8690091564566105,2.9904745691410963,3.000612883779689,1.287823952749785e-08,0.013719011814620766,0.18063251038990874,0.7305907670361197,0.7331760539632699,0.753376252672936,0.9006639849389264,0.9017196203269965,0.9099305105779212,0.9490330474487821,0.9495883483236682,0.9539026669740778,1.0,0.0,0.0,0.0,0.0,0.00033525921689064875,-0.5735572427270639,0.5738018312913221,0.027198103646769525
77.4,0.5735457890620425,0.5737916162301587,0.5735492712156891,0.013086019190494423,2.9904251760704783,0.934658465088888,0.9375661295443599,0.9604677579330033,0.15617390460124445,0.1599953776889312,0.16048642964543705,2.8689580811507933,2.9904251760704783,3.000562441723955,1.2904064276143645e-08,0.013720394150912247,0.18064389826330118,0.7305325243917148,0.7331165123876181,0.7533398218393579,0.9006400533044343,0.9016951960584736,0.9099158448372701,0.9490204388667702,0.9495754855682513,0.9538949796747656,1.0,0.0,0.0,0.0,0.0,0.00033050509418350305,-0.5735492712156891,0.5737916162301587,0.027198234518453445
77.60000000000001,0.5735379464778586,0.5737815024457954,0.5735413954910369,0.013086712291257841,2.990376237868523,0.9345944194190143,0.9375004986267653,0.9604265378392696,0.15618060735541958,0.16000659762722128,0.16049742742231085,2.8689075122289767,2.990376237868523,3.0005124484913233,1.289964929514898e-08,0.013721760215862536,0.1806551492985186,0.7304751057159352,0.7330578109814231,0.7533039186264402,0.9006164589897021,0.901671115085547,0.9099013910350812,0.9490080078404877,0.9495628034280905,0.9538874034060093,1.0,0.0,0.0,0.0,0.0,0.00032581462292458063,-0.5735413954910369,0.5737815024457954,0.0271983534942183
77.80000000000001,0.5735301987629297,0.5737714894554031,0.5735336146162728,0.01308739872843424,2.990327753355105,0.9345312850761538,0.9374357995037792,0.9603859169629666,0.15618721323438997,0.16001765986790387,0.16050827018356767,2.8688574472770156,2.990327753355105,3.00046290337706,1.2905635249763114e-08,0.013723110172622642,0.1806662648338959,0.7304185000483412,0.732999938619485,0.753268535719425,0.900593197543611,0.9016473729010515,0.9098871462466732,0.948995752031727,0.9495502995369633,0.953879936637403,1.0,0.0,0.0,0.0,0.0,0.0003211870179977011,-0.5735336146162728,0.5737714894554031,0.027198460927342506
78.0,0.5735225453556151,0.5737615767634497,0.5735259276588262,0.013088078535540252,2.9902797212639114,0.9344690497926971,0.9373720196799349,0.9603458869357819,0.15619372357454628,0.1600285664798727,0.16051895997334106,2.8688078838172486,2.990279721263912,3.0004138055883813,1.2947900695222672e-08,0.01372444417965069,0.18067724620167694,0.7303626965613864,0.7329428843102523,0.7532336658996763,0.9005702645679908,0.9016239650508723,0.9098731075854073,0.9489836691299592,0.9495379715563546,0.9538725778583953,1.0,0.0,0.0,0.0,0.0,0.0003166215027464586,-0.5735259276588262,0.5737615767634497,0.027198557166034098
78.2,0.5735149845428273,0.573751763862355,0.5735183336905367,0.013088751723308504,2.990232140265657,0.9344077014536571,0.9373091468142601,0.9603064395010026,0.15620013969493265,0.16003931950773484,0.1605294988115414,2.868758819311775,2.990232140265657,3.0003651543018988,1.2970998065168578e-08,0.013725762369475977,0.18068809472780467,0.7303076845589026,0.7328866371944909,0.7531993020434468,0.9005476557170414,0.9016008871334508,0.9098592722022081,0.9489717568520363,0.9495258171752006,0.9538653255780417,1.0,0.0,0.0,0.0,0.0,0.0003121173089110363,-0.5735183336905367,0.573751763862355,0.027198642564625578
78.4,0.5735075150853375,0.5737420502331995,0.5735108317877177,0.013089418313108944,2.990185008937884,0.934347228095106,0.9372471687186074,0.9602675665121834,0.1562064628974396,0.16004992097203685,0.16053988869406877,2.8687102511659974,2.990185008937884,3.000316948558778,1.2954870043299503e-08,0.013727064884452515,0.18069881173183178,0.730253453474847,0.732831186543955,0.7531654371207884,0.9005253666968644,0.9015781347992861,0.9098456372851452,0.9489600129419485,0.9495138341096336,0.9538581783247873,1.0,0.0,0.0,0.0,0.0,0.00030767367658739164,-0.5735108317877177,0.5737420502331995,0.027198717461174644
78.60000000000001,0.5735001372326781,0.573732435346185,0.5735034210311597,0.013090078357831806,2.9901383257472176,0.934287617902612,0.9371860733559741,0.9602292599318819,0.15621269446698688,0.16006037286949515,0.1605501315930269,2.868662176730925,2.990138325747218,3.0002691872185068,1.2981866106870806e-08,0.01372835189911671,0.1807093985269146,0.7301999928720545,0.7327765217600456,0.7531320641945146,0.9005033932649934,0.9015557037504295,0.9098322000590325,0.9489484351705846,0.9495020201027212,0.953851134646259,1.0,0.0,0.0,0.0,0.0,0.0003032898541612955,-0.5735034210311597,0.573732435346185,0.027198782167433558
78.80000000000001,0.5734928490959722,0.5737229186610666,0.5734961005064647,0.01309073186711726,2.990092089127181,0.9342288592091893,0.9371258488388612,0.9601915118299768,0.15621883567177464,0.16007067717321968,0.1605602294570227,2.868614593305333,2.9900920891271814,3.000221869189225,1.2982044856010409e-08,0.01372962354023828,0.18071985641933605,0.730147292440544,0.7327226323724999,0.7530991764188023,0.9004817312297405,0.9015335897399935,0.9098189577848833,0.9489370213353912,0.9494903729242149,0.9538441931089828,1.0,0.0,0.0,0.0,0.0,0.00029896509820431794,-0.5734961005064647,0.5737229186610666,0.027198837016004347
79.0,0.5734856506203854,0.5737134996274312,0.57348886930381,0.01309137888918069,2.990046297399371,0.9341709404943168,0.937066483427636,0.9601543143824144,0.15622488776346563,0.1600808358329396,0.16057018421128305,2.868567498137156,2.990046297399371,3.000174993171292,1.3017020275423585e-08,0.01373087997435508,0.1807301867088428,0.7300953419967845,0.7326695080380762,0.7530667670381637,0.9004603764499371,0.9015117885716564,0.9098059077595136,0.9489257692602431,0.949478890370293,0.9538373522981773,1.0,0.0,0.0,0.0,0.0,0.0002946986733880913,-0.57348886930381,0.5737134996274312,0.027198882307054806
79.2,0.5734785401792248,0.573704177685411,0.5734817265183858,0.01309201944057272,2.990000948846617,0.9341138503818388,0.9370079655289295,0.9601176598698323,0.15623085197738806,0.1600908507752238,0.16057999775796528,2.868520888427055,2.990000948846617,3.000128557881582,1.3035719123189909e-08,0.013732121332658057,0.18074039068802028,0.7300441314819467,0.7326171385392711,0.7530348293863043,0.900439324834255,0.9014902960991781,0.9097930473150989,0.9489146767950902,0.949467570263313,0.953830610817524,1.0,0.0,0.0,0.0,0.0,0.0002904898524399707,-0.5734817265183858,0.573704177685411,0.02719891835393553
79.4,0.5734715165177712,0.5736949522663662,0.5734746712504495,0.013092653546178014,2.989956041675811,0.9340575776384097,0.9369502836940323,0.9600815406763834,0.1562367295327062,0.16010072390370328,0.1605896719763754,2.868474761331831,2.989956041675811,3.0000825619270963,1.3014206969082525e-08,0.013733347753791092,0.180750469642215,0.7299936509606484,0.7325655137830289,0.7530033568851627,0.9004185723407306,0.9014691082259128,0.9097803738188038,0.9489037418157121,0.9494564104515594,0.953823967288975,1.0,0.0,0.0,0.0,0.0,0.0002863379161162083,-0.5734746712504495,0.5736949522663662,0.027198945456354862
79.60000000000001,0.5734645796808255,0.5736858227932115,0.5734677026051563,0.013093281258315008,2.9899115740015407,0.9340021111720159,0.9368934266172856,0.9600459492884195,0.1562425216326147,0.16011045709929597,0.16059920872317426,2.8684291139660574,2.9899115740015407,3.0000370037588384,1.3019342374945999e-08,0.01373455940430762,0.18076042484977659,0.7299438906197594,0.7325146237994395,0.7529723430438181,0.9003981149763126,0.9014482209043154,0.9097678846723579,0.9488929622234847,0.9494454088089899,0.9538174203525333,1.0,0.0,0.0,0.0,0.0,0.00028224215311577205,-0.5734677026051563,0.5736858227932115,0.027198963890508087
79.80000000000001,0.5734577290131909,0.5736767886806037,0.5734608196927616,0.013093902615511093,2.9898675438899818,0.9339474400303245,0.9368373831344939,0.9600108782930131,0.15624822946455946,0.16012005222042835,0.16060860983261502,2.8683839434030185,2.9898675438899818,2.999991881805883,1.3065869057917844e-08,0.013735756434585503,0.18077025758176898,0.7298948407670472,0.7324644587404605,0.7529417814572614,0.900377948796343,0.9014276301354581,0.9097555773115763,0.948882335945112,0.9494345632349841,0.9538109686660027,1.0,0.0,0.0,0.0,0.0,0.00027820185996682567,-0.5734608196927616,0.5736767886806037,0.027198973936592007
80.0,0.5734509622605239,0.5736678493354634,0.5734540216289469,0.013094517623911747,2.9898239493801144,0.933893553399092,0.936782142221388,0.9599763203765387,0.15625385420044982,0.16012951110325027,0.16061787711677103,2.868339246677317,2.9898239493801144,2.999947194517972,1.3058231142704937e-08,0.01373693895894533,0.18077996910150443,0.729846491829878,0.7324150088786738,0.7529116658052142,0.9003580699040588,0.9014073319685577,0.9097434492058992,0.9488718609323679,0.9494238716541027,0.953804610904749,1.0,0.0,0.0,0.0,0.0,0.0002742163409588938,-0.5734540216289469,0.5736678493354634,0.02719897588706872
80.2,0.5734442797753374,0.5736590041574575,0.5734473075343258,0.013095126343950112,2.9897807883996164,0.933840440601025,0.9367276929920626,0.9599422683237474,0.15625939699679045,0.16013883556185537,0.1606270123656876,2.8682950207872873,2.9897807883996164,2.999902940107809,1.3084789945098173e-08,0.013738107148406677,0.1807895606652488,0.7297988343543138,0.7323662646060172,0.7528819898513724,0.9003384744502576,0.901387322500493,0.909731497858102,0.948861535161925,0.9494133320158358,0.9537983457615496,1.0,0.0,0.0,0.0,0.0,0.00027028490810904193,-0.5734473075343258,0.5736590041574575,0.02719896999290783
80.4,0.5734376797308475,0.5736502525397614,0.5734406765353225,0.013095728791621191,2.98973805886603,0.9337880910934325,0.936674024697448,0.9599087150164648,0.1562648589948755,0.16014802738849715,0.16063601734774252,2.868251262698807,2.98973805886603,2.999859116865391,1.3077544121761241e-08,0.013739261125058787,0.18079903352096785,0.7297518590031293,0.7323182164325431,0.7528527474423268,0.9003191586325172,0.9013675978753343,0.9097197208038743,0.9488513566349478,0.9494029422943603,0.9537921719463749,1.0,0.0,0.0,0.0,0.0,0.00026640688113858946,-0.5734406765353225,0.5736502525397614,0.027198956527760682
80.60000000000001,0.5734311622324368,0.573641593869059,0.5734341277634828,0.013096325023246543,2.9896957586043933,0.9337364944673358,0.9366211267237614,0.9598756534323198,0.15627024132097792,0.16015708835380887,0.1606448938097571,2.8682079693452947,2.9896957586043937,2.9998157228948514,1.3105653947040728e-08,0.013740401052790572,0.18080838890931028,0.7297055565551259,0.7322708549851593,0.7528239325065068,0.9003001186949465,0.90134815428386,0.9097081156114089,0.9488413233769661,0.9493927004882907,0.9537860881861744,1.0,0.0,0.0,0.0,0.0,0.0002625815873520121,-0.5734341277634828,0.573641593869059,0.02719893573357507
80.80000000000001,0.5734247254894368,0.5736330275259405,0.5734276603560811,0.013096915056508335,2.9896538854285373,0.9336856404456383,0.936568988591013,0.9598430766432461,0.1562755450865766,0.16016602020701604,0.1606536434772699,2.868165137629702,2.9896538854285373,2.999772756360055,1.3103415735528466e-08,0.013741527052795965,0.18081762806274124,0.7296599179036038,0.732224171006411,0.7527955390529179,0.9002813509275921,0.9013289879630931,0.909696679880906,0.9488314334375663,0.9493826046204402,0.953780093224619,1.0,0.0,0.0,0.0,0.0,0.00025880836154817954,-0.5734276603560811,0.5736330275259405,0.027198907870939617
81.0,0.5734183694421849,0.573624552885194,0.5734212734556386,0.013097498945213766,2.9896124370686086,0.933635518882073,0.9365175999515016,0.9598109778145224,0.1562807713884958,0.16017482467615102,0.160662268054678,2.8681227644259697,2.989612437068609,2.999730215254784,1.3127863931412617e-08,0.013742639283608662,0.18082675220623048,0.7296149340555274,0.7321781553532507,0.7527675611703598,0.9002628516661256,0.9013100951958318,0.9096854112442728,0.9488216848902311,0.9493726527375753,0.9537741858219443,1.0,0.0,0.0,0.0,0.0,0.00025508654596503866,-0.5734212734556386,0.573624552885194,0.02719887317128825
81.2,0.5734120924111022,0.5736161693164947,0.5734149662105863,0.013098076710141477,2.989571411242443,0.9335861197591401,0.9364669505883444,0.9597793502035644,0.15628592130908603,0.16018350346826407,0.1606707692255527,2.8680808465824734,2.989571411242443,2.9996880976208975,1.3120403084527028e-08,0.013743737867096513,0.18083576255630518,0.7295705961297821,0.7321327989958399,0.7527399930264179,0.9002446172911601,0.9012914723101884,0.9096743073647285,0.9488120758319833,0.9493628429101806,0.9537683647547465,1.0,0.0,0.0,0.0,0.0,0.000251415490251955,-0.5734149662105863,0.5736161693164947,0.027198831881274314
81.4,0.5734058941385378,0.573607876184618,0.5734087377748354,0.013098648401754271,2.9895308055949883,0.9335374331870149,0.9364170304139916,0.9597481871588133,0.15629099591638917,0.16019205826963695,0.1606791486527896,2.8680393809230895,2.9895308055949887,2.9996464013555695,1.3123212984410954e-08,0.013744822955607704,0.18084466032166369,0.7295268953562998,0.7320880930163277,0.7527128288665369,0.9002266442279195,0.9012731156791227,0.9096633659364447,0.948802604383216,0.9493531732322148,0.9537626288157941,1.0,0.0,0.0,0.0,0.0,0.0002477945513932045,-0.5734087377748354,0.573607876184618,0.02719878422271253
81.60000000000001,0.5733997741897784,0.5735996728496622,0.5734025873080563,0.013099214067207807,2.9894906177333778,0.9334894494020173,0.9363678294687647,0.9597174821184746,0.15629599626432863,0.16020049074599427,0.160687407978835,2.8679983642483107,2.9894906177333778,2.9996051243220485,1.3164225211159386e-08,0.01374589469667322,0.18085344670277673,0.7294838230747868,0.7320440286076524,0.7526860630129701,0.900208928945747,0.9012550217199812,0.9096525846841335,0.9487932686874364,0.9493436418208734,0.9537569768138149,1.0,0.0,0.0,0.0,0.0,0.0002442230936187395,-0.5734025873080563,0.5735996728496622,0.027198730415239156
81.80000000000001,0.5733937309160216,0.5735915586673866,0.573396513975741,0.013099773728929636,2.9894508452504014,0.9334421587650767,0.9363193379194236,0.9596872286092363,0.15630092339290338,0.16020880254271014,0.16069554882591403,2.867957793336933,2.9894508452504014,2.9995642644093943,1.3185651067453159e-08,0.013746953210085237,0.18086212289179848,0.7294413707334412,0.7320005970723652,0.7526596898637025,0.9001914679576056,0.901237186894045,0.9096419613626258,0.948784066911008,0.9493342468163545,0.9537514075732754,1.0,0.0,0.0,0.0,0.0,0.0002407004883276942,-0.573396513975741,0.5735915586673866,0.027198670688308644
82.0,0.5733877631508391,0.573583532989729,0.573390516949183,0.013100327419564213,2.9894114856915373,0.9333955517604067,0.936271546057742,0.9596574202452637,0.15630577832833706,0.16021699528501504,0.1607035727962238,2.867917664948645,2.9894114856915373,2.9995238194214213,1.3165887979347898e-08,0.013747998625323098,0.1808706900725957,0.7293995298878668,0.7319577898214595,0.7526337038916155,0.9001742578196604,0.9012196077060789,0.9096314937565465,0.9487749972429327,0.9493249863816243,0.9537459199342128,1.0,0.0,0.0,0.0,0.0,0.00023722611405829763,-0.573390516949183,0.573583532989729,0.02719860525770714
82.2,0.5733818712939663,0.5735755951651096,0.5733845954054166,0.013100875204314433,2.989372536534522,0.9333492355696604,0.9362244442990704,0.9596280507272745,0.15631056208321475,0.16022507057820598,0.16071154749320493,2.867877975825548,2.989372536534522,2.9994837870258415,1.3190889137267827e-08,0.013749031105494471,0.18087914942083325,0.7293579479587919,0.731915598373179,0.7526080996437227,0.9001571535281766,0.901202280703873,0.9096211796800174,0.948765983269572,0.9493158587021805,0.9537405127520796,1.0,0.0,0.0,0.0,0.0,0.00023379935643906558,-0.5733845954054166,0.5735755951651096,0.02719853431472734
82.4,0.5733760535267793,0.5735677445386641,0.5733787485275503,0.013101417102853405,2.989333995269281,0.9333029930000936,0.9361780231809355,0.9595991138411155,0.15631527565670103,0.16023303000785064,0.16071951030375078,2.8678387226933206,2.989333995269281,2.999444164992936,1.3188395634515538e-08,0.013750050763734657,0.18088750210349946,0.7293164299794029,0.7318740143518684,0.7525828717399704,0.9001400748931163,0.901185202477798,0.9096110169761851,0.9487569827317074,0.9493068619858219,0.9537351848974992,1.0,0.0,0.0,0.0,0.0,0.00023041960808921347,-0.5733787485275503,0.5735677445386641,0.027198458075253888
82.60000000000001,0.5733703099141387,0.5735599804522583,0.573372975504361,0.013101953173936368,2.989295859315152,0.9332574197473419,0.9361322733616401,0.9595706034567346,0.1563199200346942,0.1602408751399929,0.16072735863231505,2.8677999022612912,2.989295859315152,2.999404950929167,1.3221524042692909e-08,0.013751057753827423,0.1808957492794842,0.7292755108346425,0.731833029486811,0.7525580148723748,0.9001232419575538,0.9011683696603563,0.9096010035168838,0.9487481115953155,0.9492979944624151,0.9537299352560888,1.0,0.0,0.0,0.0,0.0,0.00022708626852524505,-0.573372975504361,0.5735599804522583,0.027198376724694363
82.80000000000001,0.5733646389161603,0.5735523022450155,0.5733672755307316,0.013102483443395463,2.9892581260946613,0.933212506602673,0.9360871856189011,0.9595425135270689,0.15632449618999447,0.16024860752135225,0.16073509403133662,2.8677615112250776,2.989258126094662,2.9993661425057714,1.3237989057793821e-08,0.013752052193108004,0.1809038920989547,0.7292351823472637,0.7317926356111035,0.7525335238040947,0.9001066513850075,0.9011517789257479,0.9095911372022719,0.9487393681056405,0.9492892543836693,0.9537247627282712,1.0,0.0,0.0,0.0,0.0,0.00022379874412309375,-0.5733672755307316,0.5735523022450155,0.027198290464676714
83.0,0.5733590393794804,0.5735447092538141,0.573361647807605,0.013103007945179329,2.9892207929942005,0.9331682444754393,0.9360427508484853,0.9595148380871507,0.1563290050824371,0.16025622867952527,0.16074271803400178,2.8677235462690702,2.9892207929942005,2.9993277373279406,1.321364146799908e-08,0.013753034206424894,0.18091193170342132,0.7291954364430847,0.7317528246605244,0.7525093933686855,0.9000902998805088,0.9011354269894319,0.9095814159605418,0.9487307505296888,0.9492806400229092,0.953719666229124,1.0,0.0,0.0,0.0,0.0,0.000220556448097875,-0.573361647807605,0.5735447092538141,0.027198199485499872
83.2,0.5733535114687414,0.5735372008134376,0.5733560915417882,0.013103526740568838,2.9891838573464504,0.9331246243918311,0.9359989600628348,0.9594875712530703,0.15633344765904908,0.16026374012318922,0.1607502321544277,2.867686004067188,2.9891838573464504,2.9992897328873167,1.3216624914679941e-08,0.013754003946739533,0.18091986922601674,0.7291562651499539,0.7317135886723903,0.7524856184692319,0.9000741841902029,0.9011193106076821,0.9095718377475799,0.9487222571560209,0.9492721496748435,0.9537146446882017,1.0,0.0,0.0,0.0,0.0,0.0002173588004264343,-0.5733560915417882,0.5735372008134376,0.027198103956159965
83.4,0.5733480546295368,0.5735297762565635,0.5733506059460928,0.013104039876147382,2.9891473164740203,0.9330816374935014,0.9359558043897193,0.9594607072207372,0.1563378248542391,0.16027114334230183,0.16075763788786884,2.867648881282818,2.9891473164740203,2.99925212669742,1.3261453121160522e-08,0.013754961550126068,0.18092770579129586,0.7291176605965999,0.7316749197844367,0.7524621940773016,0.9000583011008992,0.9011034265771525,0.9095624005465544,0.9487138862945182,0.9492637816553412,0.9537096970493221,1.0,0.0,0.0,0.0,0.0,0.00021420522773571427,-0.5733506059460928,0.5735297762565635,0.027198004052351104
83.60000000000001,0.5733426666975305,0.5735224349140917,0.5733451902395736,0.013104547365377367,2.98911116770945,0.9330392750362175,0.935913275070932,0.9594342402647007,0.15634213758997814,0.1602784398082942,0.1607649367109198,2.8676121745704584,2.98911116770945,2.999214916334394,1.3251210693871103e-08,0.013755907116046039,0.18093544251489474,0.7290796150114982,0.7316368102337316,0.7524391152319488,0.9000426474396301,0.9010877717344585,0.9095531023675234,0.9487056362761536,0.9492555343012109,0.9537048222703609,1.0,0.0,0.0,0.0,0.0,0.00021109516323505884,-0.5733451902395736,0.5735224349140917,0.02719789996454669
83.80000000000001,0.5733373481469939,0.5735151761154658,0.5733398436470093,0.013105049276254667,2.9890754083091067,0.9329975283889028,0.9358713634609634,0.9594081647374896,0.1563463867758959,0.16028563097426926,0.16077213008165148,2.867575880577329,2.9890754083091067,2.999178099175228,1.3275589545906379e-08,0.013756840801257286,0.1809430805042723,0.7290421207220967,0.7315992523555702,0.7524163770391753,0.9000272200733545,0.9010723429557429,0.9095439412472266,0.948697505452838,0.9492474059699797,0.9537000193231446,1.0,0.0,0.0,0.0,0.0,0.00020802804669271813,-0.5733398436470093,0.5735151761154658,0.027197791843565862
84.0,0.5733320972554331,0.5735079991892564,0.5733345653996973,0.01310554563147492,2.9890400355544706,0.9329563890314384,0.9358300610257054,0.9593824750685614,0.1563505733094409,0.1602927182751948,0.1607792194399618,2.867539995946282,2.9890400355544706,2.9991416727147002,1.3266167227039303e-08,0.013757762712880385,0.1809506208575753,0.7290051701529101,0.7315622385823928,0.7523939746710391,0.9000120159081975,0.9010571371562577,0.9095349152487344,0.9486894921970234,0.9492393950396718,0.953695287193267,1.0,0.0,0.0,0.0,0.0,0.0002050033244149485,-0.5733345653996973,0.5735079991892564,0.02719767986547307
84.2,0.5733269142320957,0.5735009034629974,0.5733293547347398,0.013106036493653878,2.989005046668341,0.9329158485541333,0.9357893593411365,0.9593571657632792,0.15635469807603689,0.1602997031281013,0.16078620620763964,2.867504517314987,2.989005046668341,2.999105634299475,1.3292068727759779e-08,0.013758672999710769,0.18095806466465744,0.7289687558251272,0.7315257614426836,0.7523719033648001,0.8999970318893108,0.9010421512899333,0.9095260224611126,0.948681594901631,0.949231499908587,0.9536906248799148,1.0,0.0,0.0,0.0,0.0,0.00020202044913336659,-0.5733293547347398,0.5735009034629974,0.027197564176794132
84.4,0.5733217974012061,0.5734938882634126,0.5733242108955834,0.013106521886528385,2.9889704388950222,0.9328758986560772,0.9357492500920581,0.9593322314016424,0.15635876194927895,0.16030658693227054,0.16079309178862214,2.867469441317063,2.9889704388950222,2.9990699813723904,1.328784516140782e-08,0.013759571767811537,0.18096541300630942,0.7289328703551976,0.7314898135599158,0.7523501584218373,0.8999822650003129,0.9010273823489675,0.9095172609989943,0.9486738119797599,0.9492237189950864,0.9536860313956441,1.0,0.0,0.0,0.0,0.0,0.00019907887991708895,-0.5733242108955834,0.5734938882634126,0.027197444944767644
84.60000000000001,0.5733167468940585,0.5734869529165335,0.57331913313147,0.013107001871155951,2.9889362094254888,0.9328365311443317,0.9357097250708203,0.959307666637579,0.1563627657910391,0.16031337106942872,0.16079987756910805,2.867434764582667,2.9889362094254888,2.999034711237426,1.3316510900833893e-08,0.013760459162165983,0.18097266695504285,0.7288975064541816,0.7314543876514819,0.7523287352070654,0.8999677122630421,0.9010128273634083,0.909508629002353,0.9486661418645596,0.9492160507373754,0.9536815057662626,1.0,0.0,0.0,0.0,0.0,0.0001961780821233411,-0.57331913313147,0.5734869529165335,0.027197322308650115
84.80000000000001,0.5733117613483728,0.5734800967481994,0.5733141206980346,0.013107476477743497,2.988902355466877,0.9327977379320558,0.9356707761760791,0.9592834661979872,0.15636671045161263,0.16032005690393264,0.1608065649178556,2.867400483740997,2.988902355466877,2.9989998212749773,1.3333773051174133e-08,0.013761335293646634,0.1809798275742364,0.7288626569261337,0.7314194765276509,0.7523076291481232,0.8999533707369127,0.9009984834007458,0.9095001246361826,0.948658583008893,0.9492084935932915,0.9536770470306628,1.0,0.0,0.0,0.0,0.0,0.000193317527372186,-0.5733141206980346,0.5734800967481994,0.027197196423689275
85.0,0.5733068396142953,0.5734733190842922,0.573309172857137,0.013107945740841667,2.9888688742085554,0.932759511037456,0.9356323954115534,0.9592596248817813,0.15637059676986398,0.16032664578295816,0.16081315518633887,2.867366595421461,2.9888688742085554,2.998965308827179,1.3311263054049598e-08,0.013762200276737569,0.1809868959183756,0.7288283146672269,0.7313850730905258,0.7522868357345723,0.8999392375185742,0.9009843475655056,0.909491746090183,0.9486511338851598,0.9492010460400924,0.9536726542406582,1.0,0.0,0.0,0.0,0.0,0.00019049669349063825,-0.573309172857137,0.5734733190842922,0.02719706743718171
85.2,0.5733019818010764,0.5734666192507568,0.5733042888765775,0.013108409720956794,2.988835762801725,0.9327218425827568,0.93559457488478,0.9592361375589527,0.15637442557337067,0.1603331390366898,0.16081964970890136,2.867333096253784,2.988835762801725,2.998931171140778,1.3309196029801423e-08,0.013763054252709886,0.1809938730334607,0.7287944726648918,0.7313511703329936,0.7522663505171019,0.8999253097415764,0.9009704169988355,0.9094834915784463,0.9486437929851221,0.9491937065742417,0.9536683264608198,1.0,0.0,0.0,0.0,0.0,0.00018771506442845365,-0.5733042888765775,0.5734666192507568,0.02719693547664539
85.4,0.5732971875194013,0.573459996573639,0.5732994680302544,0.013108868468263842,2.9888030183969,0.9326847247928531,0.9355573068058877,0.9592129991695865,0.15637819767857458,0.1603395379785059,0.1608260498029649,2.867299982868195,2.9888030183969,2.998897405486266,1.3349385672250448e-08,0.013763897350749657,0.18100075995677928,0.7287611239966744,0.731317761337695,0.7522461691067001,0.8999115845759181,0.9009566888781035,0.9094753593391309,0.9486365588196696,0.9491864737111998,0.9536640627683056,1.0,0.0,0.0,0.0,0.0,0.00018497213017711067,-0.5732994680302544,0.573459996573639,0.027196800674401334
85.60000000000001,0.5732924547885759,0.5734534503793908,0.573294709598456,0.013109322000008361,2.988770638167683,0.9326481499939884,0.9355205834864166,0.9591902047228333,0.1563819138909408,0.16034584390515894,0.16083235676923485,2.8672672518969535,2.988770638167683,2.9988640092127388,1.3342876289052601e-08,0.013764729663748783,0.1810075577164914,0.7287282618291065,0.7312848392760279,0.7522262871737786,0.8998980592276017,0.9009431604165073,0.909467347634115,0.9486294299185867,0.9491793459852185,0.9536598622526807,1.0,0.0,0.0,0.0,0.0,0.00018226738671409115,-0.573294709598456,0.5734534503793908,0.027196663178595624
85.80000000000001,0.5732877839271321,0.573446979995062,0.5732900128673092,0.013109770380824873,2.988738619231587,0.9326121106129719,0.9354843973381117,0.9591677492962767,0.1563855750050522,0.1603520580969594,0.16083857189181305,2.86723489997531,2.988738619231587,2.998830979505172,1.3364570677640077e-08,0.013765551334396465,0.1810142673324154,0.7286958794170664,0.731252397407131,0.7522067004476508,0.8998847309383868,0.9009298288626735,0.9094594547487926,0.9486224048304251,0.9491723219491353,0.9536557240158111,1.0,0.0,0.0,0.0,0.0,0.00017960033596801928,-0.5732900128673092,0.573446979995062,0.027196523102838117
86.0,0.573283173426045,0.5734405847487578,0.5732853771294324,0.013110213637493031,2.988706958736343,0.9325765991752406,0.9354487408717478,0.9591456280349873,0.15638918180475547,0.1603581818179556,0.16084469643851043,2.867202923743789,2.988706958736343,2.998798313657238,1.3356457488901596e-08,0.013766362463829335,0.18102088981509656,0.7286639701020928,0.7312204290768898,0.752187404715726,0.8998715969851149,0.9009166915002693,0.9094516789917574,0.9486154821221509,0.9491654001741687,0.9536516471716978,1.0,0.0,0.0,0.0,0.0,0.0001769704857925991,-0.5732853771294324,0.5734405847487578,0.02719638058211279
86.2,0.5732786234249571,0.5734342639694908,0.5732808016833429,0.013110651830730877,2.9886756537891523,0.9325416083042982,0.9354136066959381,0.9591238361506389,0.15639273506329704,0.1603642163161166,0.16085073166092273,2.867171319847454,2.988675653789153,2.9987660088461583,1.3378607233742192e-08,0.013767163188594434,0.1810274261666529,0.7286325273119416,0.7311889277169279,0.7521683958227644,0.899858654679543,0.9009037456476036,0.9094440186945062,0.9486086603790579,0.9491585792497127,0.9536476308463236,1.0,0.0,0.0,0.0,0.0,0.00017437734986852638,-0.5732808016833429,0.5734342639694908,0.027196235726398846
86.4,0.5732741323627409,0.5734280169873458,0.573276285833902,0.013111084986012454,2.9886447015268844,0.9325071307202182,0.935378987515988,0.9591023689203959,0.1563962355434968,0.16037016282350786,0.1608566787946684,2.867140084936729,2.9886447015268844,2.9987340623474785,1.3369020209459026e-08,0.013767953606507835,0.18103387738013998,0.7286015445592939,0.7311578868436387,0.7521496696699252,0.899845901367829,0.9008909886572473,0.9094364722110642,0.9486019382044996,0.9491518577831363,0.9536436741774563,1.0,0.0,0.0,0.0,0.0,0.00017182044762432958,-0.573276285833902,0.5734280169873458,0.02719608866488828
86.60000000000001,0.5732697001047774,0.5734218431335678,0.5732718288918526,0.013111513158142112,2.988614099052507,0.9324731592388956,0.9353448761327422,0.9590812216862569,0.1563996839978474,0.16037602255646868,0.16086253905949763,2.867109215667839,2.9886140990525076,2.9987024713337074,1.3367866749075056e-08,0.013768733845882907,0.1810402444402106,0.7285710154411414,0.7311273000572072,0.7521312222142236,0.8998333344302955,0.9008784179156489,0.90942903791777,0.948595314219766,0.9491452343995853,0.9536397763145374,1.0,0.0,0.0,0.0,0.0,0.00016929930418940753,-0.5732718288918526,0.5734218431335678,0.027195939504279502
86.80000000000001,0.573265326408148,0.5734157417408147,0.5732674301741026,0.013111936399542112,2.9885838434677554,0.9324396867706004,0.9353112654414466,0.9590603898543172,0.15640308116862717,0.16038179671578792,0.16086831365952264,2.8670787087040734,2.9885838434677554,2.9986712329822165,1.3405679670362496e-08,0.013769504031548314,0.1810465283227105,0.7285409336375379,0.7310971610406442,0.7521130494679011,0.8998209512809302,0.9008660308427521,0.9094217142130292,0.948588787063823,0.9491387077417816,0.9536359364185536,1.0,0.0,0.0,0.0,0.0,0.00016681345035793327,-0.5732674301741026,0.5734157417408147,0.027195788350816232
87.0,0.5732610098185436,0.5734097121433329,0.5732630890038155,0.013112354737452392,2.988553931896862,0.9324067063187231,0.9352781484306327,0.9590398688937669,0.15640642778805636,0.16038748648687634,0.16087400378341524,2.8670485607166643,2.988553931896862,2.998640344539089,1.342634216563745e-08,0.013770264260416058,0.18105272999454927,0.7285112929105201,0.7310674635588391,0.7520951474975756,0.8998087493669582,0.9008538248916222,0.9094144995169771,0.9485823553930888,0.9491322764698296,0.9536321536618602,1.0,0.0,0.0,0.0,0.0,0.00016436242252317046,-0.5732630890038155,0.5734097121433329,0.02719563532330107
87.2,0.5732567492788007,0.5734037536771476,0.5732588047102541,0.013112768207133463,2.988524361454251,0.9323742109788763,0.9352455181810064,0.9590196543360534,0.1564097245784266,0.16039309303993812,0.1608796106045434,2.8670187683857375,2.988524361454251,2.9986098032103126,1.340450472865391e-08,0.013771014637087594,0.18105885041392264,0.7284820871033563,0.7310382014576173,0.7520775124235308,0.8997967261685476,0.9008417975480763,0.9094073922711978,0.9485760178812802,0.9491259392610224,0.9536284272280353,1.0,0.0,0.0,0.0,0.0,0.00016194576262476557,-0.5732588047102541,0.5734037536771476,0.02719548053041217
87.4,0.5732525453166633,0.5733978656801413,0.573254576628591,0.013113176876401988,2.9884951292208526,0.9323421939378695,0.9352133678643274,0.9589997417742582,0.1564129722521958,0.16039861753014548,0.16088513528113033,2.8669893284007064,2.9884951292208526,2.9985796061024277,1.3424930465575867e-08,0.013771755300171986,0.1810648905305842,0.7284533101396693,0.7310093686627834,0.7520601404191931,0.8997848791984616,0.9008299463303026,0.9094003909385187,0.9485697732192322,0.9491196948096433,0.9536247563117723,1.0,0.0,0.0,0.0,0.0,0.00015956301810401974,-0.573254576628591,0.5733978656801413,0.02719532405835573
87.60000000000001,0.5732483963562146,0.5733920474921871,0.5732504041002847,0.013113580769429353,2.988466232321132,0.9323106484721321,0.9351816907423256,0.9589801268620627,0.15641617151215023,0.16040406109780653,0.16089057895650935,2.866960237460935,2.988466232321132,2.998549750457121,1.3420216654153918e-08,0.013772486340597936,0.18107085128530756,0.7284249560220706,0.7309809591792,0.7520430277102466,0.8997732060015127,0.9008182687884979,0.9093934940026597,0.9485636201146107,0.9491135418267777,0.9536211401186968,1.0,0.0,0.0,0.0,0.0,0.0001572137418283659,-0.5732504041002847,0.5733920474921871,0.02719516601921176
87.80000000000001,0.5732443025526149,0.5733862984550119,0.573246286472612,0.013113979945961094,2.9884376678446967,0.9322795679473641,0.9351504801656129,0.9589608053130381,0.15641932305151388,0.16040942486853482,0.16089594275916697,2.8669314922750595,2.9884376678446967,2.9985202333978354,1.3449181332809924e-08,0.01377320788656314,0.18107673361055424,0.728397018831887,0.7309529670898605,0.7520261705740323,0.8997617041544618,0.9008067625045,0.9093866999679955,0.9485575572918623,0.9491074790401196,0.9536175778652425,1.0,0.0,0.0,0.0,0.0,0.00015489749201255676,-0.573246286472612,0.5733862984550119,0.027195006498707017
88.0,0.573240262574042,0.5733806179125189,0.5732422230990384,0.013114374434814663,2.9884094329135915,0.9322489458169494,0.9351197295726309,0.9589417728997971,0.15642242755408048,0.16041470995341325,0.16090122780300045,2.8669030895625944,2.9884094329135915,2.9984910521418495,1.3462421903430694e-08,0.013773920032238813,0.18108253842994504,0.7283694927277856,0.7309253865549913,0.7520095653388272,0.8997503712654666,0.9007954250914322,0.90938000735927,0.9485515834919251,0.9491015051937884,0.9536140687785022,1.0,0.0,0.0,0.0,0.0,0.00015261383218168056,-0.5732422230990384,0.5733806179125189,0.027194845599712723
88.2,0.5732362754574304,0.5733750052110941,0.5732382133391039,0.013114764272188929,2.9883815246447485,0.9322187756209467,0.935089432488596,0.9589230254533718,0.15642548569430909,0.16041991744915912,0.1609064351874759,2.8668750260554705,2.9883815246447485,2.9984622038763047,1.34376600238615e-08,0.01377462287885579,0.1810882666584231,0.728342371944906,0.7308982118111494,0.7519932083833192,0.8997392049737378,0.9007842541933481,0.9093734147213907,0.9485456974720484,0.9490956190481407,0.9536106120961205,1.0,0.0,0.0,0.0,0.0,0.00015036233115515996,-0.5732382133391039,0.5733750052110941,0.02719468341630573
88.4,0.5732323414604299,0.5733694596996303,0.5732342565582361,0.013115149519270015,2.988353940133095,0.9321890509851263,0.9350595825244307,0.9589045588624855,0.15642849813743684,0.16042504843829106,0.16091156599777887,2.8668472984981515,2.988353940133095,2.9984336857139966,1.3438850813483452e-08,0.013775316553597093,0.18109391920251988,0.7283156507940397,0.7308714371703117,0.7519770961359858,0.8997282029492127,0.9007732474848664,0.9093669206191808,0.9485398980056237,0.9490898193795814,0.9536072070661652,1.0,0.0,0.0,0.0,0.0,0.00014814256298426032,-0.5732342565582361,0.5733694596996303,0.027194520024608003
88.60000000000001,0.5732284601608875,0.573363980729381,0.5732303521278349,0.013115530222979947,2.988326676491495,0.9321597656198989,0.9350301733757247,0.958886369072619,0.15643146553962547,0.1604301039892927,0.16091662130498408,2.866819903646905,2.988326676491495,2.998405494819676,1.3478733737520774e-08,0.013776001167519317,0.18109949696023583,0.7282893236607082,0.7308450570189814,0.7519612250743019,0.8997173628921887,0.9007624026708201,0.9093605236370665,0.9485341838819916,0.949084104980381,0.9536038529469626,1.0,0.0,0.0,0.0,0.0,0.0001459541068535436,-0.5732303521278349,0.573363980729381,0.02719435550903935
88.80000000000001,0.5732246296594089,0.5733585676541069,0.5732264994254165,0.013115906399478364,2.9882997308679538,0.932130654580452,0.935001198821729,0.9588684520851135,0.15643438854810224,0.16043508515676938,0.1609216468344927,2.866792838270534,2.9882997308679538,2.998377628445083,1.3466975240771236e-08,0.013776676797867947,0.18110500082083356,0.7282631523903526,0.7308190658173337,0.7519455917239669,0.8997065867519874,0.9007517174859155,0.9093542223787696,0.9485285034167373,0.9490784746584958,0.9536005490069377,1.0,0.0,0.0,0.0,0.0,0.00014379654701909828,-0.5732264994254165,0.5733585676541069,0.02719418996940681
89.0,0.5732208505004366,0.5733532198302539,0.5732226978341344,0.013116278115169296,2.9882731003652854,0.9321016542984015,0.9349726527243337,0.9588508039567711,0.15643726780121947,0.16043999298160966,0.1609266535557282,2.8667660991512696,2.988273100365286,2.998350083685092,1.348755081603247e-08,0.013777343574961083,0.18111043166552226,0.7282370798465065,0.7307934580983342,0.7519301926585747,0.8996958510061618,0.9007411896943831,0.9093480154671771,0.9485228442108832,0.9490729272373871,0.9535972945245469,1.0,0.0,0.0,0.0,0.0,0.00014166947279328768,-0.5732226978341344,0.5733532198302539,0.027194023470323313
89.2,0.5732171211991527,0.5733479366173633,0.5732189467434374,0.013116645394245414,2.9882467821341803,0.9320730831530577,0.9349445290270709,0.9588334207990844,0.15644010392857516,0.1604448284911422,0.16093158649381165,2.8667396830868164,2.9882467821341803,2.998322857772161,1.3477107959497282e-08,0.01377800158304303,0.18111579036651787,0.7282113922898065,0.7307682284668867,0.7519150244989566,0.8996852735337455,0.9007308170896382,0.909341901544083,0.9485172684037296,0.9490674615558425,0.9535940887881417,1.0,0.0,0.0,0.0,0.0,0.00013957247853009502,-0.5732189467434374,0.5733479366173633,0.027193856101637846
89.4,0.5732134420374329,0.5733427173778062,0.573215245548412,0.013117008297147506,2.9882207732953505,0.9320449350728113,0.9349168217540981,0.9588162987774934,0.1564428975511289,0.16044959269929646,0.16093644668353035,2.866713586889031,2.9882207732953505,2.998295947829287,1.3499067568554323e-08,0.013778650944444434,0.1811210777879828,0.728186084298084,0.7307433715989587,0.7519000839125485,0.8996748521131209,0.9007205974939333,0.9093358792699356,0.9485117748256343,0.9490620764677962,0.9535909310958383,1.0,0.0,0.0,0.0,0.0,0.00013750516352713238,-0.573215245548412,0.5733427173778062,0.027193687927652956
89.60000000000001,0.5732098115831739,0.5733375614768591,0.5732115936502128,0.013117366848629455,2.9881950710120475,0.9320172040668934,0.9348895250092303,0.9587994341104045,0.1564456492813571,0.16045428660675518,0.16094123514616376,2.8666878073842956,2.9881950710120475,2.9982693510933145,1.3493576645963607e-08,0.013779291742440403,0.18112629478541034,0.7281611505206278,0.7307188822407519,0.7518853676125475,0.8996645845517265,0.9007105287580279,0.909329947323502,0.9485063623222227,0.9490567708421543,0.9535878207553412,1.0,0.0,0.0,0.0,0.0,0.00013546713194736992,-0.5732115936502128,0.5733375614768591,0.027193519033197236
89.80000000000001,0.5732062300384854,0.5733324682827025,0.5732079904555445,0.013117721106950284,2.988169672421462,0.9319898842248063,0.9348626329749585,0.9587828230687321,0.15644835972332286,0.16045891120110992,0.1609459528895684,2.8666623414135124,2.988169672421462,2.9982430646998988,1.351775083905993e-08,0.013779924095472585,0.1811314422063649,0.7281365856777104,0.7306947552078574,0.7518708723575258,0.8996544686858717,0.900700608760853,0.9093241044017166,0.9485010297542928,0.9490515435626202,0.9535847570838647,1.0,0.0,0.0,0.0,0.0,0.0001334579927793761,-0.5732079904555445,0.5733324682827025,0.02719334947918652
90.0,0.5732026962643884,0.5733274371667677,0.5732044353771628,0.013118071102359553,2.988144574696782,0.93196296971474,0.9348361399114994,0.9587664619752094,0.15645102947278364,0.16046346745701154,0.16095060090843819,2.8666371858338384,2.988144574696782,2.9982170858779433,1.3531686575892439e-08,0.01378054809117643,0.1811365208897673,0.7281123845591984,0.7306709853844391,0.7518565949508446,0.899644502380177,0.900690835409184,0.9093183492194483,0.9484957759975204,0.9490463935275257,0.953581739408011,1.0,0.0,0.0,0.0,0.0,0.00013147735981938746,-0.5732044353771628,0.5733274371667677,0.027193179342448352
90.2,0.5731992093143804,0.5733224675038335,0.5732009278336797,0.013118416868780921,2.9881197750160338,0.9319364547828348,0.9348100401558416,0.9587503472036928,0.15645365911730044,0.16046795633632177,0.16095518018441918,2.8666123375191677,2.9881197750160338,2.99819141184526,1.3509982869067297e-08,0.013781163820375591,0.18114153166617178,0.728088542023926,0.7306475677224117,0.7518425322400588,0.8996346835273248,0.9006812066373159,0.9093126805092644,0.9484905999423296,0.9490413196496567,0.9535787670636475,1.0,0.0,0.0,0.0,0.0,0.00012952485162390226,-0.5732009278336797,0.5733224675038335,0.027193008694059072
90.4,0.5731957693646926,0.5733175586719466,0.5731974672493015,0.01311875846304904,2.9880952705433375,0.9319103337523993,0.9347843281207883,0.9587344751784824,0.15645624923634388,0.1604723787882654,0.16095969168623225,2.8665877933597326,2.9880952705433375,2.9981660397569785,1.3506703151943456e-08,0.013781771397729016,0.18114647535814069,0.7280650529990234,0.7306244972406162,0.7518286811163385,0.8996250100477935,0.9006717204067309,0.9093070970212004,0.9484855004937542,0.9490363208560849,0.9535758393957857,1.0,0.0,0.0,0.0,0.0,0.00012760009143783502,-0.5731974672493015,0.5733175586719466,0.027192837588764156
90.60000000000001,0.5731923761435851,0.5733127100523512,0.5731940530539295,0.013119095932453936,2.9880710584618493,0.9318846010228575,0.934758998294021,0.9587188423736013,0.15645880040140778,0.16047673574957919,0.16096413636984302,2.866563550261756,2.9880710584618497,2.9981409668118624,1.354117195524492e-08,0.01378237092692521,0.18115135278010078,0.7280419124790037,0.7306017690240125,0.7518150385138505,0.8996154798894913,0.9006623747057791,0.909301597522515,0.9484804765712452,0.9490313960879954,0.953572955758454,1.0,0.0,0.0,0.0,0.0,0.0001257027071252942,-0.5731940530539295,0.5733127100523512,0.02719266608702201
90.80000000000001,0.5731890279672176,0.5733079210296589,0.5731906846833688,0.01311942929479161,2.9880471359941927,0.9318592510687289,0.9347340452371972,0.9587034453120307,0.15646131317612952,0.16048102814465548,0.16096851517862626,2.8665396051482945,2.9880471359941927,2.998116190300028,1.3533857678199119e-08,0.01378296247928878,0.1811561647380447,0.7280191155248794,0.7305793782229016,0.7518016014091037,0.899606091027402,0.9006531675493671,0.909296180797429,0.9484755271084863,0.9490265443005276,0.9535701155145605,1.0,0.0,0.0,0.0,0.0,0.0001238323311226891,-0.5731906846833688,0.5733079210296589,0.027192494264691624
91.0,0.573185725193996,0.5733031909919338,0.5731873615788469,0.013119758609760529,2.988023500331528,0.9318342784390434,0.9347094635850295,0.9586882805653026,0.1564637881163527,0.16048525688568974,0.16097282904345567,2.866515954959669,2.988023500331528,2.9980917073859437,1.355162800968723e-08,0.013783546170382723,0.18116091203021867,0.7279966572636609,0.73055732005213,0.7517883668206062,0.899596841463387,0.900644096978639,0.9092908456469905,0.9484706510532898,0.9490217644626076,0.9535673180358233,1.0,0.0,0.0,0.0,0.0,0.00012198860041275073,-0.5731873615788469,0.5733031909919338,0.027192322168096802
91.2,0.5731824664838946,0.5732985193310104,0.5731840831875432,0.013120083901617136,2.988000148711315,0.9318096777556967,0.9346852480443896,0.958673344752797,0.15646622577023764,0.16048942287282295,0.16097707888297683,2.866492596655052,2.9880001487113153,2.998067515355756,1.3537230974571889e-08,0.013784122077039907,0.1811655954463668,0.7279745328869167,0.7305355897903157,0.7517753318082616,0.8995877292256028,0.9006351610606694,0.9092855908888342,0.9484658473672912,0.9490170555567858,0.9535645627026446,1.0,0.0,0.0,0.0,0.0,0.00012017115650420074,-0.5731840831875432,0.5732985193310104,0.02719214986481217
91.4,0.5731792519440968,0.5732939054422954,0.5731808489620591,0.013120405224216546,2.987977078352672,0.9317854437131735,0.9346613933933967,0.9586586345411006,0.15646862667836228,0.1604935269942885,0.16098126560364437,2.866469527211477,2.987977078352672,2.9980436114117635,1.353772408182379e-08,0.013784690307152892,0.18117021576848694,0.7279527376505474,0.7305141827790604,0.7517624934728232,0.8995787523684149,0.9006263578881457,0.9092804153569655,0.9484611150259051,0.9490124165790733,0.9535618489039976,1.0,0.0,0.0,0.0,0.0,0.00011837964535038603,-0.5731808489620591,0.5732939054422954,0.02719197740139252
91.60000000000001,0.5731760813399916,0.5732893487246561,0.5731776583605732,0.013120722624040274,2.9879542864937423,0.9317615710775655,0.9346378944805335,0.9586441466432694,0.15647099137383874,0.16049757012655322,0.1609853900998811,2.86644674362328,2.9879542864937423,2.998019992792962,1.3574254239552504e-08,0.013785250960017613,0.18117477377060962,0.7279312668739304,0.7304930944221834,0.7517498489552579,0.8995699089720556,0.9006176855790634,0.9092753179015062,0.9484564530181456,0.9490078465387803,0.9535591760372942,1.0,0.0,0.0,0.0,0.0,0.00011661371727232639,-0.5731776583605732,0.5732893487246561,0.02719180482840089
91.80000000000001,0.5731729532879323,0.5732848485805618,0.5731745108468964,0.013121036123492422,2.9879317704088053,0.9317380546855565,0.9346147462237895,0.9586298778181583,0.15647332038241912,0.16050155313445452,0.16098945325424333,2.8664242429028093,2.9879317704088053,2.9979966568183545,1.3585970958999937e-08,0.013785804108417989,0.18117927021871935,0.7279101159390412,0.7304723201849818,0.7517373954361748,0.8995611971422692,0.9006091422764302,0.9092702973884671,0.9484518603464407,0.9490033444583624,0.9535565435082651,1.0,0.0,0.0,0.0,0.0,0.00011487302691708112,-0.5731745108468964,0.5732848485805618,0.02719163220921268
92.0,0.5731698670621374,0.5732804044163723,0.5731714058903661,0.013121345758230003,2.987909527371319,0.9317148894435509,0.9345919436098014,0.9586158248699943,0.1564756142225617,0.1605054768713391,0.16099345593756118,2.866402022081861,2.987909527371319,2.997973600768198,1.3560696126066336e-08,0.013786349838686545,0.18118370587090565,0.7278892802896896,0.7304518555934866,0.7517251301354604,0.8995526150100065,0.9006007261479664,0.9092653526996045,0.9484473360264717,0.948998909373263,0.9535539507308859,1.0,0.0,0.0,0.0,0.0,0.00011315723325565352,-0.5731714058903661,0.5732804044163723,0.027191459595176264
92.2,0.5731668233509785,0.5732760156423334,0.5731683429656966,0.013121651592807737,2.987887554638603,0.9316920703268187,0.9345694816929752,0.9586019846479215,0.15647787340550154,0.16050934217920404,0.16099739900907714,2.866380078211667,2.987887554638603,2.9979508218518687,1.3584199741493403e-08,0.013786888267501211,0.1811880814775762,0.7278687554307803,0.7304316962336975,0.7517130503118927,0.8995441607311278,0.9005924353857994,0.9092604827322663,0.9484428790870181,0.9489945403317548,0.9535513971272962,1.0,0.0,0.0,0.0,0.0,0.00011146599954366121,-0.5731683429656966,0.5732760156423334,0.02719128701897505
92.4,0.573163820538509,0.5732716816725195,0.5731653215532879,0.013121953643801384,2.987865849529032,0.9316695923783486,0.9345473555946487,0.9585883540450417,0.15648009843540397,0.16051314988883175,0.16100128331663463,2.8663584083625975,2.987865849529032,2.9979283174402256,1.3577029949208163e-08,0.013787419459405061,0.18119239778101714,0.7278485369273084,0.7304118377508614,0.7517011532623137,0.899535832485996,0.9005842682061748,0.9092556863990622,0.9484384885697444,0.9489902363947864,0.9535488821276273,1.0,0.0,0.0,0.0,0.0,0.00010979899323212972,-0.5731653215532879,0.5732716816725195,0.027191114542709813
92.60000000000001,0.5731608589349046,0.5732674019245988,0.5731623411386647,0.013122251967289323,2.9878444093348917,0.931647450708818,0.9345255605022468,0.9585749299979135,0.15648228980944295,0.1605169008199254,0.16100510969667406,2.8663370096229936,2.987844409334892,2.997906084788204,1.359888145398489e-08,0.013787943520687244,0.1811966555161932,0.7278286204043526,0.7303922758487362,0.7516894363211999,0.8995276284794825,0.9005762228491605,0.9092509626276919,0.9484341635292037,0.9489859966358293,0.9535464051699126,1.0,0.0,0.0,0.0,0.0,0.0001081558858935655,-0.5731623411386647,0.5732674019245988,0.02719094220081014
92.80000000000001,0.5731579372007898,0.5732631758201906,0.5731594012129534,0.013122546584893199,2.987823231396663,0.931625640494972,0.9345040916684761,0.9585617094859858,0.1564844480178905,0.16052059578123992,0.1610088789745043,2.866315879100953,2.987823231396663,2.9978841212686818,1.3590160491371637e-08,0.013788460520025218,0.18120085541006656,0.7278090015456444,0.7303730062888938,0.7516778968601785,0.8995195469403844,0.9005682975783672,0.9092463103607537,0.9484299030325314,0.9489818201407302,0.9535439656999868,1.0,0.0,0.0,0.0,0.0,0.00010653635321654364,-0.5731594012129534,0.5732631758201906,0.02719077004799726
93.0,0.573155055705119,0.573259002784902,0.5731565012724328,0.013122837553208769,2.9878023130338747,0.9316041569791613,0.934482944410491,0.9585486895312766,0.15648657354416592,0.16052423557071616,0.16101259196437365,2.86629501392451,2.987802313033875,2.997862424158383,1.3613386830112624e-08,0.013788970562998345,0.18120499818223887,0.7277896760931765,0.7303540248899932,0.7516665322877558,0.8995115861212702,0.900560490680657,0.9092417285556365,0.948425706159365,0.9489777060075594,0.9535415631714305,1.0,0.0,0.0,0.0,0.0,0.00010494007498425273,-0.5731565012724328,0.573259002784902,0.027190598115000443
93.2,0.5731522133951796,0.5732548822483977,0.5731536408189374,0.01312312489907955,2.9877816516100992,0.9315829954681437,0.9344621141090879,0.9585358671975811,0.15648866686496227,0.16052782097561147,0.16101624946966883,2.8662744112419887,2.9877816516100997,2.997840990840806,1.3628194063880724e-08,0.013789473722637724,0.18120908454437512,0.7277706398461447,0.7303353275270815,0.7516553400486339,0.8995037442980511,0.900552800465862,0.9092372161842477,0.9484215720016187,0.9489736533464624,0.9535391970454273,1.0,0.0,0.0,0.0,0.0,0.00010336673501325222,-0.5731536408189374,0.5732548822483977,0.02719042645042223
93.4,0.5731494093327107,0.5732508136443344,0.5731508193595872,0.013123408651362117,2.987761244501448,0.9315621513326197,0.9344415962079078,0.9585232395898311,0.15649072845034787,0.16053135277262875,0.16101985228298699,2.866254068221672,2.987761244501448,2.997819818699394,1.3603574086551554e-08,0.013789970073523759,0.18121311520058972,0.727751888660556,0.7303169101309014,0.7516443176231606,0.8994960197698258,0.9005452252665065,0.9092327722327931,0.9484174996634033,0.9489696612795159,0.953536866790649,1.0,0.0,0.0,0.0,0.0,0.00010181602109111954,-0.5731508193595872,0.5732508136443344,0.027190255098729195
93.60000000000001,0.5731466438109692,0.5732467964103525,0.5731480364065498,0.013123688864030692,2.9877410890737157,0.9315416200064889,0.9344213862126369,0.9585108038536883,0.15649275876382998,0.16053483172804597,0.16102340118625633,2.8662339820517624,2.987741089073716,2.9977989050543603,1.3595933168931629e-08,0.013790459716589732,0.18121709084778603,0.7277334184485764,0.7302987686871917,0.7516334625269817,0.899488410858619,0.9005377634375262,0.9092283957016386,0.9484134882608879,0.9489657289405783,0.953534571883183,1.0,0.0,0.0,0.0,0.0,0.00010028762493816124,-0.5731480364065498,0.5732467964103525,0.027190084087203574
93.80000000000001,0.5731439167378711,0.57324282998806,0.5731452914771991,0.013123965582746533,2.9877211827160544,0.9315213969858307,0.9344014796902171,0.9584985571750211,0.15649475826243744,0.1605382585978448,0.16102689695090452,2.8662141499403,2.9877211827160544,2.9977782472735632,1.3630819953031762e-08,0.01379094274325114,0.18122101217542982,0.72771522517764,0.7302808992360029,0.7516227723105917,0.8994809159090197,0.9005304133559927,0.9092240856051323,0.948409536922111,0.9489618554751473,0.9535323118064396,1.0,0.0,0.0,0.0,0.0,9.878124216257389e-05,-0.5731452914771991,0.57324282998806,0.027189913448874403
94.0,0.5731412264439433,0.5732389138231144,0.5731425840943141,0.013124238820191954,2.987701522865869,0.9315014778280865,0.934381872268093,0.9584864967791838,0.15649672739683573,0.1605416341278322,0.16103034033799277,2.866194569115572,2.9877015228658697,2.997757842833305,1.3623213282269113e-08,0.01379141920894043,0.1812248798652656,0.7276973048697309,0.7302632978710412,0.7516122445587151,0.8994735332878924,0.9005231734208491,0.9092198409713561,0.9484056447868291,0.9489580400402214,0.9535300860510219,1.0,0.0,0.0,0.0,0.0,9.729657220795829e-05,-0.5731425840943141,0.5732389138231144,0.027189743234998114
94.2,0.5731385733716886,0.5732350473652067,0.5731399137855246,0.013124508632371688,2.987682106932758,0.931481858151745,0.934362559633436,0.9584746199306782,0.15649866661137962,0.16054495905376712,0.16103373209826266,2.8661752368260336,2.987682106932758,2.9977376890847074,1.3640386510941172e-08,0.0137918892150066,0.1812286945921076,0.7276796536011195,0.7302459607389911,0.7516018768900148,0.8994662613842741,0.9005160420526386,0.9092156608420111,0.948401811006462,0.9489542818041563,0.953527894114666,1.0,0.0,0.0,0.0,0.0,9.583331832035968e-05,-0.5731399137855246,0.5732350473652067,0.02718957346679259
94.4,0.5731359562606356,0.5732312300683703,0.573137280083863,0.013124775039693237,2.9876629323776065,0.931462533634767,0.9343435375323978,0.9584629239325859,0.1565005763442033,0.16054823410148186,0.16103707297240152,2.8661561503418516,2.9876629323776065,2.997717783507393,1.3624257587673966e-08,0.013792352824017558,0.18123245702305285,0.7276622675009664,0.7302288840388644,0.7515916669566066,0.899459098608805,0.9005090176932408,0.909211544272223,0.9483980347437952,0.9489505799465275,0.9535257355021395,1.0,0.0,0.0,0.0,0.0,9.439118753974685e-05,-0.573137280083863,0.5732312300683703,0.027189404187545223
94.60000000000001,0.5731333753236024,0.5732274613907807,0.5731346825272439,0.013125038092674705,2.9876439966470705,0.9314435000144243,0.9343248017693431,0.958451406126096,0.15650245702729518,0.16055145998700726,0.16104036369106348,2.866137306953904,2.9876439966470705,2.997698123500914,1.3623500938533549e-08,0.013792810130294313,0.18123616781822297,0.7276451427511952,0.7302120640213302,0.751581612443652,0.8994520433936818,0.9005020988056041,0.9092074903303804,0.9483943151729542,0.9489469336579904,0.9535236097251564,1.0,0.0,0.0,0.0,0.0,9.296989063309335e-05,-0.5731346825272439,0.5732274613907807,0.027189235419715477
94.80000000000001,0.5731308304167462,0.5732237407945936,0.5731321206586043,0.013125297834111075,2.987625297211582,0.9314247530864804,0.934306348206109,0.9584400638898652,0.15650430908659987,0.16055463741669349,0.16104360497500422,2.8661187039729676,2.987625297211582,2.9976787065082338,1.3659715352470658e-08,0.013793261219311338,0.1812398276305652,0.7276282755857729,0.7301954969880698,0.7515717110688068,0.899445094192366,0.9004952838734828,0.9092034980979146,0.9483906514792533,0.9489433421401414,0.9535215163022622,1.0,0.0,0.0,0.0,0.0,9.156914202064492e-05,-0.5731321206586043,0.5732237407945936,0.02718906719062166
95.0,0.5731283202176624,0.5732200677460243,0.5731295940259513,0.013125554282063651,2.987606831582558,0.9314062887043576,0.9342881727612912,0.9584288946394339,0.15650613294211127,0.1605577670873262,0.16104679753521856,2.8661003387301216,2.987606831582558,2.9976595300593774,1.3670184387020152e-08,0.013793706149443734,0.18124343710578372,0.7276116622899806,0.730179179291152,0.7515619605817192,0.8994382494792899,0.9004885714011891,0.9091995666690984,0.9483870428590395,0.9489398046053891,0.9535194547587287,1.0,0.0,0.0,0.0,0.0,9.018865973441093e-05,-0.5731295940259513,0.5732200677460243,0.027188899541379524
95.2,0.573125844086632,0.5732164417156133,0.5731271021822452,0.013125807468335042,2.9875885972740885,0.9313880990299801,0.9342702714095262,0.9584178958269187,0.15650792900792054,0.16056084968624432,0.1610499427212154,2.8660822085780664,2.9875885972740885,2.9976405916485964,1.364289948742812e-08,0.013794144993271754,0.18124699688250678,0.7275952958270272,0.7301631073324067,0.7515523587637667,0.8994315063599876,0.9004819599133376,0.9091956951509419,0.9483834877869337,0.9489363202768188,0.9535174246264995,1.0,0.0,0.0,0.0,0.0,8.882816542415961e-05,-0.5731271021822452,0.5732164417156133,0.027188732501242874
95.4,0.5731234028250092,0.5732128621782029,0.5731246446852495,0.01312605745416603,2.98757059178738,0.9313698481082064,0.9342526401807537,0.9584070649406874,0.1565096976922671,0.16056388589146064,0.16105309862100348,2.8660643108910144,2.98757059178738,2.9976218887023465,1.3665987787274987e-08,0.013794577854437915,0.18125050759250064,0.7275788739215525,0.7301472775627791,0.7515429034277786,0.8994247402962692,0.9004754479545852,0.9091918826630832,0.9483799206047967,0.9489328883880583,0.9535154254441329,1.0,0.0,0.0,0.0,0.0,8.748738432788616e-05,-0.5731246446852495,0.5732128621782029,0.027188566081008624
95.60000000000001,0.5731209948674655,0.5732093286128492,0.573122221097854,0.013126304251477983,2.9875528126896276,0.9313518726260764,0.9342352751595172,0.9583963995045052,0.15651143939767576,0.16056687637177597,0.16105620701341813,2.866046643064246,2.9875528126896276,2.9976034188174308,1.3657458233835358e-08,0.013795004783113391,0.1812539698602085,0.7275626995253514,0.7301316864817182,0.7515335924172976,0.8994180761104484,0.9004690340893862,0.9091881283374913,0.9483764071212767,0.9489295081831475,0.9535134567566463,1.0,0.0,0.0,0.0,0.0,8.616604518717208e-05,-0.573122221097854,0.5732093286128492,0.02718840032232482
95.80000000000001,0.5731186206262525,0.57320584050254,0.5731198309874773,0.013126547912754227,2.9875352575242897,0.9313341685909812,0.9342181724842601,0.9583858970771335,0.15651315452102024,0.16056982178689522,0.1610592685834082,2.8660292025126997,2.9875352575242897,2.9975851794752773,1.367861913962095e-08,0.013795425872491055,0.18125738430360375,0.7275467690606744,0.7301163306365605,0.7515244236062345,0.8994115123329165,0.9004627169017413,0.9091844313183289,0.9483729465621611,0.9489261789164074,0.9535115181154448,1.0,0.0,0.0,0.0,0.0,8.486388017801827e-05,-0.5731198309874773,0.57320584050254,0.027188235238932705
96.0,0.5731162788268117,0.5732023973345286,0.5731174739265619,0.013126788455212616,2.9875179238870446,0.9313167320649716,0.934201328346653,0.9583755552518677,0.1565148434535968,0.16057272278753668,0.16106228400665684,2.866011986672643,2.9875179238870446,2.997567168281934,1.3668528029099517e-08,0.013795841177389863,0.18126075153348303,0.7275310789984505,0.7301012066219433,0.7515153948984702,0.899405047513968,0.900456494994962,0.909180790761794,0.9483695381637104,0.9489228998523173,0.9535096090782376,1.0,0.0,0.0,0.0,0.0,8.358062491146956e-05,-0.5731174739265619,0.5732023973345286,0.027188070865920108
96.2,0.5731139699355446,0.5731989986003465,0.5731151494921127,0.013127025931716238,2.987500809355004,0.9312995591644745,0.9341847389908983,0.9583653716563318,0.1565165065811557,0.16057558001554723,0.1610652539496251,2.8659949930017325,2.987500809355004,2.9975493827489057,1.3691044072355312e-08,0.0137962507903842,0.1812640721541245,0.7275156258580459,0.7300863110791918,0.7515065042276831,0.8993986802237065,0.9004503669914241,0.9091772058360508,0.9483661811726094,0.9489196702653832,0.9535077292090027,1.0,0.0,0.0,0.0,0.0,8.23160184187377e-05,-0.5731151494921127,0.5731989986003465,0.027187907214415788
96.4,0.5731116929706479,0.5731956437958458,0.5731128572661063,0.01312726036479577,2.9874839115527756,0.9312826460592225,0.9341684007130568,0.958355343951792,0.15651814428401145,0.16057839410401234,0.16106817906973125,2.8659782189792287,2.9874839115527756,2.997531820500071,1.3705022880311273e-08,0.013796654770982617,0.18126734676270534,0.7275004062063163,0.7300716406957319,0.7514977495567546,0.8993924090516582,0.9004443315323273,0.9091736757209924,0.948362874845764,0.9489164894400153,0.9535058780778627,1.0,0.0,0.0,0.0,0.0,8.106980309720291e-05,-0.5731128572661063,0.5731956437958458,0.02718774431430741
96.60000000000001,0.5731094470660095,0.5731923324211,0.5731105968352039,0.01312749177900671,2.987467228120202,0.9312659889719542,0.9341523098603868,0.9583454698326109,0.15651975693713008,0.16058116567736502,0.16107106001539734,2.8659616621055,2.987467228120202,2.9975144791624984,1.3678867213103562e-08,0.01379705318037268,0.1812705759497086,0.7274854166573519,0.730057192204509,0.7514891288772987,0.8993862326066712,0.9004383872774636,0.9091701996080522,0.9483596184502483,0.9489133566704032,0.953504055260985,1.0,0.0,0.0,0.0,0.0,7.984172465204387e-05,-0.5731105968352039,0.5731923324211,0.027187582191779622
96.80000000000001,0.5731072326065398,0.5731890639803723,0.5731083677905217,0.013127720224423605,2.9874507566889528,0.9312495841777297,0.9341364628306693,0.9583357470259465,0.1565213449101767,0.1605838953514965,0.16107389742616238,2.8659453199018614,2.987450756688953,2.997497356301985,1.36700222667284e-08,0.013797446106650204,0.18127376029925477,0.7274706538718753,0.7300429623834002,0.7514806402094009,0.8993801495166723,0.9004325329049782,0.9091667767001004,0.9483564112631776,0.9489102712603915,0.9535022603405293,1.0,0.0,0.0,0.0,0.0,7.863153206484619e-05,-0.5731083677905217,0.5731890639803723,0.027187420856025515
97.0,0.5731050495841292,0.5731858379820741,0.5731061697277848,0.013127945742634263,2.9874344949166134,0.931233428003055,0.9341208560715586,0.9583261732913315,0.15652290856758216,0.16058658373386406,0.1610766919328286,2.8659291899103705,2.9874344949166134,2.9974804495358045,1.37044384628379e-08,0.013797833628316368,0.18127690038887884,0.7274561145564699,0.7300289480546366,0.7514722816012618,0.8993741584283529,0.9004267671111353,0.9091634062113008,0.9483532525715427,0.9489072325233584,0.9535004929045714,1.0,0.0,0.0,0.0,0.0,7.743897755400908e-05,-0.5731061697277848,0.5731858379820741,0.0271872603225897
97.2,0.5731028963893338,0.5731826539388196,0.5731040022475201,0.013128168341729349,2.9874184405117785,0.931217516825239,0.9341054860799508,0.9583167464200522,0.15652444826864328,0.16058923142359402,0.16107944415756775,2.865913269694098,2.9874184405117785,2.9974637565941644,1.3695644969780923e-08,0.013798215787432547,0.1812799967892569,0.7274417954630101,0.7300151460842577,0.751464051128653,0.8993682580069376,0.9004210886100988,0.9091600873668936,0.9483501416720891,0.9489042397820981,0.9534987525469901,1.0,0.0,0.0,0.0,0.0,7.626381652869885e-05,-0.5731040022475201,0.5731826539388196,0.02718710062601371
97.4,0.5731007735544416,0.5731795113673884,0.5731018649545061,0.013128388073748836,2.9874025911566884,0.9312018470721402,0.9340903494013421,0.9583074642349068,0.15652596436756022,0.16059183901158838,0.1610821547139602,2.8658975568369423,2.987402591156689,2.9974472750826617,1.3711992310489479e-08,0.013798592672776631,0.18128305006499124,0.7274276933884503,0.7300015533815419,0.751455946894717,0.8993624469361027,0.9004154961337014,0.9091568194031159,0.9483470778712735,0.9489012923687014,0.9534970388674257,1.0,0.0,0.0,0.0,0.0,7.510580756205087e-05,-0.5731018649545061,0.5731795113673884,0.02718694177078203
97.60000000000001,0.5730986798879452,0.5731764097890135,0.5730997574583157,0.013128604954684472,2.9873869445872647,0.9311864152206726,0.9340754426292057,0.9582983245897366,0.15652745721351174,0.1605944070806274,0.16108482420724854,2.8658820489450676,2.987386944587265,2.997431002739605,1.3694709474086125e-08,0.013798964333957253,0.1812860607738348,0.7274138051734915,0.7299881668984628,0.7514479670295575,0.8993567239174289,0.9004099884312242,0.9091536015670372,0.9483440604849772,0.9488983896244393,0.9534953514711934,1.0,0.0,0.0,0.0,0.0,7.396471238736713e-05,-0.5730997574583157,0.5731764097890135,0.027186783784204433
97.80000000000001,0.5730966156845285,0.5731733487291565,0.5730976793728014,0.013128819030914497,2.9873714985267212,0.9311712177968596,0.9340607624043523,0.958289325369054,0.1565289271507145,0.16059693620547508,0.16108745323432383,2.8658667436457823,2.9873714985267217,2.997414937224701,1.369299005385391e-08,0.013799330852751292,0.1812890294674265,0.7274001277026426,0.7299749836291249,0.7514401096899224,0.8993510876704315,0.9004045642691674,0.9091504331164331,0.9483410888385213,0.9488955308996428,0.953493689969218,1.0,0.0,0.0,0.0,0.0,7.284029583964902e-05,-0.5730976793728014,0.5731733487291565,0.02718662667297653
98.0,0.5730945808766846,0.573170327717321,0.573095630316228,0.013129030340974858,2.987356250723834,0.9311562513751013,0.9340463054143132,0.9582804644874848,0.15653037451851237,0.1605994269529819,0.16109004238384791,2.865851638586605,2.987356250723834,2.9973990762437976,1.3728532238586832e-08,0.013799692302064874,0.18129195669110273,0.7273866579035714,0.7299620006092215,0.7514323730587182,0.8993455369322962,0.9003992224310332,0.9091473133195912,0.9483381622665283,0.9488927155535891,0.9534920539779316,1.0,0.0,0.0,0.0,0.0,7.173232578365496e-05,-0.573095630316228,0.573170327717321,0.027186470449153132
98.2,0.5730925742106114,0.5731673462871124,0.5730936099113229,0.013129238898498185,2.987341198970056,0.9311415125774508,0.9340320683927519,0.958271739889289,0.15653179965145353,0.1606018798821812,0.1610925922363742,2.8658367314355617,2.987341198970056,2.9973834175924825,1.3738058593239176e-08,0.013800048727619382,0.18129484298382437,0.7273733927464678,0.7299492149155186,0.7514247553445986,0.8993400704576202,0.9003939617171147,0.9091442414551456,0.9483352801127863,0.9488899429543906,0.9534904431191872,1.0,0.0,0.0,0.0,0.0,7.064057308051042e-05,-0.5730936099113229,0.5731673462871124,0.027186315139096966
98.4,0.5730905951217721,0.5731644039764838,0.5730916177851585,0.013129444731001846,2.987326341060781,0.9311269980729683,0.9340180481188675,0.9582631495481462,0.15653320287932404,0.16060429554438832,0.1610951033644555,2.865822019882419,2.987326341060781,2.997367959032019,1.3709629581800244e-08,0.013800400189604494,0.181297688878345,0.7273603292434709,0.7299366236653293,0.7514172547817778,0.8993346870181792,0.9003887809442835,0.9091412168120029,0.9483324417301263,0.9488872124788836,0.9534888570202201,1.0,0.0,0.0,0.0,0.0,6.956481160003136e-05,-0.5730916177851585,0.5731644039764838,0.027186160757583976
98.60000000000001,0.573088644491645,0.5731615003276962,0.5730896535689994,0.013129647895558174,2.9873116747796757,0.9311127045770852,0.9340042414167778,0.9582546914669179,0.15653458452718516,0.16060667448330337,0.16109757633274968,2.8658075016384807,2.9873116747796757,2.9973526982573837,1.3731989335351114e-08,0.013800746779510228,0.18130049490142927,0.7273474644481105,0.7299242240159712,0.7514098696298317,0.8993293854027011,0.9003836789457695,0.9091382386892636,0.9483296464803033,0.9488845235125118,0.9534872953136069,1.0,0.0,0.0,0.0,0.0,6.850481819566101e-05,-0.5730896535689994,0.5731615003276962,0.027186007301239944
98.80000000000001,0.5730867208215175,0.5731586348872073,0.5730877168986309,0.013129848399626266,2.9872971979778455,0.9310986288507779,0.9339906451549437,0.9582463636768879,0.15653594491549636,0.16060901723510582,0.16110001169815885,2.8657931744360363,2.987297197977846,2.997337633136687,1.3722546808035859e-08,0.013801088535124769,0.18130326157338422,0.7273347954545705,0.7299120131642574,0.7514025981730337,0.8993241644165657,0.900378654570956,0.9091353063959544,0.9483268937338384,0.94888187544922,0.953485757637125,1.0,0.0,0.0,0.0,0.0,6.746037262647664e-05,-0.5730877168986309,0.5731586348872073,0.027185854798134474
99.0,0.5730848245979115,0.5731558072053707,0.5730858074137505,0.013130046291407682,2.9872829084835226,0.9310847677008323,0.933977256245579,0.9582381642374466,0.15653728436016534,0.16061132432855307,0.16110241000977973,2.8657790360268534,2.9872829084835226,2.9973227614235274,1.3742860612466298e-08,0.013801425537565755,0.18130598940892786,0.7273223193979427,0.7298999883459807,0.7513954387200861,0.8993190228819119,0.9003737066851678,0.9091324192509221,0.9483241828700761,0.9488792676913425,0.9534842436336973,1.0,0.0,0.0,0.0,0.0,6.643125749271339e-05,-0.5730858074137505,0.5731558072053707,0.027185703248645967
99.2,0.573082954618072,0.5731530168367516,0.57308392475847,0.013130241583781958,2.9872688041781426,0.9310711179783543,0.9339640716441016,0.9582300912357185,0.1565386031726079,0.16061359628507108,0.16110477180915758,2.865765084183758,2.9872688041781426,2.9973080809978754,1.3731895440600099e-08,0.013801757829603854,0.1813086789164713,0.72731003345289,0.7298881468354266,0.7513883896037962,0.8993139596370902,0.9003688341694762,0.909129576582703,0.948321513276896,0.9488766996494996,0.9534827529513237,1.0,0.0,0.0,0.0,0.0,6.54172582418705e-05,-0.57308392475847,0.5731530168367516,0.027185552674917624
99.4,0.5730811114179908,0.5731502633401265,0.5730820685808558,0.01313043432525034,2.9872548829254115,0.9310576765786067,0.9339510883485495,0.9582221427864455,0.15653990165976556,0.16061583361885184,0.16110709763031086,2.8657513167006328,2.9872548829254115,2.997293589646493,1.3753506083036451e-08,0.013802085491849329,0.1813113305987774,0.7272979348335149,0.7298764859448608,0.7513814491809783,0.8993089735366115,0.9003640359204902,0.9091267777294847,0.9483188843506851,0.9488741707424896,0.9534812852430614,1.0,0.0,0.0,0.0,0.0,6.44181631607732e-05,-0.5730820685808558,0.5731502633401265,0.027185403075477774
99.60000000000001,0.5730792940883316,0.5731475462785063,0.5730802385333336,0.013130624534040469,2.9872411426371825,0.9310444404400547,0.9339383033990273,0.9582143170313884,0.15654118012420223,0.1606180368369449,0.16110938799989294,2.865737731392531,2.987241142637183,2.997279285269651,1.3766626797534421e-08,0.013802408571996858,0.18131394495238054,0.7272860207925059,0.72986500302404,0.7513746158319347,0.8993040634507982,0.9003593108501575,0.909124022038898,0.9483162954961558,0.9488716803971832,0.9534798401669158,1.0,0.0,0.0,0.0,0.0,6.343376332623718e-05,-0.5730802385333336,0.5731475462785063,0.027185254467938062
99.80000000000001,0.5730775018345788,0.5731448652190194,0.5730784342724013,0.013130812230399679,2.9872275812411604,0.9310314065441897,0.9339257138771571,0.9582066121388607,0.15654243886417932,0.1606202064393492,0.161111643437219,2.865724326095097,2.9872275812411604,2.997265165771932,1.373973637347056e-08,0.013802727119511126,0.181316522467998,0.7272742886209907,0.7298536954597279,0.751367887960055,0.8992992282657261,0.9003546578855682,0.9091213088678554,0.9483137461263149,0.9488692280484202,0.9534784173857559,1.0,0.0,0.0,0.0,0.0,6.246385255243014e-05,-0.5730784342724013,0.5731448652190194,0.02718510686654589
100.0,0.5730757351075231,0.5731422197328654,0.5730766554584054,0.013130997459998118,2.9872141966574794,0.9310185719149593,0.933913316905521,0.9581990263035144,0.1565436781736895,0.16062234291910574,0.16111386445436154,2.865711098664327,2.9872141966574794,2.9972512289978805,1.3730127504782746e-08,0.013803041210763931,0.18131906363084954,0.7272627356480319,0.729842560675204,0.7513612639916258,0.89929446688302,0.9003500759687565,0.9091186375824765,0.9483112356623559,0.9488668131389062,0.953477016567275,1.0,0.0,0.0,0.0,0.0,6.150822736393502e-05,-0.5730766554584054,0.5731422197328654,0.027184960268934393
100.2,0.5730739939652931,0.5731396093952622,0.573074901755694,0.013131180260037472,2.987200986832578,0.9310059336180078,0.9339011096471183,0.9581915577460077,0.1565448983425099,0.16062444676238763,0.16111605155627834,2.865698046976311,2.987200986832578,2.9972374728443723,1.3763622388612842e-08,0.01380335091264253,0.1813215689204372,0.7272513592399489,0.729831596129784,0.7513547423755489,0.8992897782195763,0.9003455640565032,0.9091160075579742,0.9483087635335135,0.9488644351191088,0.9534756373839318,1.0,0.0,0.0,0.0,0.0,6.0566686964622085e-05,-0.573074901755694,0.5731396093952622,0.02718481467939934
100.4,0.5730722768727724,0.5731370337854816,0.573073172832804,0.013131360634393623,2.9871879497640554,0.9309934887601434,0.9338890893048516,0.9581842047124571,0.15654609965629074,0.1606265184485863,0.1611182052409018,2.865685168927408,2.9871879497640554,2.997223895321555,1.3754075708223929e-08,0.013803656255860768,0.18132403881027997,0.7272401567998525,0.7298207993183654,0.7513483215828647,0.8992851612073743,0.9003411211201556,0.9091134181784636,0.9483063291769643,0.948862093447162,0.9534742795128499,1.0,0.0,0.0,0.0,0.0,5.9639033193600866e-05,-0.573073172832804,0.5731370337854816,0.027184670121457043
100.60000000000001,0.5730705844239429,0.5731344924868016,0.5730714683619231,0.013131538630661898,2.9871750834236055,0.9309812344892022,0.9338772531209905,0.9581769654742854,0.1565472823965789,0.16062855845040033,0.16112032599915926,2.865672462434008,2.9871750834236055,2.997210494316275,1.3769526275881e-08,0.013803957317706088,0.1813264737686812,0.7272291257675262,0.7298101677709568,0.7513420001066203,0.8992806147934289,0.9003367461454307,0.9091108688369098,0.9483039320378025,0.9488597875887635,0.9534729426357904,1.0,0.0,0.0,0.0,0.0,5.87250705058745e-05,-0.5730714683619231,0.5731344924868016,0.02718452658900184
100.80000000000001,0.5730689155016441,0.5731319850867759,0.573069788019421,0.013131714260656789,2.987162385836479,0.9309691679926686,0.9338655983766605,0.958169838327827,0.15654844684088165,0.16063056723392122,0.16112241431520882,2.8656599254338793,2.9871623858364793,2.9971972678479446,1.3751664433385835e-08,0.01380425413666334,0.1813288742579699,0.7272182636181939,0.7297996990522234,0.7513357764615308,0.899276137939286,0.9003324381322353,0.9091083589349922,0.9483015715687736,0.9488575170170808,0.9534716264390811,1.0,0.0,0.0,0.0,0.0,5.782460597346384e-05,-0.573069788019421,0.5731319850867759,0.027184384098906837
101.0,0.5730672704597698,0.573129511177001,0.5730681314853473,0.013131887566294702,2.9871498550155593,0.9309572864978343,0.9338541223913105,0.9581628215940341,0.15654959326271353,0.16063254525872214,0.16112447066640898,2.8656475558850047,2.9871498550155593,2.997184213858684,1.3749250390523109e-08,0.01380454678317748,0.18133124073521817,0.7272075678626695,0.7297893907610173,0.7513296491837229,0.8992717296210861,0.9003281960944723,0.9091058878830014,0.9482992472303087,0.9488552812126478,0.9534703306135622,1.0,0.0,0.0,0.0,0.0,5.693744923131183e-05,-0.5730681314853473,0.573129511177001,0.027184242647893705
101.2,0.573065649291734,0.5731270703529167,0.5730664984435571,0.01313205858170189,2.987137488999201,0.9309455872711769,0.9338428225222046,0.9581559136180042,0.15655072193167271,0.16063449297794294,0.16112649552342334,2.865635351764583,2.987137488999201,2.9971713303369607,1.3783686528090148e-08,0.013804835318964023,0.1813335736520613,0.727197036046809,0.7297792405299287,0.7513236168303267,0.8992673888293413,0.9003240190598589,0.9091034550996752,0.9482969584904068,0.9488530796632707,0.9534690548545014,1.0,0.0,0.0,0.0,0.0,5.606341241276569e-05,-0.5730664984435571,0.5731270703529167,0.027184102238291406
101.4,0.5730640508187955,0.5731246622138529,0.5730648885817675,0.013132227316406443,2.9871252858680366,0.9309340676177522,0.9338316961639356,0.9581491127685734,0.15655183311350648,0.1606364108383708,0.16112848935032315,2.8656233110692644,2.9871252858680366,2.99715861536043,1.3792339258127372e-08,0.013805119778961372,0.18133587345461774,0.7271866657509649,0.7297692460248573,0.7513176779791224,0.8992631145687116,0.9003199060697532,0.909101060012058,0.9482947048245179,0.9488509118639364,0.9534677988615186,1.0,0.0,0.0,0.0,0.0,5.520231012015597e-05,-0.5730648885817675,0.5731246622138529,0.027183962886840884
101.60000000000001,0.5730624745449137,0.5731222863632635,0.5730633015914399,0.013132393793711578,2.987113243706554,0.9309226964902274,0.9338207407479382,0.9581424174381783,0.15655292707013294,0.16063829928052245,0.16113045751868685,2.8656114318163173,2.9871132437065544,2.9971460669730496,1.3763530955782163e-08,0.01380540021254804,0.18133814058365716,0.727176429031213,0.7297594049445785,0.7513118312284225,0.8992588953234577,0.9003158561789766,0.909098702055453,0.9482924801610301,0.9488487773167195,0.9534665623385621,1.0,0.0,0.0,0.0,0.0,5.4353959442157707e-05,-0.5730633015914399,0.5731222863632635,0.027183824599058024
101.80000000000001,0.5730609213991202,0.5731199424086734,0.5730617371676312,0.013132558066073625,2.9871013605876575,0.930911330228404,0.9338099537419735,0.9581358260426943,0.15655400405966663,0.1606401587387303,0.1611324248929237,2.865599712043367,2.9871013605876575,2.9971336831537463,1.3784966223732746e-08,0.013805676700063496,0.18134037547481255,0.7271661965618409,0.7297497150202908,0.7513060751969308,0.8992546777905005,0.9003118684556288,0.9090963806733656,0.9482902563951611,0.9488466755306841,0.9534653449938791,1.0,0.0,0.0,0.0,0.0,5.3518179933875754e-05,-0.5730617371676312,0.5731199424086734,0.027183687362811734
102.0,0.5730593899602958,0.5731176299615619,0.5730601950093204,0.013132720136964954,2.9870896346507374,0.9309001386598503,0.933799332649655,0.9581293370207516,0.15655506433652935,0.16064198964122137,0.16113436207662848,2.8655881498078095,2.987089634650738,2.9971214620527586,1.377500093748562e-08,0.013805949268891641,0.18134257855811367,0.7271561212330608,0.7297401740151942,0.7513004085231538,0.8992505249877689,0.9003079419809201,0.9090940953172681,0.948288066754307,0.9488446060217963,0.9534641465398919,1.0,0.0,0.0,0.0,0.0,5.2694793545388086e-05,-0.5730601950093204,0.5731176299615619,0.027183551197289487
102.2,0.5730578807645349,0.5731153486370494,0.5730586748188056,0.013132880050056975,2.987078064012448,0.9308891191962563,0.9337888750099637,0.9581229488334915,0.15655610815148935,0.16064379241019877,0.16113626951565646,2.8655767431852466,2.987078064012448,2.9971094017074416,1.3794330073859963e-08,0.01380621798925519,0.1813447502588491,0.7271462007205708,0.7297307797240616,0.7512948298651816,0.8992464359590235,0.9003040758489923,0.9090918454465107,0.9482859107345076,0.9488425683128304,0.9534629666931509,1.0,0.0,0.0,0.0,0.0,5.1883624560766783e-05,-0.5730586748188056,0.5731153486370494,0.027183416094586965
102.4,0.573056392685704,0.5731130980542034,0.5730571763022038,0.013133037814272986,2.987066646841609,0.9308782692856091,0.9337785783967963,0.9581166599642682,0.15655713575170904,0.16064556746191724,0.16113814764965523,2.865565490271017,2.987066646841609,2.997097500279731,1.3782898776845548e-08,0.013806482893718714,0.18134689099685164,0.7271364327325421,0.72972152997284,0.7512893379004362,0.8992424097613482,0.9003002691667592,0.9090896305282212,0.9482837878388198,0.9488405619332848,0.9534618051742835,1.0,0.0,0.0,0.0,0.0,5.10844996110954e-05,-0.5730571763022038,0.5731130980542034,0.02718328206846762
102.60000000000001,0.5730549263047213,0.5731108778360281,0.5730556991690005,0.013133193473538118,2.9870553812894,0.9308675864121744,0.9337684404184842,0.9581104689186033,0.15655814738075188,0.1606473152067643,0.16113999691206587,2.8655543891801405,2.9870553812894,2.997085755840046,1.380345574036333e-08,0.013806744052109923,0.18134900118714217,0.7271268150096084,0.729712422618223,0.7512839313256309,0.8992384454651464,0.9002965210537315,0.9090874500372896,0.9482816975773155,0.9488385864192898,0.9534606617079844,1.0,0.0,0.0,0.0,0.0,5.029724766995869e-05,-0.5730556991690005,0.5731108778360281,0.027183149109713787
102.80000000000001,0.5730534807842874,0.5731086876094778,0.5730542431324483,0.013133347042082376,2.987044265553978,0.9308570680956582,0.9337584587173365,0.9581043742236555,0.15655914327866818,0.16064903604933625,0.16114181773026562,2.8655434380473888,2.987044265553978,2.9970741665703025,1.3815706824345327e-08,0.013807001502034153,0.18135108123935947,0.7271173453241203,0.7297034555472462,0.7512786088563114,0.8992345421538366,0.900292830641853,0.9090853034561823,0.9482796394669215,0.9488366413135212,0.9534595360229198,1.0,0.0,0.0,0.0,0.0,4.95217000103243e-05,-0.5730542431324483,0.5731086876094778,0.02718301722806883
103.0,0.573052055399214,0.5731065270053304,0.5730528079092827,0.013133498536127254,2.9870332978487233,0.9308467118911244,0.9337486309691891,0.9580983744278283,0.1565601236820585,0.16065073038851413,0.16114361052557985,2.8655326350266517,2.9870332978487233,2.9970627306566184,1.3788734900660196e-08,0.01380725528291551,0.18135313155816757,0.7271080214800703,0.7296946266768894,0.7512733692265126,0.8992306989238231,0.9002891970753361,0.9090831902748058,0.9482776130314039,0.9488347261651147,0.9534584278516545,1.0,0.0,0.0,0.0,0.0,4.875769015486031e-05,-0.5730528079092827,0.5731065270053304,0.02718288643019313
103.2,0.573050650643648,0.5731043956581361,0.5730513932195103,0.01313364799681417,2.9870224763792397,0.9308365153884629,0.9337389548829446,0.9580924681006241,0.15656108882409686,0.16065239861754105,0.16114537571337217,2.8655219782906802,2.9870224763792397,2.997051446226189,1.3778722439373175e-08,0.013807505460628509,0.18135515254355675,0.7270988413126268,0.7296859339536667,0.7512682111886352,0.8992269148843058,0.9002856195104987,0.9090811099904564,0.9482756178012686,0.9488328405295798,0.9534573369306272,1.0,0.0,0.0,0.0,0.0,4.800505385764431e-05,-0.5730513932195103,0.5731043956581361,0.027182756706671772
103.4,0.5730492666260963,0.5731022932061569,0.5730499987865596,0.013133795456986742,2.987011799376498,0.930826476211753,0.9337294282001243,0.9580866538323791,0.1565620389345733,0.16065404112409734,0.16114711370315235,2.8655114660307843,2.9870117993764986,2.997040311457424,1.3810945070617689e-08,0.01380775209182072,0.1813571445906291,0.7270898026875636,0.7296773753532314,0.7512631335132159,0.8992231891570461,0.9002820971156,0.9090790621077285,0.9482736533136377,0.9488309839687128,0.953456263000101,1.0,0.0,0.0,0.0,0.0,4.726362907468695e-05,-0.5730499987865596,0.5731022932061569,0.027182628054838873
103.60000000000001,0.5730479018955913,0.573100219291394,0.573048624337462,0.013133940916881501,2.9870012651210955,0.9308165920188731,0.9337200486944501,0.9580809302337863,0.1565629742399713,0.16065565829037093,0.1611488248986419,2.86550109645697,2.9870012651210955,2.9970293246394664,1.380100237811956e-08,0.01380799519780616,0.18135910808934005,0.7270809035009133,0.729668948880004,0.7512581349885122,0.8992195208762267,0.9002786290706899,0.9090770461383479,0.9482717191121759,0.9488291560505179,0.953455205804077,1.0,0.0,0.0,0.0,0.0,4.653325592683666e-05,-0.573048624337462,0.573100219291394,0.027182500491049238
103.80000000000001,0.573046557083615,0.5730981735595329,0.5730472696023322,0.013134084419530156,2.986990871867772,0.9308068605013686,0.933710814171401,0.9580752959358053,0.1565638949634816,0.16065725049313156,0.16115050969779507,2.8654908677976643,2.986990871867772,2.997018483940493,1.3815511555220583e-08,0.013808234845564274,0.1813610434252396,0.727072141678855,0.7296606525667788,0.7512532144204249,0.8992159091884063,0.9002752145674497,0.9090750616011405,0.9482698147470671,0.9488273563491244,0.9534541650902776,1.0,0.0,0.0,0.0,0.0,4.5813776684722196e-05,-0.5730472696023322,0.5730981735595329,0.027182374002851315
104.0,0.5730452311499132,0.5730961556601987,0.5730459343148847,0.013134225973019905,2.9869806179230682,0.9307972793831744,0.933701722467795,0.9580697495893363,0.15656480132505537,0.16065881810380164,0.16115216849301792,2.8654807783009932,2.9869806179230682,2.9970077876580237,1.3797533542868571e-08,0.013808471064235793,0.18136295097873598,0.7270635151765703,0.7296524844743543,0.751248370632216,0.8992123532520494,0.9002718528090392,0.909073108021919,0.9482679397747659,0.9488255844447057,0.9534531406100872,1.0,0.0,0.0,0.0,0.0,4.5105035773471136e-05,-0.5730459343148847,0.5730961556601987,0.02718224860045296
104.2,0.5730439244880137,0.5730941652467243,0.5730446182119499,0.01313436561480667,2.9869705015809194,0.9307878464209205,0.9336927714513489,0.9580642898649895,0.15656569354144073,0.16066036148852988,0.16115380167111362,2.8654708262336213,2.9869705015809194,2.996997234013865,1.3794645246831945e-08,0.013808703914213386,0.18136483112578577,0.727055021978521,0.7296444426911417,0.7512436024643091,0.899208852237643,0.9002685430099392,0.9090711849334039,0.9482660937580606,0.9488238399233954,0.9534521321185109,1.0,0.0,0.0,0.0,0.0,4.4406879724886994e-05,-0.5730446182119499,0.5730941652467243,0.02718212427458373
104.4,0.5730426371384972,0.5730922019759465,0.5730433210335945,0.013134503374740529,2.9869605211595425,0.9307785594033672,0.9336839590202595,0.9580589154526781,0.15656657182624906,0.16066188100826223,0.16115540961337851,2.8654610098797324,2.9869605211595425,2.9969868212747626,1.3827647328580645e-08,0.013808933447428158,0.18136668423772223,0.727046660097946,0.7296365253327932,0.7512389087739364,0.8992054053274908,0.9002652843957984,0.9090692918750802,0.9482642762659633,0.948822122377209,0.953451139374099,1.0,0.0,0.0,0.0,0.0,4.371915711787189e-05,-0.5730433210335945,0.5730922019759465,0.02718200102163957
104.60000000000001,0.573041368001068,0.5730902655082455,0.5730420425231805,0.013134639258745827,2.9869506750176886,0.9307694161508804,0.9336752831028098,0.9580536250612791,0.15656743639000967,0.16066337701880756,0.16115699269569098,2.8654513275412272,2.986950675017689,2.9969765477939254,1.3835494284997119e-08,0.013809159689822098,0.1813685106811708,0.7270384275763961,0.7296287305418537,0.7512342884348403,0.8992020117155214,0.9002620762032928,0.9090674283930783,0.9482624868736106,0.9488204314039674,0.9534501621388853,1.0,0.0,0.0,0.0,0.0,4.3041718553266106e-05,-0.5730420425231805,0.5730902655082455,0.027181878852224294
104.80000000000001,0.57304011664117,0.5730883555077669,0.5730407824272539,0.013134773286206767,2.9869409615171887,0.9307604145149518,0.9336667416569673,0.9580484174185535,0.15656828744018245,0.16066484987090587,0.16115855128859305,2.8654417775388348,2.9869409615171887,2.996966411891205,1.3806914819847026e-08,0.013809382681511674,0.18137031081820876,0.7270303224833043,0.7296210564874035,0.7512297403372111,0.8991986706071146,0.9002589176799783,0.9090655940401493,0.948260725162171,0.9488187666072221,0.953449200178374,1.0,0.0,0.0,0.0,0.0,4.2374416675858284e-05,-0.5730407824272539,0.5730883555077669,0.027181757766156552
105.0,0.5730388840083159,0.5730864716423668,0.5730395404953991,0.013134905504851363,2.986931379007952,0.930751552377749,0.9336583326699597,0.9580432912710414,0.15656912518117438,0.16066629991029985,0.16116008575736646,2.865432358211834,2.986931379007952,2.9969564118228273,1.3827282518590066e-08,0.013809602492779993,0.18137208500657262,0.7270223429155853,0.7296135013646798,0.7512252633875922,0.8991953812189363,0.900255808084138,0.909063788375627,0.9482589907187583,0.9488171275961726,0.953448253261519,1.0,0.0,0.0,0.0,0.0,4.171710615867574e-05,-0.5730395404953991,0.5730864716423668,0.027181637746271924
105.2,0.5730376687659123,0.5730846135834885,0.573038316480563,0.013135035914769893,2.9869219259038484,0.9307428276515607,0.9336500541578872,0.9580382453834493,0.15656994981443914,0.16066772747779984,0.16116159646212716,2.8654230679174426,2.9869219259038484,2.996946546011237,1.3817106920970216e-08,0.013809819142458884,0.18137383359919557,0.7270144869971427,0.7296060633947357,0.7512208565083477,0.8991921427787368,0.9002527466846415,0.9090620109652136,0.948257283136326,0.9488155139855934,0.953447321160613,1.0,0.0,0.0,0.0,0.0,4.10696436361907e-05,-0.573038316480563,0.5730846135834885,0.027181518806050842
105.4,0.573036471571631,0.5730827810058403,0.5730371101384464,0.013135164557062694,2.9869126005939854,0.9307342382792143,0.9336419041653214,0.9580332785384716,0.15657076153850585,0.1606691329093519,0.16116308375775143,2.8654139050292016,2.9869126005939854,2.996936812763015,1.3841983583079285e-08,0.013810032693165702,0.18137555694507654,0.727006752879244,0.7295987408240804,0.7512165186375098,0.8991889545255078,0.900249732760799,0.9090602613809182,0.9482556020137493,0.9488139253957572,0.9534464036512542,1.0,0.0,0.0,0.0,0.0,4.0431887649391984e-05,-0.5730371101384464,0.5730827810058403,0.027181400931654765
105.60000000000001,0.5730352914713582,0.57308097358767,0.5730359212279998,0.013135291439154201,2.9869034015173113,0.9307257822327355,0.9336338807649399,0.9580283895365496,0.1565715605490179,0.16067051653609915,0.16116454799410648,2.8654048679383495,2.9869034015173113,2.996927210505843,1.3850238012971437e-08,0.013810243171071013,0.18137725538857155,0.7269991387393248,0.7295915319243584,0.7512122487285675,0.8991858157089891,0.9002467656022302,0.9090585392009732,0.948253946955566,0.9488123614523659,0.9534455005123028,1.0,0.0,0.0,0.0,0.0,3.980369865823341e-05,-0.5730359212279998,0.57308097358767,0.027181284130615307
105.80000000000001,0.5730341278973208,0.5730791910109341,0.5730347495112369,0.013135416576151986,2.9868943271211625,0.9307174575131435,0.9336259820571433,0.9580235771957831,0.156572347038747,0.1606718786844464,0.16116598951608438,2.8653959550546704,2.9868943271211625,2.996917737654002,1.3818891867812167e-08,0.013810450610333029,0.18137892926966148,0.7269916427808022,0.7295844349920064,0.7512080457503899,0.8991827255895939,0.9002438445087235,0.9090568440098021,0.9482523175719368,0.9488108217864772,0.9534446115258643,1.0,0.0,0.0,0.0,0.0,3.918493905663567e-05,-0.5730347495112369,0.5730791910109341,0.027181168403861904
106.0,0.5730329815394437,0.5730774329611424,0.5730335947530509,0.013135540008905199,2.986885375843092,0.9307092621502185,0.9336182061696595,0.9580188403516935,0.1565731211976314,0.1606732196761277,0.16116740866364093,2.8653871648057123,2.986885375843092,2.9969083925617337,1.3814518814839647e-08,0.013810655072502521,0.18138057892421294,0.7269842632328737,0.7295774483479012,0.7512039086870252,0.8991796834383271,0.900240968790094,0.90905517539794,0.9482507134786026,0.9488093060344277,0.9534437364772478,1.0,0.0,0.0,0.0,0.0,3.857547313294851e-05,-0.5730335947530509,0.5730774329611424,0.02718105373624442
106.2,0.5730318523802926,0.5730756991270596,0.5730324567212698,0.013135661763340994,2.9868765461514233,0.9307011942021572,0.9336105512571641,0.9580141778567837,0.15657388321284732,0.1606745398282696,0.16116880577185394,2.865378495635298,2.9868765461514233,2.996899173653153,1.385043445753376e-08,0.013810856602842297,0.18138220468390034,0.7269769983502088,0.7295705703370248,0.7511998365373118,0.8991766885366584,0.9002381377660441,0.9090535329618761,0.9482491342968177,0.9488078138377629,0.9534428751548836,1.0,0.0,0.0,0.0,0.0,3.7975166995787846e-05,-0.5730324567212698,0.5730756991270596,0.027180940123690094
106.4,0.5730307388792288,0.5730739892007514,0.5730313351867805,0.01313578183356052,2.9868678365620753,0.930693251755173,0.9336030155009409,0.9580095885801589,0.1565746332688706,0.1606758394534486,0.16117018117099102,2.865369946003757,2.9868678365620753,2.99689007945726,1.3833345046958079e-08,0.013811055212171061,0.1813838068760278,0.7269698464125907,0.72956379932816,0.7511958283145533,0.8991737401763773,0.9002353507660416,0.9090519163039245,0.948247579653273,0.9488063448431703,0.9534420273502549,1.0,0.0,0.0,0.0,0.0,3.7383888548667144e-05,-0.5730313351867805,0.5730739892007514,0.027180827580390622
106.60000000000001,0.5730296419905807,0.5730723028776722,0.5730302299230913,0.013135900265037284,2.9868592455552903,0.9306854329232681,0.933595597108506,0.9580050714076676,0.1565753715474532,0.1606771188597554,0.1611715351865478,2.865361514388361,2.9868592455552903,2.9968811083564533,1.3849086104303898e-08,0.013811250966247525,0.18138538582415528,0.7269628057247204,0.7295571337135583,0.7511918830466408,0.8991708376595116,0.9002326071291834,0.909050325032272,0.9482460491800541,0.9488048987024086,0.9534411928579236,1.0,0.0,0.0,0.0,0.0,3.6801507510050846e-05,-0.5730302299230913,0.5730723028776722,0.027180716086739103
106.80000000000001,0.5730285606169964,0.5730706398569368,0.57302914070692,0.013136017060452055,2.9868507716696713,0.9306777358470049,0.9335882943132601,0.9580006252415977,0.15657609822767243,0.160678378350853,0.16117286813945947,2.865353199284684,2.9868507716696713,2.996872258886121,1.3833873088125375e-08,0.013811443884606674,0.18138694184725718,0.7269558746151064,0.7295505719086284,0.7511879997757843,0.8991679802978719,0.9002299062040672,0.9090487587608713,0.9482445425144007,0.9488034750722405,0.9534403714754743,1.0,0.0,0.0,0.0,0.0,3.622789542408189e-05,-0.57302914070692,0.5730706398569368,0.027180605650963658
107.0,0.573027495416312,0.5730689998409356,0.5730280673175702,0.013136132258553304,2.986842413423211,0.9306701586941499,0.9335811053741094,0.9579962490004168,0.156576813485973,0.16067961822604138,0.1611741803459878,2.865344999204678,2.986842413423211,2.996863529484934,1.3850906974401493e-08,0.013811634025289947,0.18138847526061397,0.7269490514366556,0.7295441123516008,0.7511841775582975,0.8991651674132963,0.9002272473486552,0.9090472171093545,0.9482430592988355,0.9488020736143615,0.9534395630034681,1.0,0.0,0.0,0.0,0.0,3.566292559159523e-05,-0.5730280673175702,0.5730689998409356,0.02718049625791957
107.2,0.5730264452597584,0.5730673825353033,0.5730270095373485,0.013136245860815186,2.9868341693865257,0.9306626996588123,0.9335740285751339,0.957991941618268,0.1565775174962491,0.16068083878031295,0.16117547211786942,2.8653369126765167,2.9868341693865257,2.996854918721757,1.3834403482699582e-08,0.01381182140605397,0.18138998637521633,0.726942334565895,0.7295377535032317,0.7511804154641469,0.8991623983373299,0.9002246299301541,0.9090456997028509,0.9482415991809958,0.9488006939953345,0.9534387672453484,1.0,0.0,0.0,0.0,0.0,3.510647302129577e-05,-0.5730270095373485,0.5730673825353033,0.02718038791601629
107.4,0.5730254105104053,0.573065787648862,0.5730259671510762,0.013136357899331971,2.986826038114877,0.9306553569614516,0.9335670622252379,0.9579877020449874,0.15657821042984113,0.1606820403044124,0.16117674376231317,2.8653289382443097,2.986826038114877,2.9968464250825377,1.3826516547144077e-08,0.013812006077316292,0.1813914754984625,0.7269357224029822,0.7295314938464922,0.7511767125769779,0.89915967241123,0.9002220533248858,0.909044206171998,0.9482401618136366,0.9487993358865248,0.9534379840074457,1.0,0.0,0.0,0.0,0.0,3.455841442570606e-05,-0.5730259671510762,0.573065787648862,0.027180280613233798
107.60000000000001,0.5730243914197435,0.5730642148937044,0.5730249399463361,0.013136468403610881,2.9868180181812716,0.9306481288481059,0.9335602046578054,0.9579835292459967,0.15657889245555295,0.16068322308489474,0.1611779955821326,2.865321074468522,2.9868180181812716,2.996838047082562,1.3859542828543437e-08,0.013812188086479592,0.18139294293380542,0.7269292133710175,0.7295253318862618,0.7511730679940135,0.8991569889856843,0.9002195169181646,0.9090427361529014,0.9482387468544811,0.9487979989640329,0.953437213098957,1.0,0.0,0.0,0.0,0.0,3.401862822206836e-05,-0.5730249399463361,0.5730642148937044,0.027180174340235015
107.80000000000001,0.5730233869717788,0.5730626639851949,0.5730239277135996,0.013136577376633077,2.9868101082003,0.9306410135901054,0.9335534542303754,0.9579794222019101,0.15657956373971568,0.16068438740418045,0.16117922787579453,2.8653133199259746,2.9868101082003,2.996829783332189,1.3874761321571578e-08,0.013812367452216472,0.18139438898057203,0.7269228059157868,0.7295192661490383,0.7511694808257178,0.8991543474207051,0.9002170201041764,0.9090412892869991,0.9482373539661662,0.9487966829086331,0.9534364543318746,1.0,0.0,0.0,0.0,0.0,3.3486994500342426e-05,-0.5730239277135996,0.5730626639851949,0.027180069103950946
108.0,0.5730223965606988,0.5730611346419829,0.5730229302460129,0.013136684829591419,2.9868023067932934,0.9306339074202382,0.9335468093243121,0.9579753799082862,0.15658022444622802,0.160685533540611,0.1611804586142871,2.8653056732099147,2.9868023067932934,2.99682163242157,1.3845821263114516e-08,0.01381254420179624,0.18139581393426718,0.7269164065938167,0.7295132951826467,0.7511659501955803,0.8991517091932856,0.9002145622858615,0.9090398652209745,0.9482359628356928,0.9487953874057095,0.9534357075209406,1.0,0.0,0.0,0.0,0.0,3.296339500284684e-05,-0.5730229302460129,0.5730611346419829,0.027179964903742092
108.2,0.5730214212139818,0.573059626585926,0.5730219473391562,0.013136790807231884,2.986794612562858,0.930626898970407,0.9335402683444591,0.9579714013756272,0.1565808747365559,0.16068666176850802,0.16118167244676843,2.86529813292963,2.986794612562858,2.9968135928584765,1.3860845711216567e-08,0.013812718398313396,0.1813972180869197,0.72691009522197,0.7295074175559272,0.7511624752401119,0.8991491072096082,0.9002121428747858,0.9090384636067551,0.9482345908144515,0.9487941121451908,0.9534349724836462,1.0,0.0,0.0,0.0,0.0,3.244771311468331e-05,-0.5730219473391562,0.573059626585926,0.027179861718628257
108.4,0.573020459792325,0.5730581395420926,0.5730209787914909,0.013136895309157624,2.986787024171459,0.9306200000876184,0.9335338297188243,0.957967485628951,0.15658151476980234,0.16068777235822643,0.1611828673205792,2.865290697710463,2.986787024171459,2.9968056633099223,1.3850322990098915e-08,0.013812890056138836,0.18139860172644137,0.7269038824711104,0.7295016318584592,0.7511590551084756,0.8991465458696078,0.9002097612910281,0.9090370841013646,0.9482332402226076,0.948792856821489,0.9534342490401541,1.0,0.0,0.0,0.0,0.0,3.19398338290422e-05,-0.5730209787914909,0.5730581395420926,0.02717975955722157
108.60000000000001,0.5730195129036,0.5730566732384503,0.5730200244037894,0.01313699837090591,2.9867795402602404,0.9306132091158206,0.9335274918982509,0.9579636317076501,0.15658214470273,0.16068886557621,0.16118404352170718,2.8652833661922514,2.9867795402602404,2.996797842340954,1.3873497514815463e-08,0.013813059228035864,0.18139996513744364,0.7268977668521532,0.7294959367002645,0.7511556889623625,0.8991440245600669,0.9002074169630598,0.9090357263668717,0.9482319107369032,0.9487916211334365,0.9534335370132717,1.0,0.0,0.0,0.0,0.0,3.1439643696673514e-05,-0.5730200244037894,0.5730566732384503,0.027179658404065162
108.80000000000001,0.573018579671375,0.5730552274060522,0.5730190839795487,0.013137099997010982,2.9867721595158763,0.9306065244227374,0.9335212533561229,0.9579598386652273,0.15658276468980412,0.160689941685042,0.1611852013320519,2.865276137030261,2.9867721595158763,2.9967901286279237,1.3880910327485807e-08,0.013813225933241989,0.1814013086006446,0.7268917468973428,0.729490330711546,0.7511523759757633,0.8991415426765369,0.9002051093276372,0.9090343900702995,0.9482306020387008,0.94879040478423,0.9534328362284038,1.0,0.0,0.0,0.0,0.0,3.094703082545669e-05,-0.5730190839795487,0.5730552274060522,0.027179558263516944
109.0,0.5730176595931421,0.5730538017792012,0.5730181573248201,0.013137200199473953,2.986764880631983,0.9305999443997114,0.9335151125880515,0.9579561055692466,0.15658337488320034,0.16069100094349736,0.16118634102945098,2.8652690088960058,2.986764880631983,2.9967825208328036,1.3851029465966184e-08,0.013813390198805033,0.18140263239311402,0.7268858211601164,0.7294848125424109,0.7511491153349248,0.8991390996232823,0.9002028378296874,0.9090330748836075,0.9482293138139544,0.9487892074813705,0.9534321465135429,1.0,0.0,0.0,0.0,0.0,3.0461884898316804e-05,-0.5730181573248201,0.5730538017792012,0.027179459133604887
109.2,0.5730167533551123,0.5730523960953537,0.5730172442480651,0.013137299014648822,2.9867577022921163,0.9305934674614671,0.9335090681115541,0.9579524315011879,0.15658397543282815,0.1606920436065987,0.1611874628877201,2.8652619804767685,2.9867577022921163,2.9967750175600703,1.384724187085053e-08,0.013813552077729534,0.18140393678847827,0.7268799882148939,0.7294793808625795,0.751145906238225,0.8991366948131962,0.9002006019221903,0.9090317804836415,0.9482280457531646,0.9487880289366004,0.9534314676992431,1.0,0.0,0.0,0.0,0.0,2.9984097147772726e-05,-0.5730172442480651,0.5730523960953537,0.027179360997215695
109.4,0.5730158609566507,0.5730510100948386,0.5730163445602183,0.01313739646442303,2.9867506232084597,0.9305870920458659,0.9335031184657401,0.9579488155560686,0.15658456648639232,0.16069306992566815,0.16118856717669466,2.8652550504741927,2.98675062320846,2.996767617480944,1.3881130752769718e-08,0.013813711607270796,0.18140522205683093,0.7268742466568568,0.7294740343611091,0.7511427478958419,0.8991343276677083,0.9001984010660656,0.9090305065520006,0.9482267975513304,0.9487868688658452,0.9534307996185507,1.0,0.0,0.0,0.0,0.0,2.9513560291197227e-05,-0.5730163445602183,0.5730510100948386,0.02717926384806191
109.60000000000001,0.573014980970046,0.573049643520864,0.5730154580747797,0.013137492540880133,2.9867436421370788,0.9305808166136238,0.9334972622110395,0.9579452568420874,0.15658514818945105,0.1606940801483742,0.1611896541622777,2.8652482176043197,2.986743642137079,2.9967603193642893,1.3864167976507386e-08,0.0138138687924595,0.18140648846460025,0.7268685951016975,0.7294687717461518,0.7511396395294434,0.8991319976166827,0.900196234730074,0.9090292527749115,0.9482255689078958,0.948785726989159,0.9534301421069377,1.0,0.0,0.0,0.0,0.0,2.905016849957809e-05,-0.5730154580747797,0.573049643520864,0.027179167697060396
109.80000000000001,0.573014114342532,0.5730482961195883,0.5730145846073988,0.013137587285037763,2.9867367577990813,0.9305746396480566,0.9334914979288956,0.9579417544807907,0.1565857206853884,0.16069507451878387,0.16119072410648327,2.8652414805979416,2.9867367577990813,2.996753121838248,1.3878798718540218e-08,0.013814023690704653,0.18140773627514442,0.7268630321853926,0.7294635917446786,0.7511365803723351,0.899129704098326,0.9001941023907027,0.9090280188432895,0.9482243595267006,0.948784603030668,0.953429495002334,1.0,0.0,0.0,0.0,0.0,2.8593817420860534e-05,-0.5730145846073988,0.5730482961195883,0.027179072522996648
110.0,0.5730132600579799,0.5730469676403941,0.5730137239764502,0.013137680696979806,2.9867299689703666,0.9305685596539914,0.9334858242214822,0.9579383076068256,0.15658628411545444,0.16069605327741082,0.16119177726762415,2.8652348382019706,2.9867299689703666,2.9967460236766583,1.3864000132700282e-08,0.013814176315232969,0.18140896574792822,0.7268575565632246,0.7294584931022281,0.7511335696692455,0.8991274465587834,0.9001920035320643,0.9090268044526512,0.9482231691157682,0.9487834967185148,0.953428858145082,1.0,0.0,0.0,0.0,0.0,2.8144404194269113e-05,-0.5730137239764502,0.5730469676403941,0.02717897833143547
110.2,0.5730124187715616,0.5730456578355284,0.5730128760024427,0.013137772811162794,2.9867232744061885,0.9305625751584738,0.9334802397113938,0.9579349153677382,0.15658683861879805,0.16069701666126793,0.16119281390018844,2.865228289177642,2.9867232744061885,2.9967390235601132,1.3879944124270627e-08,0.0138143267160105,0.18141017713936758,0.7268521669104213,0.7294534745826308,0.7511306066761448,0.899125224452404,0.9001899376457827,0.9090256093030418,0.9482219973874453,0.9487824077847979,0.9534282313778982,1.0,0.0,0.0,0.0,0.0,2.7701827388551536e-05,-0.5730128760024427,0.5730456578355284,0.02717888510571074
110.4,0.5730115894388544,0.573044366460064,0.5730120405084146,0.013137863626600849,2.98671667291086,0.9305566847099553,0.933474743041377,0.9579315769235174,0.15658738433254113,0.16069796490391275,0.16119383425497977,2.86522183230032,2.98671667291086,2.996732120292265,1.386389555750158e-08,0.013814474904730293,0.18141137070226487,0.7268468619214257,0.7294485349677693,0.7511276906598561,0.8991230372414394,0.9001879042308959,0.9090244330988784,0.948220844058243,0.9487813359655227,0.9534276145457912,1.0,0.0,0.0,0.0,0.0,2.7265986957875077e-05,-0.5730120405084146,0.573044366460064,0.027178792851668725
110.60000000000001,0.5730107724352425,0.573043093271841,0.5730112173194717,0.0131379531714781,2.9867101632730435,0.9305508868783282,0.933469332874045,0.9579282914466462,0.15658792139177002,0.16069889823549618,0.16119483857911024,2.865215466359205,2.9867101632730435,2.9967253125967743,1.3856039369865434e-08,0.013814620924240361,0.18141254668646892,0.7268416403099283,0.7294436730573236,0.7511248208980936,0.8991208843960586,0.9001859027937512,0.909023275548966,0.9482197088488452,0.948780281000544,0.9534270074960696,1.0,0.0,0.0,0.0,0.0,2.6836784239925304e-05,-0.5730112173194717,0.573043093271841,0.02717870155576431
110.80000000000001,0.5730099680301104,0.5730418380315502,0.5730104062630231,0.013138041471543186,2.986703744297246,0.9305451802542279,0.9334640078915996,0.9579250581220264,0.15658844992954768,0.16069981688281024,0.1611958271161208,2.8652091901577506,2.986703744297246,2.9967185992242875,1.3887190883035765e-08,0.013814764814583736,0.18141370533853826,0.7268365008082431,0.7294388876685218,0.7511219966794003,0.8991187653940911,0.9001839328479033,0.9090221363664719,0.9482185914839724,0.9487792426335142,0.9534264100783295,1.0,0.0,0.0,0.0,0.0,2.6414121959070225e-05,-0.5730104062630231,0.5730418380315502,0.027178611207084313
111.0,0.5730091752856287,0.5730406005027288,0.5730096071689066,0.013138128527299238,2.9866974148265157,0.9305395634488762,0.933458766795565,0.9579218761466386,0.156588970076969,0.16070072106933264,0.1611968001060075,2.8652030025136437,2.986697414826516,2.9967119790150964,1.3901377692295603e-08,0.013814906588492703,0.181414846901562,0.7268314421671653,0.7294341776359051,0.7511192173028517,0.8991166797209679,0.9001819939140174,0.9090210152688071,0.9482174916923513,0.9487782206118319,0.9534258221443916,1.0,0.0,0.0,0.0,0.0,2.599790419856307e-05,-0.5730096071689066,0.5730406005027288,0.02717852181030024
111.2,0.5730083936540167,0.5730393804517746,0.5730088198691875,0.013138214347082603,2.9866911737092616,0.9305340350939221,0.9334536083065256,0.9579187447293467,0.15658948196319247,0.1607016110152719,0.16119775778524853,2.865196902258873,2.9866911737092616,2.996705450789219,1.3873493894885001e-08,0.013815046266936745,0.1814159716154464,0.7268264631558348,0.7294295418110905,0.7511164820778861,0.899114626869667,0.9001800855197735,0.9090199119775572,0.948216409206686,0.9487772146865899,0.9534252435482653,1.0,0.0,0.0,0.0,0.0,2.558803638517959e-05,-0.5730088198691875,0.5730393804517746,0.027178433362938126
111.4,0.5730076241414369,0.5730381776478716,0.5730080441979308,0.01313829897118108,2.9866850197749994,0.9305285938410353,0.9334485311638361,0.9579156630909175,0.15658998571543686,0.1607024869376164,0.16119870038687376,2.8651908882393577,2.9866850197749994,2.996699013287207,1.3887500790996162e-08,0.013815183905039248,0.18141707971724164,0.726821562561366,0.729424979062516,0.7511137903243195,0.8991126063405612,0.9001782071997604,0.9090188262184891,0.9482153437635777,0.9487762246125222,0.9534246741461522,1.0,0.0,0.0,0.0,0.0,2.5184425280599942e-05,-0.5730080441979308,0.5730381776478716,0.027178345843222155
111.60000000000001,0.5730068656925242,0.5730369918629921,0.5730072799916304,0.013138382396948858,2.986678951909122,0.9305232383614013,0.9334435341253723,0.9579126304636487,0.15659048145904186,0.16070334905017722,0.16119962814055186,2.86518495931496,2.9866789519091226,2.9966926654002606,1.3877203179616426e-08,0.013815319511613189,0.18141817144052796,0.7268167391883981,0.729420488275215,0.7511111413720268,0.8991106176412321,0.9001763584953845,0.9090177577214227,0.9482142951034268,0.9487752501479534,0.9534241137963786,1.0,0.0,0.0,0.0,0.0,2.4786978953042493e-05,-0.5730072799916304,0.5730369918629921,0.027178259257628772
111.80000000000001,0.5730061189119777,0.5730358228715995,0.5730065270886675,0.013138464655911146,2.986672968975694,0.930517967346247,0.9334386159672609,0.9579096460912642,0.15659096931748492,0.16070419756363366,0.1612005412724984,2.865179114357997,2.986672968975694,2.9966864059215497,1.3898927470158544e-08,0.013815453132018093,0.1814192470161893,0.7268119918595695,0.7294160683505759,0.7511085345608429,0.8991086602866672,0.9001745389547703,0.9090167062201906,0.948213262970537,0.9487742910547476,0.9534235623593748,1.0,0.0,0.0,0.0,0.0,2.4395606729621377e-05,-0.5730065270886675,0.5730358228715995,0.027178173589800843
112.0,0.5730053829949208,0.573034670450823,0.5730057853297071,0.013138545750169317,2.9866670698809403,0.9305127795057697,0.9334337754836418,0.9579067092286935,0.1565914494124172,0.1607050326855741,0.16120144000566078,2.865173352254115,2.9866670698809403,2.996680233749017,1.3905671314968761e-08,0.01381558477982463,0.1814203066718469,0.7268073194145557,0.7294117182061309,0.7511059692403783,0.8991067337988639,0.9001727481326751,0.9090156714525645,0.948212247112906,0.9487733470982634,0.953423019697636,1.0,0.0,0.0,0.0,0.0,2.4010219200107374e-05,-0.5730057853297071,0.573034670450823,0.02717808884227972
112.2,0.5730046574917783,0.573033534380616,0.5730050545575373,0.01313862568894409,2.9866612535366084,0.9305076735690295,0.9334290114864164,0.9579038191420535,0.15659192186366633,0.16070585462053835,0.16120232455973646,2.86516767190308,2.9866612535366084,2.9966741477658876,1.3877022082370263e-08,0.013815714476084482,0.1814213506320897,0.7268027207099711,0.7294074367753305,0.7511034447699982,0.8991048377067885,0.9001709855903957,0.9090146531602462,0.9482112472822046,0.948772418047305,0.9534224856757183,1.0,0.0,0.0,0.0,0.0,2.3630728234844134e-05,-0.5730050545575373,0.573033534380616,0.02717800501164693
112.4,0.5730039430799948,0.573032414443663,0.573004334616937,0.013138704504570975,2.9866555188438277,0.9305026482837753,0.9334243228049826,0.9579009751085413,0.15659238678925372,0.16070666357006422,0.16120319515120232,2.865162072218315,2.986655518843828,2.996668146799824,1.3873176299807773e-08,0.01381584226652107,0.1814223791186613,0.7267981946192198,0.7294032230073061,0.7511009605187344,0.8991029715463159,0.9001692508956709,0.9090136510888328,0.948210263233745,0.9487715036740701,0.95342196016022,1.0,0.0,0.0,0.0,0.0,2.3257046964972328e-05,-0.573004334616937,0.573032414443663,0.0271779220801785
112.60000000000001,0.5730032397842286,0.573031310425114,0.5730036253547383,0.013138782215657334,2.986649864729841,0.9304977024162558,0.9334197082859811,0.9578981764160998,0.15659284430544917,0.1607074597327289,0.16120405199334695,2.86515655212557,2.986649864729841,2.996662229740896,1.3905066836442675e-08,0.013815968181942313,0.18142339235037383,0.7267937400323184,0.7293990758666439,0.7510985158649869,0.8991011348601571,0.90016754362259,0.9090126649876964,0.9482092947264419,0.9487706037541024,0.9534214430197181,1.0,0.0,0.0,0.0,0.0,2.2889089721214728e-05,-0.5730036253547383,0.573031310425114,0.027177840040500674
112.80000000000001,0.5730025462765853,0.5730302221125866,0.5730029266199118,0.013138858812581491,2.9866442901624066,0.9304928347509921,0.9334151667930769,0.9578954223631108,0.15659329452682078,0.16070824330418737,0.1612048952963096,2.8651511105629326,2.9866442901624066,2.996656395570725,1.3888686176262195e-08,0.013816092222661901,0.18142439054298304,0.7267893558557004,0.7293949943331917,0.7510961101962642,0.8990993271977781,0.900165863351513,0.9090116946098791,0.9482083415227704,0.9487697180662488,0.9534209341247144,1.0,0.0,0.0,0.0,0.0,2.25267720082023e-05,-0.5730029266199118,0.5730302221125866,0.027177758901610397
113.0,0.5730018634806768,0.5730291492962376,0.57300223826318,0.013138934332141864,2.9866387940750596,0.9304880440905835,0.9334106972067104,0.9578927122585802,0.15659373756620454,0.16070901447721458,0.16120572526711308,2.865145746481188,2.9866387940750596,2.996650643136383,1.3902281020991799e-08,0.013816214438716713,0.18142537390974295,0.726785041012039,0.7293909774018337,0.751093742909339,0.8990975481153288,0.9001642096689767,0.9090107397121561,0.9482074033887286,0.9487688463926115,0.9534204333476677,1.0,0.0,0.0,0.0,0.0,2.2170010528191342e-05,-0.57300223826318,0.5730291492962376,0.027177678642073645
113.2,0.5730011903687416,0.5730280917690346,0.5730015601375784,0.013139008770480885,2.986633375454056,0.9304833292546969,0.9334062984238699,0.9578900454219231,0.15659417353473937,0.1607097734417443,0.16120654210983848,2.8651404588451728,2.9866333754540566,2.9966449714274996,1.3881543148179249e-08,0.013816334836295848,0.18142634266060226,0.7267807944393372,0.7293870240822877,0.7510914134100638,0.8990957971752663,0.9001625821676158,0.9090098000549618,0.9482064800936384,0.9487679885185044,0.9534199405629551,1.0,0.0,0.0,0.0,0.0,2.1818723197994383e-05,-0.5730015601375784,0.5730280917690346,0.027177599267014227
113.4,0.573000527494136,0.573027049326431,0.5730008920978973,0.01313908215628292,2.9866280332650557,0.930478689080775,0.933401969357838,0.9578874211827965,0.15659460254189417,0.1607105203849125,0.16120734602550202,2.8651352466321547,2.9866280332650557,2.996639379343638,1.387703054837757e-08,0.013816453456404103,0.18142729700300372,0.7267766150915715,0.7293831333988806,0.7510891211132258,0.8990940739466227,0.9001609804460656,0.9090088754023309,0.9482055714102876,0.9487671442324034,0.9534194556468417,1.0,0.0,0.0,0.0,0.0,2.147282909495396e-05,-0.5730008920978973,0.573027049326431,0.027177520760373202
113.60000000000001,0.5729998750359901,0.5730260217661544,0.5730002340008229,0.013139154510287809,2.986622766493494,0.930474122423546,0.9333977089379625,0.9578848388808027,0.15659502469551634,0.1607112554910962,0.1612081372121394,2.8651301088307717,2.986622766493494,2.9966338658258387,1.391110472303709e-08,0.013816570331357612,0.18142823714168155,0.7267725019382454,0.7293793043903402,0.7510868654422872,0.8990923780048197,0.9001594041088807,0.9090079655217941,0.9482046771148317,0.9487663133259036,0.9534189784774254,1.0,0.0,0.0,0.0,0.0,2.1132248404429066e-05,-0.5730002340008229,0.5730260217661544,0.027177443112313848
113.80000000000001,0.5729992319527877,0.5730250088883062,0.5729995857050447,0.013139225827747061,2.9866175741620378,0.9304696281546334,0.9333935161094461,0.9578822978653256,0.1565954401018583,0.1607119789419491,0.16120891586487304,2.865125044441531,2.9866175741620378,2.9966284299017403,1.3918738613440067e-08,0.013816685465932703,0.18142916327850744,0.7267684539640442,0.7293755361096129,0.7510846458292411,0.8990907089315278,0.9001578527664582,0.9090070701843197,0.9482037969867195,0.948765495593677,0.9534185089346064,1.0,0.0,0.0,0.0,0.0,2.0796902419878416e-05,-0.5729995857050447,0.5730250088883062,0.02717736632844329
114.0,0.572998597899822,0.5730240104956046,0.5729989470711576,0.01313929611812258,2.9866124552907864,0.9304651867058251,0.9333893898331312,0.9578797974955815,0.15659584886556907,0.1607126909164391,0.16120968537367086,2.865120052478023,2.9866124552907864,2.996623070558484,1.3887083014503316e-08,0.01381679888002803,0.18143007561263194,0.7267644535447907,0.7293718276236639,0.7510824617146602,0.8990890594601507,0.900156326034957,0.9090061891643341,0.948202927194197,0.9487646908334332,0.9534180469000981,1.0,0.0,0.0,0.0,0.0,2.0466713575334472e-05,-0.5729989470711576,0.5730240104956046,0.027177290403295286
114.2,0.5729979740182748,0.5730230263932928,0.5729983179614923,0.013139365421446007,2.986607408880784,0.9304607671945473,0.933385329085251,0.9578773371406254,0.1565962510896931,0.16071339159089043,0.16121045108894627,2.865115131966464,2.986607408880784,2.9966177867087747,1.3907099398218275e-08,0.013816910626245597,0.1814309743407253,0.7267604728650077,0.7293681780132608,0.7510803125476982,0.8990874181218352,0.900154823536208,0.9090053222397211,0.9482020616895752,0.9487638988458691,0.9534175922574266,1.0,0.0,0.0,0.0,0.0,2.0141605436563292e-05,-0.5729983179614923,0.5730230263932928,0.027177215313410906
114.4,0.572997359024814,0.5730220563889994,0.5729976982404718,0.013139433727325367,2.986602433994879,0.930456417827638,0.9333813328572211,0.9578749161788301,0.15659664687575534,0.1607140811390189,0.16121120465825695,2.8651102819449967,2.986602433994879,2.9966125774356356,1.3895094410017035e-08,0.013817020702857303,0.1814318596564689,0.7267565553454889,0.7293645863727841,0.7510781977856392,0.8990858028202959,0.9001533448976365,0.9090044691916419,0.9482012099138013,0.9487631194346292,0.9534171448918365,1.0,0.0,0.0,0.0,0.0,1.9821502640390842e-05,-0.5729976982404718,0.5730220563889994,0.027177141068065364
114.60000000000001,0.5729967536355267,0.5730211002924265,0.5729970877740059,0.01313950106660793,2.98659752966598,0.930452137526634,0.9333774001554187,0.9578725339978289,0.1565970363237704,0.16071475973197027,0.16121194626811877,2.865105501462132,2.9865975296659806,2.9966074417003643,1.3913065643644089e-08,0.0138171291523129,0.18143273175142002,0.7267527000157664,0.7293610518100312,0.7510761168938448,0.8990842131556608,0.9001518897521829,0.9090036298045127,0.9482003716560526,0.948762352406264,0.9534167046902788,1.0,0.0,0.0,0.0,0.0,1.950633084943365e-05,-0.5729970877740059,0.5730211002924265,0.027177067649234672
114.80000000000001,0.572996156869656,0.573020157915673,0.5729964864300301,0.013139567434786191,2.986592694973545,0.9304479252286367,0.9333735300009892,0.957870189994408,0.15659741953226008,0.16071542753835227,0.16121267610236312,2.865100789578365,2.986592694973545,2.9966023785850853,1.3899734988370943e-08,0.013817235978928057,0.18143359081424254,0.7267489059193551,0.7293575734460436,0.7510740693456619,0.8990826487338127,0.9001504577382309,0.9090028038659681,0.9481995467085402,0.948761597570193,0.9534162715413922,1.0,0.0,0.0,0.0,0.0,1.9196016783420977e-05,-0.5729964864300301,0.573020157915673,0.02717699506138888
115.0,0.5729955694792905,0.5730192290732194,0.5729958940780562,0.013139632863049167,2.9865879289724355,0.9304437798866192,0.9333697214296236,0.957867883574641,0.15659779659823136,0.160716084724274,0.1612133943420832,2.8650961453660972,2.986587928972436,2.996597387072582,1.3918783859915742e-08,0.013817341225240264,0.18143443703134832,0.7267451721140372,0.7293541504149063,0.7510720546225413,0.8990811091665086,0.9001490484995252,0.9090019911669088,0.9481987348665707,0.9487608547386591,0.9534158453355279,1.0,0.0,0.0,0.0,0.0,1.8890488230657865e-05,-0.5729958940780562,0.5730192290732194,0.027176923286006842
115.2,0.5729949907799039,0.5730183135819324,0.5729953105895901,0.013139697352625025,2.9865832307584417,0.9304397004689027,0.9333659734913549,0.95786561415352,0.15659816761723638,0.1607167314533798,0.1612141011657244,2.865091567909662,2.9865832307584417,2.9965924662523262,1.3929482981968456e-08,0.013817444901453348,0.18143527058629988,0.7267414976713864,0.7293507818635668,0.7510700722137135,0.8990795940711818,0.9001476616850969,0.9090011915013712,0.9481979359284434,0.9487601237266915,0.9534154259646809,1.0,0.0,0.0,0.0,0.0,1.8589674015370705e-05,-0.5729953105895901,0.5730183135819324,0.027176852324150607
115.4,0.5729944201990645,0.5730174112609308,0.5729947358378499,0.013139760906871599,2.9865785994360885,0.930435685959324,0.9333622852503557,0.9578633811547264,0.15659853268340998,0.16071736788688384,0.161214796749055,2.8650870563046538,2.9865785994360885,2.9965876152117246,1.390064138613882e-08,0.013817547019927864,0.1814360916602145,0.7267378816769217,0.729347466951655,0.7510681216159908,0.8990781030710068,0.9001462969491919,0.9090004046664472,0.9481971496954833,0.9487594043520665,0.9534150133224487,1.0,0.0,0.0,0.0,0.0,1.8293503963803803e-05,-0.5729947358378499,0.5730174112609308,0.027176782174127966
115.60000000000001,0.5729938583909084,0.5730165219315385,0.5729941696975794,0.013139823554369434,2.98657403409543,0.9304317353568248,0.9333586557847299,0.9578611840106633,0.15659889188946416,0.16071799418360622,0.16121548126523685,2.8650826096576925,2.98657403409543,2.9965828329724804,1.3888955306304956e-08,0.013817647619998675,0.18143690043202934,0.7267343232297397,0.7293442048512948,0.7510662023337953,0.899076635794748,0.9001449539511905,0.9089996304622959,0.9481963759719623,0.9487586964352659,0.9534146073040367,1.0,0.0,0.0,0.0,0.0,1.8001908899167862e-05,-0.5729941696975794,0.5730165219315385,0.027176712818389515
115.80000000000001,0.5729933056176901,0.5730156454172252,0.5729936120452136,0.013139885315402203,2.9865695338454668,0.9304278476751552,0.9333550841863076,0.9578590221623599,0.1565992453267038,0.16071861050000766,0.1612161548848764,2.865078227086126,2.9865695338454668,2.9965781186017217,1.3919811731388104e-08,0.013817746731952988,0.18143769707826624,0.7267308214422451,0.7293409947469222,0.7510643138790764,0.8990751918766481,0.9001436323555346,0.9089988686921109,0.9481956145650398,0.9487579997994393,0.9534142078062414,1.0,0.0,0.0,0.0,0.0,1.7714820628247918e-05,-0.5729936120452136,0.5730156454172252,0.027176644246556473
116.0,0.5729927605729263,0.5730147815436291,0.5729930627590643,0.013139946177569854,2.986565097838439,0.9304240219428328,0.9333515695604705,0.9578568950591536,0.1565995930850783,0.16071921699021954,0.16121681777603147,2.8650739077181453,2.986565097838439,2.9965734712716103,1.390822066331318e-08,0.01381784435082644,0.1814384817727652,0.7267273754401189,0.7293378358351285,0.751062455771031,0.8990737709564163,0.900142331831663,0.9089981191620061,0.9481948652847565,0.9487573142703681,0.9534138147273907,1.0,0.0,0.0,0.0,0.0,1.7432171916534345e-05,-0.5729930627590643,0.5730147815436291,0.02717657646771611
116.2,0.5729922240405172,0.5730139301385044,0.5729925217188263,0.013140006171595794,2.986560725193923,0.9304202572030518,0.9333481110259471,0.957854802158766,0.15659993525316926,0.16071981380607867,0.1612174701042268,2.865069650692522,2.986560725193923,2.996568890026256,1.3921169258848337e-08,0.013817940517872747,0.18143925468739083,0.7267239843622336,0.7293347273244773,0.7510606275361725,0.8990723726791926,0.9001410520539359,0.908997381681045,0.9481941279440163,0.9487566396764284,0.953413427967359,1.0,0.0,0.0,0.0,0.0,1.7153896488583675e-05,-0.5729925217188263,0.5730139301385044,0.027176509462305026
116.4,0.5729916951296854,0.5730130910319772,0.5729919888060957,0.013140065293311683,2.9865564150767283,0.9304165525127351,0.9333447077146336,0.9578527429271281,0.15660027191821882,0.1607204010971584,0.16121811203261763,2.8650654551598858,2.9865564150767288,2.9965643740330705,1.3901751901633392e-08,0.013818035236722256,0.18144001599129178,0.7267206473598041,0.7293316684353447,0.7510588287081795,0.8990709966951987,0.9001397927015709,0.9089966560611793,0.9481934023584012,0.9487559758485536,0.9534130474275347,1.0,0.0,0.0,0.0,0.0,1.6879929044130715e-05,-0.5729919888060957,0.5730130910319772,0.027176443233791522
116.60000000000001,0.5729911743768367,0.5730122640563148,0.572991463903911,0.013140123567935588,2.98655216663251,0.9304129069431536,0.9333413587713852,0.9578507168383176,0.15660060316613988,0.16072097901080393,0.1612187437218825,2.8650613202815736,2.98655216663251,2.9965599223775996,1.3897430900810169e-08,0.013818128542464187,0.18144076585155566,0.7267173635969418,0.7293286583997303,0.7510570588278359,0.8990696426599665,0.9001385534585625,0.9089959421172246,0.9481926883462927,0.9487553226201968,0.9534126730108086,1.0,0.0,0.0,0.0,0.0,1.6610205226016972e-05,-0.572991463903911,0.5730122640563148,0.02717637776651205
116.80000000000001,0.5729906619626183,0.5730114490457207,0.5729909468968797,0.013140181013152221,2.9865479790245724,0.9304093195795259,0.9333380633538318,0.9578487233742994,0.15660092908155848,0.16072154769216418,0.16121936533029202,2.8650572452286034,2.986547979024573,2.9965555341840133,1.3928769180176929e-08,0.01381822046197152,0.18144150443302898,0.7267141322502999,0.7293256964610952,0.7510553174428105,0.8990683102341916,0.9001373340136187,0.9089952396667714,0.9481919857287943,0.9487546798272927,0.9534123046215258,1.0,0.0,0.0,0.0,0.0,1.634466157218739e-05,-0.5729909468968797,0.5730114490457207,0.02717631305078472
117.0,0.5729901569348756,0.573010645836379,0.5729904376712565,0.013140237623008758,2.986543851449899,0.9304057895207439,0.9333348206322101,0.957846762024749,0.1566012497478425,0.16072210728421976,0.16121997701375618,2.8650532291818944,2.986543851449899,2.996551208656001,1.3935023393569602e-08,0.01381831099659576,0.1814422318982049,0.7267109525088222,0.7293227818742112,0.7510536041075002,0.899066999083631,0.9001361340600974,0.9089945485301228,0.9481912943296772,0.9487540473082271,0.953411942165454,1.0,0.0,0.0,0.0,0.0,1.6083235505878757e-05,-0.5729904376712565,0.573010645836379,0.027176249091315382
117.2,0.5729896590046021,0.573009854266675,0.5729899361148435,0.013140293405102421,2.9865397831018634,0.9304023158790825,0.93333162978919,0.9578448322871199,0.15660156524709062,0.16072265792781362,0.16122057892587446,2.8650492713333744,2.9865397831018634,2.9965469449575166,1.3905227428875988e-08,0.01381840016213325,0.18144294840736644,0.726707823573486,0.7293199139050042,0.7510519183830887,0.8990657088789963,0.9001349532959421,0.9089938685303172,0.9481906139753248,0.9487534249038024,0.9534115855497951,1.0,0.0,0.0,0.0,0.0,1.5825865368676584e-05,-0.5729899361148435,0.573009854266675,0.02717618588232273
117.4,0.5729891692489559,0.5730090741771446,0.5729894421168604,0.013140348395154773,2.9865357731555418,0.9303988977799701,0.9333284900196747,0.9578429336666879,0.15660187566012498,0.1607231997616851,0.16122117121797525,2.8650453708857233,2.9865357731555418,2.9965427421833226,1.3924088888048229e-08,0.0138184880044883,0.18144365411877078,0.7267047446570956,0.7293170918303741,0.7510502598375872,0.8990644392958692,0.900133791423609,0.9089931994931457,0.9481899444946875,0.9487528124571986,0.9534112346831943,1.0,0.0,0.0,0.0,0.0,1.5572490419515916e-05,-0.5729894421168604,0.5730090741771446,0.02717612340150386
117.60000000000001,0.5729886864788104,0.5730083054103557,0.5729889555682834,0.013140402581766816,2.9865318208428384,0.9303955343618278,0.9333254005306313,0.9578410656760931,0.15660218106656593,0.16072373292249834,0.1612217540391434,2.8650415270517784,2.9865318208428384,2.996538599586689,1.3912701588909807e-08,0.013818574518810765,0.1814443491881664,0.7267017149841342,0.7293143149380469,0.7510486280454324,0.8990631900146411,0.9001326481500055,0.9089925412469888,0.9481892857192511,0.9487522098139409,0.9534108894756548,1.0,0.0,0.0,0.0,0.0,1.5323050780252645e-05,-0.5729889555682834,0.5730083054103557,0.027176061657214836
117.80000000000001,0.5729882114744531,0.5730075478105864,0.5729884763612485,0.013140455994192864,2.986527925364624,0.9303922247765432,0.9333223605409108,0.9578392278353004,0.1566024815448385,0.1607242575448737,0.16122232753613802,2.865037739052932,2.986527925364624,2.9965345162998487,1.3935820675249116e-08,0.013818659743831074,0.181445033769645,0.7266987337911982,0.7293115825264105,0.7510470225874541,0.8990619607206914,0.9001315231864226,0.908991893622805,0.9481886374831308,0.9487516168218652,0.9534105498385312,1.0,0.0,0.0,0.0,0.0,1.5077487393252986e-05,-0.5729884763612485,0.5730075478105864,0.02717600063102949
118.0,0.5729877434285959,0.5730068012241054,0.5729880043895608,0.013140508628627503,2.986524085964369,0.9303889681883283,0.9333193692810963,0.957837419671508,0.15660277717218726,0.1607247737614134,0.16122289185358996,2.865034006120527,2.9865240859643696,2.9965304915680817,1.3942575653290634e-08,0.013818743682638543,0.18144570801491308,0.7266958003259624,0.7293088939043809,0.7510454430507937,0.8990607511039619,0.9001304162484812,0.9089912564540964,0.9481879996228469,0.9487510333310882,0.9534102156845121,1.0,0.0,0.0,0.0,0.0,1.4835742047247802e-05,-0.5729880043895608,0.5730068012241054,0.02717594032582801
118.2,0.5729872819143966,0.5730060654993403,0.5729875395485196,0.01314056048896484,2.9865203018872792,0.9303857637738351,0.933316425993335,0.957835640719196,0.1566030680246683,0.1607252817027304,0.1612234471339816,2.8650303274967013,2.9865203018872792,2.9965265246170754,1.3910511651473202e-08,0.01381882634648736,0.18144637207354342,0.7266929138472908,0.7293062483912509,0.7510438890289497,0.899059560859002,0.9001293270560681,0.9089906295769283,0.948187371977349,0.9487504591939755,0.95340988692763,1.0,0.0,0.0,0.0,0.0,1.4597757403866929e-05,-0.5729875395485196,0.5730060654993403,0.027175880738210645
118.4,0.572986827734894,0.5730053404867295,0.5729870817347591,0.013140611604411429,2.9865165723625666,0.9303826107220984,0.9333135299311525,0.9578338905200355,0.15660335417716395,0.16072578149748054,0.16122399351765657,2.865026702433647,2.9865165723625666,2.9965226146074397,1.3905019278885268e-08,0.013818907773727719,0.18144702609320126,0.7266900736251806,0.7293036453165213,0.751042360121694,0.8990583896849466,0.9001282553332683,0.908990012829895,0.9481867543880033,0.9487498942651045,0.9534095634832433,1.0,0.0,0.0,0.0,0.0,1.4363476970591371e-05,-0.5729870817347591,0.5730053404867295,0.02717582184925048
118.60000000000001,0.5729863809951435,0.5730046260384308,0.572986630846312,0.013140661989569879,2.9865128966432595,0.9303795082344237,0.9333106803592837,0.957832168622588,0.15660363570343197,0.16072627327239133,0.1612245311428389,2.865023130192154,2.9865128966432595,2.996518760762297,1.3938962395084874e-08,0.013818987986909035,0.18144767021955424,0.7266872789406644,0.7293010840197531,0.7510408559348151,0.8990572372854752,0.9001272008083039,0.9089894060540161,0.9481861466985723,0.948749338401232,0.9534092452679827,1.0,0.0,0.0,0.0,0.0,1.4132845041370246e-05,-0.572986630846312,0.5730046260384308,0.027175763651162966
118.80000000000001,0.5729859403115297,0.5730039220083699,0.5729861867827388,0.01314071162804785,2.9865092740225125,0.9303764555242192,0.9333078765535344,0.9578304745820617,0.1566039126761453,0.16072675715228477,0.16122506014566193,2.8650196100418497,2.9865092740225125,2.996514962401035,1.3920933425620743e-08,0.013819066975166987,0.18144830459608738,0.726684529085659,0.7292985638504436,0.7510393760798992,0.8990561033687501,0.9001261632134826,0.9089888090926483,0.9481855487551812,0.9487487914612692,0.9534089321997036,1.0,0.0,0.0,0.0,0.0,1.3905806679717636e-05,-0.5729861867827388,0.5730039220083699,0.02717570615423168
119.0,0.5729855067391736,0.5730032282523355,0.5729857494447236,0.013140760553819263,2.9865057037521736,0.9303734518168134,0.9333051178006142,0.9578288079605889,0.15660418516684657,0.16072723326010763,0.16122558066019962,2.8650161412616773,2.9865057037521736,2.9965112186932292,1.3935038339545352e-08,0.013819144781664487,0.1814489293646806,0.7266818233628022,0.7292960841678744,0.7510379201745784,0.8990549876473494,0.9001251422851365,0.908988221791586,0.9481849604062837,0.9487482533062468,0.9534086241975401,1.0,0.0,0.0,0.0,0.0,1.3682307754392387e-05,-0.5729857494447236,0.5730032282523355,0.02717564933585408
119.2,0.572985079328916,0.5730025446282452,0.5729853187346517,0.013140808759156549,2.9865021851347353,0.9303704963486074,0.9333024033979866,0.9578271683270535,0.15660445324597638,0.1607277017169559,0.16122609281861341,2.8650127231412257,2.9865021851347353,2.9965075289518146,1.391904762325422e-08,0.01381922140464244,0.18144954466478314,0.7266791610846894,0.7292936443409771,0.7510364878423769,0.8990538898379519,0.9001241377635653,0.908987643998999,0.9481843815024947,0.9487477237992875,0.9534083211818719,1.0,0.0,0.0,0.0,0.0,1.346229495922946e-05,-0.5729853187346517,0.5730025446282452,0.027175593200855046
119.4,0.5729846588364148,0.5730018709957786,0.5729848945560231,0.013140856271505413,2.986498717446344,0.9303675883679203,0.9332997326536898,0.9578255552569631,0.156604716982894,0.16072816264210626,0.1612265967510053,2.865009354978893,2.986498717446344,2.996503892389404,1.3934413503074073e-08,0.01381929688004491,0.18145015063425268,0.7266765415746352,0.7292912437481748,0.7510350787126002,0.8990528096616517,0.9001231493929727,0.9089870755653876,0.9481838118967572,0.9487472028055699,0.9534080230743005,1.0,0.0,0.0,0.0,0.0,1.3245715757004284e-05,-0.5729848945560231,0.5730018709957786,0.02717553773150556
119.60000000000001,0.5729842442839378,0.5730012072163471,0.5729844768138641,0.013140903082251002,2.9864953000079493,0.930364727134289,0.9332971048862009,0.9578239683320796,0.1566049764459378,0.1607286161530384,0.16122709258553927,2.865006036081735,2.9864953000079493,2.9965003083388497,1.3917312617426305e-08,0.013819371204963312,0.18145074740876546,0.7266739641660438,0.72928888177726,0.7510336924200126,0.8990517468436989,0.9001221769214156,0.9089865163434532,0.9481832514442045,0.9487466901923045,0.9534077297975816,1.0,0.0,0.0,0.0,0.0,1.3032518342906418e-05,-0.5729844768138641,0.5730012072163471,0.02717548293313703
119.80000000000001,0.5729838361356032,0.5730005531530441,0.5729840654142713,0.013140949212507799,2.9864919321194234,0.9303619119186008,0.9332945194242804,0.9578224071405659,0.15660523170240123,0.16072906236546272,0.16122758044841778,2.86500276576522,2.9864919321194234,2.9964967760465804,1.3908537218016752e-08,0.013819444408344343,0.18145133512246955,0.726671428202528,0.7292865578252545,0.7510323286049658,0.8990507011135486,0.9001212201007465,0.9089859661881493,0.9481827000021872,0.9487461858287008,0.9534074412756519,1.0,0.0,0.0,0.0,0.0,1.282265165232499e-05,-0.5729840654142713,0.5730005531530441,0.027175428791481108
120.0,0.5729834347071942,0.5729999086707435,0.5729836602646662,0.013140994680168622,2.9864886130924373,0.930359128315435,0.9332919756068352,0.9578208712770111,0.15660548281852854,0.1607295013933434,0.16122806283590632,2.864999543353717,2.9864886130924373,2.996493294784511,1.3936227798580741e-08,0.013819516515574518,0.18145191390761964,0.7266689207079273,0.7292842712982859,0.7510309869134202,0.8990496671204504,0.9001202786865634,0.9089854249566913,0.9481821547491222,0.9487456895859432,0.9534071574336341,1.0,0.0,0.0,0.0,0.0,1.2616065374268515e-05,-0.5729836602646662,0.5729999086707435,0.02717537529569741
