t,J_mean,theta_mean,u_mean,W_inventory,source_integral,source_mean,collapsed_skin_thickness,front_position,reactant_penetration_depth,heat_source_localization,min_A,mean_A,min_D,mean_D,min_M,mean_M,surface_q,surface_n,surface_h
0.0,1.2999999999999998,4.9999999999999996e-05,0.02,0.026012500000000004,0.07994373398924638,0.07994373398924638,0.0,,0.0,1.2505617016904587,0.9969863314216022,0.9990408383580583,1.9979888657596805,1.999360052663286,0.9994970899680228,0.9998399815031443,-0.0009405127121299428,-0.6894955077750986,4.9193548387096775e-05
0.2,1.3000510257818547,0.035750033801569006,0.06500849023112959,0.08430506917178734,0.2904875714594878,0.2904875714594878,0.0,,0.0,6.059949483182893,0.9971177213552042,0.9993205651705549,1.9980766316386092,1.9995467167677061,0.9995190422379007,0.9998866587606935,0.00039856029390003544,-0.43255504870136935,0.048227697245509765
0.4,1.2998582680177018,0.0904659639599538,0.0763767259054813,0.09895831339845812,0.3934716340365287,0.3934716340365287,0.0,,0.0,5.513630655108461,0.9960921578667873,0.9991010660196509,1.9973913705767712,1.999400091503386,0.9993476298294917,0.9998499841408538,0.0014787617447512835,-0.4159922920666115,0.09862052693689362
0.6000000000000001,1.299479210687458,0.15075511822605311,0.07583142008033396,0.09811621187208008,0.44421306872053334,0.44421306872053334,0.0,,0.0,5.43090178161696,0.9947236432484604,0.998648918731815,1.9964762233574391,1.9990980063611952,0.9991186674269664,0.9997744219386454,0.002265533420229643,-0.42132432738593,0.1413726493035511
0.8,1.2989685212432398,0.2101873902403358,0.07123187988029267,0.09201363777786777,0.4651737281819953,0.4651737281819953,0.0,,0.0,5.541402274638001,0.9932185819078375,0.9980955300131462,1.9954687954254553,1.998728049558657,0.9988665564449765,0.9996818681661347,0.0028063380664303667,-0.43058305753392784,0.17582981672325554
1.0,1.2983679537281987,0.2660378968766518,0.06603567746737579,0.08515738131717027,0.4719999968041378,0.4719999968041378,0.0,,0.0,5.721077940168005,0.9917755099821328,0.9975270691805156,1.9945019044688728,1.9983477558567866,0.9986245300638402,0.9995867120379073,0.0031778326574388865,-0.4392086963540629,0.20322574256320747
1.2000000000000002,1.297703663722998,0.3177164248285907,0.0614550527414957,0.07912430292834062,0.4737126127051958,0.4737126127051958,0.0,,0.0,5.908912824495442,0.9905055288183935,0.9969974816516575,1.9936502119648118,1.9979932408205527,0.9984112908666353,0.9994979919570272,0.0034543506308243044,-0.4463287504227638,0.22537981693099107
1.4000000000000001,1.2969890531167005,0.3655428432593483,0.05769967232958791,0.0741838635057025,0.47432592949435337,0.47432592949435337,0.0,,0.0,6.08062781283157,0.9894336906004852,0.996524812532012,1.9929308341265821,1.997676661417407,0.9982311439493232,0.9994187551228646,0.0036874349292545378,-0.4521400067750337,0.24392725904781343
1.6,1.2962297347087934,0.41005390789113233,0.05464531852200035,0.07017057491720113,0.4751625568505382,0.4751625568505382,0.0,,0.0,6.2313505456187475,0.9885420957827986,0.9961008399148988,1.9923320329682486,1.9973926014443892,0.998081167098095,0.9993476515734829,0.0039043036153032923,-0.45701331601642303,0.2600460533165394
1.8,1.2954276956155073,0.4517309149576589,0.05211547738628049,0.06685100298650529,0.47644670778279086,0.4764467077827909,0.0,,0.0,6.363816103668381,0.9877945766426209,0.9957189251023076,1.9918297164491183,1.997136646008524,0.9979553385830717,0.9992835782782827,0.0041154494620028875,-0.46124203337922115,0.274489795372146
2.0,1.294583817674915,0.49094033298785755,0.04996718854206651,0.06403580487131827,0.4780710583679394,0.4780710583679394,0.0,,0.0,6.482316794603369,0.9871526918181248,0.9953558423015347,1.9913981815877226,1.9968932908809267,0.9978472279514395,0.9992226579083427,0.004322556748425702,-0.46501556831325264,0.28771378096976413
2.2,1.2936990672802438,0.5279495060124771,0.048101491979555995,0.061593525847991354,0.47988616609346235,0.4798861660934624,0.0,,0.0,6.590446260042525,0.9865635340419066,0.9950016436212149,1.9910019300711155,1.9966558711982456,0.9977479463914384,0.9991632221844507,0.0045237336582450716,-0.46844820308227353,0.2999892955022099
2.4000000000000004,1.2927749028353384,0.5629563575646647,0.046453254619659656,0.05943739707089548,0.4817787971693882,0.4817787971693882,0.0,,0.0,6.6906911042693675,0.9860134894956352,0.9946445418416302,1.9906318426168363,1.9964164927244008,0.9976552113624024,0.9991032952841115,0.0047162457961760496,-0.47160870873268423,0.31148115081784944
2.6,1.2918133081347647,0.5961141679231068,0.04497932777880374,0.05750984539434616,0.4836777723695969,0.48367777236959697,0.0,,0.0,6.784640953309579,0.9854909726887278,0.994272606189339,1.9902801491909836,1.9961671677606387,0.9975670774456831,0.9990408781580531,0.004897685833004692,-0.4745402168196538,0.32229433033816196
2.8000000000000003,1.290816682330267,0.6275479314200729,0.04365006311466536,0.05577132701436813,0.4855425267298742,0.4855425267298742,0.0,,0.0,6.873286671458406,0.9849827289732452,0.9938759929624071,1.9899379433386588,1.9959013031812054,0.9974813136269209,0.9989743205995413,0.005066328263083286,-0.4772716039413293,0.3325000808736538
3.0,1.2897876991083166,0.6573644322079922,0.04244398033504174,0.054193266079801725,0.4873511285798497,0.4873511285798497,0.0,,0.0,6.957262447205267,0.9844798340619072,0.9934466862216942,1.9895992229958774,1.9956135268791122,0.9973964160854029,0.9989022778134854,0.00522113739931819,-0.4798237735023552,0.34215049318123497
3.2,1.2887291805423227,0.6856580227564399,0.04134472272085388,0.05275399139917411,0.4890924220490788,0.4890924220490789,0.0,,0.0,7.036995694516346,0.9839765139131283,0.9929759228727973,1.9892601007097017,1.99529796997733,0.9973114105593734,0.9988232808956494,0.005361646180516683,-0.4822129288696221,0.3512862923384425
3.4000000000000004,1.2876439964048263,0.7125141009319849,0.040339265249262624,0.05143632816170732,0.4907610327368596,0.4907610327368596,0.0,,0.0,7.112800598402885,0.9834692045491807,0.9924448511215421,1.9889181735528543,1.994942036393531,0.9972256946181607,0.9987341790524312,0.005487812937384415,-0.484452402075124,0.3599413118958456
3.6,1.2865349937562771,0.7380110621353573,0.039416938996442094,0.05022627394713173,0.49235513525871255,0.49235513525871255,0.0,,0.0,7.184921356687935,0.9829558793782079,0.9918064637924509,1.9885720720157518,1.9945143513534371,0.9971389247187269,0.9986271262892882,0.005599895308165154,-0.48655358133753535,0.3681448235642866
3.8000000000000003,1.2854049465359731,0.762221636298481,0.03856877299955196,0.04911210423601764,0.493874863687684,0.4938748636876841,0.0,,0.0,7.253561566506464,0.982435542878356,0.991117402089191,1.9882211201890045,1.9940526342298488,0.9970509311086945,0.9985115498488706,0.005698348094007405,-0.48852649214666904,0.37592299005518
4.0,1.28425652421567,0.785213706246617,0.037787112308215236,0.04808384974240194,0.4953213084921574,0.4953213084921574,0.0,,0.0,7.318901962730407,0.9819078856733366,0.9904162929601886,1.9878651041778947,1.9935826228372893,0.9969616598273496,0.9983938833300067,0.005783748412592632,-0.4903801090296226,0.383299649630289
4.2,1.2830922736381805,0.8070508624322696,0.03706537083084407,0.04713295816602739,0.49669638258640547,0.49669638258640547,0.0,,0.0,7.381103831312279,0.9813730527127875,0.9897046429912526,1.9875041164126044,1.993105313712407,0.9968711337114863,0.99827437536381,0.005856744261898222,-0.4921225540272513,0.3902967897266256
4.4,1.281914607973705,0.8277928869953541,0.03639781277419145,0.04625199831946932,0.49800239037891497,0.49800239037891497,0.0,,0.0,7.4403161014879515,0.980831467432022,0.9889838871147171,1.9871384374524967,1.9926216578963518,0.9967794227856697,0.9981532633495608,0.005918015501621243,-0.4937612448956305,0.3969348846475119
4.6000000000000005,1.28072580327826,0.8474960998539206,0.03577940904281937,0.04543446619667816,0.4992418595956375,0.4992418595956375,0.0,,0.0,7.496678107844306,0.9802837217245928,0.9882553852209955,1.986768462009402,1.9921325583448253,0.9966866257288428,0.9980307727866355,0.00596824905077388,-0.49530298503772974,0.40323308942370284
4.800000000000001,1.2795279989364237,0.866213621449023,0.03520573295362806,0.04467464511892842,0.5004175251878994,0.5004175251878994,0.0,,0.0,7.550319906066817,0.9797305093160645,0.9875204214593362,1.9863946541472284,1.991638869222057,0.9965928586502297,0.9979071170831175,0.006008124525924488,-0.49675403245358285,0.4092093751698844
5.0,1.278323200081887,0.8839956359246973,0.03467285958166585,0.043967471927705996,0.5015321233690535,0.5015321233690535,0.0,,0.0,7.601365391753479,0.9791700748742588,0.9867802048358323,1.9860158228025329,1.9911413960854547,0.9964978224635611,0.9977824975886731,0.006038302870514128,-0.49812016614722193,0.4148806549511291
5.2,1.2771132820922777,0.9008895974497517,0.03417729600673335,0.0433084445707374,0.5025883706836625,0.5025883706836625,0.0,,0.0,7.64993268756794,0.9785857920477569,0.9860358712650166,1.9856207169444904,1.9906408970924179,0.9963986938847195,0.9976571038862921,0.006059420176787109,-0.49940673256844875,0.4202628696468509
5.4,1.2758999957328192,0.9169403996338876,0.03371592650238778,0.0426935499417793,0.5035889894993499,0.5035889894993499,0.0,,0.0,7.696133811015754,0.9779983807382537,0.9852884861332263,1.9852233369486543,1.9901380845794086,0.9962989847954472,0.997531114179033,0.006072084958121157,-0.5006186833198522,0.42537105427833305
5.6000000000000005,1.2746849731151997,0.9321905547808528,0.03328595710988043,0.04211919133707943,0.5045366089938386,0.5045366089938386,0.0,,0.0,7.740076231516077,0.9774085848369573,0.9845390473891719,1.984824183654981,1.989633627000657,0.9961988207092245,0.9974046957671727,0.00607687618868101,-0.5017606155167667,0.43021940906115735
5.800000000000001,1.2734697335462826,0.9466803353354417,0.032884876916135196,0.04158213787724243,0.5054337874767556,0.5054337874767556,0.0,,0.0,7.781862651846421,0.9768171206466734,0.9837884886442846,1.9844237400168934,1.9891281508926797,0.9960983227001168,0.9972780055330135,0.0060743431273460324,-0.5028368014622783,0.4348213526995294
6.0,1.272255689427099,0.9604479066216157,0.03251042361257499,0.041079479680663306,0.5062830125369421,0.5062830125369422,0.0,,0.0,7.821591132522015,0.9762246727322151,0.9830376823388968,1.9840224682612657,1.9886222428910465,0.9959976066881674,0.997151190439264,0.0060650057352163445,-0.5038512155557062,0.43918957113901236
6.2,1.2710441520221516,0.9735294518135632,0.032160552405886035,0.04060858751865987,0.5070866782806728,0.5070866782806728,0.0,,0.0,7.859355560927389,0.9756318913730776,0.9822874428563237,1.9836208081247881,1.988116451718239,0.9958967829943958,0.9970243880205494,0.006049355469096129,-0.5048075600128722,0.4433360640146392
6.4,1.269836337065215,0.9859592876543409,0.03183340970211736,0.04016707870599269,0.5078470715858536,0.5078470715858536,0.0,,0.0,7.895246004343492,0.9750393911150965,0.9815385295623,1.9832191758288544,1.9876112901270255,0.9957959560807886,0.9968977268641197,0.006027856269727572,-0.5057092880021271,0.4472721876867946
6.6000000000000005,1.268633370157058,0.9977699695479818,0.03152731179578746,0.03975278949672717,0.508566381152389,0.508566381152389,0.0,,0.0,7.929348739722069,0.9744477505568606,0.9807916497440373,1.982817963887493,1.9871072367825997,0.9956952244991697,0.9967713270755958,0.006000945706655644,-0.5065596231819014,0.45100869336736
6.800000000000001,1.2674362919163076,1.0089923887646748,0.031240726313587923,0.03936375109408886,0.509246704554258,0.5092467045542581,0.0,,0.0,7.96174631443713,0.9738575131088312,0.9800474614227188,1.9824175415732408,1.9866047380653216,0.9955946810051481,0.9966453007251688,0.0059690362680906855,-0.5073615772742994,0.45455576202312914
7.0,1.2662460628624688,1.019655863895669,0.030972255335829573,0.038998167868242714,0.5098900435300797,0.5098900435300797,0.0,,0.0,7.992517780057962,0.9732691881172719,0.9793065760222376,1.982018255630502,1.9861042097814041,0.9954944127342032,0.9965197522710159,0.005932516697366261,-0.5081179667573025,0.4579230376186713
7.2,1.2650635680354756,1.0297882263982723,0.030720620795313187,0.038654398513855326,0.5104983020671445,0.5104983020671445,0.0,,0.0,8.021738887978856,0.9726832519764461,0.9785695608948208,1.9816204309816667,1.9856060387814753,0.9953945013759918,0.9963947789598776,0.005891753251651338,-0.5088314280049585,0.46111965821213147
7.4,1.2638896213719126,1.0394159002384127,0.030484652187285702,0.03833094018123312,0.5110732927117704,0.5110732927117704,0.0,,0.0,8.049482165429826,0.9721001492737643,0.9778369417162702,1.981224371456595,1.9851105844957269,0.9952950233545808,0.9962704712070006,0.005847090871535704,-0.50950443054626,0.46415428443770296
7.6000000000000005,1.2627249698533307,1.0485639765990349,0.03026327574179102,0.03802641450595522,0.5116167419463601,0.5116167419463601,0.0,,0.0,8.075817003262909,0.9715202940999574,0.9771092047605703,1.9808303606355078,1.9846181803923582,0.9951960500372424,0.9961469129571207,0.005798854326608149,-0.5101392891488437,0.4670351260475084
7.800000000000001,1.261570297430175,1.0572562842823674,0.030055504637109553,0.037739554996601754,0.5121302912248452,0.5121302912248452,0.0,,0.0,8.100809805012318,0.9709440714663946,0.9763867990550803,1.9804386627664559,1.9841291353599306,0.9950976479620892,0.9960241820266451,0.0057473493442020684,-0.510738175145113,0.4697699670470059
8.0,1.2604262287248562,1.0655154558524889,0.029860430410846538,0.03746919596587407,0.5126154989463279,0.5126154989463279,0.0,,0.0,8.124524119940082,0.9703718386793061,0.9756701384172061,1.9800495236555389,1.9836437350139613,0.9949998790589868,0.9959023504270873,0.005692863670571549,-0.5113031267585124,0.47236618923903145
8.200000000000001,1.259293332527297,1.0733629897693726,0.029677215524313624,0.037214262941831035,0.5130738451714523,0.5130738451714523,0.0,,0.0,8.147020732786213,0.9697917752884476,0.9749596033800566,1.9796549032623825,1.9831622429326643,0.9949007232034103,0.9957814846709827,0.005635668048683415,-0.5118360583658719,0.47483079410383894
8.4,1.2581721251002962,1.0808193090237608,0.02950508675015708,0.03697376414184282,0.5135067358744627,0.5135067358744627,0.0,,0.0,8.168357756518354,0.9692101575727824,0.9742555430174448,1.9792590674156116,1.9826849018287958,0.9948012520120979,0.9956616460620262,0.005576017141977918,-0.5123387690069219,0.47717042335043097
8.6,1.2570630733066543,1.0879038165624417,0.029343329208000018,0.03674678278688257,0.5139155056185604,0.5139155056185604,0.0,,0.0,8.188590744396743,0.9686336590684779,0.9735582766750916,1.9788665592665426,1.9822119346621445,0.994702607228288,0.995542890970564,0.005514150420219091,-0.5128129503094903,0.4793913783490561
8.8,1.2559665975649617,1.094634947587181,0.029191281064466175,0.03653247027242419,0.5143014204298815,0.5143014204298815,0.0,,0.0,8.207772795330477,0.9680625440700397,0.9728680956114928,1.9784775628597497,1.9817435456948322,0.9946048353586482,0.9954252710949758,0.005450292996920472,-0.5132601937610934,0.4814996383914349
9.0,1.2548830746419446,1.1010302189107086,0.029048328851493485,0.03633004013389951,0.5146656814609935,0.5146656814609936,0.0,,0.0,8.225954643441067,0.9674970547384576,0.9721852645525013,1.9780922474073306,1.9812799214919974,0.9945079791973187,0.9953088337095812,0.005384656412184843,-0.5136819973382122,0.48350087780295825
9.200000000000001,1.2538128402918551,1.1071062756472598,0.028913903270864013,0.03613876263871805,0.5150094284162111,0.5150094284162111,0.0,,0.0,8.243184746579816,0.9669374122204514,0.9715100231654387,1.9777107680165602,1.9808212318716512,0.9944120780066383,0.9951936219000099,0.005317439369068866,-0.5140797716300988,0.4854004820720873
9.4,1.2527561917530665,1.1128789354311646,0.028787475402225468,0.035957959899760646,0.515333742332416,0.515333742332416,0.0,,0.0,8.25950937992724,0.9663838177252874,0.9708425874583886,1.9773332663908534,1.9803676308073859,0.9943171676912983,0.9950796747869589,0.005248828431127589,-0.5144548455319183,0.48720356309728674
9.600000000000001,1.2517133901097721,1.1183632302777868,0.02866855328933092,0.03578700147699698,0.5156396481323944,0.5156396481323945,0.0,,0.0,8.274972728825842,0.9658364535637048,0.970183151108879,1.9769598715070893,1.9799192572866577,0.9942232809666864,0.9949670277390036,0.005178998682320551,-0.5148084715055683,0.4889149735647027
9.8,1.2506846625255548,1.1235734460866829,0.028556678974550945,0.035625300552652436,0.5159281190946327,0.5159281190946327,0.0,,0.0,8.289616947783452,0.9652954841432004,0.9695318867254258,1.9765907002653085,1.9794762361268141,0.9941304475204172,0.994855712575,0.005108114347648046,-0.515141830373626,0.4905393204356536
10.0,1.249670204355572,1.1285231603739099,0.028451425580755467,0.035472310177373526,0.5162000764877255,0.5162000764877255,0.0,,0.0,8.303482289629514,0.9647610569161493,0.9688889470454002,1.9762258581083056,1.97903867875107,0.9940386941664197,0.9947457577566261,0.005036329383252741,-0.5154560358971342,0.49208097782205085
10.200000000000001,1.248670181144322,1.1332252776549303,0.028352394970522173,0.0353275202482202,0.5164563949585985,0.5164563949585985,0.0,,0.0,8.316607140642704,0.9642333032855019,0.9682544660728888,1.9758654396142687,1.9786066839267615,0.9939480449923689,0.9946371885716315,0.004963788029190952,-0.5157521388873075,0.49354409900662616
10.4,1.2476847305157321,1.1376920632710783,0.028259215406899848,0.03519045449825265,0.5166979033827995,0.5166979033827995,0.0,,0.0,8.329028122188431,0.9637123394723568,0.9676285601600824,1.9755095290653162,1.9781803384681242,0.9938585215011767,0.9945300273083574,0.0048906253349131484,-0.516031131109832,0.4949326278912225
10.600000000000001,1.246713963961324,1.1419351752828404,0.028171539575548018,0.03506066794586364,0.5169253884629958,0.516925388462996,0.0,,0.0,8.340780145263233,0.9631982673463779,0.9670113290351313,1.975158200992516,1.9777597179054518,0.9937701427466805,0.9944242934219774,0.004816967655262738,-0.5162939488497816,0.49625030975646317
10.8,1.2457579685317102,1.145965694859955,0.02808904267820933,0.03493774444115763,0.5171395960205599,0.5171395960205599,0.0,,0.0,8.351896496560478,0.9626911752200258,0.9664028567791015,1.9748115206979635,1.9773448871222639,0.993682925463671,0.9943200036928656,0.004742933121280643,-0.5165414762856351,0.49750070149477355
11.0,1.244816808436409,1.1497941550864421,0.028011420717093328,0.03482129445771204,0.5173412326143995,0.5173412326143995,0.0,,0.0,8.362408915105537,0.9621911386058645,0.9658032127545225,1.9744695447533274,1.9769359009620333,0.9935968841921076,0.9942171723774678,0.004668632085744487,-0.5167745486320888,0.49868718129142653
11.200000000000001,1.2438905265570273,1.1534305682061103,0.027938389001599066,0.03471095316784788,0.5175309684548705,0.5175309684548705,0.0,,0.0,8.372347644748253,0.96168791252234,0.9652124524880932,1.974125267875527,1.97653280480608,0.9935102564773377,0.9941158113520738,0.004594167543249844,-0.5169939550254338,0.49981295773797924
11.4,1.242979145878634,1.1568844515136472,0.027869680761356683,0.0346063786563107,0.5177094396783414,0.5177094396783414,0.0,,0.0,8.381741492902918,0.9611880839947498,0.9646306185100005,1.9737831964801609,1.9761356351241606,0.9934241762286149,0.994015930249867,0.004519635528555874,-0.517200441217566,0.5008810784636752
11.600000000000001,1.2420826708435206,1.1601648520227115,0.027805045805493627,0.03450725019725986,0.5178772490635383,0.5178772490635383,0.0,,0.0,8.390617909665748,0.9606956998888019,0.9640577411519214,1.9734461038966504,1.9757444199990262,0.9933393415703641,0.993917536591558,0.004445125495908073,-0.5173947121374574,0.5018944383585081
11.8,1.2412010886311957,1.1632803698283576,0.027744249338779177,0.03441326673154115,0.5180349676027481,0.5180349676027481,0.0,,0.0,8.399003049564188,0.9602107909742915,0.9634938393055867,1.9731140163261616,1.9753591796261045,0.9932557594165502,0.9938206359098953,0.004370720677815035,-0.5175774342734824,0.5028557873473362
12.0,1.2403343703685341,1.1662391801884273,0.027687070958152957,0.03432414557263734,0.5181831376316721,0.5181831376316722,0.0,,0.0,8.40692180530701,0.9597333783047975,0.9629389211438726,1.9727869532700446,1.9749799267895127,0.9931734349922763,0.9937252318683361,0.004296498423281753,-0.5177492378545151,0.5037677377039188
12.200000000000001,1.2394824722738593,1.1690490546750156,0.02763330358703607,0.034239621039887105,0.518322272847352,0.518322272847352,0.0,,0.0,8.414397887205713,0.9592634738078342,0.9623929848063011,1.9724649279221071,1.9746066673155618,0.9930923719317574,0.9936313263741722,0.004222530520719192,-0.517910718947842,0.5046327710424795
12.4,1.2386453367383006,1.1717173811367891,0.02758275259531319,0.03415944332609005,0.5184528603540413,0.5184528603540413,0.0,,0.0,8.421453867204974,0.9588010808483196,0.9618560190505979,1.9721479475438657,1.9742394005047712,0.9930125723720874,0.9935389196863521,0.004148883503231046,-0.5180624413869402,0.5054532449081385
12.600000000000001,1.2378228933476456,1.1742511826744475,0.027535234978194947,0.03408337744182466,0.5185753624136391,0.5185753624136391,0.0,,0.0,8.428111223912907,0.9583461947660481,0.9613280038718989,1.971836013823162,1.973878119543347,0.9929340370428936,0.9934480105182402,0.004075618938231371,-0.5182049385936193,0.5062313990369771
12.8,1.2370150598477208,1.1766571357117968,0.02749057856271979,0.03401120219752166,0.5186902173285699,0.5186902173285699,0.0,,0.0,8.434390398275818,0.9578988033870752,0.960808911091092,1.9715291232160175,1.9735228118950514,0.9928567653518399,0.99335859613553,0.004002793702641824,-0.5183387152981197,0.5069693613029483
13.0,1.2362217430561797,1.1789415871695477,0.027448621269983202,0.03394270925773288,0.5187978401271974,0.5187978401271975,0.0,,0.0,8.440310849715635,0.9574588875115045,0.9602987049137248,1.9712272672733469,1.973173459674322,0.9927807554663834,0.9932706724495324,0.003930460243695769,-0.518464249141576,0.5076691533467903
13.200000000000001,1.235442839723509,1.1811105707141136,0.027409210487639,0.033877702334753665,0.5188986243564098,0.5188986243564098,0.0,,0.0,8.445891091630816,0.9570264213786187,0.9597973424608777,1.9709304329531174,1.9728300400015069,0.9927060043919295,0.9931842341060381,0.0038586668259311813,-0.5185819921659127,0.5083326958998123
13.4,1.2346782373458756,1.1831698221950062,0.027372202491331297,0.033815996445471466,0.5189929438515836,0.5189929438515836,0.0,,0.0,8.451148723965796,0.9566013731092482,0.9593047742733098,1.9706386029178073,1.9724925253410082,0.9926325080463398,0.9930992745699613,0.0037874577659341574,-0.5186923722292212,0.5089618138481095
13.600000000000001,1.2339278149322213,1.1851247943998664,0.027337461839772627,0.033757417138174255,0.5190811529318518,0.5190811529318518,0.0,,0.0,8.456100488360827,0.9561837051269276,0.9588209447900611,1.9703517558181638,1.972160883823064,0.9925602613310475,0.993015786205931,0.0037168736556271176,-0.5187957943507455,0.509558241052664
13.8,1.2331914437278835,1.1869806710712372,0.0273048608165016,0.03370179977931934,0.5191635865936394,0.5191635865936394,0.0,,0.0,8.460762321243342,0.9557733745592533,0.9583457928026504,1.97006986656417,1.9718350795498496,0.9924892581989976,0.9929337603550035,0.0036469515736716612,-0.5188926419560685,0.5101236249047953
14.0,1.232468987910076,1.1887423803413788,0.027274279018406393,0.03364898902399925,0.5192405631892959,0.5192405631892959,0.0,,0.0,8.465149364746134,0.9553671581087267,0.9578792518944428,1.9697907241397612,1.971515072892395,0.9924189419403792,0.9928531874091223,0.003577725290123776,-0.5189832780738673,0.5106595307316076
14.200000000000001,1.2317603051831225,1.1904146064543395,0.02724560289645047,0.033598838227816466,0.519312384538544,0.519312384538544,0.0,,0.0,8.469276012559,0.9549609303073557,0.9574212508183213,1.9695114947660266,1.9712008207460785,0.9923485987938078,0.9927740568752093,0.0035092254411026313,-0.519068046351293,0.5111674455869321
14.4,1.2310652474910482,1.1920018038680262,0.02721872526173149,0.033551208821645036,0.5193793363942923,0.5193793363942923,0.0,,0.0,8.47315595898239,0.9545620858798154,0.9569717139529518,1.9692372634524633,1.9708922768408836,0.9922795098988182,0.9926963574530911,0.003441479744181214,-0.5191472722913774,0.5116487828362764
14.600000000000001,1.23038366144765,1.1935082058244533,0.027193545022782047,0.03350596996714557,0.5194416903496205,0.5194416903496205,0.0,,0.0,8.476802203866164,0.9541705619434667,0.9565305615789899,1.9689679911339568,1.970589391928868,0.9922116656744954,0.9926200770825628,0.0033745131244401205,-0.5192212639873787,0.5121048849564291
14.8,1.2297153889389723,1.1949378365274541,0.027169966720923835,0.0334629979698494,0.5194997031787167,0.5194997031787167,0.0,,0.0,8.480227111822686,0.9537862919860352,0.9560977102689175,1.9687036361288144,1.970292114050286,0.9921450558732707,0.9925452030102933,0.0033083478982516568,-0.5192903131908473,0.5125370274815431
15.0,1.2290602676412121,1.1962945216222065,0.027147900225262898,0.03342217588907427,0.5195536183533285,0.5195536183533285,0.0,,0.0,8.483442431299265,0.9534092061749145,0.9556730732243498,1.968444154350212,1.970000388764326,0.9920796696341052,0.9924717218478675,0.003243003930738217,-0.5193546961822855,0.5129464223890152
15.200000000000001,1.228418131530044,1.1975818986673217,0.02712726039712933,0.03338339311212847,0.5196036666756589,0.519603666675659,0.0,,0.0,8.486459327616085,0.9530392316645672,0.9552565606097086,1.968189499516832,1.9697141593779588,0.9920154955355018,0.9923996196293898,0.0031784987934689174,-0.5194146746458214,0.5133342214805543
15.4,1.227788811230585,1.198803424474737,0.027107966854578128,0.03334654504971891,0.5196500670793676,0.5196500670793676,0.0,,0.0,8.489288400539413,0.9526762928101387,0.9548480797842344,1.9679396232994022,1.9694333671054678,0.9919525216323927,0.9923288818516586,0.0031148478719723732,-0.5194704962892651,0.5137015187682712
15.600000000000001,1.2271721345439663,1.1999623861344393,0.02708994361764591,0.033311532690590416,0.5196930267881231,0.5196930267881231,0.0,,0.0,8.491939726558428,0.9523203114884975,0.9544475356500267,1.9676944755415768,1.9691579513081938,0.991890735511787,0.9922594935345812,0.003052064532831897,-0.5195223957759235,0.5140493540352344
15.8,1.2265679267949994,1.2010619084769871,0.02707311888186505,0.03327826231137637,0.5197327420048296,0.5197327420048296,0.0,,0.0,8.49442287914395,0.9519712073142373,0.9540548308854314,1.9674540044089082,1.9688878496559454,0.9918301243303208,0.9921914392618829,0.002990160233256739,-0.5195705953317541,0.5143787152397395
16.0,1.2259760111885813,1.2021049617423238,0.0270574248212628,0.03324664522421049,0.5197693992043279,0.5197693992043279,0.0,,0.0,8.496746940425444,0.9516288978622981,0.9536698661852147,1.967218156542689,1.9686229982934549,0.9917706748530569,0.9921247032231125,0.002929144634428324,-0.5196153053542534,0.5146905409779077
16.2,1.225396209156017,1.203094369190155,0.027042797336119456,0.03321659745777012,0.5198031751240142,0.5198031751240142,0.0,,0.0,8.498920532431168,0.9512932988855729,0.9532925404952226,1.9669868772106545,1.968363332003392,0.9917123734915104,0.9920592692548029,0.0028690257142795217,-0.5196567250573152,0.5149857229502827
16.400000000000002,1.2248283406910174,1.204032814590676,0.027029175794840123,0.033188039432295376,0.5198342364046276,0.5198342364046276,0.0,,0.0,8.500951853474454,0.9509643245271493,0.9529227512412803,1.9667601104542627,1.968108784365752,0.9916552063408314,0.9919951208807403,0.0028098098784075376,-0.5196950431030971,0.5152651083829352
16.6,1.2242722246597557,1.2049228491563542,0.027016502876177868,0.03316089575822481,0.5198627409316643,0.5198627409316643,0.0,,0.0,8.502848686376062,0.9506418875187916,0.9525603945420402,1.966537799226754,1.9678592879064885,0.9915991592146791,0.9919322413495405,0.0027515020618306685,-0.5197304381307966,0.5155295022382095
16.8,1.2237276790828466,1.2057668979592953,0.02700472443252914,0.03313509506109097,0.5198888392999497,0.5198888392999497,0.0,,0.0,8.504618402395064,0.9503240706709849,0.9522053654042612,1.966318624265625,1.967614774234317,0.9915438996744088,0.991870613669264,0.0026941058232300696,-0.5197630792518556,0.5157796692722498
17.0,1.2231945213975617,1.2065672661393436,0.026993789252521237,0.033110569683798316,0.5199126739083848,0.5199126739083849,0.0,,0.0,8.506268000892897,0.9500069832354121,0.9518575579058042,1.9660999036183737,1.9673751741692855,0.9914887516075648,0.9918102206399685,0.0026376234360068335,-0.5197931265844976,0.5160163360491451
17.2,1.222672568711113,1.2073261449858734,0.026983648837555736,0.03308725540686769,0.5199343781294774,0.5199343781294774,0.0,,0.0,8.507804147855273,0.9496963236160519,0.9515168653733193,1.9658855695427502,1.9671404178678893,0.9914347065915214,0.9917510448854042,0.002582055976498271,-0.5198207317520414,0.51624019289016
17.400000000000002,1.2221616380152414,1.2080456169907665,0.026974257398950666,0.03306509143847635,0.5199540797055575,0.5199540797055575,0.0,,0.0,8.509233143718717,0.9493919978952063,0.9511831805351035,1.9656755600966809,1.9669104349312543,0.9913817491865446,0.9916930688804538,0.0025274033973791826,-0.5198460382425332,0.5164518954955134
17.6,1.2216615464445824,1.2087276622505987,0.026965571600021533,0.03304402009447313,0.5199718992002539,0.5199718992002539,0.0,,0.0,8.510560974994595,0.949093911591114,0.9508563957029053,1.9654698128374912,1.9666851545334225,0.9913298638197418,0.9916362749836483,0.0024736646203308843,-0.5198691819176321,0.5166520669722361
17.8,1.221172111421795,1.209374162237664,0.026957550486732002,0.03302398670722887,0.5199879511181166,0.5199879511181167,0.0,,0.0,8.511793312134873,0.9488019697616923,0.9505364028800469,1.9652682648957687,1.9664645054989842,0.9912790348038237,0.9915806454569244,0.002420837589808919,-0.5198902913214443,0.5168412990714646
18.0,1.2206931508690078,1.2099869052682457,0.026950155271556274,0.03300493935734143,0.5200023427260011,0.5200023427260011,0.0,,0.0,8.512935550321275,0.948516077150158,0.9502230939130534,1.9650708530782317,1.9662484164107947,0.9912292463631884,0.9915261624929711,0.0023689193521017893,-0.5199094881542573,0.5170201539592922
18.2,1.220224483389556,1.2105675911407885,0.026943349325462072,0.032986828859492646,0.5200151767288934,0.5200151767288934,0.0,,0.0,8.513992788353413,0.9482361383127705,0.9499163606240492,1.9648775139583525,1.9660368157045354,0.9911804826569225,0.9914728082392668,0.002317906120551258,-0.5199268875436163,0.5171891656451901
18.400000000000002,1.219765928426903,1.2111178355645162,0.026937097981109465,0.032969608518078404,0.5200265498930235,0.5200265498930237,0.0,,0.0,8.514969868220696,0.9479620577329353,0.9496160949283294,1.9646881839576407,1.9658296317531212,0.9911327277994518,0.9914205648195628,0.0022677933388979277,-0.5199425984432909,0.517348841431497
18.6,1.2193173064081844,1.2116391742183952,0.02693136841180596,0.032953233975631796,0.5200365529986017,0.5200365529986017,0.0,,0.0,8.51587139242728,0.9476937399248693,0.9493221889419228,1.9645027994197772,1.9656267929442603,0.9910859658793951,0.991369414353642,0.0022185757392554073,-0.5199567239754176,0.517499663234428
18.8,1.2188784388794607,1.2121330665252237,0.026926129636624625,0.03293766321530457,0.5200452732380724,0.5200452732380724,0.0,,0.0,8.51670170339293,0.947431089533317,0.9490345350837116,1.9643212966820682,1.965428227754297,0.9910401809777419,0.991319338976145,0.0021702473935608507,-0.5199693616437501,0.5176420887430424
19.0,1.2184491486330773,1.2126008995267323,0.026921352336442547,0.03292285633322599,0.5200527926906827,0.5200527926906828,0.0,,0.0,8.517464923114492,0.9471740114281788,0.9487530261723576,1.9641436121434204,1.9652338648184995,0.9909953571851585,0.9912703208545014,0.0021228017679679884,-0.5199806036844727,0.5177765526845438
19.200000000000003,1.2180292598247997,1.21304399151098,0.026917008729250607,0.03290877538352086,0.5200591878506243,0.5200591878506243,0.0,,0.0,8.518164975489261,0.9469224107915462,0.9484775555164479,1.963969682327095,1.9650436329966827,0.9909514786179769,0.9912223422056863,0.0020762317737371833,-0.5199905373728855,0.5179034680010941
19.400000000000002,1.2176185980804177,1.2134635952512771,0.026913072610004998,0.03289538442386192,0.5200645324299566,0.5200645324299566,0.0,,0.0,8.518805556941617,0.9466761931996689,0.9482080169976439,1.96379944393998,1.9648574614340133,0.9909085294333073,0.9911753853117617,0.0020305298107708564,-0.5199992451949829,0.5180232268447722
19.6,1.2172169905930457,1.2138609013154644,0.026909519192416288,0.03288264931999835,0.5200688959901435,0.5200688959901435,0.0,,0.0,8.519390171420829,0.9464329918233173,0.9479443051475902,1.9636312620245644,1.964675279617489,0.9908660972445418,0.991129432534328,0.0019856878129924094,-0.5200068051431587,0.5181362016544836
19.8,1.2168242662119273,1.2142370411874652,0.02690632498223615,0.03287053758899492,0.5200723430673899,0.5200723430673899,0.0,,0.0,8.519922157013522,0.9461920425421658,0.9476863152190965,1.963464609090752,1.9644970174284648,0.9908240490242081,0.991084466327979,0.0019416972910611674,-0.520013290984072,0.5182427461671983
20.0,1.2164402555234166,1.214593090041049,0.026903467821746116,0.032859018450935196,0.520074935780588,0.520074935780588,0.0,,0.0,8.520404657432488,0.9459563135623492,0.947433943252004,1.963301539401624,1.9643226051914697,0.9907829031652065,0.9910404692528164,0.0018985493688383481,-0.5200187724049965,0.5183431962727645
20.200000000000003,1.216064790924539,1.2149300695825587,0.026900926763857403,0.03284806267343852,0.5200767328434318,0.5200767328434318,0.0,,0.0,8.520840649200846,0.9457257103914205,0.9471870861339815,1.9631419893628255,1.9641519737195077,0.9907426437328168,0.990997423986082,0.0018562348213935764,-0.5200233152612938,0.5184378709358257
20.400000000000002,1.2156977066892318,1.2152489507280444,0.02689868197279518,0.032837642448782116,0.5200777889903725,0.5200777889903726,0.0,,0.0,8.521232961782077,0.9455001392893444,0.946945641656298,1.9629858958207245,1.9639850543558408,0.9907032548985346,0.9909553133328951,0.0018147441107051188,-0.5200269817997115,0.5185270730600113
20.6,1.2153388390277624,1.2155506560678655,0.026896714696085088,0.03282773135784783,0.5200781558027178,0.5200781558027178,0.0,,0.0,8.521584275396739,0.945279507320113,0.9467095085648848,1.9628331961007635,1.963821779012482,0.9906647209499119,0.99091412023616,0.001774067417185901,-0.5200298308195463,0.5186110902580545
20.8,1.21498802613991,1.2158360622008464,0.026895007246282764,0.03281830434598575,0.5200778827136927,0.5200778827136927,0.0,,0.0,8.521897115186531,0.9450637223997652,0.9464785866070534,1.9626838280432948,1.963662080205638,0.99062702629976,0.9908738277857023,0.001734194669833919,-0.5200319178334538,0.5186901955926394
21.0,1.2146451082622451,1.2161060020385017,0.026893542914324872,0.03280933761591061,0.5200770165026162,0.5200770165026162,0.0,,0.0,8.522173868597728,0.9448526933394795,0.946252776574083,1.962537730035969,1.9635058910882457,0.9905901554944818,0.9908344192266679,0.0016951155760776132,-0.5200332952635784,0.5187646483241208
21.200000000000003,1.2143099277097118,1.2163612670190276,0.026892305868315296,0.03280080850308696,0.5200756003554974,0.5200756003554974,0.0,,0.0,8.522416809572496,0.9446463298846552,0.9460319803397969,1.9623948410433065,1.9633531454796849,0.9905540932216904,0.9907958779672059,0.0016568196494966547,-0.520034012621089,0.5188346946146578
21.400000000000002,1.2139823289119362,1.2166026090593667,0.02689128118403145,0.032792695511162616,0.5200736756594622,0.5200736756594622,0.0,,0.0,8.522628078991136,0.9444445427512419,0.9458161008954061,1.9622551006343223,1.9632037778928453,0.9905188243173336,0.9907581875854834,0.0016192962337956696,-0.5200341166129464,0.5189005681341219
21.6,1.2136621584446743,1.2168307425439961,0.02689045476451259,0.03278497821278051,0.5200712814463232,0.5200712814463232,0.0,,0.0,8.522809701483183,0.9442472436585418,0.9456050423808768,1.9621184490076644,1.9630577235587372,0.9904843337721886,0.9907213318360734,0.0015825345275408964,-0.5200336513139759,0.5189624907061016
21.8,1.2133492650565605,1.2170463461948904,0.02688981328124358,0.03277763717675693,0.5200684541927844,0.5200684541927844,0.0,,0.0,8.522963596357426,0.9440543453579092,0.9453987101129278,1.9619848270138633,1.9629149184487045,0.9904506067376245,0.9906852946557362,0.0015465236071629251,-0.5200326583166353,0.5190206729093543
22.0,1.2130434996914816,1.2172500648135347,0.026889344148289644,0.032770653935306614,0.5200652282336815,0.5200652282336816,0.0,,0.0,8.523091578812599,0.9438657616589774,0.9451970106098687,1.9618541761758157,1.9627752992943879,0.9904176285309169,0.9906500601686294,0.0015112524472750272,-0.5200311768425506,0.5190753146189901
22.200000000000003,1.2127447155069395,1.2174425109360167,0.02688903549907428,0.03276401095451904,0.5200616362131258,0.5200616362131258,0.0,,0.0,8.523195359908662,0.9436814074534615,0.9449998516135134,1.961726438707544,1.9626388036055995,0.9903853846401232,0.9906156126909864,0.0014767099400712635,-0.5200292438573936,0.5191266055294127
22.400000000000002,1.2124527678886154,1.2176242664412082,0.026888876135990225,0.032757691571962635,0.5200577089364895,0.5200577089364896,0.0,,0.0,8.523276555398981,0.9434983056544953,0.9448071421083121,1.961599552551283,1.9625053696862043,0.9903533546007376,0.9905819367352866,0.001442884914373166,-0.520026894205576,0.5191747256772209
22.6,1.2121675144613073,1.2177958840830028,0.026888855479968155,0.03275167993432324,0.5200534751433428,0.5200534751433428,0.0,,0.0,8.52333669574955,0.9433185665504947,0.9446187923378032,1.9614749807108673,1.9623749366480803,0.9903219077592649,0.9905490170139402,0.0014097661531562306,-0.5200241607298982,0.5192198459309105
22.8,1.2118888150965135,1.217957888918352,0.026888963546574753,0.03274596096725154,0.5200489617749161,0.5200489617749161,0.0,,0.0,8.52337722822326,0.9431428919666832,0.9444347138185832,1.9613532105750793,1.9622474444232916,0.9902911672131857,0.9905168384425137,0.0013773424091499537,-0.5200210743636382,0.5192621284343443
23.0,1.2116165319169572,1.2181107796592132,0.0268891909284239,0.03274052035289621,0.5200441943632995,0.5200441943632996,0.0,,0.0,8.523399516482941,0.9429711994866192,0.9442548193519763,1.9612341860507372,1.9621228337745986,0.9902611188670589,0.9904853861425347,0.0013456024195861588,-0.5200176642241827,0.5193017270337835
23.200000000000003,1.2113505292982358,1.2182550299804549,0.026889528760064983,0.032735344486259685,0.5200391970341295,0.5200391970341295,0.0,,0.0,8.52340484583043,0.9428034078875517,0.9440790230335319,1.9611178518215724,1.962001046304398,0.990231748818406,0.9904546454438939,0.001314534920630911,-0.5200139577201566,0.5193387877030347
23.400000000000002,1.211090673867712,1.2183910897722188,0.02688996867737171,0.032730420424947344,0.5200339923266105,0.5200339923266105,0.0,,0.0,8.523394431303542,0.9426394371490356,0.9439072402604268,1.9610041533562212,1.96188202446214,0.9902030433598529,0.9904246018868618,0.0012841286606896929,-0.5200099806484193,0.5193734489437026
23.6,1.2108368345008742,1.2185193863159836,0.02689050279120099,0.03272573585623423,0.5200286012528087,0.5200286012528087,0.0,,0.0,8.523369421934971,0.9424792084599725,0.9437393877369334,1.960893036915065,1.9617657115503373,0.9901749889809796,0.9903952412237413,0.0012543724121508865,-0.5200057572702035,0.5194058421486422
23.8,1.210588882315403,1.2186403253914488,0.026891123671952524,0.03272127907736242,0.5200230435834244,0.5200230435834244,0.0,,0.0,8.523330900937609,0.9423226442241975,0.9435753834781062,1.9607844495560052,1.96165205172928,0.9901475723698961,0.990366549420193,0.0012252549823701109,-0.5200013103868445,0.5194360919501709
24.0,1.2103466906630902,1.2187542923346846,0.026891824330302624,0.032717038971244325,0.5200173380552011,0.5200173380552011,0.0,,0.0,8.523279886636667,0.9421696680641004,0.943415146811789,1.9606783391388167,1.9615409900205047,0.9901207804144575,0.9903385126562415,0.001196765224437124,-0.5199966614257506,0.5194643165664954
24.200000000000003,1.210110135181086,1.2188616524920866,0.0268925981992388,0.032713004985013734,0.5200115022612957,0.5200115022612957,0.0,,0.0,8.523217336261064,0.9420202048599629,0.9432585984196368,1.960574654354223,1.961432472337259,0.9900946002097152,0.9903111173340917,0.0011688920484777127,-0.5199918304807802,0.5194906279516335
24.400000000000002,1.2098790935529542,1.2189627543337864,0.02689343905638789,0.03270916703049664,0.5200055525612299,0.5200055525612299,0.0,,0.0,8.52314416000386,0.9418741806109724,0.9431056601858279,1.9604733446292055,1.961326445381578,0.9900690190341167,0.9902843500522664,0.0011416244255692543,-0.5199868365193366,0.5195151327619415
24.6,1.2096534459265673,1.2190579263737962,0.026894341094160657,0.03270551557694932,0.5199995040522702,0.5199995040522702,0.0,,0.0,8.523061209983975,0.9417315227000757,0.9429562554802894,1.96037436031242,1.9612228568425205,0.9900440243964274,0.9902581976557717,0.0011149514051523451,-0.5199816971703213,0.5195379313881734
24.8,1.2094330744132957,1.2191474824112758,0.02689529881435076,0.03270204151278603,0.5199933710926571,0.5199933710926571,0.0,,0.0,8.522969291768531,0.9415921595929845,0.9428103088335547,1.9602776524669918,1.9611216551725872,0.9900196039835116,0.9902326471797643,0.0010888621119587577,-0.5199764291111391,0.5195591196315229
25.0,1.2092178632341417,1.219231720783947,0.026896307042164686,0.03269873616505582,0.5199871671566602,0.5199871671566602,0.0,,0.0,8.522869164849281,0.9414553040459738,0.9426677460395624,1.96018267539783,1.9610227896607255,0.9899956200353375,0.9902076858680927,0.0010633457548818448,-0.5199710479887334,0.5195787884420715
25.200000000000003,1.2090076989628167,1.21931092309661,0.026897360952532198,0.03269559133571643,0.5199809048354453,0.5199809048354453,0.0,,0.0,8.52276153776001,0.9413198123271798,0.9425284943226275,1.9600886357501166,1.960926210549837,0.9899718722356297,0.9901833012030702,0.001038391643149561,-0.519965568348941,0.5195970235338137
25.400000000000002,1.2088024700474147,1.219385358545195,0.026898455964990683,0.03269259916431143,0.5199745957734944,0.5199745957734944,0.0,,0.0,8.52264708569613,0.9411874676764912,0.9423924820262497,1.9599967716493714,1.9608318688226016,0.9899486732759221,0.9901594808515034,0.0010139891749497698,-0.519960003938217,0.5196139067446879
25.6,1.2086020672628466,1.2194552810765937,0.026899587818516937,0.03268975222729543,0.5199682508822636,0.5199682508822636,0.0,,0.0,8.522526436748935,0.9410582021011473,0.9422596389183822,1.9599070365057334,1.9607397164147877,0.9899260114287972,0.9901362127186488,0.0009901278615807169,-0.5199543675072041,0.5196295151449258
25.8,1.2084063834855647,1.2195209316387807,0.026900752528087966,0.03268704348052921,0.5199618805628347,0.5199618805628347,0.0,,0.0,8.522400177299673,0.9409319488360184,0.9421298960474922,1.9598193845504615,1.9606497061169652,0.98990387517225,0.9901134849234929,0.0009667973243713268,-0.5199486709596579,0.5196439217411275
26.0,1.208215313611741,1.2195825392773902,0.026901946334408275,0.03268446619651925,0.519955494216821,0.519955494216821,0.0,,0.0,8.52226886374897,0.9408086422969693,0.9420031856933935,1.9597337708049163,1.9605617915418652,0.98988225318194,0.9900912857906029,0.000943987297275295,-0.5199429254511913,0.519657195835911
26.200000000000003,1.2080287545460655,1.219640321622298,0.026903165697705032,0.03268201395642837,0.5199491003567123,0.5199491003567123,0.0,,0.0,8.522133023002297,0.9406882180789754,0.9418794413646685,1.959650151080559,1.9604759271240073,0.9898611343312717,0.9900696038501202,0.0009216876307545918,-0.5199371414156603,0.5196694031746335
26.400000000000002,1.2078466052102947,1.219694485184271,0.026904407318157415,0.0326796806746719,0.5199427072048702,0.5199427072048702,0.0,,0.0,8.521993144683329,0.9405706129669382,0.9417585978090333,1.9595684819877193,1.96039206812825,0.9898405076936885,0.9900484278400059,0.0008998882957267085,-0.5199313285658657,0.5196806060275941
26.6,1.2076687665302737,1.2197452258328527,0.026905668121691463,0.032677460581218024,0.5199363226737154,0.5199363226737154,0.0,,0.0,8.521849683229421,0.940455764932456,0.941640591009239,1.9594887209345726,1.9603101706482673,0.9898203625424908,0.9900277467057378,0.0008785793876254638,-0.5199254959379702,0.5196908633509766
26.8,1.2074951414044872,1.219792729409675,0.02690694521893439,0.03267534817113413,0.5199299538106926,0.5199299538106926,0.0,,0.0,8.521703068872071,0.9403436131182691,0.9415253581665565,1.9594108261175114,1.9602301915963554,0.9898006883484773,0.9900075495978156,0.0008577511296353757,-0.5199196519534415,0.5197002309901946
27.0,1.2073256346717236,1.2198371722775583,0.026908235893432955,0.03267333818951285,0.5199236068069322,0.5199236068069323,0.0,,0.0,8.521553709967767,0.9402340978221153,0.9414128376834793,1.9593347565110613,1.9601520886926478,0.9897814747774686,0.9899878258691135,0.000837393874446507,-0.5199138044479737,0.519708761843193
27.200000000000003,1.2071601530845735,1.2198787217613858,0.026909537619593166,0.032671425652408576,0.5199172876233085,0.5199172876233085,0.0,,0.0,8.52140198513414,0.9401271604844512,0.9413029691501364,1.9592604718604372,1.960075820456854,0.9897627116884952,0.9899685650728691,0.0008174981057523234,-0.5199079606867903,0.519716505992838
27.400000000000002,1.2069986052852797,1.2199175365750774,0.026910848057860082,0.032669605840333786,0.519911002146894,0.519911002146894,0.0,,0.0,8.521248242308195,0.9400227436772354,0.9411956933320998,1.9591879326747943,1.9600013462009254,0.9897443891321586,0.9899497569608999,0.000798054440486376,-0.5199021274029266,0.519723510851852
27.6,1.2068409017800348,1.2199537672763243,0.02691216501751333,0.03266787425267295,0.5199047556193384,0.5199047556193385,0.0,,0.0,8.521092809506783,0.939920791091163,0.9410909521570004,1.9591171002193644,1.9599286260208455,0.9897264973487074,0.9899313914815981,0.0007790536308767554,-0.5198963108414623,0.5197298213102907
27.8,1.206686954911455,1.2199875566908251,0.026913486437159954,0.032666226583465255,0.5198985524015874,0.5198985524015876,0.0,,0.0,8.520936000520456,0.9398197010813436,0.9409886886997896,1.9590468619883716,1.959857620787438,0.98970875534278,0.9899134587776753,0.0007604865654049359,-0.5198905167815107,0.5197354798583487
28.0,1.2065366788822742,1.220019040054375,0.02691481040996804,0.03266465875222384,0.5198923966254064,0.5198923966254064,0.0,,0.0,8.520778105364869,0.9397208150937305,0.9408888472018776,1.9589781502575954,1.9597882921606595,0.9896913986192912,0.9898959491898347,0.0007423442733778124,-0.5198847505381131,0.5197405266313143
28.200000000000003,1.2063899895359644,1.2200483461760327,0.02691613517411928,0.032663166887721036,0.5198862926025699,0.5198862926025699,0.0,,0.0,8.52061938775537,0.9396242718583881,0.9407913729286282,1.9589110617562218,1.9597206024916012,0.9896744516331366,0.9898788532320806,0.0007246179113850337,-0.5198790170469322,0.5197449997864568
28.400000000000002,1.2062468046922175,1.2200755963360277,0.026917459084240918,0.03266174730042094,0.5198802436651678,0.5198802436651678,0.0,,0.0,8.520460099852079,0.9395300185309929,0.9406962123953985,1.9588455600924566,1.959654514980381,0.9896579052123345,0.9898621616316532,0.0007072987922076279,-0.5198733208086632,0.5197489351567012
28.6,1.2061070437132149,1.2201009062147006,0.026918780625382176,0.032660396490299386,0.5198742533512108,0.5198742533512108,0.0,,0.0,8.520300471330177,0.9394380032164874,0.9406033130823102,1.958781609516674,1.9595899934789511,0.9896417503460181,0.9898458652792819,0.0006903783523550949,-0.519867665964683,0.5197523668268083
28.8,1.205970627663738,1.2201243854772128,0.0269200983851153,0.032659111116374345,0.5198683247009506,0.5198683247009506,0.0,,0.0,8.520140718032541,0.9393481750769076,0.9405126235434824,1.9587191749971535,1.9595270025677949,0.989625978203618,0.9898299552486077,0.0006738481682304065,-0.519862056325466,0.5197553270402877
29.0,1.2058374793082396,1.2201461379794334,0.026921411048807953,0.03265788799089026,0.5198624602505413,0.5198624602505413,0.0,,0.0,8.51998104309197,0.9392604843324884,0.9404240934078403,1.9586582222216333,1.9594655075573055,0.9896105801353039,0.9898144227965827,0.0006576999579786941,-0.5198564953800761,0.51975784625969
29.200000000000003,1.2057075230701237,1.2201662620942824,0.026922717407065932,0.03265672408741644,0.5198566623310706,0.5198566623310706,0.0,,0.0,8.519821633952178,0.9391748822376313,0.940337673354679,1.9585987175813602,1.959405474471597,0.989595547668003,0.9897992593594306,0.0006419255796563661,-0.519850986297044,0.5197599532541873
29.400000000000002,1.2055806849895614,1.2201848510409468,0.02692401635171961,0.0326556165350806,0.519850933154624,0.5198509331546242,0.0,,0.0,8.519662662302341,0.9390913210559827,0.940253315088139,1.958540628154488,1.959346870031522,0.9895808725012507,0.989784456548405,0.0006265170298898892,-0.5198455319458717,0.5197616752038731
29.6,1.2054568926454743,1.2202019933133164,0.026925306860020155,0.0326545625978361,0.5198452746958627,0.5198452746958628,0.0,,0.0,8.519504287333925,0.9390097540119905,0.9401709712877234,1.9584839216730912,1.9592896616210091,0.9895665464989011,0.9897700061413305,0.0006114664393670893,-0.5198401349344265,0.5197630378405106
29.8,1.2053360753014941,1.2202177723792091,0.026926587997277016,0.03265355968064926,0.5198396886337713,0.5198396886337713,0.0,,0.0,8.519346655797746,0.9389301353889654,0.9400905957076979,1.9584285665919992,1.959233817356817,0.989552561706558,0.9897559001002654,0.0005967660875780684,-0.5198347975954797,0.5197640653569926
30.0,1.2052181635484143,1.2202322679272017,0.026927858903054616,0.03265260530539721,0.5198341766000484,0.5198341766000484,0.0,,0.0,8.519189902650487,0.9388524202970732,0.9400121429414454,1.9583745319281312,1.9591793059254627,0.9895389103110253,0.9897421305303522,0.0005824083724779161,-0.5198295220466647,0.5197647807831942
30.200000000000003,1.2051030896415895,1.220245555002248,0.026929118779539397,0.03265169710380823,0.519828739611149,0.519828739611149,0.0,,0.0,8.519034156517778,0.9387765648967019,0.9399355686480331,1.9583217874163967,1.959126096741274,0.989525584679731,0.9897286897197803,0.0005683858430995808,-0.5198243101795518,0.5197652057443202
30.400000000000002,1.204990787327188,1.220257704638529,0.026930366909044347,0.03265083283496148,0.5198233786841567,0.5198233786841568,0.0,,0.0,8.518879533084174,0.9387017951498063,0.9398608294386692,1.9582697950108339,1.959074159868107,0.9895124488885646,0.989715570120052,0.0005546911845177721,-0.5198191636571888,0.519765360630583
30.6,1.204881191810734,1.220268784080595,0.02693160265576286,0.03265001038672564,0.5198180949967337,0.5198180949967337,0.0,,0.0,8.518726133395292,0.9386283613066974,0.9397878828577045,1.9582187288608381,1.9590234660067256,0.989499546944497,0.9897027643428281,0.0005413172165764091,-0.5198140839280265,0.5197652646675056
30.8,1.2047742395858707,1.220278857378824,0.026932825429649955,0.032649227728625295,0.5198128894031069,0.5198128894031069,0.0,,0.0,8.518574053024652,0.9385566895471624,0.9397166872704907,1.9581688855012027,1.9589739864174176,0.9894869537781091,0.9896902651404174,0.0005282568801278226,-0.5198090722869656,0.5197649361165361
31.0,1.204669868718837,1.2202879847559622,0.02693403468910583,0.03264848292100868,0.5198077622351268,0.5198077622351269,0.0,,0.0,8.518423383284713,0.9384867390204478,0.939647202054514,1.958120236707418,1.9589256930533572,0.9894746622699986,0.9896780654394958,0.0005155032650160513,-0.519804129846937,0.5197643920829489
31.200000000000003,1.2045680185073464,1.220296223537784,0.026935229963290477,0.03264777413484252,0.5198027141367365,0.5198027141367365,0.0,,0.0,8.518274201945065,0.938418469665685,0.9395793873740083,1.9580727547942969,1.958878558404469,0.9894626654363953,0.9896661583016998,0.000503049577740583,-0.5197992575472709,0.5197636487745887
31.400000000000002,1.2044686296005174,1.2203036279688626,0.0269364108321326,0.03264709963008226,0.5197977456245347,0.5197977456245347,0.0,,0.0,8.518126578899144,0.9383518422937439,0.9395132042613967,1.9580264126733764,1.9588325555545154,0.9894509564436952,0.9896545369380749,0.0004908891550234468,-0.5197944561818735,0.5197627214713532
31.6,1.2043716439899992,1.2203102493410523,0.026937576914005418,0.03264645774064261,0.5197928568832043,0.5197928568832043,0.0,,0.0,8.517980579926402,0.9382868185829628,0.9394486146129317,1.9579811838504138,1.9587876581785286,0.9894395286078558,0.9896431947084576,0.00047901546424693187,-0.5197897264111211,0.5197616245664708
31.8,1.2042770049735807,1.2203161361619805,0.02693872787027318,0.03264584687913193,0.5197880479231898,0.5197880479231898,0.0,,0.0,8.51783626512002,0.9382233610562697,0.9393855811659505,1.957937042409917,1.9587438405274484,0.9894283753905161,0.9896321251176213,0.0004674221005491752,-0.519785068759081,0.519760371608953
32.0,1.2041846571189212,1.2203213343148989,0.026939863409868307,0.03264526554160928,0.519783318756946,0.519783318756946,0.0,,0.0,8.517693686747522,0.9381614330584476,0.939324067476134,1.9578939629997552,1.9587010774127391,0.9894174903951348,0.9896213218114198,0.00045610278419254413,-0.5197804836191539,0.5197589753515705
32.2,1.2040945462352455,1.2203258872032487,0.02694098328424103,0.032644712300903767,0.5197786693718598,0.5197786693718598,0.0,,0.0,8.51755289008269,0.9381009987386978,0.9392640379000025,1.9578519208194356,1.9586593441946298,0.9894068673640534,0.9896107785738382,0.0004450513589453614,-0.5197759712690195,0.5197574478007123
32.4,1.2040066193495265,1.2203298358814518,0.02694208727959002,0.032644185796764695,0.5197740996271412,0.5197740996271412,0.0,,0.0,8.517413915480224,0.9380420230360091,0.9392054575803424,1.9578108916103103,1.9586186167723694,0.9893965001760466,0.989600489324558,0.00043426179072041105,-0.5197715318821854,0.5197558002587193
32.6,1.2039208246833555,1.2203332191729732,0.026943175213981672,0.03264368473192138,0.519769609242019,0.519769609242019,0.0,,0.0,8.517276799070835,0.9379844716649032,0.9391482924320264,1.9577708516460328,1.9585788715747403,0.9893863828439337,0.9895904481165837,0.00042372816602334606,-0.5197671655330511,0.519754043358257
32.800000000000004,1.20383711162935,1.2203360737804179,0.02694424693799232,0.032643207872371426,0.5197651978611377,0.5197651978611377,0.0,,0.0,8.517141572172644,0.9379283111009205,0.9390925091274747,1.957731777722812,1.9585400855503077,0.9893765095121383,0.9895806491338003,0.000413444690304951,-0.5197628722016077,0.5197521870952898
33.0,1.2037554307274296,1.2203384343928456,0.02694530233403018,0.03264275404607181,0.5197608650956517,0.5197608650956517,0.0,,0.0,8.51700826100672,0.9378731364292797,0.939038075081971,1.9576933882187704,1.9585022361575453,0.9893668090257421,0.9895710866885014,0.00040340568634451845,-0.5197586517808922,0.5197502408635993
33.2,1.2036757336413788,1.2203403337908922,0.02694634131313654,0.032642322138604386,0.5197566105061794,0.5197566105061794,0.0,,0.0,8.516876887328536,0.9378188571981751,0.9389849584391162,1.9576556202761417,1.9584653013550484,0.9893572655063277,0.9895617552189371,0.0003936055926329618,-0.5197545040847691,0.5197482134883846
33.4,1.203597973135825,1.220341802946874,0.02694736381155968,0.03264191108858183,0.5197524335735622,0.5197524335735622,0.0,,0.0,8.516747469273037,0.9377658922496516,0.9389331280565135,1.9576187654173498,1.9584292595918915,0.9893479526238121,0.9895526492868958,0.00038403896169343643,-0.5197504288538319,0.5197461132567062
33.6,1.2035221030536145,1.2203428711179716,0.026948369788992278,0.03264151988506395,0.5197483337024977,0.5197483337024977,0.0,,0.0,8.516620021656003,0.9377142104842189,0.9388825534916685,1.9575828021042645,1.9583940897981162,0.9893388649421467,0.9895437635753213,0.00037470045836505983,-0.5197464257602258,0.5197439479455551
33.800000000000004,1.203448078293535,1.2203435659334274,0.026949359228009357,0.03264114756642367,0.5197443102515962,0.5197443102515962,0.0,,0.0,8.516494555807505,0.9376637815028949,0.9388332049880717,1.9575477092805904,1.958359771375338,0.9893299971466853,0.9895350928859572,0.00036558485809781716,-0.5197424944127992,0.5197417248490737
34.0,1.2033758547883662,1.2203439134779954,0.026950332133051393,0.03264079321867232,0.5197403625522818,0.5197403625522818,0.0,,0.0,8.516371079557933,0.9376145755931955,0.9387850534614622,1.9575134663623994,1.958326284187465,0.9893213440418083,0.9895266321370179,0.00035668704525972095,-0.519738634362514,0.5197394508049888
34.2,1.203305389483267,1.2203439383726435,0.026951288528283844,0.03264045597244223,0.519736489899305,0.519736489899305,0.0,,0.0,8.5162495976779,0.9375665637152678,0.9387380704862697,1.9574800532287424,1.958293608551524,0.9893129005485674,0.9895183763608879,0.00034800201142845544,-0.5197348451073368,0.5197371322195122
34.4,1.2032366403145047,1.2203436638515026,0.026952228455336392,0.03264013499983314,0.5197326915353043,0.5197326915353043,0.0,,0.0,8.516130112406973,0.9375197174882497,0.9386922282822445,1.9574474502124126,1.9582617252286127,0.9893046617023676,0.9895103207018522,0.0003395248536616491,-0.5197311260964772,0.5197347750905693
34.6,1.2031695661885318,1.2203431118338364,0.026953151972093647,0.03263982951253007,0.5197289666572398,0.5197289666572398,0.0,,0.0,8.516012623607304,0.9374740091768554,0.9386474997012851,1.9574156380908498,1.95823061541497,0.9892966226506843,0.9895024604138516,0.00033125077276860426,-0.519727476734413,0.5197323850298629
34.800000000000004,1.2031041269614056,1.220342302991588,0.026954059152229603,0.03263953876082179,0.5197253144383202,0.5197253144383203,0.0,,0.0,8.515897128644202,0.937429411678133,0.9386038582144525,1.957384598077157,1.9582002607331732,0.9892887786508067,0.9894947908582769,0.0003231750715918247,-0.5197238963848916,0.519729967284051
35.0,1.203040283418555,1.2203412568141738,0.026954950084237893,0.032639262032020694,0.5197217340367047,0.5197217340367047,0.0,,0.0,8.51578362246909,0.9373858985083963,0.9385612778991842,1.9573543118112238,1.958170643223454,0.9892811250676092,0.989487307501786,0.0003152931532924147,-0.5197203843747267,0.5197275267548791
35.2,1.202977997254888,1.2203399916710396,0.026955824869670672,0.03263899864793894,0.5197182245841775,0.5197182245841775,0.0,,0.0,8.515672098019607,0.937343443790373,0.9385197334267034,1.9573247613509932,1.9581417453351504,0.9892736573713582,0.9894800059141571,0.0003076005196325782,-0.5197169399972451,0.519725068018128
35.4,1.2029172310552434,1.2203385248708989,0.026956683621614522,0.0326387479626571,0.5197147851784385,0.5197147851784386,0.0,,0.0,8.515562546548887,0.9373020222405667,0.9384792000496198,1.957295929163866,1.9581135499182758,0.9892663711355512,0.9894728817661711,0.00030009276926142026,-0.5197135625154803,0.5197225953415362
35.6,1.2028579482751833,1.2203368727170016,0.026957526464077054,0.03263850936139415,0.5197114148946038,0.5197114148946038,0.0,,0.0,8.515454957627112,0.9372613679904771,0.938439653589736,1.9572676302429122,1.9580860402152225,0.9892592196102424,0.9894659308275275,0.0002927655960133363,-0.5197102511652382,0.5197201127018863
35.800000000000004,1.2028001132221247,1.220335050559385,0.026958353531597902,0.03263828225965394,0.5197081128003501,0.5197081128003502,0.0,,0.0,8.515349319071632,0.9372213910984916,0.9384010704260433,1.957239802024482,1.9580591998525905,0.9892521869874926,0.9894591489647904,0.00028561478721808586,-0.5197070051580122,0.5197176238012575
36.0,1.2027436910368092,1.2203330728452988,0.026959164968214204,0.03263806610160303,0.5197048779549245,0.5197048779549245,0.0,,0.0,8.515245617131017,0.937182388420824,0.93836342748292,1.9572126512013082,1.9580330128331491,0.9892453255048492,0.9894525321393673,0.00027863622201557137,-0.5197038236836828,0.5197151320823802
36.2,1.2026886476751093,1.2203309531675688,0.02695996092608161,0.03263786035804169,0.5197017093989812,0.5197017093989812,0.0,,0.0,8.515143836809857,0.9371443365991163,0.9383267022185243,1.9571861615687383,1.958007463527921,0.9892386310706355,0.9894460764055217,0.0002718258696825515,-0.5197007059130235,0.51971264074316
36.4,1.202634949890168,1.2203287043099627,0.026960741564630665,0.03263766452502524,0.5196986061553295,0.5196986061553295,0.0,,0.0,8.515043962004999,0.9371072128163852,0.9382908726133854,1.957160317295891,1.9579825366684036,0.9892320996874384,0.989439777908415,0.0002651797879734824,-0.5196976510000657,0.5197101527504806
36.6,1.2025825652148643,1.2203263382896432,0.026961507050286968,0.0326374781231693,0.5196955672412447,0.5196955672412448,0.0,,0.0,8.514945975443458,0.9370709947853921,0.9382559171591908,1.9571351029177169,1.957958217338913,0.9892257274501116,0.9894336328821818,0.0002586941214756666,-0.5196946580843341,0.519707670853323
36.800000000000004,1.2025314619446135,1.2203238663977503,0.026962257555981684,0.03263730069670967,0.519692591674837,0.519692591674837,0.0,,0.0,8.514849858708907,0.9370356607372201,0.9382218148477687,1.9571105033271956,1.957934490969062,0.9892195105438126,0.9894276376480386,0.00025236509998004253,-0.5196917262929267,0.5197051975951767
37.0,1.202481609120487,1.2203212992385435,0.02696299326016801,0.03263713181197553,0.5196896784691516,0.5196896784691516,0.0,,0.0,8.51475559246119,0.93700118941005,0.9381885451602643,1.9570865037676621,1.9579113433263604,0.9892134452420727,0.9894217886124232,0.00024618903686275673,-0.519688854742445,0.5197027353257739
37.2,1.202432976512655,1.2203186467665357,0.02696371434592434,0.03263697105597345,0.5196868266272721,0.5196868266272721,0.0,,0.0,8.514663156631682,0.936967560038147,0.938156088056511,1.9570630898252765,1.957888760508953,0.9892075279049023,0.9894160822651655,0.00024016232748638733,-0.5196860425408073,0.5197002862122277
37.4,1.2023855346041492,1.2203159183211643,0.026964421000577884,0.03263681803560298,0.5196840351482347,0.5196840351482347,0.0,,0.0,8.514572530434473,0.9369347523410447,0.9381244239645918,1.9570402474216213,1.9578667289384755,0.9892017549769283,0.9894105151776924,0.00023428144761894476,-0.5196832887889539,0.5196978522496134
37.6,1.2023392545749365,1.2203131226595538,0.026965113415478487,0.032636672377058994,0.5196813030353702,0.5196813030353702,0.0,,0.0,8.514483692330836,0.9369027465129118,0.9380935337705947,1.9570179628064213,1.9578452353530431,0.9891961229855621,0.9894050840012616,0.0002285429518699561,-0.5196805925824298,0.5196954352709802
37.800000000000004,1.2022941082863066,1.2203102679880418,0.026965791785425745,0.032636533724823814,0.5196786292959249,0.5196786292959249,0.0,,0.0,8.514396620130274,0.9368715232121357,0.938063398808553,1.9569962225504096,1.9578242668003636,0.9891906285392039,0.9893997854652298,0.00022294347214377175,-0.5196779530128507,0.5196930369568161
38.0,1.2022500682655664,1.220307361992364,0.026966456307908802,0.032636401740440725,0.5196760129356731,0.5196760129356731,0.0,,0.0,8.514311291167111,0.9368410635510798,0.9380340008505756,1.9569750135383077,1.9578038106309732,0.989185268325475,0.9893946163753493,0.00021747971611084382,-0.5196753691692723,0.5196906588440156
38.2,1.2022071076910372,1.2203044118660062,0.026967107182634804,0.03263627610164033,0.519673452959311,0.519673452959311,0.0,,0.0,8.51422768237684,0.9368111356202143,0.938005322097165,1.9569541743212666,1.9577838544916042,0.989180001542806,0.9893895736120986,0.00021214846570082047,-0.5196728401394745,0.5196883023343966
38.400000000000006,1.2021652003773529,1.2203014243367791,0.026967744611356106,0.03263615650183176,0.5196709483768395,0.5196709483768395,0.0,,0.0,8.514145770268899,0.9367817757639757,0.9379773451677142,1.956933730230836,1.9577643863186647,0.9891748345948888,0.9893846541290415,0.00020694657561548535,-0.519670365011153,0.5196859687027641
38.6,1.2021243207610517,1.2202984056921795,0.026968368797588422,0.032636042649468754,0.5196684982067522,0.5196684982067522,0.0,,0.0,8.514065530946748,0.9367531346808994,0.9379500530911924,1.9569137862306438,1.9577453943318521,0.98916979401153,0.9893798549512177,0.0002018709718587114,-0.5196679428730125,0.5196836591045284
38.800000000000004,1.2020844438864604,1.2202953618037742,0.026968979946080406,0.03263593426712316,0.5196661014729815,0.5196661014729815,0.0,,0.0,8.513986940225074,0.9367251949763887,0.9379234292970039,1.9568943302383195,1.957726867027876,0.9891648767409789,0.9893751731735636,0.0001969186502889797,-0.5196655728157841,0.5196813745829117
39.0,1.2020455453918693,1.2202922981503004,0.026969578262338343,0.0326358310906305,0.5196637572025085,0.5196637572025085,0.0,,0.0,8.513909973731476,0.9366979396669554,0.9378974576060306,1.9568753504560732,1.9577087931743133,0.9891600798033019,0.9893706059593633,0.00019208667519123035,-0.5196632539331741,0.5196791160757873
39.2,1.2020076014959844,1.220289219839297,0.026970163952417324,0.03263573286856135,0.5196614644284052,0.5196614644284052,0.0,,0.0,8.513834606915049,0.93667135217098,0.9378721222218488,1.9568568353643512,1.9576911618035686,0.9891554002887843,0.9893661505387291,0.0001873721778715004,-0.5196609853227426,0.5196768844221566
39.400000000000006,1.2019705889846646,1.2202861316275484,0.02697073722278409,0.03263563936178413,0.5196592221939067,0.5196592221939068,0.0,,0.0,8.513760815033876,0.9366454162996688,0.9378474077221174,1.956838773715618,1.9576739622069632,0.9891508353563649,0.9893618042071116,0.00018277235527107416,-0.519658766086706,0.5196746803682679
39.6,1.2019344851979297,1.2202830379406964,0.02697129828000859,0.03263555034282795,0.519657029552098,0.519657029552098,0.0,,0.0,8.513688573210585,0.9366201162481833,0.9378232990501411,1.956821154528258,1.957657183928934,0.9891463822320987,0.9893575643238371,0.00017828446860169989,-0.5196565953326744,0.5196725045733988
39.800000000000004,1.201899268017243,1.2202799428919593,0.026971847330372303,0.03263546559515093,0.5196548855632639,0.5196548855632639,0.0,,0.0,8.513617856522279,0.9365954365869493,0.9377997815066011,1.9568039670805988,1.9576408167613442,0.9891420382076513,0.9893534283106775,0.00017390584200234482,-0.5196544721743351,0.51967035761533
40.0,1.2018649158530568,1.2202768502997363,0.02697238457962573,0.032635384912593095,0.5196527892951531,0.5196527892951531,0.0,,0.0,8.513548640039442,0.9365713622531442,0.9377768407414541,1.9567872009050524,1.9576248507379153,0.9891378006388234,0.9893493936504442,0.00016963386121712776,-0.5196523957320829,0.519668239995535
40.2,1.2018314076326215,1.2202737637041374,0.026972910232890973,0.03263530809900862,0.5196507398260615,0.5196507398260615,0.0,,0.0,8.513480898815388,0.9365478785423587,0.9377544627459933,1.9567708457823774,1.957609276128762,0.9891336669441033,0.9893454578856127,0.00016546597229535887,-0.5196503651335933,0.5196661521440804
40.400000000000006,1.2017987227880542,1.2202706863827406,0.0269734244945097,0.032635234967837816,0.5196487362462584,0.5196487362462584,0.0,,0.0,8.513414607899943,0.936524971100422,0.9377326338450757,1.9567548917360498,1.957594083435042,0.9891296346032499,0.9893416186169739,0.0001613996803125073,-0.519648379514341,0.5196640944242531
40.6,1.2017668412446598,1.2202676213656685,0.02697392756777541,0.03263516534154519,0.5196467776564306,0.5196467776564306,0.0,,0.0,8.513349742398841,0.9365026259154045,0.937711340689505,1.9567393290267545,1.9575792633837137,0.9891257011559031,0.9893378735023123,0.0001574325481114025,-0.5196464380180744,0.5196620671369324
40.800000000000004,1.2017357434094977,1.220264571449874,0.0269744196546993,0.03263509905110307,0.5196448631665368,0.5196448631665368,0.0,,0.0,8.513286277523699,0.936480605520109,0.9376905702485764,1.9567239922809407,1.957564806922398,0.9891218248051235,0.989334220255113,0.00015356219506654223,-0.5196445397972512,0.5196600705247317
41.0,1.2017054101602043,1.220261539212531,0.02697490095590666,0.03263503593563678,0.5196429918972572,0.5196429918972572,0.0,,0.0,8.513224188597063,0.936459092158242,0.9376703098027719,1.9567090084411238,1.9575507052143482,0.9891180376363921,0.9893306566432909,0.00014978629586878678,-0.5196426840134288,0.5196581047759115
41.2,1.201675822834043,1.220258527023699,0.026975371670566423,0.03263497584211451,0.5196411629818561,0.5196411629818561,0.0,,0.0,8.513163451048193,0.9364381072081045,0.9376505469366135,1.9566943924136306,1.9575369496335244,0.9891143434183322,0.9893271804879515,0.0001461025793316334,-0.5196408698376147,0.5196561700280686
41.400000000000006,1.2016469632171995,1.2202555370584263,0.026975831996240218,0.03263491862494523,0.5196393755659221,0.5196393755659221,0.0,,0.0,8.513104040441448,0.9364176377973686,0.937631269531661,1.9566801352491692,1.957523531759765,0.9891107398900287,0.9893237896621724,0.0001425088272179187,-0.5196390964505778,0.5196542663716216
41.6,1.2016188135343098,1.220252571308277,0.02697628212869625,0.032634864145539275,0.5196376288060465,0.5196376288060465,0.0,,0.0,8.513045932519669,0.9363976713620897,0.9376124657596627,1.9566662282123213,1.9575104433740653,0.989107224844566,0.989320482089813,0.0001390028730877818,-0.5196373630431305,0.5196523938531017
41.800000000000004,1.20159135643821,1.2202496315921703,0.026976722261797672,0.032634812271962854,0.5196359218699155,0.5196359218699155,0.0,,0.0,8.512989103222614,0.9363781956395749,0.9375941240758482,1.956652662776622,1.9574976764539518,0.9891037961277865,0.9893172557443495,0.00013558260116783294,-0.519635668816378,0.5196505524782639
42.0,1.201564574999918,1.2202467195665792,0.026977152587460404,0.03263476287868045,0.5196342539377065,0.5196342539377065,0.0,,0.0,8.512933528682105,0.9363591986614007,0.9375762332123647,1.9566394306197417,1.9574852231689521,0.9891004516370757,0.9893141086477301,0.00013224594524097188,-0.5196340129819361,0.5196487422150212
42.2,1.2015384526988286,1.2202438367352264,0.026977573295584905,0.032634715846270465,0.5196326242026565,0.5196326242026565,0.0,,0.0,8.512879185228966,0.9363406687465858,0.9375587821718562,1.9566265236187714,1.9574730758761643,0.9890971893201743,0.989311038869261,0.00012899088755666255,-0.5196323947621185,0.5196469629962089
42.400000000000006,1.201512973413132,1.2202409844583333,0.0269779845739355,0.03263467106108221,0.5196310318702293,0.5196310318702293,0.0,,0.0,8.512826049421204,0.9363225944948989,0.9375417602211763,1.9566139338456048,1.9574612271159213,0.9890940071740122,0.9893080445245094,0.000125815457760442,-0.5196308133900993,0.5196452147221919
42.6,1.2014881214104338,1.22023816396137,0.026978386608038564,0.032634628414919986,0.5196294761575089,0.5196294761575089,0.0,,0.0,8.512774098066878,0.9363049647803262,0.9375251568852417,1.9566016535624253,1.9574496696075403,0.9890909032435711,0.9893051237742351,0.00012271773184584223,-0.5196292681100535,0.5196434972633271
42.800000000000004,1.2014638813385925,1.2202353763432694,0.02697877958114379,0.03263458780480688,0.5196279562938162,0.5196279562938162,0.0,,0.0,8.512723308225626,0.9362877687446691,0.9375089619410144,1.9565896752172833,1.9574383962451727,0.9890878756207686,0.9893022748233417,0.00011969583112476923,-0.5196277581772711,0.5196418104622844
43.0,1.2014402382167573,1.2202326225841902,0.026979163674201147,0.03263454913277173,0.5196264715214868,0.5196264715214868,0.0,,0.0,8.512673657205992,0.9362709957912866,0.9374931654116186,1.9565779914397734,1.9574274000937377,0.989084922443368,0.9892994959198512,0.00011674792121726951,-0.5196262828582512,0.5196401541362302
43.2,1.2014171774266036,1.2202299035529116,0.026979539065800636,0.032634512305595366,0.5196250210956446,0.5196250210956446,0.0,,0.0,8.512625122578102,0.9362545688371412,0.9374777575605833,1.9565665485446635,1.9574166743849464,0.9890820301425626,0.9892967853539015,0.00011387221106279322,-0.5196248414307733,0.5196385280788852
43.400000000000006,1.2013946847037686,1.2202272200138577,0.026979905932097523,0.03263447723454347,0.5196236042834871,0.5196236042834871,0.0,,0.0,8.512577682192951,0.9362384374972497,0.9374627288862124,1.956555311441993,1.9574062125134104,0.9890791898495257,0.9892941414567643,0.00011106695194797178,-0.5196234331839522,0.5196369320624618
43.6,1.2013727461294765,1.220224572633704,0.026980264446774024,0.03263444383514712,0.5196222203642484,0.5196222203642484,0.0,,0.0,8.512531314189593,0.9362227032495448,0.937448070116079,1.9565443508296538,1.9573960080328354,0.9890764194343996,0.9892915625998863,0.00010833043655701646,-0.5196220574182763,0.5196353658394899
43.800000000000004,1.2013513481223512,1.2202219619875916,0.02698061478103415,0.03263441202702687,0.5196208686297624,0.5196208686297624,0.0,,0.0,8.512485996991327,0.9362073563781019,0.9374337722016393,1.9565336599486338,1.9573860546523014,0.9890737171893494,0.9892890471939485,0.00010566099803660522,-0.5196207134456281,0.5196338291445336
44.0,1.2013304774304188,1.2202193885650274,0.026980957103586698,0.03263438173370648,0.5196195483846264,0.5196195483846264,0.0,,0.0,8.512441709307634,0.9361923874018494,0.9374198263129678,1.956523232203001,1.9573763462326184,0.9890710814477289,0.9892865936879487,0.00010305700908488924,-0.5196194005892879,0.5196323216958042
44.2,1.2013101211232835,1.2202168527754877,0.02698129158060433,0.03263435288240157,0.519618258945706,0.519618258945706,0.0,,0.0,8.512398430145785,0.9361777870690353,0.9374062238336092,1.9565130611560806,1.9573668767827685,0.9890685105831137,0.989284200568303,0.0001005168810530449,-0.5196181181839261,0.5196308431966777
44.400000000000006,1.201290266584489,1.220214354953715,0.026981618375692747,0.032634325403823945,0.519616999641755,0.519616999641755,0.0,,0.0,8.512356138819785,0.9361635463518148,0.937392956355543,1.956503140526705,1.9573576404564217,0.9890660030083573,0.9892818663579669,9.803906306926624e-05,-0.5196168655755813,0.5196293933371205
44.6,1.2012709015040441,1.2202118953646892,0.026981937649890163,0.032634299232026036,0.5196157698136135,0.5196157698136135,0.0,,0.0,8.512314814949054,0.9361496564409533,0.9373800156742625,1.9564934641855527,1.9573486315485336,0.9890635571746651,0.9892795896155764,9.562204117880002e-05,-0.5196156421216273,0.5196279717950296
44.800000000000004,1.201252013871129,1.2202094742083203,0.026982249561674356,0.03263427430425764,0.5196145688144738,0.5196145688144739,0.0,,0.0,8.51227443845531,0.9361361087406587,0.9373673937839643,1.9564840261515686,1.9573398444920143,0.9890611715706925,0.9892773689346083,9.326433750206364e-05,-0.5196144471907278,0.5196265782374907
45.0,1.2012335919669606,1.2202070916239065,0.02698255426695253,0.03263425056080564,0.5196133960096659,0.519613396009666,0.0,,0.0,8.512234989566492,0.9361228948635235,0.9373550828728437,1.956474820588463,1.9573312738544744,0.9890588447216608,0.9892752029425586,9.096450940943024e-05,-0.5196132801627801,0.5196252123219548
45.2,1.201215624357823,1.2202047476943507,0.026982851919044967,0.03263422794482952,0.5196122507762218,0.5196122507762219,0.0,,0.0,8.512196448823792,0.9361100066255792,0.9373430753184981,1.9564658418012875,1.957322914335042,0.9890565751884931,0.9892730903001385,8.872114871437409e-05,-0.5196121404288512,0.5196238736973464
45.400000000000006,1.20119809988826,1.2202024424501308,0.02698314266868649,0.032634206402221554,0.5196111325027635,0.5196111325027635,0.0,,0.0,8.512158797082712,0.9360974360414728,0.9373313636834345,1.9564570842330946,1.957314760761253,0.9890543615669712,0.9892710297004916,8.653288088235345e-05,-0.5196110273911042,0.5196225620050996
45.6,1.2011810076744212,1.220200175873026,0.02698342666404369,0.032634185881489114,0.5196100405896694,0.5196100405896694,0.0,,0.0,8.512122015509057,0.9360851601581549,0.9373199407106759,1.956448531898879,1.9573068080860117,0.9890521998169803,0.9892690198684239,8.439836425716551e-05,-0.5196099404627175,0.5196212768801298
45.800000000000004,1.2011643370975615,1.2201979478996459,0.026983704050726587,0.03263416633363336,0.5196089744490484,0.5196089744490484,0.0,,0.0,8.512086085577517,0.9360730825980631,0.9373087993194711,1.9564401176590571,1.9572990513846154,0.9890500729681178,0.989267059559656,8.23162893019147e-05,-0.5196088790677946,0.5196200179517412
46.0,1.201148077797695,1.220195758424771,0.026983974971789365,0.032634147712018044,0.5196079335044035,0.5196079335044035,0.0,,0.0,8.51205098907495,0.9360613028241273,0.9372979326010993,1.9564319108122814,1.9572914858518515,0.9890479985371324,0.9892651475600884,8.028537785863266e-05,-0.5196078426412687,0.5196187848444771
46.2,1.2011322196673877,1.2201936073045068,0.026984239567736178,0.032634129972247294,0.5196069171903581,0.5196069171903581,0.0,,0.0,8.512016708102083,0.9360498135267026,0.9372873338147717,1.9564239062711555,1.957284106799158,0.9890459752384172,0.9892632826850857,7.830438242134585e-05,-0.5196068306288019,0.5196175771789147
46.400000000000006,1.2011167528457014,1.2201914943592347,0.026984497976541514,0.03263411307206383,0.5196059249526531,0.5196059249526531,0.0,,0.0,8.5119832250705,0.9360386075739878,0.9372769963836257,1.9564160990718935,1.9572769096518496,0.9890440018175919,0.9892614637787753,7.637208542597695e-05,-0.5196058424866768,0.5196163945724072
46.6,1.2011016677122752,1.2201894193763971,0.026984750333673962,0.03263409697125419,0.5196049562481722,0.5196049562481722,0.0,,0.0,8.511950522698674,0.9360276780077671,0.9372669138908143,1.9564084843713674,1.9572698899464054,0.9890420770507569,0.9892596897133642,7.448729855481784e-05,-0.5196048776816854,0.5196152366397753
46.800000000000004,1.201086954881543,1.220187382113129,0.0269849967721119,0.03263408163154704,0.5196040105447414,0.5196040105447415,0.0,,0.0,8.511918584011488,0.9360170180392697,0.9372570800756787,1.956401057444238,1.957263043327819,0.9890401997437696,0.9892579593884692,7.264886205660126e-05,-0.5196039356910114,0.5196141029939535
47.0,1.2010726051970866,1.2201853822987438,0.02698523742235654,0.03263406701651111,0.5196030873208275,0.5196030873208275,0.0,,0.0,8.511887392341023,0.9360066210451014,0.9372474888300161,1.9563938136801335,1.9572563655470103,0.9890383687315316,0.9892562717304638,7.085564408042255e-05,-0.5196030160021091,0.51961299324659
47.2,1.2010586097261238,1.2201834196370631,0.02698547241245335,0.032634053091465935,0.5196021860653925,0.5196021860653925,0.0,,0.0,8.51185693132452,0.935996480563294,0.9372381341944279,1.9563867485809108,1.9572498524582969,0.9890365828772977,0.9892546256918399,6.910654002489913e-05,-0.5196021181125801,0.519611907008608
47.400000000000006,1.2010449597541197,1.2201814938086057,0.02698570186802095,0.03263403982340406,0.5196013062778768,0.5196013062778768,0.0,,0.0,8.511827184900001,0.9359865902894267,0.9372290103547567,1.9563798577579643,1.957243500016919,0.9890348410719961,0.989253020250583,6.740047190131881e-05,-0.5196012415300441,0.5196108438907239
47.6,1.2010316467795272,1.2201796044726492,0.026985925912277116,0.03263402718091257,0.5196004474680921,0.5196004474680921,0.0,,0.0,8.511798137303117,0.9359769440728478,0.9372201116386016,1.956373136929607,1.9572373042766305,0.9890331422335673,0.9892514544095637,6.573638771066592e-05,-0.5196003857720095,0.5196098035039312
47.800000000000004,1.2010186625086519,1.2201777512691736,0.026986144666059694,0.03263401513409094,0.5195996091559677,0.5195996091559677,0.0,,0.0,8.51176977306622,0.9359675359129842,0.937211432511917,1.956366581918509,1.9572312613873342,0.9890314853063171,0.9892499271959408,6.411326083408109e-05,-0.5195995503657401,0.5196087854599474
48.0,1.2010059988506332,1.2201759338206903,0.026986358247849965,0.03263400365447424,0.5195987908713323,0.5195987908713323,0.0,,0.0,8.511742077016594,0.9359583473556213,0.9372029675756908,1.9563601798701473,1.957225367592781,0.9890298670411771,0.9892484376605809,6.253008943744864e-05,-0.5195987348481192,0.5196077893716279
48.2,1.2009936479125494,1.2201741517339526,0.026986566773802692,0.03263399271496698,0.5195979921538212,0.5195979921538212,0.0,,0.0,8.511715034272553,0.9359493168538516,0.9371947115626965,1.9563538879048317,1.9572196192283189,0.9890282765994814,0.9892469848774893,6.098589588758585e-05,-0.5195979387655137,0.5196068148533507
48.400000000000006,1.2009816019946304,1.2201724046015598,0.026986770357777624,0.03263398228978092,0.5195972125527994,0.5195972125527994,0.0,,0.0,8.511688630239089,0.9359405092758266,0.9371866593343241,1.9563477512217369,1.957214012718691,0.9890267254065427,0.989245567943255,5.947972618414177e-05,-0.5195971616736352,0.5196058615213694
48.6,1.2009698535855897,1.2201706920034667,0.026986969111367075,0.0326339723543706,0.5195964516271765,0.5195964516271765,0.0,,0.0,8.511662850605152,0.9359319191365566,0.9371788058774845,1.956341766002082,1.9572085445758922,0.989025212497255,0.9892441859765085,5.8010649401238346e-05,-0.5195964031374002,0.5196049289941389
48.800000000000004,1.2009583953580654,1.2201690135084087,0.026987163143922095,0.03263396288536932,0.5195957089451761,0.5195957089451761,0.0,,0.0,8.511637681341556,0.9359235410851342,0.937171146301585,1.9563359285203445,1.957203211397069,0.9890237369300761,0.9892428381173912,5.657775714328073e-05,-0.5195956627307889,0.5196040168926152
49.0,1.2009472201641642,1.220167368675223,0.026987352562582542,0.03263395386053222,0.5195949840841833,0.5195949840841833,0.0,,0.0,8.511613108697546,0.9359153699014959,0.9371636758355771,1.9563302351420122,1.9571980098624682,0.9890222977864586,0.9892415235270396,5.518016301236939e-05,-0.5195949400367049,0.519603124840531
49.2,1.200936321031116,1.2201657570540936,0.02698753747231041,0.03263394525868528,0.5195942766306506,0.5195942766306507,0.0,,0.0,8.511589119196268,0.9359074004932626,0.9371563898250703,1.9563246823213898,1.9571929367334415,0.9890208941702966,0.9892402413870791,5.38170020875639e-05,-0.5195942346468323,0.5196022524646479
49.400000000000006,1.2009256911570299,1.2201641781877133,0.026987717975921633,0.0326339370596747,0.5195935861799622,0.5195935861799622,0.0,,0.0,8.511565699630886,0.9358996278926597,0.9371492837295193,1.9563192665994613,1.9571879888504862,0.9890195252073855,0.9892389908991299,5.2487430416650604e-05,-0.5195935461614938,0.5196013993949861
49.6,1.2009153239067512,1.2201626316123748,0.02698789417411531,0.03263392924431524,0.519592912336233,0.519592912336233,0.0,,0.0,8.511542837061722,0.935892047253501,0.937142353119473,1.9563139846017947,1.95718316313134,0.9890181900448931,0.989237771284327,5.1190624518249184e-05,-0.519592874189508,0.519600565265034
49.800000000000004,1.2009052128078117,1.2201611168589936,0.02698806616550385,0.032633921794341735,0.5195922547121219,0.5195922547121219,0.0,,0.0,8.511520518813063,0.9358846538482486,0.9371355936738868,1.9563088330365022,1.9571784565691146,0.9890168878508442,0.9892365817828471,4.992578089589583e-05,-0.5195922183480471,0.5195997497119401
50.0,1.200895351546486,1.2201596334540536,0.026988234046646138,0.03263391469236619,0.5195916129287107,0.5195916129287107,0.0,,0.0,8.51149873246891,0.9358774430651426,0.9371290011775039,1.9563038086922442,1.9571738662304783,0.9890156178136168,0.989235421653451,4.869211556343678e-05,-0.5195915782624955,0.5195989523766833
50.2,1.200885733963933,1.2201581809204995,0.026988397912081134,0.03263390792183734,0.5195909866153858,0.5195909866153859,0.0,,0.0,8.511477465868579,0.9358704104053951,0.9371225715182948,1.9562989084362836,1.9571693892538764,0.9890143791414503,0.9892342901730335,4.7488863579622786e-05,-0.5195909535663065,0.5195981729042292
50.400000000000006,1.200876354052432,1.2201567587785604,0.026988557854359305,0.032633901466999564,0.5195903754096751,0.5195903754096751,0.0,,0.0,8.511456707103171,0.935863522936838,0.937116300684956,1.9562941093236559,1.957165022847798,0.9890131660344915,0.9892331866361862,4.6315278596401055e-05,-0.5195903439008622,0.5195974109436697
50.6,1.2008672059517107,1.2201553665465281,0.026988713964073322,0.03263389531285268,0.5195897789570602,0.5195897789570602,0.0,,0.0,8.51143644451221,0.9358567787977503,0.9371101847644713,1.956289410058613,1.9571607642890807,0.9890119781652984,0.9892321103547681,4.517063241303576e-05,-0.5195897489153336,0.5195966661483464
50.800000000000004,1.2008582839453574,1.2201540037414746,0.026988866329890202,0.03263388944511545,0.5195891969108303,0.5195891969108303,0.0,,0.0,8.51141666667982,0.935850201288941,0.9371042199397283,1.9562848268785376,1.9571566109212548,0.9890108196384166,0.9892310606574901,4.4054214545632964e-05,-0.5195891682665386,0.5195959381759618
51.0,1.2008495824573218,1.2201526698799163,0.026989015038584967,0.03263388385019248,0.5195886289319644,0.5195886289319644,0.0,,0.0,8.511397362430289,0.9358437863033657,0.937098402487193,1.9562803569232705,1.9571525601529318,0.9890096897309628,0.9892300368895043,4.296533180142559e-05,-0.519588601618805,0.5195952266886755
51.2,1.2008410960484943,1.2201513644784392,0.02698916017507309,0.03263387851514161,0.5195880746889939,0.5195880746889939,0.0,,0.0,8.511378520824085,0.9358375298347202,0.9370927287746378,1.9562759974027566,1.957148609456223,0.9890085877377687,0.989229038412008,4.19033078669917e-05,-0.519588048643832,0.5195945313531896
51.400000000000006,1.2008328194133782,1.2201500870542725,0.026989301822441577,0.032633873427641194,0.5195875338578345,0.5195875338578345,0.0,,0.0,8.511360131154301,0.9358314279750003,0.9370871952589267,1.9562717455953493,1.9571447563652025,0.9890075129709527,0.9892280646018531,4.086748290428599e-05,-0.5195875090205532,0.5195938518408207
51.6,1.2008247473768263,1.2201488371258251,0.026989440061980327,0.03263386857595948,0.5195870061216296,0.5195870061216296,0.0,,0.0,8.511342182942988,0.9358254769121074,0.9370817984838484,1.9562675988461466,1.9571409984744035,0.9890064647594994,0.9892271148511679,3.985721315434565e-05,-0.5195869824350007,0.5195931878275638
51.800000000000004,1.2008168748908679,1.2201476142131764,0.026989574973214497,0.03263386394892682,0.5195864911706223,0.5195864911706223,0.0,,0.0,8.511324665937044,0.9358196729275208,0.9370765350780063,1.956263554565373,1.9571373334373519,0.9890054424488512,0.9892261885669852,3.8871870553819354e-05,-0.5195864685801718,0.5195925389941438
52.0,1.2008091970316075,1.220146417838535,0.026989706633936992,0.0326338595359095,0.5195859887020347,0.5195859887020347,0.0,,0.0,8.51130757010403,0.9358140123940155,0.9370714017527539,1.9562596102267935,1.9571337589651294,0.9890044454005076,0.9892252851708815,3.7910842357047336e-05,-0.5195859671558942,0.5195919050260576
52.2,1.2008017089961978,1.2201452475266579,0.026989835120239537,0.03263385532678357,0.5195854984199195,0.5195854984199195,0.0,,0.0,8.51129088562843,0.9358084917734466,0.9370663953001842,1.9562557633661746,1.9571302728249813,0.9890034729916358,0.9892244040986229,3.69735307683694e-05,-0.5195854778686958,0.5195912856136082
52.400000000000006,1.2007944060998834,1.2201441028052382,0.026989960506543134,0.032633851311909344,0.5195850200350101,0.5195850200350101,0.0,,0.0,8.511274602908095,0.9358031076145744,0.9370615125911625,1.9562520115797704,1.9571268728389475,0.9890025246146893,0.9892235447998208,3.605935258356452e-05,-0.5195850004316734,0.5195906804519319
52.6,1.2007872837731222,1.2201429832052624,0.026990082865629112,0.032633847482108166,0.5195845532645844,0.5195845532645845,0.0,,0.0,8.511258712550342,0.9357978463734172,0.9370567505734105,1.9562483454309125,1.9571235568825291,0.9890015978843318,0.9892227067375955,3.5167738837896256e-05,-0.5195845345643652,0.5195900892410142
52.800000000000004,1.2007803375587676,1.2201418882613357,0.026990202268670455,0.032633843828640874,0.5195840978323486,0.5195840978323487,0.0,,0.0,8.511243205368022,0.9357926876933843,0.9370521062696318,1.9562447507355645,1.9571203228833924,0.9890006892151736,0.9892218893882466,3.429813446438612e-05,-0.5195840799926215,0.5195895116857027
53.0,1.2007735631093264,1.2201408175119794,0.026990318785262393,0.03263384034318686,0.5195836534683079,0.519583653468308,0.0,,0.0,8.511228072375541,0.9357876565481003,0.9370475767756867,1.9562412448968451,1.957117168820093,0.988999803006441,0.9892210922409338,3.344999795783232e-05,-0.519583636448481,0.5195889474957092
53.2,1.200766956184276,1.2201397704999037,0.02699043248345207,0.03263383701782335,0.5195832199086289,0.5195832199086289,0.0,,0.0,8.511213304785418,0.9357827497903825,0.9370431592588093,1.9562378257226565,1.9571140927208412,0.9889989387040731,0.9892203147973622,3.2622801049278505e-05,-0.5195832036700463,0.5195883963856102
53.400000000000006,1.20076051264745,1.220138746772259,0.026990543429768015,0.03263383384500589,0.5195827968955036,0.5195827968955036,0.0,,0.0,8.511198894004602,0.935777964350432,0.9370388509558639,1.9562344910747695,1.9571110926622903,0.9889980957676231,0.9892195565714781,3.181602838597808e-05,-0.5195827814013609,0.5195878580748375
53.6,1.200754228464489,1.2201377458808542,0.02699065168925004,0.0326338308175505,0.5195823841770324,0.5195823841770324,0.0,,0.0,8.511184831630693,0.935773297233939,0.9370346491716488,1.9562312388675072,1.9571081667683567,0.9889972736699248,0.9892188170891697,3.102917721956033e-05,-0.5195823693922887,0.5195873322876662
53.800000000000004,1.200748099700346,1.220136767382363,0.02699075732547867,0.03263382792861672,0.5195819815071097,0.5195819815071097,0.0,,0.0,8.511171109448204,0.9357687455202476,0.9370305512772371,1.9562280670664685,1.9571053132090652,0.9889964718967709,0.9892180958879772,3.026175710178769e-05,-0.5195819673983958,0.5195868187531968
54.0,1.2007421225168589,1.2201358108385059,0.026990860400603806,0.03263382517169087,0.5195815886452968,0.5195815886452969,0.0,,0.0,8.51115771942496,0.9357643063605491,0.9370265547083598,1.956224973687272,1.9571025301994305,0.9889956899465947,0.9892173925168072,2.9513289587557168e-05,-0.5195815751808321,0.5195863172053332
54.2,1.2007362931703793,1.220134875816211,0.02699096097537286,0.032633822540569984,0.519581205356696,0.5195812053566962,0.0,,0.0,8.511144653708683,0.9357599769761337,0.9370226569638244,1.9562219567943397,1.9570998159983506,0.9889949273301639,0.9892167065356567,2.878330794391093e-05,-0.5195811925062168,0.519585827382755
54.400000000000006,1.2007306080094573,1.220133961887762,0.02699105910915885,0.032633820029346866,0.5195808314118343,0.5195808314118343,0.0,,0.0,8.511131904623483,0.9357557546566673,0.9370188556039757,1.9562190144996987,1.9570971689075431,0.9889941835702768,0.9892160375153414,2.807135686766493e-05,-0.5195808191465238,0.5195853490288892
54.6,1.2007250634725823,1.2201330686309249,0.02699115485998839,0.03263381763239616,0.519580466586553,0.519580466586553,0.0,,0.0,8.511119464666194,0.9357516367585311,0.9370151482491913,1.9562161449618263,1.9570945872704957,0.9889934582014713,0.9892153850372324,2.7376992207686635e-05,-0.5195804548789704,0.5195848818918744
54.800000000000004,1.2007196560859834,1.2201321956290598,0.026991248284569138,0.032633815344360925,0.519580110661897,0.5195801106618971,0.0,,0.0,8.51110732650298,0.9357476077718315,0.9370115325784134,1.95621333737332,1.9570920694714464,0.9889927484918631,0.9892147486929985,2.669978069522183e-05,-0.5195800994859067,0.5195844257245255
55.0,1.2007143824614754,1.2201313424712172,0.02699133943831647,0.03263381316013949,0.5195797634239983,0.5195797634239983,0.0,,0.0,8.511095482965992,0.9357436657420314,0.9370080063277163,1.9562105903726936,1.95708961393439,0.9889920540973257,0.9892141280843534,2.603929968031382e-05,-0.5195797527547071,0.5195839802842925
55.2,1.2007092392943628,1.2201305087522252,0.026991428375379923,0.03263381107487297,0.5195794246639609,0.5195794246639609,0.0,,0.0,8.511083927050057,0.9357398212131318,0.9370045672889099,1.9562079113080675,1.9570872191221027,0.9889913768753716,0.9892135228228114,2.5395136873454516e-05,-0.5195794144776639,0.5195835453332185
55.400000000000006,1.2007042233613945,1.2201296940727573,0.0269915151486695,0.03263380908393378,0.5195790941777599,0.5195790941777599,0.0,,0.0,8.511072651909355,0.9357360717769273,0.9370012133081747,1.9562052985018326,1.9570848835351964,0.9889907164019648,0.9892129325294479,2.4766890095520577e-05,-0.5195790844518823,0.5195831206378944
55.6,1.2006993315187622,1.220128898039391,0.026991599809881642,0.032633807182914795,0.5195787717661368,0.5195787717661369,0.0,,0.0,8.511061650854046,0.9357324150845302,0.9369979422847298,1.9562027503176838,1.9570826057111916,0.988990072263508,0.9892123568346638,2.4154167030651652e-05,-0.519578762479177,0.5195827059694111
55.800000000000004,1.2006945607001562,1.2201281202646557,0.02699168240952443,0.03263380536761851,0.5195784572344945,0.5195784572344945,0.0,,0.0,8.511050917347145,0.9357288488449182,0.9369947521695382,1.9562002651596098,1.9570803842236169,0.9889894440565876,0.989211795377961,2.355658498824631e-05,-0.5195784483659714,0.5195823011033112
56.0,1.200689907914861,1.2201273603670695,0.026991762996942493,0.03263380363404691,0.519578150392791,0.5195781503927911,0.0,,0.0,8.511040445001381,0.9357253708235145,0.9369916409640333,1.9561978414709051,1.9570782176811237,0.9889888313877243,0.9892112478077144,2.2973770667719662e-05,-0.5195781419231977,0.5195819058195369
56.2,1.2006853702459002,1.2201266179711658,0.026991841620341517,0.03263380197839194,0.519577851055442,0.519577851055442,0.0,,0.0,8.51103022757609,0.935721978840808,0.936988606718888,1.956195477733211,1.957076104726631,0.9889882338731303,0.9892107137809605,2.2405359931518265e-05,-0.5195778429661989,0.5195815199023776
56.400000000000006,1.2006809448482296,1.22012589270751,0.026991918326812584,0.03263380039702644,0.5195775590412224,0.5195775590412225,0.0,,0.0,8.511020258974105,0.9357186707709989,0.9369856475328051,1.9561931724655712,1.957074044036482,0.988987651138471,0.9892101929631806,2.1850997581368548e-05,-0.5195775513146335,0.5195811431404165
56.6,1.2006766289469668,1.2201251842127103,0.02699199316235592,0.03263379888649548,0.5195772741731725,0.5195772741731725,0.0,,0.0,8.511010533238702,0.9357154445406841,0.9369827615513399,1.956190924223519,1.9570720343196275,0.9889870828186341,0.9892096850280969,2.1310337140492686e-05,-0.5195772667923803,0.5195807753264737
56.800000000000004,1.2006724198356704,1.2201244921294174,0.026992066171904184,0.032633797443508104,0.5195769962784998,0.5195769962784998,0.0,,0.0,8.511001044550715,0.9357122925281218,0.9369799469657522,1.9561887276961156,1.957070074316827,0.9889865275711228,0.9892091896574692,2.0783040642291528e-05,-0.5195769892274462,0.5195804162575512
57.0,1.2006683148746602,1.2201238161063181,0.02699213739934541,0.03263379606492939,0.5195767251884877,0.5195767251884879,0.0,,0.0,8.51099178722559,0.9357092066991799,0.9369772020118855,1.9561865772849856,1.9570681627998687,0.9889859839807765,0.9892087065408982,2.026877842210839e-05,-0.5195767184518753,0.5195800657347746
57.2,1.2006643114893731,1.2201231557981254,0.026992206887545556,0.032633794747772886,0.5195764607384018,0.5195764607384018,0.0,,0.0,8.510982755710499,0.9357061972185194,0.9369745249690726,1.9561844800738686,1.9570662985708083,0.9889854538382747,0.9892082353756343,1.9767228915223978e-05,-0.5195764543016596,0.5195797235633347
57.400000000000006,1.200660407168767,1.220122510865554,0.026992274678370728,0.03263379348919372,0.5195762027674049,0.5195762027674049,0.0,,0.0,8.510973944581512,0.9357032621992034,0.9369719141590683,1.956182434748157,1.9570644804612263,0.9889849368113264,0.9892077758663879,1.927807845999996e-05,-0.5195761966166521,0.5195793895524292
57.6,1.2006565994637572,1.2201218809753007,0.026992340812708984,0.03263379228648176,0.5195759511184684,0.5195759511184684,0.0,,0.0,8.510965348540843,0.9357003998008351,0.9369693679450097,1.956180440025655,1.9570627073315072,0.9889844325758326,0.9892073277251489,1.8801021103895255e-05,-0.5195759452404798,0.5195790635152033
57.800000000000004,1.2006528859856953,1.2201212658000105,0.026992405330491607,0.03263379113705502,0.5195757056382845,0.5195757056382845,0.0,,0.0,8.510956962414088,0.9356976082284046,0.9369668847303979,1.956178494655779,1.9570609780701276,0.9889839408156837,0.9892068906710059,1.8335758416976322e-05,-0.5195757000204608,0.519578745268688
58.0,1.2006492644048792,1.2201206650182412,0.02699246827071406,0.032633790038453604,0.5195754661771831,0.5195754661771831,0.0,,0.0,8.510948781147633,0.9356948857311848,0.9369644629581094,1.956176597418786,1.957059291592971,0.9889834612225659,0.9892064644299738,1.7881999306926244e-05,-0.5195754608075208,0.5195784346337424
58.2,1.2006457324491095,1.2201200783144246,0.026992529671456666,0.03263378898833382,0.519575232589049,0.519575232589049,0.0,,0.0,8.51094079980593,0.935692230601637,0.936962101109427,1.9561747471250137,1.9570576468426542,0.9889829934957677,0.989206048734823,1.7439459840409843e-05,-0.5195752274561125,0.5195781314349913
58.400000000000006,1.2006422879022707,1.2201195053788234,0.02699258956990482,0.0326337879844628,0.5195750047312441,0.5195750047312441,0.0,,0.0,8.510933013568929,0.9356896411743535,0.9369597977030985,1.9561729426141443,1.9570560427878692,0.9889825373419946,0.9892056433249132,1.7007863068851936e-05,-0.5195749998241366,0.5195778355007645
58.6,1.2006389286029526,1.2201189459074797,0.026992648002368787,0.03263378702471298,0.5195747824645245,0.5195747824645245,0.0,,0.0,8.510925417729592,0.9356871158250172,0.9369575512944132,1.9561711827544794,1.9570544784227437,0.9889820924751859,0.9892052479460332,1.658693885649154e-05,-0.5195747777728636,0.5195775466630373
58.800000000000004,1.200635652443104,1.2201183996021672,0.026992705004303105,0.032633786107057146,0.5195745656529649,0.519574565652965,0.0,,0.0,8.510918007691378,0.9356846428945508,0.936955360474307,1.9561694594212877,1.9570529527662188,0.9889816568415418,0.9892048623502405,1.6176423715083543e-05,-0.5195745611668574,0.5195772647573687
59.0,1.2006324573667222,1.2201178661703338,0.026992760610325694,0.032633785229563596,0.5195743541638821,0.5195743541638821,0.0,,0.0,8.510910778965807,0.9356822294563399,0.9369532238684842,1.956167777544069,1.957051464861435,0.9889812316871816,0.9892044862957096,1.5776060640848577e-05,-0.5195743498739014,0.51957698962284
59.2,1.200629341368568,1.2201173453250462,0.026992814854236585,0.03263378439039167,0.519574147867761,0.519574147867761,0.0,,0.0,8.51090372717004,0.9356798757452182,0.9369511401365639,1.9561661372866879,1.9570500137751412,0.9889808170535414,0.9892041195465802,1.5385598955822144e-05,-0.519574143764925,0.5195767211019963
59.400000000000006,1.2006263024929191,1.2201168367849287,0.02699286776903627,0.03263378358778734,0.5195739466381833,0.5195739466381833,0.0,,0.0,8.510896848024561,0.9356775802843214,0.936949107971245,1.9561645376201522,1.9570485985971136,0.9889804126805198,0.9892037618728121,1.5004794153478107e-05,-0.5195739427139312,0.519576459040784
59.6,1.2006233388323495,1.220116340274099,0.026992919386943637,0.03263378282007908,0.5195737503517538,0.5195737503517538,0.0,,0.0,8.510890137350854,0.9356753416332387,0.9369471260974934,1.9561629775408622,1.9570472184395882,0.9889800183144334,0.9892034130500401,1.4633407747002836e-05,-0.5195737465979275,0.5195762032884919
59.800000000000004,1.200620448526541,1.2201158555221085,0.026992969739413585,0.03263378208567388,0.5195735588880317,0.5195735588880317,0.0,,0.0,8.510883591069156,0.9356731583871244,0.9369451932717482,1.9561614560699903,1.9570458724367097,0.9889796337078601,0.9892030728594371,1.4271207122926177e-05,-0.5195735552968571,0.5195759536976912
60.0,1.200617629761123,1.220115382263871,0.02699301885715432,0.03263378138305355,0.5195733721294624,0.5195733721294624,0.0,,0.0,8.510877205196245,0.9356710291758162,0.9369433082811475,1.9561599722528695,1.9570445597439932,0.9889792586194849,0.9892027410875753,1.3917965395987553e-05,-0.5195733686935303,0.5195757101241755
60.2,1.2006148807665395,1.2201149202395964,0.026993066770144312,0.0326337807107712,0.5195731899613117,0.5195731899613117,0.0,,0.0,8.510870975843249,0.9356689526629838,0.9369414699427725,1.9561585251584,1.9570432795377988,0.9889788928139492,0.9892024175262956,1.35734612707189e-05,-0.5195731866735601,0.5195754724269027
60.400000000000006,1.2006121998169474,1.2201144691947212,0.02699311350764882,0.03263378006744776,0.5195730122715992,0.5195730122715992,0.0,,0.0,8.51086489921352,0.9356669253670388,0.936939677102912,1.9561571123604657,1.9570420310148169,0.9889785356779743,0.9892021019725756,1.3237478902750066e-05,-0.5195730091252969,0.5195752404679358
60.6,1.2006095852291385,1.2201140288798373,0.026993159098236155,0.03263377945176875,0.5195728389510346,0.5195728389510346,0.0,,0.0,8.510858971600554,0.9356649425020952,0.9369379286363404,1.9561557305239827,1.9570408133915693,0.9889781863685058,0.9892017942284063,1.2909807765637549e-05,-0.5195728359397656,0.519575014112385
60.800000000000004,1.2006070353614873,1.2201135990506222,0.02699320356979354,0.03263377886248122,0.5195726698929539,0.519572669892954,0.0,,0.0,8.510853189385982,0.9356630087163077,0.9369362234456208,1.956154382888336,1.9570396259039229,0.9889778457044245,0.9892014941006658,1.2590242521301476e-05,-0.5195726670106035,0.5195747932283499
61.0,1.2006045486129293,1.220113179467761,0.02699324694954278,0.032633778298390856,0.5195725049932615,0.5195725049932615,0.0,,0.0,8.510847549037521,0.9356611227957199,0.9369345604604171,1.9561530686076718,1.9570384678066088,0.9889775134719191,0.9892012014010015,1.2278582891891987e-05,-0.519572502234,0.5195745776868633
61.2,1.2006021234219602,1.2201127698968797,0.02699328926405548,0.03263377775835916,0.5195723441503678,0.5195723441503678,0.0,,0.0,8.510842047106983,0.9356592835563675,0.9369329386368282,1.9561517868570286,1.9570373383727642,0.9889771894624587,0.9892009159457109,1.1974633536526724e-05,-0.5195723415086375,0.5195743673618336
61.400000000000006,1.2005997582656578,1.2201123701084646,0.026993330539267953,0.03263377724130079,0.5195721872651303,0.5195721872651303,0.0,,0.0,8.51083668022845,0.9356574898435285,0.9369313569567377,1.9561505368318166,1.957036236893474,0.9889768734726617,0.9892006375556274,1.1678203929166298e-05,-0.5195721847356333,0.5195741621299899
61.6,1.2005974516587359,1.2201119798777917,0.02699337080049585,0.03263377674618101,0.5195720342407973,0.5195720342407975,0.0,,0.0,8.510831445116322,0.935655740531009,0.9369298144271764,1.9561493177473204,1.9570351626773315,0.9889765653041702,0.98920036605601,1.1389108241319224e-05,-0.519572031818483,0.5195739618708265
61.800000000000004,1.2005952021526127,1.2201115989848508,0.026993410072448515,0.03263377627201329,0.5195718849829514,0.5195718849829514,0.0,,0.0,8.510826338563486,0.9356540345204399,0.9369283100797053,1.9561481288382074,1.9570341150500068,0.9889762647635253,0.9892001012764324,1.110716522620403e-05,-0.5195718826630047,0.5195737664665487
62.0,1.200593008334507,1.2201112272142673,0.02699344837924299,0.03263377581785714,0.5195717393994561,0.5195717393994561,0.0,,0.0,8.510821357439525,0.9356523666353648,0.9369268429698107,1.956146966497138,1.9570330933538258,0.9889759709388454,0.9891998430506787,1.0832198106797142e-05,-0.5195717371772849,0.5195735758020185
62.2,1.2005908688265552,1.2201108643552316,0.026993485744417695,0.032633775382815707,0.5195715974003995,0.5195715974003995,0.0,,0.0,8.51081649868893,0.9356507388889815,0.9369254121763125,1.9561458321271976,1.95703209694736,0.9889756841848183,0.9891995912166374,1.056403446580978e-05,-0.5195715952716263,0.5195733897647011
62.400000000000006,1.2005887822849508,1.2201105102014183,0.026993522190945873,0.03263377496603389,0.5195714588980446,0.5195714588980446,0.0,,0.0,8.510811759329407,0.935649151437199,0.9369240168007923,1.9561447258371358,1.9570311252050272,0.9889754045289407,0.9891993456162025,1.0302506138273881e-05,-0.5195714568584943,0.5195732082446141
62.6,1.2005867473991023,1.2201101645509167,0.026993557741248713,0.03263377456669626,0.5195713238067755,0.5195713238067755,0.0,,0.0,8.51080713645016,0.935647603283092,0.9369226559670296,1.956143646932293,1.9570301775166998,0.9889751317956176,0.9891991060951737,1.0047449107944417e-05,-0.5195713218524677,0.5195730311342738
62.800000000000004,1.200584762890816,1.2201098272061488,0.02699359241720822,0.03263377418402518,0.5195711920430495,0.5195711920430495,0.0,,0.0,8.510802627210218,0.9356460934543742,0.9369213288204569,1.9561425947351745,1.9570292532873248,0.9889748658135925,0.9891988725031602,9.798703404423348e-06,-0.5195711901701878,0.5195728583286454
63.0,1.2005828275134962,1.220109497973799,0.026993626240179765,0.0326337738172791,0.5195710635253474,0.5195710635253474,0.0,,0.0,8.510798228836862,0.9356446210027887,0.9369200345276236,1.9561415685850267,1.957028351936551,0.9889746064158409,0.9891986446934866,9.556113004474676e-06,-0.5195710617303113,0.5195726897250922
63.2,1.2005809400513643,1.2201091766647383,0.026993659231004406,0.032633773465750755,0.519570938174125,0.5195709381741251,0.0,,0.0,8.510793938623983,0.9356431829398812,0.9369187722756783,1.956140566399278,1.957027472898368,0.9889743530759199,0.9891984225231025,9.319525734297063e-06,-0.5195709364534612,0.5195725252233263
63.400000000000006,1.2005790993186995,1.220108863093948,0.026993691410020875,0.03263377312876557,0.5195708159117667,0.5195708159117667,0.0,,0.0,8.510789753930588,0.9356417791803285,0.9369175412718569,1.9561395881185393,1.957026615620753,0.9889741057788215,0.9891982058524917,9.088793175904275e-06,-0.5195708142621818,0.5195723647253596
63.6,1.2005773041590984,1.2201085570804486,0.026993722797077405,0.03263377280568014,0.51957069666254,0.51957069666254,0.0,,0.0,8.510785672179242,0.9356404101734452,0.9369163407429909,1.9561386340560112,1.9570257795653239,0.9889738646037233,0.9891979945455857,8.863770573699914e-06,-0.5195706950808923,0.5195722081354562
63.800000000000004,1.2005755534447469,1.220108258447223,0.026993753411543177,0.03263377249588073,0.5195705803525501,0.5195705803525501,0.0,,0.0,8.510781690854579,0.9356390750592835,0.9369151699350224,1.956137703612464,1.957024964207005,0.988973629399152,0.9891977884696792,8.644316744993441e-06,-0.5195705788358432,0.5195720553600847
64.0,1.20057384607572,1.220107967021145,0.02699378327231963,0.0326337721987819,0.5195704669096978,0.5195704669096978,0.0,,0.0,8.510777807501885,0.9356377729801302,0.9369140281125321,1.956136796190224,1.957024169033697,0.9889734000140273,0.989197587495346,8.430293991959492e-06,-0.5195704654550725,0.5195719063078715
64.2,1.2005721809792909,1.2201076826329085,0.026993812397851393,0.03263377191382509,0.5195703562636342,0.5195703562636342,0.0,,0.0,8.510774019725645,0.9356365012119086,0.9369129145582801,1.9561359098909354,1.9570233935459596,0.9889731759684722,0.989197391496359,8.221568016247849e-06,-0.5195703548683637,0.5195717608895559
64.4,1.2005705571092562,1.220107405116954,0.02699384080613713,0.032633771640477476,0.5195702483457214,0.5195702483457214,0.0,,0.0,8.510770325188185,0.9356352609301737,0.9369118285727592,1.956135045533905,1.9570226372566966,0.9889729574696012,0.9891972003496113,8.018007834620366e-06,-0.5195702470072033,0.5195716190179442
64.60000000000001,1.200568973445289,1.2201071343113956,0.02699386851474001,0.03263377137823067,0.5195701430889901,0.5195701430889901,0.0,,0.0,8.510766721608272,0.9356340513398016,0.9369107694737536,1.9561342025650659,1.9570218996908517,0.9889727443773565,0.9891970139350387,7.819485698029593e-06,-0.5195701418047425,0.5195714806078657
64.8,1.200567428992293,1.220106870057955,0.026993895540797983,0.032633771126599605,0.5195700404281013,0.5195700404281013,0.0,,0.0,8.510763206759815,0.9356328709907968,0.9369097365959156,1.956133379973963,1.9570211803851145,0.9889725364363108,0.9891968321355451,7.625877012057414e-06,-0.5195700391957548,0.5195713455761297
65.0,1.200565922779781,1.2201066122018882,0.02699392190103389,0.03263377088512142,0.5195699402993059,0.5195699402993059,0.0,,0.0,8.51075977847056,0.9356317198658759,0.9369087292903472,1.9561325777486038,1.957020478887626,0.9889723336434357,0.9891966548369292,7.437060258394523e-06,-0.5195699391165999,0.5195712138414823
65.2,1.2005644538612692,1.220106360591918,0.026993947611765223,0.03263377065335439,0.519569842640407,0.519569842640407,0.0,,0.0,8.510756434620808,0.9356305972417774,0.936907746924195,1.9561317953849924,1.9570197947576995,0.9889721358713304,0.9891964819278126,7.252916919761598e-06,-0.5195698415051844,0.5195710853245641
65.4,1.2005630213136842,1.220106115080166,0.02699397268891376,0.032633770430876986,0.5195697473907227,0.5195697473907227,0.0,,0.0,8.510753173142199,0.9356295024131271,0.9369067888802542,1.9561310323915961,1.9570191275655442,0.9889719429957442,0.9891963132995717,7.073331406634575e-06,-0.5195697463009252,0.5195709599478701
65.60000000000001,1.200561624236782,1.2201058755220855,0.02699399714801501,0.0326337702172869,0.5195696544910513,0.5195696544910513,0.0,,0.0,8.510749992016471,0.9356284346919961,0.9369058545565824,1.9561302882890377,1.9570184768919952,0.9889717548954993,0.9891961488462664,6.898190983609109e-06,-0.5195696534447137,0.5195708376357078
65.8,1.200560261752587,1.2201056417763936,0.02699402100422729,0.03263377001220014,0.5195695638836334,0.5195695638836334,0.0,,0.0,8.510746889274289,0.9356273934074636,0.9369049433661217,1.9561295626097903,1.9570178423282514,0.9889715714524129,0.9891959884645785,6.727385700455724e-06,-0.5195695628788805,0.5195707183141586
66.0,1.2005589330048412,1.2201054137050076,0.026994044272340787,0.03263376981525022,0.5195694755121191,0.5195694755121191,0.0,,0.0,8.510743862994085,0.9356263779052073,0.9369040547363329,1.956128854897892,1.9570172234756222,0.988971392551226,0.9891958320537426,6.560808322633727e-06,-0.5195694745471603,0.5195706019110387
66.2,1.2005576371584656,1.2201051911729792,0.02699406696678627,0.03263376962608725,0.5195693893215336,0.5195693893215336,0.0,,0.0,8.510740911300905,0.9356253875470854,0.9369031881088352,1.9561281647086546,1.9570166199452743,0.9889712180795293,0.9891956795154859,6.398354265108042e-06,-0.5195693883946596,0.5195704883558596
66.4,1.2005563733990412,1.2201049740484304,0.026994089101643647,0.03263376944437718,0.5195693052582431,0.5195693052582431,0.0,,0.0,8.510738032365325,0.9356244217107402,0.9369023429390586,1.9561274916083893,1.9570160313579896,0.9889710479276933,0.9891955307539656,6.239921526304815e-06,-0.5195693043678224,0.5195703775797922
66.60000000000001,1.200555140932295,1.2201047622024914,0.026994110690650386,0.03263376926980113,0.5195692232699246,0.5195692232699246,0.0,,0.0,8.510735224402367,0.9356234797892079,0.9369015186959007,1.9561268351741314,1.95701545734393,0.9889708819887999,0.989195385675709,6.085410625175647e-06,-0.5195692224143995,0.5195702695156287
66.8,1.2005539389836033,1.2201045555092398,0.026994131747209636,0.032633769102054615,0.5195691433055322,0.5195691433055322,0.0,,0.0,8.510732485670419,0.9356225611905378,0.9369007148613961,1.9561261949933784,1.957014897542402,0.9889707201585753,0.9891952441895546,5.934724538567138e-06,-0.5195691424834156,0.5195701640977471
67.0,1.2005527667975058,1.2201043538456362,0.02699415228439828,0.0326337689408469,0.5195690653152685,0.5195690653152686,0.0,,0.0,8.51072981447022,0.9356216653374215,0.9368999309303901,1.9561255706638292,1.957014351601634,0.9889705623353248,0.9891951062065967,5.787768640769242e-06,-0.5195690645251398,0.5195700612620759
67.2,1.200551623637234,1.2201041570914668,0.026994172314974696,0.03263376878590037,0.5195689892505526,0.5195689892505526,0.0,,0.0,8.51072720914385,0.9356207916668337,0.9368991664102236,1.956124961793136,1.957013819178554,0.9889704084198689,0.9891949716401272,5.64445064435426e-06,-0.5195689884910555,0.5195699609460585
67.4,1.2005505087842463,1.2201039651292838,0.02699419185138638,0.03263376863694986,0.5195689150639919,0.5195689150639919,0.0,,0.0,8.510724668073717,0.9356199396296746,0.9368984208204241,1.9561243679986533,1.9570132999385763,0.9889702583154812,0.9891948404055829,5.5046805427644285e-06,-0.5195689143338309,0.5195698630886201
67.60000000000001,1.2005494215377805,1.2201037778443469,0.026994210905777406,0.03263376849374214,0.5195688427093531,0.5195688427093531,0.0,,0.0,8.51072218968164,0.9356191086904281,0.9368976936924042,1.9561237889072007,1.957012793555391,0.988970111927828,0.9891947124204926,5.368370554204027e-06,-0.5195688420072906,0.5195697676301337
67.8,1.2005483612144112,1.2201035951245653,0.02699422948999573,0.0326337683560353,0.5195687721415332,0.5195687721415332,0.0,,0.0,8.510719772427864,0.9356182983268293,0.9368969845691679,1.956123224154832,1.9570122997107584,0.9889699691649091,0.9891945876044246,5.2354350655453574e-06,-0.5195687714663877,0.5195696745123876
68.0,1.200547327147624,1.2201034168604425,0.026994247615600257,0.03263376822359829,0.519568703316534,0.519568703316534,0.0,,0.0,8.510717414810149,0.9356175080295315,0.9368962930050259,1.956122673386601,1.9570118180943123,0.988969829937,0.9891944658789373,5.105790580578473e-06,-0.5195687026671767,0.5195695836785534
68.2,1.2005463186873966,1.220103242945021,0.026994265293867826,0.032633768096210394,0.5195686361914351,0.5195686361914352,0.0,,0.0,8.510715115362895,0.9356167373017906,0.9368956185653134,1.9561221362563448,1.957011348403364,0.9889696941565959,0.9891943471675285,4.9793556669008865e-06,-0.5195686355667869,0.5195694950731545
68.4,1.2005453351997908,1.2201030732738263,0.02699428253579995,0.03263376797366072,0.5195685707243658,0.5195685707243658,0.0,,0.0,8.510712872656224,0.935615985659153,0.9368949608261199,1.9561216124264624,1.9570108903427121,0.9889695617383568,0.9891942313955897,4.85605090502772e-06,-0.5195685701233962,0.519569408642035
68.60000000000001,1.2005443760665548,1.2201029077448151,0.02699429935212948,0.03263376785574775,0.5195685068744816,0.5195685068744816,0.0,,0.0,8.51071068529515,0.935615252629151,0.936894319374023,1.9561211015677062,1.9570104436244582,0.9889694325990539,0.9891941184903571,4.7357988380569704e-06,-0.5195685062962059,0.5195693243323305
68.8,1.200543440684737,1.2201027462583223,0.026994315753327027,0.03263376774227894,0.5195684446019394,0.5195684446019394,0.0,,0.0,8.510708551918736,0.9356145377510068,0.9368936938058284,1.9561206033589742,1.9570100079678279,0.9889693066575174,0.9891940083808677,4.618523925345452e-06,-0.5195684440454166,0.5195692420924373
69.0,1.200542528466305,1.220102588717008,0.026994331749607345,0.03263376763307029,0.5195683838678717,0.5195683838678717,0.0,,0.0,8.51070647119928,0.9356138405753458,0.9368930837283179,1.9561201174871097,1.9570095830989904,0.9889691838345861,0.9891939009979133,4.504152492687541e-06,-0.5195683833322026,0.5195691618719847
69.2,1.2005416388377788,1.2201024350258092,0.02699434735093542,0.0326337675279459,0.5195683246343645,0.5195683246343645,0.0,,0.0,8.510704441841488,0.935613160663909,0.9368924887580026,1.9561196436467019,1.9570091687508921,0.9889690640530568,0.9891937962739992,4.392612688142172e-06,-0.5195683241186898,0.5195690836218058
69.4,1.2005407712398706,1.220102285091888,0.026994362567032613,0.03263376742673772,0.5195682668644338,0.5195682668644338,0.0,,0.0,8.510702462581733,0.935612497589287,0.936891908520882,1.9561191815399,1.9570087646630854,0.9889689472376372,0.9891936941432993,4.283834436000222e-06,-0.5195682663679316,0.5195690072939099
69.60000000000001,1.2005399251271334,1.2201021388245823,0.026994377407382426,0.03263376732928508,0.5195682105220024,0.5195682105220024,0.0,,0.0,8.510700532187249,0.9356118509346412,0.9368913426522109,1.956118730876219,1.9570083705815682,0.988968833314897,0.9891935945416169,4.177749393319274e-06,-0.5195682100438869,0.519568932841456
69.8,1.2005390999676198,1.2201019961353619,0.026994391881236292,0.032633767235434326,0.5195681555718781,0.5195681555718781,0.0,,0.0,8.510698649455437,0.9356112202934522,0.9368907907962682,1.9561182913723651,1.9570079862586218,0.9889687222132238,0.9891934974063435,4.0742909071384e-06,-0.5195681551113983,0.5195688602187261
70.0,1.2005382952425465,1.2201018569377753,0.02699440599761916,0.032633767145038586,0.5195681019797319,0.5195681019797319,0.0,,0.0,8.510696813213086,0.9356106052692601,0.9368902526061366,1.9561178627520541,1.9570076114526571,0.9889686138627768,0.9891934026764196,3.973393972594996e-06,-0.5195681015361705,0.5195687893810983
70.2,1.20053751044597,1.2201017211474094,0.026994419765335086,0.03263376705795745,0.5195680497120783,0.5195680497120783,0.0,,0.0,8.510695022315698,0.9356100054754155,0.9368897277434824,1.9561174447458376,1.957007245928064,0.9889685081954434,0.9891933102922972,3.874995192609809e-06,-0.5195680492847488,0.5195687202850222
70.4,1.200536745084469,1.2201015886818394,0.02699443319297243,0.032633766974056615,0.5195679987362539,0.5195679987362539,0.0,,0.0,8.510693275646785,0.9356094205348349,0.9368892158783451,1.9561170370909338,1.9570068894550616,0.988968405144796,0.9891932201959005,3.7790327379605415e-06,-0.5195679983244994,0.5195686528879939
70.60000000000001,1.2005359986768351,1.220101459460587,0.026994446288909194,0.032633766893207676,0.5195679490203969,0.519567949020397,0.0,,0.0,8.510691572117198,0.9356088500797726,0.9368887166889297,1.956116639531067,1.9570065418095557,0.9889683046460519,0.9891931323305925,3.6854463083269007e-06,-0.5195679486235896,0.5195685871485317
70.8,1.2005352707537682,1.2201013334050776,0.02699445906131802,0.03263376681528775,0.5195679005334287,0.5195679005334287,0.0,,0.0,8.510689910664425,0.9356082937515792,0.9368882298614044,1.9561162518163004,1.9570062027729962,0.9889682066360307,0.9891930466411362,3.594177094570772e-06,-0.5195679001509674,0.5195685230261519
71.0,1.2005345608575857,1.2201012104385942,0.026994471518171234,0.03263376674017933,0.519567853245033,0.519567853245033,0.0,,0.0,8.510688290252011,0.9356077512004842,0.9368877550897043,1.9561158737028848,1.9570058721322434,0.9889681110531158,0.9891929630736624,3.505167742834381e-06,-0.5195678528763439,0.5195684604813462
71.2,1.2005338685419331,1.2201010904862395,0.026994483667245738,0.032633766667770035,0.5195678071256397,0.5195678071256397,0.0,,0.0,8.510686709868885,0.9356072220853724,0.9368872920753398,1.9561155049531016,1.9570055496794303,0.9889680178372152,0.9891928815756343,3.418362317070267e-06,-0.5195678067701728,0.5195683994755576
71.4,1.2005331933715035,1.2201009734748922,0.026994495516127672,0.03263376659795229,0.5195677621464051,0.5195677621464051,0.0,,0.0,8.510685168528745,0.9356067060735721,0.9368868405272076,1.9561151453351164,1.9570052352118361,0.9889679269297248,0.9891928020958163,3.333706265318259e-06,-0.5195677618036343,0.5195683399711595
71.60000000000001,1.2005325349217657,1.2201008593331666,0.026994507072217084,0.032633766530623186,0.5195677182791941,0.5195677182791941,0.0,,0.0,8.510683665269482,0.935606202840645,0.9368864001614094,1.9561147946228328,1.9570049285317546,0.98896783827349,0.9891927245842397,3.251146384719572e-06,-0.5195677179486162,0.5195682819314336
71.8,1.2005318927786965,1.2201007479913766,0.026994518342732456,0.03263376646568423,0.5195676754965638,0.5195676754965638,0.0,,0.0,8.51068219915256,0.9356057120701842,0.936885970701074,1.95611445259575,1.9570046294463745,0.9889677518127715,0.989192648992173,3.170630788668083e-06,-0.5195676751776973,0.5195682253205476
72.0,1.2005312665385204,1.2201006393814928,0.02699452933471512,0.032633766403041164,0.5195676337717463,0.5195676337717463,0.0,,0.0,8.510680769262484,0.9356052334536115,0.9368855518761826,1.9561141190388227,1.957004337767656,0.9889676674932089,0.9891925752720909,3.0921088740448743e-06,-0.5195676334641297,0.5195681701035358
72.2,1.200530655807458,1.2201005334371067,0.026994540055033565,0.03263376634260378,0.5195675930786312,0.5195675930786312,0.0,,0.0,8.510679374706191,0.9356047666899907,0.936885143423399,1.9561137937423323,1.9570040533122128,0.9889675852617877,0.9891925033776435,3.0155312894797337e-06,-0.5195675927818233,0.5195681162462771
72.4,1.2005300602014761,1.2201004300933946,0.026994550510387596,0.03263376628428568,0.5195675533917509,0.519567553391751,0.0,,0.0,8.510678014612541,0.9356043114858295,0.9368847450859056,1.9561134765017458,1.9570037759011985,0.9889675050668051,0.9891924332636288,2.940849904667364e-06,-0.5195675531053296,0.5195680637154764
72.60000000000001,1.2005294793460504,1.2201003292870798,0.026994560707312522,0.03263376622800417,0.519567514686265,0.519567514686265,0.0,,0.0,8.5106766881318,0.9356038675549049,0.9368843566132412,1.9561131671175969,1.9570035053601909,0.9889674268578386,0.9891923648859638,2.8680177797113515e-06,-0.5195675144098254,0.5195680124786448
72.8,1.2005289128759251,1.220100230956397,0.026994570652183112,0.032633766173680086,0.5195674769379433,0.5195674769379433,0.0,,0.0,8.510675394435056,0.9356034346180766,0.9368839777611448,1.9561128653953548,1.9570032415190879,0.9889673505857131,0.9891922982016562,2.796989136549799e-06,-0.5195674766710981,0.5195679625040803
73.0,1.2005283604348884,1.220100135041059,0.026994580351217524,0.03263376612123763,0.5195674401231527,0.5195674401231528,0.0,,0.0,8.510674132713769,0.9356030124031137,0.9368836082914005,1.956112571145303,1.957002984211996,0.988967276202471,0.9891922331687774,2.7277193291735946e-06,-0.519567439865531,0.5195679137608485
73.2,1.200527821675546,1.2201000414822214,0.026994589810481084,0.03263376607060415,0.5195674042188415,0.5195674042188415,0.0,,0.0,8.510672902179252,0.9356026006445248,0.9368832479716894,1.9561122841824223,1.9570027332771278,0.9889672036613419,0.9891921697464371,2.6601648165508474e-06,-0.5195674039700879,0.5195678662187663
73.4,1.2005272962591031,1.22009995022245,0.026994599035890045,0.03263376602171008,0.5195673692025256,0.5195673692025256,0.0,,0.0,8.51067170206221,0.9356021990833918,0.9368828965754435,1.9561120043262734,1.9570024885567012,0.9889671329167131,0.9891921078947571,2.5942831350100892e-06,-0.5195673689622999,0.519567819848382
73.60000000000001,1.200526783855153,1.2200998612056873,0.02699460803321526,0.03263376597448882,0.519567335052274,0.519567335052274,0.0,,0.0,8.510670531612213,0.9356018074672035,0.9368825538817033,1.956111731400882,1.9570022498968398,0.9889670639241005,0.9891920475748462,2.530032871053689e-06,-0.5195673348202504,0.5195677746209588
73.8,1.200526284141468,1.2200997743772215,0.026994616808085653,0.03263376592887651,0.5195673017466973,0.5195673017466973,0.0,,0.0,8.510669390097299,0.9356014255497018,0.9368822196749783,1.9561114652346323,1.9570020171474765,0.9889669966401217,0.9891919887487763,2.4673736366970234e-06,-0.5195673015225629,0.5195677305084586
74.0,1.200525796803798,1.2200996896836547,0.02699462536599173,0.03263376588481199,0.5195672692649314,0.5195672692649314,0.0,,0.0,8.510668276803507,0.9356010530907228,0.9368818937451131,1.956111205660154,1.9570017901622565,0.9889669310224677,0.9891919313795571,2.406266042767613e-06,-0.5195672690483868,0.519567687483524
74.2,1.2005253215356737,1.2200996070728731,0.02699463371228894,0.03263376584223663,0.5195672375866262,0.5195672375866262,0.0,,0.0,8.51066719103439,0.9356006898560498,0.9368815758871548,1.9561109525142213,1.9570015687984506,0.9889668670298772,0.989191875431115,2.3466716748549166e-06,-0.5195672373773851,0.5195676455194629
74.4,1.2005248580382113,1.220099526494016,0.026994641852201007,0.03263376580109424,0.5195672066919341,0.5195672066919341,0.0,,0.0,8.510666132110652,0.9356003356172637,0.936881265901223,1.9561107056376497,1.9570013529168615,0.9889668046221104,0.9891918208682692,2.288553069149102e-06,-0.5195672064897211,0.519567604590232
74.60000000000001,1.2005244060199285,1.2200994478974472,0.026994649790823118,0.032633765761330986,0.5195671765614959,0.5195671765614959,0.0,,0.0,8.510665099369719,0.9355999901516006,0.9368809635923872,1.9561104648751948,1.9570011423817382,0.9889667437599232,0.9891917676567089,2.2318736893761626e-06,-0.5195671763660472,0.5195675646704225
74.8,1.2005239651965582,1.2200993712347268,0.026994657533125053,0.03263376572289523,0.5195671471764292,0.5195671471764292,0.0,,0.0,8.51066409216527,0.935599653241811,0.9368806687705413,1.9561102300754554,1.9570009370606904,0.9889666844050435,0.989191715762974,2.1765979026783233e-06,-0.5195671469874921,0.5195675257352435
75.0,1.2005235352908723,1.2200992964585824,0.026994665083954282,0.03263376568573744,0.519567118518317,0.519567118518317,0.0,,0.0,8.510663109866913,0.9355993246760234,0.9368803812502858,1.9561100010907773,1.9570007368246036,0.9889666265201461,0.9891916651544317,2.122690958381024e-06,-0.5195671183356493,0.5195674877605077
75.2,1.2005231160325056,1.2200992235228818,0.026994672448038957,0.03263376564981015,0.5195670905691966,0.5195670905691966,0.0,,0.0,8.510662151859774,0.9355990042476129,0.9368801008508117,1.9561097777771634,1.9570005415475622,0.9889665700688304,0.9891916157992575,2.0701189657468255e-06,-0.519567090392566,0.5195674507226177
75.4,1.2005227071577873,1.2200991523826066,0.02699467962999082,0.03263376561506787,0.5195670633115486,0.5195670633115486,0.0,,0.0,8.510661217544103,0.9355986917550696,0.9368798273957857,1.9561095599941816,1.9570003511067653,0.9889665150155965,0.9891915676664146,2.0188488731032184e-06,-0.5195670631407318,0.5195674145985515
75.60000000000001,1.2005223084095742,1.2200990829938263,0.026994686634308037,0.032633765581466884,0.519567036728284,0.519567036728284,0.0,,0.0,8.510660306334895,0.9355983870018719,0.9368795607132397,1.956109347604874,1.957000165382454,0.9889664613258238,0.9891915207256349,1.96884844645695e-06,-0.5195670365630675,0.5195673793658473
75.8,1.200521919537091,1.220099015313672,0.02699469346537801,0.03263376554896531,0.5195670108027369,0.519567010802737,0.0,,0.0,8.51065941766156,0.9355980897963658,0.9368793006354642,1.956109140475677,1.9569999842578332,0.9889664089657484,0.9891914749473985,1.920086249537767e-06,-0.5195670106429152,0.5195673450025924
76.0,1.2005215402957707,1.2200989493003116,0.02699470012748007,0.03263376551752297,0.5195669855186514,0.5195669855186514,0.0,,0.0,8.51065855096758,0.9355977999516388,0.9368790469989003,1.9561089384763304,1.9569998076189996,0.9889663579024424,0.9891914303029183,1.8725316242584888e-06,-0.5195669853640277,0.5195673114874084
76.2,1.2005211704471015,1.2200988849129248,0.026994706624788114,0.03263376548710128,0.5195669608601722,0.5195669608601722,0.0,,0.0,8.510657705710086,0.9355975172854089,0.9368787996440404,1.9561087414798002,1.95699963535487,0.9889663081037932,0.9891913867641179,1.8261546711473287e-06,-0.5195669607105581,0.5195672787994383
76.4,1.200520809758477,1.2200988221116813,0.026994712961373228,0.03263376545766321,0.5195669368118363,0.5195669368118364,0.0,,0.0,8.510656881359633,0.9355972416199066,0.9368785584153241,1.9561085493621986,1.9569994673571112,0.9889662595384834,0.9891913443036167,1.7809262309320673e-06,-0.5195669366670501,0.5195672469183356
76.60000000000001,1.2005204580030508,1.2200987608577152,0.026994719141206183,0.03263376542917327,0.5195669133585612,0.5195669133585612,0.0,,0.0,8.51065607739979,0.9355969727817655,0.9368783231610444,1.9561083620027044,1.956999303520072,0.9889662121759708,0.989191302894713,1.736817866151985e-06,-0.5195669132184291,0.5195672158242499
76.80000000000001,1.2005201149595939,1.2200987011131024,0.02699472516815986,0.032633765401597306,0.5195668904856373,0.5195668904856373,0.0,,0.0,8.510655293326849,0.9355967106019076,0.9368780937332486,1.9561081792834871,1.9569991437407168,0.9889661659864692,0.9891912625113647,1.693801843311027e-06,-0.5195668903499917,0.5195671854978163
77.0,1.2005197804123535,1.2200986428408382,0.02699473104601171,0.03263376537490258,0.5195668681787163,0.5195668681787163,0.0,,0.0,8.51065452864953,0.9355964549154443,0.9368778699876484,1.956108001089634,1.956998987918562,0.9889661209409303,0.9891912231281753,1.6518511149199444e-06,-0.5195668680473975,0.519567155920143
77.2,1.2005194541509199,1.2200985860048177,0.026994736778446087,0.03263376534905768,0.5195668464238063,0.5195668464238063,0.0,,0.0,8.51065378288863,0.9355962055615684,0.9368776517835279,1.9561078273090773,1.956998835955611,0.9889660770110243,0.9891911847203765,1.6109393032592845e-06,-0.5195668462966594,0.5195671270728007
77.4,1.2005191359700935,1.2200985305698109,0.02699474236905645,0.032633765324032366,0.5195668252072583,0.5195668252072584,0.0,,0.0,8.510653055576784,0.9355959623834551,0.9368774389836543,1.9561076578325243,1.9569986877562935,0.9889660341691238,0.9891911472638139,1.5710406834346102e-06,-0.519566825084136,0.5195670989378106
77.60000000000001,1.2005188256697559,1.2200984765014453,0.026994747821347732,0.03263376529979763,0.5195668045157621,0.5195668045157621,0.0,,0.0,8.510652346258134,0.9355957252281629,0.9368772314541938,1.956107492553389,1.9569985432274049,0.9889659923882845,0.989191110734931,1.5321301677223564e-06,-0.519566804396522,0.5195670714976337
77.80000000000001,1.2005185230547426,1.2200984237661818,0.026994753138738406,0.032633765276325645,0.5195667843363349,0.5195667843363349,0.0,,0.0,8.51065165448805,0.9355954939465364,0.9368770290646253,1.9561073313677233,1.9569984022780498,0.9889659516422301,0.9891910751107539,1.494183288722195e-06,-0.5195667842208406,0.5195670447351605
78.0,1.2005182279347228,1.220098372331299,0.026994758324562627,0.0326337652535896,0.519566764656315,0.519566764656315,0.0,,0.0,8.510650979832889,0.9355952683931128,0.9368768316876611,1.956107174174153,1.956998264819582,0.988965911905334,0.9891910403688787,1.4571761854098586e-06,-0.5195667645444348,0.5195670186337005
78.2,1.2005179401240795,1.2200983221648705,0.026994763382072327,0.03263376523156377,0.5195667454633528,0.5195667454633529,0.0,,0.0,8.510650321869669,0.9355950484260332,0.9368766391991636,1.956107020873815,1.956998130765552,0.988965873152605,0.9891910064874548,1.4210855871915617e-06,-0.5195667453549608,0.5195669931769716
78.4,1.20051765944179,1.2200982732357462,0.026994768314439234,0.03263376521022342,0.5195667267454033,0.5195667267454033,0.0,,0.0,8.51064968018586,0.9355948339069491,0.9368764514780695,1.9561068713702925,1.956998000031648,0.9889658353596699,0.9891909734451736,1.3858887990408908e-06,-0.5195667266403787,0.5195669683490909
78.60000000000001,1.2005173857113147,1.2200982255135362,0.02699477312475683,0.032633765189544806,0.51956670849072,0.5195667084907201,0.0,,0.0,8.510649054379115,0.9355946247009391,0.9368762684063129,1.9561067255695577,1.9569978725356483,0.9889657985027596,0.9891909412212537,1.3515636885647053e-06,-0.519566708388946,0.519566944134565
78.80000000000001,1.2005171187604868,1.2200981789685896,0.026994777816042252,0.03263376516950505,0.5195666906878459,0.5195666906878459,0.0,,0.0,8.510648444056976,0.9355944206764224,0.936876089868752,1.9561065833799098,1.9569977481973653,0.9889657625586933,0.989190909795429,1.3180886705432826e-06,-0.5195666905892103,0.5195669205182796
79.0,1.2005168584214017,1.2200981335719785,0.02699478239123823,0.0326337651500822,0.5195666733256061,0.5195666733256061,0.0,,0.0,8.510647848836685,0.9355942217050766,0.9368759157530959,1.9561064447119199,1.9569976269385985,0.9889657275048642,0.9891908791479339,1.2854426944958197e-06,-0.5195666732300018,0.5195668974854911
79.2,1.2005166045303122,1.2200980892954802,0.026994786853214842,0.03263376513125511,0.5195666563931032,0.5195666563931032,0.0,,0.0,8.510647268344943,0.9355940276617547,0.9368757459498335,1.956106309478371,1.9569975086830822,0.9889656933192251,0.9891908492594933,1.253605231302246e-06,-0.5195666563004261,0.5195668750218179
79.4,1.2005163569275275,1.2200980461115603,0.026994791204771353,0.03263376511300348,0.5195666398797076,0.5195666398797077,0.0,,0.0,8.510646702217638,0.9355938384244127,0.9368755803521663,1.9561061775942097,1.9569973933564402,0.9889656599802752,0.9891908201113092,1.222556259630747e-06,-0.5195666397898583,0.5195668531132307
79.60000000000001,1.200516115457309,1.2200980039933569,0.02699479544863796,0.03263376509530773,0.5195666237750535,0.5195666237750535,0.0,,0.0,8.510646150099655,0.9355936538740249,0.9368754188559397,1.956106048976485,1.9569972808861384,0.9889656274670455,0.9891907916850484,1.1922762540167442e-06,-0.5195666236879357,0.519566831746045
79.80000000000001,1.2005158799677766,1.2200979629146629,0.026994799587477435,0.0326337650781491,0.5195666080690299,0.5195666080690299,0.0,,0.0,8.510645611644613,0.9355934738945153,0.9368752613595783,1.9561059235443017,1.9569971712014373,0.9889655957590868,0.9891907639628326,1.162746171984308e-06,-0.5195666079845515,0.5195668109069113
80.0,1.200515650310811,1.2200979228499107,0.026994803623886832,0.032633765061509445,0.5195665927517761,0.5195665927517761,0.0,,0.0,8.510645086514733,0.935593298372681,0.9368751077640224,1.9561058012187675,1.9569970642333505,0.9889655648364558,0.9891907369272251,1.1339474433325059e-06,-0.5195665926698485,0.5195667905828087
80.2,1.2005154263419595,1.2200978837741585,0.026994807560399087,0.032633765045371375,0.519566577813675,0.519566577813675,0.0,,0.0,8.510644574380532,0.9355931271981223,0.9368749579726647,1.956105681922943,1.9569969599145975,0.9889655346797033,0.989190710561222,1.1058619569792594e-06,-0.519566577734213,0.5195667707610354
80.4,1.2005152079203478,1.2200978456630736,0.02699481139948461,0.03263376502971811,0.5195665632453474,0.5195665632453474,0.0,,0.0,8.510644074920663,0.9355929602631736,0.9368748118912904,1.9561055655817947,1.9569968581795663,0.9889655052698614,0.9891906848482402,1.0784720503864698e-06,-0.5195665631682687,0.5195667514292014
80.60000000000001,1.20051499490859,1.2200978084929168,0.02699481514355283,0.032633765014533536,0.5195665490376459,0.5195665490376459,0.0,,0.0,8.510643587821725,0.9355927974628373,0.9368746694280181,1.956105452122148,1.9569967589642696,0.9889654765884326,0.989190659772107,1.05176049844391e-06,-0.5195665489628708,0.5195667325752218
80.80000000000001,1.2005147871727027,1.2200977722405315,0.026994818794953628,0.032633764999802105,0.5195665351816482,0.5195665351816482,0.0,,0.0,8.510643112778052,0.935592638694712,0.9368745304932403,1.9561053414726377,1.9569966622063029,0.9889654486173765,0.9891906353170501,1.0257105022420943e-06,-0.5195665351091009,0.5195667141873079
81.0,1.200514584582019,1.220097736883325,0.026994822355978904,0.03263376498550885,0.5195665216686528,0.5195665216686529,0.0,,0.0,8.510642649491517,0.9355924838589359,0.9368743949995704,1.956105233563669,1.956996567844808,0.9889654213391003,0.9891906114676879,1.0003056789831266e-06,-0.5195665215982601,0.5195666962539608
81.2,1.2005143870091104,1.2200977023992596,0.026994825828863932,0.032633764971639355,0.5195665084901748,0.5195665084901748,0.0,,0.0,8.510642197671359,0.9355923328581184,0.9368742628617847,1.9561051283273683,1.9569964758204332,0.9889653947364463,0.9891905882090198,9.755300515029708e-07,-0.5195665084218655,0.5195666787639647
81.4,1.2005141943297013,1.220097668766835,0.026994829215788777,0.032633764958179746,0.5195664956379363,0.5195664956379363,0.0,,0.0,8.51064175703399,0.9355921855972804,0.9368741339967696,1.9561050256975432,1.9569963860752972,0.9889653687926818,0.9891905655264166,9.513680382516876e-07,-0.5195664955716427,0.5195666617063787
81.60000000000001,1.2005140064225959,1.22009763596508,0.026994832518879675,0.03263376494511666,0.5195664831038664,0.5195664831038664,0.0,,0.0,8.510641327302853,0.9355920419837946,0.9368740083234702,1.9561049256096403,1.9569962985529523,0.9889653434914886,0.9891905434056112,9.278044431626498e-07,-0.5195664830395226,0.5195666450705317
81.80000000000001,1.200513823169598,1.2200976039735327,0.026994835740210332,0.032633764932437206,0.5195664708800922,0.5195664708800922,0.0,,0.0,8.510640908208181,0.9355919019273292,0.9368738857628391,1.9561048280007056,1.9569962131983465,0.9889653188169524,0.9891905218326901,9.048244468679023e-07,-0.5195664708176349,0.5195666288460147
82.0,1.2005136444554398,1.2200975727722372,0.026994838881803193,0.032633764920128955,0.5195664589589359,0.519566458958936,0.0,,0.0,8.510640499486884,0.9355917653397874,0.9368737662377857,1.9561047328093437,1.956996129957794,0.988965294753553,0.9891905007940842,8.824135967755442e-07,-0.5195664588983043,0.5195666130226744
82.2,1.2005134701677078,1.2200975423417222,0.026994841945630798,0.03263376490817995,0.5195664473329095,0.5195664473329095,0.0,,0.0,8.51064010088239,0.9355916321352569,0.9368736496731291,1.9561046399756798,1.956996048778937,0.9889652712861551,0.9891904802765602,8.605577976467105e-07,-0.5195664472740448,0.5195665975906079
82.4,1.2005133001967725,1.2200975126629972,0.0269948449336169,0.032633764896578654,0.51956643599471,0.5195664359947101,0.0,,0.0,8.510639712144439,0.9355915022299502,0.93687353599555,1.9561045494413216,1.9569959696107142,0.9889652483999974,0.9891904602672131,8.392433042542224e-07,-0.5195664359375558,0.5195665825401552
82.60000000000001,1.200513134435718,1.220097483717535,0.026994847847637744,0.03263376488531394,0.5195664249372149,0.5195664249372149,0.0,,0.0,8.510639333028974,0.9355913755421537,0.9368734251335445,1.9561044611493208,1.9569958924033286,0.9889652260806844,0.9891904407534569,8.184567107383245e-07,-0.5195664248817167,0.5195665678618949
82.80000000000001,1.2005129727802784,1.2200974554872632,0.026994850689523217,0.032633764874375096,0.5195664141534786,0.5195664141534786,0.0,,0.0,8.510638963297952,0.935591251992182,0.9368733170173799,1.9561043750441438,1.9569958171082167,0.9889652043141773,0.989190421723017,7.981849437371791e-07,-0.5195664140995832,0.5195665535466369
83.0,1.2005128151287685,1.2200974279545536,0.02699485346105797,0.03263376486375175,0.5195664036367255,0.5195664036367256,0.0,,0.0,8.510638602719215,0.9355911315023182,0.9368732115790501,1.9561042910716282,1.9569957436780183,0.9889651830867848,0.9891904031639236,7.784152533940603e-07,-0.5195664035843826,0.5195665395854173
83.2,1.2005126613820212,1.220097401102209,0.02699485616398256,0.032633764853433944,0.5195663933803493,0.5195663933803493,0.0,,0.0,8.510638251066354,0.9355910139967744,0.9368731087522331,1.9561042091789553,1.9569956720665451,0.9889651623851549,0.9891903850645033,7.591352058494705e-07,-0.5195663933295096,0.5195665259694934
83.4,1.2005125114433264,1.220097374913455,0.026994858799994536,0.032633764843412065,0.5195663833779062,0.5195663833779062,0.0,,0.0,8.510637908118529,0.9355908994016365,0.9368730084722494,1.956104129314614,1.9569956022287527,0.988965142196266,0.9891903674133713,7.40332674512012e-07,-0.5195663833285222,0.5195665126903368
83.60000000000001,1.200512365218369,1.2200973493719292,0.026994861370749478,0.0326337648336768,0.5195663736231112,0.5195663736231112,0.0,,0.0,8.510637573660384,0.9355907876448227,0.9368729106760215,1.9561040514283683,1.9569955341207128,0.988965122507419,0.9891903501994244,7.219958337301158e-07,-0.5195663735751378,0.5195664997396303
83.80000000000001,1.2005122226151674,1.2200973244616706,0.026994863877862048,0.03263376482421918,0.5195663641098358,0.5195663641098358,0.0,,0.0,8.510637247481876,0.9355906786560335,0.9368728153020343,1.956103975471225,1.9569954676995842,0.988965103306229,0.989190333411835,7.041131501739351e-07,-0.5195663640632289,0.519566487109261
84.0,1.2005120835440215,1.2200973001671096,0.026994866322906996,0.03263376481503058,0.5195663548321026,0.5195663548321027,0.0,,0.0,8.510636929378139,0.9355905723667135,0.9368727222902947,1.9561039013954071,1.9569954029235874,0.9889650845806185,0.9891903170400443,6.866733764238075e-07,-0.5195663547868196,0.5195664747913156
84.2,1.2005119479174509,1.22009727647306,0.026994868707420162,0.03263376480610265,0.519566345784082,0.519566345784082,0.0,,0.0,8.51063661914939,0.9355904687100047,0.936872631582297,1.95610382915432,1.9569953397519768,0.9889650663188089,0.989190301073753,6.69665543670539e-07,-0.5195663457400819,0.519566462778076
84.4,1.2005118156501402,1.2200972533647072,0.02699487103289941,0.03263376479742733,0.5195663369600888,0.5195663369600888,0.0,,0.0,8.51063631660077,0.9355903676207036,0.9368725431209838,1.9561037587025212,1.9569952781450166,0.9889650485093128,0.9891902855029185,6.530789539993531e-07,-0.5195663369173316,0.5195664510620147
84.60000000000001,1.2005116866588905,1.2200972308276026,0.026994873300805543,0.03263376478899681,0.5195663283545776,0.5195663283545776,0.0,,0.0,8.510636021542252,0.9355902690352214,0.9368724568507102,1.9561036899956952,1.9569952180639552,0.9889650311409276,0.989190270317747,6.369031754910326e-07,-0.5195663283130253,0.519566439635789
84.80000000000001,1.2005115608625596,1.2200972088476514,0.026994875512563292,0.03263376478080359,0.5195663199621408,0.5195663199621408,0.0,,0.0,8.510635733788488,0.9355901728915458,0.9368723727172104,1.956103622990624,1.9569951594709998,0.9889650142027284,0.9891902555086858,6.211280334650349e-07,-0.5195663199217568,0.5195664284922376
85.0,1.2005114381820179,1.2200971874111048,0.02699487766956215,0.032633764772840405,0.5195663117775047,0.5195663117775048,0.0,,0.0,8.51063545315872,0.9355900791291984,0.9368722906675613,1.9561035576451589,1.956995102329293,0.9889649976840607,0.9891902410664204,6.057436059275778e-07,-0.5195663117382533,0.5195664176243756
85.2,1.200511318540094,1.2200971665045532,0.02699487977315725,0.03263376476510026,0.5195663037955259,0.5195663037955259,0.0,,0.0,8.510635179476674,0.935589987689201,0.9368722106501519,1.956103493918197,1.9569950466028927,0.9889649815745335,0.9891902269818658,5.907402164107012e-07,-0.5195663037573724,0.5195664070253903
85.4,1.2005112018615276,1.2200971461149168,0.026994881824670216,0.03263376475757635,0.5195662960111881,0.5195662960111881,0.0,,0.0,8.510634912570401,0.9355898985140313,0.9368721326146479,1.9561034317696495,1.956994992256745,0.9889649658640133,0.9891902132461624,5.761084279631845e-07,-0.5195662959740993,0.5195663966886368
85.60000000000001,1.2005110880729233,1.2200971262294358,0.026994883825389997,0.032633764750262154,0.5195662884195993,0.5195662884195993,0.0,,0.0,8.510634652272246,0.9355898115475985,0.936872056511963,1.9561033711604259,1.9569949392566641,0.9889649505426182,0.9891901998506704,5.618390375855542e-07,-0.5195662883835428,0.5195663866076349
85.80000000000001,1.200510977102703,1.220097106835666,0.026994885776573673,0.032633764743151335,0.5195662810159875,0.5195662810159875,0.0,,0.0,8.510634398418643,0.9355897267351941,0.9368719822942252,1.9561033120523983,1.9569948875693115,0.9889649356007101,0.9891901867869632,5.47923069527112e-07,-0.5195662809809329,0.5195663767760629
86.0,1.2005108688810602,1.220097087921469,0.02699488767944723,0.03263376473623778,0.5195662737957008,0.5195662737957008,0.0,,0.0,8.510634150850121,0.9355896440234697,0.9368719099147496,1.9561032544083872,1.9569948371621748,0.9889649210288901,0.9891901740468236,5.343517710809653e-07,-0.5195662737616173,0.5195663671877556
86.2,1.2005107633399197,1.2200970694750042,0.026994889535206325,0.032633764729515576,0.5195662667542004,0.5195662667542004,0.0,,0.0,8.510633909411137,0.9355895633603961,0.9368718393280056,1.9561031981921322,1.9569947880035452,0.9889649068179923,0.9891901616222375,5.21116605992078e-07,-0.5195662667210593,0.5195663578367005
86.4,1.2005106604128901,1.2200970514847234,0.02699489134501707,0.032633764722979,0.5195662598870608,0.5195662598870608,0.0,,0.0,8.51063367394999,0.9355894846952311,0.936871770489592,1.9561031433682703,1.9569947400625005,0.988964892959077,0.9891901495053897,5.082092491698331e-07,-0.5195662598548338,0.5195663487170323
86.60000000000001,1.2005105600352253,1.220097033939362,0.026994893110016727,0.03263376471662254,0.5195662531899659,0.5195662531899659,0.0,,0.0,8.510633444318728,0.9355894079784918,0.9368717033562065,1.9561030899023155,1.9569946933088838,0.9889648794434266,0.9891901376886578,4.956215819001963e-07,-0.5195662531586257,0.5195663398230316
86.80000000000001,1.2005104621437825,1.220097016827934,0.026994894831314415,0.032633764710440855,0.5195662466587059,0.5195662466587059,0.0,,0.0,8.510633220373057,0.9355893331619197,0.9368716378856191,1.9561030377606354,1.956994647713285,0.9889648662625392,0.9891901261646087,4.833456867525676e-07,-0.5195662466282264,0.5195663311491188
87.0,1.200510366676983,1.2200970001397218,0.026994896509991827,0.03263376470442875,0.5195662402891754,0.5195662402891754,0.0,,0.0,8.510633001972257,0.9355892601984521,0.9368715740366459,1.956102986910431,1.9569946032470231,0.9889648534081237,0.9891901149259935,4.713738417372326e-07,-0.5195662402595312,0.5195663226898531
87.2,1.200510273574773,1.2200969838642728,0.026994898147103912,0.03263376469858122,0.5195662340773709,0.5195662340773709,0.0,,0.0,8.5106327889791,0.9355891890421913,0.936871511769123,1.956102937319715,1.9569945598821266,0.9889648408720938,0.9891901039657426,4.596985168359158e-07,-0.5195662340485376,0.5195663144399274
87.4,1.2005101827785858,1.2200969679913922,0.026994899743679517,0.03263376469289346,0.5195662280193876,0.5195662280193877,0.0,,0.0,8.51063258125973,0.9355891196483745,0.9368714510438809,1.9561028889572911,1.956994517591317,0.9889648286465637,0.9891900932769613,4.483123680343315e-07,-0.5195662279913416,0.5195663063941659
87.60000000000001,1.200510094231305,1.2200969525111365,0.026994901300722046,0.03263376468736078,0.5195662221114178,0.5195662221114178,0.0,,0.0,8.510632378683614,0.935589051973352,0.9368713918227208,1.9561028417927393,1.9569944763479916,0.9889648167238432,0.9891900828529262,4.37208233214359e-07,-0.5195662220841355,0.51956629854752
87.80000000000001,1.2005100078772302,1.2200969374138062,0.02699490281921008,0.03263376468197866,0.5195662163497474,0.5195662163497474,0.0,,0.0,8.510632181123439,0.9355889859745514,0.9368713340683893,1.9561027957963897,1.9569944361262066,0.9889648050964324,0.9891900726870798,4.2637912756049445e-07,-0.5195662163232067,0.5195662908950666
88.0,1.2005099236620398,1.2200969226899407,0.026994904300097978,0.0326337646767427,0.5195662107307547,0.5195662107307547,0.0,,0.0,8.510631988455058,0.935588921610455,0.9368712777445561,1.9561027509393076,1.95699439690066,0.9889647937570165,0.9891900627730273,4.1581823995162637e-07,-0.5195662107049335,0.5195662834320031
88.2,1.2005098415327566,1.2200969083303141,0.026994905744316487,0.03263376467164864,0.5195662052509066,0.5195662052509066,0.0,,0.0,8.510631800557372,0.9355888588405759,0.9368712228157908,1.9561027071932766,1.9569943586466774,0.9889647826984631,0.9891900531045327,4.0551892693807545e-07,-0.5195662052257849,0.5195662761536461
88.4,1.2005097614377163,1.220096894325926,0.026994907152773345,0.0326337646666924,0.5195661999067588,0.5195661999067588,0.0,,0.0,8.510631617312301,0.9355887976254279,0.9368711692475397,1.956102664530778,1.9569943213401955,0.9889647719138156,0.9891900436755138,3.954747100770595e-07,-0.5195661998823162,0.5195662690554284
88.60000000000001,1.2005096833265347,1.2200968806679993,0.02699490852635384,0.032633764661869985,0.5195661946949517,0.5195661946949517,0.0,,0.0,8.51063143860467,0.9355887379265022,0.9368711170061061,1.9561026229249743,1.9569942849577455,0.9889647613962896,0.9891900344800392,3.8567927138077884e-07,-0.5195661946711684,0.5195662621328943
88.80000000000001,1.200509607150075,1.2200968673479724,0.026994909865921318,0.032633764657177544,0.5195661896122087,0.5195661896122087,0.0,,0.0,8.510631264322154,0.9355886797062462,0.9368710660586262,1.9561025823496938,1.956994249476442,0.9889647511392695,0.9891900255123243,3.761264493473693e-07,-0.5195661895890659,0.5195662553816985
89.0,1.2005095328604165,1.2200968543574953,0.026994911172317816,0.03263376465261137,0.5195661846553341,0.5195661846553342,0.0,,0.0,8.510631094355233,0.9355886229280335,0.9368710163730521,1.956102542779411,1.9569942148739643,0.9889647411363024,0.9891900167667281,3.668102352138991e-07,-0.5195661846328136,0.5195662487976042
89.2,1.200509460410827,1.2200968416884235,0.02699491244636451,0.032633764648167814,0.5195661798212121,0.5195661798212121,0.0,,0.0,8.510630928597035,0.9355885675561504,0.9368709679181282,1.956102504189236,1.9569941811285458,0.9889647313810966,0.9891900082377492,3.577247680436324e-07,-0.5195661797992956,0.5195662423764773
89.4,1.2005093897557308,1.2200968293328127,0.02699491368886223,0.032633764643843384,0.5195661751068028,0.5195661751068028,0.0,,0.0,8.510630766943407,0.9355885135557613,0.9368709206633734,1.9561024665548907,1.9569941482189601,0.9889647218675149,0.9891899999200221,3.4886433361580593e-07,-0.5195661750854738,0.5195662361142876
89.60000000000001,1.2005093208506816,1.220096817282917,0.026994914900592044,0.03263376463963472,0.5195661705091428,0.5195661705091428,0.0,,0.0,8.510630609292727,0.9355884608928984,0.936870874579062,1.956102429852703,1.9569941161245028,0.9889647125895731,0.9891899918083148,3.40223358222258e-07,-0.5195661704883842,0.5195662300071032
89.80000000000001,1.2005092536523323,1.2200968055311783,0.026994916082315665,0.032633764635538506,0.5195661660253412,0.5195661660253412,0.0,,0.0,8.510630455545899,0.9355884095344333,0.9368708296362036,1.9561023940595845,1.956994084824986,0.9889647035414345,0.9891899838975248,3.3179640615554895e-07,-0.5195661660051367,0.51956622405109
90.0,1.2005091881184118,1.2200967940702274,0.026994917234775963,0.03263376463155157,0.5195661616525789,0.519566161652579,0.0,,0.0,8.510630305606268,0.9355883594480581,0.9368707858065265,1.9561023591530187,1.9569940543007205,0.9889646947174076,0.9891899761826751,3.2357817679462553e-07,-0.5195661616329129,0.5195662182425084
90.2,1.2005091242076937,1.220096782892875,0.02699491835869741,0.032633764627670814,0.5195661573881066,0.5195661573881066,0.0,,0.0,8.510630159379598,0.9355883106022647,0.9368707430624598,1.956102325111047,1.9569940245325042,0.9889646861119412,0.989189968658913,3.1556350055250704e-07,-0.5195661573689639,0.5195662125777112
90.4,1.2005090618799747,1.2200967719921116,0.026994919454786572,0.03263376462389325,0.519566153229243,0.519566153229243,0.0,,0.0,8.510630016773955,0.9355882629663261,0.9368707013771136,1.9561022919122555,1.956993995501611,0.9889646777196222,0.9891899613215052,3.077473358786831e-07,-0.5195661532106091,0.5195662070531414
90.60000000000001,1.200509001096046,1.2200967613610987,0.026994920523732528,0.032633764620216006,0.519566149173373,0.519566149173373,0.0,,0.0,8.510629877699696,0.9355882165102773,0.9368706607242656,1.9561022595357602,1.9569939671897791,0.9889646695351711,0.9891899541658368,3.001247659145667e-07,-0.5195661491552335,0.5195662016653295
90.80000000000001,1.2005089418176693,1.2200967509931664,0.026994921566207294,0.032633764616636245,0.519566145217947,0.519566145217947,0.0,,0.0,8.510629742069389,0.9355881712048927,0.9368706210783424,1.9561022279611933,1.9569939395791984,0.9889646615534395,0.9891899471874054,2.9269099609263716e-07,-0.5195661452002877,0.5195661964108925
91.0,1.2005088840075553,1.2200967408818104,0.02699492258286624,0.03263376461315122,0.5195661413604773,0.5195661413604773,0.0,,0.0,8.510629609797778,0.9355881270216718,0.936870582414404,1.9561021971686923,1.9569939126525,0.9889646537694062,0.989189940381822,2.854413498898367e-07,-0.5195661413432852,0.5195661912865307
91.2,1.2005088276293374,1.2200967310206878,0.02699492357434854,0.03263376460975832,0.5195661375985385,0.5195661375985385,0.0,,0.0,8.510629480801702,0.9355880839328218,0.9368705447081286,1.9561021671388874,1.956993886392745,0.9889646461781748,0.9891899337448048,2.7837126717611405e-07,-0.5195661375818005,0.5195661862890253
91.4,1.2005087726475485,1.2200967214036091,0.02699492454127757,0.032633764606454986,0.5195661339297651,0.5195661339297651,0.0,,0.0,8.510629355000068,0.935588041911236,0.936870507935796,1.9561021378528873,1.9569938607834143,0.9889646387749697,0.9891899272721795,2.714763004812992e-07,-0.5195661339134687,0.5195661814152377
91.60000000000001,1.2005087190276018,1.2200967120245416,0.02699492548426125,0.03263376460323874,0.5195661303518507,0.5195661303518507,0.0,,0.0,8.510629232313784,0.9355880009304792,0.9368704720742734,1.956102109292269,1.9569938358083983,0.9889646315551335,0.9891899209598733,2.6475211260812426e-07,-0.5195661303359833,0.5195661766621068
91.80000000000001,1.200508666735766,1.220096702877598,0.026994926403892425,0.03263376460010713,0.5195661268625452,0.5195661268625452,0.0,,0.0,8.510629112665713,0.935587960964772,0.9368704371010024,1.9561020814390662,1.9569938114519858,0.9889646245141248,0.989189914803916,2.5819447359298753e-07,-0.519566126847095,0.5195661720266472
92.0,1.200508615739146,1.2200966939570388,0.02699492730074931,0.03263376459705783,0.519566123459654,0.519566123459654,0.0,,0.0,8.51062899598064,0.9355879219889748,0.9368704029939813,1.9561020542757575,1.9569937876988548,0.9889646176475144,0.9891899088004351,2.5179925848550777e-07,-0.51956612344461,0.5195661675059473
92.2,1.2005085660056602,1.2200966852572654,0.02699492817539581,0.03263376459408859,0.5195661201410378,0.5195661201410379,0.0,,0.0,8.510628882185202,0.9355878839785663,0.9368703697317552,1.9561020277852543,1.956993764534063,0.9889646109509825,0.9891899029456538,2.4556244442031083e-07,-0.5195661201263885,0.519566163097167
92.4,1.2005085175040233,1.2200966767728165,0.026994929028381864,0.0326337645911972,0.5195661169046097,0.5195661169046097,0.0,,0.0,8.510628771207843,0.9355878469096364,0.9368703372933991,1.956102001950893,1.9569937419430379,0.9889646044203165,0.9891898972358891,2.394801078275943e-07,-0.5195661168903443,0.5195661587975371
92.60000000000001,1.2005084702037234,1.2200966684983667,0.02699492986024377,0.03263376458838151,0.5195661137483347,0.5195661137483348,0.0,,0.0,8.510628662978798,0.9355878107588661,0.9368703056585076,1.9561019767564218,1.9569937199115686,0.9889645980514082,0.9891898916675492,2.335484229898377e-07,-0.5195661137344425,0.5195661546043564
92.80000000000001,1.2005084240750055,1.2200966604287231,0.0269949306715046,0.03263376458563947,0.5195661106702276,0.5195661106702276,0.0,,0.0,8.51062855743001,0.935587775503514,0.9368702748071791,1.9561019521859917,1.9569936984257954,0.9889645918402512,0.9891898862371311,2.2776365826704392e-07,-0.5195661106566986,0.5195661505149904
93.0,1.2005083790888507,1.220096652558819,0.026994931462674444,0.03263376458296905,0.5195661076683533,0.5195661076683533,0.0,,0.0,8.510628454495123,0.9355877411214012,0.9368702447200066,1.9561019282241456,1.9569936774722028,0.988964585782938,0.9891898809412185,2.2212217488937203e-07,-0.5195661076551771,0.5195661465268707
93.2,1.2005083352169588,1.2200966448837136,0.026994932234250778,0.032633764580368284,0.5195661047408232,0.5195661047408232,0.0,,0.0,8.51062835410942,0.9355877075908984,0.9368702153780624,1.9561019048558097,1.956993657037608,0.9889645798756582,0.9891898757764807,2.166204237791236e-07,-0.5195661047279908,0.5195661426374911
93.4,1.200508292431732,1.2200966373985895,0.02699493298671876,0.032633764577835296,0.5195661018857971,0.5195661018857971,0.0,,0.0,8.510628256209767,0.935587674890913,0.9368701867628885,1.9561018820662834,1.9569936371091576,0.9889645741146956,0.9891898707396675,2.112549443711309e-07,-0.5195661018732991,0.5195661388444082
93.60000000000001,1.2005082507062539,1.2200966300987457,0.026994933720551565,0.032633764575368256,0.5195660991014793,0.5195660991014793,0.0,,0.0,8.51062816073461,0.9355876430008742,0.9368701588564837,1.956101859841231,1.9569936176743143,0.9889645684964263,0.9891898658276111,2.0602236101840976e-07,-0.5195660990893064,0.5195661351452384
93.80000000000001,1.2005082100142759,1.2200966229795993,0.026994934436210608,0.03263376457296535,0.5195660963861191,0.5195660963861191,0.0,,0.0,8.510628067623925,0.9355876119007198,0.9368701316412931,1.9561018381666706,1.9569935987208524,0.9889645630173158,0.9891898610372217,2.009193826729705e-07,-0.5195660963742623,0.5195661315376578
94.0,1.2005081703302003,1.2200966160366804,0.026994935134145918,0.032633764570624856,0.5195660937380082,0.5195660937380082,0.0,,0.0,8.510627976819158,0.9355875815708871,0.9368701051001955,1.9561018170289681,1.9569935802368486,0.9889645576739176,0.989189856365485,1.959427987641149e-07,-0.5195660937264592,0.5195661280193995
94.2,1.2005081316290618,1.2200966092656291,0.026994935814796353,0.03263376456834508,0.5195660911554819,0.5195660911554819,0.0,,0.0,8.510627888263206,0.9355875519922944,0.9368700792164951,1.9561017964148255,1.9569935622106753,0.9889645524628699,0.9891898518094626,1.9108947903190288e-07,-0.5195660911442324,0.5195661245882526
94.4,1.2005080938865138,1.220096602662193,0.02699493647858993,0.03263376456612438,0.5195660886369157,0.5195660886369157,0.0,,0.0,8.510627801900394,0.935587523146335,0.9368700539739089,1.9561017763112747,1.956993544630992,0.9889645473808947,0.9891898473662885,1.8635637027974994e-07,-0.5195660886259577,0.5195661212420613
94.60000000000001,1.2005080570788143,1.2200965962222257,0.02699493712594408,0.03263376456396118,0.5195660861807259,0.519566086180726,0.0,,0.0,8.51062771767641,0.9355874950148627,0.9368700293565568,1.9561017567056693,1.9569935274867407,0.9889645424247951,0.9891898430331671,1.8174049509767087e-07,-0.5195660861700515,0.5195661179787225
94.80000000000001,1.2005080211828079,1.220096589941683,0.026994937757265882,0.032633764561853934,0.519566083785368,0.519566083785368,0.0,,0.0,8.510627635538308,0.9355874675801801,0.936870005348953,1.956101737585676,1.9569935107671357,0.9889645375914533,0.9891898388073732,1.7723894980836707e-07,-0.5195660837749694,0.5195661147961859
95.0,1.2005079861759123,1.2200965838166196,0.026994938372952342,0.03263376455980113,0.519566081449335,0.519566081449335,0.0,,0.0,8.510627555434406,0.9355874408250296,0.936869981935995,1.9561017189392669,1.9569934944616587,0.9889645328778288,0.9891898346862482,1.7284890266311415e-07,-0.519566081439205,0.5195661116924511
95.2,1.2005079520361057,1.2200965778431891,0.026994938973390628,0.03263376455780131,0.519566079171158,0.5195660791711582,0.0,,0.0,8.510627477314355,0.9355874147325791,0.9368699591029535,1.9561017007547117,1.956993478560053,0.9889645282809563,0.9891898306671992,1.685675918988716e-07,-0.5195660791612896,0.5195661086655676
95.4,1.2005079187419114,1.2200965720176393,0.02699493955895834,0.032633764555853075,0.5195660769494049,0.5195660769494049,0.0,,0.0,8.510627401129023,0.9355873892864144,0.9368699368354652,1.9561016830205706,1.956993463052315,0.9889645237979439,0.9891898267476982,1.6439232462805986e-07,-0.5195660769397904,0.5195661057136334
95.60000000000001,1.2005078862723844,1.220096566336311,0.026994940130023713,0.03263376455395504,0.5195660747826775,0.5195660747826775,0.0,,0.0,8.510627326830495,0.9355873644705275,0.9368699151195216,1.9561016657256876,1.9569934479286886,0.9889645194259714,0.9891898229252797,1.6032047381320247e-07,-0.5195660747733106,0.5195661028347928
95.80000000000001,1.2005078546070984,1.220096560795636,0.02699494068694588,0.03263376455210586,0.5195660726696133,0.5195660726696133,0.0,,0.0,8.510627254372066,0.9355873402693081,0.9368698939414621,1.956101648859183,1.9569934331796606,0.9889645151622888,0.9891898191975388,1.563494784195818e-07,-0.5195660726604874,0.5195661000272368
96.0,1.2005078237261335,1.2200965553921324,0.02699494123007506,0.032633764550304215,0.5195660706088833,0.5195660706088833,0.0,,0.0,8.510627183708158,0.9355873166675299,0.9368698732879632,1.9561016324104452,1.9569934187959517,0.9889645110042135,0.9891898155621305,1.5247684023722563e-07,-0.519566070599992,0.519566097289201
96.2,1.200507793610063,1.220096550122408,0.026994941759752842,0.03263376454854889,0.5195660685991915,0.5195660685991916,0.0,,0.0,8.510627114794325,0.9355872936503474,0.9368698531460327,1.9561016163691285,1.956993404768514,0.98896450694913,0.9891898120167677,1.4870012303436209e-07,-0.5195660685905289,0.5195660946189639
96.4,1.200507764239941,1.2200965449831505,0.02699494227631233,0.032633764546838646,0.5195660666392745,0.5195660666392745,0.0,,0.0,8.510627047587246,0.9355872712032793,0.9368698335029997,1.9561016007251402,1.9569933910885238,0.988964502994487,0.9891898085592206,1.4501695132229653e-07,-0.5195660666308339,0.5195660920148476
96.60000000000001,1.2005077355972917,1.2200965399711314,0.026994942780078374,0.03263376454517225,0.519566064727899,0.5195660647278991,0.0,,0.0,8.510626982044638,0.9355872493122054,0.936869814346507,1.9561015854686394,1.9569933777473736,0.988964499137797,0.9891898051873135,1.41425007579854e-07,-0.5195660647196748,0.519566089475215
96.80000000000001,1.2005077076640953,1.2200965350832025,0.026994943271367786,0.03263376454354858,0.5195660628638628,0.5195660628638628,0.0,,0.0,8.510626918125306,0.9355872279633538,0.9368697956645028,1.9561015705900284,1.9569933647366713,0.9889644953766338,0.9891898018989255,1.3792203264195724e-07,-0.5195660628558495,0.5195660869984701
97.0,1.2005076804227808,1.2200965303162925,0.02699494375048955,0.03263376454196649,0.5195660610459938,0.5195660610459938,0.0,,0.0,8.510626855789024,0.9355872071432942,0.9368697774452357,1.9561015560799468,1.9569933520482325,0.9889644917086311,0.9891897986919882,1.345058228269247e-07,-0.5195660610381859,0.5195660845830556
97.2,1.2005076538562094,1.2200965256674068,0.026994944217745,0.0326337645404249,0.5195660592731489,0.5195660592731489,0.0,,0.0,8.510626794996606,0.9355871868389299,0.9368697596772435,1.9561015419292676,1.9569933396740753,0.9889644881314817,0.9891897955644834,1.3117422879849183e-07,-0.5195660592655406,0.5195660822274535
97.4,1.2005076279476699,1.2200965211336234,0.026994944673427997,0.03263376453892275,0.5195660575442128,0.5195660575442128,0.0,,0.0,8.510626735709817,0.9355871670374869,0.9368697423493488,1.956101528129088,1.9569933276064144,0.9889644846429351,0.9891897925144444,1.2792515512172198e-07,-0.5195660575367986,0.5195660799301832
97.60000000000001,1.2005076026808623,1.2200965167120945,0.026994945117825096,0.03263376453745896,0.5195660558580978,0.5195660558580978,0.0,,0.0,8.510626677891372,0.935587147726508,0.9368697254506508,1.9561015146707266,1.9569933158376598,0.9889644812407966,0.9891897895399517,1.247565576539822e-07,-0.5195660558508731,0.5195660776898005
97.80000000000001,1.2005075780398924,1.2200965124000418,0.026994945551215812,0.03263376453603255,0.5195660542137434,0.5195660542137434,0.0,,0.0,8.5106266215049,0.935587128893845,0.9368697089705188,1.9561015015457166,1.956993304360405,0.9889644779229261,0.989189786639135,1.2166644301758733e-07,-0.5195660542067034,0.5195660755048965
98.0,1.2005075540092585,1.2200965081947548,0.026994945973872714,0.03263376453464254,0.5195660526101159,0.5195660526101159,0.0,,0.0,8.510626566514953,0.9355871105276521,0.9368696928985853,1.9561014887458028,1.9569932931674332,0.9889644746872364,0.9891897838101688,1.1865286754508819e-07,-0.5195660526032556,0.5195660733740985
98.2,1.2005075305738435,1.2200965040935916,0.026994946386061636,0.03263376453328799,0.5195660510462066,0.5195660510462067,0.0,,0.0,8.510626512886935,0.9355870926163732,0.9368696772247398,1.9561014762629307,1.9569932822517015,0.9889644715316919,0.9891897810512735,1.1571393529474783e-07,-0.5195660510395209,0.5195660712960665
98.4,1.2005075077189042,1.220096500093975,0.026994946788041808,0.032633764531967965,0.5195660495210314,0.5195660495210314,0.0,,0.0,8.51062646058713,0.9355870751487414,0.9368696619391218,1.956101464089249,1.9569932716063423,0.9889644684543074,0.9891897783607139,1.1284779759257457e-07,-0.519566049514516,0.519566069269494
98.60000000000001,1.200507485430062,1.2200964961933911,0.026994947180066037,0.032633764530681536,0.5195660480336309,0.5195660480336309,0.0,,0.0,8.510626409582635,0.935587058113769,0.936869647032116,1.956101452217099,1.9569932612246594,0.9889644654531473,0.9891897757367969,1.1005265118657626e-07,-0.5195660480272816,0.5195660672931073
98.80000000000001,1.200507463693297,1.2200964923893896,0.026994947562380897,0.03263376452942786,0.5195660465830704,0.5195660465830704,0.0,,0.0,8.51062635984138,0.9355870415007372,0.9368696324943436,1.9561014406390116,1.9569932511001222,0.9889644625263231,0.9891897731778722,1.0732673792757108e-07,-0.5195660465768824,0.5195660653656639
99.0,1.200507442494933,1.2200964886795784,0.026994947935226846,0.032633764528206065,0.5195660451684369,0.5195660451684369,0.0,,0.0,8.51062631133206,0.9355870252991966,0.9368696183166596,1.9561014293477037,1.956993241226361,0.9889644596719939,0.9891897706823299,1.046683430899753e-07,-0.5195660451624063,0.5195660634859516
99.2,1.2005074218216352,1.2200964850616274,0.02699494829883838,0.03263376452701532,0.5195660437888404,0.5195660437888405,0.0,,0.0,8.51062626402419,0.935587009498955,0.9368696044901449,1.956101418336072,1.9569932315971648,0.9889644568883641,0.9891897682485998,1.0207579378973541e-07,-0.5195660437829632,0.5195660616527888
99.4,1.2005074016603985,1.2200964815332622,0.026994948653444185,0.03263376452585482,0.5195660424434136,0.5195660424434138,0.0,,0.0,8.510626217888005,0.935586994090073,0.9368695910061013,1.9561014075971899,1.956993222206475,0.9889644541736825,0.9891897658751513,9.954745962270639e-08,-0.5195660424376858,0.5195660598650232
99.60000000000001,1.2005073819985388,1.2200964780922643,0.026994948999267313,0.03263376452472379,0.5195660411313104,0.5195660411313104,0.0,,0.0,8.5106261728945,0.9355869790628547,0.9368695778560463,1.9561013971242998,1.9569932130483847,0.9889644515262411,0.9891897635604908,9.708174994460528e-08,-0.519566041125728,0.5195660581215309
99.80000000000001,1.2005073628236878,1.2200964747364724,0.026994949336525267,0.03263376452362146,0.5195660398517051,0.5195660398517051,0.0,,0.0,8.510626129015357,0.9355869644078496,0.936869565031707,1.9561013869108155,1.956993204117133,0.9889644489443749,0.989189761303163,9.4677113621211e-08,-0.5195660398462643,0.519566056421215
100.0,1.2005073441237821,1.220096471463777,0.026994949665430163,0.03263376452254709,0.5195660386037932,0.5195660386037934,0.0,,0.0,8.510626086222983,0.9355869501158366,0.9368695525250162,1.9561013769503102,1.956993195407101,0.9889644464264592,0.989189759101747,9.23320377793635e-08,-0.5195660385984902,0.5195660547630071
100.2,1.200507325887058,1.2200964682721196,0.026994949986188874,0.03263376452149993,0.5195660373867893,0.5195660373867893,0.0,,0.0,8.510626044490479,0.9355869361778245,0.9368695403281058,1.9561013672365182,1.9569931869128088,0.9889644439709101,0.9891897569548584,9.004504734899665e-08,-0.5195660373816207,0.5195660531458643
100.4,1.200507308102043,1.2200964651594957,0.02699495029900314,0.0326337645204793,0.5195660361999282,0.5195660361999282,0.0,,0.0,8.510626003791582,0.935586922585046,0.936869528433303,1.956101357763329,1.956993178628913,0.988964441576183,0.9891897548611464,8.781470353658172e-08,-0.5195660361948904,0.5195660515687699
100.60000000000001,1.200507290757549,1.2200964621239485,0.02699495060406973,0.03263376451948452,0.5195660350424632,0.5195660350424632,0.0,,0.0,8.510625964100695,0.9355869093289503,0.9368695168331245,1.9561013485247833,1.9569931705502033,0.9889644392407715,0.9891897528192939,8.56396033116491e-08,-0.519566035037553,0.5195660500307323
100.80000000000001,1.2005072738426636,1.2200964591635695,0.02699495090158053,0.032633764518514914,0.5195660339136666,0.5195660339136666,0.0,,0.0,8.510625925392862,0.9355868964011963,0.936869505520273,1.9561013395150684,1.956993162671596,0.988964436963206,0.9891897508280161,8.351837835207654e-08,-0.5195660339088803,0.5195660485307845
101.0,1.2005072573467468,1.220096456276498,0.02699495119172264,0.032633764517569816,0.5195660328128281,0.5195660328128281,0.0,,0.0,8.510625887643727,0.9355868837936524,0.9368694944876317,1.9561013307285164,1.9569931549881354,0.9889644347420539,0.9891897488860611,8.144969426693294e-08,-0.5195660328081628,0.5195660470679831
101.2,1.2005072412594209,1.220096453460919,0.026994951474678563,0.032633764516648615,0.5195660317392551,0.5195660317392551,0.0,,0.0,8.51062585082954,0.935586871498388,0.9368694837282602,1.956101322159601,1.9569931474949884,0.9889644325759182,0.9891897469922066,7.943224962503326e-08,-0.519566031734708,0.5195660456414084
101.4,1.200507225570565,1.2200964507150625,0.026994951750626286,0.032633764515750695,0.5195660306922724,0.5195660306922724,0.0,,0.0,8.510625814927169,0.9355868595076672,0.9368694732353893,1.9561013138029304,1.9569931401874399,0.9889644304634357,0.9891897451452613,7.746477519166017e-08,-0.5195660306878402,0.5195660442501634
101.60000000000001,1.2005072102703105,1.2200964480372027,0.026994952019739383,0.032633764514875464,0.519566029671222,0.519566029671222,0.0,,0.0,8.510625779914019,0.9355868478139474,0.9368694630024188,1.9561013056532481,1.9569931330608934,0.9889644284032778,0.9891897433440633,7.554603347059707e-08,-0.5195660296669015,0.5195660428933735
101.80000000000001,1.200507195349031,1.2200964454256562,0.0269949522821871,0.0326337645140223,0.519566028675461,0.519566028675461,0.0,,0.0,8.510625745768069,0.9355868364098711,0.9368694530229106,1.9561012977054264,1.9569931261108664,0.9889644263941483,0.9891897415874795,7.367481735798265e-08,-0.5195660286712495,0.5195660415701853
102.0,1.2005071807973395,1.2200964428787804,0.026994952538134526,0.032633764513190666,0.5195660277043629,0.519566027704363,0.0,,0.0,8.510625712467842,0.9355868252882652,0.9368694432905866,1.9561012899544663,1.9569931193329853,0.9889644244347834,0.9891897398744047,7.184994946229928e-08,-0.5195660277002578,0.5195660402797667
102.2,1.2005071666060825,1.2200964403949752,0.026994952787742665,0.03263376451238002,0.5195660267573176,0.5195660267573176,0.0,,0.0,8.510625679992378,0.935586814442132,0.936869433799325,1.956101282395491,1.956993112722987,0.9889644225239503,0.9891897382037618,7.007028199335075e-08,-0.519566026753316,0.5195660390213062
102.4,1.2005071527663322,1.220096437972679,0.02699495303116851,0.03263376451158982,0.5195660258337292,0.5195660258337292,0.0,,0.0,8.510625648321273,0.9355868038646499,0.9368694245431545,1.9561012750237459,1.9569931062767134,0.9889644206604471,0.989189736574499,6.83346953189723e-08,-0.519566025829828,0.5195660377940128
102.60000000000001,1.2005071392693814,1.220096435610368,0.026994953268565165,0.032633764510819514,0.5195660249330162,0.5195660249330162,0.0,,0.0,8.510625617434592,0.9355867935491634,0.9368694155162517,1.9561012678345928,1.9569930999901088,0.9889644188431014,0.9891897349855919,6.664209774298602e-08,-0.5195660249292133,0.5195660365971143
102.80000000000001,1.20050712610674,1.2200964333065578,0.02699495350008195,0.032633764510068615,0.519566024054612,0.519566024054612,0.0,,0.0,8.510625587312918,0.9355867834891838,0.9368694067129387,1.9561012608235098,1.9569930938592186,0.98896441707077,0.9891897334360411,6.499142442273342e-08,-0.5195660240509054,0.5195660354298582
103.0,1.2005071132701264,1.2200964310598,0.026994953725864527,0.032633764509336624,0.5195660231979649,0.5195660231979649,0.0,,0.0,8.510625557937301,0.935586773678382,0.9368693981276761,1.9561012539860858,1.956993087880185,0.9889644153423378,0.9891897319248707,6.338163659191931e-08,-0.5195660231943513,0.5195660342915108
103.2,1.2005071007514665,1.2200964288686815,0.026994953946054886,0.03263376450862306,0.5195660223625356,0.5195660223625356,0.0,,0.0,8.510625529289248,0.9355867641105857,0.9368693897550641,1.956101247318019,1.9569930820492476,0.9889644136567174,0.9891897304511315,6.181172196306761e-08,-0.5195660223590128,0.5195660331813557
103.4,1.2005070885428843,1.2200964267318246,0.02699495416079153,0.032633764507927446,0.5195660215477983,0.5195660215477983,0.0,,0.0,8.510625501350756,0.9355867547797765,0.9368693815898352,1.956101240815115,1.9569930763627386,0.9889644120128486,0.9891897290138952,6.02806929095312e-08,-0.5195660215443643,0.5195660320986949
103.60000000000001,1.200507076636699,1.2200964246478871,0.02699495437020953,0.03263376450724933,0.5195660207532405,0.5195660207532407,0.0,,0.0,8.510625474104248,0.9355867456800843,0.9368693736268529,1.956101234473283,1.9569930708170797,0.9889644104096971,0.9891897276122585,5.878758603528045e-08,-0.5195660207498932,0.5195660310428478
103.80000000000001,1.200507065025421,1.2200964226155568,0.026994954574440625,0.03263376450658825,0.519566019978363,0.519566019978363,0.0,,0.0,8.510625447532592,0.935586736805785,0.9368693658611073,1.9561012282885337,1.9569930654087822,0.9889644088462546,0.9891897262453389,5.7331462202658834e-08,-0.5195660199751,0.5195660300131503
104.0,1.2005070537017457,1.2200964206335578,0.026994954773613286,0.0326337645059438,0.5195660192226781,0.5195660192226782,0.0,,0.0,8.510625421619062,0.935586728151294,0.9368693582877132,1.956101222256975,1.956993060134444,0.988964407321537,0.9891897249122769,5.591140526950422e-08,-0.519566019219497,0.5195660290089549
104.2,1.2005070426585491,1.2200964187006424,0.026994954967852775,0.032633764505315535,0.5195660184857104,0.5195660184857105,0.0,,0.0,8.510625396347365,0.935586719711169,0.9368693509019065,1.9561012163748142,1.9569930549907473,0.9889644058345858,0.9891897236122342,5.4526521964248786e-08,-0.5195660184826091,0.5195660280296298
104.4,1.200507031888884,1.2200964168155959,0.026994955157281293,0.03263376450470305,0.5195660177669964,0.5195660177669965,0.0,,0.0,8.5106253717016,0.9355867114800995,0.9368693436990403,1.9561012106383497,1.9569930499744561,0.9889644043844651,0.9891897223443921,5.3175941219785194e-08,-0.5195660177639728,0.5195660270745593
104.60000000000001,1.2005070213859754,1.2200964149772329,0.02699495534201798,0.032633764504105954,0.5195660170660836,0.5195660170660836,0.0,,0.0,8.510625347666267,0.9355867034529078,0.9368693366745839,1.9561012050439732,1.956993045082415,0.9889644029702629,0.9891897211079538,5.185881317426588e-08,-0.519566017063136,0.5195660261431425
104.80000000000001,1.2005070111432163,1.2200964131843974,0.026994955522179037,0.03263376450352382,0.5195660163825314,0.5195660163825314,0.0,,0.0,8.51062532422625,0.9355866956245428,0.9368693298241177,1.956101199588165,1.9569930403115445,0.9889644015910892,0.9891897199021409,5.057430929600315e-08,-0.5195660163796578,0.5195660252347942
105.0,1.2005070011541625,1.220096411435962,0.02699495569787781,0.032633764502956304,0.5195660157159099,0.5195660157159099,0.0,,0.0,8.510625301366801,0.9355866879900808,0.9368693231433324,1.9561011942674928,1.956993035658846,0.9889644002460768,0.9891897187261952,4.932162145365737e-08,-0.5195660157131085,0.5195660243489427
105.2,1.2005069914125301,1.220096409730828,0.02699495586922481,0.032633764502403045,0.5195660150657999,0.5195660150657999,0.0,,0.0,8.510625279073544,0.9355866805447186,0.936869316628025,1.95610118907861,1.956993031121391,0.9889643989343792,0.9891897175793765,4.8099961943992575e-08,-0.5195660150630685,0.519566023485031
105.4,1.2005069819121907,1.2200964080679222,0.02699495603632781,0.03263376450186363,0.5195660144317921,0.5195660144317921,0.0,,0.0,8.51062525733245,0.9355866732837723,0.9368693102740969,1.9561011840182516,1.9569930266963256,0.9889643976551714,0.989189716460964,4.69085616044973e-08,-0.5195660144291292,0.5195660226425156
105.60000000000001,1.2005069726471673,1.2200964064461994,0.026994956199291927,0.03263376450133775,0.5195660138134874,0.5195660138134874,0.0,,0.0,8.510625236129853,0.9355866662026745,0.9368693040775508,1.9561011790832348,1.9569930223808654,0.9889643964076485,0.9891897153702536,4.574667153423029e-08,-0.5195660138108914,0.5195660218208669
105.80000000000001,1.200506963611632,1.2200964048646397,0.026994956358219677,0.032633764500825044,0.5195660132104976,0.5195660132104976,0.0,,0.0,8.510625215452404,0.9355866592969695,0.9368692980344885,1.956101174270454,1.9569930181722957,0.9889643951910259,0.9891897143065591,4.46135603321407e-08,-0.5195660132079667,0.5195660210195681
106.0,1.2005069547998999,1.2200964033222488,0.026994956513211044,0.032633764500325194,0.5195660126224431,0.5195660126224432,0.0,,0.0,8.510625195287108,0.9355866525623138,0.936869292141108,1.9561011695768824,1.956993014067969,0.9889643940045381,0.9891897132692116,4.350851547096912e-08,-0.5195660126199753,0.519566020238115
106.2,1.2005069462064282,1.2200964018180562,0.026994956664363495,0.03263376449983786,0.519566012048954,0.519566012048954,0.0,,0.0,8.510625175621263,0.9355866459944708,0.9368692863937027,1.956101164999567,1.9569930100653035,0.9889643928474388,0.9891897122575586,4.2430841729057533e-08,-0.5195660120465481,0.5195660194760162
106.4,1.20050693782581,1.220096400351117,0.02699495681177212,0.03263376449936272,0.5195660114896691,0.5195660114896691,0.0,,0.0,8.510625156442524,0.9355866395893081,0.936869280788656,1.9561011605356282,1.9569930061617815,0.9889643917189997,0.9891897112709632,4.1379861148715946e-08,-0.5195660114873236,0.5195660187327926
106.60000000000001,1.2005069296527742,1.220096398920508,0.02699495695552965,0.03263376449889947,0.5195660109442374,0.5195660109442374,0.0,,0.0,8.51062513773882,0.9355866333427972,0.9368692753224418,1.9561011561822585,1.9569930023549469,0.9889643906185115,0.9891897103088051,4.035491257825541e-08,-0.5195660109419503,0.5195660180079769
106.80000000000001,1.200506921682178,1.2200963975253296,0.026994957095726514,0.03263376449844783,0.519566010412315,0.519566010412315,0.0,,0.0,8.510625119498364,0.9355866272510076,0.9368692699916221,1.9561011519367184,1.9569929986424044,0.9889643895452815,0.989189709370479,3.9355351033609764e-08,-0.5195660104100852,0.5195660173011125
107.0,1.200506913909008,1.2200963961647044,0.026994957232450902,0.03263376449800748,0.5195660098935676,0.5195660098935676,0.0,,0.0,8.510625101709705,0.9355866213101071,0.9368692647928428,1.956101147796337,1.9569929950218183,0.9889643884986347,0.9891897084553946,3.8380547823235744e-08,-0.5195660098913939,0.5195660166117555
107.2,1.2005069063283733,1.2200963948377768,0.026994957365788826,0.032633764497578155,0.5195660093876693,0.5195660093876693,0.0,,0.0,8.510625084361637,0.9355866155163576,0.9368692597228334,1.9561011437585094,1.9569929914909123,0.9889643874779123,0.9891897075629761,3.7429889854223575e-08,-0.5195660093855496,0.519566015939472
107.4,1.2005068989355057,1.2200963935437126,0.026994957495824153,0.03263376449715956,0.5195660088943013,0.5195660088943013,0.0,,0.0,8.510625067443259,0.9355866098661159,0.9368692547784042,1.9561011398206962,1.9569929880474632,0.9889643864824726,0.989189706692662,3.650277891065201e-08,-0.5195660088922347,0.5195660152838391
107.60000000000001,1.2005068917257535,1.2200963922816976,0.02699495762263868,0.03263376449675144,0.5195660084131534,0.5195660084131534,0.0,,0.0,8.510625050943924,0.9355866043558254,0.936869249956445,1.9561011359804192,1.9569929846893066,0.9889643855116892,0.989189705843905,3.559863168134392e-08,-0.5195660084111384,0.5195660146444449
107.80000000000001,1.200506884694582,1.2200963910509386,0.02699495774631219,0.032633764496353516,0.5195660079439228,0.5195660079439228,0.0,,0.0,8.510625034853257,0.9355865989820216,0.9368692452539223,1.9561011322352635,1.9569929814143288,0.9889643845649513,0.9891897050161711,3.471687957945502e-08,-0.5195660079419583,0.5195660140208866
108.0,1.2005068778375676,1.220096389850661,0.026994957866922454,0.03263376449596553,0.5195660074863145,0.5195660074863145,0.0,,0.0,8.510625019161134,0.935586593741323,0.9368692406678776,1.9561011285828724,1.9569929782204698,0.9889643836416635,0.9891897042089397,3.3856967660006454e-08,-0.5195660074843992,0.5195660134127725
108.2,1.2005068711503961,1.2200963886801106,0.026994957984545365,0.03263376449558723,0.5195660070400405,0.5195660070400405,0.0,,0.0,8.510625003857685,0.9355865886304322,0.9368692361954257,1.9561011250209484,1.9569929751057202,0.9889643827412448,0.9891897034217025,3.301835520275187e-08,-0.5195660070381733,0.51956601281972
108.4,1.2005068646288615,1.2200963875385502,0.026994958099254927,0.032633764495218404,0.5195660066048204,0.5195660066048204,0.0,,0.0,8.51062498893328,0.9355865836461345,0.9368692318337529,1.9561011215472504,1.9569929720681207,0.9889643818631287,0.9891897026539651,3.220051467134333e-08,-0.5195660066029998,0.519566012241356
108.60000000000001,1.20050685826886,1.2200963864252632,0.026994958211123278,0.03263376449485878,0.5195660061803805,0.5195660061803805,0.0,,0.0,8.510624974378532,0.935586578785294,0.9368692275801158,1.9561011181595933,1.9569929691057606,0.9889643810067631,0.9891897019052436,3.140293111658643e-08,-0.5195660061786052,0.5195660116773168
108.80000000000001,1.2005068520663913,1.2200963853395492,0.02699495832022079,0.032633764494508145,0.5195660057664532,0.5195660057664532,0.0,,0.0,8.51062496018429,0.9355865740448536,0.9368692234318383,1.956101114855846,1.9569929662167755,0.9889643801716089,0.9891897011750674,3.0625103369930073e-08,-0.5195660057647221,0.5195660111272475
109.0,1.2005068460175536,1.2200963842807246,0.0269949584266161,0.03263376449416626,0.5195660053627783,0.5195660053627784,0.0,,0.0,8.510624946341611,0.9355865694218308,0.9368692193863105,1.956101111633931,1.956992963399349,0.9889643793571411,0.9891897004629772,2.986654164260916e-08,-0.5195660053610905,0.5195660105908023
109.2,1.2005068401185408,1.2200963832481238,0.026994958530376117,0.0326337644938329,0.5195660049691023,0.5195660049691023,0.0,,0.0,8.510624932841804,0.935586564913316,0.9368692154409877,1.9561011084918196,1.9569929606517078,0.9889643785628468,0.989189699768525,2.9126769038323452e-08,-0.5195660049674564,0.5195660100676437
109.4,1.2005068343656424,1.220096382241097,0.02699495863156614,0.032633764493507876,0.5195660045851769,0.5195660045851769,0.0,,0.0,8.51062491967637,0.9355865605164746,0.9368692115933873,1.9561011054275366,1.9569929579721235,0.9889643777882268,0.9891896990912737,2.840531988790307e-08,-0.519566004583572,0.5195660095574423
109.60000000000001,1.2005068287552392,1.220096381259012,0.026994958730249805,0.03263376449319095,0.519566004210761,0.5195660042107612,0.0,,0.0,8.510624906837023,0.9355865562285395,0.9368692078410896,1.9561011024391532,1.956992955358911,0.9889643770327935,0.9891896984307978,2.7701740595853508e-08,-0.5195660042091962,0.5195660090598778
109.80000000000001,1.2005068232838019,1.2200963803012503,0.026994958826489193,0.03263376449288193,0.519566003845619,0.519566003845619,0.0,,0.0,8.510624894315695,0.9355865520468132,0.936869204181733,1.95610109952479,1.9569929528104257,0.9889643762960716,0.9891896977866811,2.701558839135476e-08,-0.5195660038440932,0.5195660085746369
110.0,1.200506817947888,1.2200963793672093,0.026994958920344838,0.03263376449258061,0.5195660034895209,0.519566003489521,0.0,,0.0,8.510624882104507,0.9355865479686655,0.9368692006130166,1.9561010966826136,1.9569929503250643,0.9889643755775979,0.9891896971585186,2.634643164745043e-08,-0.5195660034880334,0.5195660081014144
110.2,1.2005068127441407,1.2200963784563026,0.026994959011875798,0.032633764492286825,0.5195660031422432,0.5195660031422433,0.0,,0.0,8.51062487019578,0.9355865439915302,0.9368691971326943,1.9561010939108354,1.956992947901263,0.9889643748769202,0.9891896965459155,2.5693849575736394e-08,-0.5195660031407928,0.5195660076399129
110.4,1.2005068076692866,1.2200963775679559,0.026994959101139648,0.03263376449200036,0.5195660028035674,0.5195660028035674,0.0,,0.0,8.510624858582002,0.9355865401129068,0.9368691937385772,1.956101091207713,1.9569929455374984,0.988964374193598,0.989189695948486,2.505743115777115e-08,-0.5195660028021529,0.5195660071898416
110.60000000000001,1.200506802720133,1.2200963767016115,0.026994959188192526,0.03263376449172103,0.5195660024732799,0.5195660024732799,0.0,,0.0,8.51062484725589,0.9355865363303524,0.9368691904285299,1.956101088571544,1.9569929432322821,0.9889643735272008,0.9891896953658544,2.4436776616121314e-08,-0.5195660024719009,0.5195660067509177
110.80000000000001,1.2005067978935664,1.2200963758567243,0.026994959273089217,0.032633764491448676,0.5195660021511733,0.5195660021511733,0.0,,0.0,8.510624836210315,0.9355865326414903,0.9368691872004702,1.9561010860006716,1.9569929409841649,0.9889643728773101,0.9891896947976542,2.3831495124526647e-08,-0.5195660021498288,0.5195660063228652
111.0,1.2005067931865503,1.2200963750327625,0.02699495935588311,0.03263376449118311,0.5195660018370452,0.5195660018370452,0.0,,0.0,8.510624825438322,0.9355865290439991,0.9368691840523672,1.956101083493478,1.9569929387917313,0.9889643722435167,0.9891896942435277,2.3241205987512004e-08,-0.519566001835734,0.5195660059054147
111.2,1.2005067885961238,1.2200963742292084,0.026994959436626286,0.032633764490924144,0.5195660015306978,0.5195660015306978,0.0,,0.0,8.510624814933145,0.9355865255356134,0.9368691809822406,1.956101081048385,1.956992936653603,0.9889643716254217,0.989189693703127,2.266553793262016e-08,-0.5195660015294191,0.5195660054983038
111.4,1.2005067841193986,1.220096373445556,0.026994959515369545,0.03263376449067164,0.5195660012319381,0.5195660012319381,0.0,,0.0,8.510624804688165,0.9355865221141293,0.9368691779881584,1.956101078663856,1.9569929345684343,0.9889643710226367,0.9891896931761113,2.21041287912227e-08,-0.5195660012306913,0.5195660051012762
111.60000000000001,1.2005067797535593,1.2200963726813132,0.026994959592162422,0.032633764490425425,0.5195660009405784,0.5195660009405784,0.0,,0.0,8.510624794696941,0.9355865187773924,0.936869175068238,1.9561010763383895,1.9569929325349145,0.988964370434782,0.9891896926621494,2.1556625151575304e-08,-0.5195660009393626,0.5195660047140823
111.80000000000001,1.2005067754958583,1.220096371935999,0.026994959667053214,0.03263376449018534,0.519566000656435,0.519566000656435,0.0,,0.0,8.510624784953187,0.935586515523305,0.9368691722206415,1.9561010740705238,1.9569929305517626,0.9889643698614884,0.989189692160918,2.1022682705762463e-08,-0.5195660006552498,0.5195660043364785
112.0,1.2005067713436175,1.220096371209144,0.02699495974008905,0.03263376448995124,0.51956600037933,0.5195660003793301,0.0,,0.0,8.510624775450783,0.9355865123498178,0.9368691694435781,1.956101071858831,1.956992928617732,0.9889643693023945,0.9891896916721018,2.0501966013775075e-08,-0.5195660003781742,0.5195660039682273
112.2,1.2005067672942247,1.2200963705002914,0.02699495981131587,0.03263376448972297,0.5195660001090887,0.5195660001090887,0.0,,0.0,8.510624766183739,0.9355865092549361,0.9368691667353005,1.9561010697019203,1.9569929267316066,0.9889643687571491,0.9891896911953931,1.9994146838175908e-08,-0.5195660001079615,0.519566003609097
112.4,1.2005067633451325,1.2200963698089955,0.02699495988077848,0.03263376448950038,0.5195659998455409,0.5195659998455409,0.0,,0.0,8.510624757146223,0.9355865062367122,0.9368691640941051,1.9561010675984345,1.956992924892199,0.988964368225409,0.989189690730492,1.9498905906578656e-08,-0.5195659998444417,0.5195660032588618
112.60000000000001,1.200506759493857,1.2200963691348221,0.026994959948520556,0.03263376448928333,0.5195659995885206,0.5195659995885207,0.0,,0.0,8.510624748332564,0.9355865032932474,0.93686916151833,1.9561010655470505,1.956992923098352,0.9889643677068397,0.9891896902771067,1.9015931773669337e-08,-0.519565999587449,0.5195660029173014
112.80000000000001,1.2005067557379745,1.2200963684773465,0.02699496001458475,0.03263376448907168,0.5195659993378666,0.5195659993378666,0.0,,0.0,8.510624739737208,0.9355865004226912,0.9368691590063555,1.9561010635464788,1.9569929213489374,0.9889643672011152,0.989189689834951,1.854492076569514e-08,-0.5195659993368219,0.5195660025842007
113.0,1.2005067520751227,1.2200963678361547,0.026994960079012597,0.032633764488865305,0.519565999093421,0.519565999093421,0.0,,0.0,8.51062473135475,0.9355864976232365,0.9368691565566005,1.9561010615954595,1.9569929196428546,0.9889643667079171,0.9891896894037473,1.8085576106163792e-08,-0.5195659990924024,0.5195660022593503
113.2,1.2005067485029965,1.2200963672108438,0.02699496014184464,0.03263376448866408,0.5195659988550304,0.5195659988550304,0.0,,0.0,8.51062472317991,0.9355864948931213,0.9368691541675243,1.956101059692765,1.9569929179790302,0.9889643662269351,0.9891896889832243,1.763760903994438e-08,-0.519565998854037,0.5195660019425462
113.4,1.2005067450193498,1.2200963666010205,0.026994960203120387,0.032633764488467845,0.5195659986225444,0.5195659986225444,0.0,,0.0,8.510624715207559,0.9355864922306293,0.9368691518376235,1.956101057837199,1.9569929163564173,0.9889643657578665,0.9891896885731171,1.7200737972844493e-08,-0.5195659986215756,0.5195660016335889
113.60000000000001,1.2005067416219906,1.2200963660063013,0.026994960262878384,0.032633764488276484,0.5195659983958169,0.5195659983958169,0.0,,0.0,8.510624707432676,0.9355864896340856,0.9368691495654331,1.9561010560275942,1.9569929147739957,0.9889643653004165,0.9891896881731682,1.6774687888743145e-08,-0.5195659983948723,0.5195660013322839
113.80000000000001,1.200506738308782,1.2200963654263122,0.026994960321156246,0.03263376448808989,0.519565998174705,0.519565998174705,0.0,,0.0,8.51062469985037,0.935586487101857,0.9368691473495231,1.9561010542628123,1.9569929132307695,0.9889643648542974,0.9891896877831253,1.63591906549021e-08,-0.5195659981737839,0.5195660010384416
114.0,1.2005067350776388,1.2200963648606884,0.02699496037799064,0.03263376448790796,0.5195659979590699,0.5195659979590699,0.0,,0.0,8.510624692455865,0.9355864846323492,0.9368691451884997,1.9561010525417424,1.9569929117257683,0.9889643644192282,0.989189687402744,1.5953985049721453e-08,-0.5195659979581718,0.5195660007518774
114.2,1.2005067319265288,1.2200963643090736,0.026994960433417297,0.03263376448773055,0.5195659977487761,0.5195659977487762,0.0,,0.0,8.510624685244512,0.9355864822240098,0.936869143081003,1.9561010508633025,1.956992910258044,0.9889643639949354,0.9891896870317846,1.5558816138239173e-08,-0.5195659977479002,0.519566000472411
114.4,1.2005067288534694,1.220096363771122,0.026994960487471086,0.03263376448755755,0.5195659975436911,0.5195659975436911,0.0,,0.0,8.510624678211785,0.9355864798753225,0.9368691410257075,1.9561010492264357,1.956992908826675,0.9889643635811519,0.9891896866700131,1.5173435174986594e-08,-0.5195659975428367,0.5195660001998667
114.60000000000001,1.200506725856528,1.2200963632464943,0.026994960540186012,0.03263376448738884,0.5195659973436858,0.5195659973436858,0.0,,0.0,8.510624671353249,0.9355864775848112,0.9368691390213209,1.9561010476301135,1.9569929074307595,0.9889643631776176,0.9891896863172027,1.4797599770521863e-08,-0.5195659973428527,0.5195659999340728
114.80000000000001,1.2005067229338182,1.22009636273486,0.026994960591595233,0.03263376448722432,0.5195659971486342,0.5195659971486343,0.0,,0.0,8.510624664664594,0.9355864753510339,0.9368691370665811,1.956101046073331,1.9569929060694202,0.9889643627840786,0.9891896859731312,1.4431073599996402e-08,-0.5195659971478219,0.5195659996748624
115.0,1.2005067200835022,1.2200963622358985,0.026994960641731094,0.032633764487063885,0.5195659969584138,0.5195659969584138,0.0,,0.0,8.510624658141603,0.9355864731725864,0.9368691351602586,1.9561010445551092,1.9569929047417998,0.9889643624002874,0.9891896856375818,1.4073626056210209e-08,-0.5195659969576221,0.519565999422072
115.2,1.2005067173037867,1.2200963617492955,0.026994960690625156,0.03263376448690747,0.5195659967729053,0.5195659967729053,0.0,,0.0,8.510624651780185,0.9355864710480967,0.9368691333011547,1.9561010430744923,1.9569929034470641,0.9889643620260022,0.9891896853103442,1.3725032249611857e-08,-0.519565996772133,0.519565999175543
115.4,1.2005067145929222,1.2200963612747442,0.026994960738308156,0.03263376448675493,0.5195659965919918,0.5195659965919918,0.0,,0.0,8.510624645576328,0.9355864689762298,0.9368691314880992,1.9561010416305495,1.956992902184398,0.988964361660988,0.9891896849912116,1.3385072772376105e-08,-0.5195659965912385,0.51956599893512
115.60000000000001,1.2005067119492043,1.2200963608119466,0.026994960784810083,0.032633764486606175,0.519565996415559,0.519565996415559,0.0,,0.0,8.510624639526148,0.9355864669556812,0.9368691297199522,1.956101040222372,1.9569929009530072,0.9889643613050147,0.989189684679984,1.3053534017593016e-08,-0.5195659964148246,0.5195659987006522
115.80000000000001,1.2005067093709696,1.2200963603606123,0.026994960830160206,0.032633764486461124,0.5195659962434963,0.5195659962434963,0.0,,0.0,8.510624633625818,0.9355864649851798,0.9368691279956007,1.9561010388490736,1.9569928997521173,0.9889643609578588,0.989189684376465,1.2730206888633688e-08,-0.5195659962427802,0.5195659984719919
116.0,1.2005067068565953,1.2200963599204564,0.026994960874387044,0.032633764486319675,0.5195659960756958,0.5195659960756958,0.0,,0.0,8.510624627871625,0.9355864630634866,0.9368691263139602,1.9561010375097914,1.9569928985809721,0.9889643606193016,0.9891896840804644,1.241488875591834e-08,-0.5195659960749974,0.519565998248995
116.2,1.200506704404501,1.2200963594912029,0.02699496091751842,0.03263376448618173,0.5195659959120511,0.5195659959120511,0.0,,0.0,8.51062462225997,0.9355864611893921,0.9368691246739729,1.9561010362036817,1.9569928974388358,0.9889643602891302,0.9891896837917952,1.2107380487069719e-08,-0.5195659959113703,0.5195659980315215
116.4,1.200506702013143,1.220096359072581,0.026994960959581475,0.03263376448604722,0.51956599575246,0.51956599575246,0.0,,0.0,8.510624616787306,0.9355864593617187,0.9368691230746069,1.9561010349299246,1.9569928963249892,0.988964359967137,0.9891896835102761,1.1807489153081718e-08,-0.5195659957517961,0.5195659978194347
116.60000000000001,1.2005066996810174,1.2200963586643279,0.02699496100060268,0.03263376448591607,0.5195659955968219,0.5195659955968219,0.0,,0.0,8.510624611450197,0.9355864575793146,0.9368691215148558,1.9561010336877165,1.9569928952387319,0.9889643596531194,0.9891896832357302,1.1515025960529002e-08,-0.5195659955961744,0.5195659976126009
116.80000000000001,1.200506697406657,1.220096358266186,0.02699496104060782,0.03263376448578817,0.5195659954450389,0.5195659954450389,0.0,,0.0,8.510624606245274,0.93558645584106,0.9368691199937387,1.9561010324762778,1.9569928941793802,0.9889643593468798,0.9891896829679845,1.1229806848311874e-08,-0.5195659954444073,0.51956599741089
117.0,1.2005066951886307,1.220096357877906,0.026994961079622064,0.032633764485663436,0.5195659952970153,0.5195659952970153,0.0,,0.0,8.510624601169283,0.9355864541458605,0.9368691185102989,1.956101031294845,1.9569928931462681,0.9889643590482254,0.9891896827068706,1.0951652362756192e-08,-0.5195659952963994,0.5195659972141755
117.2,1.2005066930255437,1.2200963574992427,0.02699496111766995,0.03263376448554179,0.5195659951526579,0.5195659951526579,0.0,,0.0,8.510624596219015,0.9355864524926492,0.9368691170636024,1.9561010301426753,1.9569928921387452,0.9889643587569685,0.9891896824522244,1.0680387477202125e-08,-0.5195659951520575,0.5195659970223331
117.4,1.2005066909160345,1.220096357129959,0.02699496115477543,0.03263376448542318,0.5195659950118763,0.5195659950118763,0.0,,0.0,8.510624591391364,0.9355864508803869,0.93686911565274,1.9561010290190441,1.9569928911561782,0.9889643584729257,0.9891896822038857,1.0415841730782027e-08,-0.5195659950112909,0.5195659968352426
117.60000000000001,1.2005066888587765,1.220096356769821,0.026994961190961855,0.032633764485307526,0.5195659948745818,0.5195659948745818,0.0,,0.0,8.510624586683287,0.9355864493080602,0.9368691142768236,1.956101027923245,1.9569928901979483,0.9889643581959188,0.9891896819616979,1.015784863167557e-08,-0.5195659948740108,0.519565996652786
117.80000000000001,1.2005066868524756,1.2200963564186034,0.02699496122625197,0.03263376448519474,0.519565994740688,0.519565994740688,0.0,,0.0,8.510624582091822,0.9355864477746789,0.9368691129349876,1.9561010268545882,1.9569928892634536,0.988964357925773,0.9891896817255091,9.906245712620887e-09,-0.519565994740131,0.5195659964748486
118.0,1.200506684895869,1.2200963560760851,0.026994961260667975,0.03263376448508475,0.5195659946101105,0.5195659946101105,0.0,,0.0,8.510624577614088,0.9355864462792776,0.9368691116263878,1.9561010258124005,1.956992888352106,0.9889643576623185,0.9891896814951705,9.660874988881574e-09,-0.5195659946095674,0.5195659963013185
118.2,1.2005066829877267,1.2200963557420506,0.026994961294231512,0.03263376448497749,0.5195659944827672,0.5195659944827672,0.0,,0.0,8.510624573247261,0.9355864448209164,0.9368691103502015,1.9561010247960273,1.9569928874633309,0.9889643574053895,0.9891896812705373,9.421581737001361e-09,-0.5195659944822378,0.5195659961320866
118.4,1.200506681126847,1.2200963554162891,0.026994961326963725,0.0326337644848729,0.5195659943585784,0.5195659943585784,0.0,,0.0,8.510624568988598,0.9355864433986782,0.9368691091056253,1.956101023804829,1.956992886596571,0.9889643571548246,0.9891896810514681,9.188215757682805e-09,-0.519565994358062,0.5195659959670463
118.60000000000001,1.2005066793120607,1.2200963550985968,0.026994961358885176,0.0326337644847709,0.5195659942374654,0.5195659942374654,0.0,,0.0,8.510624564835418,0.9355864420116679,0.936869107891876,1.9561010228381825,1.9569928857512795,0.9889643569104659,0.989189680837825,8.960629946375143e-09,-0.5195659942369619,0.5195659958060942
118.80000000000001,1.2005066775422248,1.2200963547887733,0.02699496139001597,0.03263376448467143,0.5195659941193521,0.5195659941193521,0.0,,0.0,8.510624560785109,0.9355864406590125,0.9368691067081909,1.9561010218954786,1.9569928849269256,0.9889643566721599,0.9891896806294738,8.738681486764044e-09,-0.5195659941188615,0.5195659956491282
119.0,1.2005066758162268,1.2200963544866235,0.02699496142037569,0.032633764484574446,0.5195659940041649,0.5195659940041649,0.0,,0.0,8.51062455683512,0.9355864393398616,0.9368691055538247,1.956101020976125,1.9569928841229904,0.9889643564397564,0.9891896804262833,8.522230365848316e-09,-0.5195659940036861,0.5195659954960502
119.2,1.2005066741329806,1.2200963541919574,0.026994961449983427,0.03263376448447987,0.5195659938918309,0.5195659938918309,0.0,,0.0,8.51062455298297,0.9355864380533853,0.9368691044280513,1.956101020079543,1.956992883338968,0.9889643562131095,0.9891896802281255,8.311140664574168e-09,-0.5195659938913636,0.519565995346764
119.4,1.2005066724914273,1.22009635390459,0.026994961478857785,0.032633764484387616,0.5195659937822787,0.5195659937822787,0.0,,0.0,8.510624549226229,0.9355864367987743,0.9368691033301626,1.9561010192051693,1.9569928825743648,0.9889643559920765,0.9891896800348765,8.1052793227121e-09,-0.5195659937818232,0.5195659952011752
119.60000000000001,1.2005066708905336,1.2200963536243403,0.02699496150701695,0.03263376448429766,0.5195659936754403,0.5195659936754403,0.0,,0.0,8.510624545562559,0.9355864355752388,0.9368691022594676,1.9561010183524525,1.9569928818287015,0.9889643557765183,0.9891896798464136,7.904517373980013e-09,-0.5195659936749961,0.5195659950591927
119.80000000000001,1.2005066693292936,1.2200963533510318,0.026994961534478647,0.03263376448420995,0.5195659935712481,0.5195659935712481,0.0,,0.0,8.51062454198961,0.9355864343820091,0.9368691012152933,1.956101017520857,1.9569928811015072,0.9889643555662994,0.9891896796626188,7.708727906008406e-09,-0.5195659935708151,0.5195659949207267
120.0,1.2005066678067222,1.2200963530844928,0.026994961561260175,0.03263376448412442,0.5195659934696367,0.5195659934696367,0.0,,0.0,8.51062453850517,0.9355864332183337,0.936869100196981,1.9561010167098587,1.9569928803923233,0.988964355361287,0.9891896794833765,7.517787753430483e-09,-0.5195659934692142,0.5195659947856903
