t,J_mean,theta_mean,u_mean,W_inventory,source_integral,source_mean,collapsed_skin_thickness,front_position,reactant_penetration_depth,heat_source_localization,min_A,mean_A,min_D,mean_D,min_M,mean_M,surface_q,surface_n,surface_h
0.0,1.2999999999999998,4.9999999999999996e-05,0.02,0.026012500000000004,0.009992966748655798,0.009992966748655798,0.0,,0.0,1.2505617016904587,0.9969863314216022,0.9990408383580583,1.9979888657596805,1.999360052663286,0.9994970899680228,0.9998399815031443,-0.0009405127121299428,-0.6894955077750986,9.838709677419356e-06
0.2,1.3001240059403394,0.005695627938065652,0.08805633568467333,0.11428864845622477,0.04473086847685249,0.044730868476852495,0.0,,0.0,5.132753657407353,0.9981057981495444,0.9994042152862509,1.9987364005128532,1.9996026111059206,0.999684050211087,0.9999006403280495,-0.00036862319044914105,-0.3857578966678757,0.001634844083772329
0.4,1.3001565986023937,0.016658924492031418,0.13311406020994754,0.17283718280815197,0.06948479878138854,0.06948479878138854,0.0,,0.032258064516129004,4.09986463608856,0.9984299198575399,0.9995713405846465,1.9989527315603273,1.9997141116286028,0.9997381486035762,0.9999285206902553,2.7337940486163448e-05,-0.32309267380770507,0.0038782520863016932
0.6000000000000001,1.3001179038182795,0.03166763559255582,0.16781215730418064,0.21792155850499706,0.09030798053583285,0.09030798053583285,0.0,,0.06451612903225801,3.5513765925688037,0.99842014052646,0.9995979685381527,1.9989462051511897,1.9997318711628422,0.9997365165725677,0.9999329610468178,0.0003500507422991156,-0.29098507152500513,0.006336209781622786
0.8,1.3000196305554688,0.05008478767988972,0.19567528053263367,0.2540904842083907,0.10879044672678272,0.10879044672678272,0.0,,0.09677419354838701,3.2085741278940003,0.9982030242738948,0.9995395473203041,1.9988012978108378,1.9996928918760053,0.999700279532038,0.9999232142359348,0.0006267664276338736,-0.271589973808903,0.008919822134721561
1.0,1.2998689632988,0.0715066383580517,0.21843405218351852,0.2835938073743505,0.1257197234488066,0.1257197234488066,0.0,,0.09677419354838701,2.9733111538899886,0.9978545452931209,0.9994266582432698,1.9985686726550633,1.9996175655036963,0.9996421041126277,0.9999043784533616,0.0008768699083695486,-0.25902974585265187,0.011598469710701309
1.2000000000000002,1.2996696199639912,0.09565712823188022,0.2371057321320624,0.3077613773584796,0.14159271744576343,0.14159271744576343,0.0,,0.12903225806451601,2.802125823952519,0.9974262858601406,0.9992785414882505,1.9982827163164503,1.9995187165624486,0.9995705868720747,0.9998796596855384,0.0011157821481775632,-0.2506597383540908,0.01436846655864598
1.4000000000000001,1.2994226168762506,0.12234263605121133,0.2523464784745311,0.3274522734987006,0.15675871842609115,0.15675871842609115,0.0,,0.12903225806451601,2.6729032287086656,0.9969510932140908,0.9991073804412582,1.9979653260220323,1.9994044649514,0.9994912020548885,0.9998510877589247,0.0013550708074583917,-0.24508017688369968,0.017240554950260598
1.6,1.2991270365183851,0.1514263867867297,0.2646037321307024,0.3432512716830358,0.17147156293986662,0.17147156293986662,0.0,,0.12903225806451601,2.57333379580584,0.9964468236893674,0.998919057121768,1.9976284043905952,1.999278729645636,0.9994069252112076,0.9998196422680363,0.001602580926293229,-0.2414805994451316,0.02023198111823575
1.8,1.2987807120421286,0.18281144105281122,0.2741953556093976,0.3555724226915977,0.18591543041458228,0.1859154304145823,0.0,,0.12903225806451601,2.496102374364024,0.9959205343761075,0.9987143569613341,1.9972766492437108,1.999142030526602,0.9993189303598052,0.9997854529482496,0.0018630984311431842,-0.23936904646611337,0.023361604417865955
2.0,1.2983807548344812,0.2164284313847132,0.2813559481182251,0.36472034436135464,0.20022141558423492,0.20022141558423492,0.0,,0.12903225806451601,2.4366309571490175,0.9953723001737881,0.9984940364202396,1.9969100950075716,1.9989948655327994,0.9992272251315322,0.9997486438845193,0.0021391938202120486,-0.2384403914105416,0.026647309695041345
2.2,1.2979239197741559,0.25222641429002796,0.2862660946435266,0.3709291081977717,0.21447797848457334,0.21447797848457334,0.0,,0.12903225806451601,2.391955556663526,0.9947981099167846,0.9982546497800908,1.9965260419766568,1.9988349278316078,0.9991311329914747,0.9997086377609966,0.002431968798900383,-0.23850342268979816,0.03010488366143555
2.4000000000000004,1.2974068401445689,0.29016565409997935,0.2890718343441872,0.37438810509426723,0.22873873514696347,0.22873873514696347,0.0,,0.12903225806451601,2.3601193728853564,0.9941918337332314,0.9979904991710031,1.996120367495831,1.9986584055525967,0.9990296210091784,0.9996644807763013,0.002741621509119399,-0.23943771448381732,0.03374770714363019
2.6,1.2968261665542127,0.3302117110194746,0.28989794854703466,0.37525962924319434,0.24302804625102084,0.24302804625102084,0.0,,0.12903225806451601,2.3398296681211375,0.9935464269337528,0.9976987721821046,1.9956883284514633,1.9984634064939646,0.9989215004740882,0.9996156987968874,0.0030678249957692277,-0.24116714314048382,0.03758681919593224
2.8000000000000003,1.2961786468643868,0.3723302785736099,0.2888576295228018,0.37369159117208045,0.25734337909800753,0.25734337909800753,0.0,,0.12903225806451601,2.3302709794863667,0.9928546208467564,0.9973741144422805,1.995225021622892,1.9982463395635637,0.9988055419693859,0.9995613926994752,0.0034099626776908504,-0.24364284863395144,0.04163109040000155
3.0,1.2954611702184073,0.41648248101209334,0.2860596898940972,0.36982692927385724,0.2716574104726715,0.2716574104726715,0.0,,0.12903225806451601,2.3309833979340664,0.9921092774082819,0.9970110016382143,1.9947256195664327,1.9980034957844446,0.998680534309696,0.9995006336007575,0.0037672574400310077,-0.2468322081580533,0.04588736972920249
3.2,1.2946707918711307,0.46262041552453437,0.2816141852195213,0.36381089160123514,0.28591909282648686,0.2859190928264869,0.0,,0.12903225806451601,2.3417874267557868,0.9913035325926596,0.9966039035400864,1.9941854653497169,1.9977311571711391,0.9985453081674484,0.999432490046281,0.004138826310600058,-0.25071168490981444,0.05036055178051553
3.4000000000000004,1.2938047532879924,0.5106829075212947,0.27563703022814673,0.35579696626691587,0.30005466483214477,0.30005466483214477,0.0,,0.12903225806451601,2.362733736512376,0.9904308405336996,0.9961473637019949,1.9936001008014543,1.9974256493321139,0.998398743060256,0.9993560411271817,0.004523687782407776,-0.25526166824799634,0.05505351810322715
3.6,1.2928605036772878,0.5605914625692312,0.2682538328587551,0.34595176168487635,0.3139686232678137,0.3139686232678137,0.0,,0.09677419354838701,2.394070347641559,0.9894849795889428,0.9956318333981368,1.992965269216111,1.997080563407344,0.9982397679406401,0.9992696819208402,0.0049207437808587995,-0.2604627358360107,0.059966978341061974
3.8000000000000003,1.2918357262773184,0.6122466919427646,0.2596029080153212,0.33445879031517856,0.3275471452266061,0.32754714522660616,0.0,,0.09677419354838701,2.436204683899025,0.9884600425676673,0.9950482596576536,1.9922769073780953,1.996689813935986,0.9980673591073401,0.9991718879054117,0.005328743879638484,-0.2662928278816436,0.06509922396020493
4.0,1.2907283729451295,0.6655254048121687,0.24983741493096948,0.32152108687387865,0.3406609752305837,0.3406609752305837,0.0,,0.09677419354838701,2.489682496659978,0.9873504493116446,0.9943766671644929,1.9915311525594246,1.9962400245507836,0.997880541863833,0.9990593112423161,0.005746244296533365,-0.27272497627362235,0.07044580787576436
4.2,1.289536706552233,0.7202795150936793,0.2391258908033374,0.3073617184610118,0.3531805543469626,0.3531805543469626,0.0,,0.09677419354838701,2.5550891102910662,0.9861510007231769,0.9936499302160358,1.9907243774435899,1.9957530467335103,0.9976783991761864,0.998937410721021,0.006171575574687949,-0.2797253971393624,0.07599922017617095
4.4,1.2882593483943792,0.7763364550215711,0.22765142480602624,0.2922225115945014,0.3649730115544223,0.3649730115544223,0.0,,0.06451612903225801,2.6330922350441077,0.9848569701166024,0.9928697667906359,1.9898532504059876,1.9952299580096804,0.9974600866991187,0.9988064514407119,0.0066028235613745795,-0.2872520338931424,0.08174860994455573
4.6000000000000005,1.286895327073276,0.8335007096835587,0.2156097968535944,0.27636142969293637,0.3759173184678606,0.37591731846786064,0.0,,0.06451612903225801,2.724354067958488,0.9834642446530516,0.9920353248474059,1.988914829996128,1.9946701167445138,0.9972248564029302,0.9986662683367392,0.00703783823343361,-0.29525376541631804,0.08767964065951593
4.800000000000001,1.2854441201363764,0.891557840911607,0.20320570582634784,0.26004746868368045,0.38591751871937324,0.38591751871937324,0.0,,0.06451612903225801,2.829457137520676,0.981969484649961,0.9911460052642972,1.9879066722475618,1.994073044480458,0.9969720834641567,0.998516736787167,0.00747426877497788,-0.3036702880810308,0.09377453694030444
5.0,1.283905691392559,0.9502816259665812,0.1906464994572497,0.2435523402304388,0.3949147186845074,0.3949147186845074,0.0,,0.032258064516129004,2.9488275237659454,0.9803702918108681,0.9902014874161584,1.9868269450388432,1.9934384436868025,0.9967012949882063,0.9983577770923365,0.007909628019034776,-0.31243283711562614,0.1000123638341888
5.2,1.2822805083658175,1.0094431422606616,0.17813454690308758,0.22714044588560175,0.40289713702978064,0.40289713702978064,0.0,,0.032258064516129004,3.0826524031004605,0.9786653598209769,0.9892017437090552,1.9856745318030486,1.9927662084001345,0.9964121961388077,0.9981893571931566,0.008341390401197968,-0.32146600653197416,0.10636961847308445
5.4,1.280569536588011,1.0688213209307418,0.16585866098998928,0.21105769050149306,0.4099057253011614,0.4099057253011614,0.0,,0.032258064516129004,3.2308060387766804,0.9768545996415059,0.988147040799047,1.9844491195113028,1.9920564261747258,0.9961046924084624,0.9980114932288261,0.008767125217193153,-0.330690555562972,0.1128211462343008
5.6000000000000005,1.2787742065202246,1.128213587478415,0.1539857367933512,0.19552065590385012,0.41603380230610115,0.41603380230610115,0.0,,0.032258064516129004,3.3927952218611424,0.9749391714133959,0.9870379245019433,1.983151224801243,1.9913093692320365,0.9957788964517534,0.9978242473991377,0.009184633957235372,-0.34002691377104655,0.11934127023316697
5.800000000000001,1.276896353347667,1.187445757192725,0.14265326812498103,0.18070700369023948,0.4214192031872055,0.4214192031872055,0.0,,0.032258064516129004,3.56774617839995,0.9729214266748275,0.9858751880988222,1.9817821603057186,1.990525474499642,0.9954351199695729,0.997627723046906,0.009592087358145054,-0.3493991784867491,0.12590507130086467
6.0,1.2749381317883708,1.2463793818467124,0.13196418632648557,0.16674896043893,0.42623007993390694,0.42623007993390694,0.0,,0.0,3.754442472192856,0.9708047548958233,0.9846598246815847,1.9803439365157374,1.9897053127957907,0.9950738494357744,0.997422057013665,0.009988140280342783,-0.35873895488069296,0.13248964558169737
6.2,1.272901911194566,1.3049154433198469,0.12198487457446307,0.15373095838442846,0.4306468439833321,0.4306468439833321,0.0,,0.0,3.9514135498169747,0.9685933120226795,0.9833929661117445,1.9788390832092657,1.988849548704269,0.9946957016046633,0.9972074096439617,0.0103719938832601,-0.36798844528717384,0.13907514461906742
6.4,1.2707901648326325,1.362994256134114,0.11274633154068466,0.14169136805895396,0.4348429292070699,0.4348429292070699,0.0,,0.0,4.157068838829608,0.9662916959933446,0.9820758168286843,1.9772704336682714,1.9879588965854853,0.9943013695989622,0.9969839537967528,0.010743403849794955,-0.3771023272778648,0.1456454568965769
6.6000000000000005,1.2686053628174747,1.4205915566198806,0.10424841715866927,0.1306281942270319,0.43896846840850695,0.438968468408507,0.0,,0.0,4.369849181162867,0.9639046027484968,0.9807095881496972,1.975640893865034,1.9870340764525665,0.9938915651120328,0.9967518637938584,0.011102631998944332,-0.3860481573006915,0.15218845346029902
6.800000000000001,1.266349880381487,1.4777117575774732,0.09646627301136096,0.12050753279852379,0.44313950905740435,0.44313950905740435,0.0,,0.0,4.588364265428876,0.9614365042549885,0.9792954404534341,1.973953224536017,1.9860757747224271,0.9934669637182332,0.996511305562956,0.011450347817673623,-0.3948053543248038,0.1586957847045102
7.0,1.2640259278418882,1.5343800219481363,0.08935751744677403,0.11127297285179154,0.44743317387737347,0.44743317387737347,0.0,,0.0,4.811497735410408,0.9588913987507159,0.9778344375980352,1.9722098704286197,1.985084612873039,0.9930281619134329,0.9962624287410079,0.011787510553573882,-0.4033632663193014,0.16516237517087945
7.2,1.2616355056543305,1.590633923404979,0.08286956073369547,0.10285508701659224,0.4518897235071351,0.4518897235071351,0.0,,0.0,5.038449429784878,0.9562726430517486,0.9763275161612068,1.9704128438361814,1.984061125874167,0.992575647699176,0.9960053612138408,0.012115239787805404,-0.41171856736557794,0.17158568030740554
7.4,1.2591803836078823,1.6465162031249554,0.07694582175302957,0.09517945742118097,0.4565190069982317,0.4565190069982317,0.0,,0.0,5.268722846461104,0.9535828784098318,0.9747754694715792,1.9685636708733134,1.983005750518155,0.9921097868736543,0.995740206132799,0.012434702439178838,-0.4198726680496236,0.1779649010546933
7.6000000000000005,1.2566621008174987,1.7020692842629794,0.07153033381035112,0.08817259547136684,0.461308871670649,0.461308871670649,0.0,,0.0,5.502073933179896,0.9508240351359797,0.9731789448016739,1.9666633910511444,1.9819188226737572,0.9916308226959056,0.995467041171173,0.012747027474588057,-0.42782951052978496,0.18430027493791287
7.800000000000001,1.2540819794888287,1.7573315977953607,0.06657076147683652,0.08176579883392786,0.4662339387161438,0.4662339387161438,0.0,,0.0,5.738436066379101,0.9479973871709457,0.9715384495507983,1.9647125909553584,1.980800580702747,0.991138884125205,0.9951859193317101,0.013053249719520196,-0.4355939186110207,0.19059250841824305
8.0,1.251441146718429,1.8123356414058305,0.06201994144408628,0.07589710751177814,0.4712629524172677,0.4712629524172677,0.0,,0.0,5.977844253236303,0.945103635140394,0.9698543629407009,1.9627114576772502,1.9796511727204718,0.9906339990458385,0.9948968707255179,0.013354282485532137,-0.4431705645787966,0.196842384220961
8.200000000000001,1.248740559743305,1.8671073989211275,0.057836285288647205,0.07051180309897138,0.47636379457709893,0.47636379457709893,0.0,,0.0,6.220375016545759,0.9421429959810267,0.9681269503487043,1.9606598371332897,1.9784706657562758,0.9901161087450993,0.9945999048346503,0.01365091249663987,-0.45056346593613655,0.20305053097383002
8.4,1.2459810304919967,1.9216665164851148,0.05398357143134727,0.0655621284118517,0.4815068250819872,0.4815068250819873,0.0,,0.0,6.466099523956309,0.9391152847930212,0.9663563775609967,1.9585572874354193,1.9772590549429656,0.9895850811676434,0.9942950127869419,0.013943807140494133,-0.4577758090614082,0.20921730462357255
8.6,1.2431632480042472,1.976027031368636,0.0504302983840556,0.061006453480223974,0.4866660311646193,0.4866660311646193,0.0,,0.0,6.715061275823854,0.936019982490537,0.9645427239676742,1.9564031228184358,1.9760162720519885,0.989040721809491,0.9939821694702861,0.014233530937533018,-0.46481003206723326,0.21534276472890196
8.8,1.2402877972961288,2.030198190207666,0.04714898803229684,0.05680838022719456,0.49181934835936253,0.49181934835936253,0.0,,0.0,6.967264435258732,0.9328562851897749,0.9626859936687001,1.9541964451934168,1.974742192637015,0.9884827815044376,0.9936613352988237,0.014520562963946257,-0.471667977723786,0.22142669125091793
9.0,1.2373551746694302,2.0841852614454126,0.04411551417780747,0.05293588206929482,0.49694832457916965,0.4969483245791697,0.0,,0.0,7.222671976110809,0.9296231368973705,0.9607861244049394,1.9519361642630184,1.973436641702846,0.9879109613297962,0.9933324576085986,0.014805313802101941,-0.4783510763822518,0.22746862586465544
9.200000000000001,1.2343657998756639,2.137990250040448,0.04130852667880738,0.049360566579048464,0.5020375301517459,0.5020375301517459,0.0,,0.0,7.4812089658906045,0.9263192478857973,0.9588429945132618,1.9496210077119256,1.9720993980161863,0.9873249150044671,0.9929954717107377,0.015088140290158272,-0.4848605127114371,0.23346791992167143
9.4,1.231320025685731,2.191612478508847,0.03870899639103381,0.046057091950726464,0.5070740346875868,0.5070740346875868,0.0,,0.0,7.7427665055215655,0.9229431019551579,0.9568564282165904,1.947249523569588,1.9707301972566733,0.9867242493009258,0.9926503016511377,0.015369357468436942,-0.4911973544380652,0.23942377850398483
9.600000000000001,1.2282181451935439,2.245049061961099,0.036299855347665444,0.04300270465641971,0.5120469524788175,0.5120469524788176,0.0,,0.0,8.007205946616857,0.9194929540528627,0.9548261994145895,1.944820075650583,1.9693287341056926,0.9861085226921261,0.9922968607001483,0.015649248250843503,-0.49736265195494817,0.24533530039997853
9.8,1.2250603974745995,2.298295298495454,0.034065710525293065,0.04017687060348689,0.5169470451083475,0.5169470451083477,0.032258064516129004,0.967741935483871,0.0,8.27436325899284,0.9159668208279245,0.9527520343623376,1.9423308337647223,1.9678946635314416,0.9854772426541385,0.9919350516368098,0.01592807124317837,-0.5033575103180945,0.25120151208073827
10.0,1.221846971761505,2.351344981282795,0.03199262448522073,0.03756099081152267,0.5217664884221554,0.5217664884221554,0.09677419354838701,0.903225806451613,0.0,8.544051615522434,0.9123624647343309,0.9506336133102591,1.9397797590214911,1.9664276013072859,0.9848298616995397,0.9915647668360623,0.01620606684679886,-0.509183135099578,0.25702139480748504
10.200000000000001,1.2185780105872723,2.404190666039868,0.03006793279936009,0.03513816397138438,0.5264986391275696,0.5264986391275696,0.12903225806451601,0.870967741935484,0.0,8.816064405566339,0.9086773732770211,0.9484705713920698,1.937164585245505,1.9649271239543131,0.9841657723920135,0.9911858882065435,0.016483462482020664,-0.5148408639687666,0.26279390727178037
10.4,1.215253611982631,2.456823895718954,0.0282800959018878,0.032892992633355315,0.5311378639712598,0.5311378639712598,0.16129032258064502,0.838709677419355,0.0,9.09017764450197,0.904908733031423,0.9462624987910006,1.9344827961325504,1.9633927681158738,0.9834843012406027,0.9907982869800092,0.01676047697262749,-0.5203321836887231,0.2685180036824293
10.600000000000001,1.2118738307615131,2.5092353886984218,0.02661857921469426,0.030811425176243978,0.5356794495709372,0.5356794495709373,0.19354838709677402,0.806451612903226,0.0,9.366151267072986,0.9010533982606983,0.9440089401771843,1.9317315978948433,1.961824029343938,0.9827847014009767,0.990401823346203,0.017037324268611723,-0.5256587354284114,0.274192647607704
10.8,1.208438679105271,2.561415205684465,0.025073748094307985,0.028880616849594445,0.5401194900359421,0.5401194900359421,0.19354838709677402,0.806451612903226,0.0,9.643730854248338,0.897107854250104,0.9417093935356964,1.9289078873372612,1.9602203603666115,0.9820661441588827,0.9899963459496874,0.01731421693554877,-0.530822314177103,0.27981682301395505
11.0,1.2049481265203932,2.6133528963959103,0.023636776282807838,0.027088808171236534,0.5444547660868021,0.5444547660868021,0.22580645161290303,0.774193548387097,0.0,9.9226496381965,0.8930681744408657,0.9393633084049128,1.9260082145445783,1.9585811688324057,0.9813277089756292,0.9895816912462083,0.017591369495034134,-0.5358248623381356,0.28538954285617785
11.200000000000001,1.2014020991371455,2.665037624303535,0.02229956904868903,0.025425222012789416,0.5486826711529398,0.5486826711529398,0.25806451612903203,0.741935483870968,0.0,10.202629790016214,0.8889299702899783,0.9369700834610244,1.9230287392098409,1.9569058144627667,0.980568371834584,0.9891576826995717,0.017869001685421493,-0.5406684576132421,0.290909855245743
11.4,1.1978004783817964,2.716458275262901,0.021054696104478344,0.02387997326963675,0.552801148714278,0.552801148714278,0.25806451612903203,0.741935483870968,0.0,10.483383492502435,0.8846883323766597,0.9345290634246121,1.9199651792942247,1.9551936055685901,0.9797869915376787,0.9887241298058477,0.01814734178072165,-0.545355297582732,0.29637684779580453
11.600000000000001,1.1941430989076462,2.767603551696687,0.01989533237515512,0.02244398867146689,0.5568086320928364,0.5568086320928364,0.29032258064516103,0.709677419354839,0.0,10.764613893095975,0.880337760391151,0.9320395351481485,1.916812750004603,1.9534437947956917,0.9789822934167322,0.9882808269081207,0.01842662996111781,-0.5498876814839192,0.3017896501797909
11.8,1.190429745819184,2.8184620547088297,0.018815204694602558,0.021108934304233298,0.5607039744624646,0.5607039744624646,0.32258064516129004,0.67741935483871,0.0,11.046016166373391,0.8758720801407541,0.9295007228426952,1.913566091348756,1.9516555740292276,0.9781528499880825,0.98782755178111,0.01870712196182797,-0.5542679896089825,0.3071474352021005
12.0,1.1866601511647932,2.8690223539782416,0.017808544606957605,0.019867151005837237,0.5644863860944614,0.5644863860944614,0.32258064516129004,0.67741935483871,0.0,11.327278363288816,0.8712843445182005,0.9269117823440005,1.9102191815630842,1.9498280683353386,0.9772970578253211,0.9873640639510625,0.01898909313148081,-0.5584986603893137,0.3124494185843185
12.200000000000001,1.1828339895858806,2.9192730458927967,0.01687004680524499,0.018711596999772873,0.5681553846809189,0.5681553846809189,0.35483870967741904,0.645161290322581,0.0,11.608081851626016,0.8665667141599297,0.9242717942314205,1.9067652326760025,1.947960328741588,0.9764131096509805,0.9868901026957788,0.019272843008086918,-0.5625821655283807,0.3176948575810068
12.4,1.1789508729742648,2.969202801414951,0.015994831840281908,0.01763579600873541,0.5717107448635244,0.5717107448635244,0.35483870967741904,0.645161290322581,0.0,11.888101529532683,0.8617103124039042,0.9215797555588808,1.9031965634547945,1.946051323600704,0.9754989603742791,0.9864053846537867,0.0195587005638133,-0.5665209831487175,0.3228830484021014
12.600000000000001,1.1750103439805775,3.0188004043460848,0.015178412427601186,0.016633789930778388,0.5751524415376834,0.5751524415376834,0.38709677419354804,0.612903225806452,0.0,12.167005873853103,0.8567050476903744,0.9188345699161035,1.8995044436435204,1.944099928229533,0.9745522854401738,0.985909600956585,0.019847030345878744,-0.5703175682877274,0.32801332235888647
12.8,1.1710118681781563,3.0680547796708137,0.014416663464098731,0.01570009612387257,0.5784805951315725,0.5784805951315725,0.41935483870967705,0.580645161290323,0.0,12.444456570069269,0.8515393942904537,0.9160350354623936,1.8956789013780244,1.9421049124285443,0.9735704293115139,0.9854024137735169,0.020138239842802802,-0.5739743203193625,0.3330850407521965
13.0,1.1669548246054384,3.1169550120299303,0.01370579548734275,0.014829668846514517,0.5816954189803543,0.5816954189803544,0.41935483870967705,0.580645161290323,0.0,12.720107586676187,0.8462001189185673,0.9131798304471127,1.8917084827053074,1.940064925349915,0.972550341111832,0.984883452120571,0.02043278848470599,-0.5774935464963978,0.3380975884278443
13.200000000000001,1.162838494303502,3.165490354431103,0.013042331108999742,0.01401786411568901,0.5847971605436767,0.5847971605436767,0.45161290322580605,0.548387096774194,0.0,12.993603701586128,0.8406719362063033,0.9102674955581166,1.8875799480316915,1.9379784769947987,0.9714884933529139,0.9843523067320705,0.020731198816118415,-0.5808774201312501,0.3430503657378145
13.4,1.1586620463365,3.213650226464469,0.012423084447467906,0.01326040780063319,0.587786035776673,0.587786035776673,0.48387096774193505,0.516129032258065,0.0,13.264578257493493,0.8349370693845802,0.9072964122124599,1.8832778843722076,1.9358439153679088,0.9703807780698767,0.9838085237233938,0.021034070591278792,-0.5841279315127219,0.3479427785562952
13.600000000000001,1.1544245206060533,3.2614242009406182,0.01184514361550919,0.012553366725469688,0.5906621544431097,0.5906621544431097,0.48387096774193505,0.516129032258065,0.0,13.532649889320735,0.8289746832183784,0.9042647755849422,1.8787842038386071,1.9336593979596959,0.9692223724118186,0.9832515966722974,0.021342098917515345,-0.5872468284841418,0.3527742258026654
13.8,1.150124806507297,3.308801977185746,0.01130585651136777,0.011893122678501906,0.5934254333711798,0.5934254333711798,0.5161290322580641,0.48387096774193594,0.0,13.79741780074902,0.8227601411299794,0.9011705606963598,1.8740774852569995,1.9314228556942932,0.9680075620916684,0.9826809565968572,0.021656097973108024,-0.590235542700334,0.35754408377455116
14.0,1.1457616160867374,3.3557733384714497,0.010802820248284821,0.011276349145758221,0.5960754902534081,0.5960754902534081,0.5483870967741931,0.45161290322580694,0.0,14.058455057281936,0.8162640168899126,0.8980114791803256,1.8691320961856837,1.9291319466873496,0.9667295058025244,0.9820959590845845,0.021977032698196966,-0.5930950953660628,0.36225168615562825
14.200000000000001,1.1413334497785954,3.402328089783554,0.010333874789465488,0.010699990578059025,0.5986115031703036,0.5986115031703036,0.5483870967741931,0.45161290322580694,0.0,14.315299222392479,0.8094507557197449,0.8947849232758526,1.8639170004381673,1.92678399593987,0.965379915034526,0.9814958674841197,0.02230606194942371,-0.5958259726403458,0.36689629792744594
14.4,1.1368385519056177,3.448455969609088,0.009897102219049624,0.010161244590524816,0.6010320281306292,0.6010320281306292,0.5806451612903221,0.41935483870967794,0.0,14.56743882715841,0.8022768225223499,0.8914878919235913,1.858394104279803,1.9243759151808972,0.963948609707296,0.9808798305309416,0.022644598562701665,-0.5984279565765132,0.37147708065683954
14.600000000000001,1.1322748523639372,3.4941465275371324,0.009490833242638516,0.009657547122331137,0.6033347447125481,0.6033347447125481,0.6129032258064511,0.38709677419354893,0.0,14.814293888348367,0.7946881009088889,0.8881168917906014,1.8525159240328548,1.921904094500581,0.9624228908325031,0.9802468520420826,0.0229943974832659,-0.600899890121295,0.37599304532031935
14.8,1.1276398892425712,3.539388956024297,0.009113664561180573,0.009186561361422627,0.6055161025156636,0.6055161025156637,0.6451612903225801,0.35483870967741993,0.0,15.055187033741989,0.7866161038342363,0.8846678021513702,1.8462221780125934,1.9193642526702208,0.960786623148983,0.9795957489617407,0.02335768259513321,-0.6032393343488456,0.38044298671049726
15.0,1.122930687644539,3.5841718305684567,0.008764494775331151,0.008746171562993302,0.6075707527819614,0.6075707527819614,0.6774193548387091,0.3225806451612909,0.0,15.289297655349108,0.7779721018005519,0.8811356698664885,1.8394345076321463,1.9167512115296215,0.9590188141290646,0.9789250881838649,0.023737326663773192,-0.6054420409489031,0.3848253815647791
15.200000000000001,1.1181436081122924,3.6284827610938324,0.00844258330094937,0.008334483423477552,0.6094907245009905,0.6094907245009905,0.7096774193548381,0.2903225806451619,0.0,15.515593417670623,0.7686384554211397,0.87751443036726,1.8320485946646212,1.9140585795612606,0.9570914863271132,0.9782330974490393,0.02413717831565869,-0.6075011629159909,0.3891382456029547
15.4,1.1132741080536088,3.6723078576564707,0.008147658526037705,0.007949835564596218,0.6112640336534212,0.6112640336534212,0.7419354838709671,0.2580645161290329,0.0,15.732712787565427,0.7584541299942343,0.8737964678228453,1.8239209762476452,1.9112782506948482,0.9549661173562555,0.9775175240538325,0.024562569700671,-0.6094059409397237,0.39337890263046227
15.600000000000001,1.1083163616681733,3.715630880303686,0.007880113079034407,0.007590830663447114,0.6128722691957531,0.6128722691957532,0.7741935483870961,0.2258064516129039,0.0,15.938760786816085,0.7471897663347989,0.8699719000150262,1.8148462284147118,1.908399580115356,0.9525874707291089,0.9767754019702504,0.025021211270444932,-0.6111394096533417,0.39754359530786987
15.8,1.103262621991286,3.758431818031308,0.007641373507748028,0.0072564047285368,0.6142860706405774,0.6142860706405774,0.8064516129032251,0.1935483870967749,0.0,16.13092195521005,0.7345017393027953,0.8660273433031287,1.8045146422761926,1.905407939879663,0.9498721334120004,0.976002642540548,0.02552490636840446,-0.6126741486989319,0.4016267903398519
16.0,1.0981021080306426,3.800684396951059,0.007434644286456869,0.006945977366482088,0.6154559597921978,0.6154559597921978,0.8709677419354831,0.1290322580645169,0.0,16.304670520754918,0.7198408973957764,0.8619436432461011,1.7924273544428018,1.9022820041359998,0.9466854773097244,0.9751932618511073,0.026093226895270036,-0.6139637470256443,0.4056198536519928
16.2,1.0928186882612676,3.8423510637682177,0.007266637931814817,0.006659812274847549,0.616290838420051,0.6162908384200511,0.9999999999999991,8.881784197001252e-16,0.0,16.451891088663565,0.7022419552820354,0.8576910181618804,1.7776989356900463,1.898987839010952,0.9427879615748992,0.974337692927398,0.02676211230102224,-0.6149229110930966,0.40950811175801216
16.400000000000002,1.0873856030605449,3.8833716886366485,0.007152208370497044,0.006399999184910319,0.6165984711426765,0.6165984711426765,0.9999999999999991,8.881784197001252e-16,0.0,16.55560772719216,0.6797595386292248,0.8532172023067255,1.7585210689526714,1.8954640072390465,0.9376887256270139,0.9734185063559272,0.027609327194568115,-0.6153735033988044,0.413263399571778
16.6,1.0817494493747914,3.9236308878842348,0.007131047145806452,0.006174005801668252,0.6158607676429588,0.6158607676429589,0.9999999999999991,8.881784197001252e-16,0.0,16.569652464810048,0.6474245966029231,0.8484087491443072,1.7301826370955884,1.8915710706327127,0.930102591080229,0.9723957974360621,0.02885592409693348,-0.6148461368009907,0.416818853267752
16.8,1.0757516992469844,3.96280876327908,0.0073755491655288835,0.006017543257510715,0.6116173907072939,0.6116173907072939,0.9999999999999991,8.881784197001252e-16,0.0,16.267479394582864,0.5837700337586161,0.8428722598988992,1.67150933981932,1.8867842760703255,0.9141957851574796,0.9711170342112162,0.03168053707849121,-0.611243283085778,0.4199213536319108
17.0,1.208166038892318,3.991526475618028,0.012922104290059109,0.007793630634000129,0.47004920098634,0.47004920098634,0.032258064516129004,0.967741935483871,0.0,16.19201510345571,0.00010000011857921843,0.8824283198421629,0.0011825105801244148,1.876306681422493,0.022263171355498768,0.9535049541160298,1.4836939377161165,-0.49700466839874713,0.4111913232372151
17.2,1.5028066877315962,4.0019110677044605,0.01482012060607035,0.010879736649149952,0.44784288930842914,0.44784288930842914,0.032258064516129004,0.967741935483871,0.0,15.880520656957481,0.00010000011857921843,0.919073389243221,0.0011825105801244148,1.9020024929163122,0.022263171355498768,0.9600113524024708,1.3058787068969597,-0.45726792489395945,0.404883337682443
17.400000000000002,1.7441901683874315,4.008697287625445,0.015977315853661953,0.012290844533654347,0.4263479847547591,0.4263479847547591,0.032258064516129004,0.967741935483871,0.0,15.797810430675737,0.00010000011857921843,0.9402299528886442,0.0011825105801244148,1.9166575691333665,0.022263171355498768,0.9637106187040132,1.2149794227725244,-0.4316795505217995,0.4010474878196544
17.6,1.9544122460149957,4.012188074959677,0.01688477351629083,0.013153095022874919,0.40784081153940516,0.40784081153940516,0.032258064516129004,0.967741935483871,0.0,15.729037179934707,0.00010000011857921843,0.9560205571618012,0.0011825105801244148,1.9275496719012388,0.022263171355498768,0.9664570965769541,1.1511406850817976,-0.4113294073556622,0.397881441611193
17.8,2.1424916732118757,4.0128034687009295,0.017654566688303338,0.013738219790801982,0.39151209689794686,0.39151209689794686,0.032258064516129004,0.967741935483871,0.0,15.6580688811653,0.00010000011857921843,0.9670704993768741,0.0011825105801244148,1.9350708495100168,0.022263171355498768,0.9683472232986491,1.1011016913622143,-0.39396146740477017,0.3950532935640216
18.0,2.313446314138692,4.010862942284071,0.01833567434439901,0.014158000387008516,0.37675416627467057,0.37675416627467057,0.032258064516129004,0.967741935483871,0.0,15.582532657929331,0.00010000011857921843,0.9677451612941477,0.0011825105801244148,1.9355220164703266,0.022263171355498768,0.9684601023017902,1.0593810353762814,-0.3785487361357026,0.39242222073194327
18.2,2.4704349681765594,4.0066028085299354,0.018957459141372642,0.014470182699187291,0.3631049693629488,0.3631049693629488,0.032258064516129004,0.967741935483871,0.0,15.50179204411612,0.00010000011857921843,0.9677451612941477,0.0011825105801244148,1.9355220164703266,0.022263171355498768,0.9684601023017902,1.0229986389829,-0.3644592265629657,0.38989981605241986
18.400000000000002,2.615547716666116,4.000189820054201,0.019541659026485532,0.014708090452961224,0.3501700131693783,0.3501700131693783,0.032258064516129004,0.967741935483871,0.0,15.415224378979936,0.00010000011857921843,0.9677451612941477,0.0011825105801244148,1.9355220164703266,0.022263171355498768,0.9684601023017902,0.9900377810626975,-0.35121078865440564,0.3874183951354649
18.6,2.750183369441463,3.991728668345375,0.02010601990309372,0.014891309166298642,0.3375979694254858,0.3375979694254858,0.032258064516129004,0.967741935483871,0.032258064516129004,15.321836319214158,0.00010000011857921843,0.9677451612941477,0.0011825105801244148,1.9355220164703266,0.022263171355498768,0.9684601023017902,0.9591478405204139,-0.3383981172971746,0.3849204736632148
18.8,2.875266028183714,3.981268847143737,0.020665262635655962,0.015030569899496124,0.32507976835627406,0.32507976835627406,0.032258064516129004,0.967741935483871,0.032258064516129004,15.220253534453258,0.00010000011857921843,0.9677451612941477,0.0011825105801244148,1.9355220164703266,0.022263171355498768,0.9684601023017902,0.9293403163886514,-0.3256759650436688,0.3823548189801409
19.0,2.9913910704512103,3.968811730368784,0.021231678188852982,0.015130490375800174,0.3123441837011194,0.3123441837011194,0.032258064516129004,0.967741935483871,0.032258064516129004,15.108819206010498,0.00010000011857921843,0.9677451612941477,0.0011825105801244148,1.9355220164703266,0.022263171355498768,0.9684601023017902,0.8998733075450092,-0.3127471831645764,0.3796746933937549
19.200000000000003,3.098923136476947,3.9543163291066965,0.021815801175886298,0.015191104050205292,0.29914635996903943,0.29914635996903943,0.032258064516129004,0.967741935483871,0.032258064516129004,14.985664546646337,0.00010000011857921843,0.9677451612941477,0.0011825105801244148,1.9355220164703266,0.022263171355498768,0.9684601023017902,0.8701709173892072,-0.2993463003729076,0.3768365134024878
19.400000000000002,3.1980609998608873,3.9377025093747933,0.022427173526299787,0.015208518388027241,0.28525121964917066,0.28525121964917066,0.032258064516129004,0.967741935483871,0.032258064516129004,14.848703863666938,0.00010000011857921843,0.9677451612941477,0.0011825105801244148,1.9355220164703266,0.022263171355498768,0.9684601023017902,0.839761561427122,-0.28521895642928696,0.3737982733271233
19.6,3.2888775774032735,3.9188509179077715,0.023075093712166858,0.015174846284201704,0.2704144581274905,0.2704144581274905,0.032258064516129004,0.967741935483871,0.032258064516129004,14.695542910164546,0.00010000011857921843,0.9677451612941477,0.0011825105801244148,1.9355220164703266,0.022263171355498768,0.9684601023017902,0.8082299981765957,-0.27009968631558157,0.3705175599218531
19.8,3.3713428910615395,3.8975993232616974,0.02376940520340897,0.015077447768338803,0.25436062169809287,0.25436062169809287,0.032258064516129004,0.967741935483871,0.032258064516129004,14.523266265628367,0.00010000011857921843,0.9677451612941477,0.0011825105801244148,1.9355220164703266,0.022263171355498768,0.9684601023017902,0.7751770221280592,-0.2536859462178324,0.36694911645307976
20.0,3.44533399531291,3.873734574547298,0.02452141560744434,0.01489724656903611,0.23675430901110012,0.23675430901110012,0.032258064516129004,0.967741935483871,0.032258064516129004,14.328039998914385,0.00010000011857921843,0.9677451612941477,0.0011825105801244148,1.9355220164703266,0.022263171355498768,0.9684601023017902,0.7401813377287083,-0.23560400726927663,0.3630417170671031
20.200000000000003,3.510632947393944,3.84697856994134,0.025345038451985234,0.014605710313215826,0.21716102263984097,0.21716102263984097,0.032258064516129004,0.967741935483871,0.032258064516129004,14.104333493871392,0.00010000011857921843,0.9677451612941477,0.0011825105801244148,1.9355220164703266,0.022263171355498768,0.9684601023017902,0.7027584315675939,-0.21536114102969012,0.35873394433539113
20.400000000000002,3.56691301516029,3.8169654301685707,0.02625850303173143,0.01415944225067232,0.1949859906125023,0.1949859906125023,0.032258064516129004,0.967741935483871,0.032258064516129004,13.84321893830573,0.00010000011857921843,0.9677451612941477,0.0011825105801244148,1.9355220164703266,0.022263171355498768,0.9684601023017902,0.6623081282389524,-0.19226805841356612,0.35394813184265267
20.6,3.6137105358735426,3.783203646309738,0.02728713863901666,0.013490100127928246,0.16936852933235597,0.16936852933235597,0.032258064516129004,0.967741935483871,0.032258064516129004,13.528178322835055,0.00010000011857921843,0.9677451612941477,0.0011825105801244148,1.9355220164703266,0.022263171355498768,0.9684601023017902,0.6180352421784224,-0.16530277282556327,0.34858073294179
20.8,3.6503765232442977,3.7450134401973423,0.028468418911511827,0.01248499695867882,0.13899565339343242,0.13899565339343242,0.032258064516129004,0.967741935483871,0.032258064516129004,13.121976785675976,0.00010000011857921843,0.9677451612941477,0.0011825105801244148,1.9355220164703266,0.022263171355498768,0.9684601023017902,0.568821722967354,-0.13285229992772546,0.34248646468764854
21.0,3.675989202177131,3.701413025095728,0.029862083942075835,0.010945360307927574,0.10171966683644766,0.10171966683644766,0.032258064516129004,0.967741935483871,0.032258064516129004,12.511305814340977,0.00010000011857921843,0.9677451612941477,0.0011825105801244148,1.9355220164703266,0.022263171355498768,0.9684601023017902,0.5129891942249122,-0.09216667607264578,0.3354488143816827
21.200000000000003,3.6891955187968297,3.6508998229594765,0.031573574976364045,0.008487995437431778,0.05372033684159768,0.05372033684159768,0.032258064516129004,0.967741935483871,0.032258064516129004,11.052843659710392,0.00010000011857921843,0.9677451612941477,0.0011825105801244148,1.9355220164703266,0.022263171355498768,0.9684601023017902,0.44782095075583683,-0.03805939316346104,0.327121096283421
21.400000000000002,3.688089522730779,3.5919363178807817,0.03221686301382596,0.005706858761115755,0.010551525754129543,0.010551525754129543,0.032258064516129004,0.967741935483871,0.032258064516129004,8.686506540300536,0.00010000011857921843,0.9677451612941477,0.0011825105801244148,1.9355220164703266,0.022263171355498768,0.9684601023017902,0.37322815756636063,-0.0058329366922448495,0.3174211582692754
21.6,3.6740034513182747,3.530793078958871,0.03213997452201908,0.0053848412032666245,0.006003362016205682,0.006003362016205682,0.032258064516129004,0.967741935483871,0.032258064516129004,11.1911813811134,0.00010000011857921843,0.9677451612941477,0.0011825105801244148,1.9355220164703266,0.022263171355498768,0.9684601023017902,0.3128472793729652,-0.005743876299792294,0.3090986337685808
21.8,3.6507856385416426,3.470834853877718,0.03214712171847595,0.0053785760476002505,0.00558883262047688,0.00558883262047688,0.032258064516129004,0.967741935483871,0.032258064516129004,11.315619228414363,0.00010000011857921843,0.9677451612941477,0.0011825105801244148,1.9355220164703266,0.022263171355498768,0.9684601023017902,0.26425770559774575,-0.005656036937114161,0.30211039188669014
22.0,3.620491131051769,3.4121500061366365,0.03216022384967612,0.005394635245190397,0.00549253945077589,0.00549253945077589,0.032258064516129004,0.967741935483871,0.032258064516129004,11.062732498134903,0.00010000011857921843,0.9677451612941477,0.0011825105801244148,1.9355220164703266,0.022263171355498768,0.9684601023017902,0.22220916289871426,-0.005575888362298475,0.29591157588039846
22.200000000000003,3.5842465536910346,3.3546350581614157,0.03217340278402466,0.005410661616853533,0.005424918889156967,0.005424918889156967,0.032258064516129004,0.967741935483871,0.032258064516129004,10.802008791287223,0.00010000011857921843,0.9677451612941477,0.0011825105801244148,1.9355220164703266,0.022263171355498768,0.9684601023017902,0.18424201832053214,-0.00550128629057196,0.29022431703375806
22.400000000000002,3.5427576433808046,3.298207148380948,0.03218637285200523,0.005425186864924618,0.005361032295520648,0.005361032295520648,0.032258064516129004,0.967741935483871,0.032258064516129004,10.559909548126841,0.00010000011857921843,0.9677451612941477,0.0011825105801244148,1.9355220164703266,0.022263171355498768,0.9684601023017902,0.14903774987466037,-0.00543007893134505,0.28489042515099156
22.6,3.4965110888125226,3.2428064440151605,0.0321992600738315,0.005438341286364375,0.005298285188188274,0.005298285188188275,0.032258064516129004,0.967741935483871,0.032258064516129004,10.333894272048633,0.00010000011857921843,0.9677451612941477,0.0011825105801244148,1.9355220164703266,0.022263171355498768,0.9684601023017902,0.11582030308686422,-0.005360926025778678,0.2798118900776672
22.8,3.44586994095874,3.1883888664425237,0.03221217706409241,0.005450275762342998,0.005236311113582086,0.005236311113582086,0.032258064516129004,0.967741935483871,0.032258064516129004,10.120501024637148,0.00010000011857921843,0.9677451612941477,0.0011825105801244148,1.9355220164703266,0.022263171355498768,0.9684601023017902,0.08411772185530805,-0.005293067771906301,0.27492615614044985
23.0,3.3911297406362717,3.134920380107755,0.032225200309628874,0.0054610593132126,0.00517499885850211,0.00517499885850211,0.032258064516129004,0.967741935483871,0.032258064516129004,9.917323625597207,0.00010000011857921843,0.9677451612941477,0.0011825105801244148,1.9355220164703266,0.022263171355498768,0.9684601023017902,0.05363245465841007,-0.005226088547398499,0.2701921579980317
23.200000000000003,3.332546356590591,3.08237362527,0.032238382452508076,0.005470709860290546,0.005114389056696569,0.005114389056696569,0.032258064516129004,0.967741935483871,0.032258064516129004,9.722651347476868,0.00010000011857921843,0.9677451612941477,0.0011825105801244148,1.9355220164703266,0.022263171355498768,0.9684601023017902,0.024175229205898957,-0.005159783775689241,0.2655828426294574
23.400000000000002,3.270351283808737,3.030725785443861,0.03225175752152289,0.005479206834384789,0.0050545520777720825,0.0050545520777720825,0.032258064516129004,0.967741935483871,0.032258064516129004,9.535322689601688,0.00010000011857921843,0.9677451612941477,0.0011825105801244148,1.9355220164703266,0.022263171355498768,0.9684601023017902,-0.004375250540640002,-0.005094084995500191,0.2610804446575246
23.6,3.2047623309094218,2.9799569273587316,0.03226534838783181,0.005486508042132885,0.004995559367887802,0.004995559367887803,0.032258064516129004,0.967741935483871,0.032258064516129004,9.354525791589872,0.00010000011857921843,0.9677451612941477,0.0011825105801244148,1.9355220164703266,0.022263171355498768,0.9684601023017902,-0.03210198455732102,-0.005028989909838344,0.2566728675741778
23.8,3.135987552853313,2.930049111051001,0.03227917108089399,0.00549256025139472,0.0049374942244300325,0.004937494224430033,0.032258064516129004,0.967741935483871,0.032258064516129004,9.179655226428936,0.00010000011857921843,0.9677451612941477,0.0011825105801244148,1.9355220164703266,0.022263171355498768,0.9684601023017902,-0.059063775570010885,-0.004964534078578563,0.25235177984968393
24.0,3.064227063664542,2.880985839981476,0.03229323663274694,0.005497303411778013,0.004880440021459569,0.004880440021459569,0.032258064516129004,0.967741935483871,0.032258064516129004,9.010253610252976,0.00010000011857921843,0.9677451612941477,0.0011825105801244148,1.9355220164703266,0.022263171355498768,0.9684601023017902,-0.08530347878887537,-0.004900776502232151,0.24811142938340358
24.200000000000003,2.9896744509780397,2.8327516283241994,0.032307552840166565,0.0055006741123015315,0.00482447152687822,0.004824471526878221,0.032258064516129004,0.967741935483871,0.032258064516129004,8.845967898597472,0.00010000011857921843,0.9677451612941477,0.0011825105801244148,1.9355220164703266,0.022263171355498768,0.9684601023017902,-0.11085433566961897,-0.004837786832184009,0.2439477097964808
24.400000000000002,2.9125175804964165,2.78533169544889,0.03232212603881565,0.0055026087417267356,0.004769657706958113,0.004769657706958113,0.032258064516129004,0.967741935483871,0.032258064516129004,8.6865062671893,0.00010000011857921843,0.9677451612941477,0.0011825105801244148,1.9355220164703266,0.022263171355498768,0.9684601023017902,-0.13574393773882035,-0.004775635722541382,0.23985751241395584
24.6,2.8329387241841193,2.7387118181773853,0.0323369617540817,0.005503044644254206,0.0047160639884919675,0.0047160639884919675,0.032258064516129004,0.967741935483871,0.032258064516129004,8.531616967977206,0.00010000011857921843,0.9677451612941477,0.0011825105801244148,1.9355220164703266,0.022263171355498768,0.9684601023017902,-0.15999550574740815,-0.00471439406530747,0.2358384186400292
24.8,2.751114774895289,2.692878227486378,0.03235206513892398,0.005501920616727713,0.0046637527879941415,0.0046637527879941415,0.032258064516129004,0.967741935483871,0.032258064516129004,8.38107716779419,0.00010000011857921843,0.9677451612941477,0.0011825105801244148,1.9355220164703266,0.022263171355498768,0.9684601023017902,-0.18362847737056948,-0.004654133196287779,0.23188848537094217
25.0,2.6672175732822376,2.6478175193713485,0.03236744159573636,0.005499177320297573,0.004612785882318183,0.004612785882318183,0.032258064516129004,0.967741935483871,0.032258064516129004,8.234682065039593,0.00010000011857921843,0.9677451612941477,0.0011825105801244148,1.9355220164703266,0.022263171355498768,0.9684601023017902,-0.20665870126741095,-0.004594924934461397,0.22800606121892383
25.200000000000003,2.5814171803352646,2.603515644018249,0.03238381454414568,0.005495613982572498,0.004544236865025725,0.004544236865025725,0.032258064516129004,0.967741935483871,0.032258064516129004,7.974858833815626,0.00010000011857921843,0.9670447165396694,0.0011825105801244148,1.935051631736411,0.022263171355498768,0.968342290964372,-0.22909622139121488,-0.004533194092775294,0.2241890300177691
25.400000000000002,2.49389391146605,2.55995585514603,0.0324030444988248,0.0054937171432777755,0.0044729703808663365,0.0044729703808663365,0.032258064516129004,0.967741935483871,0.032258064516129004,7.568269799331129,0.00010000011857921843,0.9654940027155,0.0011825105801244148,1.9339849095040784,0.022263171355498768,0.9680735087830451,-0.25096231138709985,-0.004462531480099807,0.2204345093028481
25.6,2.4048112187626907,2.5171271968084623,0.03242351704820316,0.005490986771517458,0.004407667592884703,0.004407667592884703,0.06451612903225801,0.935483870967742,0.032258064516129004,7.134475717344236,0.00010000011857921843,0.9638178210051649,0.0011825105801244148,1.9327896954738435,0.022263171355498768,0.967769631693898,-0.2722482161732106,-0.004390265753073363,0.21674275226898057
25.8,2.314331216226958,2.4750177423410724,0.032444936801469475,0.005486649697220722,0.004343108201606185,0.004343108201606185,0.06451612903225801,0.935483870967742,0.032258064516129004,6.67419777368879,0.00010000011857921843,0.9619995466558199,0.0011825105801244148,1.9314385808276067,0.022263171355498768,0.9674225559341572,-0.2929344410204099,-0.004316980211144905,0.21311279823461604
26.0,2.222619460411965,2.4336152403884337,0.0324673419634282,0.00548049608612332,0.00427707410460121,0.00427707410460121,0.06451612903225801,0.935483870967742,0.032258064516129004,6.184546122790147,0.00010000011857921843,0.9599784630556967,0.0011825105801244148,1.9298673653704088,0.022263171355498768,0.9670143265519738,-0.31298051984822983,-0.004242552889884232,0.2095435291060399
26.200000000000003,2.1298687425635996,2.3929039653089834,0.03249364132436768,0.005475145572016364,0.004179908551317551,0.004179908551317551,0.06451612903225801,0.935483870967742,0.032258064516129004,5.883645540497261,0.00010000011857921843,0.9558449401397611,0.0011825105801244148,1.9267366945238207,0.022263171355498768,0.9662051174961144,-0.33225482979214427,-0.004155235959493242,0.20603230217105037
26.400000000000002,2.036294849525249,2.3528704416469317,0.03252380117818748,0.005470115280696037,0.0040785870659353785,0.004078587065935379,0.09677419354838701,0.903225806451613,0.032258064516129004,5.612940543990126,0.00010000011857921843,0.9505880178921934,0.0011825105801244148,1.9225985002387718,0.022263171355498768,0.9651243475892537,-0.3506233419788911,-0.004058070752479958,0.20257800659663353
26.6,1.94216408730399,2.3134996525325935,0.032560262204165046,0.005466604707445203,0.0039570311765746765,0.0039570311765746765,0.12903225806451601,0.870967741935484,0.032258064516129004,5.357036633897129,0.00010000011857921843,0.9429170962980009,0.0011825105801244148,1.916386690984611,0.022263171355498768,0.9634882099494378,-0.3676525136796678,-0.003944005924207683,0.19917875213262393
26.8,1.84786434972133,2.2747765625558025,0.03260560284883627,0.00546503698562588,0.0038099552702056893,0.0038099552702056897,0.12903225806451601,0.870967741935484,0.032258064516129004,5.096722156949492,0.00010000011857921843,0.9321568920094055,0.0011825105801244148,1.9071993808364414,0.022263171355498768,0.9610296953915495,-0.38218361237517917,-0.003807986127186269,0.19583270372983216
27.0,1.7542770276594755,2.23668403363637,0.03267103388361455,0.005466176552416818,0.0036026465556092966,0.0036026465556092966,0.16129032258064502,0.838709677419355,0.032258064516129004,4.905910939836871,0.00010000011857921843,0.9170448609312322,0.0011825105801244148,1.891359986078412,0.022263171355498768,0.9565213841651414,-0.3837757304413729,-0.003617677824512166,0.1925361412340827
27.200000000000003,1.7087739347301991,2.198945880604339,0.03295355851193209,0.005183397858695429,0.0010524850638868376,0.0010524850638868376,0.12903225806451601,0.870967741935484,0.032258064516129004,3.093626251745211,0.00010000011857921843,0.9205248049886273,0.0011825105801244148,1.8600717500011192,0.022263171355498768,0.9344130331991898,-0.3518817496451835,-5.467680356541215e-05,0.1892138063343125
27.400000000000002,1.6651322274929559,2.161562286308121,0.0328223361135896,0.005075470688947507,0.0003918804280880312,0.0003918804280880312,0.12903225806451601,0.870967741935484,0.032258064516129004,3.1137191841850824,0.00010000011857921843,0.9209905088494923,0.0011825105801244148,1.8604259593777501,0.022263171355498768,0.9345360034468247,-0.38353647577689187,-0.00013313521664227722,0.18592329697622867
27.6,1.6174905237971062,2.124759011427977,0.03277179625105799,0.005045269029749323,0.00022828424428149777,0.00022828424428149777,0.12903225806451601,0.870967741935484,0.032258064516129004,3.6800218090438572,0.00010000011857921843,0.9193577777763452,0.0011825105801244148,1.8591805271783062,0.022263171355498768,0.9342368746713924,-0.41446983423861206,-0.00014629142650752767,0.18270713291769367
27.8,1.566456219158882,2.0885732609984493,0.032743322037027275,0.005034634628593706,0.00018081423093425312,0.00018081423093425312,0.12903225806451601,0.870967741935484,0.032258064516129004,3.995685556771368,0.00010000011857921843,0.9156701275576741,0.0011825105801244148,1.8563887472743672,0.022263171355498768,0.9335333367302636,-0.44471561522420944,-0.0001467698107838533,0.1795620543531636
28.0,1.5124489386972586,2.0530040560102845,0.032723405583496935,0.005029556084909504,0.00016306591715340614,0.00016306591715340614,0.16129032258064502,0.838709677419355,0.032258064516129004,4.034315286995994,0.00010000011857921843,0.9099223589346576,0.0011825105801244148,1.851984990558056,0.022263171355498768,0.9324052977094948,-0.47433327266952774,-0.0001437273269111139,0.17648199044563928
28.200000000000003,1.4557915425913752,2.018042186684836,0.0327079987723903,0.005026304381302714,0.00015317765909731397,0.00015317765909731397,0.19354838709677402,0.806451612903226,0.032258064516129004,3.944431665458494,0.00010000011857921843,0.9015618402673176,0.0011825105801244148,1.8454675122739785,0.022263171355498768,0.9307171493977104,-0.50337061139552,-0.00013922339353985568,0.17346202641390923
28.400000000000002,1.396747677911013,1.9836768754958898,0.032695545251190394,0.005023789135921325,0.00014518256033208685,0.00014518256033208685,0.22580645161290303,0.774193548387097,0.032258064516129004,3.923052832172215,0.00010000011857921843,0.8899313764203958,0.0011825105801244148,1.8361544487576418,0.022263171355498768,0.9282777345882516,-0.5318632126947859,-0.00013369944727689153,0.1704984848461757
28.6,1.3355380996603534,1.9498972863854198,0.03268524176005778,0.0050216258589725745,0.00013720231332160925,0.00013720231332160925,0.25806451612903203,0.741935483870968,0.032258064516129004,3.9903499925365575,0.00010000011857921843,0.874443742649908,0.0011825105801244148,1.823141880298145,0.022263171355498768,0.924812463798919,-0.5598373256137743,-0.0001268374319701393,0.16758861129952468
28.8,1.2722829427053524,1.9166927772557176,0.03267541304243105,0.005019341285038918,0.0001274376002927548,0.0001274376002927548,0.32258064516129004,0.67741935483871,0.032258064516129004,4.13229793472305,0.00010000011857921843,0.8538598083816261,0.0011825105801244148,1.8027770063423727,0.022263171355498768,0.9190857473182142,-0.5873116571034579,-0.0001090576177700142,0.16473025836818636
29.0,1.2251670343763779,1.884047086817161,0.03281125847501722,0.005028135085506116,6.014291376625494e-05,6.014291376625494e-05,0.32258064516129004,0.67741935483871,0.032258064516129004,8.428225822325404,0.00010000011857921843,0.8447815436694298,0.0011825105801244148,1.7624214248288952,0.022263171355498768,0.894797382902262,-0.614170115797432,-3.1975416774132625e-06,0.16192044808821773
29.200000000000003,1.1797805226867217,1.8519488940984428,0.032787898900872484,0.005020262848224821,3.3658906135963974e-05,3.3658906135963974e-05,0.35483870967741904,0.645161290322581,0.032258064516129004,14.502430057327711,0.00010000011857921843,0.8323105107238807,0.0011825105801244148,1.752341029205474,0.022263171355498768,0.892170891339375,-0.6407280617941002,-7.2895518323790034e-06,0.15915844816590335
29.400000000000002,1.1325898065070588,1.8203950968908635,0.03277088823862491,0.005016275572164112,2.4693198641855544e-05,2.4693198641855544e-05,0.38709677419354804,0.612903225806452,0.032258064516129004,19.047729265250158,0.00010000011857921843,0.8157152521807093,0.0011825105801244148,1.7384573846744202,0.022263171355498768,0.8884966036848381,-0.666825616534285,-9.333782689335822e-06,0.15644427956602375
29.6,1.0836914786315817,1.7893782776816807,0.03275651889250757,0.005013609445366452,2.1180898070230954e-05,2.1180898070230954e-05,0.45161290322580605,0.548387096774194,0.032258064516129004,21.40979328825472,0.00010000011857921843,0.7940346894177447,0.0011825105801244148,1.7184595451127103,0.022263171355498768,0.883007001402229,-0.6924719905885433,-7.982958350372104e-06,0.15377706326835971
29.8,1.041475341171974,1.7588896246778427,0.03286383596309691,0.005029320447373425,1.7344176444693636e-05,1.734417644469364e-05,0.48387096774193505,0.516129032258065,0.032258064516129004,25.222399039411926,0.00010000011857921843,0.7769462740692314,0.0011825105801244148,1.6710922019053016,0.022263171355498768,0.8568700952978247,-0.7176062192692368,-1.0855829046441112e-05,0.15115578355093104
30.0,1.0019491656569899,1.728920061310043,0.0328493599855896,0.005026802446050494,1.514561435647987e-05,1.514561435647987e-05,0.5483870967741931,0.45161290322580694,0.032258064516129004,27.879733095472155,0.00010000011857921843,0.7556252560098617,0.0011825105801244148,1.6536070113763381,0.022263171355498768,0.8522770382659209,-0.742375909428688,-2.128188737771097e-06,0.1485794780660836
30.200000000000003,0.9611131495400068,1.6994610202544587,0.03283388770884651,0.0050243294747372835,1.4047029207129988e-05,1.4047029207129988e-05,0.6129032258064511,0.38709677419354893,0.032258064516129004,29.031022417039903,0.00010000011857921843,0.7263294387495589,0.0011825105801244148,1.6288725767692107,0.022263171355498768,0.8456781443612545,-0.7667217070740213,-1.855683801710306e-06,0.14604730758552906
30.400000000000002,0.9224828938425269,1.6705038932544543,0.03291629229619622,0.005036831773221049,1.3302465869021497e-05,1.3302465869021497e-05,0.7096774193548381,0.2903225806451619,0.032258064516129004,29.62095997486161,0.00010000011857921843,0.6980863432817229,0.0011825105801244148,1.5726280549388847,0.022263171355498768,0.8172509366913822,-0.7906069051025578,-4.050812744805787e-05,0.14355845009147586
30.6,0.8873724008976721,1.6420401352167486,0.03291048890292386,0.005035918803457551,1.2686374959132648e-05,1.2686374959132648e-05,0.8387096774193541,0.1612903225806459,0.032258064516129004,30.030341094752032,0.00010000011857921843,0.669299236602497,0.0011825105801244148,1.548574430883425,0.022263171355498768,0.8108899674042115,-0.8141253295708899,-1.0677466589781304e-06,0.14111211083128214
30.8,0.8512285536412123,1.6140613482636375,0.03289419681713026,0.005033419503453061,1.2198631350451964e-05,1.2198631350451964e-05,0.9999999999999991,8.881784197001252e-16,0.032258064516129004,30.210789902791,0.00010000011857921843,0.6381845080219646,0.0011825105801244148,1.5197888179304118,0.022263171355498768,0.802999122518053,-0.8372440395249227,4.192087046273052e-06,0.13870752707178388
31.0,0.8183470846354284,1.5865592763305805,0.03297310146212874,0.005045455527298403,1.1799575369718702e-05,1.1799575369718704e-05,0.9999999999999991,8.881784197001252e-16,0.032258064516129004,30.22713596449385,0.00010000011857921843,0.6124477646969575,0.0011825105801244148,1.466264554845692,0.022263171355498768,0.7754692503228545,-0.8599350048999423,-9.627081566987439e-06,0.1363439651537178
31.200000000000003,0.7861971797236235,1.5595257949541226,0.03296037744548791,0.005043511768027521,1.1405323319487987e-05,1.1405323319487987e-05,0.9999999999999991,8.881784197001252e-16,0.032258064516129004,30.281993221876114,0.00010000011857921843,0.5832748666576995,0.0011825105801244148,1.4396385366037958,0.022263171355498768,0.7682609715029382,-0.8822699385807549,1.0472247829573787e-06,0.1340207071841307
31.400000000000002,0.754863826997128,1.5329529181687085,0.03301836589716534,0.005052356182429308,1.106249976373576e-05,1.106249976373576e-05,0.9999999999999991,8.881784197001252e-16,0.032258064516129004,30.24472620876977,0.00010000011857921843,0.5574290017795748,0.0011825105801244148,1.3840042333002018,0.022263171355498768,0.7400344625640715,-0.9042012831263144,-4.925974350074025e-05,0.131737055821161
31.6,0.7255278966372312,1.506832800846035,0.03301760915191175,0.005052251288108299,1.0719090201226534e-05,1.0719090201226534e-05,0.9999999999999991,8.881784197001252e-16,0.032258064516129004,30.257634909930093,0.00010000011857921843,0.5292605098898879,0.0011825105801244148,1.3573202471432158,0.022263171355498768,0.7327524629449057,-0.9257801771226886,8.103798656344806e-07,0.12949232966809943
31.8,0.7059546004527069,1.481157851833503,0.04586243975248498,0.007391524160113326,1.4627908730371826e-05,1.4627908730371827e-05,0.9999999999999991,8.881784197001252e-16,0.032258064516129004,20.616006985392637,0.00010006627979013033,0.5135238027549677,0.008293345541468478,1.3131864154765864,0.06371028300092027,0.7153430551823755,-0.012137351859472845,-0.030552053454259886,0.1272859391206744
32.0,0.7082542194802176,1.4559223638964756,0.07580645155991501,0.012231772481935646,3.270578040166305e-05,3.270578040166305e-05,0.9999999999999991,8.881784197001252e-16,0.06451612903225801,9.08813796424692,0.00010008586097154859,0.5165493259638789,0.009022661983195264,1.316881551251693,0.06651453047713635,0.7170989833444447,-0.011032133222837429,-0.020376285875673014,0.12511778392279935
32.2,0.7104100874830411,1.4311304688163078,0.09831259716619645,0.01593079542107937,0.00019479198259252765,0.00019479198259252765,0.9999999999999991,8.881784197001252e-16,0.09677419354838701,5.036757444307636,0.00010010831623363747,0.5187712803565954,0.009733057766981919,1.3192841094997596,0.0691366006593793,0.7184338699482934,-0.010596972082741338,-0.01724263594423767,0.12298731942333359
32.4,0.7125136532812822,1.406830354437958,0.11688261568950199,0.019129511364312502,0.0007636761207088877,0.0007636761207088877,0.9999999999999991,8.881784197001252e-16,0.09677419354838701,4.930161994304078,0.0001001348116165766,0.5207301071538132,0.010454397462122154,1.3212831597426042,0.0717008799609891,0.719640415563544,-0.010476610793882096,-0.01578350004133412,0.1208976986555967
32.6,0.7146121946591096,1.3831057332936751,0.1321167343814145,0.02195152375541747,0.0018064292035274141,0.0018064292035274141,0.9999999999999991,8.881784197001252e-16,0.12903225806451601,4.537992901415774,0.00010016629046713479,0.5226098290273388,0.011197403479802536,1.3231575131502125,0.07424952373230241,0.7208094427613854,-0.01053011415139024,-0.015014075281238225,0.11885614465670885
32.800000000000004,0.7167321134803839,1.3600292472862807,0.14432173981935917,0.024413607705199545,0.003184927401819844,0.003184927401819844,0.9999999999999991,8.881784197001252e-16,0.12903225806451601,4.212170889835131,0.00010020374883794283,0.5244794820835296,0.011967912252385728,1.325006514756413,0.07680311421696152,0.7219737213026475,-0.010680796965640615,-0.014602538428571387,0.11686969271293678
33.0,0.7188880003512949,1.3376378137474871,0.1538578679735858,0.026522842864987066,0.004713763044321014,0.004713763044321014,0.9999999999999991,8.881784197001252e-16,0.16129032258064502,3.963535652073339,0.00010024832611810177,0.5263666275438579,0.012770189969910951,1.3268683574526585,0.07937462693357177,0.7231465405537214,-0.010884298021429192,-0.014406004044915065,0.11494202734694964
33.2,0.7210876088922143,1.3159342605525524,0.16112357940791758,0.02829996249929695,0.006248445878859611,0.006248445878859611,0.9999999999999991,8.881784197001252e-16,0.16129032258064502,3.773700604019054,0.0001003013619044505,0.528282636717676,0.013607994562358212,1.3287588211690344,0.08197384735952616,0.724334251697222,-0.011114806820265284,-0.014356259370268165,0.1130733724524095
33.4,0.7233347111776119,1.2948984966451456,0.16651175654272726,0.02977893323868303,0.007701567862158604,0.007701567862158605,0.9999999999999991,8.881784197001252e-16,0.16129032258064502,3.626339126050601,0.0001003644432029575,0.5302319797806029,0.01448491496711487,1.3306848167354404,0.0846088352647762,0.7255405324790322,-0.011357403140140387,-0.014418368362389187,0.11126172506808465
33.6,0.725630794191428,1.2744982933361304,0.17038350952498355,0.031001097771237156,0.009031203231660947,0.009031203231660947,0.9999999999999991,8.881784197001252e-16,0.19354838709677402,3.5096510565533303,0.00010043945331373947,0.5322159472685513,0.015404493448415945,1.332649476042012,0.08728650411351262,0.7267679171815247,-0.01160354109347652,-0.014572419294169813,0.10950405575381034
33.800000000000004,0.7279760358003813,1.2546968783408692,0.17305660323267266,0.0320097679321783,0.01022509027459843,0.01022509027459843,0.9999999999999991,8.881784197001252e-16,0.19354838709677402,3.4154484178670006,0.00010052862835185405,0.5342342550484145,0.016370291857052684,1.3346542123984284,0.09001294352835687,0.7280183960461194,-0.011848410203821762,-0.01480537358449655,0.10779707677131396
34.0,0.7303698915594782,1.2354575802981806,0.17480203090161006,0.03284655806835371,0.011288217283998914,0.011288217283998914,0.9999999999999991,8.881784197001252e-16,0.19354838709677402,3.3380337883413222,0.00010063462558983498,0.5362858197461238,0.017385950949484745,1.3366996615269788,0.09279366848493428,0.7292936986080425,-0.012089356410794748,-0.01510739956548439,0.10613764280545063
34.2,0.7328114206285777,1.2167463235299214,0.17584518265707558,0.033549314795363085,0.012234542225417614,0.012234542225417614,0.9999999999999991,8.881784197001252e-16,0.19354838709677402,3.2734153258086995,0.0001007606059423247,0.5383691379430225,0.01845524275964889,1.3387861357065374,0.09563380876782031,0.7305954461563118,-0.012324979606258696,-0.015470525378666599,0.10452291959964113
34.4,0.7352994805978754,1.1985328082556896,0.17636933382685133,0.03415118389052152,0.013081963439453,0.013081963439453,0.9999999999999991,8.881784197001252e-16,0.19354838709677402,3.218737667648023,0.00010091033393198663,0.5404824921583993,0.01958212030552851,1.3409138764129918,0.09853826007579054,0.7319252525951396,-0.01255459483088027,-0.015888108388540313,0.10295043720215856
34.6,0.7378328373934943,1.1807909128015477,0.17652039781430404,0.03468038559643895,0.01384932476459711,0.01384932476459711,0.9999999999999991,8.881784197001252e-16,0.19354838709677402,3.1719158966043666,0.000101088298720528,0.5426240592269138,0.02077076363925382,1.3430832025733934,0.10151180050391054,0.7332847978958545,-0.012777921989698952,-0.016354733966996427,0.10141808848502072
34.800000000000004,0.7404102259297249,1.163498618734379,0.17641224567948913,0.03516046361802095,0.014554807134957678,0.014554807134957678,0.9999999999999991,8.881784197001252e-16,0.19354838709677402,3.1313920828047017,0.000101299860726004,0.5447919652153955,0.02202562296982878,1.3452946071949967,0.1045591796050778,0.7346758891640052,-0.012994918055872051,-0.016866227831494728,0.09992410143865582
35.0,0.7430303885007687,1.1466377231214315,0.17613203796479976,0.035610760234428385,0.015215087131442945,0.015215087131442945,0.9999999999999991,8.881784197001252e-16,0.19354838709677402,3.0959712756899065,0.00010155143051984292,0.5469843153663694,0.02335146536728275,1.3475488362119712,0.10768519930907325,0.7361005214944447,-0.013205688514056013,-0.017419659854575695,0.09846700527456498
35.2,0.7456920993168823,1.13019344551135,0.17574529376028658,0.03604700241577953,0.015844962445854684,0.015844962445854684,0.9999999999999991,8.881784197001252e-16,0.19354838709677402,3.064721041012682,0.00010185068785968126,0.5491992076509518,0.024753426060338698,1.3498469629644512,0.1108947894030506,0.7375609450568165,-0.013410439704956381,-0.018013360197778716,0.09704559401667995
35.4,0.7483941825867304,1.1141539911893266,0.17530048523983713,0.03648193968137117,0.01645731371193624,0.01645731371193624,0.9999999999999991,8.881784197001252e-16,0.19354838709677402,3.0369063155190523,0.00010220685120307672,0.5514347364515256,0.026237066873749836,1.3521904703209722,0.11419308297846646,0.739059745445874,-0.013609466364638431,-0.018646909047626524,0.09565889079734662
35.6,0.7511355305469791,1.0985101325064173,0.17483300739876634,0.036925969586815044,0.017063261564757015,0.017063261564757015,0.9999999999999991,8.881784197001252e-16,0.19354838709677402,3.0119417059716,0.00010263101100965104,0.5536889913551756,0.02780844393939573,1.354581352618969,0.11758549505152072,0.7405999452292642,-0.013803161723164724,-0.019321120237062304,0.0943061164471981
35.800000000000004,0.7539151259374405,1.083254848055193,0.17436850389038316,0.03738770845982858,0.017672396502994275,0.017672396502994275,0.9999999999999991,8.881784197001252e-16,0.19354838709677402,2.9893625997260447,0.0001031365447516488,0.5559600532228863,0.029474188885729533,1.357022251738075,0.12107781091349142,0.7421851393182463,-0.013992029635043042,-0.020038044567693612,0.09298666288592046
36.0,0.756732070382108,1.0683830140983752,0.17392559818583925,0.03787451877178057,0.018293076442935954,0.018293076442935954,0.9999999999999991,8.881784197001252e-16,0.19354838709677402,2.968805400646464,0.00010373963651268581,0.5582459860760156,0.031241605247150767,1.359516642302594,0.1246762840323672,0.7438196779415053,-0.014176758387672385,-0.02080101758935311,0.09170007070278596
36.2,0.7595856236350871,1.0538911602044274,0.17351804952857353,0.03839299135884741,0.018932765706592504,0.018932765706592504,0.9999999999999991,8.881784197001252e-16,0.16129032258064502,2.949991236571274,0.00010445993159932425,0.5605448237359044,0.033118783218904595,1.3620690959034374,0.12838774559673014,0.7455089271839598,-0.014358274902204107,-0.021614764346719537,0.09044601202330682
36.4,0.7624752616572332,1.039777301136048,0.17315639945074646,0.038949389364836294,0.019598388244109578,0.019598388244109578,0.9999999999999991,8.881784197001252e-16,0.16129032258064502,2.932712700056402,0.00010532136742841512,0.562854549778409,0.03511473822587701,1.364685672809425,0.1322197312138774,0.7472596526561774,-0.014537842868834194,-0.022485652313168045,0.08922427919723946
36.6,0.7654007633280544,1.0260408437029302,0.1728492498142822,0.03955008644055062,0.020296686045495758,0.020296686045495758,0.9999999999999991,8.881784197001252e-16,0.16129032258064502,2.91682424757167,0.00010635323422146756,0.5651730639816035,0.03723957516332556,1.3673745248089804,0.13618062170237397,0.7490806069565716,-0.01471727404154529,-0.023422130311383724,0.0880347788987868
36.800000000000004,0.7683623501119901,1.0126825656609202,0.1726042802187689,0.040202058181846856,0.021034607738116096,0.021034607738116096,0.9999999999999991,8.881784197001252e-16,0.16129032258064502,2.9022362211257935,0.00010759154070183578,0.5674981232468375,0.03950468766734701,1.3701468881940975,0.14027980810120314,0.7509835000134288,-0.014899107957385693,-0.024435547955675662,0.08687753169500871
37.0,0.7713609214953582,0.9997046767262723,0.1724290770000808,0.04091351286420279,0.021819764985342327,0.021819764985342327,0.9999999999999991,8.881784197001252e-16,0.16129032258064502,2.8889118101131888,0.00010908077702948663,0.5698272335061888,0.041922985661648045,1.3730188081142025,0.14452785978314894,0.7529846684453908,-0.015087592181915063,-0.025541637132824133,0.08575267826655958
37.2,0.7743984922429574,0.9871109725569672,0.172331766145355,0.04169482884281776,0.022661003380564978,0.022661003380564978,0.9999999999999991,8.881784197001252e-16,0.16129032258064502,2.8768674241993466,0.00011087616167786967,0.5721574295546542,0.04450909973703462,1.3760144442472129,0.14893660307038203,0.7551082563664283,-0.015290982696973002,-0.02676387484795717,0.0846604936093405
37.4,0.777479194550404,0.9749071401180803,0.17232157188428554,0.04256041362366096,0.023569254827374323,0.023569254827374327,0.9999999999999991,8.881784197001252e-16,0.16129032258064502,2.8661796619005915,0.00011304648236374996,0.5744847354083165,0.04727953720976605,1.3791737755371305,0.15351908169462666,0.7573937110317212,-0.015522857353697073,-0.028140264560247204,0.083601415639718
37.6,0.7806119820637047,0.9631012688177417,0.1724082313798165,0.04353303010030628,0.02455883522254456,0.02455883522254456,0.9999999999999991,8.881784197001252e-16,0.16129032258064502,2.856971466158858,0.00011567650619873443,0.5768026693467647,0.05025154264007806,1.3825738209250553,0.15828744812059845,0.7599158253886945,-0.015822425662367072,-0.029748208966341016,0.08257609866700799
37.800000000000004,0.783823704298956,0.9517045944021553,0.17258430174945993,0.04466047935173858,0.02564850937122978,0.02564850937122978,0.9999999999999991,8.881784197001252e-16,0.16129032258064502,2.849036024476457,0.00011885682223531364,0.5790952333384934,0.05343009119763641,1.3864310196638767,0.16323302576197843,0.7628784303873475,-0.016390122828441996,-0.031855946120921574,0.08158554295220571
38.0,0.7921981189114018,0.940955353928106,0.15275936415225283,0.04893881001208386,0.03638607847343233,0.03638607847343233,0.9999999999999991,8.881784197001252e-16,0.16129032258064502,9.068851085185946,0.0001142600960169711,0.5863072967396974,0.04869629094432184,1.4179550671131473,0.15581037427741834,0.774677928402592,-0.08728694528050726,-0.10118306716948758,0.08093822243358545
38.2,0.8100165549807146,0.9346187648189894,0.13182778785761676,0.06277535518822863,0.06645269291571412,0.06645269291571412,0.9999999999999991,8.881784197001252e-16,0.12903225806451601,11.572320562637222,0.00011431027788771732,0.6056040393336425,0.0487531111667979,1.475083254267681,0.15590156587095202,0.8011317263918681,-0.07003007391192848,-0.13748555147563152,0.08258132417415193
38.400000000000006,0.8238010368091456,0.9330138239977308,0.1358060046290314,0.07524856042172076,0.08744372208898131,0.08744372208898131,0.9999999999999991,8.881784197001252e-16,0.12903225806451601,9.205705833925565,0.00011034995607021179,0.6194460239909148,0.04378267440348032,1.5217105626492458,0.1477115106216991,0.8223989870023651,-0.07777610815616788,-0.15323136697213888,0.08477180390414557
38.6,0.835452211137545,0.9355220292856994,0.1444444694848491,0.08655687740353991,0.10820918695856611,0.10820918695856611,0.9999999999999991,8.881784197001252e-16,0.16129032258064502,9.737676933870253,0.00011132802786965956,0.6316632875157022,0.04511442155558938,1.5342054644317287,0.14994980833059784,0.8265840160441242,-0.043901329249015915,-0.15350172104042975,0.08773717553601547
38.800000000000004,0.8426270994940904,0.9407291051561815,0.1533526346571438,0.09359141190863013,0.12128738972004788,0.12128738972004788,0.9999999999999991,8.881784197001252e-16,0.16129032258064502,9.829096740395242,0.00010991653928839963,0.6382870079987413,0.04316562037238317,1.5395872908174402,0.14666282579553713,0.8277020409194188,-0.029726655030320737,-0.14767062709702072,0.09044361353983627
39.0,0.8478284694334155,0.9476305915216992,0.15824407019485212,0.09757928384420912,0.13047300389887798,0.13047300389887798,0.9999999999999991,8.881784197001252e-16,0.16129032258064502,9.7887774614768,0.0001082770307826641,0.6429412666655236,0.04065379146320801,1.5427664810225707,0.14231418017212924,0.8277948195185364,-0.023057970397887456,-0.1449482478301765,0.0927599160605749
39.2,0.8520588175391883,0.9556624457277059,0.1605594742490728,0.09969505913109075,0.13704587920642008,0.13704587920642008,0.9999999999999991,8.881784197001252e-16,0.16129032258064502,9.740156289087937,0.00010687111136358529,0.6466871331353177,0.038219818304979516,1.5451384931463739,0.13796953311582116,0.8276200589544571,-0.019591442491018463,-0.1443350050599309,0.09475237263985785
39.400000000000006,0.8557614629913954,0.9644452749834717,0.16144601527329763,0.10068239994418927,0.14182334714419098,0.14182334714419098,0.9999999999999991,8.881784197001252e-16,0.16129032258064502,9.715606576304499,0.00010575720426021997,0.6499403949121854,0.03604304690855719,1.5471729313460172,0.1339646006303876,0.8274199978785985,-0.017600081924657826,-0.14476405408018117,0.09649763110314138
39.6,0.8591459137668193,0.9737242757743335,0.1615184933313095,0.10098176701120559,0.14538599597324414,0.14538599597324414,0.9999999999999991,8.881784197001252e-16,0.16129032258064502,9.717832111099,0.00010488461326328154,0.6528915511338361,0.03413212847780093,1.5490376903385628,0.13034733253497582,0.8272557654045675,-0.016327096732061293,-0.14565115462671735,0.09806048415546409
39.800000000000004,0.8623163270096049,0.9833301596666179,0.1611097896994494,0.10085509205787463,0.14813371370063041,0.14813371370063041,0.9999999999999991,8.881784197001252e-16,0.16129032258064502,9.741947749666288,0.00010419240078092576,0.6556357826434954,0.032446949611627814,1.5507977236167594,0.12707189633274493,0.8271344649725176,-0.015420222186132496,-0.14673198254570805,0.09949203626369142
40.0,0.8653267681594967,0.9931511246556807,0.1604108804687734,0.10046249661408124,0.15033910675530662,0.15033910675530662,0.9999999999999991,8.881784197001252e-16,0.16129032258064502,9.782163991163653,0.00010363234687361032,0.6582237934939135,0.03094186041401651,1.5524797967354718,0.12407335646818456,0.8270488022560188,-0.014707672914049744,-0.14789697115947165,0.1008311731667362
40.2,0.8682064854286249,1.0031139298322063,0.1595371699648292,0.09990461895767193,0.15218801611531982,0.15218801611531982,0.9999999999999991,8.881784197001252e-16,0.16129032258064502,9.83352202058722,0.00010317014615602285,0.6606841260804293,0.029578354680393312,1.5540954962061433,0.12129285631778236,0.8269892076914777,-0.01410293563923326,-0.14910421617983588,0.102106626249246
40.400000000000006,0.8709721114885988,1.0131713262469912,0.15856098261144966,0.09924605478274647,0.15380741524659694,0.15380741524659694,0.9999999999999991,8.881784197001252e-16,0.16129032258064502,9.892158395677335,0.00010278208271195738,0.6630338015005476,0.028327063074977916,1.5556501915868204,0.11868383188417893,0.8269473376963083,-0.01356153156272577,-0.15033998862117423,0.10333909462924654
40.6,0.8736337491999504,1.0232936991890924,0.15752859954303722,0.09852880224364222,0.15528422220065838,0.1552842222006584,0.9999999999999991,8.881784197001252e-16,0.16129032258064502,9.955177959428294,0.0001024517095534137,0.6652836711019426,0.027166466777884028,1.5571467291159307,0.11621151995216979,0.8269167681265002,-0.0130603382119698,-0.15160166945919967,0.10454320338332122
40.800000000000004,0.8761980985154239,1.033463452776716,0.15646988639033216,0.09778032161489374,0.15667802543304438,0.15667802543304438,0.9999999999999991,8.881784197001252e-16,0.16129032258064502,10.020460169544858,0.00010216740217567168,0.6674412242053233,0.026080989481069204,1.5585870089021472,0.11385060743161132,0.8268928268271601,-0.012587208059076135,-0.15289051003575058,0.10572915860309823
41.0,0.8786700608628287,1.0436712063345095,0.15540404313232423,0.09701852374281471,0.15802971310768252,0.15802971310768252,0.9999999999999991,8.881784197001252e-16,0.16129032258064502,10.086480026506784,0.00010192071633753786,0.669512074139647,0.02505929366566573,1.5599726334695563,0.11158275143783268,0.8268722093231152,-0.012135671672629522,-0.15420873183788444,0.10690405576929173
41.2,0.8810535637227087,1.0539132086347185,0.15434318196024382,0.09625493776098566,0.15936731674788243,0.15936731674788243,0.9999999999999991,8.881784197001252e-16,0.16129032258064502,10.1521638263376,0.00010170532849228938,0.6715007505247708,0.02409298391136397,1.561305154689892,0.10939454380931565,0.8268526115490966,-0.011702199832826346,-0.1555584555605752,0.10807285286720224
41.400000000000006,0.8833519988639508,1.064189533058433,0.15329469496859602,0.09549681864465154,0.16071008532847936,0.16071008532847936,0.9999999999999991,8.881784197001252e-16,0.16129032258064502,10.216775004240167,0.00010151635954198613,0.6734111378939658,0.02317568336275272,1.562586158692145,0.10727599030197119,0.8268324368385088,-0.011284730854103288,-0.15694139308337032,0.1092390774264515
41.6,0.8855684295357323,1.074502855181851,0.15226278032588006,0.09474851617154828,0.1620712181254247,0.1620712181254247,0.9999999999999991,8.881784197001252e-16,0.16129032258064502,10.279826735988035,0.00010134797690330618,0.6752466979427841,0.022291668864329813,1.563817265274612,0.10519390966522128,0.8268105761678737,-0.010881955041291087,-0.1583588677439784,0.1104053128906733
41.800000000000004,0.8877056950503581,1.0848576038722721,0.15124948701616164,0.09401240704819787,0.16345975153443956,0.16345975153443956,0.9999999999999991,8.881784197001252e-16,0.16129032258064502,10.341015757152913,0.00010119855548507518,0.6770105904878985,0.021443223703426766,1.5650001068182322,0.10315605120772003,0.8267862533370571,-0.010492940421772845,-0.1598119024488621,0.11157352675198846
42.0,0.8897664692056731,1.0952593657219716,0.1502554332771492,0.09328954304462767,0.16488188969193593,0.16488188969193593,0.9999999999999991,8.881784197001252e-16,0.16129032258064502,10.400171662464793,0.00010106396090018743,0.6787057453260407,0.02061626358229422,1.5661363097404528,0.10113024783681368,0.8267589225223104,-0.010116931339304455,-0.1613013234378313,0.11274529179183693
42.2,0.8917532862406865,1.105714466972769,0.14928031204497572,0.09258010428892884,0.16634195044379857,0.16634195044379857,0.9999999999999991,8.881784197001252e-16,0.16129032258064502,10.457217303623134,0.0001009451643423915,0.6803349003432869,0.019826226995579496,1.5672274729972484,0.09915620720802898,0.8267281944862088,-0.009753256030642365,-0.16282786686205986,0.11392193631953143
42.400000000000006,0.8936685507182429,1.1162297127200103,0.1483232066659362,0.09188368658914729,0.16784295389299697,0.16784295389299697,0.9999999999999991,8.881784197001252e-16,0.16129032258064502,10.512141622164528,0.00010084013041403443,0.6819006212132016,0.01907049432579514,1.5682751508013122,0.09723034355020722,0.8266937895820926,-0.00940129888393107,-0.16439224729570012,0.11510463054240823
42.6,0.895514546933084,1.1268122031997392,0.1473828205722947,0.09119951105374514,0.169387053912417,0.169387053912417,0.9999999999999991,8.881784197001252e-16,0.16129032258064502,10.564979133454836,0.00010074710736307487,0.6834053179668297,0.01834660475523395,1.5692808434332028,0.09534912097956189,0.8266555065208074,-0.009060479403525445,-0.1659951967990047,0.11629444375512654
42.800000000000004,0.8972934462881795,1.1374692034643075,0.14645764543414308,0.09052657802499968,0.1709758646376101,0.1709758646376101,0.9999999999999991,8.881784197001252e-16,0.16129032258064502,10.615793797836105,0.0001006646009491984,0.6848512580901417,0.01765238133059663,1.5702459917697111,0.0935094109082794,0.8266132002729993,-0.008730241263843204,-0.16763749685076001,0.117492384853204
43.0,0.8990073119728103,1.1482080655130738,0.14554606718726443,0.08986376639168991,0.17261067320666262,0.17261067320666262,0.9999999999999991,8.881784197001252e-16,0.16129032258064502,10.664667759125566,0.00010059132920237017,0.6862405758594823,0.016985881396300664,1.5711719736810894,0.09170841339135023,0.8265667671758463,-0.008410051676556646,-0.1693199996344858,0.1186994264029129
43.2,0.900658102594639,1.1590361831451843,0.14464643629173668,0.08920989940757318,0.1742925818318851,0.1742925818318851,0.9999999999999991,8.881784197001252e-16,0.16129032258064502,10.711693405184658,0.00010052618701411212,0.6875752797983591,0.01634536062269675,1.5720601020449811,0.08994360324095,0.8265161346716002,-0.008099404289630102,-0.17104363761742147,0.11991651881601038
43.400000000000006,0.9022476777574473,1.1699609725086193,0.14375710633887287,0.08856378398412545,0.1760225939817224,0.1760225939817224,0.9999999999999991,8.881784197001252e-16,0.16129032258064502,10.756968456353825,0.00010046821791112523,0.6888572610774418,0.01572924644992801,1.5729116257706746,0.08821269353868096,0.8264612549085347,-0.007797819151417314,-0.17280942476596586,0.12114459779260683
43.6,0.9037778037589743,1.1809898625955861,0.14287646256073466,0.08792423897717287,0.17780168161475343,0.17780168161475343,0.9999999999999991,8.881784197001252e-16,0.16129032258064502,10.80059232472108,0.00010041659097228826,0.6900883016113744,0.01513611536400657,1.5737277314370604,0.08651360353691474,0.8264020991372567,-0.007504840426374136,-0.1746184565281978,0.12238459056978829
43.800000000000004,0.9052501586039496,1.192130293214207,0.14200294195155372,0.087290115153038,0.17963083846276648,0.17963083846276648,0.9999999999999991,8.881784197001252e-16,0.16129032258064502,10.84266329187527,0.0001003705819442234,0.6912700810782555,0.01456467462044017,1.5745095452319484,0.08484443389679976,0.8263386537989512,-0.007220035649708585,-0.1764719100403483,0.12363742147280328
44.0,0.9066663356482472,1.20338972179048,0.1411350403827412,0.08666030347856442,0.1815111069867942,0.1815111069867942,0.9999999999999991,8.881784197001252e-16,0.16129032258064502,10.883277030568518,0.00010032955768426965,0.6924041824635774,0.014013747778775076,1.5752581345841563,0.0832034487972587,0.8262709177187051,-0.0069429957379881085,-0.17837104351151023,0.12490401500768145
44.2,0.9080278493956444,1.2147756355913097,0.1402713161671213,0.08603374099226146,0.18344360213317984,0.18344360213317987,0.9999999999999991,8.881784197001252e-16,0.16129032258064502,10.922525456644667,0.00010029296308519103,0.6934920991114824,0.013482260942038006,1.5759745110274337,0.0815890566761691,0.8261988992465131,-0.006673333850020717,-0.1803171944318876,0.12618529878407272
44.400000000000006,0.9093361380651281,1.2262955660303936,0.13941038608208894,0.08540940796454638,0.18542951184346618,0.18542951184346618,0.9999999999999991,8.881784197001252e-16,0.16129032258064502,10.96049679537382,0.00010026031024656793,0.694535238916995,0.012969232534262234,1.5766596317352455,0.07999979853231423,0.8261226145139072,-0.006410684024624844,-0.18231177677771834,0.1274822045117807
44.6,0.9105925688050726,1.2379571038632602,0.13855092455282575,0.08478632886534138,0.1874701103795994,0.1874701103795994,0.9999999999999991,8.881784197001252e-16,0.16129032258064502,10.99727517243956,0.00010023116929936604,0.6955349303527141,0.012473763766846963,1.577314402620347,0.07843433599153783,0.8260420862469942,-0.006154699573677196,-0.1843562789460944,0.12879567080095897
44.800000000000004,0.9117984414959052,1.2497679151180097,0.1376916599892158,0.08416356992894546,0.18956676276472076,0.18956676276472076,0.9999999999999991,8.881784197001252e-16,0.16129032258064502,11.032940643580044,0.00010020516061990516,0.6964924272570356,0.011995029791007507,1.5779396805202786,0.07689143926255194,0.8259573420972026,-0.005905051615133217,-0.18645226343070218,0.13012664535904123
45.0,0.9129549920333224,1.2617357572486267,0.13683136975440718,0.08354023540290478,0.19172092489653506,0.19172092489653508,0.9999999999999991,8.881784197001252e-16,0.16129032258064502,11.067569435095283,0.0001001819482602025,0.6974089129635819,0.011532272529691452,1.5785362752861558,0.07536997841914957,0.8258684137278199,-0.005661427867302012,-0.1886013663063223,0.13147608679335684
45.2,0.9140633953640753,1.2738684949669832,0.13596887511850902,0.08291546368828054,0.1939341425353421,0.1939341425353421,0.9999999999999991,8.881784197001252e-16,0.16129032258064502,11.101234255735196,0.00010016123433659245,0.698285504109304,0.011084794134544971,1.5791049516928444,0.07386891504940112,0.8257753358295029,-0.0054235314498256165,-0.1908052960412171,0.13284496628749173
45.400000000000006,0.915124768439249,1.2861741154695736,0.13510303670977783,0.08228842381253444,0.1962080504035402,0.1962080504035402,0.9999999999999991,8.881784197001252e-16,0.16129032258064502,11.134004609398804,0.0001001427542354265,0.6991232542185591,0.010651951248634994,1.5796464313361356,0.07238729505767294,0.8256781453921376,-0.005191079670210319,-0.1930658324355998,0.13423426931754365
45.6,0.9161401729914274,1.2986607430378034,0.13423275039162674,0.0816583121041428,0.198544370932991,0.198544370932991,0.9999999999999991,8.881784197001252e-16,0.16129032258064502,11.16594711066471,0.00010012627249875705,0.6999231570204416,0.010233149867731274,1.580161394413761,0.07092424215176786,0.8255768810549214,-0.004963802888867018,-0.19538482604043664,0.1356449973484908
45.800000000000004,0.9171106180662514,1.3113366529977424,0.1333569434127689,0.08102434899272094,0.20094491218759017,0.20094491218759017,0.9999999999999991,8.881784197001252e-16,0.16129032258064502,11.19712581690155,0.0001001115792854615,0.7006861494483052,0.009827840787866013,1.580650481356575,0.06947895215332682,0.8254715825703236,-0.00474144349867265,-0.1977641975609683,0.13707816940196543
46.0,0.9180370623241185,1.3242102849372521,0.13247457093293968,0.08038577604880488,0.20341156510481234,0.20341156510481237,0.9999999999999991,8.881784197001252e-16,0.16129032258064502,11.227602567609916,0.00010009848731753568,0.7014131143478406,0.00943551555712907,1.5811142943100804,0.06805068802290878,0.8253622903518927,-0.004523755002331514,-0.20020593686360783,0.13853482346745044
46.2,0.9189204161843995,1.337290255066579,0.13158461296791304,0.07974185338414057,0.20594630038560532,0.20594630038560532,0.9999999999999991,8.881784197001252e-16,0.16129032258064502,11.257437313164273,0.00010008682923713575,0.7021048829594133,0.009055702867799713,1.5815533985055217,0.06663877552793158,0.8252490451083649,-0.004310501137604547,-0.20271210157129047,0.1400160177787891
46.400000000000006,0.9197615438043655,1.3505853676567547,0.13068607199181995,0.07909185744430555,0.20855116497796286,0.20855116497796286,0.9999999999999991,8.881784197001252e-16,0.16129032258064502,11.286688427179968,0.00010007645531177083,0.70276223717739,0.008687965306870904,1.5819683235019943,0.06524259938911026,0.8251318875219033,-0.004101455064677212,-0.2052848154087647,0.141522831960212
46.6,0.9205612647566719,1.3641046255018185,0.12977797164189842,0.07843507919708068,0.21122827780913406,0.21122827780913406,0.9999999999999991,8.881784197001252e-16,0.16129032258064502,11.315413006498082,0.00010006723143626054,0.703385911484064,0.008331896409879202,1.582359564207434,0.06386159980834161,0.8250108579252939,-0.0038963987223555735,-0.20792626624696284,0.14305636801186492
46.800000000000004,0.921320355800192,1.3778572393279525,0.12885935462867254,0.07777082267932661,0.2139798255038004,0.2139798255038004,0.9999999999999991,8.881784197001252e-16,0.16129032258064502,11.343667149992665,0.00010005903739224254,0.703976594868221,0.007987118134559804,1.5827275819628446,0.0624952699439082,0.8248859962022435,-0.0036951220782398125,-0.21063870277539512,0.1446177511044525
47.0,0.9220395524893759,1.3918526360782273,0.12792928187406763,0.07709840386889749,0.2168080568461624,0.21680805684616242,0.9999999999999991,8.881784197001252e-16,0.16129032258064502,11.371506238434764,0.00010005176532056241,0.7045349325569664,0.007653278404132328,1.583072805444834,0.06114315308161889,0.8247573415213446,-0.003497422398787531,-0.21342443116111903,0.14620813017970033
47.2,0.9227195505349107,1.406100465923026,0.1269868325575641,0.07641714996240355,0.21971527618452583,0.21971527618452583,0.9999999999999991,8.881784197001252e-16,0.16129032258064502,11.398985199861645,0.00010004531838411464,0.7050615274608382,0.007330048980672694,1.583395631396793,0.059804840573334704,0.8246249321962426,-0.0033031037083968984,-0.21628581092730295,0.14782867831582908
47.400000000000006,0.9233610070714938,1.4206106078235294,0.1260311043641663,0.0757263990753681,0.22270383608423916,0.22270383608423916,0.9999999999999991,8.881784197001252e-16,0.16129032258064502,11.426158764306708,0.00010003960959173727,0.705556941481047,0.007017123523013519,1.5836964252627443,0.05847997006962755,0.8244888055654016,-0.003111976265110575,-0.21922524914898242,0.14948059282770654
47.6,0.9239645418485997,1.4353931734936318,0.12506121418304705,0.0750255003067157,0.22577612872475533,0.22577612872475533,0.9999999999999991,8.881784197001252e-16,0.16129032258064502,11.453081713428015,0.00010003456076107544,0.7060216966919722,0.006714215783448669,1.5839755217191618,0.05716822391607402,0.8243489978597428,-0.0029238560068716724,-0.22224519359200443,0.15116509508496723
47.800000000000004,0.924530738321917,1.4504585095628013,0.12407629946671231,0.07431381418043895,0.22893457570757017,0.22893457570757017,0.9999999999999991,8.881784197001252e-16,0.16129032258064502,11.479809125204111,0.00010003010160281126,0.7064562763763083,0.006421057969541349,1.5842332250970539,0.05586932787717813,0.8242055441031753,-0.002738564025103446,-0.22534812480346997,0.15288343000550125
48.0,0.9250601446387554,1.4658171976852765,0.1230755202298658,0.07359071352137951,0.232181616232059,0.232181616232059,0.9999999999999991,8.881784197001252e-16,0.16129032258064502,11.506396615030505,0.00010002616890989705,0.7068611259123115,0.0061373992307773755,1.5844698096821563,0.054583050074561254,0.8240584780145999,-0.002555926071307668,-0.22853654650863733,0.15463686517423716
48.2,0.9255532745395887,1.4814800523091396,0.12205806156462973,0.07285558478334773,0.23551969352087615,0.23551969352087615,0.9999999999999991,8.881784197001252e-16,0.16129032258064502,11.53290057358265,0.00010002270583832004,0.7072366535300733,0.005863004259366468,1.5846855199030663,0.0533092001393581,0.8239078319171991,-0.0023757720804873927,-0.2318129739904838,0.15642668954314543
48.400000000000006,0.9260106081301288,1.4974581158370952,0.12102313686153827,0.07210782979624551,0.23895123899539386,0.2389512389953939,0.9999999999999991,8.881784197001252e-16,0.16129032258064502,11.559378407390493,0.00010001966126747653,0.7075832309033668,0.005597651966795302,1.5848805703674338,0.05204762844249304,0.8237536366070315,-0.0021979357040119996,-0.2351799207155203,0.15825421168148984
48.6,0.9264325925751276,1.513762650791139,0.11996999167675655,0.07134686800479915,0.2424786541049546,0.2424786541049546,0.9999999999999991,8.881784197001252e-16,0.12903225806451601,11.585888777899893,0.00010001698923083367,0.7079011936099804,0.0053411342768059054,1.5850551457860116,0.05079822562663424,0.8235959212611241,-0.0020222538520573707,-0.23863988268369887,0.16012075749054597
48.800000000000004,0.926819642704713,1.5304051285978932,0.11889790830989894,0.07057213922090369,0.2461042895707494,0.2461042895707494,0.9999999999999991,8.881784197001252e-16,0.12903225806451601,11.612491843236064,0.00010001464840746403,0.7081908414607991,0.005093254962580739,1.5852094007569777,0.04956092213598773,0.8234347132890126,-0.0018485662202984143,-0.24219532021672183,0.16202766733425344
49.0,0.9271721415271299,1.5473972145799535,0.11780621098722184,0.06978310689517012,0.24983042179338408,0.2498304217933841,0.9999999999999991,8.881784197001252e-16,0.12903225806451601,11.639249502118199,0.0001000126016675298,0.7084524386829412,0.004853828558910013,1.5853434594077784,0.048335687908716105,0.8232700381819781,-0.001676714809857316,-0.24584863696785444,0.16397629252429913
49.2,0.9274904406400674,1.5647507486881944,0.11669427184067342,0.06897926193478017,0.2536592260387381,0.2536592260387381,0.9999999999999991,8.881784197001252e-16,0.12903225806451601,11.666225642881491,0.00010001081566504444,0.7086862139517934,0.004622679322477968,1.585457414877021,0.04712253212315199,0.8231019193221892,-0.0015065434327128924,-0.2496021560139745,0.16596799108415186
49.400000000000006,0.9277748605425066,1.5824777214528651,0.11556151771187956,0.06816012711791482,0.2575927462243145,0.2575927462243145,0.9999999999999991,8.881784197001252e-16,0.12903225806451601,11.693486396547693,0.00010000926047241291,0.70889236026757,0.004399640242960975,1.585551328629151,0.045921503024980964,0.8229303777607748,-0.0013378971931196637,-0.253458092632404,0.16800412270947465
49.6,0.9280256908372174,1.6005902446510427,0.11440743740089336,0.06732526207781463,0.2616328612230857,0.2616328612230857,0.9999999999999991,8.881784197001252e-16,0.12903225806451601,11.721100394698308,0.00010000790925172699,0.709071034666189,0.004184552076505346,1.5856252295814655,0.04473268769241718,0.8227554319345259,-0.0011706219241381793,-0.2574185233945093,0.17008604287129037
49.800000000000004,0.9282431903145741,1.6191005160958745,0.1132315900754863,0.06647426891239647,0.26578124702678546,0.26578124702678546,0.9999999999999991,8.881784197001252e-16,0.12903225806451601,11.74913903803208,0.00010000673795882751,0.7092223577480355,0.003977262428734236,1.5856791130262147,0.0435562118832933,0.8225770973350975,-0.0010045635755127902,-0.2614853517573964,0.1722150959601878
50.0,0.9284275869097652,1.6380207779646263,0.1120336140451685,0.0656067984145962,0.27003933519528933,0.27003933519528933,0.9999999999999991,8.881784197001252e-16,0.12903225806451601,11.777676765847714,0.00010000572507624774,0.7093464130126786,0.0037776248593933944,1.5857129393252232,0.04239223981363162,0.8223953861073913,-0.0008395675343546988,-0.26566026935395975,0.17439260740520635
50.2,0.9285790775142116,1.6573632680693666,0.11081323631324332,0.06472255690000142,0.27440826703355276,0.27440826703355276,0.9999999999999991,8.881784197001252e-16,0.12903225806451601,11.806791339143436,0.0001000048513718381,0.709443245975989,0.003585498004833142,1.5857266323442742,0.041240973828001806,0.822210306553959,-0.0006754778566931408,-0.26994471315349405,0.17661987469640875
50.400000000000006,0.92869782762484,1.6771401634343082,0.10957028316551598,0.06382131366335622,0.27888884336344344,0.27888884336344344,0.9999999999999991,8.881784197001252e-16,0.12903225806451601,11.836564133570292,0.00010000409968030549,0.7095128630445937,0.0034007447252157558,1.585720077595726,0.04010265397910015,0.8220218625435602,-0.0005121363834454662,-0.2743398185635503,0.1788981572254578
50.6,0.9287839708003098,1.6973635156125892,0.10830469089057403,0.06290290898925409,0.28348147051260164,0.28348147051260164,0.9999999999999991,8.881784197001252e-16,0.12903225806451601,11.867080440102514,0.00010000345470519208,0.7095552301089683,0.003223231278378636,1.5856931200410902,0.038977557505910775,0.8218300528052415,-0.00034938170465342866,-0.2788463677529111,0.18122866490821365
50.800000000000004,0.9288376078939864,1.7180451771687766,0.10701651711224218,0.061967262652703615,0.28818610208113826,0.28818610208113826,0.9999999999999991,8.881784197001252e-16,0.12903225806451601,11.89842978480853,0.00010000290283904271,0.7095702708178417,0.003052826498496916,1.5856455615000784,0.03786599803955316,0.8216348700667083,-0.00018704794714957673,-0.28346473377059267,0.18361254553066864
51.0,0.9288588060151951,1.739196718780911,0.10570595263601358,0.06101438286585384,0.2930021768535401,0.2930021768535401,0.9999999999999991,8.881784197001252e-16,0.12903225806451601,11.930706264881195,0.00010000243199996965,0.7095578644711257,0.002889401005905602,1.5855771575946784,0.0367683246536095,0.8214363000333632,-2.49633302261687e-05,-0.28819482057051504,0.1860508707760423
51.2,0.9288475971799599,1.7608293365290253,0.10437333350600059,0.06004437555760632,0.2979285534121579,0.2979285534121579,0.9999999999999991,8.881784197001252e-16,0.12903225806451601,11.964008909501676,0.0001000020314828724,0.7095178434787425,0.0027328264312913874,1.5854876141523182,0.035684920603032536,0.8212343201601433,0.00013705159500798647,-0.2930359989958145,0.18854462094067911
51.400000000000006,0.92880397657001,1.7829537490034166,0.10301915305329824,0.05905745384955671,0.30296344200781944,0.30296344200781944,0.9999999999999991,8.881784197001252e-16,0.09677419354838701,11.99844207065867,0.00010000169182389274,0.7094499902867935,0.002582974669470295,1.5853765829534323,0.034616201789908374,0.8210288981903806,0.00029918607533252484,-0.29798703909464624,0.19109466834328245
51.6,0.9287279003025574,1.80558008623869,0.10164407910570673,0.05805395115253222,0.30810435907905864,0.30810435907905864,0.9999999999999991,8.881784197001252e-16,0.09677419354838701,12.034113065236157,0.00010000140467672268,0.7093540336536,0.002439717120622419,1.5852436566700745,0.03356261457888757,0.8208199903601695,0.00046164198388415345,-0.3030461035357426,0.1937017602115112
51.800000000000004,0.9286192825322569,1.8287177745090497,0.10024897326188108,0.05703433564388156,0.3133481039001666,0.3133481039001666,0.9999999999999991,8.881784197001252e-16,0.09677419354838701,12.071130508293509,0.00010000116269966512,0.7092296440721143,0.002302923900952143,1.5850883627604626,0.03252463267765764,0.820607539159035,0.0006246377205949005,-0.3082106981955223,0.1963665028824286
52.0,0.9284779918132022,1.852375403841485,0.09883487416176043,0.05599919799937273,0.3186905570996114,0.3186905570996114,0.9999999999999991,8.881784197001252e-16,0.06451612903225801,12.10962242723729,0.00010000095945286819,0.7090764282202972,0.00217246326220233,1.5849101561990464,0.031502754782631016,0.8203914708329872,0.0007884117170400551,-0.31347719428888293,0.1990893420761862
52.2,0.9283038467626257,1.8765605670161973,0.09740299949111662,0.05494925351713453,0.3241265216385099,0.3241265216385099,0.9999999999999991,8.881784197001252e-16,0.06451612903225801,12.14972727978871,0.0001000007893046721,0.7088939224070638,0.0020482012760334586,1.5847084109413723,0.03049750364672941,0.820171692720803,0.0009532255166158771,-0.31884113014730775,0.20187053190478066
52.400000000000006,0.92809661078349,1.9012796940489285,0.09595479479200282,0.053885381863509454,0.329649846315885,0.329649846315885,0.9999999999999991,8.881784197001252e-16,0.032258064516129004,12.19157949264649,0.00010000064734559651,0.708681584751043,0.0019300013443892719,1.5844824097036898,0.029509423185901086,0.81994808984839,0.0011193702983474524,-0.32429735941758436,0.2047101102338459
52.6,0.9278559852117387,1.926537898499888,0.09449194373941358,0.05280863421120415,0.33525341278736465,0.33525341278736465,0.9999999999999991,8.881784197001252e-16,0.032258064516129004,12.235326886476553,0.0001000005293095821,0.7084387853993368,0.0018177234960154748,1.5842313312797933,0.02853907280192054,0.8197205203819643,0.0012871771467831417,-0.32983945493535394,0.20760788714579156
52.800000000000004,0.9275816003532362,1.9523388174364606,0.0930163530172279,0.05172021751985193,0.3409289522603881,0.3409289522603881,0.9999999999999991,8.881784197001252e-16,0.032258064516129004,12.281129007203045,0.00010000043150246453,0.7081647940907063,0.0017112238585711725,1.5839542346412943,0.027587021811987154,0.8194888100978898,0.0014570277748192917,-0.33545989685332267,0.21056342518451254
53.0,0.9272730041728632,1.978684428096002,0.09153015234263895,0.0506214944427271,0.3466669326676429,0.3466669326676429,0.9999999999999991,8.881784197001252e-16,0.032258064516129004,12.329159102749536,0.00010000035073712105,0.7078587646659362,0.001610354490109884,1.5836500392615416,0.026653845810549484,0.8192527460106125,0.00162936608759931,-0.34115001898655745,0.2135760103513114
53.2,0.9269296482149998,2.0055748526350574,0.09003571863971514,0.04951399844466016,0.3524565804137162,0.3524565804137162,0.9999999999999991,8.881784197001252e-16,0.032258064516129004,12.379602618700114,0.0001000002842744128,0.7075197159120289,0.001514963298714686,1.5833175007024827,0.025740122877872626,0.8190120686191447,0.0018047146839957617,-0.34689994730639523,0.21664462551177813
53.400000000000006,0.9265508696526171,2.0330081652458087,0.08853568078241626,0.04839943423654439,0.35828585844080224,0.35828585844080224,0.9999999999999991,8.881784197001252e-16,0.0,12.432663582449452,0.00010000022976946237,0.707146507370591,0.001424893915284616,1.582955179694783,0.024846428286654697,0.8187664620154314,0.0019836984527688145,-0.3526984266171537,0.2197679318157542
53.6,0.9261358679279066,2.060980196297619,0.08703291909707327,0.04727966762453745,0.3641413557618144,0.3641413557618144,0.9999999999999991,8.881784197001252e-16,0.0,12.488568531910705,0.00010000018522306596,0.7067378081158482,0.0013399856840143785,1.5825614021982541,0.023973329108504922,0.8185155412866072,0.00216707507631983,-0.358532828427074,0.2229442474543288
53.800000000000004,0.9256836743562649,2.089484324020825,0.0855305725599281,0.0461567208465489,0.37000820576300264,0.3700082057630027,0.9999999999999991,8.881784197001252e-16,0.0,12.547571993852165,0.00010000014893791485,0.7062920562666037,0.0012600738734439248,1.5821342073932454,0.023121379911471212,0.8182588364943477,0.00235577516095109,-0.36438909155975185,0.22617152207968705
54.0,0.9251931191872902,2.1185112775956902,0.08403205107391776,0.04503277086692805,0.37587005385255084,0.3758700538525509,0.9999999999999991,8.881784197001252e-16,0.0,12.609964970456938,0.00010000011947921788,0.7058074126659165,0.0011849900231187772,1.5816712851251846,0.02229111899067356,0.8179957734576786,0.002550962279163113,-0.37025160835480725,0.22944731496832907
54.2,0.9264529234390664,2.1483760524559545,0.07874731850076518,0.04366924791426672,0.386571347358135,0.386571347358135,0.9999999999999991,8.881784197001252e-16,0.0,12.631663040482227,0.00010000011857921843,0.706873659216329,0.0011825105801244148,1.5825291072247711,0.022263171355498768,0.8181553701806309,0.00418191773851409,-0.3778350192859595,0.2329521961444484
54.400000000000006,0.9311157724549098,2.180274600426997,0.06719837184310311,0.04157055015641224,0.4027539194172284,0.40275391941722843,0.9999999999999991,8.881784197001252e-16,0.0,12.62749046918544,0.00010000011857921843,0.710829633601473,0.0011825105801244148,1.5857450826883153,0.022263171355498768,0.8189388945166208,0.00881096809741995,-0.39110868795929715,0.2370774093493082
54.6,0.9414684791723957,2.214930554114647,0.052757902715953625,0.03925207459872266,0.42339388907365366,0.42339388907365366,0.9999999999999991,8.881784197001252e-16,0.0,12.610759217268496,0.00010000011857921843,0.7193438157453793,0.0011825105801244148,1.592516011058224,0.022263171355498768,0.8206889059610831,0.01843671009669276,-0.41281928610881347,0.2418338475718696
54.800000000000004,0.9589760801143598,2.2530356578935615,0.04035933804728921,0.03744318212678694,0.4469115051964743,0.4469115051964744,0.0,,0.0,12.660183791681986,0.00010000011857921843,0.7328040136895234,0.0011825105801244148,1.6027479288177926,0.022263171355498768,0.8233164144911861,0.034460320665640656,-0.43914311933983846,0.24732328512661567
55.0,0.9824785321926156,2.294287829549692,0.03182885589821625,0.03640347453924474,0.46184470757448,0.46184470757448,0.0,,0.0,12.563826466932273,0.00010000011857921843,0.7477005087194443,0.0011825105801244148,1.6137166415465216,0.022263171355498768,0.8261139821929053,0.054800328291739864,-0.4619029014477914,0.25319792723892404
55.2,1.0137797145379763,2.3361780603880486,0.027620096796439633,0.037065901185518314,0.4699087452250954,0.46990874522509546,0.0,,0.0,12.516481913677643,0.00010000011857921843,0.7635364183216634,0.0011825105801244148,1.6252876220504626,0.022263171355498768,0.8290757353196769,0.07668447484316429,-0.47450398472976657,0.2584468749043025
55.400000000000006,1.052721339197201,2.379006728281545,0.025209645549567516,0.03799067275065617,0.480577898982153,0.480577898982153,0.0,,0.0,12.487438428890195,0.00010000011857921843,0.7836744232285231,0.0011825105801244148,1.6395503879091202,0.022263171355498768,0.8326974333288037,0.09855954813069823,-0.4850491149851337,0.26371976248077095
55.6,1.0986329476774548,2.4225805033503733,0.02357885613456822,0.039096068296466176,0.4875479125055584,0.4875479125055584,0.0,,0.0,12.615825931680169,0.00010000011857921843,0.801607635159615,0.0011825105801244148,1.6520883778444069,0.022263171355498768,0.8358704358091612,0.12022871278299296,-0.4938462492234828,0.2688831718124473
55.800000000000004,1.1507391471878499,2.4666358270801023,0.0223630437189267,0.04025905417003817,0.49589302715383354,0.49589302715383354,0.0,,0.0,12.771752064218788,0.00010000011857921843,0.815146620409536,0.0011825105801244148,1.6615220178881962,0.022263171355498768,0.8382554281959798,0.14133292026743038,-0.5011491392374597,0.2739761065150914
56.0,1.2088193470083686,2.511329655155766,0.02125184825473963,0.04120522812018323,0.5040313202290861,0.5040313202290861,0.0,,0.0,12.93065963846369,0.00010000011857921843,0.8268981658778359,0.0011825105801244148,1.669609518468664,0.022263171355498768,0.8402935763862707,0.16214732344271351,-0.5082656973083491,0.27906509595008133
56.2,1.2726980494277018,2.556602283711645,0.020206249543168298,0.04196119452259484,0.5118565865555124,0.5118565865555124,0.0,,0.0,13.093763516665703,0.00010000011857921843,0.8360339137120051,0.0011825105801244148,1.675806713592304,0.022263171355498768,0.8418496453781827,0.18283057721935006,-0.5151976677619068,0.28414307626911
56.400000000000006,1.3421660408505889,2.6023971656468254,0.019211812982657034,0.04254693561989443,0.5194063505879827,0.5194063505879827,0.0,,0.0,13.26146148221426,0.00010000011857921843,0.838725806470756,0.0011825105801244148,1.6776101306236666,0.022263171355498768,0.8423010557546425,0.20344793790042728,-0.5219343852750502,0.28921473623347005
56.6,1.4170021729220548,2.6486617146590405,0.01826179487993793,0.04297672346658263,0.5266944655715942,0.5266944655715942,0.0,,0.0,13.434013030329778,0.00010000011857921843,0.8387258064707561,0.0011825105801244148,1.6776101308417188,0.022263171355498768,0.8423010582121441,0.22403282668313226,-0.5284744785855386,0.2942831748916603
56.800000000000004,1.4969994912460536,2.6953447891088356,0.017353035380042806,0.04326283535349132,0.5337266178880374,0.5337266178880375,0.0,,0.0,13.611545708459941,0.00010000011857921843,0.8387258064707561,0.0011825105801244148,1.6776101310486817,0.022263171355498768,0.8423010605446621,0.24460150114330806,-0.5348171034890141,0.29934909200975773
57.0,1.5819532433878076,2.7423960745569396,0.016483910344308867,0.043416561420715066,0.5405054319960383,0.5405054319960383,0.0,,0.0,13.794092256399255,0.00010000011857921843,0.8387258064707562,0.0011825105801244148,1.6776101312338365,0.022263171355498768,0.8423010626313879,0.2651590468506726,-0.5409610816817185,0.3044114596312615
57.2,1.6716607360752471,2.789765945318753,0.015653401609708104,0.0434485930864206,0.5470320230031436,0.5470320230031436,0.0,,0.0,13.981618022061275,0.00010000011857921843,0.8387258064707562,0.0011825105801244148,1.6776101313898992,0.022263171355498768,0.8423010643902366,0.28570295768535825,-0.5469053041871629,0.30946810482718307
57.400000000000006,1.7659208441886536,2.837405452308388,0.014860690907217167,0.043369275950132236,0.5533071197522046,0.5533071197522046,0.0,,0.0,14.17403637029353,0.00010000011857921843,0.8387258064707563,0.0011825105801244148,1.6776101315121215,0.022263171355498768,0.8423010657676976,0.3062260731738011,-0.5526490704016989,0.31451614496061797
57.6,1.8645343496724462,2.8852664586463357,0.014105008697349639,0.04318868005650972,0.5593320096217083,0.5593320096217083,0.0,,0.0,14.371215279996298,0.00010000011857921843,0.8387258064707563,0.0011825105801244148,1.6776101315978935,0.022263171355498768,0.8423010667343562,0.3267179488006282,-0.5581922787506787,0.31955229179354866
57.800000000000004,1.9673047720170578,2.9333018312136345,0.013385542930254594,0.04291660017452459,0.5651087303923162,0.5651087303923163,0.0,,0.0,14.572984661748801,0.00010000011857921843,0.8387258064707563,0.0011825105801244148,1.677610131646095,0.022263171355498768,0.8423010672775896,0.34716615748845625,-0.5635356176636785,0.32457307296106697
58.0,2.07403799333269,2.9814656451156525,0.012701402765706927,0.04256255162673799,0.570640314777925,0.570640314777925,0.0,,0.0,14.77914144484454,0.00010000011857921843,0.8387258064707563,0.0011825105801244148,1.6776101316566607,0.022263171355498768,0.8423010673966678,0.3675575094017287,-0.568680626682078,0.3295749999143131
58.2,2.1845429979313633,3.029713390347587,0.012051619195274572,0.042135709927391615,0.5759310425968723,0.5759310425968723,0.0,,0.0,14.989452171516554,0.00010000011857921843,0.8387258064707563,0.0011825105801244148,1.6776101316304608,0.022263171355498768,0.8423010671013931,0.3878784214537836,-0.5736296535206987,0.33455467346565604
58.400000000000006,2.2986316683057484,3.0780021791655825,0.011435139035623364,0.04164484756903484,0.58098616971863,0.5809861697186302,0.0,,0.0,15.203658488471001,0.00010000011857921843,0.8387258064707563,0.0011825105801244148,1.677610131568877,0.022263171355498768,0.8423010664073374,0.4081155356391968,-0.5783858554414336,0.33950886446707357
58.6,2.4161190752915105,3.1262909023064376,0.010850836405725308,0.04109828838579941,0.5858118719820398,0.5858118719820398,0.0,,0.0,15.421480196120552,0.00010000011857921843,0.8387258064707563,0.0011825105801244148,1.6776101314736047,0.022263171355498768,0.8423010653336082,0.4282560210321953,-0.5829530963805953,0.34443455121680094
58.800000000000004,2.5368237470282327,3.174540353824137,0.010297527719987648,0.04050386828348288,0.59041518618626,0.59041518618626,0.0,,0.0,15.642617492238855,0.00010000011857921843,0.8387258064707562,0.0011825105801244148,1.677610131346639,0.022263171355498768,0.8423010639026869,0.4482877422219509,-0.5873358403609366,0.34932894395291686
59.0,2.6605678445600716,3.222713329991916,0.009773984703948716,0.039868898910002844,0.5948037890237379,0.594803789023738,0.0,,0.0,15.866754752588287,0.00010000011857921843,0.8387258064707562,0.0011825105801244148,1.6776101311901228,0.022263171355498768,0.8423010621387284,0.4681993860615893,-0.5915390598845668,0.3541894985827118
59.2,2.787177216131233,3.2707746913379205,0.009278948690991723,0.03920014844890246,0.5989857633755928,0.598985763375593,0.0,,0.0,16.09356394985218,0.00010000011857921843,0.8387258064707561,0.0011825105801244148,1.6776101310061708,0.022263171355498768,0.8423010600655549,0.4879805657090277,-0.5955681374949156,0.3590139146987787
59.400000000000006,2.9164814296587247,3.318691387479474,0.008811144836019422,0.03850384057347969,0.6029694968133613,0.6029694968133613,0.0,,0.0,16.322707141215265,0.00010000011857921843,0.838725806470756,0.0011825105801244148,1.677610130796854,0.022263171355498768,0.842301057706508,0.5076218567089679,-0.5994287528456369,0.3638001252944332
59.6,3.0483138467393136,3.366432457439818,0.008369296669831997,0.03778565871715211,0.6067635818564703,0.6067635818564703,0.0,,0.0,16.553838741937067,0.00010000011857921843,0.838725806470756,0.0011825105801244148,1.6776101305642188,0.022263171355498768,0.8423010550846509,0.5271147618018182,-0.6031267872377319,0.36854628564592923
59.800000000000004,3.182511722860008,3.4139690103683065,0.007952136229496658,0.03705075405784884,0.6103766494453603,0.6103766494453603,0.0,,0.0,16.786608656018974,0.00010000011857921843,0.8387258064707559,0.0011825105801244148,1.677610130310219,0.022263171355498768,0.8423010522219956,0.5464516583764946,-0.6066682457335214,0.3732507593651477
60.0,3.3189162875172347,3.4612741833097744,0.007558413771351285,0.036303764701223144,0.613817235435666,0.613817235435666,0.0,,0.0,17.02066497973293,0.00010000011857921843,0.8387258064707558,0.0011825105801244148,1.677610130036662,0.022263171355498768,0.8423010491389142,0.5656257591118541,-0.6100591850116762,0.37791210012259635
60.2,3.457372786975586,3.5083230806206362,0.007186906754927827,0.03554884367469554,0.6170937360023016,0.6170937360023017,0.0,,0.0,17.25565600440181,0.00010000011857921843,0.8387258064707557,0.0011825105801244148,1.6776101297452386,0.022263171355498768,0.842301045854455,0.5846310666958426,-0.6133056461065336,0.38252903420255036
60.400000000000006,3.5977305110765196,3.555092704917127,0.006836426247673514,0.03478968687253673,0.6202143603160277,0.6202143603160277,0.0,,0.0,17.49123243565171,0.00010000011857921843,0.8387258064707556,0.0011825105801244148,1.6776101294375445,0.022263171355498768,0.8423010423866037,0.6034623089361778,-0.6164136028572389,0.3871004464082127
60.6,3.7398428285238206,3.601561881820744,0.006505821418930976,0.03402956060514533,0.6231870455611782,0.6231870455611782,0.0,,0.0,17.727049946163444,0.00010000011857921843,0.8387258064707555,0.0011825105801244148,1.6776101291150534,0.022263171355498768,0.842301038751968,0.6221148703942414,-0.6193889242461148,0.39162536599275705
60.800000000000004,3.883567226517402,3.6477111761248318,0.00619398366021029,0.03327133338016971,0.6260194121714773,0.6260194121714773,0.0,,0.0,17.962771196481896,0.00010000011857921843,0.8387258064707553,0.0011825105801244148,1.6776101287791054,0.022263171355498768,0.8423010349656442,0.6405847350488301,-0.6222373411355446,0.3961029514481429
61.0,4.028765334713433,3.693522802925458,0.005899849670803091,0.03251750970056124,0.6287187729629857,0.6287187729629858,0.0,,0.0,18.19806731241558,0.00010000011857921843,0.8387258064707552,0.0011825105801244148,1.6776101284309388,0.022263171355498768,0.8423010310415872,0.6588684344793306,-0.6249644184168014,0.400532477504172
61.2,4.175302911165923,3.7389805400702394,0.005622402680651405,0.03177026055677275,0.631292119757407,0.631292119757407,0.0,,0.0,18.432619622948643,0.00010000011857921843,0.8387258064707551,0.0011825105801244148,1.6776101280717124,0.022263171355498768,0.84230102699286,0.6769630016453381,-0.6275755384213634,0.4049133254858941
61.400000000000006,4.316756863670524,3.7843127413857576,0.005377875952214328,0.030750709873144,0.6370304655533273,0.6370304655533273,0.0,,0.0,18.6923324204518,0.00010000011857921843,0.8387258064707556,0.0011825105801244148,1.6776101293555106,0.022263171355498768,0.8423010414620458,0.6835251414937699,-0.6297642195945518,0.4094235644601263
61.6,4.428941276829522,3.8296102386872337,0.0051164492447377495,0.02931781807375954,0.6391053597095783,0.6391053597095783,0.0,,0.0,18.961898130596513,0.00010000011857921843,0.8387258064707552,0.0011825105801244148,1.6776101284380895,0.022263171355498768,0.8423010311221819,0.6825708785797553,-0.6322187184086027,0.41389543929200157
61.800000000000004,4.508187030838283,3.8744007370295113,0.0048752971083058025,0.02799182710544905,0.6409246925329932,0.6409246925329933,0.0,,0.0,19.222606234652382,0.00010000011857921843,0.8387258064707549,0.0011825105801244148,1.6776101275827213,0.022263171355498768,0.8423010214815576,0.6816450968492743,-0.6345269345400195,0.4182094058737009
62.0,4.574025091604292,3.9187003789892656,0.004650689672472909,0.026752912431759937,0.6427210303617417,0.6427210303617417,0.0,,0.0,19.47629031915861,0.00010000011857921843,0.8387258064707547,0.0011825105801244148,1.6776101269316905,0.022263171355498768,0.8423010141438779,0.6807374141222607,-0.6367203526091767,0.4224350944437051
62.2,4.629708901191914,3.9625162231082864,0.00444025412369978,0.02558866103467528,0.644463363903422,0.644463363903422,0.0,,0.0,19.72426432036539,0.00010000011857921843,0.8387258064707545,0.0011825105801244148,1.6776101263692538,0.022263171355498768,0.8423010078046692,0.6798443824441892,-0.6388155186391453,0.42658925067681114
62.400000000000006,4.677103742573676,4.005850369691518,0.004242557297048895,0.024491714006162922,0.6461474115373532,0.6461474115373532,0.0,,0.0,19.967000507116985,0.00010000011857921843,0.8387258064707543,0.0011825105801244148,1.6776101258558926,0.022263171355498768,0.8423010020185402,0.678964396889179,-0.6408211334580405,0.4306795892660249
62.6,4.717502265521686,4.048703415205319,0.004056502560801365,0.023456482168322457,0.6477731716058414,0.6477731716058414,0.0,,0.0,20.20472997557958,0.00010000011857921843,0.8387258064707541,0.0011825105801244148,1.6776101253720053,0.022263171355498768,0.8423009965645701,0.6780965135055306,-0.6427433700278522,0.43471065246774093
62.800000000000004,4.751963261360108,4.091075335794123,0.0038811840844128944,0.022478363515515628,0.6493417234947645,0.6493417234947645,0.0,,0.0,20.437573256313513,0.00010000011857921843,0.838725806470754,0.0011825105801244148,1.6776101249063273,0.022263171355498768,0.8423009913158013,0.6772401418735525,-0.6445870894272508,0.4386852972648904
63.0,4.781381088198438,4.132965899100062,0.0037158202759947777,0.021553388675349117,0.6508543923357334,0.6508543923357334,0.0,,0.0,20.665596238693652,0.00010000011857921843,0.8387258064707538,0.0011825105801244148,1.6776101244516766,0.022263171355498768,0.8423009861912878,0.6763948923670672,-0.6463563834455285,0.44260542193582614
63.2,4.8065147243153525,4.174374857883458,0.0035597213305557313,0.020678050767953284,0.6523127768871653,0.6523127768871653,0.0,,0.0,20.8888328735084,0.00010000011857921843,0.8387258064707537,0.0011825105801244148,1.6776101240036416,0.022263171355498768,0.8423009811413046,0.6755605020336849,-0.6480548240035499,0.4464723267253045
63.400000000000006,4.828005586874182,4.2153020690816,0.003412268141238106,0.019849195539511418,0.6537185788514741,0.6537185788514741,0.0,,0.0,21.107300209648226,0.00010000011857921843,0.8387258064707536,0.0011825105801244148,1.6776101235595449,0.022263171355498768,0.8423009761356774,0.6747367903185262,-0.649685619490209,0.45028692278575866
63.6,4.846398438523001,4.2557475727272545,0.003272897265485458,0.019063943455076653,0.6550734813700463,0.6550734813700463,0.0,,0.0,21.321010311470037,0.00010000011857921843,0.8387258064707532,0.0011825105801244148,1.6776101231177294,0.022263171355498768,0.8423009711557276,0.673923625225092,-0.6512517239244294,0.45404989293580766
63.800000000000004,4.86215718570777,4.295711629196773,0.0031410918276962587,0.01831964348629838,0.6563791843936135,0.6563791843936135,0.0,,0.0,21.52997526033355,0.00010000011857921843,0.8387258064707531,0.0011825105801244148,1.6776101226772204,0.022263171355498768,0.8423009661904681,0.6731209036779194,-0.6527558974227958,0.4577617862911658
64.0,4.875674784361164,4.335194736808632,0.0030163752639125077,0.017613841976234605,0.6576373815857536,0.6576373815857536,0.0,,0.0,21.734209932850586,0.00010000011857921843,0.8387258064707529,0.0011825105801244148,1.677610122237507,0.022263171355498768,0.8423009612341448,0.6723285413062609,-0.6542007420610823,0.46142306666596805
64.2,4.887285871089805,4.374197640996009,0.0028983061592983833,0.016944257013998914,0.658849728180262,0.658849728180262,0.0,,0.0,21.933734590062176,0.00010000011857921843,0.8387258064707528,0.0011825105801244148,1.6776101217983164,0.022263171355498768,0.8423009562836783,0.6715464632756173,-0.6555887305512241,0.46503415475793786
64.4,4.897275003791581,4.412721333982473,0.0027864746436728777,0.016308761114169214,0.6600178483556259,0.6600178483556259,0.0,,0.0,22.128575696336345,0.00010000011857921843,0.8387258064707527,0.0011825105801244148,1.6776101213595667,0.022263171355498768,0.8423009513381488,0.6707745999186426,-0.6569222217069649,0.4685954500625322
64.60000000000001,4.905883779972386,4.4507670499281895,0.0026804994831440563,0.01570536726979086,0.6611433360249394,0.6611433360249394,0.0,,0.0,22.318766049704404,0.00010000011857921843,0.8387258064707525,0.0011825105801244148,1.6776101209212937,0.022263171355498768,0.8423009463979544,0.6700128838174353,-0.6582034713588161,0.47210734380521835
64.8,4.913317227628078,4.488336257984772,0.00258002551134158,0.015132216881003229,0.6622277320979886,0.6622277320979886,0.0,,0.0,22.5043451373249,0.00010000011857921843,0.8387258064707523,0.0011825105801244148,1.677610120483594,0.022263171355498768,0.842300941464194,0.6692612478576135,-0.6594346410760066,0.4755702276695904
65.0,4.919749693461261,4.525430652770787,0.0024847215485798153,0.014587570325073485,0.6632725367152953,0.6632725367152953,0.0,,0.0,22.685358705416235,0.00010000011857921843,0.8387258064707521,0.0011825105801244148,1.6776101200465996,0.022263171355498768,0.8423009365383447,0.6685196238701574,-0.6606178040087358,0.4789844997874473
65.2,4.9253295158059665,4.562052144860625,0.0023942785590507303,0.014069797658714894,0.6642792160432964,0.6642792160432964,0.0,,0.0,22.861858269539326,0.00010000011857921843,0.838725806470752,0.0011825105801244148,1.677610119610469,0.022263171355498768,0.8423009316221992,0.66778794195812,-0.661754949434194,0.48235056800537857
65.4,4.93018264780758,4.59820285024392,0.0023084079544600697,0.013577370835875867,0.6652491823964636,0.6652491823964637,0.0,,0.0,23.033900960762505,0.00010000011857921843,0.8387258064707519,0.0011825105801244148,1.677610119175367,0.022263171355498768,0.8423009267176155,0.6670661302413318,-0.6628479867252823,0.4856688503057536
65.60000000000001,4.934415676671312,4.633885088349039,0.002226840466347079,0.013108858883335602,0.6661839141483662,0.6661839141483662,0.0,,0.0,23.201546334508766,0.00010000011857921843,0.8387258064707517,0.0011825105801244148,1.6776101187414716,0.022263171355498768,0.8423009218266021,0.6663541144584082,-0.6638987469398377,0.48893977689144175
65.8,4.938119586103985,4.669101360562586,0.002149323775306564,0.012662915966356516,0.6670846541253438,0.6670846541253438,0.0,,0.0,23.364863007223015,0.00010000011857921843,0.8387258064707516,0.0011825105801244148,1.6776101183089536,0.022263171355498768,0.8423009169510783,0.6656518180720898,-0.6649089903947576,0.4921637886316121
66.0,4.941373056387511,4.703854318071605,0.00207562187363376,0.012238278944873004,0.6679525274877369,0.667952527487737,0.0,,0.0,23.523924701823056,0.00010000011857921843,0.8387258064707515,0.0011825105801244148,1.677610117877937,0.022263171355498768,0.842300912092448,0.6649591631538764,-0.6658804059817531,0.49534133120492724
66.2,4.94424282639268,4.738146773238558,0.002005514416024487,0.011833764645540508,0.6687887472670575,0.6687887472670575,0.0,,0.0,23.678805836744655,0.00010000011857921843,0.8387258064707512,0.0011825105801244148,1.677610117448596,0.022263171355498768,0.842300907252673,0.6642760698551444,-0.6668146114280626,0.4984728607140818
66.4,4.946784026121003,4.771981715300167,0.0019387962914747725,0.01144826775445769,0.6695948752999724,0.6695948752999724,0.0,,0.0,23.82957430224111,0.00010000011857921843,0.8387258064707511,0.0011825105801244148,1.6776101170211133,0.022263171355498768,0.8423009024338117,0.6636024557299567,-0.6677131535811563,0.5015588457657175
66.60000000000001,4.9490447350138025,4.8053622586891365,0.0018752738734630133,0.01108074156113102,0.6703718673051426,0.6703718673051426,0.0,,0.0,23.976313959953853,0.00010000011857921843,0.8387258064707509,0.0011825105801244148,1.6776101165956125,0.022263171355498768,0.8423008976372627,0.6629382366807139,-0.6685775234408722,0.5045997600441509
66.8,4.951065031806213,4.838291667210984,0.0018147665697947851,0.010730206886169588,0.6711208947691653,0.6711208947691653,0.0,,0.0,24.119104757285413,0.00010000011857921843,0.8387258064707508,0.0011825105801244148,1.6776101161722459,0.022263171355498768,0.8423008928647353,0.6622833267265813,-0.6694091466291078,0.5075960861092733
67.0,4.952879270267212,4.870773324720843,0.001757104980477564,0.010395742281382186,0.6718429984187292,0.6718429984187292,0.0,,0.0,24.258030204452385,0.00010000011857921843,0.8387258064707507,0.0011825105801244148,1.677610115751139,0.022263171355498768,0.8423008881176509,0.6616376384349608,-0.6702093905258334,0.5105483112367185
67.2,4.954516828465964,4.902810725098568,0.0017021305501507178,0.010076481997631571,0.6725392323156753,0.6725392323156753,0.0,,0.0,24.393173604546064,0.00010000011857921843,0.8387258064707505,0.0011825105801244148,1.6776101153324048,0.022263171355498768,0.8423008833972846,0.6610010832410265,-0.670979564112501,0.5134569263639761
67.4,4.956002906725932,4.934407463713614,0.00164969457868593,0.009771612415118027,0.6732105883530848,0.6732105883530849,0.0,,0.0,24.52462003078652,0.00010000011857921843,0.8387258064707503,0.0011825105801244148,1.6776101149161666,0.022263171355498768,0.8423008787050241,0.660373571409051,-0.6717209211891896,0.5163224267572755
67.60000000000001,4.957358723443918,4.965567237885154,0.0015996576678743068,0.00948036884613473,0.6738580417979396,0.6738580417979396,0.0,,0.0,24.65245447187982,0.00010000011857921843,0.8387258064707502,0.0011825105801244148,1.6776101145025355,0.022263171355498768,0.842300874042121,0.6597550119360338,-0.6724346625257539,0.5191453117960317
67.8,4.958602451477168,4.996293831176303,0.00155188900558927,0.009202031263531174,0.6744825053118022,0.6744825053118022,0.0,,0.0,24.776762796967493,0.00010000011857921843,0.8387258064707501,0.0011825105801244148,1.677610114091608,0.022263171355498768,0.842300869409668,0.6591453129763332,-0.6731219378630657,0.5219260825976093
68.0,4.959749515838078,5.026591109749107,0.001506265909512731,0.00893592330867961,0.6750848918850952,0.6750848918850952,0.0,,0.0,24.897630135944436,0.00010000011857921843,0.8387258064707498,0.0011825105801244148,1.6776101136834853,0.022263171355498768,0.8423008648088018,0.6585443817950919,-0.6737838473415296,0.5246652428158876
68.2,4.960812968041072,5.056463019656958,0.0014626732817604837,0.008681408041267262,0.6756661182295413,0.6756661182295413,0.0,,0.0,25.015140589256237,0.00010000011857921843,0.8387258064707497,0.0011825105801244148,1.6776101132782595,0.022263171355498768,0.8423008602405652,0.6579521248097848,-0.6744214434260907,0.5273632980106082
68.4,4.96180394645444,5.085913574669766,0.001421002812942257,0.008437884801048871,0.6762269700988958,0.6762269700988958,0.0,,0.0,25.12938003245219,0.00010000011857921843,0.8387258064707496,0.0011825105801244148,1.6776101128760175,0.022263171355498768,0.8423008557059384,0.6573684477602193,-0.6750357347515655,0.5300207547815089
68.60000000000001,4.962732111644164,5.1149468394015996,0.0013811526679407347,0.00820478805663524,0.6767681420869074,0.6767681420869074,0.0,,0.0,25.24043475293218,0.00010000011857921843,0.8387258064707493,0.0011825105801244148,1.6776101124768188,0.022263171355498768,0.8423008512055872,0.6567932561394889,-0.67562768687919,0.5326381178222311
68.8,4.963605651465143,5.143566934706005,0.0013430274562014307,0.007981586005257542,0.6772904596652918,0.6772904596652919,0.0,,0.0,25.34838700679195,0.00010000011857921843,0.8387258064707492,0.0011825105801244148,1.6776101120807383,0.022263171355498768,0.8423008467403659,0.6562264551269263,-0.6761982209182127,0.5352158918695942
69.0,4.964431466853991,5.171778034435079,0.0013065374277013543,0.007767777603364281,0.6777946934677304,0.6777946934677305,0.0,,0.0,25.45331840010272,0.00010000011857921843,0.8387258064707491,0.0011825105801244148,1.6776101116878597,0.022263171355498768,0.8423008423112114,0.6556679493159092,-0.6767482190631265,0.5377545827060072
69.2,4.965215424424665,5.199584357141025,0.0012715980705653796,0.007562889823349015,0.678281537746002,0.678281537746002,0.0,,0.0,25.555310541501385,0.00010000011857921843,0.838725806470749,0.0011825105801244148,1.6776101112982382,0.022263171355498768,0.8423008379187517,0.655117642985822,-0.6772785256561559,0.5402546946304233
69.4,4.965962543439472,5.2269901582266,0.0012381298341224468,0.007366476527322644,0.6787516467376192,0.6787516467376192,0.0,,0.0,25.654444522154137,0.00010000011857921843,0.8387258064707488,0.0011825105801244148,1.6776101109119255,0.022263171355498768,0.8423008335635609,0.654575440358389,-0.6777899479124346,0.5427167299441915
69.60000000000001,4.966677121384604,5.253999723946458,0.0012060579484309965,0.007178117670548732,0.6792056951155121,0.6792056951155121,0.0,,0.0,25.750798417493804,0.00010000011857921843,0.8387258064707487,0.0011825105801244148,1.6776101105289742,0.022263171355498768,0.8423008292462479,0.6540412456119142,-0.6782832577737767,0.5451411891309793
69.8,4.967362832405494,5.280617368498393,0.0011753119115492708,0.0069974162037657345,0.6796442914306523,0.6796442914306523,0.0,,0.0,25.844450384404084,0.00010000011857921843,0.8387258064707486,0.0011825105801244148,1.6776101101494343,0.022263171355498768,0.8423008249673606,0.6535149629069339,-0.67875919351192,0.5475285705211637
70.0,4.968022815700144,5.306847428055026,0.0011458253568258764,0.006823998147304323,0.6800680420684927,0.6800680420684927,0.0,,0.0,25.93547627087296,0.00010000011857921843,0.8387258064707485,0.0011825105801244148,1.6776101097733465,0.022263171355498768,0.8423008207273729,0.6529964964661719,-0.6792184611075991,0.5498793699320299
70.2,4.96865975531344,5.332694258860843,0.0011175357160481793,0.006657508711077336,0.6804775192199268,0.6804775192199268,0.0,,0.0,26.023950803598883,0.00010000011857921843,0.8387258064707483,0.0011825105801244148,1.6776101094007505,0.022263171355498768,0.8423008165267235,0.6524857506436261,-0.679661735655709,0.5521940804240423
70.4,4.969275949310265,5.358162230342957,0.0010903839855171736,0.006497613668517483,0.6808732651702488,0.6808732651702488,0.0,,0.0,26.109947414655405,0.00010000011857921843,0.8387258064707482,0.0011825105801244148,1.6776101090316804,0.022263171355498768,0.8423008123658023,0.6519826299858503,-0.6800896627094564,0.554473192043882
70.60000000000001,4.969873377812381,5.383255720408033,0.0010643145717531327,0.006343998882356017,0.6812558275753603,0.6812558275753603,0.0,,0.0,26.193536924172566,0.00010000011857921843,0.838725806470748,0.0011825105801244148,1.677610108666166,0.022263171355498768,0.8423008082449428,0.6514870393015928,-0.6805028595320014,0.5567171915372281
70.8,4.970452623713667,5.407979114899475,0.001039274802854663,0.006196364665669121,0.6816256062336176,0.6816256062336176,0.0,,0.0,26.27479179024287,0.00010000011857921843,0.8387258064707479,0.0011825105801244148,1.6776101083042305,0.022263171355498768,0.8423008041644126,0.6509988837072216,-0.680901917515012,0.5589265620113562
71.0,4.970997339839182,5.432336824364609,0.0010152152924752921,0.006054430118728974,0.6819831973532721,0.6819831973532721,0.0,,0.0,26.353777461277744,0.00010000011857921843,0.8387258064707478,0.0011825105801244148,1.6776101079459034,0.022263171355498768,0.8423008001245372,0.6505180682445452,-0.681287400477987,0.5611017851297115
71.2,4.971514136866054,5.456333277607861,0.0009920893997499998,0.005917929139002908,0.6823291943145073,0.6823291943145074,0.0,,0.0,26.430559266406533,0.00010000011857921843,0.8387258064707477,0.0011825105801244148,1.6776101075911973,0.022263171355498768,0.8423007961254643,0.65004449815969,-0.6816598462276928,0.563243339425759
71.4,4.972023171418245,5.479972758498336,0.0009698527252406281,0.005786608239544787,0.6826638687088841,0.6826638687088841,0.0,,0.0,26.50520461605516,0.00010000011857921843,0.8387258064707476,0.0011825105801244148,1.677610107240171,0.022263171355498768,0.8423007921678585,0.6495780814690251,-0.6820197728678365,0.5653516906898532
71.60000000000001,4.972524542603089,5.503259639915282,0.0009484635031277554,0.00566022862634249,0.6829876333287482,0.6829876333287482,0.0,,0.0,26.57777698732453,0.00010000011857921843,0.8387258064707475,0.0011825105801244148,1.6776101068927791,0.022263171355498768,0.8423007882512044,0.6491187250987586,-0.6823676738722462,0.5674273037802385
71.8,4.973018349726693,5.526198325411753,0.0009278822392595451,0.005538564163247321,0.683300920207862,0.683300920207862,0.0,,0.0,26.648337925059636,0.00010000011857921843,0.8387258064707473,0.0011825105801244148,1.6776101065490516,0.022263171355498768,0.8423007843758443,0.6486663359073244,-0.6827040215810711,0.5694706450836152
72.0,4.973504691237646,5.548793186807882,0.0009080716335443719,0.005421400977769382,0.6836041774178687,0.6836041774178687,0.0,,0.0,26.716946451302405,0.00010000011857921843,0.8387258064707472,0.0011825105801244148,1.6776101062090152,0.022263171355498768,0.8423007805420792,0.6482208214602705,-0.6830292673613405,0.5714821756866018
72.2,4.973983664847513,5.571048567016982,0.0008889962917831356,0.005308535859055252,0.6838977454267181,0.6838977454267182,0.0,,0.0,26.78366161396979,0.00010000011857921843,0.8387258064707471,0.0011825105801244148,1.6776101058726605,0.022263171355498768,0.8423007767498041,0.6477820901812896,-0.683343843835007,0.5734623502482167
72.4,4.974455367514744,5.592968787544888,0.0008706227849528706,0.005199776631791515,0.684182002795503,0.684182002795503,0.0,,0.0,26.848539911787874,0.00010000011857921843,0.8387258064707469,0.0011825105801244148,1.6776101055399948,0.022263171355498768,0.8423007729991001,0.6473500513096764,-0.6836481641140402,0.5754116186176134
72.60000000000001,4.974919895667248,5.614558154451029,0.0008529194180592766,0.005094940859669535,0.6844572832753714,0.6844572832753714,0.0,,0.0,26.91163674091005,0.00010000011857921843,0.8387258064707468,0.0011825105801244148,1.6776101052110237,0.022263171355498768,0.8423007692900331,0.6469246146338684,-0.6839426239246148,0.577330426329533
72.8,4.9753773451422925,5.635820955549047,0.000835856191526757,0.004993855655392952,0.6847239258571826,0.6847239258571826,0.0,,0.0,26.973005563457164,0.00010000011857921843,0.8387258064707467,0.0011825105801244148,1.677610104885742,0.022263171355498768,0.8423007656225422,0.6465056905816361,-0.6842276016933995,0.5792192142780019
73.0,4.975827811100046,5.656761456197368,0.0008194046647139728,0.0048963569254369165,0.6849822472591895,0.6849822472591895,0.0,,0.0,27.032698500029735,0.00010000011857921843,0.8387258064707466,0.0011825105801244148,1.6776101045641474,0.022263171355498768,0.8423007619966084,0.6460931902911599,-0.6845034596773147,0.5810784188054513
73.2,4.976271387981138,5.67738389655455,0.0008035378807371604,0.0048022889606232615,0.6852325541928219,0.6852325541928219,0.0,,0.0,27.09076605875229,0.00010000011857921843,0.8387258064707465,0.0011825105801244148,1.6776101042462366,0.022263171355498768,0.8423007584121869,0.6456870256330637,-0.6847705445568368,0.5829084713772491
73.4,4.976708169491229,5.697692490556829,0.0007882302744294622,0.004711503930159358,0.6854751401898113,0.6854751401898113,0.0,,0.0,27.147257275487004,0.00010000011857921843,0.8387258064707462,0.0011825105801244148,1.677610103932002,0.022263171355498768,0.8423007548691971,0.6452871092302328,-0.6850291881780589,0.5847097986185807
73.60000000000001,4.977138248587931,5.717691424978354,0.0007734575940181831,0.004623861450236155,0.6857102888587365,0.6857102888587365,0.0,,0.0,27.202219679611577,0.00010000011857921843,0.8387258064707461,0.0011825105801244148,1.677610103621435,0.022263171355498768,0.842300751367545,0.644893354466835,-0.6852797082122971,0.5864828223325547
73.8,4.977561717463591,5.7373848581428435,0.0007591968151336488,0.004539228107000899,0.6859382658309284,0.6859382658309284,0.0,,0.0,27.25569950141234,0.00010000011857921843,0.838725806470746,0.0011825105801244148,1.6776101033145265,0.022263171355498768,0.8423007479071226,0.6445056754961318,-0.6855224088961336,0.5882279595213425
74.0,4.9779786675177915,5.756776918359111,0.0007454260861044584,0.004457477155747344,0.6861593328451787,0.6861593328451787,0.0,,0.0,27.3077414232729,0.00010000011857921843,0.8387258064707459,0.0011825105801244148,1.677610103011264,0.022263171355498768,0.8423007444877942,0.6441239872660184,-0.6857575814897198,0.5899456222703247
74.2,4.978389189338187,5.775871702715487,0.0007321246499581608,0.0043784880855381875,0.6863737387389279,0.686373738738928,0.0,,0.0,27.358388812115635,0.00010000011857921843,0.8387258064707459,0.0011825105801244148,1.6776101027116348,0.022263171355498768,0.8423007411094151,0.643748205532633,-0.6859855049703844,0.5916362178004211
74.4,4.978793372687086,5.794673276031599,0.0007192727824347412,0.004302146274274728,0.6865817198378914,0.6865817198378915,0.0,,0.0,27.407683744446764,0.00010000011857921843,0.8387258064707458,0.0011825105801244148,1.6776101024156245,0.022263171355498768,0.8423007377718236,0.6433782468684437,-0.6862064465917744,0.593300148435355
74.60000000000001,4.979191306484795,5.813185669865796,0.0007068517422376285,0.004228342712669194,0.6867835084328464,0.6867835084328464,0.0,,0.0,27.455666884541692,0.00010000011857921843,0.8387258064707457,0.0011825105801244148,1.6776101021232168,0.022263171355498768,0.8423007344748377,0.6430140286772542,-0.68642066232975,0.5949378115746603
74.8,4.979583078798984,5.831412881685345,0.0006948437041097706,0.0041569736296904105,0.6869793223039466,0.6869793223039468,0.0,,0.0,27.502377734348233,0.00010000011857921843,0.8387258064707456,0.0011825105801244148,1.677610101834395,0.022263171355498768,0.8423007312182698,0.6426554691988468,-0.6866283975121049,0.5965495997622381
75.0,4.979968776832184,5.849358873977697,0.0006832317156201924,0.0040879402533902836,0.6871693724079441,0.6871693724079441,0.0,,0.0,27.54785451836794,0.00010000011857921843,0.8387258064707455,0.0011825105801244148,1.6776101015491407,0.022263171355498768,0.8423007280019127,0.6423024875186593,-0.6868298872222404,0.5981359006309567
75.2,4.980348486910177,5.86702757350103,0.0006719996467511224,0.0040211485302020945,0.6873538614662293,0.6873538614662293,0.0,,0.0,27.592134257281344,0.00010000011857921843,0.8387258064707453,0.0011825105801244148,1.6776101012674347,0.022263171355498768,0.8423007248255483,0.6419550035768695,-0.6870253567819532,0.5996970969388812
75.4,4.980722294473584,5.884422870609141,0.0006611321438694523,0.003956508868392728,0.6875329835966177,0.6875329835966177,0.0,,0.0,27.63525281277357,0.00010000011857921843,0.8387258064707452,0.0011825105801244148,1.6776101009892566,0.022263171355498768,0.8423007216889487,0.641612938172618,-0.6872150222006568,0.6012335665812993
75.60000000000001,4.9810902840700875,5.901548618639561,0.0006506145879143156,0.0038939359041763916,0.6877069253586185,0.6877069253586185,0.0,,0.0,27.677244907407445,0.00010000011857921843,0.8387258064707451,0.0011825105801244148,1.677610100714585,0.022263171355498768,0.8423007185918728,0.6412762129692674,-0.6873990905877387,0.6027456826017064
75.8,4.981452539347424,5.918408633370218,0.0006404330542943286,0.003833348274931324,0.6878758659946628,0.6878758659946628,0.0,,0.0,27.718144159528656,0.00010000011857921843,0.838725806470745,0.0011825105801244148,1.6776101004433974,0.022263171355498768,0.8423007155340707,0.640944750498986,-0.6875777605544202,0.6042338132148095
76.0,4.981809143048252,5.935006692549103,0.000630574274959488,0.0037746683912460418,0.688039977379989,0.688039977379989,0.0,,0.0,27.757983122113963,0.00010000011857921843,0.8387258064707449,0.0011825105801244148,1.6776101001756711,0.022263171355498768,0.8423007125152833,0.6406184741652363,-0.6877512225995299,0.6056983218308666
76.2,4.98216017700796,5.95134653556352,0.0006210256038512299,0.0037178221833911247,0.6881994252264131,0.6881994252264131,0.0,,0.0,27.796793297891135,0.00010000011857921843,0.8387258064707449,0.0011825105801244148,1.6776100999113825,0.022263171355498768,0.842300709535244,0.6402973082431537,-0.6879196594659984,0.6071395670911666
76.4,4.982505722143432,5.967431862744574,0.0006117749825558136,0.0036627391008744064,0.6883543678831054,0.6883543678831054,0.0,,0.0,27.83460519701899,0.00010000011857921843,0.8387258064707448,0.0011825105801244148,1.6776100996505066,0.022263171355498768,0.8423007065936714,0.6399811778863256,-0.6880832464977339,0.6085579028589201
76.60000000000001,4.9828458584466,5.983266335014053,0.0006028109129090931,0.0036093517381555243,0.6885049609751133,0.6885049609751133,0.0,,0.0,27.871448301261772,0.00010000011857921843,0.8387258064707447,0.0011825105801244148,1.6776100993930176,0.022263171355498768,0.8423007036902829,0.6396700091326684,-0.6882421519239312,0.6099536782533321
76.80000000000001,4.983180664947026,5.998853571736227,0.0005941224213426737,0.0035575957457701333,0.6886513498197759,0.6886513498197759,0.0,,0.0,27.90735120390988,0.00010000011857921843,0.8387258064707446,0.0011825105801244148,1.6776100991388918,0.022263171355498768,0.8423007008248001,0.6393637289359108,-0.6883965372483103,0.6113272375612971
77.0,4.983510219849548,6.014197156490575,0.0005856990283283674,0.0035074094704742567,0.6887936688003476,0.6887936688003476,0.0,,0.0,27.94234165930165,0.00010000011857921843,0.8387258064707445,0.0011825105801244148,1.6776100988881006,0.022263171355498768,0.8423006979969073,0.6390622650439644,-0.6885465575988188,0.6126789206394481
77.2,4.9838346004264515,6.029300633315104,0.0005775307380684535,0.003458734426073824,0.6889320587649619,0.6889320587649619,0.0,,0.0,27.97644636879264,0.00010000011857921843,0.8387258064707445,0.0011825105801244148,1.6776100986406157,0.022263171355498768,0.8423006952062859,0.6387655460845835,-0.6886923618075221,0.6140090628051666
77.4,4.984153883002221,6.0441675048819645,0.0005696079999585586,0.003411514544851061,0.68906664997842,0.6890666499784202,0.0,,0.0,28.009691247900314,0.00010000011857921843,0.8387258064707444,0.0011825105801244148,1.6776100983964124,0.022263171355498768,0.8423006924526538,0.6384735015847881,-0.6888340928553975,0.6153179947052498
77.60000000000001,4.984468142976222,6.058801233070221,0.0005619216898218177,0.003365696163933454,0.6891975672451175,0.6891975672451175,0.0,,0.0,28.042101381586193,0.00010000011857921843,0.8387258064707442,0.0011825105801244148,1.6776100981554616,0.022263171355498768,0.8423006897356917,0.6381860619493219,-0.6889718880771449,0.6166060423366326
77.80000000000001,4.984777455034215,6.0732052408337704,0.0005544630809733423,0.0033212279492909613,0.6893249228366967,0.6893249228366967,0.0,,0.0,28.07370115402699,0.00010000011857921843,0.8387258064707441,0.0011825105801244148,1.6776100979177344,0.022263171355498768,0.8423006870550664,0.6379031572796121,-0.6891058795088709,0.6178735272964111
78.0,4.985027470013086,6.087382976772748,0.0005472249037814909,0.0032780223008263983,0.6894493712130727,0.6894493712130727,0.0,,0.0,28.10396156741463,0.00010000011857921843,0.8387258064707441,0.0011825105801244148,1.67761009768399,0.022263171355498768,0.8423006844193428,0.6377913125908311,-0.6892363829248253,0.6191206429994718
78.2,4.9852341178643105,6.101337952370836,0.000540198452956158,0.003236044390957434,0.6895702077785757,0.6895702077785757,0.0,,0.0,28.133101777786468,0.00010000011857921843,0.838725806470744,0.0011825105801244148,1.6776100974527064,0.022263171355498768,0.8423006818113558,0.6377989817869963,-0.6893634525831966,0.6203477143859232
78.4,4.985437513931057,6.115073294661072,0.0005333757111039604,0.0031952800112989063,0.6896879224651112,0.6896879224651112,0.0,,0.0,28.161548050050502,0.00010000011857921843,0.8387258064707439,0.0011825105801244148,1.6776100972245869,0.022263171355498768,0.8423006792390367,0.6378065284528348,-0.6894870589989567,0.621555180920075
78.60000000000001,4.985559784997117,6.128592260105618,0.0005267491981337824,0.0031556847915037876,0.6898023820691579,0.6898023820691579,0.0,,0.0,28.189321282556808,0.00010000011857921843,0.8387258064707438,0.0011825105801244148,1.6776100969995515,0.022263171355498768,0.8423006767014894,0.637813954493566,-0.6896073195924782,0.6227433474370715
78.80000000000001,4.985636921144635,6.141898189947238,0.0005203120665126388,0.0031172181001483477,0.6899139147200151,0.6899139147200151,0.0,,0.0,28.21643751815573,0.00010000011857921843,0.8387258064707438,0.0011825105801244148,1.6776100967775702,0.022263171355498768,0.84230067419837,0.6378212618327058,-0.6897243426194833,0.6239125216994391
79.0,4.985712834163639,6.1549941416921365,0.000514057590271231,0.0030798400229746343,0.6900224742429227,0.6900224742429227,0.0,,0.0,28.242915383249304,0.00010000011857921843,0.8387258064707437,0.0011825105801244148,1.6776100965586314,0.022263171355498768,0.8423006717295515,0.637828452244704,-0.6898382343647935,0.6250629876191462
79.2,4.985787544404784,6.1678831643319665,0.0005079794387595378,0.003043512981824003,0.6901281743775941,0.6901281743775941,0.0,,0.0,28.26877155194364,0.00010000011857921843,0.8387258064707436,0.0011825105801244148,1.6776100963427,0.022263171355498768,0.8423006692946383,0.6378355274883074,-0.6899490953264327,0.6261950265956866
79.4,4.98586107006904,6.180568426566764,0.000502071461715256,0.0030082004570250605,0.6902311140920028,0.6902311140920029,0.0,,0.0,28.29402259267965,0.00010000011857921843,0.8387258064707436,0.0011825105801244148,1.6776100961297435,0.022263171355498768,0.84230066689326,0.6378424893858538,-0.6900570236956591,0.6273089302030965
79.60000000000001,4.985933429422399,6.193053023594083,0.0004963277760985696,0.0029738675081656444,0.6903313867184856,0.6903313867184857,0.0,,0.0,28.318684577404415,0.00010000011857921843,0.8387258064707435,0.0011825105801244148,1.6776100959197378,0.022263171355498768,0.8423006645251452,0.6378493397192045,-0.6901621137070253,0.6284049835392335
79.80000000000001,4.986004640141913,6.205339972085204,0.0004907427582298265,0.002940480728378953,0.6904290793050476,0.6904290793050476,0.0,,0.0,28.342773067449777,0.00010000011857921843,0.8387258064707434,0.0011825105801244148,1.6776100957126518,0.022263171355498768,0.8423006621899531,0.6378560802231031,-0.6902644557193375,0.6294834641630127
80.0,4.986074719661874,6.217432248166945,0.00048531100952232205,0.002908008041153332,0.6905242663001558,0.6905242663001558,0.0,,0.0,28.366303281916228,0.00010000011857921843,0.8387258064707434,0.0011825105801244148,1.6776100955084552,0.022263171355498768,0.8423006598873313,0.6378627126063152,-0.6903641367651445,0.6305446454769308
80.2,4.986143685183866,6.229332788925831,0.0004800273572822636,0.002876418705430529,0.6906170274719716,0.6906170274719716,0.0,,0.0,28.389289910204365,0.00010000011857921843,0.8387258064707432,0.0011825105801244148,1.6776100953071176,0.022263171355498768,0.8423006576169431,0.6378692385530641,-0.6904612405335737,0.6315887969567666
80.4,4.986211553692514,6.241044495393435,0.0004748868349880885,0.002845683199396229,0.6907074365921883,0.6907074365921883,0.0,,0.0,28.411747263876176,0.00010000011857921843,0.8387258064707431,0.0011825105801244148,1.677610095108609,0.022263171355498768,0.8423006553784491,0.6378756597247345,-0.6905558476468582,0.6326161844240172
80.60000000000001,4.986278341948696,6.252570231363425,0.0004698846759826918,0.0028157731835717595,0.6907955652864985,0.6907955652864987,0.0,,0.0,28.433689239934818,0.00010000011857921843,0.8387258064707431,0.0011825105801244148,1.6776100949128987,0.022263171355498768,0.8423006531715019,0.6378819777591599,-0.6906480357404547,0.633627069932088
80.80000000000001,4.986344066484878,6.263912822606575,0.0004650163045592234,0.002786661448447986,0.6908814830822022,0.6908814830822022,0.0,,0.0,28.455129329979158,0.00010000011857921843,0.838725806470743,0.0011825105801244148,1.6776100947199555,0.022263171355498768,0.8423006509957545,0.6378881942703454,-0.6907378795826723,0.6346217117217645
81.0,4.986408743605815,6.275075056955443,0.00046027732668360935,0.0027583218599291017,0.69096525673643,0.69096525673643,0.0,,0.0,28.476080641368476,0.00010000011857921843,0.838725806470743,0.0011825105801244148,1.6776100945297492,0.022263171355498768,0.8423006488508614,0.6378943108486329,-0.6908254512011941,0.635600364247769
81.2,4.986472389391373,6.286059684727867,0.0004556635217532557,0.0027307293108406613,0.6910469505849507,0.6910469505849507,0.0,,0.0,28.49655590546131,0.00010000011857921843,0.8387258064707429,0.0011825105801244148,1.6776100943422487,0.022263171355498768,0.8423006467364761,0.6379003290610332,-0.6909108199967313,0.6365632782318175
81.4,4.986535019698599,6.296869419082558,0.0004511708403300082,0.0027038597076339444,0.691126635193442,0.691126635193442,0.0,,0.0,28.516567379987364,0.00010000011857921843,0.8387258064707427,0.0011825105801244148,1.6776100941574235,0.022263171355498768,0.8423006446522505,0.6379062504513952,-0.6909940527740183,0.6375107006897249
81.60000000000001,4.9865966501661,6.307506936496151,0.0004467953699368832,0.002677689768764988,0.6912043475831169,0.6912043475831169,0.0,,0.0,28.536127363553675,0.00010000011857921843,0.8387258064707427,0.0011825105801244148,1.677610093975243,0.022263171355498768,0.8423006425978466,0.6379120765415035,-0.691075214219606,0.6384428751070672
81.80000000000001,4.9866572962116225,6.317974876697965,0.00044253338310046644,0.002652197308083983,0.6912801737014211,0.6912801737014211,0.0,,0.0,28.555247169745904,0.00010000011857921843,0.8387258064707426,0.0011825105801244148,1.677610093795676,0.022263171355498768,0.8423006405729051,0.6379178088294597,-0.6911543662273291,0.6393600411800634
82.0,4.986716973038936,6.328275843387305,0.00043838125954294123,0.00262736077585266,0.6913541421995548,0.6913541421995548,0.0,,0.0,28.57393846501607,0.00010000011857921843,0.8387258064707426,0.0011825105801244148,1.677610093618693,0.022263171355498768,0.8423006385770978,0.6379234487926367,-0.6912315689949364,0.6402624352883785
82.2,4.986775695635682,6.338412404114621,0.0004343355502965219,0.0026031596372217687,0.6914263306512085,0.6914263306512085,0.0,,0.0,28.59221197065431,0.00010000011857921843,0.8387258064707425,0.0011825105801244148,1.6776100934442622,0.022263171355498768,0.8423006366100673,0.637928997885023,-0.6913068801129157,0.6411502900701871
82.4,4.986833478778321,6.348387090934636,0.0004303929154434047,0.0025795740044749923,0.6914967808550775,0.6914967808550776,0.0,,0.0,28.610078489725346,0.00010000011857921843,0.8387258064707425,0.0011825105801244148,1.6776100932723543,0.022263171355498768,0.8423006346714803,0.6379344575400292,-0.6913803554585851,0.6420238348711712
82.60000000000001,4.986890337033918,6.358202400591719,0.00042655014333174175,0.0025565847509123434,0.6915655361214186,0.6915655361214187,0.0,,0.0,28.62754850090931,0.00010000011857921843,0.8387258064707424,0.0011825105801244148,1.6776100931029387,0.022263171355498768,0.8423006327609952,0.6379398291692822,-0.6914520489081112,0.6428832955516439
82.80000000000001,4.9869462847607045,6.36786079480219,0.0004228041523248496,0.002534173520851126,0.6916326535888517,0.6916326535888517,0.0,,0.0,28.64463198289253,0.00010000011857921843,0.8387258064707424,0.0011825105801244148,1.677610092935985,0.022263171355498768,0.8423006308782669,0.6379451141630625,-0.6915220123243944,0.6437288945565107
83.0,4.987001336111642,6.377364700681186,0.00041915196938922816,0.00251232260334803,0.6916981789345493,0.6916981789345493,0.0,,0.0,28.661338749916936,0.00010000011857921843,0.8387258064707422,0.0011825105801244148,1.6776100927714637,0.022263171355498768,0.8423006290229622,0.6379503138910918,-0.6915902958577496,0.6445608510411927
83.2,4.987055505036613,6.386716511046331,0.00041559073144110796,0.0024910149401399734,0.691762156050833,0.691762156050833,0.0,,0.0,28.67767834160264,0.00010000011857921843,0.8387258064707422,0.0011825105801244148,1.6776100926093445,0.022263171355498768,0.8423006271947444,0.6379554297023963,-0.6916569479274037,0.6453793808499152
83.4,4.987108805284205,6.395918584755661,0.00041211768175295263,0.002470234104371127,0.6918246291152337,0.6918246291152338,0.0,,0.0,28.69366000210916,0.00010000011857921843,0.8387258064707421,0.0011825105801244148,1.677610092449598,0.022263171355498768,0.8423006253932773,0.6379604629256492,-0.6917220152758707,0.6461846965703711
83.60000000000001,4.987161250404054,6.404973247063337,0.00040873016400514437,0.0024499642654791437,0.691885640359428,0.691885640359428,0.0,,0.0,28.709292719424013,0.00010000011857921843,0.8387258064707421,0.0011825105801244148,1.6776100922921944,0.022263171355498768,0.8423006236182289,0.6379654148694875,-0.6917855430543592,0.6469770075845105
83.80000000000001,4.987212853749177,6.413882789968335,0.00040542561826319325,0.002430190165397097,0.6919452305190265,0.6919452305190265,0.0,,0.0,28.72458522814336,0.00010000011857921843,0.838725806470742,0.0011825105801244148,1.6776100921371049,0.022263171355498768,0.8423006218692687,0.6379702868227416,-0.6918475748818629,0.6477565201051498
84.0,4.987263628478158,6.42264947256682,0.00040220157700506285,0.0024108970950604157,0.6920034390806616,0.6920034390806616,0.0,,0.0,28.739546014235636,0.00010000011857921843,0.838725806470742,0.0011825105801244148,1.6776100919842998,0.022263171355498768,0.8423006201460675,0.6379750800546976,-0.6919081529038633,0.6485234372181247
84.2,4.987313587557399,6.431275521408002,0.00039905566115353014,0.002392070870940312,0.6920603042076281,0.6920603042076282,0.0,,0.0,28.75418332438088,0.00010000011857921843,0.8387258064707419,0.0011825105801244148,1.6776100918337502,0.022263171355498768,0.8423006184482991,0.6379797958153631,-0.6919673178508555,0.6492779589246054
84.4,4.987362743763371,6.439763130851396,0.00039598557637935105,0.002373697813169786,0.6921158627988017,0.6921158627988017,0.0,,0.0,28.768505173116306,0.00010000011857921843,0.8387258064707419,0.0011825105801244148,1.6776100916854277,0.022263171355498768,0.8423006167756385,0.6379844353357226,-0.692025109093217,0.6500202821821097
84.60000000000001,4.987411109684759,6.448114463418071,0.00039298911067880423,0.002355764731168364,0.6921701524471664,0.6921701524471664,0.0,,0.0,28.782519323717235,0.00010000011857921843,0.8387258064707418,0.0011825105801244148,1.677610091539303,0.022263171355498768,0.8423006151277634,0.6379889998279628,-0.692081564678711,0.650750600940539
84.80000000000001,4.987458697725067,6.4563316501768275,0.00039006412686031134,0.002338258879310278,0.6922232043397485,0.6922232043397485,0.0,,0.0,28.79623339276929,0.00010000011857921843,0.8387258064707418,0.0011825105801244148,1.6776100913953487,0.022263171355498768,0.8423006135043554,0.6379934904858546,-0.6921367214394678,0.6514691062032447
85.0,4.9875055201044525,6.464416791071722,0.00038720856498517664,0.0023211679711789284,0.6922750529533703,0.6922750529533703,0.0,,0.0,28.80965472464293,0.00010000011857921843,0.8387258064707417,0.0011825105801244148,1.6776100912535354,0.022263171355498768,0.8423006119050951,0.6379979084848011,-0.6921906149629613,0.6521759860346721
85.2,4.987551588862057,6.472371955299433,0.0003844204363991011,0.002304480144319746,0.6923257311957757,0.6923257311957757,0.0,,0.0,28.822790465240395,0.00010000011857921843,0.8387258064707417,0.0011825105801244148,1.6776100911138363,0.022263171355498768,0.8423006103296683,0.6380022549822385,-0.6922432796780335,0.6528714256246634
85.4,4.987596915858368,6.48019918167108,0.00038169782072002906,0.0022881839423965523,0.6923752701995957,0.6923752701995957,0.0,,0.0,28.835647571420928,0.00010000011857921843,0.8387258064707416,0.0011825105801244148,1.677610090976223,0.022263171355498768,0.8423006087777626,0.6380065311178453,-0.6922947489002067,0.6535556073217541
85.60000000000001,4.987641512777379,6.487900478970685,0.0003790388635942968,0.002272268301875735,0.6924237002932151,0.6924237002932151,0.0,,0.0,28.84823280430521,0.00010000011857921843,0.8387258064707416,0.0011825105801244148,1.6776100908406681,0.022263171355498768,0.8423006072490677,0.6380107380137734,-0.6923450548666026,0.6542287106702371
85.80000000000001,4.987685391128785,6.495477826317051,0.00037644177393168977,0.0022567225356421,0.6924710508499154,0.6924710508499154,0.0,,0.0,28.860552737724856,0.00010000011857921843,0.8387258064707416,0.0011825105801244148,1.677610090707145,0.022263171355498768,0.8423006057432764,0.6380148767749041,-0.692394228777959,0.6548909124511653
86.0,4.98772856225021,6.502933173524345,0.00037390482136353767,0.0022415363179294247,0.6925173502985522,0.6925173502985522,0.0,,0.0,28.8726137642379,0.00010000011857921843,0.8387258064707415,0.0011825105801244148,1.6776100905756255,0.022263171355498768,0.8423006042600837,0.6380189484890881,-0.6924423008374987,0.6555423867206018
86.2,4.987771037309395,6.510268441461703,0.00037142633384193343,0.0022266996700835173,0.6925626261818888,0.6925626261818888,0.0,,0.0,28.884422100298526,0.00010000011857921843,0.8387258064707415,0.0011825105801244148,1.6776100904460833,0.022263171355498768,0.8423006027991876,0.6380229542273824,-0.6924893002878226,0.6561833048476927
86.4,4.987812827306393,6.517485522411956,0.00036900469533140935,0.0022122029468711123,0.6926069051850564,0.6926069051850564,0.0,,0.0,28.89598379164735,0.00010000011857921843,0.8387258064707414,0.0011825105801244148,1.6776100903184923,0.022263171355498768,0.8423006013602887,0.6380268950442881,-0.6925352554464808,0.6568138355525992
86.60000000000001,4.987853943075737,6.524586280429144,0.0003666383436059672,0.0021980368234108707,0.692650213165246,0.6926502131652461,0.0,,0.0,28.907304718501614,0.00010000011857921843,0.8387258064707414,0.0011825105801244148,1.6776100901928257,0.022263171355498768,0.8423005999430903,0.6380307719779843,-0.6925801937400373,0.657434144943993
86.80000000000001,4.987894395288593,6.5315725516946825,0.00036432576814581923,0.002184192282693314,0.6926925751823427,0.6926925751823427,0.0,,0.0,28.91839060055301,0.00010000011857921843,0.8387258064707414,0.0011825105801244148,1.6776100900690574,0.022263171355498768,0.8423005985472984,0.6380345860505603,-0.6926241417367058,0.6580443965561563
87.0,4.987934194454918,6.538446144871978,0.0003620655081271994,0.0021706606036506417,0.6927340155274501,0.6927340155274501,0.0,,0.0,28.92924700182111,0.00010000011857921843,0.8387258064707412,0.0011825105801244148,1.6776100899471615,0.022263171355498768,0.842300597172622,0.6380383382682451,-0.6926671251776421,0.6586447513857066
87.2,4.987973350925586,6.545208841459325,0.00035985615050115985,0.0021574333497524326,0.6927745577502695,0.6927745577502695,0.0,,0.0,28.939879335354483,0.00010000011857921843,0.8387258064707412,0.0011825105801244148,1.677610089827113,0.022263171355498768,0.8423005958187728,0.6380420296216339,-0.6927091690069497,0.6592353679279276
87.4,4.988011874894501,6.55186239614097,0.000357696328157004,0.002144502358101668,0.692814224685464,0.692814224685464,0.0,,0.0,28.95029286778234,0.00010000011857921843,0.8387258064707411,0.0011825105801244148,1.6776100897088861,0.022263171355498768,0.842300594485465,0.6380456610859138,-0.6927502974004548,0.6598164022127105
87.60000000000001,4.988049776400709,6.5584085371361915,0.00035558471816615257,0.00213185972900637,0.692853038477949,0.692853038477949,0.0,,0.0,28.960492723723043,0.00010000011857921843,0.8387258064707411,0.0011825105801244148,1.6776100895924557,0.022263171355498768,0.8423005931724163,0.638049233621085,-0.692790533793308,0.6603880078401012
87.80000000000001,4.988087065330473,6.564848966546241,0.0003535200401025258,0.0021194978160038055,0.6928910206071746,0.6928910206071746,0.0,,0.0,28.97048389005345,0.00010000011857921843,0.8387258064707411,0.0011825105801244148,1.6776100894777972,0.022263171355498768,0.8423005918793466,0.6380527481721809,-0.6928299009064649,0.6609503360154526
88.0,4.98812375141935,6.571185360699069,0.00035150105443575093,0.00210740921631554,0.6929281919104402,0.6929281919104402,0.0,,0.0,28.980271220043026,0.00010000011857921843,0.838725806470741,0.0011825105801244148,1.6776100893648858,0.022263171355498768,0.8423005906059792,0.6380562056694855,-0.692868420772095,0.6615035355841813
88.2,4.988159844254231,6.577419370491703,0.0003495265609936565,0.002095586761712513,0.6929645726052703,0.6929645726052703,0.0,,0.0,28.989859437356962,0.00010000011857921843,0.838725806470741,0.0011825105801244148,1.6776100892536974,0.022263171355498768,0.8423005893520399,0.6380596070287476,-0.6929061147579688,0.6620477530661258
88.4,4.98819535327539,6.5835526217301945,0.00034759539749075035,0.002084023509770682,0.6930001823109379,0.693000182310938,0.0,,0.0,28.999253139932314,0.00010000011857921843,0.838725806470741,0.0011825105801244148,1.6776100891442078,0.022263171355498768,0.8423005881172576,0.6380629531513938,-0.6929430035908666,0.6625831326895077
88.60000000000001,4.98823028777849,6.589586715466996,0.00034570643811951434,0.0020727127354985783,0.6930350400691245,0.6930350400691245,0.0,,0.0,29.00845680373098,0.00010000011857921843,0.8387258064707409,0.0011825105801244148,1.6776100890363934,0.022263171355498768,0.8423005869013639,0.6380662449247374,-0.6929791073790517,0.6631098164244946
88.80000000000001,4.9882646569165825,6.595523228335753,0.0003438585922015247,0.0020616479233191523,0.6930691643637691,0.6930691643637691,0.0,,0.0,29.017474786373356,0.00010000011857921843,0.8387258064707409,0.0011825105801244148,1.6776100889302306,0.022263171355498768,0.8423005857040937,0.6380694832221866,-0.6930144456338524,0.6636279440163643
89.0,4.988298469702088,6.601363712883376,0.0003420508028955769,0.0020508227593892753,0.6931025731401541,0.6931025731401542,0.0,,0.0,29.026311330656604,0.00010000011857921843,0.8387258064707409,0.0011825105801244148,1.6776100888256957,0.022263171355498768,0.8423005845251842,0.6380726689034486,-0.6930490372903886,0.6641376530182723
89.2,4.988331735008758,6.607109697899338,0.00034028204596012407,0.00204023112424104,0.6931352838232525,0.6931352838232525,0.0,,0.0,29.034970567960702,0.00010000011857921843,0.8387258064707408,0.0011825105801244148,1.6776100887227663,0.022263171355498768,0.8423005833643761,0.638075802814732,-0.6930829007274817,0.6646390788236217
89.4,4.98836446157362,6.612762688742149,0.0003385513285674789,0.0020298670857297973,0.6931673133353614,0.6931673133353614,0.0,,0.0,29.043456521546375,0.00010000011857921843,0.8387258064707408,0.0011825105801244148,1.6776100886214194,0.022263171355498768,0.8423005822214124,0.6380788857889471,-0.693116053786784,0.665132354698037
89.60000000000001,4.988396657998889,6.6183241676629105,0.000336857688167368,0.0020197248922747277,0.6931986781130446,0.6931986781130446,0.0,,0.0,29.05177310974787,0.00010000011857921843,0.8387258064707408,0.0011825105801244148,1.677610088521632,0.022263171355498768,0.8423005810960396,0.6380819186459027,-0.6931485137911606,0.6656176118109424
89.80000000000001,4.988428332753885,6.623795594125952,0.00033520019139755185,0.002009798966378443,0.6932293941234594,0.6932293941234594,0.0,,0.0,29.059924149064184,0.00010000011857921843,0.8387258064707407,0.0011825105801244148,1.6776100884233829,0.022263171355498768,0.8423005799880067,0.6380849021925015,-0.6931802975623558,0.6660949792667469
90.0,4.988459494176902,6.62917840512642,0.00033357793303931784,0.002000083898412658,0.6932594768800336,0.6932594768800336,0.0,,0.0,29.067913357151966,0.00010000011857921843,0.8387258064707407,0.0011825105801244148,1.6776100883266492,0.022263171355498768,0.8423005788970657,0.638087837222932,-0.6932114214379765,0.6665645841356378
90.2,4.988490150477086,6.634474015504886,0.0003319900350158023,0.0019905744406578858,0.6932889414575417,0.6932889414575417,0.0,,0.0,29.075744355723142,0.00010000011857921843,0.8387258064707407,0.0011825105801244148,1.6776100882314093,0.022263171355498768,0.8423005778229714,0.6380907245188593,-0.6932419012878198,0.6670265514839809
90.4,4.98852030973627,6.639683818258815,0.0003304356454311708,0.001981265501585498,0.6933178025066518,0.6933178025066518,0.0,,0.0,29.08342067335054,0.00010000011857921843,0.8387258064707406,0.0011825105801244148,1.677610088137642,0.022263171355498768,0.8423005767654816,0.6380935648496114,-0.6932717525295736,0.667481004404336
90.60000000000001,4.9885499799107995,6.64480918485095,0.0003289139376487889,0.001972152140371116,0.6933460742678754,0.6933460742678754,0.0,,0.0,29.09094574818422,0.00010000011857921843,0.8387258064707406,0.0011825105801244148,1.677610088045326,0.022263171355498768,0.8423005757243571,0.6380963589723662,-0.6933009901439184,0.6679280640450821
90.80000000000001,4.9885791688333425,6.649851465514547,0.00032742410940662784,0.00196322956162896,0.6933737705850193,0.6933737705850193,0.0,,0.0,29.09832293058171,0.00010000011857921843,0.8387258064707406,0.0011825105801244148,1.67761008795444,0.022263171355498768,0.842300574699361,0.6380991076323322,-0.6933296286890527,0.6683678496396607
91.0,4.9886078842146615,6.654811989555429,0.0003259653819682155,0.0019544931103571616,0.6934009049181397,0.6934009049181397,0.0,,0.0,29.105555485654705,0.00010000011857921843,0.8387258064707406,0.0011825105801244148,1.6776100878649638,0.022263171355498768,0.8423005736902598,0.6381018115629308,-0.693357682314669,0.668800478535435
91.2,4.988636133645391,6.659692065650866,0.0003245369993075355,0.0019459382670845996,0.693427490356004,0.693427490356004,0.0,,0.0,29.1126465957351,0.00010000011857921843,0.8387258064707405,0.0011825105801244148,1.6776100877768765,0.022263171355498768,0.8423005726968225,0.6381044714859729,-0.6933851647754021,0.6692260662221726
91.4,4.988663924597773,6.664492982145211,0.000323138227326361,0.0019375606432102995,0.6934535396280914,0.6934535396280914,0.0,,0.0,29.119599362762962,0.00010000011857921843,0.8387258064707405,0.0011825105801244148,1.6776100876901578,0.022263171355498768,0.8423005717188211,0.6381070881118353,-0.6934120894437723,0.669644726360147
91.60000000000001,4.988691264427384,6.66921600734234,0.0003217683531025749,0.0019293559765268314,0.6934790651161465,0.6934790651161465,0.0,,0.0,29.12641681059893,0.00010000011857921843,0.8387258064707405,0.0011825105801244148,1.6776100876047884,0.022263171355498768,0.8423005707560305,0.6381096621396335,-0.6934384693226439,0.6700565708078678
91.80000000000001,4.988718160374834,6.6738623897948415,0.0003204266841681051,0.00192132012691959,0.6935040788653339,0.6935040788653339,0.0,,0.0,29.133101887263653,0.00010000011857921843,0.8387258064707404,0.0011825105801244148,1.6776100875207478,0.022263171355498768,0.8423005698082279,0.6381121942573933,-0.6934643170572206,0.6704617096494382
92.0,4.988744619567454,6.678433358589948,0.00031911254781517016,0.0019134490722342334,0.6935285925949547,0.6935285925949547,0.0,,0.0,29.139657467106588,0.00010000011857921843,0.8387258064707404,0.0011825105801244148,1.6776100874380169,0.022263171355498768,0.8423005688751938,0.638114685142219,-0.6934896449465953,0.6708602512215444
92.2,4.9887706490209585,6.682930123632221,0.000317825290429581,0.0019057389043048538,0.6935526177087833,0.6935526177087833,0.0,,0.0,29.146086352906444,0.00010000011857921843,0.8387258064707404,0.0011825105801244148,1.6776100873565762,0.022263171355498768,0.8423005679567113,0.6381171354604599,-0.6935144649548741,0.6712523021400787
92.4,4.988796255641091,6.687353875922984,0.0003165642768499375,0.0018981858251360068,0.6935761653050345,0.6935761653050345,0.0,,0.0,29.15239127790566,0.00010000011857921843,0.8387258064707404,0.0011825105801244148,1.677610087276407,0.022263171355498768,0.8423005670525658,0.6381195458678743,-0.6935387887218903,0.6716379673264002
92.60000000000001,4.98882144622524,6.691705787836477,0.00031532888975157507,0.0018907861432318153,0.6935992461859719,0.6935992461859719,0.0,,0.0,29.15857490778089,0.00010000011857921843,0.8387258064707402,0.0011825105801244148,1.6776100871974906,0.022263171355498768,0.8423005661625462,0.638121917009792,-0.6935626275735276,0.6720173500332359
92.80000000000001,4.988846227464047,6.695987013392777,0.00031411852905419114,0.001883536270065817,0.6936218708671525,0.6936218708671525,0.0,,0.0,29.164639842551843,0.00010000011857921843,0.8387258064707402,0.0011825105801244148,1.6776100871198079,0.022263171355498768,0.8423005652864436,0.6381242495212732,-0.6935859925316654,0.6723905518702256
93.0,4.98887060594299,6.700198688527443,0.00031293261135214,0.0018764327166855626,0.6936440495863713,0.6936440495863713,0.0,,0.0,29.170588618430372,0.00010000011857921843,0.8387258064707402,0.0011825105801244148,1.6776100870433412,0.022263171355498768,0.8423005644240517,0.6381265440272663,-0.6936088943237649,0.6727576728291141
93.2,4.988894588143946,6.704341931357906,0.00031177056936641584,0.0018694720904461504,0.6936657923122502,0.6936657923122502,0.0,,0.0,29.176423709611747,0.00010000011857921843,0.8387258064707402,0.0011825105801244148,1.6776100869680723,0.022263171355498768,0.8423005635751672,0.638128801142763,-0.6936313433921073,0.6731188113085924
93.4,4.988918180446734,6.708417842446655,0.00031063185141739846,0.0018626510918672379,0.6936871087525649,0.693687108752565,0.0,,0.0,29.182147530010152,0.00010000011857921843,0.8387258064707402,0.0011825105801244148,1.6776100868939834,0.022263171355498768,0.8423005627395891,0.6381310214729519,-0.6936533499027009,0.6734740641387938
93.60000000000001,4.988941389130636,6.712427505061133,0.0003095159209174722,0.0018559665116082333,0.6937080083622246,0.6937080083622246,0.0,,0.0,29.18776243494023,0.00010000011857921843,0.8387258064707401,0.0011825105801244148,1.6776100868210566,0.022263171355498768,0.8423005619171194,0.6381332056133684,-0.6936749237538676,0.6738235266054458
93.80000000000001,4.988964220375911,6.716371985430463,0.0003084222558826963,0.0018494152275568226,0.6937285003510253,0.6937285003510253,0.0,,0.0,29.193270722746306,0.00010000011857921843,0.8387258064707401,0.0011825105801244148,1.6776100867492751,0.022263171355498768,0.8423005611075625,0.6381353541500449,-0.6936960745845249,0.6741672924736833
94.0,4.988986680265268,6.7202523329989186,0.0003073503484627002,0.0018429942020259295,0.6937485936911013,0.6937485936911013,0.0,,0.0,29.198674636381202,0.00010000011857921843,0.8387258064707401,0.0011825105801244148,1.6776100866786212,0.022263171355498768,0.8423005603107251,0.6381374676596564,-0.6937168117821719,0.6745054540115256
94.2,4.989008774785342,6.7240695806762485,0.0003062997044752712,0.0018367004790363376,0.6937682971241925,0.6937682971241926,0.0,,0.0,29.20397636493572,0.00010000011857921843,0.8387258064707401,0.0011825105801244148,1.6776100866090786,0.022263171355498768,0.8423005595264168,0.6381395467096658,-0.6937371444905944,0.6748381020130205
94.4,4.989030509828132,6.727824745084768,0.00030526984304915674,0.001830531181734101,0.6937876191682035,0.6937876191682036,0.0,,0.0,29.209178045123814,0.00010000011857921843,0.83872580647074,0.0011825105801244148,1.6776100865406303,0.022263171355498768,0.8423005587544498,0.638141591858466,-0.6937570816173002,0.6751653258210618
94.60000000000001,4.989051891192439,6.731518826803305,0.0003042602960435139,0.0018244835098911853,0.6938065681245487,0.6938065681245488,0.0,,0.0,29.21428176271651,0.00010000011857921843,0.83872580647074,0.0011825105801244148,1.6776100864732597,0.022263171355498768,0.8423005579946385,0.638143603655521,-0.6937766318406865,0.6754872133498706
94.80000000000001,4.989072924585258,6.735152810607991,0.00030327060777354044,0.001818554737493153,0.6938251520843478,0.6938251520843478,0.0,,0.0,29.219289553935017,0.00010000011857921843,0.83872580647074,0.0011825105801244148,1.677610086406951,0.022263171355498768,0.8423005572468002,0.6381455826415041,-0.693795803616965,0.675803851107166
95.0,4.9890936156231875,6.738727665709938,0.00030230033460380167,0.0018127422104149192,0.6938433789343537,0.6938433789343537,0.0,,0.0,29.224203406804588,0.00010000011857921843,0.83872580647074,0.0011825105801244148,1.6776100863416878,0.022263171355498768,0.8423005565107542,0.6381475293484344,-0.6938146051868455,0.6761153242160126
95.2,4.989113969833789,6.742244345989796,0.0003013490445401037,0.001807043344182143,0.6938612563633216,0.6938612563633216,0.0,,0.0,29.229025262461597,0.00010000011857921843,0.83872580647074,0.0011825105801244148,1.6776100862774546,0.022263171355498768,0.8423005557863225,0.6381494442998116,-0.6938330445819835,0.6764217164363535
95.4,4.989133992656938,6.745703790229221,0.00030041631688004024,0.0018014556218129635,0.6938787918679288,0.6938787918679288,0.0,,0.0,29.233757016420704,0.00010000011857921843,0.8387258064707399,0.0011825105801244148,1.6776100862142358,0.022263171355498768,0.8423005550733295,0.6381513280107483,-0.6938511296312077,0.6767231101862309
95.60000000000001,4.989153689446057,6.749106922331199,0.00029950174286217,0.0017959765986190499,0.693895995299694,0.693895995299694,0.0,,0.0,29.23840049548127,0.00010000011857921843,0.8387258064707399,0.0011825105801244148,1.6776100861520156,0.022263171355498768,0.8423005543716015,0.6381531809880653,-0.6938688679488154,0.6770195865569453
95.80000000000001,4.989173065469805,6.752454651573895,0.00029860492142455965,0.001790603874007442,0.6939128690407849,0.6939128690407849,0.0,,0.0,29.24295755299486,0.00010000011857921843,0.8387258064707399,0.0011825105801244148,1.6776100860907794,0.022263171355498768,0.842300553680969,0.6381550037305701,-0.6938862670090916,0.6773112253577185
96.0,4.989192125912945,6.75574787279676,0.0002977254644535479,0.0017853351256529903,0.6939294217382732,0.6939294217382732,0.0,,0.0,29.247429938717215,0.00010000011857921843,0.8387258064707399,0.0011825105801244148,1.677610086030512,0.022263171355498768,0.8423005530012623,0.6381567967289413,-0.6939033340554998,0.6775981050971149
96.2,4.98921087587773,6.758987466638046,0.0002968629933240844,0.001780168088176692,0.6939456608928949,0.6939456608928949,0.0,,0.0,29.251819370637882,0.00010000011857921843,0.8387258064707399,0.0011825105801244148,1.6776100859711987,0.022263171355498768,0.8423005523323154,0.6381585604660371,-0.6939200761588694,0.6778803030324485
96.4,4.989229320385295,6.762174299750752,0.00029601713870432313,0.0017751005515913452,0.6939615928806387,0.6939615928806389,0.0,,0.0,29.25612753624675,0.00010000011857921843,0.8387258064707398,0.0011825105801244148,1.6776100859128251,0.022263171355498768,0.8423005516739648,0.6381602954169654,-0.693936500221813,0.6781578951809741
96.60000000000001,4.989247464376825,6.765309225013258,0.0002951875407573024,0.0017701303626809965,0.6939772241783957,0.6939772241783958,0.0,,0.0,29.260356081713187,0.00010000011857921843,0.8387258064707398,0.0011825105801244148,1.6776100858553766,0.022263171355498768,0.8423005510260486,0.6381620020491933,-0.693952612975397,0.6784309563374322
96.80000000000001,4.98926531271478,6.768393081740761,0.00029437384873816065,0.0017652554225683346,0.6939925610986954,0.6939925610986954,0.0,,0.0,29.264506615519487,0.00010000011857921843,0.8387258064707398,0.0011825105801244148,1.6776100857988394,0.022263171355498768,0.8423005503884075,0.6381636808226804,-0.6939684209860045,0.6786995600953617
97.0,4.989282870184114,6.771426695892908,0.0002935757207469805,0.0017604736850715937,0.6940076097836448,0.6940076097836448,0.0,,0.0,29.26858070958226,0.00010000011857921843,0.8387258064707398,0.0011825105801244148,1.677610085743199,0.022263171355498768,0.8423005497608844,0.6381653321899935,-0.6939839306600961,0.6789637788654539
97.2,4.989300141493472,6.7744108802784515,0.0002927928233496377,0.0017557831552073425,0.6940223762322494,0.6940223762322495,0.0,,0.0,29.27257989998101,0.00010000011857921843,0.8387258064707398,0.0011825105801244148,1.6776100856884424,0.022263171355498768,0.8423005491433245,0.6381669565964219,-0.6939991482486236,0.6792236838940059
97.4,4.989317131276364,6.777346434757123,0.00029202483156246385,0.001751181887670933,0.6940368663000434,0.6940368663000434,0.0,,0.0,29.276505687936663,0.00010000011857921843,0.8387258064707398,0.0011825105801244148,1.6776100856345555,0.022263171355498768,0.842300548535575,0.6381685544800924,-0.6940140798514862,0.6794793452812856
97.60000000000001,4.9893338440923225,6.780234146438703,0.0002912714283686224,0.001746667985377308,0.6940510857025468,0.6940510857025468,0.0,,0.0,29.2803595407277,0.00010000011857921843,0.8387258064707397,0.0011825105801244148,1.6776100855815255,0.022263171355498768,0.8423005479374853,0.6381701262720816,-0.6940287314218111,0.6797308319995629
97.80000000000001,4.989350284428047,6.783074789879323,0.0002905323046039089,0.0017422395980529026,0.6940650400196664,0.6940650400196664,0.0,,0.0,29.28414289256519,0.00010000011857921843,0.8387258064707397,0.0011825105801244148,1.6776100855293383,0.022263171355498768,0.8423005473489071,0.6381716723965273,-0.6940431087700865,0.6799782119108699
98.0,4.98936645669854,6.785869127274989,0.0002898071587061085,0.001737894920873492,0.6940787346993539,0.6940787346993539,0.0,,0.0,29.287857145448726,0.00010000011857921843,0.8387258064707397,0.0011825105801244148,1.6776100854779818,0.022263171355498768,0.842300546769694,0.6381731932707375,-0.6940572175681643,0.6802215517844978
98.2,4.9893823652482,6.78861790865239,0.00028909569649599235,0.0017336321931481343,0.6940921750612604,0.6940921750612604,0.0,,0.0,29.29150366999661,0.00010000011857921843,0.8387258064707397,0.0011825105801244148,1.6776100854274432,0.022263171355498768,0.8423005461997018,0.6381746893052983,-0.6940710633531325,0.68046091731423
98.4,4.989398014351938,6.791321872056987,0.0002883976309652458,0.001729449697047292,0.6941053663002621,0.6941053663002622,0.0,,0.0,29.295083806251384,0.00010000011857921843,0.8387258064707397,0.0011825105801244148,1.6776100853777092,0.022263171355498768,0.8423005456387882,0.6381761609041801,-0.6940846515310618,0.6806963731353171
98.60000000000001,4.989413408216243,6.793981743738433,0.0002877126820707062,0.001725345756373746,0.6941183134898851,0.6941183134898851,0.0,,0.0,29.29859886446204,0.00010000011857921843,0.8387258064707397,0.0011825105801244148,1.6776100853287679,0.022263171355498768,0.8423005450868132,0.6381776084648418,-0.6940979873806319,0.6809279828411965
98.80000000000001,4.98942855098025,6.796598238333349,0.000287040576535195,0.0017213187353744934,0.6941310215856085,0.6941310215856085,0.0,,0.0,29.302050125843444,0.00010000011857921843,0.8387258064707396,0.0011825105801244148,1.6776100852806068,0.022263171355498768,0.8423005445436386,0.6381790323783341,-0.6941110760566411,0.6811558089999599
99.0,4.98944344671679,6.79917205904549,0.0002863810478615195,0.0017173670375866493,0.6941434954281231,0.6941434954281231,0.0,,0.0,29.305438843311705,0.00010000011857921843,0.8387258064707396,0.0011825105801244148,1.6776100852332143,0.022263171355498768,0.8423005440091281,0.6381804330294004,-0.6941239225934056,0.6813799131705731
99.2,4.989458099433423,6.801703897823296,0.0002857338351380223,0.001713489104738252,0.6941557397461919,0.694155739746192,0.0,,0.0,29.308766242210595,0.00010000011857921843,0.8387258064707396,0.0011825105801244148,1.677610085186578,0.022263171355498768,0.8423005434831479,0.6381818107965772,-0.6941365319080482,0.6816003559188486
99.4,4.989472513073453,6.804194435534903,0.0002850986848225931,0.001709683415678303,0.6941677591601292,0.6941677591601293,0.0,,0.0,29.31203352098706,0.00010000011857921843,0.8387258064707396,0.0011825105801244148,1.6776100851406863,0.022263171355498768,0.8423005429655654,0.6381831660522918,-0.6941489088036848,0.6818171968331744
99.60000000000001,4.989486691516935,6.806644342140613,0.00028447534861002145,0.001705948485339471,0.6941795581842366,0.6941795581842366,0.0,,0.0,29.31524185188667,0.00010000011857921843,0.8387258064707396,0.0011825105801244148,1.6776100850955278,0.022263171355498768,0.8423005424562506,0.6381844991629594,-0.6941610579725102,0.6820304945400082
99.80000000000001,4.989500638581664,6.809054276862887,0.00028386358425364723,0.0017022828637327599,0.6941911412298777,0.6941911412298778,0.0,,0.0,29.31839238159974,0.00010000011857921843,0.8387258064707396,0.0011825105801244148,1.6776100850510909,0.022263171355498768,0.8423005419550751,0.638185810489079,-0.6941729839987862,0.682240306719134
100.0,4.989514358024143,6.811424888353832,0.000283263155213802,0.001698685134971909,0.6942025126081529,0.6942025126081529,0.0,,0.0,29.321486231900668,0.00010000011857921843,0.8387258064707396,0.0011825105801244148,1.6776100850073643,0.022263171355498768,0.842300541461912,0.6381871003853261,-0.6941846913617384,0.6824466901186896
100.2,4.989527853540556,6.813756814860287,0.00028267383050681723,0.0016951539163273365,0.6942136765325704,0.6942136765325704,0.0,,0.0,29.324524500267252,0.00010000011857921843,0.8387258064707395,0.0011825105801244148,1.6776100849643372,0.022263171355498768,0.8423005409766369,0.6381883692006466,-0.6941961844383601,0.6826497005699614
100.4,4.9895411287677005,6.816050684386464,0.00028209538455578116,0.0016916878573100366,0.6942246371216075,0.6942246371216075,0.0,,0.0,29.3275082604824,0.00010000011857921843,0.8387258064707395,0.0011825105801244148,1.6776100849219988,0.022263171355498768,0.8423005404991268,0.6381896172783466,-0.6942074675061318,0.6828493930019566
100.60000000000001,4.989554187283921,6.818307114854223,0.00028152759704117583,0.001688285638786359,0.694235398401198,0.694235398401198,0.0,,0.0,29.330438563218955,0.00010000011857921843,0.8387258064707395,0.0011825105801244148,1.677610084880338,0.022263171355498768,0.8423005400292608,0.6381908449561828,-0.6942185447456553,0.6830458214557493
100.80000000000001,4.98956703261004,6.820526714260965,0.0002809702527589604,0.0016849459721198442,0.694245964307158,0.694245964307158,0.0,,0.0,29.333316436607987,0.00010000011857921843,0.8387258064707395,0.0011825105801244148,1.6776100848393445,0.022263171355498768,0.8423005395669196,0.6381920525664506,-0.694229420243208,0.6832390390986093
101.0,4.989579668210245,6.822710080835241,0.0002804231424672231,0.0016816675983255158,0.694256338687772,0.694256338687772,0.0,,0.0,29.33614288678084,0.00010000011857921843,0.8387258064707395,0.0011825105801244148,1.6776100847990076,0.022263171355498768,0.8423005391119854,0.6381932404360713,-0.6942400979932181,0.6834290982379139
101.2,4.98959209749299,6.824857803189985,0.00027988605785026806,0.0016784492873189597,0.6942665253048382,0.6942665253048382,0.0,,0.0,29.33891889845734,0.00010000011857921843,0.8387258064707395,0.0011825105801244148,1.6776100847593174,0.022263171355498768,0.8423005386643428,0.6381944088866771,-0.6942505819006645,0.6836160503348377
101.4,4.989604323811866,6.826970460473486,0.00027935880097335394,0.0016752898371573644,0.6942765278382516,0.6942765278382516,0.0,,0.0,29.34164543536778,0.00010000011857921843,0.8387258064707395,0.0011825105801244148,1.6776100847202637,0.022263171355498768,0.8423005382238775,0.6381955582346958,-0.6942608757834039,0.6837999460178317
101.60000000000001,4.9896163504664734,6.829048622518165,0.00027884117459783846,0.0016721880732947444,0.6942863498857661,0.6942863498857661,0.0,,0.0,29.344323440859906,0.00010000011857921843,0.8387258064707395,0.0011825105801244148,1.6776100846818365,0.022263171355498768,0.8423005377904772,0.6381966887914338,-0.6942709833744276,0.683980835095901
101.80000000000001,4.989628180703265,6.831092849987128,0.0002783329868887344,0.001669142847851193,0.6942959949662766,0.6942959949662766,0.0,,0.0,29.346953838341822,0.00010000011857921843,0.8387258064707394,0.0011825105801244148,1.6776100846440256,0.022263171355498768,0.8423005373640312,0.6381978008631574,-0.6942809083240518,0.684158766571683
102.0,4.989639817716394,6.83310369451855,0.0002778340503753234,0.0016661530388908036,0.6943054665216164,0.6943054665216164,0.0,,0.0,29.34953753177126,0.00010000011857921843,0.8387258064707394,0.0011825105801244148,1.6776100846068218,0.022263171355498768,0.8423005369444303,0.6381988947511739,-0.6942906542020402,0.6843337886543212
102.2,4.989651264648528,6.8350816988678975,0.0002773441818680753,0.0016632175497124035,0.6943147679184952,0.6943147679184952,0.0,,0.0,29.35207540612172,0.00010000011857921843,0.8387258064707394,0.0011825105801244148,1.6776100845702155,0.022263171355498768,0.8423005365315672,0.6381999707519103,-0.6943002244996654,0.6845059487721439
102.4,4.989662524591676,6.8370273970480495,0.00027686320236239834,0.0016603353081606428,0.6943239024504322,0.6943239024504322,0.0,,0.0,29.354568327836073,0.00010000011857921843,0.8387258064707394,0.0011825105801244148,1.677610084534197,0.022263171355498768,0.8423005361253361,0.6382010291569915,-0.6943096226317085,0.6846752935851443
102.60000000000001,4.9896736005879845,6.838941314467274,0.0002763909369209793,0.0016575052659660542,0.6943328733395656,0.6943328733395656,0.0,,0.0,29.357017145267957,0.00010000011857921843,0.8387258064707394,0.0011825105801244148,1.6776100844987576,0.022263171355498768,0.8423005357256328,0.6382020702533172,-0.6943188519383984,0.6848418689972653
102.80000000000001,4.989684495630518,6.840823968065173,0.00027592721459617436,0.0016547263980879535,0.694341683738473,0.694341683738473,0.0,,0.0,29.359422689110875,0.00010000011857921843,0.8387258064707394,0.0011825105801244148,1.6776100844638877,0.022263171355498768,0.8423005353323544,0.6382030943231375,-0.6943279156872955,0.6850057201684965
103.0,4.989695212664058,6.842675866446573,0.000275471872730145,0.0016519977020630812,0.6943503367329991,0.6943503367329991,0.0,,0.0,29.361785772768954,0.00010000011857921843,0.8387258064707394,0.0011825105801244148,1.6776100844295787,0.022263171355498768,0.8423005349453997,0.6382041016441268,-0.6943368170751196,0.6851668915267835
103.2,4.9897057545858425,6.84449751001315,0.00027502473456472677,0.0016493181976294105,0.694358835338282,0.694358835338282,0.0,,0.0,29.364107193001306,0.00010000011857921843,0.8387258064707394,0.0011825105801244148,1.6776100843958215,0.022263171355498768,0.8423005345646694,0.6382050924894576,-0.6943455592295223,0.685325426779715
103.4,4.989716124253313,6.846289392298313,0.0002745856513097379,0.0016466869250699619,0.6943671825154922,0.6943671825154922,0.0,,0.0,29.366387731256605,0.00010000011857921843,0.8387258064707394,0.0011825105801244148,1.6776100843626072,0.022263171355498768,0.842300534190065,0.6382060671285267,-0.6943541452166081,0.6854813690307794
103.60000000000001,4.9897263248754875,6.848052067549529,0.00027415444495141537,0.00164410284258456,0.6943753805253632,0.6943753805253633,0.0,,0.0,29.3686282464687,0.00010000011857921843,0.8387258064707391,0.0011825105801244148,1.6776100843299264,0.022263171355498768,0.8423005338214736,0.6382070258636945,-0.6943625783713622,0.6856347666576235
103.80000000000001,4.98973635887263,6.8497859538691035,0.00027373097875529146,0.0016415651228902654,0.6943834338491511,0.6943834338491511,0.0,,0.0,29.370829400799032,0.00010000011857921843,0.8387258064707391,0.0011825105801244148,1.6776100842977715,0.022263171355498768,0.8423005334588155,0.6382079689233056,-0.6943708613308739,0.6857856561954001
104.0,4.9897462288526855,6.8514915016700355,0.00027331510673586965,0.0016390728937941141,0.6943913442513789,0.6943913442513789,0.0,,0.0,29.372991909574665,0.00010000011857921843,0.8387258064707391,0.0011825105801244148,1.6776100842661348,0.022263171355498768,0.8423005331019995,0.6382088965531773,-0.6943789968812748,0.6859340769748619
104.2,4.989755937487452,6.853169172437948,0.00027290668193213306,0.0016366252772630604,0.6943991143701105,0.6943991143701105,0.0,,0.0,29.37511649164794,0.00010000011857921843,0.8387258064707391,0.0011825105801244148,1.6776100842350077,0.022263171355498768,0.8423005327509326,0.6382098090051205,-0.6943869878311991,0.6860800692857794
104.4,4.98976548741591,6.854819422003662,0.00027250556028876827,0.0016342214118217262,0.6944067468935534,0.6944067468935534,0.0,,0.0,29.37720385294597,0.00010000011857921843,0.8387258064707391,0.0011825105801244148,1.6776100842043824,0.022263171355498768,0.8423005324055238,0.6382107065278537,-0.6943948369378229,0.6862236729230997
104.60000000000001,4.989774881228918,6.856442697887677,0.00027211160117123157,0.0016318604558652704,0.694414244424511,0.694414244424511,0.0,,0.0,29.379254684049805,0.00010000011857921843,0.8387258064707391,0.0011825105801244148,1.6776100841742505,0.022263171355498768,0.8423005320656834,0.6382115893655447,-0.694402546895807,0.6863649269536505
104.80000000000001,4.989784121471636,6.858039439721227,0.00027172466719316876,0.001629541586795619,0.6944216095082959,0.6944216095082959,0.0,,0.0,29.381269660732226,0.00010000011857921843,0.8387258064707391,0.0011825105801244148,1.6776100841446049,0.022263171355498768,0.8423005317313231,0.6382124577580385,-0.6944101203399932,0.6865038697526642
105.0,4.989793210646689,6.859610079793185,0.00027134462401009606,0.001627263999930767,0.6944288446365271,0.6944288446365271,0.0,,0.0,29.383249444823292,0.00010000011857921843,0.8387258064707391,0.0011825105801244148,1.6776100841154373,0.022263171355498768,0.8423005314023562,0.6382133119411575,-0.6944175598488433,0.686640539051695
105.2,4.989802151215902,6.861155043349232,0.0002709713401807389,0.0016250269077931864,0.6944359522487494,0.6944359522487494,0.0,,0.0,29.385194684761885,0.00010000011857921843,0.8387258064707391,0.0011825105801244148,1.6776100840867403,0.022263171355498768,0.842300531078697,0.6382141521468649,-0.6944248679466629,0.6867749719648906
105.4,4.989810945601236,6.862674748753087,0.00027060468706817777,0.0016228295396165959,0.694442934733956,0.694442934733956,0.0,,0.0,29.387106015961205,0.00010000011857921843,0.8387258064707391,0.0011825105801244148,1.6776100840585066,0.022263171355498768,0.8423005307602613,0.6382149786033544,-0.6944320471051293,0.686907205003202
105.60000000000001,4.989819596185458,6.864169607602412,0.0002702445387573885,0.001620671140931593,0.6944497944318275,0.6944497944318276,0.0,,0.0,29.388984061111397,0.00010000011857921843,0.838725806470739,0.0011825105801244148,1.6776100840307289,0.022263171355498768,0.8423005304469662,0.6382157915351133,-0.6944390997445771,0.6870372740846333
105.80000000000001,4.9898281053127524,6.865640024834911,0.00026989077198059686,0.0016185509731765435,0.694456533633873,0.694456533633873,0.0,,0.0,29.390829430464162,0.00010000011857921843,0.838725806470739,0.0011825105801244148,1.6776100840033992,0.022263171355498768,0.8423005301387302,0.638216591162982,-0.6944460282352101,0.6871652145436246
106.0,4.989836475289345,6.86708639883303,0.00026954326604838126,0.0016164683133198196,0.6944631545845683,0.6944631545845683,0.0,,0.0,29.392642722110505,0.00010000011857921843,0.838725806470739,0.0011825105801244148,1.6776100839765113,0.022263171355498768,0.8423005298354728,0.6382173777042113,-0.6944528348982808,0.6872910611403124
106.2,4.989844708384085,6.868509121528018,0.00026920190278596117,0.0016144224534909283,0.6944696594824353,0.6944696594824353,0.0,,0.0,29.394424522252304,0.00010000011857921843,0.838725806470739,0.0011825105801244148,1.6776100839500578,0.022263171355498768,0.8423005295371148,0.6382181513725201,-0.6944595220072421,0.6874148480697241
106.4,4.989852806829059,6.8699085785028045,0.0002688665664740517,0.0016124127006202412,0.6944760504811183,0.6944760504811183,0.0,,0.0,29.39617540546753,0.00010000011857921843,0.838725806470739,0.0011825105801244148,1.6776100839240318,0.022263171355498768,0.8423005292435781,0.6382189123781523,-0.6944660917888696,0.68753660897087
106.60000000000001,4.9898607728201645,6.871285149093416,0.00026853714379337755,0.0016104383760870721,0.6944823296904292,0.6944823296904292,0.0,,0.0,29.397895934968794,0.00010000011857921843,0.838725806470739,0.0011825105801244148,1.6776100838984265,0.022263171355498768,0.8423005289547864,0.6382196609279325,-0.6944725464243539,0.6876563769357006
106.80000000000001,4.989868608517706,6.872639206488866,0.0002682135237718149,0.0016084988153758208,0.6944884991773634,0.6944884991773634,0.0,,0.0,29.399586662855405,0.00010000011857921843,0.838725806470739,0.0011825105801244148,1.6776100838732348,0.022263171355498768,0.8423005286706637,0.6382203972253214,-0.6944788880503635,0.6877741845179257
107.0,4.989876316046947,6.873971117829472,0.0002678955977332061,0.0016065933677401566,0.6944945609670823,0.6944945609670823,0.0,,0.0,29.40124813035892,0.00010000011857921843,0.838725806470739,0.0011825105801244148,1.677610083848451,0.022263171355498768,0.8423005283911359,0.6382211214704699,-0.694485118760079,0.6878900637416938
107.2,4.989883897498687,6.875281244303636,0.00026758325924707975,0.001604721395875336,0.6945005170438785,0.6945005170438785,0.0,,0.0,29.40288086808258,0.00010000011857921843,0.838725806470739,0.0011825105801244148,1.6776100838240682,0.022263171355498768,0.8423005281161297,0.6382218338602726,-0.6944912406041999,0.6880040461101338
107.4,4.989891354929801,6.876569941243143,0.00026727640407874317,0.0016028822755987766,0.6945063693521134,0.6945063693521134,0.0,,0.0,29.404485396234733,0.00010000011857921843,0.838725806470739,0.0011825105801244148,1.6776100838000796,0.022263171355498768,0.8423005278455729,0.6382225345884204,-0.6944972555919227,0.6881161626137605
107.60000000000001,4.989898690363799,6.877837558216965,0.00026697493013950715,0.0016010753955391318,0.6945121197971279,0.6945121197971279,0.0,,0.0,29.406062224856377,0.00010000011857921843,0.838725806470739,0.0011825105801244148,1.6776100837764791,0.022263171355498768,0.8423005275793944,0.6382232238454515,-0.6945031656918955,0.6882264437387495
107.80000000000001,4.98990590579134,6.879084439123599,0.000266678737437013,0.0015993001568339411,0.694517770246123,0.694517770246123,0.0,,0.0,29.407611854043065,0.00010000011857921843,0.838725806470739,0.0011825105801244148,1.6776100837532608,0.022263171355498768,0.8423005273175247,0.6382239018188036,-0.6945089728331454,0.6883349194750766
108.0,4.989913003170781,6.880310922281958,0.00026638772802583914,0.0015975559728359486,0.6945233225290252,0.6945233225290252,0.0,,0.0,29.409134774161274,0.00010000011857921843,0.838725806470739,0.0011825105801244148,1.6776100837304184,0.022263171355498768,0.8423005270598944,0.6382245686928627,-0.6945146789059817,0.6884416193245319
108.2,4.989919984428678,6.881517340520865,0.00026610180595865667,0.0015958422688279394,0.6945287784393378,0.6945287784393378,0.0,,0.0,29.410631466059474,0.00010000011857921843,0.8387258064707389,0.0011825105801244148,1.677610083707946,0.022263171355498768,0.8423005268064364,0.6382252246490131,-0.6945202857628756,0.6885465723086039
108.4,4.989926851460313,6.8827040212671315,0.00026582087723825995,0.001594158481745916,0.6945341397349417,0.6945341397349417,0.0,,0.0,29.41210240127388,0.00010000011857921843,0.8387258064707389,0.0011825105801244148,1.6776100836858374,0.022263171355498768,0.8423005265570835,0.6382258698656859,-0.6945257952193168,0.6886498069762396
108.60000000000001,4.989933606130179,6.883871286632249,0.0002655448497707702,0.0015925040599102818,0.6945394081388968,0.6945394081388968,0.0,,0.0,29.41354804222923,0.00010000011857921843,0.8387258064707389,0.0011825105801244148,1.677610083664087,0.022263171355498768,0.8423005263117704,0.6382265045184061,-0.694531209054647,0.6887513514114803
108.80000000000001,4.989940250272488,6.885019453497745,0.00026527363332026603,0.0015908784627647339,0.694544585340223,0.6945445853402231,0.0,,0.0,29.414968842434583,0.00010000011857921843,0.8387258064707389,0.0011825105801244148,1.6776100836426893,0.022263171355498768,0.8423005260704323,0.6382271287798404,-0.6945365290128731,0.6888512332409765
109.0,4.989946785691655,6.88614883359918,0.00026500713946497596,0.001589281160622368,0.694549672994658,0.694549672994658,0.0,,0.0,29.416365246674328,0.00010000011857921843,0.8387258064707389,0.0011825105801244148,1.6776100836216383,0.022263171355498768,0.8423005258330055,0.638227742819843,-0.6945417568034576,0.6889494796413836
109.2,4.989953214162771,6.887259733608854,0.0002647452815550954,0.0015877116344186622,0.6945546727253856,0.6945546727253856,0.0,,0.0,29.41773769119453,0.00010000011857921843,0.8387258064707389,0.0011825105801244148,1.6776100836009287,0.022263171355498768,0.8423005255994275,0.6382283468055009,-0.6945468941020903,0.6890461173466385
109.4,4.989959537432084,6.888352455217164,0.0002644879746722003,0.0015861693754709986,0.6945595861237609,0.6945595861237609,0.0,,0.0,29.41908660388474,0.00010000011857921843,0.8387258064707389,0.0011825105801244148,1.6776100835805545,0.022263171355498768,0.8423005253696366,0.6382289409011789,-0.6945519425514379,0.6891411726551208
109.60000000000001,4.989965757217457,6.889427295212744,0.00026423513559014044,0.0015846538852443313,0.6945644147500112,0.6945644147500112,0.0,,0.0,29.420412404455394,0.00010000011857921843,0.8387258064707389,0.0011825105801244148,1.6776100835605108,0.022263171355498768,0.842300525143572,0.6382295252685637,-0.6945569037618776,0.6892346714367021
109.80000000000001,4.989971875208826,6.8904845455613115,0.0002639866827372738,0.0015831646751228046,0.6945691601339093,0.6945691601339093,0.0,,0.0,29.42171550461093,0.00010000011857921843,0.8387258064707389,0.0011825105801244148,1.6776100835407923,0.022263171355498768,0.8423005249211744,0.6382301000667073,-0.6945617793122089,0.6893266391396792
110.0,4.989977893068651,6.891524493483263,0.0002637425361598735,0.0015817012661870924,0.6945738237754528,0.6945738237754528,0.0,,0.0,29.42299630821872,0.00010000011857921843,0.8387258064707389,0.0011825105801244148,1.6776100835213936,0.022263171355498768,0.8423005247023844,0.6382306654520693,-0.6945665707503484,0.6894171007975994
110.2,4.989983812432359,6.892547421530082,0.00026350261748654425,0.0015802631889972872,0.6945784071455069,0.6945784071455069,0.0,,0.0,29.42425521147404,0.00010000011857921843,0.8387258064707389,0.0011825105801244148,1.6776100835023098,0.022263171355498768,0.8423005244871444,0.6382312215785592,-0.6945712795940083,0.6895060810359768
110.4,4.989989634908776,6.893553607659506,0.00026326684989351376,0.0015788499833812458,0.6945829116864289,0.6945829116864289,0.0,,0.0,29.4254926030609,0.00010000011857921843,0.8387258064707389,0.0011825105801244148,1.6776100834835357,0.022263171355498768,0.8423005242753975,0.6382317685975775,-0.6945759073313555,0.6895936040788989
110.60000000000001,4.989995362080565,6.894543325309533,0.0002630351580706903,0.0015774611982282425,0.6945873388127028,0.6945873388127028,0.0,,0.0,29.426708864309305,0.00010000011857921843,0.8387258064707389,0.0011825105801244148,1.6776100834650665,0.022263171355498768,0.8423005240670874,0.6382323066580564,-0.694580455421656,0.6896796937555316
110.80000000000001,4.990000995504633,6.895516843471256,0.0002628074681884246,0.0015760963912878796,0.6945916899115248,0.6945916899115249,0.0,,0.0,29.42790436934859,0.00010000011857921843,0.8387258064707389,0.0011825105801244148,1.6776100834468965,0.022263171355498768,0.8423005238621593,0.6382328359065,-0.6945849252959017,0.6897643735065169
111.0,4.990006536712563,6.896474426760535,0.00026258370786494373,0.0015747551289741384,0.6945959663433943,0.6945959663433944,0.0,,0.0,29.42907948525721,0.00010000011857921843,0.8387258064707389,0.0011825105801244148,1.6776100834290222,0.022263171355498768,0.8423005236605583,0.6382333564870235,-0.6945893183574232,0.6898476663902686
111.2,4.990011987211009,6.897416335488534,0.0002623638061344534,0.0015734369861744688,0.6946001694426933,0.6946001694426933,0.0,,0.0,29.43023457220899,0.00010000011857921843,0.8387258064707388,0.0011825105801244148,1.6776100834114378,0.022263171355498768,0.8423005234622313,0.6382338685413916,-0.6945936359824858,0.6899295950891697
111.4,4.990017348482107,6.898342825731173,0.00026214769341592565,0.0015721415460637886,0.6946043005182373,0.6946043005182373,0.0,,0.0,29.431369983615983,0.00010000011857921843,0.8387258064707388,0.0011825105801244148,1.6776100833941394,0.022263171355498768,0.8423005232671257,0.6382343722090573,-0.6945978795208718,0.6900101819156682
111.60000000000001,4.9900226219838695,6.899254149397439,0.0002619353014825993,0.0015708683999232757,0.6946083608538117,0.6946083608538118,0.0,,0.0,29.432486066267845,0.00010000011857921843,0.8387258064707388,0.0011825105801244148,1.6776100833771215,0.022263171355498768,0.8423005230751893,0.6382348676271986,-0.694602050296448,0.6900894488182754
111.80000000000001,4.990027809150568,6.900150554296638,0.00026172656343222535,0.0015696171469638406,0.6946123517087277,0.6946123517087277,0.0,,0.0,29.433583160468206,0.00010000011857921843,0.8387258064707388,0.0011825105801244148,1.6776100833603804,0.022263171355498768,0.8423005228863716,0.638235354930756,-0.6946061496077186,0.6901674173874697
112.0,4.990032911393127,6.901032284204577,0.0002615214136580615,0.0015683873941540279,0.6946162743183115,0.6946162743183115,0.0,,0.0,29.43466160016758,0.00010000011857921843,0.8387258064707388,0.0011825105801244148,1.6776100833439114,0.022263171355498768,0.8423005227006221,0.6382358342524688,-0.6946101787283671,0.6902441088615039
112.2,4.990037930099496,6.901899578928701,0.0002613197878206464,0.0015671787560523358,0.6946201298944311,0.6946201298944311,0.0,,0.0,29.435721713093425,0.00010000011857921843,0.8387258064707388,0.0011825105801244148,1.6776100833277099,0.022263171355498768,0.8423005225178914,0.6382363057229101,-0.6946141389077812,0.69031954413212
112.4,4.990042866635015,6.902752674372174,0.00026112162282033015,0.0015659908546436776,0.6946239196259789,0.6946239196259789,0.0,,0.0,29.43676382087709,0.00010000011857921843,0.8387258064707388,0.0011825105801244148,1.6776100833117717,0.022263171355498768,0.842300522338131,0.638236769470523,-0.6946180313715683,0.6903937437501738
112.60000000000001,4.990047722342798,6.903591802596975,0.00026092685677055834,0.001564823319179927,0.6946276446793526,0.6946276446793527,0.0,,0.0,29.437788239177838,0.00010000011857921843,0.8387258064707388,0.0011825105801244148,1.677610083296093,0.022263171355498768,0.842300522161293,0.6382372256216542,-0.6946218573220565,0.6904667279311664
112.80000000000001,4.990052498544065,6.9044171918859645,0.00026073542897187766,0.0015636757860243876,0.6946313061989359,0.6946313061989359,0.0,,0.0,29.438795277804076,0.00010000011857921843,0.8387258064707388,0.0011825105801244148,1.6776100832806689,0.022263171355498768,0.8423005219873304,0.6382376743005886,-0.6946256179387844,0.690538516560689
113.0,4.990057196538525,6.905229066803976,0.0002605472798866241,0.0015625478985000188,0.6946349053075466,0.6946349053075466,0.0,,0.0,29.439785240831764,0.00010000011857921843,0.8387258064707388,0.0011825105801244148,1.6776100832654957,0.022263171355498768,0.8423005218161967,0.638238115629583,-0.6946293143789792,0.6906091291997805
113.2,4.990061817604705,6.9060276482579335,0.00026036235111426937,0.0015614393067413905,0.6946384431068888,0.6946384431068888,0.0,,0.0,29.440758426720116,0.00010000011857921843,0.8387258064707388,0.0011825105801244148,1.6776100832505694,0.022263171355498768,0.8423005216478465,0.638238549728898,-0.6946329477780228,0.6906785850901969
113.4,4.990066363000298,6.906813153556011,0.00026018058536737804,0.0015603496675501865,0.6946419206779907,0.6946419206779907,0.0,,0.0,29.441715128424754,0.00010000011857921843,0.8387258064707388,0.0011825105801244148,1.6776100832358856,0.022263171355498768,0.8423005214822347,0.6382389767168318,-0.6946365192499072,0.6907469031595983
113.60000000000001,4.990070833962503,6.907585796465855,0.0002600019264481488,0.001559278644254207,0.6946453390816337,0.6946453390816338,0.0,,0.0,29.442655633508195,0.00010000011857921843,0.8387258064707388,0.0011825105801244148,1.677610083221441,0.022263171355498768,0.8423005213193172,0.6382393967097509,-0.6946400298876791,0.6908141020266511
113.80000000000001,4.99007523170835,6.9083457872718625,0.00025982631922550486,0.0015582259065697421,0.6946486993587642,0.6946486993587643,0.0,,0.0,29.443580224247913,0.00010000011857921843,0.8387258064707388,0.0011825105801244148,1.6776100832072314,0.022263171355498768,0.8423005211590505,0.6382398098221221,-0.6946434807638739,0.6908802000060486
114.0,4.990079557435039,6.909093332831572,0.00025965370961271976,0.001557191130467282,0.6946520025309048,0.6946520025309048,0.0,,0.0,29.44448917774194,0.00010000011857921843,0.8387258064707388,0.0011825105801244148,1.6776100831932528,0.022263171355498768,0.8423005210013919,0.6382402161665435,-0.6946468729309391,0.6909452151134513
114.2,4.990083812320245,6.909828636631126,0.0002594840445455514,0.0015561739980404278,0.6946552496005487,0.6946552496005487,0.0,,0.0,29.445382766012113,0.00010000011857921843,0.8387258064707388,0.0011825105801244148,1.6776100831795018,0.022263171355498768,0.842300520846299,0.638240615853774,-0.6946502074216483,0.6910091650703464
114.4,4.990087997522446,6.910551898839872,0.00025931727196087896,0.0015551741973779583,0.6946584415515626,0.6946584415515626,0.0,,0.0,29.446261256105007,0.00010000011857921843,0.8387258064707388,0.0011825105801244148,1.6776100831659746,0.022263171355498768,0.8423005206937308,0.6382410089927646,-0.6946534852495059,0.6910720673088305
114.60000000000001,4.990092114181234,6.911263316364079,0.0002591533407758263,0.0015541914224389368,0.6946615793495396,0.6946615793495396,0.0,,0.0,29.447124910190617,0.00010000011857921843,0.8387258064707388,0.0011825105801244148,1.6776100831526677,0.022263171355498768,0.8423005205436462,0.6382413956906863,-0.6946567074091404,0.6911339389763141
114.80000000000001,4.990096163417609,6.911963082899798,0.00025899220086737334,0.0015532253729308196,0.6946646639421931,0.6946646639421931,0.0,,0.0,29.447973985658876,0.00010000011857921843,0.8387258064707388,0.0011825105801244148,1.6776100831395775,0.022263171355498768,0.8423005203960052,0.6382417760529603,-0.6946598748766918,0.6911947969401515
115.0,4.9901001463343,6.912651388984875,0.00025883380305244234,0.0015522757541904532,0.6946676962597128,0.6946676962597128,0.0,,0.0,29.448808735213962,0.00010000011857921843,0.8387258064707388,0.0011825105801244148,1.6776100831267005,0.022263171355498768,0.8423005202507683,0.6382421501832856,-0.6946629886101865,0.6912546577921945
115.2,4.990104064016042,6.913328422050142,0.000258678099068453,0.0015513422770678774,0.6946706772151097,0.6946706772151098,0.0,,0.0,29.449629406966622,0.00010000011857921843,0.8387258064707388,0.0011825105801244148,1.677610083114033,0.022263171355498768,0.8423005201078966,0.6382425181836673,-0.694666049549906,0.6913135378532741
115.4,4.990107917529881,6.913994366469772,0.0002585250415543431,0.0015504246578128876,0.6946736077045809,0.6946736077045809,0.0,,0.0,29.45043624452441,0.00010000011857921843,0.8387258064707388,0.0011825105801244148,1.677610083101572,0.022263171355498768,0.8423005199673519,0.6382428801544444,-0.6946690586187463,0.6913714531776098
115.60000000000001,4.990111707925453,6.914649403610844,0.00025837458403203526,0.0015495226179642163,0.6946764886078237,0.6946764886078237,0.0,,0.0,29.451229487079903,0.00010000011857921843,0.8387258064707387,0.0011825105801244148,1.677610083089314,0.022263171355498768,0.8423005198290964,0.6382432361943166,-0.6946720167225692,0.6914284195571462
115.80000000000001,4.990115436235272,6.915293711882107,0.0002582266808883553,0.001548635884241361,0.6946793207883907,0.6946793207883908,0.0,,0.0,29.452009369497084,0.00010000011857921843,0.8387258064707387,0.0011825105801244148,1.6776100830772556,0.022263171355498768,0.8423005196930933,0.6382435864003707,-0.6946749247505452,0.6914844525258221
116.0,4.9901191034750045,6.915927466781965,0.00025808128735737006,0.0015477641884388581,0.694682105093995,0.694682105093995,0.0,,0.0,29.452776122395793,0.00010000011857921843,0.8387258064707387,0.0011825105801244148,1.6776100830653937,0.022263171355498768,0.8423005195593058,0.6382439308681079,-0.694677783575489,0.6915395673637688
116.2,4.990122710643745,6.916550840945684,0.00025793835950314734,0.001546907267323043,0.694684842356829,0.694684842356829,0.0,,0.0,29.453529972234314,0.00010000011857921843,0.8387258064707387,0.0011825105801244148,1.6776100830537248,0.022263171355498768,0.8423005194276986,0.6382442696914684,-0.6946805940541878,0.6915937791014408
116.4,4.990126258724281,6.917164004191855,0.0002577978542029197,0.0015460648625311823,0.6946875333938839,0.694687533393884,0.0,,0.0,29.454271141390215,0.00010000011857921843,0.8387258064707387,0.0011825105801244148,1.6776100830422465,0.022263171355498768,0.8423005192982359,0.6382446029628573,-0.6946833570277205,0.6916471025236813
116.60000000000001,4.990129748683365,6.91776712356811,0.0002576597291306309,0.0015452367204728844,0.694690179007236,0.694690179007236,0.0,,0.0,29.45499984823945,0.00010000011857921843,0.8387258064707387,0.0011825105801244148,1.677610083030955,0.022263171355498768,0.8423005191708833,0.6382449307731701,-0.6946860733217725,0.6916995521737201
116.80000000000001,4.990133181471965,6.918360363396091,0.00025752394274087024,0.0015444225922338253,0.6946927799843511,0.6946927799843511,0.0,,0.0,29.45571630723368,0.00010000011857921843,0.8387258064707387,0.0011825105801244148,1.6776100830198477,0.022263171355498768,0.8423005190456064,0.6382452532118162,-0.6946887437469401,0.6917511423571079
117.0,4.990136558025532,6.918943885315706,0.0002573904542531622,0.0015436222334816064,0.6946953370983739,0.6946953370983739,0.0,,0.0,29.456420728976056,0.00010000011857921843,0.8387258064707387,0.0011825105801244148,1.6776100830089216,0.022263171355498768,0.8423005189223717,0.6382455703667442,-0.6946913690990312,0.6918018871455868
117.2,4.990139879264241,6.919517848328685,0.0002572592236366161,0.0015428354043737894,0.6946978511084048,0.6946978511084048,0.0,,0.0,29.45711332029526,0.00010000011857921843,0.8387258064707387,0.0011825105801244148,1.6776100829981733,0.022263171355498768,0.842300518801146,0.638245882324465,-0.6946939501593573,0.6918518003808991
117.4,4.990143146093254,6.920082408841419,0.00025713021159491786,0.001542061869467996,0.6947003227597762,0.6947003227597762,0.0,,0.0,29.457794284318037,0.00010000011857921843,0.8387258064707387,0.0011825105801244148,1.6776100829876004,0.022263171355498768,0.8423005186818968,0.6382461891700751,-0.6946964876950197,0.6919008956785325
117.60000000000001,4.990146359402939,6.920637720707115,0.0002570033795516594,0.0015413013976340526,0.694702752784327,0.694702752784327,0.0,,0.0,29.458463820540178,0.00010000011857921843,0.8387258064707387,0.0011825105801244148,1.6776100829772,0.022263171355498768,0.8423005185645922,0.6382464909872807,-0.6946989824591893,0.6919491864314065
117.80000000000001,4.990149520069143,6.9211839352672735,0.00025687868963599375,0.0015405537619681007,0.6947051419006642,0.6947051419006642,0.0,,0.0,29.459122124895966,0.00010000011857921843,0.8387258064707387,0.0011825105801244148,1.6776100829669691,0.022263171355498768,0.8423005184492005,0.6382467878584187,-0.6947014351913801,0.6919966858134989
118.0,4.990152628953401,6.921721201392509,0.00025675610466860925,0.0015398187397086332,0.6947074908144185,0.6947074908144185,0.0,,0.0,29.459769389826167,0.00010000011857921843,0.8387258064707387,0.0011825105801244148,1.677610082956905,0.022263171355498768,0.8423005183356908,0.6382470798644807,-0.6947038466177172,0.6920434067834129
118.2,4.9901556869031785,6.922249665522703,0.0002566355881480203,0.0015390961121544311,0.6947098002185006,0.6947098002185006,0.0,,0.0,29.4604058043446,0.00010000011857921843,0.8387258064707387,0.0011825105801244148,1.677610082947005,0.022263171355498768,0.8423005182240324,0.6382473670851336,-0.6947062174511983,0.6920893620878869
118.4,4.990158694752106,6.922769471706497,0.00025651710423715634,0.001538385664584288,0.6947120707933392,0.6947120707933392,0.0,,0.0,29.4610315541033,0.00010000011857921843,0.8387258064707387,0.0011825105801244148,1.6776100829372664,0.022263171355498768,0.8423005181141955,0.6382476495987421,-0.6947085483919494,0.6921345642652472
118.60000000000001,4.990161653320195,6.923280761640191,0.000256400617750258,0.0015376871861785704,0.6947143032071407,0.6947143032071408,0.0,,0.0,29.461646821456284,0.00010000011857921843,0.8387258064707387,0.0011825105801244148,1.677610082927687,0.022263171355498768,0.8423005180061504,0.6382479274823893,-0.6947108401274759,0.6921790256488061
118.80000000000001,4.990164563414063,6.923783674705974,0.00025628609414005794,0.0015370004699424764,0.6947164981161109,0.6947164981161109,0.0,,0.0,29.462251785522056,0.00010000011857921843,0.8387258064707387,0.0011825105801244148,1.6776100829182639,0.022263171355498768,0.8423005178998679,0.6382482008118981,-0.6947130933329069,0.6922227583702024
119.0,4.990167425827151,6.924278348009556,0.00025617349948524543,0.0015363253126309815,0.6947186561646835,0.6947186561646836,0.0,,0.0,29.462846622244697,0.00010000011857921843,0.8387258064707387,0.0011825105801244148,1.6776100829089942,0.022263171355498768,0.8423005177953197,0.6382484696618512,-0.6947153086712354,0.6922657743626905
119.2,4.990170241339943,6.9247649164171925,0.0002560628004782135,0.0015356615146754726,0.694720777985764,0.694720777985764,0.0,,0.0,29.46343150445382,0.00010000011857921843,0.8387258064707387,0.0011825105801244148,1.6776100828998761,0.022263171355498768,0.8423005176924775,0.6382487341056117,-0.6947174867935528,0.6923080853643747
119.4,4.990173010720164,6.925243512592116,0.00025595396441307035,0.0015350088801119514,0.6947228642009279,0.6947228642009279,0.0,,0.0,29.46400660192313,0.00010000011857921843,0.8387258064707387,0.0011825105801244148,1.6776100828909066,0.022263171355498768,0.8423005175913134,0.6382489942153431,-0.6947196283392784,0.6923497029213902
119.60000000000001,4.990175734723001,6.92571426703037,0.000255846959173917,0.0015343672165108277,0.694724915420664,0.694724915420664,0.0,,0.0,29.46457208142793,0.00010000011857921843,0.8387258064707387,0.0011825105801244148,1.6776100828820837,0.022263171355498768,0.8423005174918006,0.6382492500620284,-0.6947217339363831,0.6923906383910361
119.80000000000001,4.990178414091302,6.926177308096076,0.0002557417532233768,0.0015337363349082205,0.6947269322445583,0.6947269322445584,0.0,,0.0,29.465128106801302,0.00010000011857921843,0.8387258064707387,0.0011825105801244148,1.6776100828734046,0.022263171355498768,0.842300517393912,0.6382495017154897,-0.6947238042016107,0.6924309029448523
120.0,4.990181049542199,6.926632759712325,0.0002556383161333005,0.00153311605298633,0.6947289152777494,0.6947289152777494,0.0,,0.0,29.465674836079593,0.00010000011857921843,0.8387258064707387,0.0011825105801244148,1.6776100828648672,0.022263171355498768,0.8423005172976217,0.6382497492431334,-0.6947258397300351,0.6924705073678369
