t,J_mean,theta_mean,u_mean,W_inventory,source_integral,source_mean,collapsed_skin_thickness,front_position,reactant_penetration_depth,heat_source_localization,min_A,mean_A,min_D,mean_D,min_M,mean_M,surface_q,surface_n,surface_h
0.0,1.2999999999999998,4.9999999999999996e-05,0.02,0.026012500000000004,0.009992966748655798,0.009992966748655798,0.0,,0.0,1.2505617016904587,0.9969863314216022,0.9990408383580583,1.9979888657596805,1.999360052663286,0.9994970899680228,0.9998399815031443,-0.0009405127121299428,-0.6894955077750986,1.967741935483871e-05
0.2,1.3001244558051612,0.005563954919230362,0.08805697734067379,0.1142901384038027,0.04470229438291729,0.0447022943829173,0.0,,0.0,5.129041166502872,0.9981214494307445,0.9994046205546476,1.9987468478441672,1.9996028819270495,0.9996866628660526,0.999900708073507,-0.000374786988362269,-0.3857550778611495,0.0030845241399487214
0.4,1.3001595367979162,0.01604193184384497,0.13312312058736428,0.17285296385358973,0.06932722638839804,0.06932722638839804,0.0,,0.032258064516129004,4.090491473681208,0.9984908687421977,0.9995753396318607,1.9989934059133139,1.9997167812544618,0.9997483198037004,0.9999291883215186,7.705299193944137e-06,-0.32306721263443233,0.0071300779316742285
0.6000000000000001,1.3001265161378068,0.0301619658022544,0.16785014687361482,0.21798204354904765,0.08989388663119764,0.08989388663119766,0.0,,0.06451612903225801,3.5356871172305224,0.9985505506626643,0.9996113629864698,1.999033233151283,1.999740810298928,0.999758279070395,0.9999351964251944,0.00031226802935727105,-0.2909015026681916,0.011420113234694686
0.8,1.300037926954429,0.04726115749203155,0.19577675045958937,0.25424475161566634,0.10797993389903252,0.10797993389903252,0.0,,0.09677419354838701,3.1861313047579203,0.9984243958044711,0.9995668310750002,1.9989490449912861,1.9997111014756899,0.9997372267194703,0.9999277679135666,0.0005671387656974863,-0.2714025030742257,0.015808554785603623
1.0,1.299901646086478,0.06691413973407681,0.2186481005869048,0.28390982391243963,0.12436395570774161,0.12436395570774161,0.0,,0.09677419354838701,2.943742502905297,0.9981865558384355,0.9994744069871516,1.9987903056197491,1.9996494375805056,0.9996975306565106,0.9999123489482608,0.0007920936288086378,-0.2586844335217694,0.020250829787063204
1.2000000000000002,1.2997220459720886,0.08882213384938661,0.23749648508336393,0.3083263894832995,0.13953244453418395,0.13953244453418395,0.0,,0.12903225806451601,2.765073161684296,0.9978873838097077,0.9993511321780273,1.9985905961308599,1.9995671806436326,0.9996475869290183,0.9998917801027841,0.001002561740608643,-0.2500956244109265,0.024747025502354747
1.4000000000000001,1.2995008246291035,0.11276484846322618,0.2529938179361173,0.32837371934251774,0.15382160048974147,0.15382160048974147,0.0,,0.12903225806451601,2.6279707381792874,0.9975559333852785,0.9992097900509265,1.998369292882465,1.9994728536970907,0.9995922400782251,0.9998681921824699,0.0012098485269250309,-0.24422923047580092,0.029319268982644548
1.6,1.2992378175045023,0.1385733868796953,0.26560436330158127,0.344658243947697,0.16746901264876612,0.16746901264876612,0.0,,0.12903225806451601,2.5200507384073174,0.9972123375092699,0.9990567348675298,1.9981398285841294,1.9993706935501931,0.9995348489524645,0.9998426444289665,0.001421362531378756,-0.24026677770765595,0.033997560349414535
1.8,1.2989317090147041,0.16611277045160824,0.2756641270277874,0.3576174812540491,0.18064019422047967,0.1806401942204797,0.0,,0.12903225806451601,2.433888373287976,0.9968644692871211,0.998893880799219,1.997907457368834,1.9992619757759489,0.9994767274214207,0.9998154557012977,0.0016413540717132302,-0.23770699435940928,0.03881136182679882
2.0,1.2985805746810217,0.1952699278002955,0.283427246954227,0.36758139437419585,0.19344566980375813,0.19344566980375813,0.0,,0.12903225806451601,2.364772644913824,0.9965132484304878,0.9987186805249606,1.997672791784334,1.9991449996894013,0.9994180285837826,0.999786200673255,0.0018718065410308904,-0.2362338202188058,0.04378548740309542
2.2,1.2981822532507763,0.225945161435059,0.28909515768948574,0.37481111446403664,0.2059539525823712,0.2059539525823712,0.0,,0.16129032258064502,2.3095683723262646,0.9961559339732617,0.9985291583550177,1.9974339982119078,1.99901844343582,0.9993582936388585,0.999754548584872,0.002113215471673313,-0.23564342395888815,0.04893866119871393
2.4000000000000004,1.2977345837654928,0.258045880266663,0.29283570116047075,0.3795242823096605,0.21820042153286914,0.21820042153286917,0.0,,0.16129032258064502,2.266115913400894,0.9957880528508033,0.9983214264305609,1.9971880832537519,1.9988797080079168,0.9992967735249716,0.9997198492393948,0.002365167612560698,-0.2358010734055489,0.05428345887154265
2.6,1.2972355442296426,0.29148191140557095,0.2947958198206481,0.3819118027390337,0.2301941399415476,0.2301941399415476,0.0,,0.16129032258064502,2.2328891519160576,0.9954045723025772,0.9980905615936372,1.9969316761664377,1.9987255018290713,0.9992326245796453,0.9996812791491969,0.0026267317941200685,-0.23661486596784817,0.05982687790802507
2.8000000000000003,1.2966833295913256,0.3261617989138491,0.2951103855642642,0.38214941759220244,0.24192309799472048,0.24192309799472048,0.0,,0.12903225806451601,2.208793259062862,0.9949981190907254,0.9978313757269098,1.9966598369306463,1.9985523542408794,0.9991646102597552,0.9996379699030389,0.0028967017569617726,-0.23801883817299985,0.06557102400392616
3.0,1.296076391533785,0.3619899007748256,0.2939082634378066,0.3804055877265603,0.25335781551440145,0.25335781551440145,0.0,,0.12903225806451601,2.193042550153915,0.9945626267421913,0.9975352526030727,1.9963684939088655,1.9983545065022175,0.9990917109414559,0.9995884809010877,0.00317373868811828,-0.23996243789413316,0.0715137762817335
3.2,1.295413456201351,0.39886411637703434,0.2913164772425689,0.376846850753453,0.26445546705811745,0.2644554670581175,0.0,,0.12903225806451601,2.1850701530313983,0.9940976194123972,0.9971958067921795,1.9960573115431914,1.998127684019773,0.9990138415829558,0.9995317423889886,0.0034564388521596823,-0.2424038621990066,0.07764930191619306
3.4000000000000004,1.2946935339647232,0.4366740336315755,0.2874632437537313,0.37164167868568454,0.2751610781377525,0.2751610781377525,0.0,,0.12903225806451601,2.184486858644606,0.9935997391285667,0.9967923638171554,1.9957240230316966,1.9978580820531997,0.9989304337147005,0.999464301817376,0.00374336570310263,-0.245305585488869,0.08396842900943895
3.6,1.2939159252785573,0.4752997270448324,0.28247991373878606,0.36496289649294544,0.2854149135618423,0.2854149135618423,0.0,,0.12903225806451601,2.1910038806088585,0.9930662024216873,0.9963212871640822,1.9953667419578223,1.997543248184946,0.9988410137977779,0.9993855443213248,0.004033058066301443,-0.24863150588406874,0.0904589162354117
3.8000000000000003,1.2930802255352252,0.5146121097077462,0.27650131446612397,0.35698801480540426,0.295158464040487,0.295158464040487,0.0,,0.12903225806451601,2.204382966849984,0.9924947564867397,0.9958145980445015,1.994983933122372,1.9972045034963868,0.998745195935238,0.9993007985142007,0.004324027015690318,-0.25234514003895486,0.09710565074097992
4.0,1.29218633079159,0.5544734345405511,0.2696656981315019,0.34789905172313396,0.30432949586570535,0.30432949586570535,0.0,,0.12903225806451601,2.224473719734738,0.9918836415293372,0.9952721356566328,1.9945743875579591,1.9968417146561817,0.998642675632645,0.9992100294208925,0.004614752115976048,-0.2564086164391916,0.10389081799318363
4.2,1.291234443911717,0.5947377578376074,0.26211461721437007,0.3378822607624726,0.31287062892111295,0.31287062892111295,0.0,,0.09677419354838701,2.2511505302204804,0.9912315790010359,0.9946939192749139,1.9941372149541103,1.9964548670329663,0.9985332279207796,0.9991132316549296,0.004903688731844172,-0.2607820568095055,0.11079413070153495
4.4,1.2902250782167926,0.635252739428588,0.2539916662682015,0.32712638838183755,0.32073386690977507,0.32073386690977507,0.0,,0.09677419354838701,2.2842859151017127,0.9905372049645947,0.9940801513121684,1.9936714639150976,1.9960440669437463,0.998416612295094,0.9990104299933102,0.005189282123796005,-0.26542342455647705,0.11779314611134198
4.6000000000000005,1.289159057670681,0.67586210688002,0.24544064254217257,0.31582018683825785,0.3278849585701931,0.3278849585701931,0.0,,0.09677419354838701,2.323723408266442,0.9897932128293121,0.9934312185214113,1.9931721899239148,1.9956095427222782,0.9982915879992483,0.9989016796601159,0.005469977857114922,-0.2702887381316263,0.1248635709794997
4.800000000000001,1.2880375151989385,0.7164097532584381,0.2366024290019538,0.3041482908612314,0.3343066594093521,0.3343066594093521,0.0,,0.09677419354838701,2.3692580344264558,0.989006879932921,0.9927476922594414,1.9926442300808271,1.9951516452130287,0.9981593633792077,0.9987870664697452,0.005744249438907265,-0.2753326233381455,0.13197980883133995
5.0,1.2868618831255259,0.7567432618254474,0.22761232588690383,0.29228769995322446,0.34000156065094855,0.34000156065094855,0.0,,0.06451612903225801,2.4206143047570774,0.9881787614385632,0.9920303241890497,1.9920879118765018,1.9946708452761555,0.9980200176079529,0.9986667062262012,0.006010634851709551,-0.28050908537795843,0.1391155113622114
5.2,1.285633876386828,0.7967179545550777,0.21859699534394744,0.2804037824253941,0.3449933300070598,0.34499333000705984,0.0,,0.06451612903225801,2.4774310299732214,0.9873098620967621,0.991280037656067,1.9915038634039561,1.9941677284193198,0.9978737050598236,0.9985407434047807,0.00626777915391824,-0.2857724819023286,0.14624426483388503
5.4,1.2843554672335877,0.8362011728341987,0.20967125466150044,0.26864611367072744,0.34932597912278385,0.34932597912278385,0.0,,0.06451612903225801,2.5392549138466074,0.9864016101701565,0.9904979139388966,1.9908929968347566,1.993642986015364,0.997720651233492,0.9984093489805519,0.0065144746495462424,-0.29107869148177495,0.15334035555001066
5.6000000000000005,1.2830288506954939,0.8750760687183796,0.20093529555399606,0.25714489759102965,0.3530613466459247,0.3530613466459247,0.0,,0.06451612903225801,2.6055429826694403,0.98545582792359,0.9896851728393573,1.9902564896376005,1.9930974027273156,0.9975611481127064,0.9982727173074596,0.006749701400487695,-0.2963863324467819,0.16037954734791826
5.800000000000001,1.2816564042476803,0.913244257628477,0.1924728227084426,0.24600860269079075,0.35627528001733133,0.3562752800173314,0.0,,0.06451612903225801,2.6756725357645523,0.9844746907033035,0.988843149601997,1.9895957581370642,1.9925318414433748,0.9973955476089449,0.9981310623723346,0.006972660757850371,-0.30165782066530267,0.16733976593870853
6.0,1.280240640797065,0.9506276080388677,0.18434990438584528,0.23532253958460975,0.3590525865281985,0.3590525865281985,0.0,,0.06451612903225801,2.7489612205942926,0.9834606577090459,0.9879732675248892,1.988912411964542,1.9919472252684667,0.997224250212416,0.9979846133086387,0.007182795646251475,-0.3068603052561396,0.17420169816327194
6.2,1.2787841591662485,0.9871688728678458,0.17661475190991596,0.22514865354633132,0.3614814453667976,0.3614814453667976,0.0,,0.032258064516129004,2.824694548294599,0.9824163902153432,0.9870770087552527,1.9882081999106223,1.9913445182278924,0.9970476914790042,0.9978336095833972,0.007379795718451487,-0.311966328258743,0.18094921128214508
6.4,1.2772895992744437,1.0228313081871736,0.169298265849731,0.21552631784205717,0.36364766440714114,0.36364766440714114,0.0,,0.032258064516129004,2.9021605141288807,0.9813446770518343,0.9861558876790031,1.987484960476606,1.9907247076414913,0.9968663296832809,0.9976782965981044,0.00756359394937782,-0.3169541697959762,0.18756958593608497
6.6000000000000005,1.2757595889544004,1.0575968109711424,0.1624158283245842,0.20647472611534207,0.36563046802966803,0.36563046802966803,0.0,,0.032258064516129004,2.9806790404312498,0.9802483347590224,0.9852114187548069,1.9867445551049412,1.9900887826566307,0.9966806291137288,0.9975189203207092,0.0077343448407069665,-0.32180787250346427,0.1940535663941906
6.800000000000001,1.2741967059386672,1.0914637096050985,0.15596927403242003,0.19799551323883577,0.3674986848280867,0.3674986848280867,0.0,,0.032258064516129004,3.059633642714428,0.979130127194452,0.9842450933812453,1.9859888142442355,1.989437718777427,0.9964910465682666,0.9973557234150371,0.007892393099681316,-0.3265169302006494,0.20039519001722417
7.0,1.2726034436700113,1.1244438093669546,0.14994944939432162,0.1900761187539315,0.36930867182163674,0.36930867182163674,0.0,,0.032258064516129004,3.1384937057227287,0.9779926939817362,0.9832583588136883,1.9852194891165744,1.9887724636920912,0.9962980192631541,0.9971889416904357,0.008038234619159396,-0.33107570272437764,0.20659145379715624
7.2,1.2709821848729572,1.156559184655608,0.14433894002433495,0.18269335035937814,0.3711037465289499,0.3711037465289499,0.0,,0.032258064516129004,3.216826841326219,0.9768384945575429,0.9822526016275165,1.984438213778405,1.9880939260958537,0.9961019553085795,0.9970188012980735,0.008172474812020367,-0.33548265598199223,0.21264187632157716
7.4,1.269335183436966,1.1878392101606958,0.1391145676363207,0.17581663541168435,0.37291456301563,0.37291456301563,0.0,,0.032258064516129004,3.2943039123363596,0.9756697681459453,0.9812291361364665,1.9836464777476337,1.9874029678021958,0.9959032268224127,0.9968455167483395,0.008295788480535013,-0.3397395532770367,0.2185480220202344
7.6000000000000005,1.2676645534263566,1.2183176856761875,0.1342497864955889,0.16941112510804665,0.3747606913713761,0.3747606913713761,0.0,,0.032258064516129004,3.3706924007272447,0.9744885106254384,0.9801891970992606,1.9828456099092484,1.9867003987101246,0.9957021658645228,0.9966692896420497,0.00840888055647486,-0.34385056898229827,0.22431297396091576
7.800000000000001,1.2659722677178793,1.2480306201611322,0.12971649735882582,0.16344004041622295,0.3766522812503259,0.3766522812503259,0.0,,0.032258064516129004,3.4458473644749112,0.9732925302033895,0.9791339383699821,1.9820341005637725,1.9859869757722104,0.9954983918898292,0.9964903084042361,0.00851245701936866,-0.3478215196846107,0.2299408681615213
8.0,1.264260160597837,1.2770144223882096,0.12548651974654393,0.15786656798908802,0.3785920914674346,0.3785920914674346,0.0,,0.0,3.5196971668732533,0.9720849386572834,0.9780644340005923,1.9812140378645142,1.9852634036144297,0.9952924277396628,0.9963087484319462,0.008607202178465528,-0.35165920311980087,0.2354364900411977
8.200000000000001,1.262529933275825,1.305304509348696,0.12153271771556783,0.1526553024575657,0.38057764563025803,0.38057764563025803,0.0,,0.0,3.592225947252767,0.9708691003020037,0.9769816811730981,1.9803876883534477,1.984530336394591,0.9950848414887064,0.9961247725528563,0.008693761519567633,-0.35537084793026724,0.240804934912937
8.4,1.2607831622719359,1.3329343732629608,0.1178297431193984,0.14777319310422377,0.3826031556087676,0.3826031556087676,0.0,,0.0,3.6634564196010797,0.9696461300102549,0.975886604964948,1.9795557952425284,1.9837883809102526,0.994875818881572,0.9959385317979796,0.008772730723278888,-0.3589636846042614,0.2460513383612636
8.6,1.2590213106670252,1.3599351855395658,0.11435432673297155,0.1431899115818603,0.384660734551297,0.384660734551297,0.0,,0.0,3.7334383721678335,0.9684169823423426,0.9747800649736543,1.9787189949688717,1.9830381009829923,0.99466551897534,0.9957501664957857,0.008844652939069886,-0.3624446886480043,0.2511807067772328
8.8,1.2572457382028968,1.3863354498718958,0.11108553770499131,0.1388781741361771,0.3867418237939921,0.3867418237939921,0.0,,0.0,3.8022342392603443,0.9671824768535868,0.973662861268313,1.9778778340282444,1.9822800213990506,0.9944540783455462,0.9955598072557372,0.008910016808521451,-0.36582037183219496,0.25619778090645534
9.0,1.2554577119567303,1.4121610118827175,0.10800474893858049,0.13481368957076376,0.3888379672776372,0.38883796727763725,0.0,,0.0,3.8699105509629486,0.9659433234685005,0.9725357407596184,1.9770327859294892,1.9815146321491093,0.994241615327237,0.9953675760278851,0.008969259121640177,-0.36909669086670005,0.2611069685048685
9.200000000000001,1.2536584164604752,1.437435243049573,0.1050954608001014,0.1309749277317979,0.39094119119473375,0.3909411911947338,0.0,,0.0,3.9365332459848603,0.9647001455775094,0.9713994032707597,1.9761842666730662,1.9807423924785632,0.9940282338897509,0.9951735871157193,0.009022770072495759,-0.37227903669485096,0.26591232740477677
9.4,1.251848962550025,1.4621792262990134,0.1023431282694116,0.12734289219184053,0.39304434587539844,0.3930443458753985,0.0,,0.0,4.002163342012671,0.9634534989190586,0.9702545068479944,1.9753326474234054,1.979963734432357,0.9938140268101943,0.9949779480627569,0.009070898191986893,-0.37537224276103764,0.2706175634301898
9.600000000000001,1.2500303950372156,1.4864119927086372,0.09973495013803044,0.1239008456203787,0.3951412582337083,0.3951412582337083,0.0,,0.0,4.066854596745496,0.9622038864798127,0.9691016723582893,1.9744782645190988,1.9791790659235082,0.9935990781809128,0.9947807604199878,0.009113955567128823,-0.37838062357242924,0.2752260487779719
9.8,1.248203699476334,1.5101507900626905,0.09725963439597836,0.12063400633082641,0.39722669687178075,0.3972266968717808,0.0,,0.0,4.130653218432755,0.9609517706512879,0.9679414875415696,1.973621427653852,1.9783887734380936,0.9933834654596558,0.9945821204224465,0.009152223198256634,-0.3813080327902256,0.2797408535384144
10.0,1.246369807932732,1.5334113267355363,0.09490718654244282,0.11752927482284743,0.3992962970418247,0.39929629704182473,0.0,,0.0,4.193598144081795,0.9596975824610019,0.966774510452701,1.9727624260933028,1.9775932243307963,0.9931672610278454,0.9943821195632607,0.009185955735662304,-0.3841579232450727,0.28416478028441494
10.200000000000001,1.244529603840123,1.5562079817424048,0.09266872826701295,0.11457499953361003,0.40134648372793064,0.40134648372793064,0.0,,0.0,4.255721454553408,0.9584417281983801,0.9656012723421215,1.9719015331359764,1.976792768742631,0.9929505333086805,0.9941808450730151,0.009215385410332122,-0.38693340174560675,0.2885003970447174
10.4,1.2426839261757063,1.5785539949605263,0.09053633407290668,0.11176076617760333,0.4033743602081842,0.4033743602081842,0.0,,0.0,4.3170492546515895,0.9571845943059203,0.9644222801174183,1.9710390094055712,1.9759877412368536,0.9927333475923098,0.9939783803285128,0.009240725451386766,-0.3896372809779225,0.29275006924869384
10.600000000000001,1.2408335729415214,1.6004616299676535,0.08850289221996134,0.10907721848931193,0.405377598940739,0.405377598940739,0.0,,0.0,4.3776026196302045,0.9559265505876328,0.9632380183737841,1.9701751050034333,1.9751784621434836,0.9925157665749101,0.9937748051884311,0.009262172885793507,-0.39227212560158176,0.2969159888885898
10.8,1.2389793041420665,1.6219423107141586,0.0865619883362362,0.10651590816333863,0.4073543429742476,0.4073543429742476,0.0,,0.0,4.437398495206496,0.9546679523388052,0.9620489511135396,1.9693100609297591,1.974365238694147,0.9922978507141774,0.9935701962764071,0.009279910804280991,-0.3948402913656588,0.3010001998475354
11.0,1.2371218443858576,1.6430067342020298,0.08470780953130744,0.10406917113211087,0.4093031239990919,0.4093031239990919,0.0,,0.0,4.496450463347869,0.953409141804984,0.9608555232354818,1.9684441100498804,1.9735483660021436,0.9920796584705946,0.9933646272253421,0.009294110172770279,-0.39734395699359426,0.30500461899699727
11.200000000000001,1.2352618851754207,1.6636649641053651,0.08293506478392507,0.1017300247676223,0.4112227934455541,0.4112227934455542,0.0,,0.0,4.554769400017965,0.9521504491924966,0.9596581618339549,1.967577477756067,1.9727281279146038,0.9918612464722272,0.9931581688896619,0.009304931301883673,-0.39978515036110446,0.3089310538302673
11.4,1.233400086921451,1.6839265091812683,0.08123891836878534,0.09949208185315436,0.41311246417739644,0.41311246417739644,0.0,,0.0,4.612364043998606,0.950892193322761,0.9584572773290773,1.9667103823866456,1.971904797750993,0.9916426696185109,0.9929508895290894,0.00931252505075253,-0.40216577030036693,0.3127812173914981
11.600000000000001,1.2315370807307788,1.7038003889000182,0.0796149342034499,0.09734947858590574,0.4149714623484372,0.4149714623484372,0.0,,0.0,4.669241473266256,0.94963468202986,0.9572532644592426,1.965843035469638,1.9710786389490191,0.9914239811398923,0.9927428549692161,0.009317033805698552,-0.40448760451606347,0.3165567407635345
11.8,1.2296734700114316,1.72329518760202,0.07805902993491899,0.09529681505425741,0.416799291804151,0.41679929180415104,0.0,,0.0,4.725407453231708,0.948378212422603,0.9560465031633362,1.9649756418736217,1.9702499056366367,0.991205232634112,0.9925341287435729,0.009318592265436923,-0.40675234379621605,0.32025918317314883
12.0,1.2278098319405744,1.742419100216929,0.07656743813088913,0.09332910485706614,0.4185956053683447,0.4185956053683448,0.0,,0.0,4.7808667154705144,0.9471230711302299,0.9548373593818387,1.9641083999476499,1.96941884315006,0.9909864740997465,0.9923247722222037,0.009317328100023559,-0.4089615934907606,0.32389004026557106
12.200000000000001,1.225946718815055,1.761179971491718,0.07513667292169196,0.0914417317619802,0.4203601802136296,0.4203601802136296,0.0,,0.0,4.835623197360597,0.9458695345606232,0.9536261857890027,1.9632415016701863,1.9685856885059891,0.9907677539720416,0.9921148447288007,0.009313362527060859,-0.4111168831105401,0.32745075107390936
12.4,1.2240846592933914,1.779585329686049,0.07376350129969687,0.0896304123703308,0.42209289739349803,0.42209289739349803,0.0,,0.0,4.8896802403810025,0.9446178691456661,0.952413322461182,1.962375132789596,1.9677506708313754,0.9905491191566372,0.9919044036472286,0.00930681081376443,-0.4132196743949393,0.33094270392588826
12.600000000000001,1.222224159540913,1.7976424154220678,0.07244491849932573,0.08789116403229147,0.42379372590516395,0.42379372590516395,0.0,,0.0,4.943040740488151,0.9433683315690039,0.951199097488447,1.9615094729528886,1.9669140117554988,0.9903306150603488,0.9916935045186321,0.009297782706978133,-0.41527136795044345,0.33436724136647117
12.8,1.22036570429354,1.815358206601501,0.0711781266724736,0.0862202770117121,0.42546271003231473,0.42546271003231473,0.0,,0.0,4.995707263309985,0.9421211690067837,0.9499838275392017,1.9606446958438999,1.966075925770963,0.9901122856243542,0.9914822011307832,0.009286382809379268,-0.41727330871932,0.33772566425561834
13.0,1.2185097578512323,1.8327394402300716,0.06996051614085558,0.0846142899905598,0.4270999584829723,0.42709995848297233,0.0,,0.0,5.0476821409348185,0.9408766193997523,0.9487678183846442,1.959780969343758,1.9652366205682228,0.989894173363034,0.9912705456008332,0.009272710922121799,-0.41922679063134083,0.34101923526186295
13.200000000000001,1.216656765007364,1.8497926316790956,0.06878964878052556,0.08306996834250449,0.4287056347433177,0.42870563474331774,0.0,,0.0,5.098967556962433,0.9396349117409515,0.9475513653867427,1.9589184557028627,1.9643962973460802,0.9896763194057577,0.9910585884520663,0.009256862359649093,-0.42113306065448797,0.3442491819004156
13.4,1.2148071519179304,1.8665240916403054,0.06766324333214306,0.08158428490018028,0.4302799489985063,0.43027994899850636,0.0,,0.0,5.149565615192578,0.9383962663587109,0.9463347539519097,1.9580573117103526,1.9635551510995475,0.9894587635380762,0.9908463786850129,0.00923892823322034,-0.42299332228231923,0.34741669915583506
13.600000000000001,1.2129613269158668,1.8829399410596037,0.06657916240026633,0.08015440290813217,0.4318231515967163,0.43182315159671636,0.0,,0.0,5.199478391653909,0.9371608951959561,0.9451182599535004,1.9571976888617844,1.9627133708871638,0.9892415442425059,0.9906339638434346,0.00921899570591711,-0.42480873850498607,0.3505229517273521
13.8,1.211119681276302,1.8990461244069983,0.06553540083909509,0.07877766077733307,0.43333552745308934,0.43333552745308934,0.0,,0.0,5.248707976863035,0.9359290020950467,0.9439021501266922,1.956339733531456,1.9618711400801454,0.9890246987405318,0.9904213900757822,0.00919714822759346,-0.42658043439067195,0.3535690759779865
14.0,1.209282589937085,1.914848421557873,0.06453007529308688,0.07745155834600928,0.43481739097225197,0.434817390972252,0.0,,0.0,5.297256513230836,0.9347007830853662,0.9426866824383299,1.9554835871474896,1.9610286365950982,0.9888082630353544,0.9902087021925575,0.00917346575391445,-0.42830949938658347,0.35655618165886194
14.200000000000001,1.2074504121775216,1.9303524584294647,0.06356141477578031,0.07617374449267847,0.4362690815760404,0.43626908157604044,0.0,,0.0,5.345126226422745,0.933476426663339,0.9414721064334013,1.9546293863625002,1.9601860331113778,0.9885922719535707,0.9899959437198477,0.00914802494816258,-0.42999698936869707,0.35948535343508115
14.4,1.2056234922581852,1.9455637164894675,0.06262775219314125,0.07494200597698407,0.43769095996345564,0.4376909599634557,0.0,,0.0,5.392319448970866,0.9322561140616463,0.9402586635597936,1.9537772632175892,1.9593434972741723,0.9883767591852162,0.9897831569493015,0.00912089936581989,-0.4316439284474719,0.3623576522258743
14.600000000000001,1.2038021600249864,1.9604875412938119,0.061727516681244834,0.073754257341616,0.4390834049157554,0.4390834049157555,0.0,,0.0,5.438838638268579,0.9310400195111757,0.9390465874732122,1.9529273453021037,1.9585011918845696,0.9881617573227833,0.9895703829848617,0.009092159625299093,-0.4332513105724882,0.36517411638898034
14.8,1.2019867314803687,1.9751291502020636,0.06085922663448358,0.07260853171772298,0.44044681039297406,0.44044681039297406,0.0,,0.0,5.484686391919292,0.9298275220181507,0.9378361043239748,1.9520792041301065,1.9576592750777413,0.987947158271383,0.9893576617865363,0.009061873567455345,-0.4348201009888782,0.36793576278277884
15.0,1.2001775093239082,1.9894936393576308,0.060021483353344944,0.07150297244094132,0.44178158292155434,0.4417815829215544,0.0,,0.0,5.529865460353055,0.9286116430574413,0.9366274330269907,1.9512279568142312,1.9568179004901172,0.9877317264088243,0.989145032211428,0.009030106403889543,-0.4363512375660083,0.37064358772228595
15.200000000000001,1.198374783464349,2.003585989979244,0.059212965275555474,0.0704358254278208,0.44308813946087555,0.4430881394608756,0.0,,0.0,5.574378754324767,0.9274002469453657,0.9354207855161093,1.950379108628417,1.9559772174163204,0.9875168549092005,0.988932532052212,0.008996920853901372,-0.437845631997817,0.3732985678343036
15.4,1.196578831505108,2.017411074169203,0.05843242262106761,0.06940543210323011,0.44436690488109315,0.44436690488109315,0.0,,0.0,5.61822935811659,0.9261934841781635,0.9342163669840216,1.949532771760073,1.9551373709566566,0.9873025725460041,0.9887201980732623,0.008962377272274308,-0.439304170906606,0.3759016608328365
15.600000000000001,1.1947899192051141,2.0309736599636237,0.057678672680397114,0.06841022314941989,0.4456183111962666,0.4456183111962666,0.0,,0.0,5.661420521473384,0.9249914995420067,0.9330143761088022,1.9486890547523654,1.9542985021558759,0.9870889071937157,0.9885080660446023,0.00892653376790735,-0.44072771683862877,0.37845380621229996
15.8,1.1930083009167605,2.044278416207781,0.056950595261377204,0.06744871248954779,0.44684279513721203,0.44684279513721203,0.0,,0.0,5.703955673012432,0.9237944323164853,0.9318150052681446,1.9478480626281598,1.953460748133904,0.9868758858580546,0.9882961707738606,0.008889446315078459,-0.442117109204353,0.38095592588767957
16.0,1.191234220002367,2.057329916783925,0.05624712869000422,0.06651949197683397,0.4480407974240073,0.4480407974240073,0.0,,0.0,5.745838412873097,0.9226024164679834,0.9306184407420895,1.9470098970075447,1.9526242422090798,0.9866635347046443,0.9880845461363584,0.008851168856963909,-0.44347316513956064,0.3834089247733534
16.2,1.189467909230613,2.070132644678703,0.05556726596008718,0.06562122629985258,0.4492127607803903,0.44921276078039035,0.0,,0.0,5.787072521991745,0.9214155808332871,0.9294248629050982,1.9461746562191538,1.9517891140144599,0.9864518790861433,0.9878732251034715,0.008811753402640218,-0.44479668031740177,0.3858136913191735
16.400000000000002,1.1877095911541973,2.082690995475895,0.05491005137920115,0.06475264851631643,0.4503591297486944,0.4503591297486944,0.0,,0.0,5.82766194904915,0.9202340492940979,0.9282344464081972,1.94534243540572,1.9509554896076706,0.9862409435679516,0.9876622397693902,0.0087712501173344,-0.4460884296885001,0.38817109799413335
16.6,1.1859594784700211,2.0950092808023717,0.05427457726920005,0.06391255568461499,0.4514803488777427,0.4514803488777427,0.0,,0.0,5.867610818785581,0.9190579409426158,0.9270473603519518,1.9445133266239527,1.9501234915748153,0.9860307519525117,0.9874516213763992,0.008729707407468507,-0.4473491681920883,0.39048200174059156
16.8,1.1842177743629239,2.107091731277385,0.053659981099765795,0.06309980504194745,0.45257686263666497,0.45257686263666497,0.0,,0.0,5.906923418704056,0.9178873702389649,0.9258637684508603,1.943687418939245,1.949293239128833,0.9858213273023343,0.9872414003387783,0.00868717200001859,-0.4485796314123872,0.39274724438829484
17.0,1.1824846728340364,2.1189424994345023,0.053065442661583036,0.06231331025789067,0.4536491138846906,0.4536491138846906,0.0,,0.0,5.9456042049674105,0.9167224471605432,0.9246838291897881,1.9428647985152505,1.9484648482027098,0.9856126919617522,0.9870316062654252,0.008643689017282963,-0.449780536210361,0.3949676530453274
17.2,1.1807603590146427,2.1305656622080926,0.05249018162335554,0.06155203817041113,0.4546975440309713,0.4546975440309713,0.0,,0.0,5.983657786929432,0.9155632773439909,0.923507695972953,1.9420455486987822,1.947638431537898,0.985404867577521,0.9868222679812882,0.008599302046662455,-0.4509525813051522,0.3971440404545103
17.400000000000002,1.1790450094664984,2.1419652234466744,0.05193345508329379,0.06081500553993455,0.45572259161052925,0.45572259161052925,0.0,,0.0,6.02108893277997,0.9144099622200759,0.9223355172660059,1.941229750100228,1.9468140987682951,0.9851978751183098,0.9866134135476952,0.008554053206762127,-0.4520964478417841,0.3992772053343948
17.6,1.17733879246933,2.1531451160374933,0.05139455546658565,0.06010127623627988,0.45672469253575587,0.45672469253575587,0.0,,0.0,6.057902553806121,0.9132625991421219,0.9211674367316234,1.9404174806698933,1.9459919565000596,0.9849917348931877,0.9864050702816549,0.00850798320921313,-0.4532127999171224,0.4013679326923071
17.8,1.175641868296336,2.164109204068998,0.0508728084084996,0.05940995843007828,0.4577042788895763,0.4577042788895763,0.0,,0.0,6.094103708264682,0.9121212815080587,0.920003593359086,1.9396088157703084,1.9451721083875886,0.9847864665691134,0.9861972647741993,0.008461131417227027,-0.454302285094298,0.40341699412542015
18.0,1.1739543894783186,2.174861284653516,0.05036757094340408,0.058740202165531386,0.45866177930521906,0.45866177930521906,0.41935483870967705,0.580645161290323,0.0,6.129697584846965,0.9109860988766835,0.91884412158819,1.9388038282448974,1.9443546552058824,0.9845820891875263,0.985990022907839,0.008413535900362853,-0.45536553487824083,0.40542514809739255
18.2,1.1722765010571639,2.185405089819009,0.049878229652936104,0.05809119690386501,0.4595976178098562,0.45959761780985625,0.45161290322580605,0.548387096774194,0.0,6.164689506894431,0.9098571370784316,0.9176891514279176,1.9380025884831935,1.9435396949195773,0.9843786211800867,0.9857833698731869,0.0083652334867107,-0.4564031651870439,0.4073931402081568
18.400000000000002,1.1706083408291865,2.1957442880916895,0.04940419909498976,0.05746216941506192,0.46051221425210176,0.46051221425210176,0.48387096774193505,0.516129032258065,0.0,6.199084916076433,0.9087344783211538,0.91653880857014,1.9372051644829407,1.9427273227488395,0.9841760803836491,0.9855773301848109,0.008316259811781496,-0.45741577678900425,0.40932170344319596
18.6,1.1689500395789647,2.2058824861460717,0.04894492019313463,0.05685238163962605,0.46140598334419713,0.46140598334419713,0.5161290322580641,0.48387096774193594,0.0,6.232889374931847,0.9076182012909492,0.9153932144987198,1.936411621909098,1.9419176312323547,0.9839744840544721,0.9853719276963667,0.008266649365065576,-0.4584039557356165,0.41121155841738855
18.8,1.1673017213041197,2.215823230186066,0.04849985887326783,0.05626112885600197,0.4622793351680995,0.46227933516809955,0.5806451612903221,0.41935483870967794,0.0,6.266108550297482,0.906508381248509,0.9142524865942587,1.9356220241500475,1.941110710287586,0.98377384888174,0.9851671856150551,0.008216435533626637,-0.4593682737618623,0.41306341360034704
19.0,1.1656635034316023,2.2255700074172178,0.0480685046399367,0.05568773779192694,0.46313267420639254,0.46313267420639254,0.6129032258064511,0.38709677419354893,0.0,6.298748216901547,0.9054050901212725,0.9131167382348169,1.934836432371212,1.940306647268507,0.9835741910004488,0.9849631265154593,0.008165650643926659,-0.46030928868890336,0.41487796554033873
19.200000000000003,1.1640354970258435,2.235126247269341,0.04765036938375993,0.0551315650199293,0.4639663998486831,0.4639663998486831,0.6774193548387091,0.3225806451612909,0.0,6.33081424156005,0.9043083965917231,0.9119860788927855,1.9340549055662946,1.9395055270209511,0.9833755260037081,0.9847597723527931,0.008114326001051247,-0.4612275447967618,0.4166558990723001
19.400000000000002,1.162417806989259,2.2444953226945508,0.0472449861414878,0.05459199531037584,0.4647809056490894,0.4647809056490894,0.7419354838709671,0.2580645161290329,0.0,6.36231258458964,0.9032183661819244,0.910860614228205,1.9332775006062035,1.938707431935748,0.9831778689544748,0.984557144475605,0.008062491926251122,-0.46212357319702074,0.4183978875240956
19.6,1.1608105322554438,2.253680551251898,0.04685190805621874,0.05406844023005572,0.4655765798998234,0.4655765798998234,0.8387096774193541,0.1612903225806459,0.0,6.393249283814034,0.9021350613345397,0.9097404461786934,1.932504272285817,1.937912441999778,0.9829812343967577,0.9843552636379725,0.008010177792094161,-0.4629978921763103,0.420104592907829
19.8,1.1592137659755009,2.262685196295713,0.04647070726503361,0.05356033666769056,0.4663538047741659,0.4663538047741659,0.9999999999999991,8.881784197001252e-16,0.0,6.423630458326362,0.9010585414907045,0.9086256730462485,1.9317352733688422,1.9371206348451067,0.9827856363663573,0.9841541500112224,0.007957412056491892,-0.46385100754762465,0.42177666611357545
20.0,1.157627595697742,2.271512467958403,0.046100973980079285,0.05306714559524625,0.4671129568418707,0.4671129568418707,0.9999999999999991,8.881784197001252e-16,0.0,6.453462293992282,0.8999888631649469,0.9075163895810361,1.9309705546308982,1.9363320857962885,0.9825910884011709,0.9839538231952037,0.007904222294630045,-0.464683412974307,0.42341474709020155
20.200000000000003,1.1560521035411597,2.2801655241990657,0.04574231552896496,0.052588350792102244,0.46785440655866584,0.4678544065586659,0.9999999999999991,8.881784197001252e-16,0.0,6.482751043276861,0.898926080017214,0.9064126870623884,1.930210164900849,1.935546867915973,0.9823976035510722,0.983754302229147,0.007850635229606509,-0.4654955902949435,0.4250194650258403
20.400000000000002,1.154487366362924,2.2886474716855827,0.04539435555459419,0.05212345776349912,0.4685785188884692,0.4685785188884692,0.9999999999999991,8.881784197001252e-16,0.0,6.511503009922096,0.8978702429221084,0.9053146533771504,1.929454151100455,1.93476505204892,0.9822051943873795,0.9835556056021321,0.0077966767610810755,-0.4662880098210908,0.42659143851546477
20.6,1.15293345592026,2.2969613667967765,0.04505673312626827,0.05167199256533136,0.46928565243556347,0.46928565243556347,0.9999999999999991,8.881784197001252e-16,0.0,6.539724554363335,0.8968214000358307,0.9042223730955675,1.9287025582826864,1.9339867068645467,0.9820138730120016,0.9833577512632012,0.007742371993399916,-0.4670611306494356,0.42813127573460225
20.8,1.15139043902685,2.305110216448436,0.0447291020184219,0.051233500831411066,0.46997615988735253,0.46997615988735253,0.9999999999999991,8.881784197001252e-16,0.0,6.567422081526983,0.8957795968608757,0.903135927544778,1.927955429668723,1.9332118988980473,0.9818236510662652,0.9831607566311222,0.007687745262024967,-0.46781540094873414,0.42963957460245705
21.0,1.14985837770408,2.3130969789483915,0.044411129978697256,0.05080754679639248,0.4706503878782602,0.4706503878782602,0.9999999999999991,8.881784197001252e-16,0.0,6.594602036886078,0.8947448763084612,0.9020553948800861,1.9272128066836196,1.9324406925902078,0.9816345397394203,0.9829646386038375,0.007632820158722353,-0.46855125824292404,0.4311169229430304
21.200000000000003,1.1483373293273633,2.3209245647332932,0.04410249811264532,0.05039371246038873,0.4713086777033333,0.47130867770333335,0.9999999999999991,8.881784197001252e-16,0.0,6.621270891051364,0.893717278758615,0.9009808501541389,1.9264747289905744,1.9316731503259965,0.9814465497768042,0.9827694135676114,0.007577619555018927,-0.4692691296683281,0.4325638986341968
21.400000000000002,1.146827346767827,2.328595837292843,0.04380290011872738,0.049991596588588226,0.4719513639205004,0.4719513639205004,0.9999999999999991,8.881784197001252e-16,0.0,6.64743515389111,0.8926968421187327,0.8999123653841694,1.9257412345243732,1.9309093324720352,0.981259691487813,0.9825750974059165,0.007522165626118751,-0.4699694322621001,0.43398106977094164
21.6,1.1453284785293736,2.336113613816889,0.043512041778175116,0.04960081401101183,0.47257877543959276,0.47257877543959276,0.9999999999999991,8.881784197001252e-16,0.0,6.673101354479827,0.8916836018805411,0.8988500096172746,1.9250123595239612,1.9301492974129368,0.9810739747536652,0.9823817055080346,0.0074664798728337894,-0.4706525732119891,0.43536899481330515
21.8,1.1438407688814616,2.3434806659453455,0.04322964036814928,0.04922099484006023,0.47319123536326757,0.4731912353632676,0.9999999999999991,8.881784197001252e-16,0.0,6.698276038687215,0.8906753644725953,0.8977938489939277,1.9242865349695673,1.9293931015866355,0.9808890003247565,0.9821892527774262,0.007410583142264088,-0.47131895010055,0.4367282227310284
22.0,1.1423642579877886,2.350699720471761,0.042955424127017236,0.04885178375394194,0.47378906106834934,0.47378906106834934,0.9999999999999991,8.881784197001252e-16,0.0,6.722965763655951,0.8896649129240348,0.8967439468098265,1.9235585666400625,1.9286407995187786,0.9807034445134788,0.9819977536398682,0.007354495647896642,-0.4719689511439059,0.43805929314604736
22.200000000000003,1.140898982031043,2.357773460070545,0.0426891317105381,0.04849283927554492,0.4743725638479353,0.47437256384793536,0.9999999999999991,8.881784197001252e-16,0.0,6.747177098612743,0.8886616235645608,0.89570036357615,1.9228352126079524,1.927892443856238,0.9805190300801724,0.9818072220513844,0.007298236989508086,-0.47260295544048264,0.4393627364798149
22.400000000000002,1.1394449733337888,2.3647045239405284,0.04243051173321881,0.04814383315421328,0.47494204923489225,0.47494204923489225,0.9999999999999991,8.881784197001252e-16,0.0,6.770916616439696,0.8876655267890765,0.8946631570782415,1.9221165054430112,1.9271480853997354,0.9803357659748156,0.9816176715059635,0.007241826171863447,-0.473221333202334,0.4406390740944963
22.6,1.1380022604756879,2.3714955084675227,0.04217932230421433,0.047804449746273785,0.47549781694802495,0.47549781694802495,0.9999999999999991,8.881784197001252e-16,0.0,6.794190890890282,0.8866766508241926,0.8936323824328253,1.9214024761713078,1.926407773135665,0.9801536607563105,0.981429115043086,0.007185281622352699,-0.47382444597394824,0.44188881842934774
22.8,1.1365708684072642,2.3781489677904677,0.04193533065764637,0.04747438550777429,0.4760401616781432,0.4760401616781433,0.9999999999999991,8.881784197001252e-16,0.0,6.817006482168847,0.8856950217738991,0.8926080921438664,1.9206931543009724,1.9256715542671823,0.9799727225985889,0.9812415652550797,0.007128621207228514,-0.4744126468267794,0.44311247312561086
23.0,1.1351508185604111,2.384667414551273,0.04169831263069047,0.047153348318791616,0.4765693717994534,0.4765693717994534,0.9999999999999991,8.881784197001252e-16,0.0,6.839369951742699,0.8847206636647325,0.8915903361571912,1.9199885678478212,1.9249394742446442,0.9797929592966963,0.9810550342943188,0.007071862249401151,-0.47498628060562703,0.4443105331738961
23.200000000000003,1.1337421289555187,2.3910533203927917,0.04146805237393719,0.04684105707628764,0.4770857306068536,0.4770857306068536,0.9999999999999991,8.881784197001252e-16,0.0,6.861287842000326,0.883753598489592,0.890579161913748,1.9192887433602281,1.9242115767953063,0.9796143782726959,0.9808695338802526,0.007015021543737829,-0.47554568411462317,0.44548348503884994
23.400000000000002,1.1323448143055581,2.3973091165925893,0.041244341950916384,0.046537241164893946,0.4775895159752409,0.4775895159752409,0.9999999999999991,8.881784197001252e-16,0.0,6.882766678374668,0.8827938462508069,0.8895746144017098,1.9185937059436722,1.9234879039524173,0.979436986581503,0.9806850753062889,0.00695811537199055,-0.4760911863143207,0.4466318067871653
23.6,1.1309588861171758,2.4034371946696744,0.04102698096965576,0.04624163996816883,0.4780810001713115,0.4780810001713115,0.9999999999999991,8.881784197001252e-16,0.0,6.903812969476316,0.8818414250016345,0.8885767362074403,1.9179034792843648,1.9227684960837326,0.9792607909164961,0.9805016694465448,0.006901159517885058,-0.47662310852228734,0.44775596821809255
23.8,1.1295843527888847,2.4094399069629495,0.04081577624769612,0.045954002421565124,0.4785604498649995,0.47856044986499957,0.9999999999999991,8.881784197001252e-16,0.0,6.924433204477612,0.8808963508876153,0.8875855675653408,1.9172180856729821,1.9220533919194414,0.9790857976151685,0.9803193267624601,0.006844169281648674,-0.4771417646137788,0.4488564309938539
24.0,1.1282212197064538,2.4153195671052003,0.04061054157751714,0.04567408668229164,0.4790281271875717,0.4790281271875717,0.9999999999999991,8.881784197001252e-16,0.0,6.944633835960733,0.8799586381870761,0.8866011464066373,1.916537546027993,1.9213426285795578,0.9789120126646869,0.9801380573092878,0.006787159492601849,-0.47764746118122825,0.449933648753708
24.200000000000003,1.1268694893357336,2.421078450654745,0.04041109735888425,0.04540165965203349,0.47948428892056844,0.47948428892056844,0.9999999999999991,8.881784197001252e-16,0.0,6.964421289595705,0.879028299350305,0.8856235084072426,1.9158618799182223,1.9206362416008649,0.978739441707269,0.9799578707424805,0.006730144522519493,-0.4781404977180982,0.45098806723863905
24.400000000000002,1.1255291613140304,2.426718795647924,0.040217270310982295,0.045136496593206975,0.4799291865154495,0.4799291865154495,0.9999999999999991,8.881784197001252e-16,0.0,6.983801961871546,0.8781053450390223,0.8846526870354692,1.915191105585836,1.9199342649639728,0.9785680900456789,0.9797787763241204,0.006673138299391521,-0.47862116681293454,0.45202012442060946
24.6,1.1242002325334381,2.432242803081819,0.040028893241936855,0.04487838081240051,0.48036306661648365,0.48036306661648365,0.9999999999999991,8.881784197001252e-16,0.0,7.002782211098106,0.8771897841624466,0.8836887135948045,1.914525239967049,1.9192367311170222,0.9783979626481526,0.9796007829285058,0.006616154317784562,-0.4790897542932903,0.4530302506096601
24.8,1.1228826972363652,2.4376526375323806,0.03984580473593948,0.04462710325513044,0.48078617046319994,0.48078617046319994,0.9999999999999991,8.881784197001252e-16,0.0,7.0213683644982385,0.8762816239207283,0.882731617276374,1.9138642987183854,1.9185436710066068,0.978229064154755,0.9794238990495924,0.006559205653640543,-0.4795465394258185,0.45401886859142676
25.0,1.1215765470845003,2.4429504275242215,0.039667849011968945,0.04438246229451527,0.4811987352004199,0.48119873520041995,0.9999999999999991,8.881784197001252e-16,0.0,7.039566698149953,0.875380869832935,0.881781425192979,1.9132082962318984,1.9178551140955813,0.9780613988809259,0.9792481328050965,0.00650230497169621,-0.4799917950234642,0.4549863937156844
25.200000000000003,1.1202817712455697,2.4481382661401234,0.03949487561825002,0.04414426333900109,0.4816009930278685,0.4816009930278685,0.9999999999999991,8.881784197001252e-16,0.0,7.057383447824814,0.8744875257770627,0.8808381624268214,1.9125572456593203,1.9171710883909694,0.97789497082332,0.979073491943192,0.006445464538550494,-0.48042578763529625,0.4559332340253726
25.400000000000002,1.1189983564744181,2.4532182115438252,0.03932673920320993,0.04391231852853065,0.4819931711628196,0.4819931711628196,0.9999999999999991,8.881784197001252e-16,0.0,7.074824808514082,0.8736015940274563,0.8799018520739177,1.9119111589345208,1.9164916204696907,0.9777297836652246,0.97889998384866,0.006388696234011296,-0.4808487777077026,0.45685979037545316
25.6,1.11772628718918,2.4581922874488544,0.03916329933358169,0.04368644648564276,0.4823754922669726,0.4823754922669727,0.9999999999999991,8.881784197001252e-16,0.0,7.0918969275007075,0.8727230752897818,0.8789725152857107,1.9112700467943695,1.9158167355024598,0.977565840781582,0.9787276155485845,0.0063320115609174915,-0.48126101972053503,0.45776645654090137
25.8,1.1164655455444545,2.463062483598793,0.03900442030332403,0.04346647205833856,0.4827481746244188,0.4827481746244188,0.9999999999999991,8.881784197001252e-16,0.0,7.108605901036257,0.8718519687346088,0.8780501713092284,1.9106339187987629,1.9151464572768353,0.9774031452438089,0.9785563937178425,0.006275421654642482,-0.48166276232372995,0.45865361932326476
26.0,1.1152161115032733,2.467830756264679,0.03884997093202351,0.04325222605337653,0.48311143206424245,0.4831114320642425,0.9999999999999991,8.881784197001252e-16,0.0,7.124957774731296,0.8709882720311022,0.8771348375270845,1.9100027833509086,1.9144808082203404,0.9772416998246911,0.978386324684624,0.0062189372928923015,-0.48205424848278355,0.45952165866102246
26.200000000000003,1.11397796290789,2.472499028730635,0.03869982437944353,0.043043544989692054,0.4834654739796246,0.4834654739796246,0.9999999999999991,8.881784197001252e-16,0.0,7.14095854271225,0.8701319813808898,0.8762265294973139,1.9093766477179142,1.9138198094236651,0.9770815070033676,0.978217414435984,0.006162568905289267,-0.48243571561997944,0.4603709477393976
26.400000000000002,1.1127510755478198,2.47706919175533,0.03855385798180515,0.042840270877887804,0.48381050551470783,0.48381050551470783,0.9999999999999991,8.881784197001252e-16,0.0,7.1566141445209235,0.869283091550802,0.8753252609918726,1.9087555180507214,1.9131634806630857,0.9769225689701575,0.9780496686232034,0.006106326582108357,-0.48280739574241405,0.46120185309455003
26.6,1.1115354232303403,2.4815431040686144,0.03841195307669732,0.04264225098907015,0.48414672751617893,0.484146727516179,0.9999999999999991,8.881784197001252e-16,0.0,7.171930465508976,0.8684415959075279,0.8744310440376155,1.908139399405618,1.9125118404248793,0.9767648876318011,0.977883092567678,0.006050220084029667,-0.48316951558117466,0.4620147347244119
26.8,1.11033097783715,2.4859225927706325,0.038273994869200925,0.042449337670743166,0.4844743368709982,0.4844743368709982,0.9999999999999991,8.881784197001252e-16,0.0,7.186913331671139,0.8676074864445368,0.8735438889477433,1.90752829576025,1.9118649059229826,0.9766084646153033,0.9777176912650821,0.005994258848340775,-0.4835222966943514,0.46280994617763005
27.0,1.1091377093992822,2.490209453879107,0.038139872248778434,0.04226138811046044,0.4847935261925507,0.4847935261925507,0.9999999999999991,8.881784197001252e-16,0.0,7.201568514092299,0.8667807538208621,0.8726638043672905,1.9069222100384877,1.9112226931270644,0.9764533012740532,0.9775534693922121,0.005938452000415567,-0.48386595562461465,0.46358783467692827
27.200000000000003,1.1079555861544175,2.494405452735656,0.03800947767087725,0.04207826417224776,0.48510448419114216,0.48510448419114216,0.9999999999999991,8.881784197001252e-16,0.0,7.21590172363474,0.8659613873897587,0.8717907973062958,1.9063211441280388,1.9105852167818105,0.9762993986920977,0.9773904313115912,0.005882808359986308,-0.48420070399610626,0.4643487412087046
27.400000000000002,1.106784574605101,2.4985123244425615,0.03788270702140224,0.041899832215619305,0.4854073957520665,0.4854073957520665,0.9999999999999991,8.881784197001252e-16,0.0,7.229918609819689,0.8651493752280763,0.8709248731742003,1.9057250988987413,1.9099524904272736,0.9761467576885985,0.9772285810763591,0.005827336448537848,-0.4845267486274975,0.46509300061979186
27.6,1.105624639577214,2.502531774313303,0.03775945947713064,0.041725962911636945,0.4857024418875396,0.4857024418875396,0.9999999999999991,8.881784197001252e-16,0.0,7.243624761536967,0.8643395730914406,0.8700660358149978,1.9051303043097922,1.909324526419945,0.9759944131614242,0.9770679224353531,0.005772044497252354,-0.48484429165504356,0.46582094171911015
27.8,1.1044757442785922,2.506465478318381,0.03763963737953951,0.04155653107521711,0.48598979979000156,0.48598979979000156,0.9999999999999991,8.881784197001252e-16,0.0,7.257025706487291,0.8635302684477555,0.869214287543051,1.904535503799909,1.9087013359544902,0.9758420433315173,0.9769084588383743,0.005716940454647115,-0.48515353064694894,0.4665328873773377
28.0,1.103337850355671,2.5103150835162085,0.037523146121737454,0.041391415513172825,0.48626964298045383,0.4862696429804539,0.9999999999999991,8.881784197001252e-16,0.0,7.270126909400948,0.8627282442441987,0.8683696291779899,1.903945687279152,1.908082929084982,0.9756909267491227,0.9767501934413301,0.005662031993544744,-0.4854546587054408,0.4672291546213109
28.200000000000003,1.1022109179476456,2.5140822084789156,0.03740989403596137,0.04123049887409195,0.4865421413924561,0.48654214139245616,0.9999999999999991,8.881784197001252e-16,0.0,7.282933771174258,0.8619334867718708,0.8675320600782889,1.903360854041788,1.9074693147453412,0.9755410638158473,0.9765931291111881,0.005607326517901093,-0.485747864569978,0.4679100547276822
28.400000000000002,1.1010949057390549,2.5177684437169865,0.037299792281472385,0.041073667499852834,0.4868074613954377,0.4868074613954377,0.9999999999999991,8.881784197001252e-16,0.0,7.295451628887799,0.8611459811484474,0.8667015781741784,1.902781002432006,1.906860500769448,0.9753924546851992,0.9764372684308548,0.005552831169644612,-0.4860333327233938,0.4685758933174178
28.6,1.0999897710114699,2.521375352098149,0.03719275474016613,0.040920811286779504,0.48706576585708317,0.4870657658570832,0.9999999999999991,8.881784197001252e-16,0.0,7.307685755368584,0.8603657113467293,0.8658781800003753,1.9022061298622452,1.9062564939112905,0.9752450992670934,0.9762826137040719,0.0054985528352441415,-0.4863112434926274,0.46922697044847717
28.8,1.0988954696941775,2.5249044692602385,0.037088697919388416,0.04077182355580219,0.48731721424077756,0.48731721424077756,0.9999999999999991,8.881784197001252e-16,0.0,7.319641358341653,0.8595926602229338,0.8650618607285443,1.901636232831474,1.905657299865068,0.9750989972323537,0.9761291669603129,0.00544449815199928,-0.4865817731435918,0.4698635807061073
29.0,1.0978119564135171,2.5283573040211147,0.03698754085703237,0.04062660092615505,0.48756196267566304,0.48756196267566304,0.9999999999999991,8.881784197001252e-16,0.0,7.331323580004592,0.858826809544446,0.8642526141992082,1.9010713069432106,1.9050629232850564,0.9749541480171575,0.9759769299596265,0.005390673514246672,-0.48684509397557224,0.47048601329247514
29.200000000000003,1.0967391845408005,2.53173533878479,0.03688920502906735,0.04048504319273032,0.4878001640037725,0.4878001640037725,0.9999999999999991,8.881784197001252e-16,0.0,7.342737496963045,0.858068140017226,0.8634504329530502,1.900511346923424,1.9044733678051717,0.9748105508274576,0.9758259041974146,0.005337085079449355,-0.4871013744152027,0.47109455211580786
29.400000000000002,1.0956771062390132,2.535040029941476,0.03679361426226179,0.04034705321007023,0.4880319678436014,0.4880319678436015,0.9999999999999991,8.881784197001252e-16,0.0,7.353888119992578,0.8573166313129346,0.862655308261732,1.899956346638365,1.9038886360583416,0.9746682046433952,0.9756760909091666,0.005283738774064364,-0.48735077910669616,0.4716894758778777
29.6,1.0946256725084325,2.5382728082624797,0.03670069465156233,0.040212536782359344,0.4882575206657234,0.4882575206657234,0.9999999999999991,8.881784197001252e-16,0.0,7.364780393682713,0.8565722620957112,0.8618672301583202,1.899406299112267,1.903308729695725,0.9745271082236875,0.9755274910751685,0.005230640299210054,-0.48759346899860784,0.4722710581598423
29.8,1.0935848332311808,2.5414350792918006,0.036610374480086166,0.04008140255713873,0.4884769658555921,0.4884769658555921,0.9999999999999991,8.881784197001252e-16,0.0,7.375419196298294,0.8558350100486172,0.861086187467309,1.8988611965449294,1.9027336494057956,0.9743872601099931,0.9753801054251813,0.0051777951362348,-0.48782960142933335,0.47283956750721806
30.0,1.092554537214652,2.544528223733775,0.036522584141870366,0.03995356192285858,0.4886904437675529,0.4886904437675529,0.9999999999999991,8.881784197001252e-16,0.0,7.385809339802167,0.8551048518997852,0.8603121678341951,1.8983210303292104,1.902163394933225,0.9742486586312629,0.9752339344430816,0.005125208552169108,-0.48805933021115866,0.4733952675139742
30.200000000000003,1.0915347322338342,2.547553597835496,0.03643725606839493,0.03982892891133915,0.4888980917857744,0.4888980917857744,0.9999999999999991,8.881784197001252e-16,0.0,7.395955569821194,0.854381763448264,0.8595451577545926,1.8977857910684175,1.9015979650975827,0.9741113019080709,0.9750889783714598,0.005072885605002755,-0.4882828057115756,0.47393841690525473
30.400000000000002,1.0905253650725897,2.5505125337644334,0.03635432465846648,0.039707420104650365,0.4891000443885915,0.4891000443885915,0.9999999999999991,8.881784197001252e-16,0.0,7.40586256559951,0.8536657195895023,0.8587851426029264,1.8972554685935497,1.9010373578118507,0.9739751878569168,0.974945237216183,0.005020831148813867,-0.4885001749321511,0.4744692696187584
30.6,1.0895263815639256,2.5534063399821605,0.036273726210583376,0.03958895454541633,0.4892964332063253,0.4892964332063253,0.9999999999999991,8.881784197001252e-16,0.0,7.415534940073352,0.8529566943405071,0.8580321066607207,1.8967300519804173,1.9004815701007831,0.9738403141945031,0.974802710750924,0.00496904983878356,-0.4887115815858372,0.47498807488510997
30.8,1.0885377266292948,2.5562363016139176,0.03619539885786415,0.03947345365060127,0.48948738707555245,0.48948738707555245,0.9999999999999991,8.881784197001252e-16,0.0,7.424977240025607,0.8522546608647104,0.8572860331444849,1.896209529566662,1.8999305981191033,0.9737066784419942,0.9746613985216568,0.004917546136095574,-0.48891716617258335,0.4754950773071991
31.0,1.0875593443169191,2.559003680813526,0.03611928250587115,0.03936084112910491,0.48967303209609425,0.48967303209609425,0.9999999999999991,8.881784197001252e-16,0.0,7.434193946231188,0.8515595914965348,0.8565469042331947,1.8956938889686639,1.8993844371695237,0.9735742779292546,0.9745212998511187,0.004866324312701259,-0.48911706605278965,0.47599051693830363
31.200000000000003,1.0865911778391684,2.561709717123805,0.03604531877303341,0.03925104290281403,0.48985349168830333,0.48985349168830333,0.9999999999999991,8.881784197001252e-16,0.0,7.443189473623722,0.8508714577656257,0.8558147010953686,1.8951831170983116,1.8988430817206041,0.9734431097990579,0.9743824138432325,0.00481538845596087,-0.489311415518815,0.4764746293590408
31.400000000000002,1.0856331696090173,2.5643556278328625,0.035973450933269986,0.03914398703064762,0.49002888664674515,0.4900288866467452,0.9999999999999991,8.881784197001252e-16,0.0,7.451968171535334,0.8501902304207608,0.8550894039157519,1.8946772001796424,1.8983065254244385,0.9733131710112704,0.9742447393874984,0.004764742473180039,-0.4895003458648996,0.4769476457532615
31.6,1.0846852612756148,2.5669426083261215,0.03590362386084286,0.03903960363559971,0.49019933519221215,0.49019933519221215,0.9999999999999991,8.881784197001252e-16,0.0,7.460534323981235,0.8495158794534602,0.8543709919216174,1.894176123765361,1.897774761134184,0.9731844583470092,0.9741082751633504,0.004714390096032514,-0.4896839854554216,0.47740979298287756
31.8,1.0837473937589779,2.569471832433943,0.03583578397751009,0.03893782483482996,0.490364953024515,0.49036495302451505,0.9999999999999991,8.881784197001252e-16,0.0,7.468892149953632,0.848848374121287,0.8536594434086833,1.8936798727532336,1.8972477809214254,0.9730569684127758,0.9739730196444777,0.0046643348848761645,-0.4898624597913484,0.4778612936615607
32.0,1.082819507283833,2.571944452774925,0.035769879201772666,0.03883858467255258,0.4905258533745431,0.4905258533745431,0.9999999999999991,8.881784197001252e-16,0.0,7.477045803743514,0.8481876829708409,0.8529547357666526,1.8931884314023497,1.8967255760933737,0.9729306976445617,0.9738389711031123,0.004614580232958965,-0.4900358915750288,0.4783023662273491
32.2,1.0819015414126252,2.574361601095052,0.035705858900017234,0.038741819055485,0.4906821470541257,0.4906821470541257,0.9999999999999991,8.881784197001252e-16,0.0,7.484999375309123,0.8475337738604264,0.8522568455043801,1.8927017833492428,1.8962081372099089,0.9728056423119247,0.973706127614283,0.004565129370531121,-0.4902044007734804,0.47873322501420895
32.4,1.080993435077713,2.576724388602575,0.03564367383954928,0.03864746569082752,0.49083394250488904,0.49083394250488904,0.9999999999999991,8.881784197001252e-16,0.0,7.492756890673069,0.8468866139824232,0.8515657482746682,1.89221991162388,1.895695454100456,0.9726817985220363,0.9735744870600342,0.004515985368857653,-0.4903681046801403,0.4791540803225465
32.6,1.0800951266127732,2.5790339062986387,0.03558327614349354,0.03855546402672701,0.49098134584697956,0.49098134584697956,0.9999999999999991,8.881784197001252e-16,0.0,7.500322312334025,0.8462432006528641,0.8508814188986997,1.8917405861096979,1.8951875158806992,0.9725585934761147,0.9734440471336093,0.004467151144130807,-0.49052711797505444,0.4795651384886479
32.800000000000004,1.0792065537834328,2.581291225303687,0.03552461924741873,0.03846575519504922,0.49112446092678874,0.4911244609267888,0.9999999999999991,8.881784197001252e-16,0.0,7.50769953970401,0.845598758490994,0.850203831390111,1.8912602505098608,1.8946843109691385,0.9724351131386776,0.9733148053436016,0.004418629461296911,-0.4906815527836035,0.4799666019530815
33.0,1.0783276538171418,2.58349739717974,0.03546765785757608,0.038378281956320356,0.49126338936319197,0.49126338936319197,0.9999999999999991,8.881784197001252e-16,0.0,7.514892409576397,0.8449609869190787,0.8495329589787046,1.8907846464816538,1.8941858271034837,0.972312833698724,0.9731867590180693,0.004370422937787943,-0.4908315187338436,0.48035866932808563
33.2,1.0774583634323114,2.5856534542484932,0.03541234791072645,0.03829298864679182,0.4913982305929904,0.4913982305929904,0.9999999999999991,8.881784197001252e-16,0.0,7.521904696613573,0.8443298524511803,0.8488687741338139,1.8903137562414174,1.8936920513568878,0.9721917510363395,0.9730599053086161,0.004322534047171422,-0.490977123012457,0.4807415354639356
33.4,1.0765986188667263,2.587760409905243,0.03535864653550475,0.03820982112755445,0.4915290819158245,0.49152908191582456,0.9999999999999991,8.881784197001252e-16,0.0,7.528740113849449,0.843705321001107,0.8482112485873128,1.8898475614475263,1.8932029701540178,0.9720718608816259,0.9729342411944357,0.004274965122710625,-0.49111847041932727,0.4811153915142965
33.6,1.0757483559052605,2.5898192589287135,0.03530651201522135,0.0381287267355771,0.4916560385380742,0.49165603853807427,0.9999999999999991,8.881784197001252e-16,0.0,7.535402313212206,0.843087357903255,0.8475603533562823,1.8893860432155907,1.8927185692869688,0.9719531588185709,0.9728097634863244,0.004227718360846663,-0.4912556634208108,0.4814804250005808
33.800000000000004,1.074907509906897,2.591830977786797,0.03525590375203076,0.038049654236577864,0.4917791936156525,0.4917791936156525,0.9999999999999991,8.881784197001252e-16,0.0,7.541894886067437,0.84247592793315,0.8469160587653346,1.8889291821335146,1.8922388339310101,0.9718356402888857,0.9726864688306529,0.0041807958245971555,-0.4913888022017457,0.4818368198753238
34.0,1.0740760158310791,2.593796524938213,0.03520678223243296,0.0379725537796749,0.49189863829606917,0.49189863829606917,0.9999999999999991,8.881784197001252e-16,0.0,7.548221363775567,0.8418709953277032,0.8462783344685966,1.8884769582764203,1.8917637486601777,0.9717193005958127,0.9725643537133092,0.004134199446882952,-0.49151798471621094,0.4821847565845861
34.2,1.0732538082634056,2.5957168411301095,0.035159108994052696,0.037897376853743,0.49201446175980074,0.4920144617598008,0.9999999999999991,8.881784197001252e-16,0.0,7.554385218261364,0.841272523805151,0.8456471494713578,1.8880293512214106,1.8912932974627013,0.9716041349078984,0.9724434144636004,0.004087931033772169,-0.491643306737067,0.4825244121293837
34.4,1.0724408214406818,2.5975928496916505,0.035112846593625305,0.037824076245384766,0.4921267512607295,0.4921267512607295,0.9999999999999991,8.881784197001252e-16,0.0,7.560389862598691,0.8406804765847153,0.8450224721513848,1.8875863400621962,1.8908274637562679,0.9714901382627348,0.9723236472581215,0.0040419922676573905,-0.4917648619043228,0.4828559601261693
34.6,1.071636989275342,2.5994254568236164,0.035067958576138855,0.03775260599844879,0.49223559216568036,0.4922355921656804,0.9999999999999991,8.881784197001252e-16,0.0,7.5662386516084785,0.8400948164059581,0.8444042702799058,1.8871479034235663,1.8903662304031306,0.9713773055706655,0.9722050481245879,0.003996384710357195,-0.4918827417723615,0.48317957086637175
34.800000000000004,1.0708422453792614,2.601215551884014,0.03502440944509609,0.03768292137504243,0.49234106799325306,0.49234106799325306,0.9999999999999991,8.881784197001252e-16,0.0,7.571934882466589,0.8395155055478442,0.8437925110422693,1.8867140194757088,1.8899095797250454,0.9712656316184591,0.9720876129456293,0.003951109806150377,-0.4919970358560473,0.483495411375002
35.0,1.0700565230869659,2.6029640076697556,0.03498216463384676,0.03761497881797376,0.4924432604519228,0.4924432604519228,0.9999999999999991,8.881784197001252e-16,0.0,7.577481795321072,0.8389425058475111,0.8431871610582772,1.8862846659483785,1.8894574935180546,0.9711551110729462,0.971971337462551,0.0039061688847434467,-0.49210783167573985,0.48380364546833826
35.2,1.0692797554782545,2.6046716806944263,0.03494119047793763,0.037548735914554085,0.49254224947729963,0.49254224947729963,0.9999999999999991,8.881784197001252e-16,0.0,7.582882573919432,0.8383757787187391,0.8425881864021971,1.8858598201449037,1.889009953067102,0.9710457384846203,0.971856217279055,0.003861563164168774,-0.4922152148012542,0.48410443381070006
35.4,1.0685118754002498,2.6063394114621574,0.03490145418844103,0.037484151361707796,0.49263811326861096,0.492638113268611,0.9999999999999991,8.881784197001252e-16,0.0,7.588140346244437,0.8378152851701397,0.8419955526224571,1.8854394589560464,1.8885669391604876,0.9709375082912048,0.9717422478649257,0.0038172937536236073,-0.4923192688947932,0.48439793397032693
35.6,1.067752815488889,2.607968024737652,0.03486292382622705,0.03742118493234113,0.49273092832450377,0.49273092832450377,0.9999999999999991,8.881784197001252e-16,0.0,7.593258185156165,0.8372609858230405,0.8414092247610231,1.885023558873691,1.8881284321041556,0.9708304148211808,0.9716294245596773,0.00377336165624248,-0.49242007575287206,0.4846843004743653
35.800000000000004,1.067002508189859,2.6095583298123763,0.03482556827713733,0.03735979744291445,0.4928207694781245,0.4928207694781245,0.9999999999999991,8.881784197001252e-16,0.0,7.598239109040431,0.8367128409290884,0.8408291673724659,1.884612096004384,1.8876944117358243,0.9707244522972784,0.9715177425761666,0.0037297677718121647,-0.4925177153472655,0.4849636848629783
36.0,1.0662608857790046,2.611111120766962,0.034789357228020616,0.03729995072216539,0.49290770993145205,0.4929077099314521,0.9999999999999991,8.881784197001252e-16,0.0,7.603086082463163,0.8361708103875589,0.8402553445427161,1.8842050460827047,1.887264857438948,0.9706196148399311,0.9714071970041632,0.0036865128994252455,-0.49261226586500406,0.4852362357425912
36.2,1.0655278803822041,2.612627176729846,0.034754261143597705,0.037241607580938814,0.4929918212889294,0.49299182128892943,0.9999999999999991,8.881784197001252e-16,0.0,7.607802016829588,0.8356348537623767,0.8396877199075127,1.883802384484476,1.8868397481565142,0.9705158964706905,0.9712977828138886,0.0036435977400767344,-0.4927038037474439,0.485502098838281
36.4,1.0648034239947335,2.6141072621321704,0.03472025124412423,0.037184731783080474,0.49307317359044867,0.4930731735904487,0.9999999999999991,8.881784197001252e-16,0.0,7.612389771046857,0.8351049302988519,0.839126256670545,1.8834040862398105,1.886419062404678,0.9704132911156031,0.9711894948595096,0.0036010228992060384,-0.4927924037284315,0.48576141704531994
36.6,1.0640874485001306,2.6155521269589945,0.0346872994838167,0.037129288017348966,0.49315183534365153,0.49315183534365153,0.9999999999999991,8.881784197001252e-16,0.0,7.616852152190018,0.8345809989401282,0.838570917621295,1.8830101260459888,1.886002778286233,0.970311792608548,0.9710823278825995,0.0035587888891819297,-0.49287813887158965,0.4860143304798859
36.800000000000004,1.0633798856885615,2.6169625069968285,0.034655378530010474,0.037075241870304,0.4932278735555567,0.4932278735555567,0.9999999999999991,8.881784197001252e-16,0.0,7.62119191617094,0.8340630183433447,0.8380216651525786,1.8826204782801763,1.8855908735039117,0.9702113946945341,0.9709762765155578,0.0035168961317347536,-0.49296108060674376,0.4862609765289511
37.0,1.0626806672747122,2.6183391240775395,0.034624461743022285,0.03702255980013376,0.4933013537635506,0.4933013537635506,0.9999999999999991,8.881784197001252e-16,0.0,7.625411768409016,0.8335509468955175,0.8374784612777888,1.8822351170119653,1.8851833253735275,0.9701120910329583,0.9708713352849929,0.003475344960338675,-0.4930412987655163,0.4865014898993577
37.2,1.0619897249152053,2.6196826863186673,0.034594523156689934,0.03697120911138455,0.49337234006576075,0.4933723400657608,0.9999999999999991,8.881784197001252e-16,0.0,7.629514364502868,0.8330410225000551,0.8369412676478464,1.8818512146316795,1.8847801108369473,0.9700131532024443,0.9707674986150636,0.0034341356225394276,-0.4931188616161042,0.4867360026660908
37.4,1.0613069902255554,2.6209938883601516,0.034565537459560695,0.03692115793055501,0.49344089515080225,0.4934408951508023,0.9999999999999991,8.881784197001252e-16,0.0,7.63350231090317,0.8325317491525461,0.8364100455678587,1.8814676459856146,1.8843812064748944,0.9699142913004055,0.9706647608307847,0.0033932682822362115,-0.4931938358972635,0.48696464431976366
37.6,1.0606323947966774,2.62227341159756,0.03453747997670329,0.036872375182521046,0.4935070803269078,0.4935070803269078,0.9999999999999991,8.881784197001252e-16,0.0,7.637378165585539,0.8320283068889889,0.8358847560134847,1.881088315331871,1.883986588519596,0.9698165117961892,0.9705631161612903,0.0033527430219128934,-0.49326628685152213,0.48718754181331925
37.800000000000004,1.0599658702109465,2.6235219244117918,0.03451032665211999,0.036824830567759745,0.4935709555504736,0.49357095555047364,0.9999999999999991,8.881784197001252e-16,0.0,7.641144438723209,0.8315306540163833,0.8353653596470196,1.8807131963986405,1.8835962328672555,0.9697198082441904,0.9704625587430591,0.0033125598448228155,-0.4933362782576374,0.48740481960796567
38.0,1.0593073480578328,2.6247400823953404,0.03448405403173543,0.03677849454034111,0.49363257945402755,0.49363257945402755,0.9999999999999991,8.881784197001252e-16,0.0,7.644803593358691,0.8310387486164458,0.83485181683319,1.880342262643349,1.8832101150903584,0.9696241741228232,0.9703630826231022,0.003272718677128056,-0.49340387246232015,0.48761659971835036
38.2,1.0586567599491084,2.6259285285751237,0.03445863924693911,0.03673333828665654,0.4936920093736227,0.4936920093736227,0.9999999999999991,8.881784197001252e-16,0.0,7.64835804607436,0.8305525485602151,0.8343440876546684,1.8799754872643997,1.882828210449821,0.9695296028375844,0.9702646817621072,0.003233219369993115,-0.4934691304112418,0.48782300175698706
38.400000000000006,1.0580140375336402,2.6270878936319257,0.03443405999866039,0.036689333704855984,0.4937493013756654,0.4937493013756654,0.9999999999999991,8.881784197001252e-16,0.0,7.651810167661271,0.8300720115223876,0.8338421319273096,1.8796128432127477,1.8824504939069604,0.9694360877240737,0.9701673500375455,0.003194061701634679,-0.493532111679344,0.4880241429779433
38.6,1.0573791125117797,2.628218796116488,0.03441029454195639,0.03664645338496694,0.4938045102832067,0.4938045102832067,0.9999999999999991,8.881784197001252e-16,0.0,7.655162283786003,0.8295970949953853,0.8333459092151085,1.8792543032033087,1.8820769401353101,0.9693436220509755,0.9700710812467374,0.003155245379329208,-0.4935928745004671,0.4882201383198024
38.800000000000004,1.0567519166493524,2.629321842662283,0.03438732167109281,0.036604670589668965,0.4938576897016962,0.49385768970169625,0.9999999999999991,8.881784197001252e-16,0.0,7.658416675654609,0.8291277563031508,0.8328553788448821,1.8788998397261916,1.881707523532257,0.9692521990229963,0.9699758691098807,0.003116770041377767,-0.4936514757963156,0.4884111004479049
39.0,1.0561323817912611,2.6303976281950088,0.03436512070509872,0.036563959235697864,0.4939088920442081,0.4939088920442081,0.9999999999999991,8.881784197001252e-16,0.0,7.661575580674245,0.8286639526146835,0.8323704999206839,1.8785494250577688,1.8813422182305246,0.9691618117837641,0.9698817072730349,0.0030786352590311955,-0.4937079712047752,0.4885971397958856
39.2,1.055520439874706,2.631446736138838,0.03434367147377769,0.03652429387585635,0.4939581685561518,0.4939581685561518,0.9999999999999991,8.881784197001252e-16,0.0,7.664641193111229,0.8282056409573031,0.8318912313379431,1.8782030312715676,1.8809809981094792,0.9690724534186822,0.9697885893110683,0.003040840538373321,-0.4937624151075996,0.48877836460651214
39.400000000000006,1.0549160229420327,2.632469738619463,0.034322954304158444,0.03648564968160815,0.49400556933948453,0.4940055693394846,0.9999999999999991,8.881784197001252e-16,0.0,7.667615664745729,0.8277527782296646,0.8314175317973413,1.8778606302490035,1.8806238368062753,0.968984116957745,0.9696965087305631,0.003003385322168206,-0.4938148606574816,0.48895488097183604
39.6,1.0543190631532149,2.633467196663968,0.03430295000736844,0.036448002426233424,0.49405114337643,0.49405114337643,0.9999999999999991,8.881784197001252e-16,0.0,7.670501105522559,0.8273053212144931,0.8309493598184209,1.8775221936899251,1.8802707077268375,0.9688967953783074,0.9696054589726809,0.0029662689916654106,-0.4938653598045227,0.4891267928726677
39.800000000000004,1.0537294927979803,2.6344396603975726,0.034283639865914366,0.03641132846852433,0.4940949385527091,0.49409493855270914,0.9999999999999991,8.881784197001252e-16,0.0,7.673299584197947,0.8268632265910824,0.8304866737529333,1.8771876931230078,1.8799215840566665,0.9688104816078165,0.9695154334159873,0.002929490868371798,-0.49391396332211784,0.48929420221738235
40.0,1.0531472443075853,2.6353876692372733,0.034265005621354955,0.0363756047370006,0.494137001680303,0.494137001680303,0.9999999999999991,8.881784197001252e-16,0.0,7.676013128981897,0.8264264509475224,0.8300294317979271,1.8768570999159633,1.8795764387714922,0.9687251685264976,0.9694264253792356,0.0028930502157836213,-0.49396072083226905,0.48945720888007066
40.2,1.0525722502662453,2.6363117520824324,0.034247029462351704,0.03634080871462621,0.4941773785197519,0.4941773785197519,0.9999999999999991,8.881784197001252e-16,0.0,7.678643728175985,0.8259949507926765,0.8295775920085778,1.8765303852855832,1.8792352446477518,0.9686408489699995,0.969338428124112,0.0028569462410852065,-0.4940056808303398,0.4896159107380398
40.400000000000006,1.0520044434222324,2.6372124275023396,0.03422969401308346,0.03630691842400794,0.49421611380200103,0.49421611380200103,0.9999999999999991,8.881784197001252e-16,0.0,7.681193330806273,0.8255686825679102,0.8291311123107643,1.876207520307613,1.8788979742729066,0.9685575157319969,0.969251434857937,0.002821178096811136,-0.494048890709267,0.4897704037086776
40.6,1.0514437566986394,2.6380902039207887,0.03421298232201175,0.03627391241305864,0.4942532512497993,0.49425325124979935,0.9999999999999991,8.881784197001252e-16,0.0,7.683663847251203,0.8251476026585653,0.8286899505133912,1.8758884759264518,1.8785646000555956,0.9684751615667502,0.9691654387363292,0.002785744882475294,-0.49409039678324057,0.48992078178568543
40.800000000000004,1.0508901232038264,2.638945579797714,0.03419687785098421,0.03624176974110779,0.4942888335986674,0.4942888335986674,0.9999999999999991,8.881784197001252e-16,0.0,7.6860571498643555,0.8247316674051923,0.828254064320464,1.87557322296469,1.8782350942356216,0.9683937791916236,0.9690804328658273,0.0027506456461674073,-0.4941302443108672,0.49006713707469657
41.0,1.0503434762415458,2.6397790438079007,0.034181364464664035,0.03621046996544342,0.49432290261743794,0.49432290261743794,0.9999999999999991,8.881784197001252e-16,0.0,7.688375073591578,0.8243208331145281,0.8278234113429119,1.8752617321324665,1.8779094288937719,0.9683133612895592,0.9689964103064705,0.002715879386113479,-0.4941684775178251,0.49020955982827996
41.2,1.0498037493207657,2.6405910750168324,0.034166426420273684,0.036179993128269354,0.49435549912837934,0.4943554991283794,0.9999999999999991,8.881784197001252e-16,0.0,7.6906194165826465,0.823915056070241,0.8273979491101716,1.8749539740366654,1.8775875759614833,0.9682339005115103,0.9689133640743399,0.0026814450522078537,-0.494205139619028,0.4903481384803442
41.400000000000006,1.0492708761651812,2.641382143053701,0.03415204835764149,0.03615031974406292,0.49438666302691037,0.49438666302691037,0.9999999999999991,8.881784197001252e-16,0.0,7.692791940797361,0.8235129919797896,0.8269776350815232,1.8746489323061348,1.8772695072303358,0.9681551346418509,0.9688312871440592,0.0026473415475135736,-0.49424027284030614,0.49048295967995337
41.6,1.0487447907224368,2.6421527082816034,0.03413821528954092,0.03612143078731886,0.4944164333009153,0.4944164333009153,0.9999999999999991,8.881784197001252e-16,0.0,7.694894372605384,0.823110071403519,0.8265624266571913,1.874343141136006,1.8769551943613858,0.9680761688238746,0.9687501724512545,0.0026135677297283028,-0.4942739184396168,0.4906141083245559
41.800000000000004,1.0482254271730527,2.642903221964993,0.0341249125923118,0.036093307680665404,0.49444484804966865,0.4944448480496687,0.9999999999999991,8.881784197001252e-16,0.0,7.696928403380421,0.8227121319151033,0.8261522811892035,1.8740410323191692,1.876644608894343,0.9679981475899045,0.9686700128949729,0.0025801224126256878,-0.4943061167277962,0.4907416675926423
42.0,1.0477127199390697,2.643634126434376,0.034112125996753735,0.03606593228333947,0.49447194450237486,0.4944719445023749,0.9999999999999991,8.881784197001252e-16,0.0,7.698895690088139,0.8223191300854633,0.8257471559920168,1.8737425764484374,1.8763377222565754,0.9679210635729089,0.9685908013400636,0.0025470043674637177,-0.4943369070888618,0.4908657189758378
42.2,1.047206603692413,2.644345855248342,0.0340998415792823,0.03603928688000797,0.494497759036333,0.494497759036333,0.9999999999999991,8.881784197001252e-16,0.0,7.700797855867822,0.8219310224925087,0.8253470083529121,1.8734477440403303,1.8760345057719656,0.9678449093810637,0.9685125306195146,0.0025142123243647313,-0.4943663279998782,0.4909863423104394
42.400000000000006,1.046707013362984,2.645038833352923,0.03408804575333894,0.03601335416992327,0.49452232719473393,0.49452232719473393,0.9999999999999991,8.881784197001252e-16,0.0,7.702636490607783,0.8215477657308389,0.8249517955421546,1.8731565055435155,1.875734930669596,0.9677696775999962,0.9684351935367527,0.0024817449736685565,-0.4943944170503946,0.4911036158084038
42.6,1.0462138841464848,2.6457134772383326,0.03407672526104567,0.03598811725640104,0.4945456837040983,0.4945456837040983,0.9999999999999991,8.881784197001252e-16,0.0,7.704413151514359,0.8211693164212062,0.8245614748229342,1.8728688313470867,1.8754389680922845,0.9676953607949843,0.9683587828679026,0.002449600967256646,-0.4944212109614646,0.4912176160877997
42.800000000000004,1.0457271515119766,2.646370195093128,0.034065867165096415,0.03596355963660908,0.494567862491358,0.494567862491358,0.9999999999999991,8.881784197001252e-16,0.0,7.706129363674377,0.8207956312197654,0.8241760034610702,1.8725846917886817,1.8751465891049526,0.9676219515131176,0.968283291364004,0.0024177789198494976,-0.4944467456042585,0.4913284182027258
43.0,1.0452467512091885,2.647009386955812,0.03405545884087675,0.03593966519165638,0.4945888967005981,0.4945888967005981,0.9999999999999991,8.881784197001252e-16,0.0,7.707786620611205,0.8204266668270949,0.8237953387345053,1.8723040571624374,1.8748577647028444,0.9675494422854151,0.9682087117531936,0.002386277410279275,-0.49447105601827696,0.49143609567271157
43.2,1.044772619275567,2.647631444863932,0.03404548796880441,0.03591641817697211,0.49460881870945506,0.49460881870945506,0.9999999999999991,8.881784197001252e-16,0.0,7.709386384834001,0.8200623799969962,0.8234194379425688,1.8720268977267804,1.8745724658195813,0.9674778256289028,0.9681350367428403,0.0023550949827325918,-0.49449417642917576,0.4915407205115998
43.400000000000006,1.0443046920430838,2.648236753000689,0.03403594252688319,0.035893803212964474,0.4946276601451867,0.4946276601451867,0.9999999999999991,8.881784197001252e-16,0.0,7.710930088380504,0.8197027275450811,0.8230482584150307,1.8717531837120618,1.8742906633350644,0.9674070940486508,0.9680622590216489,0.002324230147970785,-0.494516140266209,0.49164236325592636
43.6,1.0438429061448018,2.6488256878391105,0.034026810783462855,0.035871805275949784,0.4946454519004165,0.4946454519004165,0.9999999999999991,8.881784197001252e-16,0.0,7.712419133353027,0.8193476663571371,0.8226817575209352,1.8714828853280279,1.874012328083223,0.9673372400397678,0.967990371261718,0.002293681384525681,-0.49453698017930325,0.49174109299280117
43.800000000000004,1.0433871985212022,2.649398618283802,0.03401808129019856,0.03585040968934272,0.4946622241485619,0.494662224148562,0.9999999999999991,8.881784197001252e-16,0.0,7.713854892447826,0.8189971533972863,0.822319892677225,1.8712159727711375,1.873737430859602,0.9672682560893581,0.967919366120563,0.002263447139868535,-0.4945567280557661,0.49183697738730126
44.0,1.0429375064262827,2.6499559058103417,0.03400974287520286,0.035829602115098676,0.49467800635894826,0.49467800635894826,0.9999999999999991,8.881784197001252e-16,0.0,7.715238709477543,0.8186511457159299,0.8219626213571533,1.8709524162317173,1.8734659424288085,0.967200134678435,0.9678492362430967,0.0022335258315557688,-0.49457541503664165,0.49193008270937927
44.2,1.0424937674334276,2.6504979046023105,0.03400178463638396,0.03580936854539971,0.49469282731161957,0.49469282731161957,0.9999999999999991,8.881784197001252e-16,0.0,7.716571899887091,0.8183096004574874,0.8216099010984913,1.8706921859009649,1.8731978335317896,0.967132868283797,0.9677799742635748,0.002203915848351584,-0.4945930715327194,0.492020473860301
44.400000000000006,1.0420559194410555,2.6510249616860326,0.0339941959349646,0.03578969529457624,0.49470671511185027,0.49470671511185027,0.9999999999999991,8.881784197001252e-16,0.0,7.717855751262632,0.8179724748679261,0.8212616895115269,1.87043525197779,1.8729330748929753,0.9670664493798614,0.967711572807499,0.0021746155513285292,-0.49460972724020247,0.4921082143986141
44.6,1.041623900678049,2.6515374170630297,0.03398696638917511,0.03577056899125628,0.49471969720436715,0.49471969720436715,0.9999999999999991,8.881784197001252e-16,0.0,7.719091523833768,0.8176397263020988,0.8209179442868643,1.870181584675513,1.872671637227259,0.9670008704404618,0.967644024493484,0.002145623274940958,-0.49462541115604686,0.49219336656565976
44.800000000000004,1.0411976497089754,2.652035603840235,0.03398008586811519,0.03575197657073449,0.4947318003872804,0.4947318003872804,0.9999999999999991,8.881784197001252e-16,0.0,7.720280450969029,0.8173113122308644,0.8205786232030217,1.8699311542283956,1.8724134912468329,0.9669361239406016,0.9675773219350863,0.0021169373280837123,-0.4946401515929763,0.4922759913106329
45.0,1.0407771054390915,2.652519848358007,0.03397354448577909,0.035733905267554135,0.49474305082573417,0.49474305082573417,0.9999999999999991,8.881784197001252e-16,0.0,7.721423739664435,0.8169871902480277,0.8202436841338329,1.8696839308980324,1.8721586076678793,0.9668722023581725,0.9675114577425947,0.0020885559951196037,-0.49465397619418044,0.492356148315196
45.2,1.0403622071191507,2.652990470315953,0.03396733259523904,0.035716342608294926,0.49475347406528697,0.494753474065287,0.9999999999999991,8.881784197001252e-16,0.0,7.7225225710254115,0.8166673180770782,0.8199130850556534,1.8694398849795901,1.871906957217109,0.9668090981756332,0.9674464245247818,0.0020604775368945755,-0.49466691194770374,0.4924338960176595
45.400000000000006,1.0399528943500056,2.6534477828966176,0.03396144078298176,0.035699276404559714,0.49476309504502003,0.49476309504502003,0.9999999999999991,8.881784197001252e-16,0.0,7.7235781007418955,0.8163505407224725,0.8195867840543734,1.869198137426743,1.8716585106381562,0.9667465842315381,0.9673822148906204,0.0020327001917253423,-0.49467898520053166,0.49250929163673085
45.6,1.0395491070870182,2.653892092887062,0.03395585986339293,0.03568269474615363,0.49477193811037856,0.49477193811037856,0.9999999999999991,8.881784197001252e-16,0.0,7.724591459556623,0.8160334874654078,0.8192647393322428,1.8689561166837472,1.871413238697828,0.966683995592747,0.9673188214509613,0.00200522217636967,-0.49469022167238225,0.49258239119484043
45.800000000000004,1.0391507856442752,2.654323700798347,0.03395058087338568,0.035666585994449475,0.49478002702575885,0.49478002702575885,0.9999999999999991,8.881784197001252e-16,0.0,7.725563753726801,0.8157206108825806,0.8189469092145066,1.8687172227103173,1.8711711121922145,0.9666222115885507,0.9672562368201733,0.0019780416869742967,-0.4947006464692076,0.4926532495410529
46.0,1.038757870698618,2.6547429009829875,0.03394559506716792,0.03565093877593357,0.4947873849868411,0.4947873849868411,0.9999999999999991,8.881784197001252e-16,0.0,7.726496065479026,0.8154118692281284,0.8186332521558574,1.8684814260268277,1.8709321019526501,0.9665612247483665,0.9671944536177494,0.0019511569000048024,-0.4947102840964126,0.49272192037356954
46.2,1.0383703032934861,2.655149981750372,0.033940893911144736,0.035635741975925846,0.4947940346326747,0.4947940346326747,0.9999999999999991,8.881784197001252e-16,0.0,7.727389453457478,0.8151072209046974,0.8183237267467044,1.868248697205725,1.8706961788515402,0.9665010276112097,0.967133464469874,0.0019245659731553372,-0.494719158471798,0.49278845626182843
46.400000000000006,1.0379880248425841,2.655545225480199,0.033936469078951155,0.03562098473246883,0.4947999980575169,0.4947999980575169,0.9999999999999991,8.881784197001252e-16,0.0,7.728244953165595,0.8148066244693595,0.8180182917192628,1.8680190068771132,1.8704633138080413,0.9664416127272035,0.9670732620109548,0.0018982670462379392,-0.49472729293823153,0.4928529086682083
46.6,1.037610977133369,2.65592890873396,0.033932312446611664,0.03560665643038005,0.494805296822438,0.494805296822438,0.9999999999999991,8.881784197001252e-16,0.0,7.729063577401072,0.8145100386393515,0.8177169059534655,1.8677923257342028,1.870233477793613,0.9663829726590523,0.9670138388851184,0.0018722582420548084,-0.4947347102760568,0.49291532796934656
46.800000000000004,1.0372391023303673,2.6563013023644917,0.03392841608782279,0.03559274669546307,0.4948099519666905,0.4948099519666905,0.9999999999999991,8.881784197001252e-16,0.0,7.729846316684287,0.8142174222976419,0.8174195284827018,1.86756862453862,1.870006641837422,0.9663250999834786,0.9669551877476723,0.0018465376672505418,-0.49474143271524024,0.4929757634770705
47.0,1.0368723429783218,2.6566626716236263,0.03392477226935436,0.03557924538887154,0.49481398401885174,0.49481398401885174,0.9999999999999991,8.881784197001252e-16,0.0,7.730594139680164,0.8139287344983215,0.8171261184993802,1.8673478741255778,1.8697827770316162,0.9662679872926253,0.9668973012665302,0.0018211034131470766,-0.49474748194726864,0.493034263458956
47.2,1.0365106420051762,2.657013276267985,0.033921373446566365,0.03556614260162178,0.4948174130077384,0.4948174130077384,0.9999999999999991,8.881784197001252e-16,0.0,7.731307993613736,0.8136439344718163,0.8168366353603242,1.8671300454089017,1.8695618545364667,0.9662116271954191,0.9668401721236006,0.001795953556560273,-0.49475287913679644,0.4930908751585163
47.400000000000006,1.0361539427248943,2.657353370662912,0.03391821225903801,0.03555342864924942,0.4948202584731055,0.4948202584731055,0.9999999999999991,8.881784197001252e-16,0.0,7.731988804679106,0.8133629816299419,0.8165510385919998,1.866915109385932,1.86934384558537,0.966156012318901,0.966783793016146,0.001771086160599844,-0.4947576449330514,0.49314564481502465
47.6,1.0358021888401234,2.6576832038846194,0.033915281526305414,0.03554109406660556,0.49482253947612964,0.4948225394761297,0.9999999999999991,8.881784197001252e-16,0.0,7.732637478442026,0.8130858355707862,0.8162692878955775,1.8667030371422835,1.8691287214897254,0.9661011353095216,0.966728156658103,0.001746499275449856,-0.49476179948100396,0.4931986176829831
47.800000000000004,1.0354553244447027,2.658003019820536,0.0339125742437047,0.035529129602787764,0.4948242746096822,0.4948242746096822,0.9999999999999991,8.881784197001252e-16,0.0,7.733254900236255,0.8128124560834216,0.8159913431518324,1.8664937998564715,1.8689164536436793,0.9660469888343992,0.9666732557813696,0.001722190939134921,-0.49476536243230407,0.4932498380512367
48.0,1.0351132940260193,2.6583130572679017,0.033910083578317436,0.0355175262162021,0.4948254820083892,0.4948254820083892,0.9999999999999991,8.881784197001252e-16,0.0,7.7338419355536265,0.8125428031524727,0.8157171644258828,1.866287368804415,1.8687070135287382,0.9659935655825477,0.9666190831370618,0.0016981591782680439,-0.4947683529559917,0.49329934926174523
48.2,1.034776042467219,2.658613550030642,0.033907802865015775,0.035506275069752465,0.4948261793584996,0.4948261793584996,0.9999999999999991,8.881784197001252e-16,0.0,7.734399430427761,0.812276836962506,0.8154467119717738,1.8660837153637992,1.8685003727182623,0.9659408582660662,0.9665656314967331,0.0016744020087818973,-0.4947707897489838,0.4933471937280121
48.400000000000006,1.0344435150492681,2.658904727014531,0.033905725602604006,0.0354953675261529,0.4948263839075487,0.4948263839075487,0.9999999999999991,8.881784197001252e-16,0.0,7.7349282118117095,0.8120145179022759,0.8151799462369033,1.8658828110183177,1.8682965028818252,0.9658888596212983,0.9665128936535636,0.0016509174366457907,-0.4947726910463463,0.4933934129531814
48.6,1.0341156574528778,2.6591868123206983,0.03390384545005353,0.03548479514335898,0.4948261124738277,0.4948261124738277,0.9999999999999991,8.881784197001252e-16,0.0,7.7354290879495675,0.8117558065688124,0.8149168278662946,1.865684627361786,1.8680953757894534,0.9658375624099567,0.9664608624235163,0.0016277034585642225,-0.4947740746313516,0.4934380475478075
48.800000000000004,1.0337924157602874,2.6594600253374683,0.033902156222829244,0.03547454967011539,0.49482538145566113,0.49482538145566113,0.9999999999999991,8.881784197001252e-16,0.0,7.735902848741872,0.8115006637713583,0.8146573177067223,1.865489136102128,1.8678969633157427,0.9657869594202144,0.9664095306464595,0.001604758062661929,-0.49477495784532893,0.49348113724729914
49.0,1.0334737364569124,2.6597245808306025,0.03390065188930441,0.03546462304161585,0.49482420684050354,0.49482420684050354,0.9999999999999991,8.881784197001252e-16,0.0,7.736350266105182,0.8112490505351538,0.8144013768106859,1.8652963090652408,1.8677012374438526,0.9657370434677655,0.9663588911872606,0.001582079229153599,-0.4947753575973101,0.4935227209290492
49.2,1.0331595664328637,2.6599806890319226,0.03389932656726134,0.035455007375271984,0.4948226042138481,0.4948226042138481,0.9999999999999991,8.881784197001252e-16,0.0,7.736772094325467,0.8109998875738954,0.8141489664402394,1.8651053205288304,1.8675081702693828,0.9656876008930463,0.9663089369368458,0.0015596649309954774,-0.49477529037347673,0.4935628366292494
49.400000000000006,1.0328498529843322,2.6602285557263894,0.0338981745204756,0.03544569496658784,0.49482058876795637,0.49482058876795637,0.9999999999999991,8.881784197001252e-16,0.0,7.737169070406103,0.8107509667383538,0.8139000480706784,1.8649144785167644,1.8673177340041274,0.9656381937212304,0.9662596608132297,0.0015375131345274629,-0.49477477224641137,0.493601521559404
49.6,1.0325445438148497,2.6604683823376187,0.033897190155381465,0.03543667828513719,0.4948181753104132,0.4948181753104133,0.9999999999999991,8.881784197001252e-16,0.0,7.737541914409485,0.810505506440722,0.8136545833940861,1.8647262513614367,1.8671299009797178,0.9655894610342209,0.9662110557625143,0.0015156218000953597,-0.49477381888415917,0.493638812122535
49.800000000000004,1.0322435870364288,2.6607003660118953,0.033896368017816494,0.03542794997064064,0.49481537827250927,0.49481537827250927,0.9999999999999991,8.881784197001252e-16,0.0,7.737891329793374,0.8102634683890467,0.8134125343227386,1.8645406112785663,1.8669446436511445,0.9655413957401656,0.966163114759858,0.001493988882663319,-0.4947724455591,0.4936747439290967
50.0,1.031946931170577,2.660924699700677,0.033895702789842726,0.0354195028291393,0.49481221171745704,0.49481221171745704,0.9999999999999991,8.881784197001252e-16,0.0,7.738218003741345,0.810024814517801,0.8131738629923775,1.8643575306134352,1.8667619346001727,0.9654939907779554,0.9661158308104139,0.0014726123324071555,-0.4947706671566396,0.4937093518125985
50.2,1.0316545251491953,2.661141572241642,0.03389518928664243,0.03541132982926242,0.494808689348435,0.494808689348435,0.9999999999999991,8.881784197001252e-16,0.0,7.7385226074877265,0.8097895069910503,0.8129385317653445,1.86417698184423,1.8665817465386376,0.9654472391181439,0.9660691969502396,0.0014514900953001841,-0.4947684981837203,0.4937426698449392
50.400000000000006,1.0313663183153658,2.661351168438279,0.03389482245348678,0.03540342409858642,0.4948048245164752,0.4948048245164752,0.9999999999999991,8.881784197001252e-16,0.0,7.738805796636895,0.8095575082054809,0.8127065032335881,1.863998937585262,1.866404052311636,0.9654011337638383,0.9660232062471764,0.0014306201136791846,-0.49476595277715674,0.49377473135146244
50.6,1.0310822604240182,2.661553669138076,0.03389459736277507,0.035395778920082506,0.4948006302281906,0.49480063022819065,0.9999999999999991,8.881784197001252e-16,0.0,7.739068211477175,0.8093287807933003,0.8124777402215392,1.8638233705900815,1.866228824900604,0.9653556677515607,0.965977851801702,0.0014100003268009975,-0.49476304471179877,0.4938055689257339
50.800000000000004,1.030802301642494,2.6617492513092786,0.03389450921114265,0.03538838772865031,0.4947961191533462,0.4947961191533462,0.9999999999999991,8.881784197001252e-16,0.0,7.739310477289424,0.8091032876250056,0.8122522057888593,1.863650253754481,1.8660560374262913,0.9653108341520793,0.9659331267477529,0.0013896286713849515,-0.49475978740852716,0.493835214444051
51.0,1.0305263925510006,2.6619380881163037,0.03389455331663572,0.035381244107735146,0.49479130363227364,0.4947913036322737,0.9999999999999991,8.881784197001252e-16,0.0,7.739533204650046,0.8088809918120208,0.8120298632330641,1.863479560119383,1.8658856631516259,0.9652666260712114,0.9658890242535186,0.0013695030821415516,-0.4947561939420835,0.4938636990796795
51.2,1.0302544841429613,2.662120348993779,0.033894725115951554,0.03537434178602685,0.49478619568314275,0.49478619568314275,0.9999999999999991,8.881784197001252e-16,0.0,7.7397369897290105,0.8086618567092152,0.8118106760920275,1.8633112628736301,1.8657176754844795,0.9652230366505979,0.9658455375222113,0.0013496214922893435,-0.4947522770487396,0.49389105331683425
51.400000000000006,1.0299865278252625,2.66229619971926,0.033895020161741965,0.03536767463423745,0.49478080700908256,0.49478080700908256,0.9999999999999991,8.881784197001252e-16,0.0,7.739922414582379,0.8084458459172927,0.8115946081463588,1.8631453353566627,1.865552047980325,0.9651800590684503,0.9658026597928038,0.0013299818340586078,-0.4947480491338073,0.493917306964397
51.6,1.0297224754184013,2.6624658024846433,0.03389543411997843,0.03536123666195554,0.4947751490051572,0.4947751490051572,0.9999999999999991,8.881784197001252e-16,0.0,7.740090047440077,0.8082329232850648,0.8113816234216688,1.8629817510610949,1.8653887543447942,0.9651376865402689,0.9657603843407451,0.0013105820391845074,-0.49474352227899515,0.49394248916938593
51.800000000000004,1.0294622791565393,2.6626293159662784,0.033895962767377524,0.03535502201457551,0.49476923276520135,0.49476923276520135,0.9999999999999991,8.881784197001252e-16,0.0,7.740240442988137,0.8080230529116025,0.8111716861907162,1.8628204836351894,1.8652277684361391,0.9650959123195356,0.9657187044786467,0.0012914200393838032,-0.4947387082496126,0.49396662843017114
52.0,1.029205891687456,2.662786895393825,0.03389660198888492,0.035349024970299334,0.4947630690885188,0.4947630690885188,0.9999999999999991,8.881784197001252e-16,0.0,7.740374142646381,0.8078161991482722,0.8109647609754407,1.8626615068852306,1.8650690642675938,0.9650547296983787,0.9656776135569439,0.0012724937668253666,-0.49473361850162484,0.4939897526094494
52.2,1.0289532660724143,2.662938692617867,0.03389734777521649,0.03534323993720917,0.49475666848644617,0.49475666848644617,0.9999999999999991,8.881784197001252e-16,0.0,7.740491674840892,0.8076123266006601,0.810760812548886,1.8625047947777982,1.864912616009637,0.9650141320082115,0.9656371049645313,0.0012538011545849964,-0.4947282641885638,0.4940118889469778
52.400000000000006,1.0287043557859339,2.6630848561762934,0.0338981962204549,0.03533766145040816,0.4947500411887789,0.4947500411887789,0.9999999999999991,8.881784197001252e-16,0.0,7.740593555271736,0.8074114001303806,0.8105598059370109,1.8623503214419452,1.8647583979921614,0.9649741126203462,0.9655971721293741,0.001235340137089272,-0.4947226561682953,0.49403306407207065
52.6,1.028459114715478,2.6632255313594784,0.03389914351970033,0.0353322841692285,0.4947431971500696,0.49474319715006965,0.9999999999999991,8.881784197001252e-16,0.0,7.7406802871759,0.8072133848567798,0.8103617064203966,1.8621980611712783,1.8646063847065546,0.9649346649465808,0.9655578085190931,0.0012171086505492201,-0.4947168050096478,0.49405330401586495
52.800000000000004,1.028217497161054,2.6633608602742873,0.03390018596677444,0.035327102874504454,0.4947361460558012,0.49473614605580124,0.9999999999999991,8.881784197001252e-16,0.0,7.74075236158545,0.8070176961892397,0.8101664795358455,1.8620475654341295,1.8644565508076811,0.9648956728441485,0.9655190076415265,0.001199104633383366,-0.49471072099890273,0.49407263422335657
53.0,1.0279794578347308,2.6634909819069064,0.033901319951975414,0.03532211246590866,0.49472889732843206,0.49472889732843206,0.9999999999999991,8.881784197001252e-16,0.0,7.740810257581081,0.8068221834604364,0.80997409107788,1.86189718070321,1.8643088711157774,0.964856707928258,0.9654807630452665,0.0011813260266264058,-0.4947044141461515,0.4940910795652162
53.2,1.0277449518600748,2.6636160321845375,0.03390254195988321,0.035317307959349585,0.4947214601333145,0.4947214601333145,0.9999999999999991,8.881784197001252e-16,0.0,7.740854442540996,0.8066295178887205,0.8097845071001373,1.8617489621809156,1.8641633206182595,0.9648183027404159,0.9654430683201747,0.0011637707743308995,-0.49469789419152327,0.4941086643493794
53.400000000000006,1.027513934771507,2.66373614403596,0.033903848567213915,0.035312684484429466,0.4947138433844999,0.4947138433844999,0.9999999999999991,8.881784197001252e-16,0.0,7.7408853723854545,0.8064396653595018,0.809597693916668,1.8616028846534627,1.8640198744714422,0.9647804508138944,0.9654059170978709,0.0011464368239565426,-0.4946911706112804,0.4941254123324272
53.6,1.0272863625135857,2.6638514474509996,0.033905236440722,0.03530823728196049,0.4947060557504225,0.4947060557504225,0.9999999999999991,8.881784197001252e-16,0.0,7.740903491816604,0.8062525920201734,0.8094136181031367,1.8614589230778018,1.8638785080021734,0.9647431457242346,0.965369303052202,0.0011293221267497794,-0.494684252623791,0.49414134673074905
53.800000000000004,1.0270621914402092,2.663962069538896,0.0339067023351487,0.035303961701537455,0.4946981056594652,0.4946981056594652,0.9999999999999991,8.881784197001252e-16,0.0,7.740909234554052,0.806068264281356,0.809232246497928,1.8613170525832918,1.8637391967093824,0.9647063810897255,0.9653332198996878,0.001112424638111037,-0.49467714919537653,0.49415649023149855
54.0,1.0268413783137504,2.6640681345856114,0.033908243091216074,0.035299853199166,0.49469000130541385,0.4946900013054139,0.9999999999999991,8.881784197001252e-16,0.0,7.740903023566187,0.8058866488180337,0.8090535462031588,1.861177248473278,1.8636019162655517,0.9646701505718572,0.9652976613999429,0.0010957423179559361,-0.494669869046039,0.49417086500334606
54.2,1.026623880304119,2.664169764110085,0.03390985563366548,0.035295907334944816,0.49468175065280207,0.49468175065280207,0.9999999999999991,8.881784197001252e-16,0.0,7.740885271297099,0.8057077125706086,0.8088774845856016,1.8610394862265967,1.8634666425181001,0.9646344478757547,0.9652626213560809,0.0010792731310616255,-0.4946624206550693,0.4941844927070281
54.400000000000006,1.0264096549877544,2.6642670769194576,0.033911536969339115,0.03529211977080009,0.4946733614421428,0.4946733614421428,0.9999999999999991,8.881784197001252e-16,0.0,7.740856379889376,0.8055314227458474,0.808704029277517,1.860903741498985,1.8633333514906927,0.9645992667505858,0.9652280936150925,0.0010630150474081196,-0.4946548122665399,0.4941973945056993
54.6,1.026198660346552,2.664360189163274,0.03391328418530375,0.03528848626827117,0.4946648411950549,0.4946648411950549,0.9999999999999991,8.881784197001252e-16,0.0,7.740816741402708,0.8053577468177506,0.8085331481774019,1.8607699901244223,1.8632020193844696,0.9645646009899508,0.9651940720682077,0.0010469660425058563,-0.49464705189468333,0.4942095910750891
54.800000000000004,1.0259908547667254,2.6644492143867033,0.03391509444701567,0.035285002686346024,0.49465619721928417,0.49465619721928417,0.9999999999999991,8.881784197001252e-16,0.0,7.740766738028549,0.8051866525283229,0.8083648094506481,1.8606382081163788,1.8630726225792005,0.9645304444322481,0.9651605506512342,0.0010311240977172315,-0.4946391473291597,0.49422110261347013
55.0,1.0257861970376048,2.6645342635827554,0.033916964996526064,0.03528166497934541,0.494647436613623,0.494647436613623,0.9999999999999991,8.881784197001252e-16,0.0,7.740706742300621,0.8050181078882604,0.8081989815301249,1.860508371668995,1.862945137634362,0.9644967909610204,0.965127523344876,0.0010154872005668225,-0.49463110614021394,0.49423194885143584
55.2,1.025584646350374,2.664615445243559,0.033918893150725354,0.03527846919485406,0.494638566272728,0.494638566272728,0.9999999999999991,8.881784197001252e-16,0.0,7.740637117301559,0.8048520811775519,0.8080356331166726,1.86038045715818,1.8628195412901463,0.9644636345052793,0.9650949841750349,0.0010000533450425508,-0.4946229356837272,0.4942421490614963
55.400000000000006,1.0253861622967482,2.664692865410671,0.033920876299625854,0.035275411471698145,0.4946295928918351,0.4946295928918351,0.9999999999999991,8.881784197001252e-16,0.0,7.7405582168657014,0.8046885409459973,0.8078747331795223,1.860254441142634,1.8626958104683917,0.9644309690398105,0.9650629272130903,0.0009848205318890302,-0.4946146431061634,0.49425172206749235
55.6,1.0251907048675943,2.66476662772447,0.03392291190468212,0.03527248803796765,0.4946205229713846,0.4946205229713846,0.9999999999999991,8.881784197001252e-16,0.0,7.7404703857779635,0.8045274560136422,0.8077162509566367,1.8601303003648006,1.8625739222734463,0.9643987885854581,0.9650313465761603,0.0009697867688917561,-0.4946062353494109,0.4942606862538302
55.800000000000004,1.0249982344514954,2.6648368334726236,0.03392499749714775,0.035269695209082685,0.4946113628215462,0.4946113628215462,0.9999999999999991,8.881784197001252e-16,0.0,7.7403739599690216,0.8043687954711378,0.8075601559549742,1.8600080117517428,1.8624538539929647,0.9643670872093913,0.9650002364273449,0.0009549500711508035,-0.4945977191555262,0.4942690595745449
56.0,1.0248087118332605,2.664903581637668,0.03392713067646776,0.035267029385902274,0.4946021185666511,0.4946021185666511,0.9999999999999991,8.881784197001252e-16,0.0,7.740269266706808,0.8042125286800199,0.8074064179506796,1.8598875524159524,1.8623355830986337,0.9643358590253504,0.9649695909759527,0.0009403084613495843,-0.4945891010713771,0.4942768595621891
56.2,1.0246220981923815,2.664966968943691,0.0339293091087058,0.03526448705287497,0.4945927961495316,0.4945927961495316,0.9999999999999991,8.881784197001252e-16,0.0,7.740156624784291,0.804058625272914,0.8072550069892033,1.859768899656087,1.8622190872468327,0.9643050981938753,0.9649394044777051,0.0009258599700111003,-0.4945803874531902,0.49428410333655415
56.400000000000006,1.024438355101442,2.665027089902155,0.033931530525005846,0.035262064776230236,0.4945834013357761,0.4945834013357761,0.9999999999999991,8.881784197001252e-16,0.0,7.7400363447038565,0.8039049138706664,0.8071058933853513,1.8596503798082649,1.8621043442792313,0.9642743708402242,0.9649096712349301,0.0009116026357503526,-0.4945715844710022,0.4942908076132284
56.6,1.0242574445244723,2.6650840368568685,0.03393379272008689,0.03525975920220926,0.49457393971789104,0.4945739397178911,0.9999999999999991,8.881784197001252e-16,0.0,7.7399087288578,0.8037532606176432,0.8069590477232629,1.8595334320969021,1.8619913322233215,0.9642440501174325,0.9648803855967313,0.0008975345055133033,-0.494562698113019,0.4942969887119872
56.800000000000004,1.0240793288152612,2.665137900028109,0.03393609355077,0.03525756705533446,0.49456441671937645,0.49456441671937645,0.9999999999999991,8.881784197001252e-16,0.0,7.739774071705851,0.803603912732402,0.8068144408563248,1.8594182477950427,1.8618800292928908,0.964214185657037,0.9648515419591469,0.0008836536348139357,-0.49455373418988474,0.49430266256502975
57.0,1.023903970715619,2.6651887675559327,0.0339384309345375,0.03525548513671686,0.494554837598719,0.494554837598719,0.9999999999999991,8.881784197001252e-16,0.0,7.739632659948837,0.8034568406453705,0.8066720439070189,1.8593048047494847,1.8617704138884308,0.9641847717573931,0.9648231347652885,0.0008699580879585889,-0.4945446983388604,0.49430784472505435
57.2,1.0237313333535965,2.665236725542665,0.03394080284812324,0.03525351032240024,0.4945452074533032,0.4945452074533032,0.9999999999999991,8.881784197001252e-16,0.0,7.7394847726993445,0.8033120150576255,0.8065318282667072,1.8591930809950619,1.8616624645974915,0.9641558027642805,0.9647951585054652,0.000856445938265657,-0.4945355960279136,0.49431255037318245
57.400000000000006,1.0235613802416628,2.665281858094603,0.033943207326133026,0.03525163956174119,0.494535531223239,0.494535531223239,0.9999999999999991,8.881784197001252e-16,0.0,7.739330681648742,0.8031694069407789,0.806393765595354,1.859083054755084,1.861556160194976,0.9641272730710497,0.9647676077172932,0.0008431152682756016,-0.4945264325597265,0.4943167943267291
57.6,1.0233940752748398,2.6653242473629337,0.033945642459694794,0.035249869875824145,0.4945258136951065,0.49452581369510656,0.9999999999999991,8.881784197001252e-16,0.0,7.73917065123139,0.8030289875367873,0.806257827821188,1.858974704441707,1.8614514796433763,0.9640991771187523,0.9647404769857875,0.0008299641699554411,-0.49451721307561497,0.4943205910468276
57.800000000000004,1.023229382728796,2.6653639735838777,0.033948106395138,0.03524819835591087,0.49451605950562966,0.49451605950562966,0.9999999999999991,8.881784197001252e-16,0.0,7.739004938785208,0.8028907283577082,0.8061239871403055,1.858868008656254,1.8613484020929576,0.964071509396255,0.9647137609434405,0.0008169907448946218,-0.4945079425593698,0.49432395464590545
58.0,1.0230672672579049,2.6654011151180934,0.033950597332701365,0.03524662216192333,0.4945062731452696,0.4945062731452696,0.9999999999999991,8.881784197001252e-16,0.0,7.7388337947095,0.8027546011853867,0.8059922160162191,1.8587629461894697,1.8612469068818887,0.9640442644403385,0.9646874542702882,0.0008041931044948103,-0.494498625841013,0.49432689889501946
58.2,1.0229076938932624,2.6654357484893163,0.033953113525268204,0.03524513852095893,0.4944964589617412,0.4944964589617412,0.9999999999999991,8.881784197001252e-16,0.0,7.738657462619374,0.8026205780710863,0.805862487179346,1.8586594960217255,1.8611469735363193,0.9640174368357809,0.9646615516939576,0.0007915693701514293,-0.4944892676004789,0.4943294372310482
58.400000000000006,1.022750628040672,2.665467948422297,0.033955653277129016,0.0352437447258379,0.49448662116345543,0.49448662116345543,0.9999999999999991,8.881784197001252e-16,0.0,7.738476179497437,0.8024886313350559,0.805734773626448,1.8585576373231616,1.861048581770403,0.9639910212154249,0.9646360479897025,0.0007791176734292804,-0.49447987237121427,0.494331582763747
58.6,1.0225960354785923,2.6654977878800006,0.03395821494277077,0.035242438133681754,0.49447676382289446,0.4944767638228945,0.9999999999999991,8.881784197001252e-16,0.0,7.738290175842319,0.8023587335660425,0.8056090486200143,1.8584573494537806,1.860951711486278,0.9639650122602322,0.9646109379804284,0.0007668361562314929,-0.4944704445437051,0.4943333482826689
58.800000000000004,1.022443882356055,2.6655253381001143,0.03396079692569215,0.035241216164522214,0.4944668908799131,0.4944668908799131,0.9999999999999991,8.881784197001252e-16,0.0,7.738099675814241,0.8022308576207507,0.8054852856875957,1.8583586119634876,1.8608563427739926,0.9639394046993232,0.9645862165367,0.0007547229709610054,-0.4944609883689262,0.4943347462639478
59.0,1.0222941351905475,2.665550668630863,0.033963397677243885,0.03524007629993942,0.4944570061449659,0.4944570061449659,0.9999999999999991,8.881784197001252e-16,0.0,7.7379048973779545,0.8021049766232448,0.8053634586210907,1.858261404592079,1.860762455911385,0.9639141933100019,0.9645618785767375,0.0007427762806760663,-0.4944515079617208,0.4943357888769569
59.2,1.0221467608658674,2.665573847366145,0.03396601569549424,0.03523901608172957,0.49444711330227237,0.49444711330227237,0.9999999999999991,8.881784197001252e-16,0.0,7.7377060524425785,0.8019810639642947,0.8052435414759797,1.8581657072691762,1.860670031363919,0.9638893729177681,0.9645379190664015,0.0007309942592397672,-0.49444200730410676,0.4943364879908334
59.400000000000006,1.022001726629948,2.665594940579997,0.033968649524119085,0.035238033110600926,0.4944372159129157,0.4944372159129157,0.9999999999999991,8.881784197001252e-16,0.0,7.737503346998809,0.8018590933006801,0.8051255085705158,1.8580715001141208,1.860579049784475,0.9638649383963159,0.9645143330191652,0.0007193750914620267,-0.4944324902485109,0.4943368551808789
59.6,1.0218590000926535,2.66561401296041,0.03397129775131515,0.035237125044897157,0.4944273174178698,0.4944273174178698,0.9999999999999991,8.881784197001252e-16,0.0,7.737296981253398,0.8017384388542269,0.8050093344848706,1.8579783001722,1.8604894920130928,0.96384076450625,0.9644911154960731,0.0007079169732369384,-0.4944229605209385,0.4943369017348374
59.800000000000004,1.021718549223551,2.6656311276425035,0.033973959008736954,0.03523628959934784,0.4944174211409662,0.4944174211409662,0.9999999999999991,8.881784197001252e-16,0.0,7.73708714976093,0.8016184857087829,0.8048949940602338,1.8578856326818998,1.8604013390766792,0.9638167281205177,0.9644682616056905,0.0006966181116731529,-0.49441342172407293,0.494336638659049
60.0,1.021580342349653,2.6656463462410565,0.03397663197045657,0.03523552454384562,0.49440753029179885,0.49440753029179885,0.9999999999999991,8.881784197001252e-16,0.0,7.736874041552943,0.801500422182273,0.8047824623978715,1.8577944159515838,1.860314572188666,0.9637930674519737,0.9644457665040403,0.0006854767252181537,-0.4944038773403087,0.49433607668448565
60.2,1.0214443481531394,2.6656597288824297,0.03397931535194557,0.03523482770224908,0.49439764796856456,0.4943976479685646,0.9999999999999991,8.881784197001252e-16,0.0,7.736657840264509,0.8013842227230646,0.8046717148581466,1.8577046306649259,1.860229172748638,0.9637697775176566,0.9644236253945293,0.0006744910437779805,-0.4943943307347214,0.49433522627266924
60.400000000000006,1.0213105356690533,2.6656713342358724,0.0339820079090788,0.03523419695121075,0.49438777716084387,0.49438777716084387,0.9999999999999991,8.881784197001252e-16,0.0,7.736438724258236,0.8012698620420938,0.8045627270594915,1.8576162576943207,1.8601451223419099,0.9637468533826464,0.9644018335278639,0.0006636593088292231,-0.4943847851579723,0.49433409762147384
60.6,1.021178874282976,2.6656812195442297,0.0339847084371595,0.035233630219029845,0.4943779207523215,0.4943779207523215,0.9999999999999991,8.881784197001252e-16,0.0,7.73621686674587,0.8011573151119475,0.804455474877353,1.857529278100561,1.860062402739077,0.963724290160006,0.9643803862019565,0.0006529797735281423,-0.4943752437491535,0.49433270067081686
60.800000000000004,1.021049333728682,2.665689440654064,0.033987415769965536,0.03523312548452931,0.4943680815234506,0.4943680815234506,0.9999999999999991,8.881784197001252e-16,0.0,7.735992435907271,0.8010465571659028,0.8043499344430912,1.857443673132472,1.8599809958955218,0.96370208301071,0.9643592787618188,0.0006424507028115339,-0.49436570953856845,0.49433104510823633
61.0,1.0209218840857712,2.6656960520451944,0.03399012877881596,0.03523268077595636,0.4943582621540593,0.4943582621540593,0.9999999999999991,8.881784197001252e-16,0.0,7.735765595007154,0.8009375636969137,0.8042460821428465,1.8573594242264995,1.859900883950888,0.9636802271435619,0.9643385065994492,0.0006320703734939842,-0.4943561854504553,0.49432914037436104
61.2,1.0207964957772862,2.665701106859677,0.03399284637165749,0.03523229416990595,0.4943484652258978,0.4943484652258978,0.9999999999999991,8.881784197001252e-16,0.0,7.735536502509363,0.8008303104565694,0.8041438946163724,1.8572765130062654,1.8598220492285173,0.9636587178151015,0.9643180651537079,0.0006218370743593105,-0.49434667430565077,0.49432699566827276
61.400000000000006,1.0206731395673072,2.665704656930213,0.033995567492170906,0.03523196379026702,0.49433869322513585,0.49433869322513585,0.9999999999999991,8.881784197001252e-16,0.0,7.73530531218893,0.8007247734540099,0.804043348755832,1.8571949212820835,1.859744474234858,0.963637550329502,0.9642979499101844,0.0006117491062472558,-0.49433717882419714,0.494324619952765
61.6,1.0205517865585356,2.6657067528080267,0.03399829111889647,0.035231687807190715,0.49432894854480336,0.49432894854480336,0.9999999999999991,8.881784197001252e-16,0.0,7.73507217324168,0.8006209289548013,0.8039444217045658,1.857114631050435,1.8596681416588337,0.9636167200384563,0.964278156401056,0.0006018047821342021,-0.4943277016278911,0.494322021959495
61.800000000000004,1.0204324081898564,2.6657074437901933,0.0340010162643782,0.03523146443608017,0.4943192334871775,0.4943192334871775,0.9999999999999991,8.881784197001252e-16,0.0,7.734837230391797,0.8005187534797823,0.8038470908558262,1.8570356244934145,1.859593034371188,0.9635962223410545,0.964258680204936,0.0005920024272101365,-0.4943182452427804,0.49431921019403857
62.0,1.0203149762338901,2.6657067779464434,0.034003741974326554,0.035231291936601426,0.4943095502661202,0.4943095502661202,0.9999999999999991,8.881784197001252e-16,0.0,7.734600623997035,0.8004182238038665,0.8037513338514823,1.8569578839781344,1.8595191354237939,0.9635760526836504,0.9642395169467161,0.0005823403789497472,-0.4943088121016033,0.49431619294084217
62.2,1.020199462794527,2.6657048021454437,0.03400646732679921,0.03523116861171501,0.4942999010093637,0.4942999010093637,0.9999999999999991,8.881784197001252e-16,0.0,7.734362490151912,0.8003193169548195,0.8036571285806958,1.8568813920561014,1.8594464280489351,0.9635562065597211,0.9642206622973989,0.0005728169871797861,-0.49429940454617755,0.49431297826807996
62.400000000000006,1.0200858403044535,2.665701562080583,0.03400919143139954,0.03523109280672773,0.4942902877607477,0.4942902877607477,0.9999999999999991,8.881784197001252e-16,0.0,7.734122960788643,0.8002220102119961,0.803564453178572,1.8568061314625555,1.8593748956585592,0.9635366795097147,0.9642021119739235,0.0005634306141401452,-0.4942900248297353,0.4943095740324127
62.6,1.0199740815226597,2.665697102295235,0.03401191342849214,0.03523106290836411,0.4942807124824031,0.49428071248240313,0.9999999999999991,8.881784197001252e-16,0.0,7.733882163776048,0.8001262811050573,0.8034732860247786,1.8567320851157847,1.8593045218435045,0.9635174671208928,0.9641838617389822,0.0005541796345430589,-0.4942806751192089,0.4943059878836529
62.800000000000004,1.0198641595319426,2.66569146620755,0.03401463248843565,0.03523107734385728,0.49427117705689555,0.49427117705689555,0.9999999999999991,8.881784197001252e-16,0.0,7.733640223016587,0.8000314778373394,0.8033836057421458,1.8566587490829036,1.859235290372696,0.9634984386555739,0.9641659074008326,0.0005450624356251876,-0.4942713574974652,0.4943022272693406
63.0,1.0197560477363958,2.665684696134753,0.034017347810831926,0.035231134580058845,0.4942616832893153,0.4942616832893153,0.9999999999999991,8.881784197001252e-16,0.0,7.7333972585410145,0.799937516519974,0.8032953911952364,1.8565860586317835,1.8591671851923235,0.9634795773281475,0.9641482448130992,0.0005360774171965232,-0.49426207396549254,0.49429829943922315
63.2,1.0196497198588887,2.6656768333169794,0.03402005862379158,0.03523123312256706,0.4942522329093254,0.4942522329093254,0.9999999999999991,8.881784197001252e-16,0.0,7.733153386601455,0.7998450864368941,0.803208621488895,1.8565145472210036,1.8591001904249866,0.9634610215714257,0.9641308698745705,0.0005272229916852555,-0.49425282644453794,0.4942942114496508
63.400000000000006,1.0195451499385415,2.6656679179406226,0.03402276418321535,0.03523137151487332,0.49424282757316157,0.49424282757316157,0.9999999999999991,8.881784197001252e-16,0.0,7.73290871976236,0.7997541658760012,0.8031232759667752,1.8564441983231643,1.8590342903688206,0.9634427671144191,0.9641137785289896,0.0005184975841787676,-0.4942436167781987,0.4942899701678822
63.6,1.0194423123281855,2.6656579891612573,0.034025463772091126,0.03523154833752623,0.4942334688655912,0.4942334688655912,0.9999999999999991,8.881784197001252e-16,0.0,7.732663366989517,0.7996647333699872,0.8030393342098446,1.856374995590849,1.8589694694966012,0.9634248097322341,0.9640969667648374,0.0005098996324581356,-0.4942344467344679,0.4942855822763046
63.800000000000004,1.0193411816918259,2.6656470851260816,0.03402815669980625,0.03523176220731316,0.49422415830182614,0.49422415830182614,0.9999999999999991,8.881784197001252e-16,0.0,7.73241743373737,0.7995767676948985,0.802956776034869,1.8563069228557865,1.8589057124548205,0.9634071452458715,0.9640804306151091,0.0005014275870331986,-0.49422531800773356,0.4942810542765699
64.0,1.0192417330020893,2.6656352429959465,0.034030842301474774,0.03523201177645873,0.49421489732939555,0.4942148973293956,0.9999999999999991,8.881784197001252e-16,0.0,7.732171022034369,0.7994902478687006,0.8028755814928781,1.856239964128005,1.8588430040627508,0.963389769522025,0.9640641661570876,0.000493079911168634,-0.49421623222073435,0.4942763924936495
64.2,1.0191439415376728,2.6656224989669357,0.03403351993727924,0.035232295731839856,0.4942056873299751,0.4942056873299751,0.9999999999999991,8.881784197001252e-16,0.0,7.731924230566634,0.7994051531497951,0.8027957308676119,1.8561741035949457,1.8587813293114777,0.9633726784728679,0.964048169512108,0.0004848550809101876,-0.49420719092647325,0.4942716030798051
64.4,1.0190477828807838,2.6656088882915223,0.034036188991827046,0.03523261279421719,0.4941965296211763,0.4941965296211763,0.9999999999999991,8.881784197001252e-16,0.0,7.731677154759711,0.7993214630355255,0.8027172046739509,1.8561093256205594,1.8587206733629262,0.9633558680558342,0.9640324368453191,0.00047675158510514237,-0.4941981956100855,0.49426669201848156
64.60000000000001,1.0189532329145785,2.6655944452993188,0.03403884887352076,0.03523296171748245,0.49418742545829725,0.4941874254582973,0.9999999999999991,8.881784197001252e-16,0.0,7.731429886858846,0.7992391572606646,0.8026399836563272,1.8560456147443816,1.8586610215488544,0.9633393342733952,0.9640169643654378,0.0004687679254194721,-0.4941892476906684,0.4942616651281231
64.8,1.0188602678205976,2.6655792034174057,0.0340414990139421,0.0352333412879213,0.4941783760360308,0.4941783760360308,0.9999999999999991,8.881784197001252e-16,0.0,7.731182516007288,0.7991582157958689,0.802564048787122,1.8559829556805802,1.8586023593698413,0.9633230731728275,0.9640017483245005,0.0004609026163524821,-0.4941803485230679,0.4942565280659088
65.0,1.018768864076197,2.6655631951902654,0.034044138867249565,0.03523375032349154,0.4941693824901376,0.4941693824901376,0.9999999999999991,8.881784197001252e-16,0.0,7.730935128323176,0.7990786188461292,0.8024893812650468,1.8559213333169897,1.858544672494251,0.9633070808459773,0.963986785017608,0.0004531541852465931,-0.49417149939962607,0.49425128633141696
65.2,1.018678998451979,2.6655464522993246,0.03404676790958925,0.03523418767311633,0.49416044589908065,0.49416044589908065,0.9999999999999991,8.881784197001252e-16,0.0,7.7306878069746086,0.7990003468491915,0.8024159625135118,1.8558607327141174,1.8584879467571787,0.9632913534290177,0.9639720707826664,0.00044552117229401667,-0.49416270155188985,0.4942459452702124
65.4,1.0185906480092228,2.665529005582098,0.03404938563851861,0.0352346522159919,0.49415156728562243,0.49415156728562243,0.9999999999999991,8.881784197001252e-16,0.0,7.73044063225327,0.7989233804739607,0.8023437741789795,1.855801139104134,1.8584321681593903,0.9632758871022009,0.9639576020001241,0.000438002130541848,-0.49415395615228025,0.49424051007736414
65.60000000000001,1.0185037900973128,2.6655108850509595,0.03405199157244281,0.03523514286090975,0.4941427476183849,0.4941427476183849,0.9999999999999991,8.881784197001252e-16,0.0,7.73019368164633,0.7988477006188969,0.8022727981293071,1.8557425378898476,1.8583773228662355,0.9632606780896058,0.9639433750927036,0.00043059562589130296,-0.49414526431572536,0.49423498580088787
65.8,1.018418402351167,2.6654921199115447,0.03405458525006372,0.03523565854559281,0.4941339878133777,0.4941339878133777,0.9999999999999991,8.881784197001252e-16,0.0,7.729947029906991,0.7987730077228739,0.8022030164520756,1.8556846972783863,1.8583233972065567,0.9632456662438601,0.9639293865251304,0.0004233002370953587,-0.49413662710125456,0.4942293773451235
66.0,1.018334462688669,2.6654727385807773,0.034057166229840855,0.03523619823604537,0.4941252887354879,0.4941252887354879,0.9999999999999991,8.881784197001252e-16,0.0,7.729700749123351,0.7986988676666339,0.8021344114529104,1.855627281208064,1.8582703776715763,0.9632307643513272,0.9639156328038575,0.0004161145557542989,-0.49412804551355943,0.49422368947404033
66.2,1.0182519493080975,2.6654527687045384,0.0340597340894644,0.03523676092591647,0.49411665119993714,0.49411665119993714,0.9999999999999991,8.881784197001252e-16,0.0,7.7294549087859,0.7986259732696255,0.8020669656537894,1.8555708263454043,1.8582182509137781,0.9632161117079212,0.9639021104767858,0.00040903718630520836,-0.49411952050451585,0.4942179268144757
66.4,1.0181708406855616,2.665432237174988,0.03406228842533989,0.03523734563587653,0.4941080759737053,0.4941080759737054,0.9999999999999991,8.881784197001252e-16,0.0,7.729209575853508,0.7985543061400604,0.8020006617913429,1.8555153186207494,1.8581670037457731,0.9632017046732104,0.9638888161329825,0.0004020667460119115,-0.4941110529746743,0.4942120938593093
66.60000000000001,1.0180911155724361,2.6654111701475363,0.0340648288520843,0.03523795141300685,0.49409956377692354,0.4940995637769236,0.9999999999999991,8.881784197001252e-16,0.0,7.72896481481804,0.7984838481089719,0.8019354828151454,1.8554607441307298,1.8581166231391528,0.9631875396495162,0.9638757464023944,0.00039520186495065057,-0.49410264377471524,0.49420619497057106
66.8,1.0180127529928003,2.66538959305747,0.0340673550020334,0.03523857733020181,0.4940911152842318,0.4940911152842318,0.9999999999999991,8.881784197001252e-16,0.0,7.728720687767505,0.7984145812285375,0.8018714118859972,1.855407089137154,1.8580670962233339,0.9631736130816377,0.9638628979555605,0.00038844118599205835,-0.49409429370686986,0.49420023438248545
67.0,1.0179357322408817,2.6653675306362525,0.03406986652476019,0.03523922248558346,0.49408273112610795,0.49408273112610795,0.9999999999999991,8.881784197001252e-16,0.0,7.7284772544479114,0.7983464877703828,0.8018084323742013,1.8553543400658823,1.858018410284393,0.9631599214565716,0.9638502675033175,0.00038178336478235375,-0.4940860035263102,0.4941942162044544
67.2,1.0178600328785035,2.6653450069274935,0.034072363086603774,0.035239886001928115,0.4940744118901632,0.49407441189016327,0.9999999999999991,8.881784197001252e-16,0.0,7.728234572323716,0.7982795502238811,0.8017465278578312,1.855302483505691,1.8579705527638921,0.9631464613032282,0.9638378517965086,0.00037522706972066555,-0.4940777739425074,0.4941881444239784
67.4,1.017785634732535,2.6653220453025983,0.034074844370209224,0.0352405670261051,0.49406615812241117,0.49406615812241117,0.9999999999999991,8.881784197001252e-16,0.0,7.727992696637037,0.7982137512944392,0.8016856821209956,1.855251506207121,1.85792351125769,0.9631332291921448,0.963825647625684,0.00036877098193459357,-0.4940696056205559,0.4941820229095171
67.60000000000001,1.0177125178923494,2.6652986684760918,0.034077310074077584,0.035241264728527046,0.4940579703285052,0.4940579703285052,0.9999999999999991,8.881784197001252e-16,0.0,7.727751680465419,0.7981490739017744,0.8016258791520946,1.855201395081315,1.8578772735147524,0.9631202217351947,0.9638136518208026,0.0003624137952516898,-0.4940614991824698,0.49417585541329184
67.8,1.0176406627072871,2.6652748985206474,0.03407975991212589,0.035241978302611554,0.49404984897494786,0.49404984897494786,0.9999999999999991,8.881784197001252e-16,0.0,7.72751157477854,0.7980855011781841,0.801567103142073,1.8551521371988453,1.857831827435953,0.9631074355852932,0.963801861250929,0.00035615421617189724,-0.4940534552084486,0.49416964557402976
68.0,1.0175700497841245,2.6652507568818016,0.03408219361325727,0.03524270696425395,0.4940417944902693,0.49404179449026936,0.9999999999999991,8.881784197001252e-16,0.0,7.72727242849353,0.7980230164668058,0.8015093384826711,1.8551037197885278,1.8577871610728605,0.9630948674361014,0.9637902728239311,0.0003499909638335075,-0.4940454742381128,0.4941633969196514
68.2,1.0175006599845482,2.6652262643923725,0.03408461092094068,0.03524344995131123,0.4940338072661816,0.4940338072661816,0.9999999999999991,8.881784197001252e-16,0.0,7.727034288529114,0.7979616033198751,0.8014525697646675,1.855056130236232,1.8577432626265284,0.9630825140217263,0.9637788834861724,0.0003439227699799374,-0.49403755677171046,0.4941571128699027
68.4,1.0174324744226397,2.6652014412865888,0.03408701159280029,0.03524420652309669,0.4940258876587048,0.4940258876587048,0.9999999999999991,8.881784197001252e-16,0.0,7.726797199858541,0.7979012454969646,0.8013967817761231,1.8550093560836722,1.8577001204462726,0.9630703721164177,0.9637676902222054,0.0003379483789231058,-0.49402970327129775,0.4941507967389318
68.60000000000001,1.017365474462364,2.6651763072139185,0.03408939540021415,0.03524497595988503,0.4940180359892671,0.4940180359892671,0.9999999999999991,8.881784197001252e-16,0.0,7.72656120556137,0.7978419269632369,0.8013419595006209,1.854963385027201,1.8576577230284452,0.9630584385342646,0.9637566900544623,0.000332066547504839,-0.4940219141618881,0.4941444517378125
68.8,1.0172996417150673,2.6651508812526408,0.0340917621279218,0.035245757562427635,0.4940102525457752,0.49401025254577524,0.9999999999999991,8.881784197001252e-16,0.0,7.7263263468742025,0.7977830779757232,0.8012880881155041,1.8549177756107098,1.8576160590152033,0.9630465986837351,0.9637458800429426,0.00032627604505644503,-0.4940141898325778,0.49413808097701717
69.0,1.0172349580369857,2.6651251819231074,0.034094111573641124,0.03524655065147814,0.494002537583663,0.494002537583663,0.9999999999999991,8.881784197001252e-16,0.0,7.7260926632399824,0.7977250780628526,0.8012351529901139,1.854872822053046,1.8575751171932733,0.9630349289466139,0.9637352572849027,0.0003205756533559284,-0.4940065306376436,0.4941316874688328
69.2,1.017171405526757,2.665099227200763,0.03409644354769387,0.035247354567327985,0.49399489132691565,0.49399489132691565,0.9999999999999991,8.881784197001252e-16,0.0,7.725860192356612,0.7976680819997308,0.8011831396840262,1.8548286444186601,1.857534886492712,0.9630234604978264,0.9637248189145401,0.0003149641665833314,-0.4939989368976137,0.49412527412973345
69.4,1.017108966522949,2.66507303452888,0.03409875787263976,0.03524816866935141,0.49398731396906814,0.49398731396906814,0.9999999999999991,8.881784197001252e-16,0.0,7.725628970224122,0.7976120744005076,0.8011320339452843,1.8547852308920934,1.857495355985659,0.9630121902772351,0.9637145621026794,0.0003094403912743543,-0.4939914089003144,0.4941188437826973
69.60000000000001,1.0170476236015882,2.6650466208310344,0.03410105438291889,0.035248992335559975,0.4939798056741755,0.4939798056741755,0.9999999999999991,8.881784197001252e-16,0.0,7.725399031191033,0.7975570400775641,0.8010818217086407,1.854742569807428,1.8574565148850946,0.9630011152632567,0.9637044840564568,0.00030400314627242186,-0.49398394690189196,0.4941123991594782
69.8,1.0169873595737071,2.665020002523338,0.03410333292450267,0.03524982496216675,0.49397236657776783,0.4939723665777679,0.9999999999999991,8.881784197001252e-16,0.0,7.725170407999556,0.7975029640397413,0.8010324890937893,1.8547006496470435,1.8574183525435883,0.962990232472549,0.9636945820190032,0.0002986512626786536,-0.49397655112780814,0.4941059429028273
70.0,1.016928157482897,2.664993195526395,0.0341055933545527,0.035250665963159226,0.4939649967877781,0.4939649967877781,0.9999999999999991,8.881784197001252e-16,0.0,7.724943131829723,0.7974498314905544,0.8009840224036062,1.8546594590403604,1.8573808584520466,0.9629795389596916,0.9636848532691252,0.0002933835837995863,-0.4939692217738147,0.4940994775686702
70.2,1.0168700006028706,2.664966215277037,0.03410783554108739,0.03525151476988134,0.4939576963854442,0.4939576963854442,0.9999999999999991,8.881784197001252e-16,0.0,7.724717232342724,0.7973976278264088,0.8009364081223886,1.8546189867625809,1.8573440222384587,0.9629690318168678,0.9636752951209887,0.00028819896509461873,-0.4939619590069023,0.4940930056282368
70.4,1.0168128724350383,2.664939076739791,0.03411005936265657,0.03525237083062423,0.4939504654261947,0.49395046542619475,0.9999999999999991,8.881784197001252e-16,0.0,7.724492737723048,0.797346338634825,0.8008896329140979,1.8545792217334314,1.8573078336666453,0.9629587081735456,0.9636659049237984,0.00028309627412048677,-0.4939547629662274,0.4940865294701453
70.60000000000001,1.0167567567060949,2.6649117944181357,0.034112264708023705,0.03525323361022571,0.49394330394051045,0.49394330394051045,0.9999999999999991,8.881784197001252e-16,0.0,7.724269674719793,0.7972959496926446,0.8008436836206017,1.8545401530158907,1.8572722826349968,0.9629485651961551,0.9636566800614795,0.000278074390475766,-0.49394763376401657,0.4940800514024436
70.8,1.0167016373656155,2.6648843823654973,0.034114451475855394,0.035254102589678045,0.49393621193476606,0.49393621193476606,0.9999999999999991,8.881784197001252e-16,0.0,7.72404806868699,0.7972464469642545,0.8007985472599247,1.8545017698149255,1.8572373591752207,0.9629386000877675,0.963647617952358,0.00027313220574143315,-0.4939405714864485,0.4940735736546065
71.0,1.0166474985836653,2.6648568541960302,0.03411661957441821,0.03525497726574386,0.49392918939204705,0.49392918939204705,0.9999999999999991,8.881784197001252e-16,0.0,7.723827943623012,0.7971978165998009,0.8007542110244964,1.8544640614762165,1.8572030534510835,0.9629288100877718,0.9636387160488395,0.0002682686234229126,-0.4939335761945158,0.49406709837949025
71.2,1.016594324748422,2.6648292230951824,0.03411876892128273,0.035255857150580425,0.49392223627295173,0.49392223627295173,0.9999999999999991,8.881784197001252e-16,0.0,7.723609322209105,0.7971500449334066,0.8007106622794072,1.8544270174848836,1.8571693557571531,0.96291919247155,0.9636299718370912,0.00026348255888920813,-0.49392664792486374,0.4940606276552455
71.4,1.0165421004638073,2.6648015018300186,0.03412089944303458,0.035256741771371704,0.49391535251637253,0.49391535251637253,0.9999999999999991,8.881784197001252e-16,0.0,7.723392225847032,0.7971031184813938,0.8006678885606671,1.8543906274642123,1.8571362565175442,0.9629097445501541,0.9636213828367197,0.0002587729393096483,-0.4939197866906098,0.49405416348719045
71.60000000000001,1.016490810547135,2.6647737027593412,0.034123011074992174,0.03525763066996812,0.49390853804025275,0.4939085380402528,0.9999999999999991,8.881784197001252e-16,0.0,7.723176674695764,0.7970565346955946,0.8006258775734665,1.8543545017578371,1.857103746284661,0.9629003651608317,0.963612946600452,0.00025413870359232427,-0.4939129924821433,0.4940477078096412
71.8,1.016440440026769,2.6647458378435935,0.03412510376093136,0.03525852340253402,0.4939017927423312,0.4939017927423312,0.9999999999999991,8.881784197001252e-16,0.0,7.722962687707472,0.7970107376269164,0.8005846171904474,1.854318984777946,1.857071815737943,0.962891143727306,0.9636046607138158,0.0002495788023183093,-0.4939062652679038,0.49404126248770597
72.0,1.0163909741397938,2.664717918654564,0.03412717745281652,0.03525941953920268,0.49389511650086426,0.49389511650086426,0.9999999999999991,8.881784197001252e-16,0.0,7.722750282662586,0.7969657550631026,0.800544095449974,1.8542840981459712,1.8570404556826139,0.9628820858678657,0.963596522794819,0.00024509219767664125,-0.4938996049951414,0.4940348293190382
72.2,1.0163423983297022,2.664689956384872,0.0341292321105381,0.035260318663738424,0.493888509175331,0.493888509175331,0.9999999999999991,8.881784197001252e-16,0.0,7.72253947620404,0.7969215741073955,0.8005043005544115,1.8542498319303509,1.8570096570484262,0.9628731890084907,0.9635885304936306,0.0002406778633971679,-0.4938930115906576,0.4940284100355527
72.4,1.016294698244092,2.664661961857263,0.03413126770165647,0.03526122037320604,0.4938819706071197,0.4938819706071197,0.9999999999999991,8.881784197001252e-16,0.0,7.722330283870823,0.7968781820377288,0.8004652208684121,1.8542161763322886,1.8569794108884188,0.962864450609456,0.9635806814922618,0.00023633478468292057,-0.49388648496152854,0.4940220063051065
72.60000000000001,1.0162478597323787,2.664633945533704,0.03413328420115191,0.03526212427764719,0.4938755006201966,0.4938755006201966,0.9999999999999991,8.881784197001252e-16,0.0,7.72212272013055,0.7968355663049649,0.8004268449172033,1.8541831216844764,1.8569497083776654,0.9628558681650058,0.9635729735042478,0.00023206195814097497,-0.4938800249958087,0.49401561973313923
72.8,1.0162018688435224,2.6646059175242858,0.03413528159118082,0.03526302999976382,0.49386909902176185,0.49386909902176185,0.9999999999999991,8.881784197001252e-16,0.0,7.721916798411506,0.7967937145311323,0.8003891613848856,1.8541506584498142,1.856920540812033,0.9628474392030262,0.9635654042743289,0.0002278583917125071,-0.49387363156321695,0.4940092518642815
73.0,1.0161567118237669,2.664577887595944,0.03413725986083759,0.03526393717460815,0.49386276560288067,0.49386276560288067,0.9999999999999991,8.881784197001252e-16,0.0,7.721712531133738,0.7967526145076654,0.800352159112737,1.8541187772201297,1.85689189960694,0.9628391612847189,0.9635579715781339,0.00022372310460259948,-0.49386730451580757,0.4940029041839269
73.2,1.0161123751143952,2.664549865180976,0.034139219005922324,0.03526484544927926,0.4938565001391066,0.4938565001391066,0.9999999999999991,8.881784197001252e-16,0.0,7.721509929739537,0.7967122541936548,0.800315827097523,1.8540874687149038,1.8568637762961178,0.9628310320042749,0.9635506732218644,0.00021965512720698022,-0.4938610436886211,0.4939965781197699
73.4,1.0160688453494966,2.6645218593853994,0.03414115902871441,0.03526575448262642,0.493850302391083,0.493850302391083,0.9999999999999991,8.881784197001252e-16,0.0,7.721309004723182,0.7966726217141014,0.8002801544898132,1.8540567237799943,1.8568361625303824,0.962823048988549,0.9635435070419764,0.00021565350104169045,-0.49385484890032033,0.49399027504330917
73.60000000000001,1.0160261093537533,2.664493878997113,0.03414307993775154,0.03526666394495857,0.49384417210513365,0.49384417210513365,0.9999999999999991,8.881784197001252e-16,0.0,7.721109765659922,0.79663370535817,0.8002451305923094,1.854026533386361,1.856809050076396,0.9628152098967333,0.9635364709048676,0.00021171727866765855,-0.49384871995381013,0.49398399627132084
73.8,1.0159841541402355,2.664465932493895,0.03414498174761403,0.03526757351775996,0.493838109013831,0.493838109013831,0.9999999999999991,8.881784197001252e-16,0.0,7.720912221234273,0.7965954935774588,0.8002107448581768,1.8539968886287967,1.8567824308154486,0.9628075124200325,0.9635295627065628,0.0002078455236172866,-0.4938426566368405,0.49397774306729414
74.0,1.0159429669082172,2.6644380280512188,0.03414686447871461,0.03526848289341208,0.49383211283655754,0.49383211283655754,0.9999999999999991,8.881784197001252e-16,0.0,7.720716379267778,0.7965579749842693,0.8001769868893855,1.8539677807246588,1.8567562967422295,0.9627999542813396,0.9635227803724007,0.00020403731031945482,-0.49383665872259536,0.4939715166428423
74.2,1.0159025350410018,2.6644101735499155,0.034148728157093515,0.035269391774921506,0.49382618328004807,0.49382618328004807,0.9999999999999991,8.881784197001252e-16,0.0,7.720522246745924,0.7965208373776265,0.8001438464350606,1.8539389674995737,1.8567306399636163,0.9627924726003688,0.9635161218567219,0.0002002917240243457,-0.4938307259702633,0.493965318159076
74.4,1.015862846103768,2.664382376583657,0.03415057281421848,0.03527029987565366,0.4938203200389182,0.4938203200389182,0.9999999999999991,8.881784197001252e-16,0.0,7.720329829844427,0.7964842890099926,0.8001113133898408,1.8539106105612515,1.8567054526974576,0.9627851093426644,0.9635095851425581,0.00019660786072607517,-0.4938248581255979,0.49395914872794977
74.60000000000001,1.0158238878414276,2.6643546444662816,0.03415239848678982,0.03527120691907214,0.49381452279617843,0.49381452279617843,0.9999999999999991,8.881784197001252e-16,0.0,7.720139133955103,0.7964484071670428,0.8000793777922429,1.8538827699182754,1.8566807272713692,0.9627778800931502,0.9635031682413221,0.00019298482708668407,-0.4938190549214588,0.49395300941357845
74.8,1.0157856481764997,2.664326984238967,0.03415420521655034,0.035272112638483816,0.4938087912237358,0.4938087912237358,0.9999999999999991,8.881784197001252e-16,0.0,7.719950163710837,0.7964131809888345,0.8000480298230397,1.8538554371906049,1.8566564561215282,0.9627707826788153,0.9634968691925002,0.00018942174035942172,-0.49381331607834256,0.4939469012335234
75.0,1.0157481152069994,2.664299402677241,0.034155993050100225,0.035273016776789616,0.49380312498288265,0.49380312498288265,0.9999999999999991,8.881784197001252e-16,0.0,7.7197629230100775,0.7963785997687566,0.8000172598036436,1.8538286041153436,1.856632631791478,0.9627638149569485,0.9634906860633441,0.00018591772830747755,-0.4938076413048957,0.49394082516005045
75.2,1.0157112772043455,2.6642719062978406,0.034157762038716385,0.035273919086240384,0.4937975237247693,0.4937975237247693,0.9999999999999991,8.881784197001252e-16,0.0,7.719577415040752,0.7963446529518378,0.7999870581945003,1.853802262545488,1.8566092469309374,0.9627569748148178,0.9634846169485644,0.00018247192912988763,-0.49380203029841735,0.4939347821213591
75.4,1.0156751226112792,2.664244501365423,0.03415951223817642,0.035274819328198204,0.4937919870908667,0.49379198709086675,0.9999999999999991,8.881784197001252e-16,0.0,7.719393642303548,0.796311330133061,0.7999574155934931,1.8537764044486822,1.8565862942946132,0.9627502601693507,0.9634786599700295,0.00017908349137887858,-0.49379648274534754,0.493928773002786
75.60000000000001,1.0156396400398036,2.6642171938991335,0.034161243708587224,0.035275717272903025,0.4937865147134149,0.4937865147134149,0.9999999999999991,8.881784197001252e-16,0.0,7.719211606634659,0.7962786210556927,0.7999283227343554,1.853751021905977,1.8565637667410215,0.9627436689668162,0.9634728132764577,0.00017575157388206863,-0.49379099832174095,0.49392279864797894
75.8,1.0156048182691344,2.6641899896790173,0.034162956514217864,0.035276612699244286,0.4937811062158629,0.4937811062158629,0.9999999999999991,8.881784197001252e-16,0.0,7.719031309227961,0.7962465156096098,0.7998997704850939,1.8537261071105906,1.8565416572313131,0.9627371991825061,0.9634670750431192,0.00017247534566267042,-0.4937855766937298,0.4939168598600466
76.0,1.0155706462436709,2.664162894252308,0.03416465072333671,0.03527750539453743,0.4937757612132904,0.4937757612132905,0.9999999999999991,8.881784197001252e-16,0.0,7.718852750656606,0.79621500382965,0.7998717498464212,1.8537016523666832,1.8565199588281092,0.9627308488204205,0.9634614434715354,0.00016925398585800056,-0.49378021751797413,0.49391095740268104
76.2,1.0155371130709787,2.664135912939561,0.03416632640805287,0.035278395154305496,0.49377047931282103,0.4937704793128211,0.9999999999999991,8.881784197001252e-16,0.0,7.718675930894161,0.7961840758939529,0.7998442519501991,1.853677650088122,1.8564986646943331,0.9627246159129511,0.9634559167891791,0.00016608668364063994,-0.4937749204420982,0.49390509200125465
76.4,1.0155042080197931,2.664109050840667,0.03416798364416174,0.03527928178206542,0.49376526011402677,0.49376526011402677,0.9999999999999991,8.881784197001252e-16,0.0,7.718500849335135,0.796153722122329,0.7998172680578917,1.8536540927972682,1.856477768092065,0.9627184985205688,0.9634504932491793,0.00016297263813547236,-0.49376968510511693,0.4938992643438934
76.60000000000001,1.0154719205180365,2.664082312840715,0.0341696225109945,0.03528016508911912,0.49376010320931807,0.49376010320931807,0.9999999999999991,8.881784197001252e-16,0.0,7.718327504815053,0.7961238332713446,0.7997907895590283,1.8536308957420171,1.8564572623813878,0.9627124746367156,0.9634451711300251,0.00015991105834013697,-0.4937645111378492,0.4938934750825248
76.80000000000001,1.01544024015085,2.664055703615744,0.03417124309127153,0.0352810448943489,0.49375500818432055,0.49375500818432055,0.9999999999999991,8.881784197001252e-16,0.0,7.718155895630016,0.7960943175388218,0.79976480796968,1.8536079876981308,1.8564371410192462,0.9627065257672422,0.9634399487352726,0.00015690116304255264,-0.4937593981633215,0.49388772483390175
77.0,1.0154091566586458,2.6640292276383537,0.034172845470959855,0.03528192102401782,0.49374997461824743,0.49374997461824743,0.9999999999999991,8.881784197001252e-16,0.0,7.717986019555759,0.7960653527191796,0.7997393149309403,1.8535855066836862,1.8564173975583176,0.9627006877550571,0.9634348243932529,0.0001539421807393443,-0.49375434579715777,0.49388201418060346
77.2,1.015378659935172,2.6640028891831937,0.03417442973913419,0.03528279331157415,0.493745002084258,0.49374500208425803,0.9999999999999991,8.881784197001252e-16,0.0,7.717817873866225,0.7960369296060241,0.7997143022074252,1.85356344558398,1.8563980256458805,0.9626949587545692,0.9634297964567823,0.00015103334955476888,-0.4937493536479612,0.4938763436720141
77.4,1.015348740025597,2.6639766923323327,0.034175995987841726,0.03528366159746028,0.493740090149803,0.493740090149803,0.9999999999999991,8.881784197001252e-16,0.0,7.717651455351636,0.796009039127549,0.7996897616857761,1.8535417973875186,1.8563790190226968,0.962689336946909,0.9634248633028731,0.0001481739171568519,-0.4937444213176833,0.4938707138252756
77.60000000000001,1.0153193871246071,2.663950640980505,0.03417754431197047,0.0352845257289258,0.4937352383769659,0.4937352383769659,0.9999999999999991,8.881784197001252e-16,0.0,7.717486760336282,0.7959816723449507,0.7996656853731793,1.8535205551848333,1.856360371521897,0.9626838205396231,0.9634200233324496,0.00014536314067697953,-0.4937395484019837,0.4938651251262245
77.80000000000001,1.0152905915745232,2.663924738840239,0.03417907480912127,0.03528538555984495,0.4937304463227908,0.49373044632279084,0.9999999999999991,8.881784197001252e-16,0.0,7.717323784695529,0.7959548204508569,0.7996420653958941,1.853499712167302,1.8563420770678813,0.9626784077663714,0.963415274970061,0.00014260028662572977,-0.49373473449057903,0.49385957803030067
78.0,1.0152623438634327,2.663898989446871,0.03418058757948315,0.03528624095053791,0.4937257135396011,0.4937257135396011,0.9999999999999991,8.881784197001252e-16,0.0,7.717162523872746,0.7959284747677505,0.7996188939977908,1.8534792616259679,1.8563241296752147,0.9626730968866222,0.9634106166635997,0.00013988463081236746,-0.4937299791675826,0.4938540729634391
78.2,1.015234634623339,2.66387339616345,0.03418208272571197,0.03528709176759617,0.49372103957530944,0.49372103957530944,0.9999999999999991,8.881784197001252e-16,0.0,7.7170029728955285,0.7959026267464206,0.7995961635389036,1.853459196950375,1.856306523447542,0.9626678861853537,0.9634060468840216,0.00013721545826074488,-0.4937252820118342,0.49384861032293925
78.4,1.0152074546283254,2.6638479621855202,0.0341835603528126,0.035287937883711866,0.4937164239737188,0.49371642397371884,0.9999999999999991,8.881784197001252e-16,0.0,7.716845126391679,0.7958772679644155,0.799573866493992,1.8534395116274092,1.856289252576505,0.962662773972754,0.9634015641250655,0.0001345920631267844,-0.4937206425972192,0.4938431904783156
78.60000000000001,1.015180794792738,2.663822690545809,0.034185020568024145,0.035288779177511,0.49371186627481306,0.49371186627481306,0.9999999999999991,8.881784197001252e-16,0.0,7.7166889786046635,0.7958523901245041,0.7995519954511136,1.853420199240138,1.856272311340667,0.9626577585839237,0.9633971669029775,0.0001320137486165579,-0.4937160604929803,0.49383781377212516
78.80000000000001,1.0151546461693834,2.6637975841187984,0.034186463480708335,0.035289615533390176,0.49370736601504267,0.49370736601504267,0.9999999999999991,8.881784197001252e-16,0.0,7.716534523408656,0.7958279850531585,0.7995305431102103,1.853401253466671,1.8562556941044472,0.9626528383785807,0.9633928537562353,0.00012947982690332538,-0.4937115352640193,0.49383248052077944
79.0,1.015128999947744,2.663772645625195,0.03418788920224107,0.035290446841357306,0.4937029227275961,0.4937029227275961,0.9999999999999991,8.881784197001252e-16,0.0,7.716381754323403,0.7958039013492095,0.799509502281704,1.8533825567924838,1.856239395317064,0.9626479828395061,0.9633886232452769,0.00012698961904442085,-0.49370706647118917,0.4938271910153355
79.2,1.0151038474522087,2.663747877636298,0.03418929784590702,0.03529127299687586,0.4936985359426692,0.49369853594266927,0.9999999999999991,8.881784197001252e-16,0.0,7.716230664528311,0.7957802133485465,0.7994888658851051,1.853364166942867,1.8562234095114798,0.9626432069590883,0.9633844739522275,0.00012454245489974813,-0.49370265367157923,0.4938219455222663
79.4,1.0150791801403218,2.6637232825782746,0.03419068952679704,0.03529209390071248,0.4936942051877216,0.49369420518772167,0.9999999999999991,8.881784197001252e-16,0.0,7.71608124687656,0.7957569780112712,0.7994686269476318,1.8533461281575765,1.8562077313033654,0.9626385222277498,0.9633804044806326,0.00012213767304759815,-0.49369829641878993,0.49381674428421685
79.60000000000001,1.0150549896010463,2.6636988627363154,0.03419206436170849,0.03529290945878819,0.49368992998772726,0.49368992998772726,0.9999999999999991,8.881784197001252e-16,0.0,7.715933493908583,0.79573418758473,0.7994487786028416,1.8533284344381638,1.8561923553900597,0.9626339270889935,0.9633764134551909,0.0001197746207034639,-0.49369399426320176,0.49381158752073945
79.80000000000001,1.0150312675530457,2.663674620258723,0.03419342246904849,0.03529371958203309,0.4936857098654174,0.4936857098654174,0.9999999999999991,8.881784197001252e-16,0.0,7.715787397865315,0.7957118344333162,0.7994293140892745,1.8533110798762042,1.8561772765495492,0.9626294200096475,0.963372499521489,0.00011745265363816149,-0.4936897467522338,0.49380647542901274
80.0,1.01500800584298,2.663650557160881,0.034194763968739925,0.03529452418624427,0.4936815443415171,0.4936815443415171,0.9999999999999991,8.881784197001252e-16,0.0,7.715642950700988,0.7956899110370081,0.799410226749109,1.8532940586521962,1.8561624896394462,0.96262499947958,0.9633686613457388,0.00011517113609324503,-0.49368555343059484,0.4938014081845419
80.2,1.0149851964438215,2.663626675329147,0.034196088982129946,0.03529532319194691,0.49367743293497096,0.49367743293497096,0.9999999999999991,8.881784197001252e-16,0.0,7.715500144095679,0.7956684099899184,0.7993915100268252,1.8532773650344598,1.8561479895959816,0.9626206640114165,0.9633648976145184,0.00011292944070119548,-0.4936814138405287,0.4937963859418446
80.4,1.014962831453183,2.6636029765246465,0.034197397631901286,0.03529611652425877,0.4936733751631644,0.4936733751631644,0.9999999999999991,8.881784197001252e-16,0.0,7.71535896946748,0.7956473239988568,0.7993731574678875,1.8532609933780528,1.856133771433004,0.9626164121402593,0.9633612070345127,0.00011072694840261188,-0.49367732752204957,0.4937914088351181
80.60000000000001,1.014940903091666,2.663579462386982,0.034198690041986085,0.03529690411275753,0.49366937054213633,0.49366937054213633,0.9999999999999991,8.881784197001252e-16,0.0,7.715219417984339,0.7956266458819022,0.799355162717432,1.8532449381236873,1.8561198302409865,0.9626122424234081,0.9633575883322569,0.00010856304836431852,-0.4936732940131719,0.49378647697889183
80.80000000000001,1.0149194037012221,2.663556134437856,0.034199966337482325,0.035297685891351564,0.4936654185867898,0.4936654185867898,0.9999999999999991,8.881784197001252e-16,0.0,7.715081480575566,0.7956063685669863,0.7993375195189697,1.8532291937966587,1.856106161186044,0.9626081534400837,0.9633540402538838,0.00010643713789773579,-0.49366931285013105,0.4937815904686631
81.0,1.0148983257435331,2.6635329940846044,0.03420122664457254,0.03529846179815341,0.4936615188110862,0.4936615188110862,0.9999999999999991,8.881784197001252e-16,0.0,7.714945147942981,0.7955864850904952,0.7993202217131001,1.8532137550057846,1.8560927595089558,0.9626041437911538,0.963350561564871,0.0001043486223776674,-0.49366538356760015,0.4937767493815173
81.2,1.0148776617984068,2.6635100426236535,0.03420247109044503,0.03529923177535626,0.49365767072824446,0.4936576707282445,0.9999999999999991,8.881784197001252e-16,0.0,7.7148104105719515,0.7955668597369276,0.7993032632362379,1.853198516385622,1.8560796205242005,0.9626001861127049,0.9633471510497911,0.00010229691516104589,-0.4936615056988964,0.4937719537767345
81.4,1.0148574045621872,2.663487281243886,0.03420369980321746,0.03529999576911339,0.4936538738509251,0.49365387385092513,0.9999999999999991,8.881784197001252e-16,0.0,7.714677258741809,0.7955475950310951,0.7992866381193487,1.8531835575560704,1.856066739618995,0.9625963010838834,0.9633438075120639,0.00010028143750612228,-0.49365767877618355,0.49376720369637933
81.60000000000001,1.0148375468461834,2.66346471102994,0.03420491291186266,0.03530075372942037,0.493650127691411,0.49365012769141103,0.9999999999999991,8.881784197001252e-16,0.0,7.71454568253631,0.7955287066503492,0.7992703404867016,1.8531688907042654,1.8560541122523493,0.9625924918707665,0.9633405297737131,9.830161849160024e-05,-0.4936539023306669,0.49376249916587733
81.80000000000001,1.0148180815751149,2.6634423329654187,0.03420611054613671,0.03530150561000001,0.4936464317617841,0.4936464317617841,0.9999999999999991,8.881784197001252e-16,0.0,7.714415671853506,0.7955101880060962,0.7992543645546278,1.8531545107279033,1.8560417339541186,0.962588757149098,0.9633373166751207,9.635689493583954e-05,-0.4936501758927817,0.49375784019457686
82.0,1.0147990017855684,2.663420147936025,0.03420729283650922,0.035302251368190096,0.4936427855740943,0.4936427855740943,0.9999999999999991,8.881784197001252e-16,0.0,7.714287216415549,0.7954920326119929,0.7992387046302952,1.853140412603496,1.856029600324077,0.962585095615053,0.9633341670747868,9.444671131761395e-05,-0.4936464989923752,0.49375322677629674
82.2,1.0147803006244762,2.663398156732632,0.034208459914095664,0.03530299096483363,0.493639188640521,0.49363918864052103,0.9999999999999991,8.881784197001252e-16,0.0,7.7141603057781385,0.7954742340826081,0.7992233551104954,1.853126591385351,1.856017707030988,0.9625815059849754,0.963331079849092,9.257051969545349e-05,-0.4936428711588846,0.4937486588898618
82.4,1.014761971347608,2.6633763600542597,0.03420961191059191,0.03530372436417182,0.49363564047353276,0.49363564047353276,0.9999999999999991,8.881784197001252e-16,0.0,7.71403492933971,0.7954567861320999,0.7992083104804372,1.8531130422045656,1.8560060498116944,0.962577986995117,0.9633280538920583,9.072777962822187e-05,-0.4936392919215056,0.4937441364996227
82.60000000000001,1.014744007318077,2.663354758511003,0.034210748958210795,0.035304451533739574,0.4936321405860396,0.49363214058603966,0.9999999999999991,8.881784197001252e-16,0.0,7.713911076350316,0.7954396825729017,0.7991935653125587,1.8530997602680275,1.855994624470206,0.96257453740138,0.963325088115118,8.891795809699843e-05,-0.4936357608093584,0.4937396595559646
82.80000000000001,1.0147264020048663,2.6633333526268697,0.03421187118962046,0.035305172444263386,0.49362868849153835,0.49362868849153835,0.9999999999999991,8.881784197001252e-16,0.0,7.7137887359203505,0.7954229173144214,0.7991791142653464,1.8530867408574225,1.8559834268768052,0.9625711559790602,0.9633221814468781,8.714052942369876e-05,-0.4936322773516473,0.49373522799580255
83.0,1.0147091489813653,2.6633121428425635,0.03421297873788489,0.03530588706956169,0.4936252837042543,0.4936252837042543,0.9999999999999991,8.881784197001252e-16,0.0,7.7136678970289045,0.795406484361753,0.7991649520821686,1.8530739793282538,1.8559724529671568,0.9625678415225937,0.9633193328328943,8.539497519535755e-05,-0.4936288410778133,0.49373084174306375
83.2,1.0146922419239275,2.663291129518194,0.03421407173640629,0.035306595386447766,0.4936219257392796,0.4936219257392796,0.9999999999999991,8.881784197001252e-16,0.0,7.713548548532004,0.7953902782114755,0.7991510735901203,1.8530613937574878,1.8559616987414242,0.9625645727553073,0.9633165412354386,8.368078418366509e-05,-0.49362545151768294,0.49372650070915863
83.4,1.0146756746104393,2.6632703129359103,0.03421515031886919,0.03530729737463479,0.493618614112705,0.493618614112705,0.9999999999999991,8.881784197001252e-16,0.0,7.713430679170467,0.7953743846160856,0.7991374736988778,1.8530490507483635,1.8559511602634025,0.9625613669761734,0.9633138056332777,8.199745226881994e-05,-0.49362210820161256,0.49372220479343937
83.60000000000001,1.0146594409189067,2.6632496933024963,0.0342162146191864,0.03530799301664315,0.4936153483417438,0.4936153483417438,0.9999999999999991,8.881784197001252e-16,0.0,7.713314277577701,0.7953588079325582,0.7991241473995683,1.8530369536942823,1.8559408336596486,0.9625582250671748,0.9633111250214479,8.034448236113323e-05,-0.4936188106606246,0.4937179538836466
83.80000000000001,1.014643534826057,2.663229270751874,0.034217264771446876,0.03530868229771022,0.493612127944857,0.493612127944857,0.9999999999999991,8.881784197001252e-16,0.0,7.713199332287054,0.7953435425019919,0.7991110897636486,1.8530250982100194,1.8559307151186304,0.9625551458899781,0.9633084984110345,7.872138432389597e-05,-0.4936155584265422,0.49371374785634486
84.0,1.0146279504059565,2.6632090453475614,0.034218300909865114,0.035309365205702145,0.4936089524418697,0.4936089524418697,0.9999999999999991,8.881784197001252e-16,0.0,7.713085831739162,0.7953285827554099,0.7990982959417974,1.8530134799797728,1.8559208008898804,0.9625521283242546,0.9633059248289518,7.7127674896732e-05,-0.4936123510321174,0.4937095865773473
84.2,1.0146126818286414,2.663189017085065,0.03421932316873224,0.03531004173102773,0.49360582135408404,0.49360582135408404,0.9999999999999991,8.881784197001252e-16,0.0,7.712973764288902,0.795313923212544,0.7990857611628167,1.853002094756235,1.8559110872831543,0.9625491712674388,0.9633034033177286,7.556287762032488e-05,-0.49360918801115483,0.4937054699021284
84.4,1.0145977233587669,2.6631691858942177,0.03422033168236888,0.03531071186655466,0.49360273420438777,0.49360273420438777,0.9999999999999991,8.881784197001252e-16,0.0,7.712863118212298,0.7952995584806206,0.7990734807325474,1.8529909383596643,1.8559015706676047,0.9625462736344893,0.9633009329352912,7.402652275897981e-05,-0.49360606889862996,0.4937013976762267
84.60000000000001,1.0145830693542683,2.6631495516414443,0.03422132658507954,0.03531137560752759,0.4935996905173604,0.4935996905173604,0.9999999999999991,8.881784197001252e-16,0.0,7.712753881713067,0.7952854832531707,0.7990614500327962,1.8529800066769764,1.8558922474709605,0.9625434343576532,0.963298512754753,7.251814722679384e-05,-0.4936029932308052,0.4936973697356377
84.80000000000001,1.014568714265041,2.6631301141319907,0.03422230801110843,0.035312032951488236,0.4935966898193715,0.4935966898193715,0.9999999999999991,8.881784197001252e-16,0.0,7.712646042929004,0.7952716923088418,0.7990496645202718,1.8529692956608341,1.855883114178712,0.962540652386231,0.9632961418642026,7.103729451080065e-05,-0.4935999605453397,0.4936933859071938
85.0,1.0145546526316294,2.6631108731120805,0.03422327609459699,0.03531268389819754,0.49359373163867737,0.49359373163867737,0.9999999999999991,8.881784197001252e-16,0.0,7.712539589938297,0.7952581058038473,0.7990381197255346,1.8529587433055366,1.8558741673333108,0.9625379116159146,0.9632938193664984,6.958351459863954e-05,-0.49359697038139483,0.4936894460089385
85.2,1.014540879083939,2.6630918282710274,0.03422423096954285,0.03531332844955979,0.49359081550551503,0.49359081550551503,0.9999999999999991,8.881784197001252e-16,0.0,7.712434510765441,0.7952447904430814,0.7990268112519581,1.8529484014256825,1.8558654035333713,0.9625352255049531,0.9632915443790598,6.815636390224145e-05,-0.493594022279737,0.4936855498504866
85.4,1.0145273883399553,2.6630729792432857,0.034225172769760184,0.03531396660954843,0.49358794095218983,0.4935879409521899,0.9999999999999991,8.881784197001252e-16,0.0,7.7123307933870935,0.7952317456921774,0.7990157347746987,1.8529382696132788,1.855856819432885,0.9625325939478352,0.963289316033666,6.67554051856506e-05,-0.4935911157828353,0.49368169723337707
85.60000000000001,1.0145141752044817,2.663054325610459,0.034226101628841425,0.03531459838413393,0.49358510751315976,0.4935851075131598,0.9999999999999991,8.881784197001252e-16,0.0,7.712228425737776,0.7952189666330753,0.7990048860396818,1.8529283440553168,1.8558484117404448,0.9625300159546437,0.9632871334762535,6.538020749129181e-05,-0.4935882504349557,0.4936778879514164
85.80000000000001,1.0145012345678925,2.663035866903242,0.03422701768012053,0.035315223781213385,0.49358231472511754,0.49358231472511754,0.9999999999999991,8.881784197001252e-16,0.0,7.712127395715277,0.795206448427478,0.7989942608625937,1.8529186210004382,1.855840177218469,0.962527490551454,0.9632849958667167,6.403034606707048e-05,-0.493585425782251,0.49367412179101233
86.0,1.0144885614048964,2.6630176026033374,0.034227921056637474,0.0353158428105419,0.493579562127069,0.493579562127069,0.9999999999999991,8.881784197001252e-16,0.0,7.712027691185938,0.7951941863157342,0.7989838551278898,1.8529090967580792,1.855832112682448,0.9625250167801135,0.9632829023787117,6.270540229505461e-05,-0.49358264137284763,0.49367039853149786
86.2,1.014476150773319,2.6629995321452964,0.03422881189110396,0.03531645548366557,0.49357684926040596,0.49357684926040596,0.9999999999999991,8.881784197001252e-16,0.0,7.711929299989856,0.795182175615742,0.7989736647878096,1.852899767697629,1.8558242150001825,0.962522593698023,0.9632808521994605,6.140496361797809e-05,-0.49357989675692887,0.4936667179454493
86.4,1.014463997812898,2.662981654918328,0.034229690315870566,0.03531706181385641,0.4935741756689776,0.4935741756689776,0.9999999999999991,8.881784197001252e-16,0.0,7.7118322099457295,0.7951704080719049,0.7989636858614051,1.8528906274125279,1.855816481091046,0.962520219641552,0.963278844529558,6.012862346962966e-05,-0.4935771914868133,0.493663079798991
86.60000000000001,1.01445209774409,2.6629639702680596,0.03423055646289511,0.03531766181604882,0.49357154089916,0.49357154089916,0.9999999999999991,8.881784197001252e-16,0.0,7.711736408855744,0.795158830014236,0.7989539144335809,1.8528816342202967,1.8558089079252424,0.962517883784605,0.9632768785827823,5.8875981203188044e-05,-0.4935745251170321,0.4936594838520974
86.80000000000001,1.0144404458668952,2.6629464774982465,0.034231410463712156,0.03531825550677752,0.4935689444999188,0.4935689444999188,0.9999999999999991,8.881784197001252e-16,0.0,7.711641884510119,0.7951474908767643,0.7989443466541437,1.8528728265233816,1.8558014925230817,0.9625155961019982,0.9632749535859058,5.764664202080605e-05,-0.4935718972044004,0.49365592985888124
87.0,1.0144290375596945,2.6629291758724407,0.03423225244940354,0.0353188429041173,0.4935663860228704,0.4935663860228704,0.9999999999999991,8.881784197001252e-16,0.0,7.711548624691686,0.7951363862575934,0.7989349787368626,1.8528642009078438,1.8557942319542566,0.9625133557073471,0.9632730687785069,5.644021690479062e-05,-0.493569307308088,0.49365241756787903
87.2,1.0144178682780998,2.662912064615616,0.03423308255057054,0.03531942402762429,0.4935638650223431,0.4935638650223431,0.9999999999999991,8.881784197001252e-16,0.0,7.711456617180111,0.7951255118273209,0.7989258069585427,1.8528557540158213,1.8557871233371341,0.9625111617288163,0.9632712234127898,5.5256322546909376e-05,-0.4935667549896844,0.4936489467223233
87.4,1.0144069335538197,2.6628951429157497,0.034233900897306706,0.03531999889827871,0.49356138105543135,0.4935613810554314,0.9999999999999991,8.881784197001252e-16,0.0,7.711365849756132,0.7951148633280056,0.7989168276581049,1.8528474825447327,1.8557801638380482,0.9625090133089149,0.9632694167533973,5.4094581280833554e-05,-0.49356423981326253,0.4936455170604128
87.60000000000001,1.0143962289935373,2.6628784099253586,0.034234707619171786,0.03532056753842886,0.4935589336820475,0.4935589336820475,0.9999999999999991,8.881784197001252e-16,0.0,7.711276310205611,0.7951044365721351,0.7989080372356829,1.8528393832464867,1.8557733506706038,0.9625069096042905,0.9632676480772336,5.2954621013220904e-05,-0.4935617613454399,0.49364212831557075
87.80000000000001,1.0143857502778035,2.6628618647630002,0.03423550284516698,0.035321129971736996,0.4935565224649714,0.4935565224649714,0.9999999999999991,8.881784197001252e-16,0.0,7.711187986323373,0.7950942119929827,0.7988994321517244,1.852831440926356,1.8557666810949938,0.9625048466685585,0.963265916673286,5.183607515535371e-05,-0.493559319155434,0.4936387802166975
88.0,1.014375493159941,2.6628455065147336,0.03423628670371118,0.035321686223126564,0.4935541469699029,0.4935541469699029,0.9999999999999991,8.881784197001252e-16,0.0,7.711100865917039,0.7950841772025554,0.7988910089261065,1.8528236459654244,1.855760152417313,0.962502822003559,0.9632642218424478,5.073858255801034e-05,-0.4935569128151184,0.49363547248841666
88.2,1.0143654534649642,2.662829334235534,0.034237059322618064,0.035322236318730486,0.4935518067655022,0.4935518067655022,0.9999999999999991,8.881784197001252e-16,0.0,7.711014936810562,0.7950743527820296,0.7988827641372621,1.852816014354938,1.8557537619888889,0.9625008397631162,0.9632625628973448,4.9661787442562e-05,-0.4935545418990734,0.4936322048513132
88.4,1.0143556270885126,2.6628133469506734,0.03423782082907409,0.035322780285840925,0.4935495014234309,0.4935495014234309,0.9999999999999991,8.881784197001252e-16,0.0,7.710930186847838,0.7950647348018772,0.7988746944213134,1.852808543046439,1.8557475072056195,0.9624988991556812,0.9632609391621628,4.860533933487288e-05,-0.493552205984636,0.49362897702216557
88.60000000000001,1.0143460099957944,2.6627975436570726,0.03423857134961771,0.03532331815286067,0.49354723051839555,0.49354723051839555,0.9999999999999991,8.881784197001252e-16,0.0,7.710846603895933,0.7950553193982614,0.79886679647122,1.8528012290423177,1.8557413855073135,0.9624969994029007,0.9632593499724793,4.756889300205902e-05,-0.4935499046519463,0.4936257887141688
88.80000000000001,1.0143365982205463,2.662781923324595,0.03423931101011954,0.035323849949255665,0.493544993628185,0.493544993628185,0.9999999999999991,8.881784197001252e-16,0.0,7.710764175848509,0.7950461015434416,0.7988590670359335,1.8527940684406432,1.8557353943770432,0.9624951394915185,0.963257794675093,4.6552108384764757e-05,-0.4935476374839903,0.4936226396371563
89.0,1.014327387864005,2.6627664848973285,0.034240039935763064,0.0353243757055086,0.49354279033370363,0.49354279033370363,0.9999999999999991,8.881784197001252e-16,0.0,7.710682890628746,0.7950370535561951,0.7988515029195651,1.8527870397414365,1.8557295313405058,0.9624933138372955,0.9632562726278596,4.555465053311669e-05,-0.4935454040666429,0.4936195294978085
89.2,1.014318375093891,2.662751227294819,0.03424075825102645,0.0353248954530739,0.49354062021900375,0.4935406202190038,0.9999999999999991,8.881784197001252e-16,0.0,7.710602736192548,0.795028197466812,0.7988441009805626,1.8527801600615643,1.8557237939653877,0.9624915268864221,0.9632547831995271,4.457618954376019e-05,-0.49354320398870605,0.49361645799986137
89.4,1.0143095561434066,2.6627361494132704,0.03424146607966533,0.035325409224334116,0.49353848287131935,0.49353848287131935,0.9999999999999991,8.881784197001252e-16,0.0,7.710523700531342,0.7950195296553096,0.798836858130895,1.8527734265922033,1.8557181798607398,0.9624897779095392,0.9632533257695745,4.361640049556359e-05,-0.4935410368419462,0.49361342484430476
89.60000000000001,1.0143009273102448,2.6627212501267112,0.034242163544696315,0.03532591705255726,0.49353637788109345,0.4935363778810935,0.9999999999999991,8.881784197001252e-16,0.0,7.710445771674794,0.795011044202712,0.7988297713352528,1.8527668347384187,1.8557126866763607,0.9624880657133444,0.9632518997280498,4.2674963386335474e-05,-0.4935389022211284,0.49361042972957625
89.80000000000001,1.0142924849556136,2.6627065282881364,0.03424285076838108,0.03532641897185531,0.49353430484200383,0.4935343048420039,0.9999999999999991,8.881784197001252e-16,0.0,7.710368937693664,0.7950027266914647,0.7988228376102516,1.852760373302958,1.8557073121021856,0.9624863873896045,0.9632505044754149,4.175156307131833e-05,-0.4935367997240488,0.49360747235175045
90.0,1.014284225503268,2.662691982730609,0.034243527872211584,0.03532691501714393,0.49353226335098777,0.49353226335098777,0.9999999999999991,8.881784197001252e-16,0.0,7.710293186702235,0.7949945872771164,0.7988160540236501,1.8527540501779418,1.8557020538676832,0.9624847449884386,0.9632491394223871,4.0845889200488705e-05,-0.49353472895156525,0.49360455240472034
90.2,1.0142761454385594,2.6626776122683293,0.034244194976895966,0.035327405224103416,0.49353025300826586,0.4935302530082659,0.9999999999999991,8.881784197001252e-16,0.0,7.710218506860844,0.794986618997236,0.7988094176935775,1.8527478599573655,1.8556969097412606,0.9624831371058435,0.9632478039897847,3.995763615796677e-05,-0.4935326895076254,0.49360166958037466
90.4,1.0142682413074933,2.6626634156976836,0.03424485220234513,0.03532788962914052,0.4935282734173639,0.49352827341736394,0.9999999999999991,8.881784197001252e-16,0.0,7.710144886378202,0.7949788199976852,0.7988029257877665,1.8527418012034773,1.855691877529676,0.9624815633685417,0.9632464976083768,3.90865029998716e-05,-0.49353068099929226,0.4935988235687687
90.60000000000001,1.014260509715803,2.6626493917982503,0.034245499667659954,0.03532836826935139,0.49352632418512826,0.49352632418512826,0.9999999999999991,8.881784197001252e-16,0.0,7.710072313513727,0.7949711892232887,0.7987965755228028,1.8527358730991235,1.8556869550774575,0.9624800235644476,0.9632452197187299,3.823219339579853e-05,-0.4935287030367694,0.4935960140582917
90.80000000000001,1.0142529473280304,2.6626355393337886,0.03424613749111928,0.035328841182485575,0.4935244049217461,0.49352440492174615,0.9999999999999991,8.881784197001252e-16,0.0,7.710000776579712,0.7949637234560073,0.7987903641633773,1.8527300731467966,1.8556821402663288,0.962478517045004,0.9632439697710621,3.7394415568298145e-05,-0.4935267552334232,0.4935932407358273
91.0,1.0142455508666235,2.662621857053188,0.034246765790168845,0.03532930840691121,0.4935225152407607,0.4935225152407607,0.9999999999999991,8.881784197001252e-16,0.0,7.709930263943351,0.7949564195329639,0.7987842890215524,1.8527243988917284,1.8556774310146449,0.9624770431727472,0.963242747225094,3.65728822334932e-05,-0.4935248372058032,0.49359050328690945
91.2,1.0142383171110412,2.662608343691404,0.03424738468141049,0.03532976998158079,0.4935206547590848,0.4935206547590848,0.9999999999999991,8.881784197001252e-16,0.0,7.709860764028792,0.7949492743456112,0.7987783474560365,1.8527188479212457,1.8556728252768306,0.9624756013211405,0.9632415515499053,3.576731054265314e-05,-0.49352294857366086,0.4935878013958741
91.4,1.0142312428968747,2.6625949979703494,0.034247994280592046,0.035330225945998335,0.49351882309701245,0.49351882309701245,0.9999999999999991,8.881784197001252e-16,0.0,7.709792265319033,0.7949422848389069,0.798772536871465,1.8527134178641356,1.85566832104283,0.9624741908744096,0.9632403822237913,3.497742202461518e-05,-0.493521088959967,0.49358513474600496
91.60000000000001,1.0142243251149763,2.6625818185997736,0.03424859470259817,0.035330676340187196,0.49351701987823104,0.49351701987823104,0.9999999999999991,8.881784197001252e-16,0.0,7.7097247563577715,0.7949354480105058,0.7987668547176965,1.8527081063900213,1.8556639163375626,0.9624728112273804,0.9632392387341208,3.420294252748368e-05,-0.4935192579909272,0.4935825030196768
91.80000000000001,1.0142175607106017,2.6625688042781035,0.03424918606144153,0.03533112120465901,0.4935152447298296,0.4935152447298296,0.9999999999999991,8.881784197001252e-16,0.0,7.709658225751048,0.794928760909953,0.7987612984891113,1.8527029112087403,1.855659609220381,0.962471461785318,0.9632381205771982,3.344360216202269e-05,-0.4935174552959955,0.49357990589848993
92.0,1.0142109466825613,2.6625559536932766,0.03424976847025457,0.03533156058038347,0.49351349728230737,0.4935134972823074,0.9999999999999991,8.881784197001252e-16,0.0,7.709592662169032,0.7949222206378943,0.7987558657239247,1.852697830069734,1.855655397784546,0.9624701419637683,0.9632370272581245,3.269913524601986e-05,-0.49351568050788674,0.49357734306340567
92.2,1.0142044800823882,2.6625432655235297,0.03425034204128192,0.035331994508758804,0.49351177716957956,0.4935117771695796,0.9999999999999991,8.881784197001252e-16,0.0,7.70952805434753,0.7949158243452958,0.7987505540035044,1.8526928607614466,1.8556512801566962,0.9624688511884023,0.9632359582906622,3.196928024659651e-05,-0.49351393326258763,0.4935748141948733
92.4,1.01419815801351,2.662530738438178,0.03425090688587339,0.035332423031583446,0.4935100840289828,0.49351008402898283,0.9999999999999991,8.881784197001252e-16,0.0,7.709464391089489,0.794909569232668,0.7987453609517022,1.8526880011107245,1.855647254496334,0.9624675888948603,0.9632349131971002,3.125377972656995e-05,-0.49351221319936606,0.4935723189729544
92.60000000000001,1.0141919776304378,2.6625183710983586,0.03425146311447748,0.03533284619102834,0.49350841750127966,0.49350841750127966,0.9999999999999991,8.881784197001252e-16,0.0,7.70940166126649,0.7949034525493062,0.7987402842341894,1.8526832489822314,1.8556433189953156,0.9624663545285997,0.9632338915081226,3.0552380289539105e-05,-0.49351051996077827,0.49356985707744355
92.80000000000001,1.0141859361379617,2.6625061621577664,0.03425201083663529,0.03533326402961007,0.4935067772306592,0.4935067772306592,0.9999999999999991,8.881784197001252e-16,0.0,7.709339853820013,0.7948974715925401,0.7987353215578034,1.8526786022778676,1.8556394718773437,0.9624651475447455,0.9632328927626774,2.9864832523915363e-05,-0.4935088531926765,0.4935674281879833
93.0,1.0141800307903608,2.662494110263351,0.03425255016097512,0.03533367659016483,0.49350516286474017,0.49350516286474017,0.9999999999999991,8.881784197001252e-16,0.0,7.7092789577628364,0.7948916237069854,0.7987304706699033,1.8526740589361925,1.8556357113974717,0.9624639674079394,0.9632319165078467,2.919089095182459e-05,-0.4935072125442139,0.49356503198417756
93.2,1.0141742588906202,2.6624822140560047,0.03425308119520751,0.03533408391582321,0.4935035740545696,0.4935035740545696,0.9999999999999991,8.881784197001252e-16,0.0,7.709218962180136,0.7948859062838181,0.798725729357733,1.8526696169318642,1.8556320358416138,0.9624628135921948,0.9632309622987215,2.8530313973706978e-05,-0.4935055976678483,0.49356266814569844
93.4,1.0141686177896618,2.6624704721712225,0.034253604046120635,0.03533448604998578,0.49350201045462366,0.49350201045462366,0.9999999999999991,8.881784197001252e-16,0.0,7.709159856230776,0.7948803167600442,0.798721095447793,1.8526652742750742,1.8556284435260593,0.9624616855807505,0.9632300296982738,2.7882863817010883e-05,-0.49350400821934465,0.49356033635239244
93.60000000000001,1.0141631048855837,2.6624588832397396,0.03425411881957636,0.03533488303629918,0.4935004717228035,0.49350047172280354,0.9999999999999991,8.881784197001252e-16,0.0,7.709101629148284,0.7948748526177901,0.798716566805222,1.8526610290110002,1.8556249327969938,0.9624605828659285,0.9632291182772338,2.724830648345722e-05,-0.493502443857777,0.4935580362843796
93.80000000000001,1.01415771762291,2.662447445888156,0.034254625620506504,0.035335274918633336,0.49349895752043343,0.49349895752043343,0.9999999999999991,8.881784197001252e-16,0.0,7.7090442702419875,0.7948695113835983,0.7987121413331838,1.8526568792192615,1.8556215020300315,0.9624595049489925,0.9632282276139682,2.66264116985937e-05,-0.4935009042455291,0.493555767622153
94.0,1.0141524534918525,2.662436158739535,0.034255124552909806,0.03533566174105899,0.49349746751225587,0.49349746751225587,0.9999999999999991,8.881784197001252e-16,0.0,7.708987768897869,0.7948642906277289,0.7987078169722662,1.8526528230133794,1.8556181496297437,0.9624584513400082,0.9632273572943579,2.601695285874006e-05,-0.4934993890482933,0.49355353004667013
94.2,1.0141473100275802,2.662425020413983,0.03425561571984905,0.03533604354782621,0.49349600136642546,0.49349600136642546,0.9999999999999991,8.881784197001252e-16,0.0,7.7089321145795475,0.7948591879634753,0.7987035916998846,1.8526488585402467,1.8556148740292053,0.9624574215577061,0.9632265069116805,2.541970698261009e-05,-0.4934978979350687,0.49355132323944545
94.4,1.0141422848095003,2.662414029529215,0.03425609922344883,0.035336420383343475,0.49349455875450493,0.49349455875450493,0.9999999999999991,8.881784197001252e-16,0.0,7.708877296829159,0.7948542010464879,0.7986994635296965,1.852644983979607,1.855611673689539,0.9624564151293451,0.9632256760664921,2.4834454660560557e-05,-0.4934964305781581,0.4935491468826366
94.60000000000001,1.0141373754605492,2.6624031847010907,0.03425657516489352,0.03533679229215741,0.4934931393514566,0.49349313935145667,0.9999999999999991,8.881784197001252e-16,0.0,7.708823305268051,0.7948493275741051,0.7986954305110219,1.852641197543536,1.855608547099469,0.9624554315905797,0.9632248643665114,2.426098000427035e-05,-0.49349498665316516,0.49354700065912915
94.80000000000001,1.0141325796464924,2.66239248454415,0.03425704364442568,0.035337159318933144,0.4934917428356339,0.4934917428356339,0.9999999999999991,8.881784197001252e-16,0.0,7.708770129597658,0.7948445652846936,0.7986914907282734,1.8526374974759319,1.8556054927748808,0.962454470485326,0.9632240714265056,2.3699070599861316e-05,-0.4934935658389882,0.49354488425261656
95.0,1.0141278950752357,2.662381927672112,0.03425750476134497,0.03533752150843541,0.49349036888877357,0.49349036888877357,0.9999999999999991,8.881784197001252e-16,0.0,7.708717759600077,0.7948399119570014,0.7986876423003918,1.8526338820520143,1.8556025092583879,0.9624535313656332,0.9632232968681779,2.31485174575774e-05,-0.4934921678178154,0.493542797347679
95.2,1.0141233194961434,2.6623715126983742,0.03425795861400716,0.03533787890551019,0.4934890171959857,0.4934890171959857,0.9999999999999991,8.881784197001252e-16,0.0,7.7086661851387905,0.7948353654095119,0.7986838833802927,1.8526303495778258,1.8555995951188986,0.9624526137915531,0.9632225403200562,2.2609114965210786e-05,-0.49349079227511783,0.4935407396298578
95.4,1.014118850699369,2.662361238236477,0.034258405299823706,0.035338231555066886,0.4934876874457427,0.4934876874457427,0.9999999999999991,8.881784197001252e-16,0.0,7.7086153961592325,0.7948309234998135,0.7986802121543177,1.8526268983897436,1.8555967489511984,0.9624517173310142,0.9632218014173828,2.2080660840390065e-05,-0.49348943889964186,0.49353871078572764
95.60000000000001,1.0141144865151932,2.66235110290057,0.034258844915261516,0.03533857950206123,0.49348637932986805,0.49348637932986805,0.9999999999999991,8.881784197001252e-16,0.0,7.708565382689282,0.7948265841239776,0.7986766268416944,1.8526235268539974,1.8555939693755297,0.9624508415596965,0.9632210798020074,2.1562956083395757e-05,-0.49348810738340126,0.49353671050296505
95.80000000000001,1.014110224813372,2.6623411053058486,0.03425927755584317,0.03533892279147863,0.4934850925435255,0.49348509254352557,0.9999999999999991,8.881784197001252e-16,0.0,7.708516134839886,0.7948223452159389,0.7986731256940056,1.8526202333661925,1.8555912550371823,0.962449986060907,0.9632203751222791,2.1055804931877087e-05,-0.4934867974216673,0.49353473847041673
96.0,1.0141060635024945,2.6623312440689855,0.03425970331614732,0.03533926146831824,0.4934838267852054,0.4934838267852054,0.9999999999999991,8.881784197001252e-16,0.0,7.708467642805363,0.7948182047468909,0.7986697069946618,1.8526170163508384,1.8555886046060865,0.9624491504254584,0.9632196870329425,2.0559014813445464e-05,-0.4934855087129589,0.4935327943781606
96.2,1.0141020005293495,2.6623215178085355,0.03426012228980944,0.03533959557757735,0.49348258175671106,0.49348258175671106,0.9999999999999991,8.881784197001252e-16,0.0,7.7084198968639335,0.7948141607246856,0.7986663690583861,1.8526138742608877,1.855586016776414,0.9624483342515489,0.963219015195033,2.0072396302694973e-05,-0.49348424095903326,0.4935308779175701
96.4,1.014098033878298,2.6623119251453353,0.03426053456952288,0.03533992516423645,0.493481357163145,0.493481357163145,0.9999999999999991,8.881784197001252e-16,0.0,7.708372887378015,0.7948102111932455,0.798663110230702,1.8526108055772788,1.8555834902661847,0.9624475371446433,0.9632183592757751,1.9595763074073402e-05,-0.49348299386487277,0.49352898878136986
96.60000000000001,1.0140941615706616,2.6623024647028894,0.03426094024704024,0.0353402502732449,0.49348015271289525,0.49348015271289525,0.9999999999999991,8.881784197001252e-16,0.0,7.708326604794643,0.7948063542319783,0.7986599288874313,1.8526078088084836,1.8555810238168744,0.9624467587173562,0.9632177189484818,1.9128931859943576e-05,-0.4934817671386735,0.4935271266636947
96.80000000000001,1.014090381664113,2.6622931351077317,0.03426133941317488,0.035340570949506864,0.4934789681176194,0.4934789681176194,0.9999999999999991,8.881784197001252e-16,0.0,7.708281039645606,0.7948025879552029,0.798656823434198,1.8526048824900627,1.8555786161930374,0.9624459985893363,0.9632170938924541,1.8671722404675628e-05,-0.49348056049183336,0.49352529126014083
97.0,1.0140866922520777,2.662283934989783,0.034261732157802795,0.03534088723786788,0.493477803092228,0.493477803092228,0.9999999999999991,8.881784197001252e-16,0.0,7.708236182547846,0.7947989105115837,0.7986537923059389,1.8526020251842288,1.8555762661819217,0.962445256387153,0.9632164837928844,1.8223957422833226e-05,-0.4934793736389369,0.49352348226781945
97.2,1.0140830914631456,2.6622748629826956,0.034262118569864726,0.035341199183101954,0.4934766573548691,0.4934766573548691,0.9999999999999991,8.881784197001252e-16,0.0,7.708192024203592,0.7947953200835757,0.7986508339664222,1.8525992354794145,1.8555739725931015,0.9624445317441843,0.9632158883407578,1.7785462555763853e-05,-0.49347820629774364,0.49352169938540497
97.4,1.0140795774604883,2.6622659177241745,0.03426249873736849,0.03534150682989907,0.4934755306269121,0.4934755306269121,0.9999999999999991,8.881784197001252e-16,0.0,7.70814855540057,0.7947918148868658,0.7986479469077719,1.8525965119898422,1.855571734258109,0.9624438243005052,0.9632153072327596,1.7356066330048714e-05,-0.49347705818917137,0.4935199423131822
97.60000000000001,1.0140761484412883,2.6622570978563025,0.034262872747391565,0.035341810222853084,0.4934744226329294,0.4934744226329294,0.9999999999999991,8.881784197001252e-16,0.0,7.708105767012112,0.7947883931698383,0.7986451296499992,1.8525938533551092,1.8555695500300713,0.96244313370278,0.9632147401711796,1.693560011482853e-05,-0.4934759290372828,0.4935182107530911
97.80000000000001,1.0140728026361725,2.6622484020258335,0.03426324068608384,0.035342109406450134,0.4934733331006779,0.4934733331006779,0.9999999999999991,8.881784197001252e-16,0.0,7.70806364999732,0.7947850532130364,0.798642380740542,1.8525912582397697,1.8555674187833526,0.962442459604154,0.9632141868638193,1.6523898081627353e-05,-0.4934748185692682,0.4935165044087695
98.0,1.0140695383086569,2.662239828884493,0.03426360263867064,0.03534240442505751,0.49347226176108233,0.49347226176108233,0.9999999999999991,8.881784197001252e-16,0.0,7.708022195401118,0.7947817933286311,0.7986396987538098,1.8525887253329247,1.855565339413208,0.9624418016641466,0.9632136470239017,1.6120797162080813e-05,-0.49347372651543125,0.49351482298559485
98.2,1.0140663537545986,2.6622313770892507,0.03426395868945599,0.03534269532291297,0.4934712083482158,0.49347120834821584,0.9999999999999991,8.881784197001252e-16,0.0,7.707981394354214,0.794778611859908,0.7986370822907338,1.8525862533478246,1.855563310835429,0.9624411595485485,0.9632131203699812,1.5726137009064445e-05,-0.4934726526091705,0.4935131661907208
98.4,1.014063247301655,2.6622230453025955,0.03426430892182596,0.03534298214411428,0.4934701725992813,0.4934701725992813,0.9999999999999991,8.881784197001252e-16,0.0,7.7079412380733,0.7947755071807496,0.7986345299783276,1.852583841021467,1.8555613319860085,0.9624405329293173,0.9632126066258541,1.5339759956406462e-05,-0.49347159658696343,0.4935115337331166
98.60000000000001,1.0140602173087527,2.662214832192787,0.03426465341825226,0.03534326493260936,0.49346915425458954,0.49346915425458954,0.9999999999999991,8.881784197001252e-16,0.0,7.707901717860867,0.7947724776951324,0.7986320404692493,1.852581487114208,1.8555594018207988,0.9624399214844764,0.9632121055204723,1.4961510978794834e-05,-0.49347055818834873,0.49350992532360016
98.80000000000001,1.0140572621655617,2.6622067364341095,0.03426499226029601,0.035343543732186726,0.4934681530575434,0.4934681530575434,0.9999999999999991,8.881784197001252e-16,0.0,7.707862825105265,0.7947695218366282,0.7986296124413745,1.852579190409375,1.8555575193151859,0.9624393248980149,0.9632116167878564,1.4591237654348888e-05,-0.4934695371559082,0.49350834067487215
99.0,1.0140543802919795,2.662198756707098,0.03426532552861181,0.03534381858646636,0.4934671687546143,0.4934671687546143,0.9999999999999991,8.881784197001252e-16,0.0,7.707824551280571,0.7947666380679105,0.7986272445973723,1.8525769497128852,1.8555556834637565,0.9624387428597879,0.9632111401670116,1.4228790124734547e-05,-0.4934685332352484,0.49350677950154714
99.2,1.0140515701376223,2.6621908916987747,0.03426565330295173,0.03534408953889087,0.493466201095323,0.493466201095323,0.9999999999999991,8.881784197001252e-16,0.0,7.707786887946551,0.7947638248802776,0.7986249356642892,1.8525747638528756,1.8555538932799807,0.9624381750654212,0.963210675401844,1.387402105824942e-05,-0.4934675461749819,0.49350524152018355
99.4,1.0140488301813229,2.662183140102861,0.03426597566216963,0.03534435663271713,0.4934652498322182,0.4934652498322182,0.9999999999999991,8.881784197001252e-16,0.0,7.707749826748504,0.794761080793169,0.7986226843931388,1.8525726316793276,1.8555521477958903,0.9624376212162131,0.9632102222410778,1.3526785611644998e-05,-0.4934665757267084,0.4935037264493109
99.60000000000001,1.0140461589306367,2.6621755006199814,0.034266292684225645,0.035344619911008145,0.4934643147208565,0.4934643147208565,0.9999999999999991,8.881784197001252e-16,0.0,7.707713359417106,0.794758404353696,0.7986204895584971,1.8525705520637046,1.8555504460617696,0.9624370810190414,0.9632097804381735,1.3186941393794616e-05,-0.49346562164499463,0.4935022340094568
99.80000000000001,1.0140435549213562,2.662167971957864,0.03426660444619068,0.03534487941662528,0.493463395519779,0.493463395519779,0.9999999999999991,8.881784197001252e-16,0.0,7.7076774777682955,0.7947557941361849,0.7986183499581042,1.8525685238985963,1.8555487871458456,0.9624365541862697,0.96320934975125,1.2854348428487095e-05,-0.4934646836873562,0.49350076392317227
100.0,1.0140410167170295,2.6621605528315264,0.034266911024251195,0.03534513519222092,0.49346249199049175,0.49346249199049175,0.9999999999999991,8.881784197001252e-16,0.0,7.70764217370302,0.794753248741714,0.7986162644124721,1.8525665460973613,1.8555471701339834,0.9624360404356556,0.9632089299430049,1.2528869118372254e-05,-0.4934637616142353,0.49349931591505397
100.2,1.0140385429084897,2.6621532419634613,0.03426721249371403,0.0353453872802314,0.49346160389744215,0.49346160389744215,0.9999999999999991,8.881784197001252e-16,0.0,7.707607439207092,0.7947507667976672,0.7986142317644981,1.85256461759378,1.8555455941293906,0.9624355394902603,0.9632085207806352,1.2210368209544797e-05,-0.49346285518898203,0.4934978897117668
100.4,1.0140361321133893,2.662146038083794,0.03426750892901146,0.03534563572287019,0.49346073100799753,0.49346073100799753,0.9999999999999991,8.881784197001252e-16,0.0,7.707573266350886,0.7947483469572891,0.7986122508790835,1.8525627373417106,1.855544058252319,0.9624350510783591,0.963208122035763,1.1898712756946983e-05,-0.4934619641778332,0.4934964850420636
100.60000000000001,1.0140337829757418,2.662138939930458,0.034267800403706195,0.03534588056212149,0.493459873092423,0.493459873092423,0.9999999999999991,8.881784197001252e-16,0.0,7.7075396472891065,0.7947459878992528,0.798610320642759,1.8525609043147526,1.855542561639775,0.9624345749333548,0.96320773348436,1.1593772087509224e-05,-0.4934610883498914,0.493495101636805
100.80000000000001,1.0140314941654713,2.662131946249342,0.03426808699049662,0.03534612183973395,0.493459029923858,0.49345902992385804,0.9999999999999991,8.881784197001252e-16,0.0,7.707506574260571,0.794743688327224,0.798608439963315,1.8525591175059108,1.8555411034452358,0.962434110793689,0.963207354906672,1.1295417768758531e-05,-0.493460227477104,0.49349373922897666
101.0,1.0140292643779667,2.6621250557944367,0.0342683687612222,0.03534635959721492,0.4934582012782937,0.4934582012782937,0.9999999999999991,8.881784197001252e-16,0.0,7.707474039587841,0.7947414469694424,0.7986066077694371,1.8525573759272693,1.8555396828383661,0.9624336584027591,0.9632069860871472,1.1003523571279095e-05,-0.49345938133424117,0.493492397553705
101.2,1.0140270923336454,2.662118267327972,0.03426864578686882,0.035346593875824776,0.493457386934551,0.493457386934551,0.9999999999999991,8.881784197001252e-16,0.0,7.70744203567693,0.7947392625783025,0.7986048230103486,1.8525556786096664,1.8555382990047409,0.9624332175088329,0.963206626814363,1.0717965439249744e-05,-0.49345854969887626,0.493491076348273
101.4,1.0140249767775218,2.662111579620554,0.03426891813757444,0.03534682471657173,0.49345658667425724,0.4934565866742573,0.9999999999999991,8.881784197001252e-16,0.0,7.707410555017034,0.7947371339299403,0.7986030846554569,1.8525540246023753,1.8555369511455724,0.962432787864966,0.9632062768809563,1.0438621454000874e-05,-0.49345773235136103,0.4934897753521341
101.60000000000001,1.014022916478782,2.6621049914512804,0.03426918588263456,0.03534705216020659,0.49345580028182107,0.49345580028182107,0.9999999999999991,8.881784197001252e-16,0.0,7.7073795901801105,0.7947350598238324,0.7986013916940061,1.852552412972792,1.855535638477441,0.9624323692289205,0.963205936083553,1.0165371802831058e-05,-0.4934569290748066,0.49348849430692426
101.80000000000001,1.0140209102303672,2.6620985016078604,0.034269449090508025,0.03534727624721807,0.49345502754441123,0.4934550275444113,0.9999999999999991,8.881784197001252e-16,0.0,7.707349133820576,0.794733039082395,0.7985997431347345,1.852550842806125,1.8555343602320304,0.9624319613630851,0.9632056042226987,9.89809874755998e-06,-0.4934561396550595,0.4934872329564737
102.0,1.0140189568485625,2.6620921088867275,0.034269707828822896,0.0353474970178283,0.4934542682519323,0.4934542682519323,0.9999999999999991,8.881784197001252e-16,0.0,7.707319178674882,0.7947310705505923,0.7985981380055366,1.8525493132050908,1.8555331156558672,0.9624315640343951,0.9632052811027927,9.636686590389076e-06,-0.49345536388067984,0.49348599104681673
102.2,1.0140170551725904,2.662085812093138,0.03426996216438219,0.03534771451198848,0.4934535221970012,0.4934535221970012,0.9999999999999991,8.881784197001252e-16,0.0,7.707289717561185,0.7947291530955476,0.7985965753531332,1.8525478232896138,1.8555319040100617,0.9624311770142555,0.9632049665320203,9.381021645243903e-06,-0.4934546015429196,0.49348476832620247
102.4,1.0140152040642108,2.6620796100412663,0.034270212163169896,0.03534792876937475,0.49345278917492325,0.4934527891749233,0.9999999999999991,8.881784197001252e-16,0.0,7.707260743378889,0.7947272856061623,0.7985950542427424,1.8525463721965285,1.8555307245700585,0.9624308000784629,0.9632046603222854,9.130992204675614e-06,-0.49345385243569917,0.49348356454510117
102.60000000000001,1.0140134024073317,2.6620735015543047,0.03427045789035697,0.03534813982938444,0.493452068983668,0.493452068983668,0.9999999999999991,8.881784197001252e-16,0.0,7.707232249108265,0.794725466992743,0.7985935737577584,1.852544959079293,1.855529576625384,0.9624304330071312,0.963204362289149,8.886488510093105e-06,-0.4934531163555852,0.4934823794562121
102.80000000000001,1.0140116491076192,2.662067485464533,0.03427069941030754,0.035348347731132476,0.49345136142384644,0.49345136142384644,0.9999999999999991,8.881784197001252e-16,0.0,7.707204227810015,0.7947236961866304,0.7985921329994352,1.8525435831076984,1.8555284594794021,0.9624300755846166,0.9632040722517641,8.64740272166209e-06,-0.4934523931017676,0.4934812128144705
103.0,1.0140099430921188,2.6620615606134077,0.034270936786584875,0.03534855251344798,0.49345066629868595,0.493450666298686,0.9999999999999991,8.881784197001252e-16,0.0,7.707176672624817,0.794721972139836,0.7985907310865735,1.8525422434675887,1.8555273724490748,0.9624297275994445,0.9632037900328126,8.41362888841235e-06,-0.4934516824760368,0.4934800643770516
103.2,1.014008283308879,2.6620557258516326,0.0342711700819577,0.03534875421487105,0.49344998341400736,0.4934499834140074,0.9999999999999991,8.881784197001252e-16,0.0,7.707149576772882,0.7947202938246807,0.7985893671552142,1.8525409393605805,1.8555263148647196,0.9624293888442367,0.9632035154584435,8.185062918525388e-06,-0.49345098428276096,0.4934789339033757
103.4,1.014006668726584,2.662049980039222,0.03427139935840643,0.035348952873649864,0.4934493125782001,0.4934493125782001,0.9999999999999991,8.881784197001252e-16,0.0,7.707122933553492,0.7947186602334473,0.7985880403583364,1.8525396700037915,1.8555252860697808,0.9624290591156414,0.9632032483582134,7.961602550773939e-06,-0.49345029832886267,0.4934778211551112
103.60000000000001,1.0140050983341886,2.6620443220455643,0.03427162467712947,0.03534914852773782,0.49344865360219825,0.4934486536021983,0.9999999999999991,8.881784197001252e-16,0.0,7.707096736344537,0.794717070378028,0.7985867498655581,1.85253843462957,1.8555242854205956,0.9624287382142619,0.9632029885650257,7.743147325628419e-06,-0.4934496244237959,0.49347672589617697
103.80000000000001,1.0140035711405622,2.6620387507494794,0.034271846098549615,0.035349341214791094,0.4934480062994572,0.49344800629945723,0.9999999999999991,8.881784197001252e-16,0.0,7.707070978602002,0.7947155232895866,0.7985854948628451,1.8525372324852296,1.8555233122861685,0.9624284259445891,0.9632027359150713,7.52959855718216e-06,-0.49344896237952307,0.49347564789274456
104.0,1.0140020861741368,2.6620332650392666,0.03427206368232036,0.035349530972166095,0.49344737048592824,0.49344737048592824,0.9999999999999991,8.881784197001252e-16,0.0,7.70704565385949,0.7947140180182161,0.7985842745522203,1.8525360628327863,1.8555223660479465,0.962428122114932,0.9632024902477717,7.320859304577043e-06,-0.4934483120104915,0.49347458691323864
104.2,1.0140006424825598,2.662027863812755,0.0342722774873324,0.03534971783691738,0.49344674598003563,0.49344674598003563,0.9999999999999991,8.881784197001252e-16,0.0,7.70702075572775,0.7947125536326135,0.7985830881514822,1.852534924948704,1.8555214460996001,0.9624278265373524,0.9632022514057216,7.116834346024281e-06,-0.49344767313361076,0.49347354272833766
104.4,1.0139992391323533,2.662022545977342,0.03427248757172007,0.03534990184579552,0.49344613260265163,0.49344613260265163,0.9999999999999991,8.881784197001252e-16,0.0,7.706996277894079,0.7947111292197493,0.7985819348939232,1.8525338181236395,1.855520551846809,0.9624275390275983,0.963202019234632,6.917430149813719e-06,-0.4934470455682288,0.49347251511097173
104.60000000000001,1.0139978752085788,2.6620173104500306,0.03427269399286785,0.035350083035245373,0.4934455301770734,0.4934455301770734,0.9999999999999991,8.881784197001252e-16,0.0,7.706972214121922,0.794709743884545,0.798580814028056,1.8525327416621917,1.8555196827070453,0.9624272594050388,0.9632017935832762,6.722554849097895e-06,-0.49344642913610953,0.49347150383632377
104.80000000000001,1.0139965498145078,2.662012156157463,0.03427289680741688,0.03535026144140426,0.4934449385289984,0.4934449385289984,0.9999999999999991,8.881784197001252e-16,0.0,7.706948558250256,0.794708396749562,0.798579724817342,1.8525316948826602,1.8555188381093648,0.9624269874926017,0.9632015743034341,6.532118214663818e-06,-0.49344582366140793,0.4934705086818246
105.0,1.0139952620712953,2.6620070820359483,0.03427309607127148,0.035350437100100454,0.49344435748649873,0.4934443574864988,0.9999999999999991,8.881784197001252e-16,0.0,7.706925304193063,0.7947070869546852,0.798578666539925,1.8525306771167993,1.8555180174942043,0.9624267231167094,0.9632013612498393,6.346031629009263e-06,-0.4934452289706493,0.49346952942715205
105.2,1.0139940111176604,2.662002087031484,0.03427329183960582,0.03535061004685191,0.49344378688000057,0.49344378688000057,0.9999999999999991,8.881784197001252e-16,0.0,7.706902445938857,0.7947058136568179,0.7985776384883697,1.852529687709582,1.855517220313173,0.9624264661072174,0.9632011542801265,6.164208060724374e-06,-0.4934446448927033,0.4934685658542273
105.4,1.0139927961095727,2.661997170099779,0.034273484166870455,0.03535078031686493,0.4934432265422571,0.49344322654225714,0.9999999999999991,8.881784197001252e-16,0.0,7.706879977550047,0.7947045760295809,0.7985766399694023,1.8525287260189658,1.8555164460288573,0.962426216297354,0.9632009532547795,5.986562039386745e-06,-0.49344407125876255,0.4934676177472094
105.60000000000001,1.013991616219942,2.661992330206269,0.03427367310679889,0.035350947945033094,0.49344267630832606,0.4934426763083261,0.9999999999999991,8.881784197001252e-16,0.0,7.706857893162476,0.7947033732630141,0.7985756703036574,1.8525277914156617,1.8555156941146207,0.96242597352366,0.9632007580370799,5.8130096305814005e-06,-0.4934435079023188,0.49346668489249296
105.80000000000001,1.013990470638313,2.661987566326126,0.03427385871241423,0.035351112965936356,0.49344213601554493,0.493442136015545,0.9999999999999991,8.881784197001252e-16,0.0,7.706836186984784,0.7947022045632863,0.7985747288254279,1.8525268832829085,1.8555149640544117,0.9624257376259299,0.9632005684930571,5.643468410032604e-06,-0.4934429546591395,0.49346576707870105
106.0,1.0139893585705664,2.6619828774442706,0.03427404103603585,0.035351275413840234,0.4934416055035084,0.4934416055035084,0.9999999999999991,8.881784197001252e-16,0.0,7.706814853297858,0.7947010691524055,0.7985738148824193,1.8525260010162483,1.8555142553425743,0.9624255084471539,0.9632003844914386,5.477857441454903e-06,-0.49344241136724487,0.49346486409667956
106.2,1.0139882792386228,2.661978262555372,0.03427422012928603,0.03535143532269512,0.4934410846140436,0.4934410846140437,0.9999999999999991,8.881784197001252e-16,0.0,7.706793886454311,0.7946999662679364,0.7985729278355074,1.8525251440233066,1.8555135674836591,0.9624252858334609,0.963200205903602,5.316097250740448e-06,-0.4934418778668851,0.4934639757394919
106.4,1.0139872318801542,2.6619737206638567,0.034274396043096476,0.03535159272613575,0.4934405731911863,0.4934405731911863,0.9999999999999991,8.881784197001252e-16,0.0,7.706773280877894,0.7946988951627223,0.7985720670585008,1.8525243117235768,1.8555128999922386,0.9624250696340619,0.9632000326035267,5.158109803504729e-06,-0.4934413540005167,0.4934631018024111
106.60000000000001,1.0139862157482975,2.6619692507838986,0.03427456882771517,0.03535174765748082,0.4934400710811574,0.4934400710811574,0.9999999999999991,8.881784197001252e-16,0.0,7.706753031062882,0.7946978551046113,0.7985712319379056,1.8525235035482082,1.855512252392729,0.9624248597011961,0.9631998644677465,5.0038184813694375e-06,-0.4934408396127797,0.4934622420829129
106.80000000000001,1.013985230111373,2.6619648519394166,0.034274738532712894,0.035351900149732635,0.4934395781323406,0.4934395781323406,0.9999999999999991,8.881784197001252e-16,0.0,7.706733131573485,0.794696845376184,0.7985704218726967,1.8525227189397933,1.8555116242192071,0.9624246558900742,0.9631997013753036,4.853148057801238e-06,-0.4934403345504747,0.4934613963806676
107.0,1.0139842742526093,2.6619605231640744,0.03427490520698981,0.035352050235576915,0.49343909419525656,0.49343909419525656,0.9999999999999991,8.881784197001252e-16,0.0,7.706713577043388,0.7946958652744909,0.7985696362740891,1.8525219573521656,1.855511015015238,0.962424458058827,0.9631995432077035,4.706024678446941e-06,-0.4934398386625401,0.4934605644975323
107.2,1.0139833474698705,2.6619562635012546,0.03427506889878232,0.03535219794738285,0.4934386191225423,0.49343861912254233,0.9999999999999991,8.881784197001252e-16,0.0,7.7066943621749875,0.7946949141107921,0.7985688745653163,1.8525212182501958,1.8555104243337008,0.9624242660684523,0.9631993898488692,4.562375835640009e-06,-0.493439351800029,0.49345974623754113
107.4,1.0139824490753893,2.6619520720040577,0.03427522965566947,0.03535234331720296,0.4934381527689254,0.4934381527689254,0.9999999999999991,8.881784197001252e-16,0.0,7.706675481738906,0.7946939912102946,0.798568136181411,1.8525205011095895,1.8555098517366195,0.9624240797827618,0.963199241185098,4.422130348125108e-06,-0.49343887381608686,0.49345894140689683
107.60000000000001,1.0139815783955037,2.661947947735278,0.034275387524579724,0.035352486376773344,0.493437694991202,0.49343769499120205,0.9999999999999991,8.881784197001252e-16,0.0,7.7066569305734145,0.7946930959119065,0.7985674205689877,1.852519805416695,1.855509296794996,0.9624238990683317,0.9631990971050174,4.2852183388814025e-06,-0.49343840456592813,0.4934581498139614
107.80000000000001,1.0139807347703989,2.661943889767388,0.03427554255179756,0.03535262715751396,0.49343724564821445,0.49343724564821445,0.9999999999999991,8.881784197001252e-16,0.0,7.706638703583773,0.794692227567984,0.7985667271860325,1.8525191306683069,1.855508759088643,0.9624237237944516,0.9631989574995429,4.15157121400056e-06,-0.49343794390681467,0.4934573712692449
108.0,1.013979917553852,2.6619398971825143,0.03427569478297004,0.03535276569052887,0.4934368046008262,0.4934368046008262,0.9999999999999991,8.881784197001252e-16,0.0,7.706620795741659,0.7946913855440868,0.7985660555016926,1.852518476371478,1.8555082382060266,0.9624235538330757,0.9631988222618354,4.021121641120673e-06,-0.4934374916980323,0.49345660558539617
108.2,1.0139791261129825,2.661935969072414,0.03427584426311343,0.03535290200660672,0.4934363717119017,0.4934363717119017,0.9999999999999991,8.881784197001252e-16,0.0,7.7066032020845885,0.7946905692187397,0.7985654049960721,1.8525178420433321,1.8555077337441055,0.9624233890587737,0.9631986912872611,3.893803528942641e-06,-0.49343704780086894,0.49345585257719204
108.4,1.013978359828005,2.661932104538449,0.03427599103661975,0.03535303613622124,0.49343594684628117,0.49343594684628117,0.9999999999999991,8.881784197001252e-16,0.0,7.7065859177153175,0.7946897779831934,0.7985647751600294,1.8525172272108794,1.8555072453081711,0.9624232293486836,0.9631985644733495,3.7695520069824795e-06,-0.4934366120785921,0.4934551120615255
108.60000000000001,1.0139776180919888,2.6619283026915532,0.03427613514726342,0.035353168109531916,0.49343552987075917,0.49343552987075917,0.9999999999999991,8.881784197001252e-16,0.0,7.706568937801179,0.7946890112411926,0.7985641654949788,1.8525166314108354,1.8555067725116996,0.9624230745824643,0.963198441719754,3.648303404754638e-06,-0.4934361843964267,0.4934543838573946
108.80000000000001,1.0139769003106185,2.661924562652207,0.03427627663820772,0.03535329795638467,0.49343512065406253,0.49343512065406253,0.9999999999999991,8.881784197001252e-16,0.0,7.7065522575735885,0.7946882684087466,0.7985635755126944,1.8525160541894443,1.8555063149761948,0.9624229246422495,0.9631983229282127,3.5299952327177975e-06,-0.4934357646215335,0.4934536677858916
109.0,1.0139762059019597,2.661920883550399,0.034276415552011344,0.035353425706312586,0.4934347190668269,0.4934347190668269,0.9999999999999991,8.881784197001252e-16,0.0,7.706535872327321,0.7946875489139049,0.7985630047351195,1.852515495102304,1.855505872331044,0.9624227794126028,0.9631982080025107,3.4145661616663547e-06,-0.49343535262298593,0.49345296367018965
109.2,1.01397553429623,2.661917264525592,0.03427655193063489,0.035353551388536755,0.49343432498157513,0.49343432498157513,0.9999999999999991,8.881784197001252e-16,0.0,7.706519777420003,0.7946868521965349,0.7985624526941763,1.8525149537141927,1.8555054442133687,0.9624226387804719,0.9631980968484395,3.30195600412031e-06,-0.4934349482717495,0.49345227133553105
109.4,1.0139748849355719,2.661913704726685,0.03427668581544736,0.035353675031967305,0.49343393827269477,0.49343393827269477,0.9999999999999991,8.881784197001252e-16,0.0,7.706503968271478,0.7946861777081019,0.79856191893158,1.852514429598899,1.8555050302678808,0.9624225026351455,0.9631979893737622,3.1921056949657522e-06,-0.4934345514406594,0.4934515906092154
109.60000000000001,1.0139742572738297,2.6619102033119777,0.03427681724723266,0.0353537966652044,0.49343355881641693,0.49343355881641693,0.9999999999999991,8.881784197001252e-16,0.0,7.7064884403631675,0.7946855249114562,0.7985614029986573,1.8525139223390565,1.855504630146743,0.9624223708682094,0.9631978854881759,3.08495727338598e-06,-0.4934341620043987,0.4934509213205847
109.80000000000001,1.013973650776332,2.6619067594491246,0.03427694626619586,0.03535391631653908,0.4934331864907933,0.4934331864907934,0.9999999999999991,8.881784197001252e-16,0.0,7.70647318923752,0.7946848932806261,0.7985609044561662,1.8525134315259835,1.855504243509429,0.962422243373505,0.963197785103275,2.9804538628774857e-06,-0.49343377983947767,0.4934502633010136
110.0,1.0139730649196748,2.661903372315094,0.034277072911969804,0.03535403401395473,0.49343282117567505,0.49343282117567505,0.9999999999999991,8.881784197001252e-16,0.0,7.7064582104973915,0.7946842823006021,0.7985604228741182,1.852512956759513,1.855503870022583,0.9624221200470863,0.9631976881325168,2.8785396545966124e-06,-0.49343340482421133,0.4934496163838925
110.2,1.0139724991915107,2.6619000410961235,0.03427719722362143,0.03535414978512812,0.49343246275269187,0.49343246275269187,0.9999999999999991,8.881784197001252e-16,0.0,7.706443499805417,0.7946836914671402,0.7985599578316067,1.8525124976478442,1.8555035093598908,0.9624220007871792,0.963197594491185,2.779159888444127e-06,-0.49343303683869894,0.49344898040461627
110.4,1.013971953090342,2.661896764987677,0.03427731923965801,0.035354263657430614,0.4934321111052294,0.49343211110522944,0.9999999999999991,8.881784197001252e-16,0.0,7.7064290528834425,0.7946831202865581,0.7985595089166345,1.8525120538073796,1.8555031612019437,0.9624218854941414,0.963197504096357,2.682260835815131e-06,-0.4934326757648029,0.4934483552005704
110.60000000000001,1.0139714261253134,2.661893543194391,0.03427743899803353,0.03535437565792956,0.49343176611840794,0.49343176611840794,0.9999999999999991,8.881784197001252e-16,0.0,7.706414865511907,0.7946825682755381,0.7985590757259466,1.8525116248625755,1.855502825236109,0.9624217740704222,0.9631974168668693,2.587789782251826e-06,-0.4934323214861274,0.4934477406111161
110.80000000000001,1.0139709178160135,2.66189037493003,0.03427755653615503,0.03535448581338967,0.49343142767906273,0.49343142767906273,0.9999999999999991,8.881784197001252e-16,0.0,7.70640093352924,0.7946820349609358,0.7985586578648656,1.8525112104457913,1.8555025011564028,0.9624216664205235,0.9631973327232837,2.4956950093468766e-06,-0.4934319738879974,0.49344713647757693
111.0,1.0139704276922765,2.6618872594174388,0.03427767189088882,0.03535459415027451,0.4934310956757221,0.49343109567572213,0.9999999999999991,8.881784197001252e-16,0.0,7.706387252831294,0.794681519879585,0.798558254947128,1.8525108101971386,1.8555021886633656,0.9624215624509613,0.9631972515878564,2.405925779908058e-06,-0.4934316328574391,0.4934465426432246
111.2,1.013969955293987,2.6618841958884847,0.034277785098566625,0.03535470069474784,0.49343076999858665,0.49343076999858665,0.9999999999999991,8.881784197001252e-16,0.0,7.706373819370694,0.7946810225781115,0.7985578665947266,1.8525104237643375,1.8555018874639353,0.9624214620702276,0.9631971733845042,2.318432318390573e-06,-0.4934312982831576,0.49344595895326393
111.4,1.0139695001708897,2.661881183584005,0.03427789619499184,0.0353548054726752,0.4934304505395078,0.4934304505395078,0.9999999999999991,8.881784197001252e-16,0.0,7.7063606291562685,0.7946805426127539,0.7985574924377523,1.8525100508025758,1.8555015972713278,0.9624213651887543,0.9631970980387735,2.233165797102532e-06,-0.49343097005551817,0.4934453852548186
111.60000000000001,1.0139690618824018,2.6618782217537604,0.03427800521544571,0.03535490850962561,0.4934301371919688,0.4934301371919688,0.9999999999999991,8.881784197001252e-16,0.0,7.706347678252492,0.7946800795491757,0.7985571321142406,1.8525096909743641,1.8555013178049173,0.9624212717188753,0.9631970254778103,2.1500783186911843e-06,-0.4934306480665248,0.4934448213969172
111.80000000000001,1.013968639997428,2.6618753096563696,0.03427811219469341,0.03535500983087309,0.4934298298510645,0.49342982985106454,0.9999999999999991,8.881784197001252e-16,0.0,7.7063349627788025,0.7946796329622898,0.7985567852700198,1.8525093439493998,1.8555010487901196,0.9624211815747913,0.9631969556303276,2.0691229004887735e-06,-0.49343033220980076,0.49344426723047663
112.0,1.0139682340941796,2.6618724465592662,0.03427821716699002,0.03535510946139824,0.49342952841347887,0.49342952841347887,0.9999999999999991,8.881784197001252e-16,0.0,7.7063224789090965,0.7946792024360837,0.7985564515585617,1.8525090094044299,1.8555007899582756,0.9624210946725342,0.9631968884265777,1.990253458858393e-06,-0.4934300223805683,0.49344372260828867
112.2,1.0139678437599955,2.6618696317386257,0.034278320166086694,0.03535520742589011,0.49342923277746703,0.49342923277746703,0.9999999999999991,8.881784197001252e-16,0.0,7.7063102228711395,0.7946787875634466,0.798556130640837,1.852508687023118,1.8555005410465377,0.9624210109299328,0.9631968237983213,1.9134247944696536e-06,-0.4934297184756291,0.49344318738500476
112.4,1.0139674685911682,2.6618668644793178,0.03427842122523667,0.0353553037487479,0.4934289428428357,0.4934289428428358,0.9999999999999991,8.881784197001252e-16,0.0,7.706298190945894,0.7946783879460018,0.7985558221851687,1.8525083764959134,1.855500301797759,0.9624209302665779,0.963196761678799,1.8385925752012477e-06,-0.49342942039334414,0.4934426614171195
112.60000000000001,1.0139671081927706,2.661864144074844,0.03427852037720112,0.03535539845408272,0.49342865851092116,0.4934286585109212,0.9999999999999991,8.881784197001252e-16,0.0,7.706286379467014,0.7946780031939369,0.7985555258670939,1.8525080775199205,1.8555000719603854,0.9624208526037894,0.9631967020027035,1.7657133231235855e-06,-0.49342912803361444,0.4934421445629566
112.80000000000001,1.0139667621784867,2.6618614698272833,0.03427861765425511,0.03535549156571937,0.49342837968457215,0.49342837968457215,0.9999999999999991,8.881784197001252e-16,0.0,7.706274784820239,0.7946776329258447,0.7985552413692215,1.852507789798773,1.855499851288343,0.9624207778645832,0.9631966447061496,1.6947443993303724e-06,-0.49342884129786213,0.4934416366826535
113.0,1.013966430170446,2.66185884104722,0.0342787130881935,0.03535558310719831,0.49342810626812955,0.4934281062681296,0.9999999999999991,8.881784197001252e-16,0.0,7.70626340344285,0.7946772767685603,0.7985549683810992,1.8525075130425093,1.8554996395409384,0.9624207059736387,0.9631965897266499,1.6256439881595641e-06,-0.4934285600890105,0.4934411376381457
113.2,1.0139661117990604,2.661856257053691,0.03427880671033686,0.03535567310177744,0.4934278381674068,0.4934278381674068,0.9999999999999991,8.881784197001252e-16,0.0,7.706252231822985,0.794676934357,0.7985547065990752,1.8525072469674464,1.8554994364827504,0.9624206368572664,0.9631965370030847,1.5583710843147802e-06,-0.49342828431146507,0.49344064729315007
113.4,1.0139658067028618,2.661853717174123,0.03427889855153709,0.03535576157243405,0.4934275752896719,0.49342757528967196,0.9999999999999991,8.881784197001252e-16,0.0,7.706241266499211,0.7946766053340121,0.7985544557261713,1.852506991296064,1.8554992418835285,0.9624205704433774,0.9631964864756775,1.4928854788071044e-06,-0.49342801387109525,0.4934401655131514
113.60000000000001,1.0139655145283466,2.661851220744264,0.034278988642183275,0.03535584854186676,0.49342731754362695,0.493427317543627,0.9999999999999991,8.881784197001252e-16,0.0,7.706230504059869,0.7946762893502212,0.7985542154719486,1.852506745756885,1.8554990555180944,0.9624205066614525,0.9631964380859681,1.4291477436062516e-06,-0.49342774867521527,0.49343969216538563
113.80000000000001,1.0139652349298196,2.661848767108127,0.03427907701220742,0.0353559340324975,0.49342706483939053,0.4934270648393906,0.9999999999999991,8.881784197001252e-16,0.0,7.706219941142485,0.7946759860638781,0.7985539855523835,1.852506510084356,1.8554988771662426,0.9624204454425115,0.9631963917767872,1.367119220052615e-06,-0.4934274886325655,0.49343922711882326
114.0,1.0139649675692408,2.661846355617921,0.03427916369109011,0.03535601806647354,0.49342681708848024,0.49342681708848024,0.9999999999999991,8.881784197001252e-16,0.0,7.706209574433294,0.7946756951407111,0.7985537656897413,1.8525062840187345,1.855498706612641,0.9624203867190835,0.9631963474922312,1.3067620031753657e-06,-0.49342723365329405,0.4934387702441556
114.2,1.0139647121160775,2.6618439856339853,0.034279248707866056,0.03535610066566936,0.49342657420379155,0.49342657420379155,0.9999999999999991,8.881784197001252e-16,0.0,7.706199400666575,0.7946754162537862,0.798553555612453,1.8525060673059797,1.855498543646739,0.9624203304251784,0.9631963051776372,1.2480389310898232e-06,-0.4934269836489387,0.4934383214137776
114.4,1.013964468247157,2.661841656524733,0.03427933209112978,0.03535618185168887,0.4934263360995817,0.4934263360995817,0.9999999999999991,8.881784197001252e-16,0.0,7.706189416624169,0.7946751490833591,0.7985533550549956,1.8525058596976356,1.855498388062673,0.9624202764962573,0.9631962647795593,1.1909135691351436e-06,-0.49342673853240887,0.49343788050177206
114.60000000000001,1.0139642356465197,2.6618393676665733,0.034279413869041084,0.03535626164586739,0.4934261026914514,0.4934261026914514,0.9999999999999991,8.881784197001252e-16,0.0,7.706179619134905,0.7946748933167385,0.7985531637577724,1.8525056609507282,1.8554982396591726,0.9624202248692046,0.963196226245745,1.1353501993272008e-06,-0.49342649821796675,0.4934374473838947
114.80000000000001,1.013964014005281,2.661837118443855,0.034279494069330625,0.03535634006927372,0.493425873896327,0.493425873896327,0.9999999999999991,8.881784197001252e-16,0.0,7.7061700050740205,0.7946746486481469,0.7985529814669979,1.852505470827654,1.8554980982394735,0.9624201754823005,0.9631961895251095,1.0813138064530436e-06,-0.4934262626212114,0.4934370219375577
115.0,1.013963803021489,2.6618349082487915,0.03427957271930521,0.03535641714271219,0.4934256496324413,0.4934256496324413,0.9999999999999991,8.881784197001252e-16,0.0,7.706160571362644,0.7946744147785891,0.7985528079345812,1.8525052890960805,1.8554979636112245,0.9624201282751939,0.963196154567716,1.0287700664274313e-06,-0.4934260316590597,0.49343660404181355
115.2,1.0139636023999896,2.661832736481406,0.03427964984585335,0.03535649288672491,0.493425429819318,0.493425429819318,0.9999999999999991,8.881784197001252e-16,0.0,7.7061513149672365,0.7946741914157162,0.7985526429180156,1.8525051155288386,1.8554978355864054,0.9624200831888747,0.963196121324751,9.776853333726132e-07,-0.4934258052497285,0.49343619357733975
115.4,1.0139634118522896,2.661830602549451,0.034279725475450606,0.03535656732159383,0.49342521437775394,0.49342521437775394,0.9999999999999991,8.881784197001252e-16,0.0,7.7061422328990625,0.794673978273696,0.7985524861802674,1.8525049499038224,1.855497713981238,0.9624200401656489,0.9631960897485013,9.280266282940541e-07,-0.4934255833127192,0.4934357904264234
115.60000000000001,1.013963231096427,2.6618285058683493,0.034279799634164804,0.035356640467342826,0.49342500322980115,0.49342500322980115,0.9999999999999991,8.881784197001252e-16,0.0,7.706133322213636,0.7946737750730863,0.7985523374896674,1.8525047920038922,1.8554975986161026,0.9624199991491115,0.9631960597923354,8.797616266875696e-07,-0.4934253657687989,0.4934353944729439
115.80000000000001,1.0139630598568399,2.6618264458611276,0.03427987234766135,0.035356712343739875,0.49342479629874936,0.49342479629874936,0.9999999999999991,8.881784197001252e-16,0.0,7.706124580010178,0.7946735815407077,0.7985521966198031,1.8525046416167736,1.855497489315455,0.9624199600841219,0.9631960314106783,8.328586467987176e-07,-0.4934251525399841,0.4934350056023582
116.0,1.013962897864239,2.661824421958341,0.03427994364120848,0.03535678297029932,0.4934245935091117,0.4934245935091117,0.9999999999999991,8.881784197001252e-16,0.0,7.706116003431137,0.7946733974095196,0.7985520633494168,1.8525044985349628,1.8554973859077473,0.9624199229167786,0.9631960045589929,7.872866390340461e-07,-0.4934249435495243,0.4934346237016852
116.2,1.0139627448554835,2.66182243359801,0.03428001353968245,0.03535685236628398,0.49342439478660605,0.49342439478660605,0.9999999999999991,8.881784197001252e-16,0.0,7.706107589661608,0.7946732224185019,0.7985519374623004,1.8525043625556334,1.8554972882253464,0.9624198875943949,0.9631959791937581,7.430151734433288e-07,-0.4934247387218845,0.49343424865948937
116.4,1.0139626005734568,2.661820480225553,0.03428008206757256,0.03535692055070727,0.4934242000581376,0.49342420005813764,0.9999999999999991,8.881784197001252e-16,0.0,7.7060993359288155,0.7946730563125335,0.7985518187471949,1.852504233480543,1.8554971961044557,0.9624198540654753,0.9631959552724502,7.000144302549138e-07,-0.49342453798272984,0.49343388036586444
116.60000000000001,1.0139624647669465,2.661818561293715,0.034280149248986286,0.035356987542335454,0.4934240092517841,0.4934240092517841,0.9999999999999991,8.881784197001252e-16,0.0,7.706091239501645,0.7946728988422735,0.7985517069976924,1.8525041111159406,1.8554971093850399,0.9624198222796903,0.9631959327535198,6.582551861228358e-07,-0.4934243412589079,0.49343351871241936
116.80000000000001,1.0139623371905266,2.6618166762625033,0.03428021510765439,0.035357053359689916,0.4934238222967804,0.4934238222967804,0.9999999999999991,8.881784197001252e-16,0.0,7.70608329769006,0.7946727497640508,0.7985516020121369,1.8525039952724804,1.855497027910747,0.9624197921878551,0.9631959115963757,6.177088074932335e-07,-0.4934241484784341,0.49343316359226086
117.0,1.0139622176044387,2.6618148245991136,0.0342802796669359,0.03535711802104934,0.49342363912350157,0.49342363912350157,0.9999999999999991,8.881784197001252e-16,0.0,7.70607550784461,0.7946726088397467,0.7985515035935304,1.852503885765131,1.855496951528837,0.9624197637419057,0.9631958917613628,5.783472357412389e-07,-0.4934239595704741,0.4934328148999786
117.2,1.0139621057744799,2.6618130057778653,0.034280342949822865,0.035357181544451784,0.4934234596634452,0.4934234596634452,0.9999999999999991,8.881784197001252e-16,0.0,7.706067867355983,0.7946724758366877,0.7985514115494382,1.8525037824130925,1.8554968800901068,0.9624197368948771,0.963195873209746,5.401429797186053e-07,-0.4934237744653298,0.49343247253163
117.4,1.0139620014718898,2.6618112192801333,0.03428040497894542,0.03535724394769703,0.4934232838492183,0.4934232838492183,0.9999999999999991,8.881784197001252e-16,0.0,7.706060373654402,0.7946723505275335,0.7985513256918964,1.8525036850397083,1.8554968134488197,0.9624197116008807,0.9631958559036886,5.030691045265767e-07,-0.49342359309442263,0.4934321363847229
117.60000000000001,1.0139619044732406,2.661809464594274,0.034280465776576695,0.035357305248348854,0.4934231116145218,0.4934231116145218,0.9999999999999991,8.881784197001252e-16,0.0,7.706053024209225,0.7946722326901714,0.7985512458373212,1.8525035934723848,1.8554967514626353,0.962419687815083,0.9631958398062361,4.670992211630587e-07,-0.49342341539027756,0.49343180635820255
117.80000000000001,1.0139618145603273,2.661807741215566,0.03428052536463743,0.03535736546373712,0.4934229428941336,0.4934229428941336,0.9999999999999991,8.881784197001252e-16,0.0,7.706045816528377,0.7946721221076106,0.7985511718064219,1.8525035075425071,1.8554966939925408,0.9624196654936843,0.9631958248812978,4.322074766693884e-07,-0.4934232412865089,0.4934314823524341
118.0,1.013961731520064,2.6618060486461297,0.034280583764700806,0.03535742461096006,0.49342277762389375,0.49342277762389375,0.9999999999999991,8.881784197001252e-16,0.0,7.706038748157896,0.7946720185678818,0.7985511034241107,1.852503427085363,1.8554966409027813,0.9624196445938986,0.9631958110936301,3.98368545498351e-07,-0.49342307071780495,0.49343116426918804
118.2,1.0139616551443773,2.6618043863948726,0.03428064099799723,0.03535748270688655,0.4934226157406903,0.49342261574069035,0.9999999999999991,8.881784197001252e-16,0.0,7.706031816681425,0.7946719218639304,0.7985510405194197,1.8525033519400589,1.8554965920607978,0.9624196250739316,0.9631957984088165,3.655576178707154e-07,-0.49342290361991203,0.4934308520116242
118.4,1.0139615852301052,2.6618027539774074,0.03428069708541891,0.035357539768158294,0.4934224571824447,0.49342245718244476,0.9999999999999991,8.881784197001252e-16,0.0,7.706025019719744,0.7946718317935224,0.7985509829254153,1.852503281949447,1.8554965473371567,0.9624196068929626,0.9631957867932543,3.337503922395957e-07,-0.4934227399296209,0.4934305454842779
118.60000000000001,1.0139615215788955,2.6618011509159927,0.03428075204752447,0.035357595811192015,0.49342230188809544,0.49342230188809544,0.9999999999999991,8.881784197001252e-16,0.0,7.706018354930286,0.7946717481591445,0.7985509304791143,1.852503216960048,1.8554965066054894,0.962419590011123,0.963195776214135,3.029230647710879e-07,-0.4934225795847512,0.4934302445930426
118.80000000000001,1.0139614639971086,2.6617995767394613,0.03428080590454354,0.03535765085218174,0.49342214979758486,0.49342214979758486,0.9999999999999991,8.881784197001252e-16,0.0,7.706011820006675,0.7946716707679065,0.7985508830214066,1.8525031568219736,1.8554964697424283,0.9624195743894779,0.9631957666394302,2.730523211563751e-07,-0.49342242252413754,0.4934299492451566
119.0,1.0139614122957188,2.661798030983154,0.03428085867638128,0.03535770490710102,0.49342200085184473,0.4934220008518448,0.9999999999999991,8.881784197001252e-16,0.0,7.706005412678247,0.7946715994314505,0.7985508403969724,1.8525031013888593,1.8554964366275448,0.9624195599900068,0.9631957580378743,2.4411532723034313e-07,-0.49342226868761474,0.49342965934918737
119.2,1.0139613662902203,2.6617965131888504,0.034280910382622896,0.035357757991705166,0.4934218549927824,0.4934218549927824,0.9999999999999991,8.881784197001252e-16,0.0,7.705999130709551,0.7946715339658568,0.798550802454205,1.8525030505177882,1.8554964071432893,0.9624195467755854,0.963195750378948,2.1608971896569518e-07,-0.4934221180160035,0.4934293748150155
119.4,1.0139613258005338,2.6617950229047005,0.03428096104253792,0.035357810121533384,0.4934217121632651,0.4934217121632651,0.9999999999999991,8.881784197001252e-16,0.0,7.705992971899951,0.7946714741915519,0.7985507690451337,1.85250300406922,1.8554963811749312,0.9624195347099666,0.9631957436328656,1.8895359636672548e-07,-0.493421970451097,0.4934290955538214
119.60000000000001,1.0139612906509141,2.6617935596851567,0.03428101067508475,0.03535786131191102,0.49342157230710737,0.4934215723071074,0.9999999999999991,8.881784197001252e-16,0.0,7.705986934083127,0.7946714199332212,0.7985507400253504,1.8525029619069249,1.8554963586105013,0.9624195237577626,0.9631957377705574,1.626855125197446e-07,-0.49342182593564654,0.49342882147806927
119.80000000000001,1.0139612606698614,2.6617921230909114,0.03428105929891494,0.0353579115779519,0.4934214353690576,0.4934214353690576,0.9999999999999991,8.881784197001252e-16,0.0,7.705981015126623,0.7946713710197226,0.7985507152539324,1.8525029238979145,1.8554963393407324,0.9624195138844283,0.963195732763655,1.372644662794853e-07,-0.4934216844133476,0.49342855250149287
120.0,1.0139612356900307,2.6617907126888247,0.03428110693237746,0.03535796093456039,0.49342130129478423,0.49342130129478423,0.9999999999999991,8.881784197001252e-16,0.0,7.705975212931406,0.794671327283997,0.7985506945933731,1.8525028899123734,1.855496323259008,0.9624195050562423,0.9631957285844782,1.1266989383140746e-07,-0.49342154582882675,0.4934282885390804
