t,source_integral,heat_loss_surface,reactant_supply_surface,reactant_inventory,heat_inventory,J_min,J_mean,J_max,phi_min,phi_mean,phi_max,theta_min,theta_mean,theta_max,u_min,u_mean,u_max,A_min,A_mean,A_max,D_over_D0_min,D_over_D0_mean,D_over_D0_max,M_over_M0_min,M_over_M0_mean,M_over_M0_max,geometric_skin_thickness,functional_skin_thickness,A_functional_skin_thickness,D_functional_skin_thickness,M_functional_skin_thickness,surface_q,surface_n,surface_h,mean_abs_internal_h
0.0,0.07994373398924638,1.967741935483871e-05,0.6894955077750986,0.026012500000000004,4.9999999999999996e-05,1.2950064174641447,1.2999999999999998,1.3049935825358554,0.11494309397945156,0.11538546883058842,0.11582954182862426,1.6129032258064516e-06,4.9999999999999996e-05,9.838709677419355e-05,0.015006417464144738,0.02,0.024993582535855263,0.9969863314216022,0.9990408383580583,1.0,0.9989944328798402,0.999680026331643,1.0,0.9994970899680228,0.9998399815031443,1.0,0.0,0.0,0.0,0.0,0.0,-0.0009405127121299428,-0.6894955077750986,1.967741935483871e-05,2e-05
0.2,0.2940100378033078,0.022886662365263235,0.43314770363948435,0.08412327032890864,0.03838187433446014,1.294711114253753,1.3000419857162702,1.3034224706364708,0.11508164342659667,0.11538140023922504,0.11585596072252546,0.014057888638553763,0.03838187433446014,0.11443331182631616,0.01218335194227063,0.06487679826511948,0.381217566229308,0.996807623797623,0.9993109605490192,1.0,0.9989347401101107,0.9997701440228608,1.0,0.9994672281179225,0.9998850499754094,1.0,0.0,0.0,0.0,0.0,0.0,0.0005203156358588035,-0.43314770363948435,0.022886662365263235,0.020792009830750253
0.4,0.4077536627720886,0.050820954520155094,0.4196027762972677,0.09745037979792867,0.10222362370370527,1.2917635532220408,1.299801516602356,1.3028827816258357,0.11512931333148685,0.11540317966231879,0.11612032219507631,0.024287347470064117,0.10222362370370527,0.25410477260077546,0.006877009034267359,0.07525514386028401,0.4005674624324747,0.9950208501461397,0.9990059337102934,1.0,0.9983375208004599,0.9996682302812622,1.0,0.9991684145985098,0.9998340632945004,1.0,0.0,0.0,0.0,0.0,0.0,0.0018478133307652106,-0.4196027762972677,0.050820954520155094,0.04749560119368034
0.6000000000000001,0.4706512410998013,0.07785933283242237,0.43036542723971666,0.09374031659061854,0.17785382491594082,1.2876982336769864,1.2993190297660377,1.3039912530778883,0.11503144645023197,0.11544723929886273,0.11648691912209833,0.044320760175780724,0.17785382491594082,0.391056452672985,0.004670140667993373,0.0725449447875154,0.3851922468004048,0.9925475025723602,0.998388428828096,1.0,0.9975096368110861,0.9994618018439799,1.0,0.9987540421223984,0.9997307747323927,1.0,0.0,0.0,0.0,0.0,0.0,0.002934966159269095,-0.43036542723971666,0.07785933283242237,0.07202239940833602
0.8,0.5003631842831432,0.10237112904938393,0.4462552129319395,0.08386498925475942,0.25730138224587573,1.2830973769203007,1.2986438973819807,1.3060045190389247,0.11485412019124057,0.11550936517327402,0.11690461121511374,0.08017435503713981,0.25730138224587573,0.5154570161627008,0.00393548045643691,0.06508080866896533,0.36249255295437216,0.9897356743321292,0.997596417144873,1.0,0.9965667834477783,0.9991967398393226,1.0,0.9982819156694002,0.9995981110674114,1.0,0.0,0.0,0.0,0.0,0.0,0.0037783706200726352,-0.4462552129319395,0.10237112904938393,0.09070269995521073
1.0,0.5120793709018769,0.1239130259339568,0.4615264791154659,0.07323645405555627,0.33606115376651663,1.2784031189629323,1.2978208953162444,1.3082001380010095,0.11466135466795391,0.11558554242581491,0.11733388144553587,0.12922603094240365,0.33606115376651663,0.6247443561024867,0.003308081376992447,0.05701009219637528,0.34067645840647726,0.9868528246680429,0.99672722068068,1.0,0.9955982593986986,0.9989054773315078,1.0,0.9977967021959924,0.9994522877601951,1.0,0.0,0.0,0.0,0.0,0.0,0.004424323380922135,-0.4615264791154659,0.1239130259339568,0.1034774939958424
1.2000000000000002,0.5166531383296808,0.1427936583356237,0.47472994925030143,0.06396631103117645,0.4122824554133803,1.2739099247127705,1.2968827404098884,1.3101248776188619,0.11449290259461634,0.11567258974956293,0.11774772854039944,0.1869033448746348,0.4122824554133804,0.7205016530441807,0.0025335528873314337,0.04995680927571832,0.3218143582138551,0.9840801810921322,0.9958557917070999,1.0,0.9946649790281226,0.998613088829661,1.0,0.9973289218279922,0.9993058533105582,1.0,0.0,0.0,0.0,0.0,0.0,0.004941318916317064,-0.47472994925030143,0.1427936583356237,0.11162721170402563
1.4000000000000001,0.5196308658500585,0.15961136528321618,0.48597995475725486,0.05643466189588642,0.485644008078833,1.2697518588817571,1.295848919782778,1.3116031409252977,0.11436386153679029,0.11576845923865768,0.11813331790047682,0.24945851023023272,0.485644008078833,0.8057757255228535,0.0017687749786361893,0.04421788843244548,0.3057429217753501,0.9815027008020928,0.9950178691858929,1.0,0.9937958174899809,0.9983316050635936,1.0,0.9968930817919193,0.9991648378105417,1.0,0.0,0.0,0.0,0.0,0.0,0.005389253467679683,-0.48597995475725486,0.15961136528321618,0.11656746364254134
1.6,0.5229453749741031,0.17493046197970918,0.49575257518946764,0.05038186226464707,0.5564156174891106,1.2659467482125202,1.2947290466956753,1.3126021756064146,0.11427681805471705,0.11587207298727781,0.11848839630244765,0.31444592598602095,0.5564156174891106,0.8834305330157689,0.00115438773595107,0.03959827599963677,0.2917820354436176,0.9791341501835643,0.9942224527313583,1.0,0.9929957671067963,0.9980641178560837,1.0,0.996491728955076,0.9990307987044996,1.0,0.0,0.0,0.0,0.0,0.0,0.005806418092141968,-0.49575257518946764,0.17493046197970918,0.11940431823037402
1.8,0.5269052268665103,0.18916839028374294,0.504460997891597,0.04544297686480911,0.624965671788871,1.2624529142130299,1.2935271085667115,1.3131545866785188,0.11422874467461491,0.11598297247936278,0.11881631252243961,0.3804224056557234,0.624965671788871,0.9555809156703505,0.0007237229415664019,0.03582135924840604,0.2793414315834328,0.9769510177433938,0.9934673286808757,1.0,0.9922572037856929,0.9978099387240008,1.0,0.9961210781230055,0.9989033979610092,1.0,0.0,0.0,0.0,0.0,0.0,0.006211854971849007,-0.504460997891597,0.18916839028374294,0.12087881134836102
2.0,0.5313322737898757,0.2026031720607714,0.5123838431247824,0.041320842713889055,0.6915948610494462,1.2592089838627496,1.2922446101650003,1.3133157479717752,0.11421472728980303,0.11610101202229017,0.11912240297068083,0.44655666796051197,0.6915948610494462,1.0236345062676422,0.0004454437219639785,0.032662080232039245,0.2680230812503109,0.9749168546113527,0.992737229313873,1.0,0.9915680464572775,0.9975639939629859,1.0,0.9957750974352185,0.9987801006844502,1.0,0.0,0.0,0.0,0.0,0.0,0.006612529506854328,-0.5123838431247824,0.2026031720607714,0.12145727341598918
2.2,0.5359996822462688,0.2154134468478177,0.5196964605285286,0.037807163571418466,0.7565147056744682,1.2561543837932967,1.290882350504574,1.3131435414305643,0.1142297054871755,0.11622616451357895,0.1194120738145534,0.5123570387599216,0.7565147056744682,1.0884960727216997,0.00027291438766181093,0.029963101682340332,0.2575764849592448,0.972995062209094,0.9920223928060812,1.0,0.9909160780910995,0.9973230213425963,1.0,0.995447676183197,0.9986592747162063,1.0,0.0,0.0,0.0,0.0,0.0,0.0070093300759058175,-0.5196964605285286,0.2154134468478177,0.12143069363850714
2.4000000000000004,0.5407404635667503,0.22771401633036575,0.5265098949961008,0.03476158689801357,0.819868019561028,1.253237356760218,1.2894412413973249,1.3126901594619278,0.11426915858155366,0.11635842084087246,0.11969001657257454,0.5775201598677643,0.819868019561028,1.1507477978912017,0.00016748846904771796,0.027618702161848436,0.24784300714842739,0.9711540477456991,0.9913069861500017,1.0,0.990290707962541,0.9970817233918843,1.0,0.9951335114415719,0.9985382688202185,1.0,0.0,0.0,0.0,0.0,0.0,0.007400666912719608,-0.5265098949961008,0.22771401633036575,0.12098377321431417
2.6,0.5454513648199744,0.23957993644688247,0.5328973242478469,0.03208862871628258,0.8817521639293938,1.2504167362678196,1.287922599159297,1.3119996143837331,0.11432930189576111,0.11649774662387058,0.11996000665163231,0.6418533050274726,0.8817521639293939,1.2107711527868505,0.00010307801118795615,0.025557103043069036,0.23871810821736147,0.9693684902194175,0.9905862732253978,1.0,0.989683420357349,0.9968384942031798,1.0,0.9948283357858633,0.9984162766036493,1.0,0.0,0.0,0.0,0.0,0.0,0.007784279794702517,-0.5328973242478469,0.23957993644688247,0.12023645911777534
2.8000000000000003,0.5500725318096046,0.2510615545402066,0.538909587432846,0.02972098746507917,0.9422361804437103,1.247661135201404,1.2863281876560968,1.3111077465875811,0.1144070732481025,0.11664406887248983,0.1202249519263788,0.7052330197017334,0.9422361804437103,1.2688228597192857,6.354911292326523e-05,0.02372774857754359,0.23012916081021995,0.9676189567701784,0.9898401807784435,1.0,0.9890876611047423,0.996586613876965,1.0,0.9945288623821373,0.9982899344661852,1.0,0.0,0.0,0.0,0.0,0.0,0.008158032342310939,-0.538909587432846,0.2510615545402066,0.1192683515873997
3.0,0.5545705663730993,0.2621937257264877,0.5445840446140704,0.027609153363914136,1.0013716272734683,1.244947303913296,1.2846601592108364,1.3100432100809416,0.11450004003358956,0.11679727665154438,0.12048702746573978,0.7675809442836212,1.0013716272734685,1.3250814101801627,3.919063789499e-05,0.02209342584805378,0.2220227934084709,0.9658909630492721,0.989070971406902,1.0,0.9884985312575338,0.9963268065896427,1.0,0.9942326327027033,0.9981596006871459,1.0,0.0,0.0,0.0,0.0,0.0,0.008520200479940176,-0.5445840446140704,0.2621937257264877,0.11813340447181492
3.2,0.5589271641512541,0.27300148612889485,0.5499496427139934,0.025715222246628124,1.0591991092562072,1.2422583996668133,1.2829209641505235,1.3088287376936976,0.11460628551319614,0.11695722732212942,0.1207478251225603,0.8288484645525974,1.0591991092562072,1.3796756811792446,2.4149135823687653e-05,0.02062559941121405,0.21435765326572376,0.964173948863603,0.9882683652161335,1.0,0.9879124482523468,0.9960556155330217,1.0,0.9939378474416848,0.9980235430285043,1.0,0.0,0.0,0.0,0.0,0.0,0.008869526399533548,-0.5499496427139934,0.27300148612889485,0.11686906321335962
3.4000000000000004,0.563132742672198,0.2835035726194674,0.555029903742514,0.02400919565731035,1.115752203262084,1.239582468297914,1.2811132606990419,1.3074823652655791,0.11472430067500881,0.11712375419966482,0.12100848780635536,0.8890066765081812,1.115752203262084,1.4327026800714837,1.4858777882611326e-05,0.019301635639204975,0.20710013751069425,0.9624603658822358,0.9874221207768302,1.0,0.9873268422472944,0.9957695970234928,1.0,0.9936432147436113,0.9978800358472685,1.0,0.0,0.0,0.0,0.0,0.0,0.009205176680327304,-0.555029903742514,0.2835035726194674,0.11550203624440622
3.6,0.5671831527313493,0.2937146317363763,0.5598446977548336,0.02246673179319163,1.171059836341466,1.2369112045297492,1.2792398375303415,1.3060184868312985,0.11485289183305095,0.11729667375273312,0.12126982070392613,0.9480397641036721,1.171059836341466,1.4842386759776862,9.127086961588234e-06,0.01810312457685823,0.20022186035023773,0.9607449256585155,0.9865257628755149,1.0,0.9867399048412985,0.9954665625087366,1.0,0.993347824488337,0.9977279810269699,1.0,0.0,0.0,0.0,0.0,0.0,0.009526667984175605,-0.5598446977548336,0.2937146317363763,0.11405198202842921
3.8000000000000003,0.5710774503877517,0.30364662312166735,0.5644113411428278,0.021067677803982447,1.2251478088561543,1.2342389806105625,1.2773035515676032,1.3044487172990797,0.11499110544612424,0.1174757917018959,0.12153237934990263,1.005940636712332,1.2251478088561545,1.5343462696416474,5.597334275013197e-06,0.017014787839013754,0.19369808408167455,0.9590240062889289,0.9855688572570052,1.0,0.986150390238834,0.995143002750691,1.0,0.9930510487429932,0.9975656199776205,1.0,0.0,0.0,0.0,0.0,0.0,0.009833789762717773,-0.5644113411428278,0.30364662312166735,0.11253388263894278
4.0,0.5748168777099674,0.3133097122265504,0.5687452714816138,0.019795103558479743,1.2780397644292254,1.2315621057099346,1.2753072803480139,1.302782574823923,0.11513816879249646,0.11766090786908558,0.12179653734436106,1.0627080797312078,1.2780397644292254,1.5830788898216113,3.42762513596785e-06,0.01602376178693176,0.18750675502626585,0.9572951974847349,0.9845445222289655,1.0,0.9855574624521823,0.9947965908601429,1.0,0.9927524652192917,0.9973917850484104,1.0,0.0,0.0,0.0,0.0,0.0,0.010126535199616427,-0.5687452714816138,0.3133097122265504,0.11095956868104764
4.2,0.5784040361713687,0.3227128408092759,0.5728604814480845,0.018634615440251367,1.3297578443833742,1.2288782739597448,1.2732538869953562,1.3010280008950057,0.11529344479658524,0.11785181983954515,0.12206253717600808,1.1183449085189325,1.3297578443833742,1.63048366712565,2.0960887241795006e-06,0.015119088130259407,0.18162788364559349,0.9555569599379163,0.9834327657183132,1.0,0.9849605806779063,0.9944206266240425,1.0,0.992451799826976,0.9972031215209539,1.0,0.0,0.0,0.0,0.0,0.0,0.010405044583848194,-0.5728604814480845,0.3227128408092759,0.1093386991484375
4.4,0.5818425728029193,0.33186408649499477,0.5767697944989046,0.017573870491947252,1.3803231198974097,1.226186167501919,1.2711461956670294,1.2991917486690812,0.11545639829814427,0.11804832557718135,0.12233052694240676,1.1728567973582003,1.3803231198974097,1.6766032468346659,1.2808078292416149e-06,0.014291353277217207,0.17604315071585044,0.9538083795792665,0.982170886247009,0.9995132720233418,0.9843594165050219,0.9939941638042119,0.9998377310086796,0.9921488851681511,0.9969891504625995,0.9999188622123403,0.0,0.0,0.0,0.0,0.0,0.010669561761150956,-0.5767697944989046,0.33186408649499477,0.10767938119280594
4.6000000000000005,0.5851367273545933,0.34077090227779894,0.5804850597550674,0.016602199905344013,1.4297559025244837,1.223485165863835,1.2689869744001991,1.2972795992088597,0.11562657740974022,0.11825022529305942,0.12260058739175093,1.2262514980402817,1.4297559025244837,1.721476997467225,7.828706609503115e-07,0.013532407709606745,0.17073562892133232,0.9520489869534534,0.9808254860351717,0.9983601520730199,0.9837537929681024,0.9935393498378167,0.999453084932876,0.991843629971378,0.9967609388246181,0.9997265050629573,0.0,0.0,0.0,0.0,0.0,0.010920401283717449,-0.5804850597550674,0.34077090227779894,0.10598858367106925
4.800000000000001,0.5882911278842908,0.3494402763846217,0.5840172859660209,0.01571032589724684,1.4780759548707747,1.2207751305061625,1.266778923327572,1.295296625042958,0.11580359054438616,0.11845732277200262,0.12287275211594982,1.2785383018598733,1.4780759548707747,1.7651418189197206,4.780352305201746e-07,0.012835154713629249,0.1656895914771129,0.9502786226634573,0.9794468758140087,0.9971619019488863,0.9831436390578279,0.9930729236503988,0.999053070834861,0.9915359962669916,0.9965268520420496,0.9995264232687554,0.0,0.0,0.0,0.0,0.0,0.011157923361053257,-0.5840172859660209,0.3494402763846217,0.10427241717166828
5.0,0.5913106852739444,0.357878833824383,0.5873767385094576,0.01489014109759924,1.5253026353645958,1.2180562547524192,1.264524667347179,1.2932474098305622,0.11598708712639338,0.11866942622898174,0.12314702167059503,1.3297276902180124,1.5253026353645958,1.8076326579466264,2.9177173779804096e-07,0.0121933852824279,0.16089037355791763,0.9484973433935663,0.9780364595417935,0.9959210290874374,0.982528957919919,0.9925953258774778,0.9986384899756596,0.9912259834269945,0.9962871068936812,0.9993190130930566,0.0,0.0,0.0,0.0,0.0,0.011382515997924836,-0.5873767385094576,0.357878833824383,0.1025363143543539
5.2,0.5942004279869165,0.3660929013898407,0.5905730135118334,0.014134528399160736,1.5714550026513356,1.2153289615328304,1.2622267521745814,1.291136098162851,0.1161767533364097,0.11888634879124707,0.12342337321642767,1.3798311179119616,1.5714550026513356,1.8489828402171518,1.7824393819757486e-07,0.011601642751290083,0.15632426641166636,0.9467053577699619,0.9765956038505903,0.9946397877010545,0.9819098051424247,0.9921069857936208,0.9982100602743452,0.9909136172670975,0.9960419146058448,0.9991046292526966,0.0,0.0,0.0,0.0,0.0,0.011594582656676622,-0.5905730135118334,0.3660929013898407,0.10078514481844865
5.4,0.5969654321822503,0.37408855675097447,0.5936150979844638,0.013437216292188693,1.6165518874460194,1.2125938247595802,1.259887642151719,1.2889665016411804,0.11637230277824291,0.11910790879768808,0.12370176800936648,1.4288608319415024,1.6165518874460196,1.8892243222904335,1.0882380538287134e-07,0.011055113924018572,0.1519784314507661,0.9449029767019315,0.9751256362340427,0.9933202422499467,0.9812862718994354,0.9916083206501712,0.997768437418764,0.9905989415805782,0.9957914805140429,0.9988835954675177,0.0,0.0,0.0,0.0,0.0,0.011794532984940015,-0.5936150979844638,0.37408855675097447,0.09902330596946175
5.6000000000000005,0.5996107598230153,0.3818716620314464,0.5965114198607341,0.012792659755735594,1.6606119413064915,1.2098515142621171,1.2575097195596263,1.2867421595907647,0.11657347113558941,0.11933392993799766,0.12398215667935442,1.4768297385673115,1.6606119413064915,1.9283878659128528,6.6524909240936e-08,0.010549539181603954,0.14784082877037982,0.9430905784474555,0.9736278442584416,0.9919643037698257,0.9806584730752782,0.9910997353708566,0.997314226950783,0.9902820121714849,0.9955360039056479,0.9986562104999838,0.0,0.0,0.0,0.0,0.0,0.011982776388991243,-0.5965114198607341,0.3818716620314464,0.09725478784090684
5.800000000000001,0.6021413971264797,0.3894478857788754,0.5992698900575294,0.01219594074477289,1.7036536692273399,1.207102760814664,1.2550952851362056,1.284466380152748,0.11678001255444465,0.11956424125729699,0.12426448258536513,1.5237513117015478,1.70365366922734,1.9665031540566593,4.076242121273753e-08,0.010081137189858024,0.14390015706067216,0.9412685863999262,0.9721034756202244,0.9905737544568977,0.9800265397158383,0.9905816225470632,0.9968479924477208,0.9899628930624012,0.9952756780146759,0.9984227522442208,0.0,0.0,0.0,0.0,0.0,0.01215971806171423,-0.5992698900575294,0.3894478857788754,0.09548321728692812
6.0,0.6045622383494348,0.39682271918144957,0.6018979391228088,0.01164268565060355,1.7456954495201484,1.204348330812604,1.2526465592736542,1.2821422750677547,0.11699169656664918,0.11979867708641452,0.12454868426544938,1.5696395167355304,1.7456954495201484,2.0035988780778773,2.4955440991592463e-08,0.009646542380950232,0.1401458012531303,0.9394374529031302,0.9705537386733133,0.9891502685370414,0.9793906135183666,0.9900543625988374,0.9963702624773451,0.9896416537251046,0.9950106901005935,0.9981834812033998,0.0,0.0,0.0,0.0,0.0,0.012325756218837927,-0.6018979391228088,0.39682271918144957,0.0937118929926818
6.2,0.6068780650549435,0.4040014893345261,0.6044025506160797,0.011128995137334079,1.786755545585437,1.2015890070619524,1.2501656836069144,1.2797727862797927,0.11720830573061268,0.12003707693149783,0.12483469732031777,1.6145087418158632,1.786755545585437,2.0397028100413586,1.531934165243302e-08,0.009242751714305015,0.1365677848341717,0.9375976468568923,0.9689798032163419,0.9876954282474618,0.9787508425984754,0.9895183240267174,0.9958815359299521,0.9893183669515118,0.9947412215730903,0.9979386431564771,0.0,0.0,0.0,0.0,0.0,0.012481280134719386,-0.6044025506160797,0.4040014893345261,0.09194381586280614
6.4,0.6090935053384879,0.41098936948550047,0.6067902913944849,0.010651383816669633,1.8268521115973195,1.1988255767840084,1.2476547228846473,1.27736070543945,0.11742963390156545,0.12027928533484095,0.12512245559724608,1.6583737394381617,1.8268521115973195,2.074841859761867,9.452321861133553e-09,0.008867078807634982,0.13315672657930716,0.9357496459295487,0.9673828014643685,0.9862107355435799,0.9781073788295155,0.988973863727879,0.9953822859268978,0.988993107515485,0.9944674481493914,0.997688471113367,0.0,0.0,0.0,0.0,0.0,0.012626669115404124,-0.6067902913944849,0.41098936948550047,0.09018171408266792
6.6000000000000005,0.6112130247968509,0.4177913867896124,0.6090673389033623,0.010206729436886199,1.8660031927382863,1.1960588237609404,1.245115667036375,1.27490868890501,0.11765548490286906,0.12052515171453732,0.1254118919739527,1.7012495759304813,1.8660031927382863,2.109042119300361,5.828749052925936e-09,0.008517115282819133,0.12990380156662532,0.9338939314079913,0.9657638291534923,0.9846976210857741,0.9774603760811809,0.988421327359394,0.994872962822415,0.9886659512867985,0.9941895400354995,0.9974331868167893,0.0,0.0,0.0,0.0,0.0,0.012762291954181174,-0.6090673389033623,0.4177913867896124,0.08842806393591683
6.800000000000001,0.613240938456854,0.42441242883278063,0.6112395062337235,0.009792229555507743,1.9042267214046436,1.1932895215149666,1.2425504333201018,1.2724192702951729,0.11788567141489718,0.12077453019745868,0.12570293905670457,1.743151584530365,1.9042267214046436,2.1423289011132782,3.5963891927917053e-09,0.00819069779922332,0.12680070538039503,0.9320309836470089,0.9641239466903284,0.9831574517479167,0.976809988653249,0.9878610497165233,0.9943539967133525,0.9883369744420534,0.9939076621149819,0.9971730019981893,0.0,0.0,0.0,0.0,0.0,0.012888506470373415,-0.6112395062337235,0.42441242883278063,0.08668510853000627
7.0,0.6151814001107051,0.430857249307103,0.6133122655148586,0.009405363619837409,1.941540512153802,1.1905184295037867,1.2399608685346255,1.2698948697033112,0.11812001416703485,0.12102727944475668,0.1259955295799332,1.7840953227626353,1.941540512153802,2.174726771854348,2.234976290702784e-09,0.007885879144337525,0.12383962069305898,0.9301612794705215,0.9624641803462567,0.9815915360826682,0.9761563703791931,0.9872933551274761,0.9938257992644673,0.9880062530129846,0.9936219741462123,0.9969081192910403,0.0,0.0,0.0,0.0,0.0,0.013005659439366338,-0.6133122655148586,0.430857249307103,0.08495487471151285
7.2,0.6170383929433756,0.43713047317302833,0.6152907696572522,0.009043860150047657,1.9779622549562628,1.1877462911829755,1.237348751219222,1.2673378014560013,0.11835834126281888,0.12128326248034377,0.12628959661966405,1.824096532377181,1.9779622549562628,2.206259583371025,1.3945425326635387e-09,0.007600903190232342,0.12101318620392541,0.9282852907870941,0.9607855234344733,0.9800011288902013,0.9754996741474049,0.9867185578416106,0.9932887652331164,0.9876738626452151,0.9933326309562398,0.9966387329936519,0.0,0.0,0.0,0.0,0.0,0.013114086772736677,-0.6152907696572522,0.43713047317302833,0.08323918882327705
7.4,0.6188157265904474,0.4432366012750535,0.6171798725928618,0.008705668357958865,2.0135095070399833,1.1849738322659624,1.234715793808519,1.2647502811007045,0.11860048757566269,0.12154234652630766,0.12658507379286424,1.8631711019614123,2.0135095070399833,2.2369505007697414,8.691723706064161e-10,0.0073341832275462685,0.11831446772448323,0.9264034833108731,0.9590889374461079,0.9783874353109154,0.9748400514549433,0.986136962402353,0.992743273834524,0.9873398783729301,0.9930397826268246,0.9963650297521942,0.0,0.0,0.0,0.0,0.0,0.01321411369182103,-0.6171798725928618,0.4432366012750535,0.08153969126191264
7.6000000000000005,0.6205170510212586,0.4491800143521374,0.6189841478880834,0.008388933688459882,2.048199683747832,1.182201759048235,1.232063644749174,1.2621344313424279,0.11884629424177694,0.12180440284364365,0.12688189545645892,1.901335032351317,2.048199683747832,2.2668220272607447,5.440635773902842e-10,0.007084283299738962,0.11573693158845219,0.9245163152996423,0.9573753531541039,0.9767516142659511,0.9741776519630593,0.9855488640083317,0.9921896898877605,0.9870043743939242,0.9927435746744634,0.9960871891338622,0.0,0.0,0.0,0.0,0.0,0.013306054860683175,-0.6189841478880834,0.4491800143521374,0.07985784975129365
7.800000000000001,0.622145856637488,0.4549649767817694,0.6207079062208759,0.008091976197007461,2.082050049456765,1.1794307576745904,1.2293938905842752,1.2594922869050695,0.1190956082538565,0.12206930657679747,0.1271799968111274,1.9386044044349982,2.082050049456765,2.295896027478799,3.4402375974220975e-10,0.006849901675532102,0.11327441968446299,0.9226242369118247,0.9556456716927679,0.9750947812248658,0.973512623266161,0.9849545488659786,0.9916283647345987,0.9866674239522782,0.9924441482261029,0.9958053840861388,0.0,0.0,0.0,0.0,0.0,0.013390214633153139,-0.6207079062208759,0.4549649767817694,0.0781949717668424
8.0,0.6237054706424605,0.4605956401946502,0.6223552118225305,0.007813271552226622,2.1150777085989443,1.1766614941675413,1.2267080579877163,1.2568257988213551,0.11934828210931796,0.122336936604057,0.12747931392632275,1.9749953490529542,2.1150777085989443,2.3241937499005263,2.1764917532883874e-10,0.00662985631233403,0.11092112596781349,0.9207276900711449,0.9539007656005051,0.9734180106108661,0.9728451108370535,0.984354294529087,0.9910596370355299,0.9863290993100791,0.9921416401882472,0.9955197813344008,0.0,0.0,0.0,0.0,0.0,0.013466887398178418,-0.6223552118225305,0.4605956401946502,0.07655221628680182
8.200000000000001,0.625199066495345,0.4660760468513684,0.6239298977153146,0.007551434552652243,2.1472995966393236,1.1738946143708353,1.2240076157306194,1.2541368384569616,0.11960417348441325,0.12260717539612613,0.12777978377590096,2.0105240189902553,2.1472995966393236,2.351735847841754,1.3773024287760267e-10,0.0064230722484053945,0.10867157469240765,0.9188271082680083,0.9521414798120621,0.9717223380348101,0.9721752579487934,0.983748370220195,0.990483833507546,0.9859894717071476,0.9918361834068152,0.9952305417502747,0.0,0.0,0.0,0.0,0.0,0.013536357889523495,-0.6239298977153146,0.4660760468513684,0.0749306047701915
8.4,0.6266296729699036,0.4714101327936521,0.6254355799052508,0.0073052046021715444,2.1787324713497305,1.171130743728361,1.2212939765823525,1.251427201193829,0.1198631449411551,0.12287990888243303,0.12808134429335064,2.045206563045983,2.1787324713497305,2.378542399123751,8.821962511081818e-11,0.006228570488452599,0.10652060013535603,0.9169229162416088,0.9503686326030024,0.9700087623118466,0.9715032055531756,0.9831370371347949,0.9899012695880707,0.9856486112986108,0.9915279068182536,0.9949378206829049,0.0,0.0,0.0,0.0,0.0,0.013598901449042397,-0.6254355799052508,0.4714101327936521,0.07333103138820671
8.6,0.6280001754243932,0.4766017308698978,0.6268756707426955,0.007073432789698394,2.2093929045965943,1.1683704873177077,1.2185684991564143,1.2486986097256922,0.12012506367165031,0.12315502632355263,0.12838393440111898,2.079059102019739,2.2093929045965943,2.4046329248806866,5.684066772992325e-11,0.006045458103865642,0.10446332751043505,0.9150155298307913,0.9485830164958237,0.9682782472307889,0.970829092217317,0.982520548731921,0.9893122500147423,0.9853065871217545,0.9912169355937424,0.9946417682479408,0.06451612903225806,0.0,0.0,0.0,0.0,0.0136547843127037,-0.6268756707426955,0.4766017308698978,0.0717542726343767
8.8,0.6293133151731629,0.4816545736631097,0.6282533914611926,0.006855070455426147,2.2392972746454785,1.1656144301420828,1.2158324897020965,1.2459527170934024,0.12038980126784,0.12343242018939658,0.12868749401267768,2.112097706517233,2.2392972746454785,2.4300264076536022,3.6613074950062365e-11,0.005872919464048108,0.10249515505543903,0.9131053560001314,0.9467853991295649,0.9665317231562914,0.9701530541212112,0.9818991510118699,0.988717069348087,0.9849634670936877,0.9909033912768774,0.9943425295878024,0.0967741935483871,0.0,0.0,0.0,0.0,0.013704263921207521,-0.6282533914611926,0.4816545736631097,0.07020099636471408
9.0,0.6305717081691619,0.4865722962221529,0.6295717837026065,0.006649159301887473,2.2684617587782467,1.1628631373986613,1.213087203837525,1.2431911095615398,0.12065723350684465,0.1237119860436556,0.1289919640376182,2.144338376534957,2.2684617587782467,2.454741308260303,2.378935119024834e-11,0.005710208665108663,0.10061173756770488,0.9111927928489693,0.944976524090057,0.9647700885287283,0.9694752250486844,0.9812730827799883,0.988116012459143,0.9846193180055837,0.9905873919142899,0.9940402451143112,0.0967741935483871,0.0,0.0,0.0,0.0,0.013747589205858002,-0.6295717837026065,0.4865722962221529,0.06867177016747612
9.200000000000001,0.6317778396196535,0.49135843877766583,0.6308337205344049,0.006454822328701464,2.296902326795634,1.160117154684544,1.210333848223898,1.240415309325335,0.12092724015280445,0.12399362243446431,0.129297286394138,2.175797022725767,2.296902326795634,2.4787955824215553,1.5508526839023957e-11,0.005556642565616452,0.09880897066513587,0.9092782295762025,0.9431571117010743,0.9629942112557093,0.9687957363620551,0.980642575896604,0.98750935498002,0.9842742055085669,0.9902690521792287,0.9937350507326732,0.12903225806451613,0.0,0.0,0.0,0.0,0.013785000860243563,-0.6308337205344049,0.49135843877766583,0.06716706930066305
9.4,0.6329340778929833,0.4960164492849639,0.6320419165630201,0.00627125600226323,2.3246347348608585,1.1573770082556634,1.2075735821852276,1.2376267770348277,0.12119970477640925,0.12427723079062074,0.1296034040161831,2.2064894492335645,2.324634734860859,2.502206696269077,1.013231907336488e-11,0.005411594783404812,0.09708297633854251,0.9073620464809655,0.9413278597803522,0.9612049299874381,0.9681147169888605,0.9800078555145704,0.98689736371472,0.9839281941056384,0.989948483488866,0.9934270780454686,0.12903225806451613,0.0,0.0,0.0,0.0,0.013816731601453469,-0.6320419165630201,0.4960164492849639,0.06568728402181921
9.600000000000001,0.6340426719830506,0.5005496859436164,0.6331989375834363,0.00609772310190582,2.3516745201347464,1.154643205353504,1.20480751927678,1.2348269141784396,0.12147451458798066,0.1245627153228277,0.12991026085333104,2.236431338034781,2.3516745201347464,2.5249916415752467,6.6891959439831305e-12,0.0052744901942636665,0.09543008916651953,0.9054446150106681,0.939489444363576,0.9594030553032148,0.9674322934248801,0.9793691403055994,0.9862802970195217,0.9835813471518092,0.989625794115927,0.9931164545413231,0.16129032258064516,0.0,0.0,0.0,0.0,0.013843006435090122,-0.6331989375834363,0.5005496859436164,0.06423272651551028
9.8,0.6351057628441236,0.504961419572908,0.6343072094490709,0.0059335464911883075,2.378036995849426,1.1519162345341518,1.2020367288031164,1.2320170653609372,0.12175156028058372,0.12484998292975864,0.13021780187051685,2.2656382347217345,2.378036995849426,2.5471669500425644,4.476214007807809e-12,0.00514480015071449,0.09384684364418425,0.9035262978114633,0.9376425203975067,0.9575893708321542,0.966748589737615,0.9787266426758167,0.9856584051608391,0.9832337268544098,0.9893010892948649,0.9928033037722415,0.1935483870967742,0.0,0.0,0.0,0.0,0.01386404290445549,-0.6343072094490709,0.504961419572908,0.06280363728309665
10.0,0.6361253840291828,0.5092548359574851,0.6353690265018554,0.0057781034438851185,2.4037372470889387,1.1491965659873218,1.1992622372864798,1.2291985204702645,0.12203073588358476,0.1251389431088016,0.13052597304894387,2.2941255356309624,2.4037372470889387,2.5687487072850486,2.9807117454906075e-12,0.005022038115730654,0.09232996214020654,0.9016074487727224,0.9357877224031554,0.9557646343052734,0.9660637275672458,0.9780805689708664,0.9850319306496154,0.9828853942720603,0.9889744713227495,0.9924877455191345,0.1935483870967742,0.0,0.0,0.0,0.0,0.013880051332463617,-0.6353690265018554,0.5092548359574851,0.06140019115801995
10.200000000000001,0.637103471901562,0.5134330380757216,0.6363865593481247,0.005630820664908648,2.4287901270360734,1.14648465186734,1.196485029887394,1.2263725167293629,0.12231193862696627,0.12542950787118967,0.13083472138566102,2.321908476222743,2.428790127036074,2.589752566031293,2.0014761238688033e-12,0.004905755836886774,0.09087634378839328,0.8996884130811391,0.9339256651107465,0.9539295785368751,0.9653778261306553,0.9774311196712104,0.98440110855155,0.9825364093151486,0.9886460396551973,0.9921698959451873,0.22580645161290322,0.0,0.0,0.0,0.0,0.01389123505223519,-0.6363865593481247,0.5134330380757216,0.06002250286198844
10.4,0.6380418666516126,0.517499048297945,0.6373618622515331,0.005491169740852115,2.4532102538623026,1.143780926638786,1.1937060517795475,1.2235402406536653,0.12259506881429895,0.12572159166119604,0.131143994891402,2.3490021206485032,2.453210253862303,2.610193759028218,1.3656895087855519e-12,0.004795539841515958,0.08948305392638106,0.897769527286805,0.932056944068397,0.952084912348975,0.964691002229409,0.9767784895783355,0.9837661667778768,0.9821868307482725,0.9883158909977053,0.9918498677394411,0.22580645161290322,0.0,0.0,0.0,0.0,0.01389779063420682,-0.6373618622515331,0.517499048297945,0.05867063222309617
10.600000000000001,0.638942317896089,0.5214558104985557,0.6382968800013744,0.005358663103471116,2.477012008097609,1.1410858074237984,1.1909262094806128,1.22070282993118,0.12288002970260714,0.12601511127913587,0.1314537425880805,2.3754213524424332,2.477012008097609,2.63008711134826,1e-12,0.0046910083289728,0.08814731428375079,0.8958511193724066,0.9301821362260413,0.9502313214502146,0.9640033702585806,0.9761228679924316,0.9831273263606473,0.9818367161930712,0.9879841193926867,0.9915277702525844,0.25806451612903225,0.0,0.0,0.0,0.0,0.013899908103217645,-0.6382968800013744,0.5214558104985557,0.057344589004003764
10.8,0.6398064903763527,0.5253061921033481,0.6391934543447053,0.005232850404402458,2.5002095305050704,1.1383996943510368,1.1881463721404035,1.2178613752225576,0.12316672738930431,0.12630998580796082,0.13176391450588884,2.4011808662580507,2.5002095305050704,2.6494470522325297,1e-12,0.004591808378291445,0.08686649379327807,0.8939335088257638,0.9283018004958907,0.9483694692680078,0.9633150422165341,0.9754644388820245,0.9824848017121164,0.9814861221315047,0.9876508163024401,0.9912037096247522,0.25806451612903225,0.0,0.0,0.0,0.0,0.01389777114769837,-0.6391934543447053,0.5253061921033481,0.05604433738932218
11.0,0.6406359683503189,0.5290529860816516,0.6400533300251583,0.005113315242351177,2.5228167204461,1.1357229709100602,1.185367372787731,1.2150169218788345,0.12345507070638025,0.12660613654324704,0.13207446167950998,2.426295160573475,2.5228167204461,2.66828762651949,1e-12,0.004497613425164514,0.08563809996405944,0.8920170067186274,0.9264164782906301,0.9464999977327209,0.9626261277167413,0.9748033810459948,0.9818388008678217,0.9811351039101351,0.9873160706882864,0.9908777889051282,0.29032258064516125,0.0,0.0,0.0,0.0,0.013891557322504133,-0.6400533300251583,0.5290529860816516,0.05476980015849767
11.200000000000001,0.6414322529830743,0.5326989129177688,0.6408781605350897,0.004999672157872056,2.5448472347582256,1.133056004305592,1.1825900095371793,1.2121704715870911,0.12374497112077433,0.1269034869264017,0.13238533614402356,2.450778531305111,2.5448472347582256,2.6866225058490283,1e-12,0.004408120938428324,0.08445977066415743,0.8901019157880168,0.9245266940404104,0.9446235280208107,0.9619367340003393,0.9741398682683778,0.9811895257157518,0.9807837157447549,0.9869799690860681,0.9905501081645557,0.3225806451612903,0.0,0.0,0.0,0.0,0.013881438247849986,-0.6408781605350897,0.5326989129177688,0.05352086259951426
11.4,0.6421967796406802,0.5362466224277442,0.6416695132506374,0.004891564087210787,2.566314486885389,1.130399145812525,1.1798150467574924,1.2093229839540154,0.12403634263987805,0.12720196248085078,0.1326964909303614,2.474645066272297,2.566314486885389,2.704464998950606,1e-12,0.00432305046564402,0.08332926678480365,0.8881885305208961,0.9226329556900571,0.9427406612637275,0.9612469659497415,0.9734740694664638,0.9805371722139622,0.9804320107255228,0.9866425956782754,0.9902207646023493,0.3225806451612903,0.0,0.0,0.0,0.0,0.013867579792773282,-0.6416695132506374,0.5362466224277442,0.05229737602797335
11.600000000000001,0.6429309089481048,0.5396986956452521,0.6424288745705224,0.00478865985159166,2.587231646629893,1.127752731135682,1.1770432162028017,1.2064753780278563,0.12432910172207148,0.12750149075104047,0.13300788005979408,2.4979086404505715,2.587231646629893,2.7218280622051942,1e-12,0.004242141683859413,0.08224446489925347,0.8862771372452599,0.9207357551775089,0.9408519792231588,0.9605569261044435,0.9728061488325739,0.9798819305968576,0.9800800408231961,0.9863040323629957,0.9898898526474182,0.3548387096774194,0.0,0.0,0.0,0.0,0.013850142263582735,-0.6424288745705224,0.5396986956452521,0.05109916118493504
11.8,0.6436359386797968,0.5430576465677497,0.6431576544864882,0.004690652053107724,2.60761164010178,1.125117080766775,1.1742752181078016,1.2036285337578359,0.12462316719236174,0.1278020012441054,0.13331945853828295,2.5205829119541763,2.60761164010178,2.738724309363888,1e-12,0.00416515278014071,0.08120335073358821,0.8843680142223808,0.9188355688943732,0.9389580449321476,0.9598667146771672,0.972136265969834,0.9792239855699806,0.9797278568955149,0.9859643588198476,0.9895574640536214,0.3870967741935484,0.0,0.0,0.0,0.0,0.013829280577923542,-0.6431576544864882,0.5430576465677497,0.04992601127986936
12.0,0.6443131006232558,0.5463259239103322,0.643857191034309,0.0045972550531475885,2.627467150141021,1.1224925003405104,1.1715117222480276,1.2007832933958542,0.12491846016261195,0.12810342537405675,0.13363118235043636,2.5426813187007204,2.627467150141021,2.7551660212412794,1e-12,0.004091858884011966,0.08020401280812983,0.8824614317417421,0.9169328581294964,0.9370594033053986,0.9591764295709149,0.9714645760222734,0.9785635164944602,0.9793755086940333,0.9856236525730651,0.9892236879899353,0.4193548387096774,0.0,0.0,0.0,0.0,0.013805144438031783,-0.643857191034309,0.5463259239103322,0.04877769487423667
12.200000000000001,0.644963569515592,0.5495059127703477,0.6445287543485249,0.004508203232199921,2.6468106169653427,1.1198792809900697,1.1687533689664498,1.1979404628463486,0.12521490395573978,0.12840569640833432,0.13394300845300672,2.564217075708457,2.6468106169653427,2.77116515485528,1e-12,0.004022050726640784,0.07924463664496452,0.8805576522189472,0.9150280694964888,0.9351565817227492,0.9584861663970693,0.9707912297995955,0.9779006975625029,0.9790230448714697,0.9852819890519118,0.9888886111261327,0.45161290322580644,0.0,0.0,0.0,0.0,0.01377787849465563,-0.6445287543485249,0.5495059127703477,0.04765395849774204
12.4,0.6455884660574753,0.5525999362552513,0.6451735504939622,0.004423249363841731,2.6656542391648053,1.1172776997042433,1.1660007701676132,1.1951008129659726,0.12551242403369603,0.12870874941657115,0.13425489476761845,2.5852031729802656,2.6656542391648053,2.786733352311145,1e-12,0.003955533384537523,0.07832349929433964,0.8786569302984039,0.9131216353461178,0.9332500905870118,0.9577960184952182,0.9701163738969497,0.9772356979643523,0.9786705129899269,0.9849394416485926,0.9885523177141909,0.45161290322580644,0.0,0.0,0.0,0.0,0.013747622506706705,-0.6451735504939622,0.5525999362552513,0.04655452907559215
12.600000000000001,0.6461888531278025,0.5556102571157605,0.6457927251926463,0.004342163088155974,2.684009975023375,1.1146880196804012,1.1632545102801477,1.19226508081307,0.12581094792921965,0.12901252122147594,0.13456680017338607,2.605652373938814,2.684009975023375,2.801881949636902,1e-12,0.0038921250969209988,0.07743896401050517,0.8767595129566536,0.9112139741641537,0.9313404238562161,0.957106076953236,0.9694401508099232,0.9765686820467309,0.9783179595292354,0.9845960817737739,0.9882148896654307,0.4838709677419355,0.0,0.0,0.0,0.0,0.013714511499840945,-0.6457927251926463,0.5556102571157605,0.04547911621627866
12.8,0.6467657409610409,0.5585390792926255,0.6463873672017568,0.004264729604784356,2.7018895440124218,1.1121104906705994,1.1605151471885926,1.189433970853526,0.12611040518067723,0.129316950351729,0.13487868449973026,2.6255772142415386,2.7018895440124218,2.8166219851106096,1e-12,0.0038316562456608364,0.07658947542606165,0.8748656396044254,0.9093054909553201,0.9294280595546647,0.9564164306269416,0.9687626990449777,0.9758998094643002,0.9779654298950745,0.9842519789098243,0.987876406624168,0.5161290322580645,0.0,0.0,0.0,0.0,0.013678675915525504,-0.6463873672017568,0.5585390792926255,0.04442741430008767
13.0,0.6473201033561291,0.5613885493480452,0.646958511285021,0.004190748548266848,2.7193044284460086,1.1095453493346221,1.1577832131359744,1.1866081561218178,0.12641072727010727,0.1296219769967124,0.135190508517703,2.6449900011684906,2.7193044284460086,2.8310584351795502,1e-12,0.003773968491796355,0.07577355530711267,0.8729755421975934,0.9073965776144013,0.927513460262038,0.9557271661630553,0.9680841532257292,0.9752292353238791,0.977612968428777,0.9839072006619856,0.987536946037744,0.5483870967741935,0.0,0.0,0.0,0.0,0.013640241749736853,-0.646958511285021,0.5613885493480452,0.04343805197307935
13.200000000000001,0.647852854085382,0.5641607580732603,0.6475071415994433,0.004120032681025516,2.7362658756435216,1.1069928195858165,1.1550592155976411,1.1837882793391352,0.12671184756427847,0.1299275429630378,0.1355022339314927,2.6639028134350213,2.7362658756435216,2.845161678533394,1e-12,0.0037189137539123864,0.07498979771508085,0.8710894453467859,0.9054876132847752,0.9255970735817765,0.9550383680217612,0.9674046441951559,0.9745571103218474,0.977260618416931,0.9835618128075097,0.9871965832231491,0.6129032258064516,0.0,0.0,0.0,0.0,0.013599330706121973,-0.6475071415994433,0.5641607580732603,0.04249412900819613
13.4,0.6483648732968561,0.566857741808455,0.6480341941741057,0.004052406996677249,2.7527848999733777,1.1044531129279536,1.1523436381273264,1.180974953981541,0.12701370125953115,0.13023359163275955,0.13581382337032255,2.682327501598883,2.7527848999733777,2.8588867441806243,1e-12,0.00366635356738543,0.07423686546556332,0.8692075664243183,0.9035789647050347,0.9236793325838563,0.954350118498393,0.9667242991139775,0.9738835808730126,0.9769084221005382,0.9832158793428911,0.9868553914293681,0.6451612903225806,0.0,0.0,0.0,0.0,0.01355606032113936,-0.6480341941741057,0.566857741808455,0.041572504062152085
13.600000000000001,0.6488569973623719,0.5694814838885881,0.6485405597149976,0.003987707881177309,2.768872285100428,1.1019264287965835,1.1496369411765266,1.1781687653484045,0.12731622532502163,0.13054006792316264,0.13612524037908352,2.7002756874759593,2.768872285100428,2.872243451252208,1e-12,0.0036161582891420406,0.0735134861214319,0.8673301156784291,0.9016709865443893,0.9217606562561693,0.9536624977479093,0.9660432415554573,0.9732087892429556,0.9765564206856006,0.9828694625293205,0.9865134419015341,0.6774193548387096,0.0,0.0,0.0,0.0,0.013510544101010866,-0.6485405597149976,0.5694814838885881,0.040672784421006775
13.8,0.6493300321130937,0.5720339160331578,0.649027086147982,0.003925782461477487,2.784538586324421,1.0994129548975713,1.1469395628998504,1.1753702715857701,0.12761935844916772,0.13084691824672756,0.13643644940856187,2.7177587650775497,2.784538586324421,2.8852413680052296,1e-12,0.0035682065113471833,0.07281844836002574,0.8654572963495119,0.8997640217355982,0.9198414499338213,0.9529755838102498,0.9653615915997319,0.9725328736731268,0.9762046543541675,0.9825226229379359,0.9861708039414612,0.7419354838709677,0.0,0.0,0.0,0.0,0.013462891652681303,-0.649027086147982,0.5720339160331578,0.039794574091871635
14.0,0.6497847177511573,0.574516919537854,0.6494945806549828,0.0038664869735396006,2.7997941339361496,1.0969128675175688,1.1442519198799426,1.1725800044425598,0.127923041013572,0.13115409047870322,0.13674741580839148,2.7347879068501584,2.7997941339361496,2.897889817698014,1e-12,0.0035223842166056747,0.07215059906431018,0.8635893047694765,0.8978584017589453,0.9179221055531478,0.9522894526296586,0.964679465911143,0.9718559684446069,0.9758531622723011,0.9821754194864765,0.9858275449371202,0.8064516129032258,0.0,0.0,0.0,0.0,0.013413208792766307,-0.6494945806549828,0.574516919537854,0.038937473710363914
14.200000000000001,0.6502218049377162,0.5769323267717021,0.6499438123127046,0.0038096868132778457,2.814649035528195,1.0944263318827632,1.1415744079649128,1.1697984706281843,0.12822721500007575,0.1314615339105891,0.13705810581325473,2.7513740546950727,2.814649035528195,2.9101978859392417,1e-12,0.003478584702449434,0.07150883955327916,0.861726330501192,0.8959544470126412,0.9160030023271183,0.9516041780888878,0.9639969778468093,0.9711782040908441,0.9755019826056737,0.9818279094918633,0.985483730467697,1.0,0.0,0.0,0.0,0.0,0.013361597690378493,-0.6499438123127046,0.5769323267717021,0.03810108388714604
14.4,0.6506419451469376,0.5792819222454767,0.6503755138361589,0.0037552555618260543,2.8291131787799264,1.0919535024439544,1.1389074028671042,1.1670261522018384,0.12853182400153904,0.13176919922917477,0.13736848653745573,2.767527933250472,2.8291131787799264,2.922174425880347,1e-12,0.003436707380506903,0.07089212309120149,0.8598685564270178,0.8940524670224965,0.9140845067633436,0.9509198320249026,0.9633142375083111,0.970499707379087,0.9751511525257022,0.9814801486938893,0.9851394242914082,1.0,0.0,0.0,0.0,0.0,0.013308156961594458,-0.6503755138361589,0.5792819222454767,0.037285003505119985
14.600000000000001,0.65104586151102,0.5815674438715022,0.650790383581938,0.0037030749290977347,2.8431962338777006,1.089494523201091,1.1362512608801738,1.164263507813641,0.12883681313836207,0.13207703848102656,0.13767852596383734,2.7832600404615624,2.843196233877701,2.933828064320549,1e-12,0.003396658332442472,0.07029945202580287,0.8580161588707585,0.8921527607412922,0.9121669732762087,0.9502364842570413,0.9626313518256681,0.9698206015018205,0.9748007082220755,0.9811321912953636,0.9847946884398586,1.0,0.0,0.0,0.0,0.0,0.013252981785774498,-0.650790383581938,0.5815674438715022,0.036488832889885164
14.8,0.6514341448562159,0.5837905843696506,0.6511890877114392,0.003653033417597409,2.8569076578862034,1.0870495280458958,1.133606319661695,1.161510973347714,0.12914212903875466,0.13238500502793313,0.1379881929295745,2.7985806596751694,2.8569076578862034,2.945167208493802,1e-12,0.0033583486577824645,0.06972987469794388,0.8561693077375014,0.8902556169024003,0.9102507443949305,0.9495542026220205,0.9619484246612868,0.9691410061260487,0.9744506849188121,0.9807840900124701,0.9844495832403426,1.0,0.0,0.0,0.0,0.0,0.013196164037963518,-0.6511890877114392,0.5837905843696506,0.035712172662597505
15.0,0.6518073975364934,0.5859529920854211,0.6515722612025252,0.003605026187219795,2.8702566969699936,1.0846186410299454,1.1309728988213452,1.158768962993972,0.12944771977015776,0.132693053523124,0.13829745712056096,2.8134998551890735,2.8702566969699936,2.95620005002596,1e-12,0.0033216949203515984,0.06918248399639244,0.8543281666013784,0.8883613142428641,0.9083361512771615,0.948873052989966,0.9612655568676796,0.9684610375512565,0.9741011168806055,0.9804358961016495,0.9841041673933608,1.0,0.0,0.0,0.0,0.0,0.01313779235714048,-0.6515722612025252,0.5859529920854211,0.03495462545005333
15.200000000000001,0.6521661879742853,0.5880562707337523,0.6519405098711712,0.0035589548464996243,2.883252379971131,1.0822019763114086,1.1283512998537426,1.1560378688487176,0.129753534933404,0.13300113996286445,0.13860628910627382,2.828027466384862,2.883252379971131,2.9669345631959825,1e-12,0.0032866185568734443,0.0686564144697553,0.8524928925525573,0.8864701212616626,0.9064235132021021,0.9481930991913222,0.9605828461780166,0.9677808085052159,0.9737520373734156,0.9800876593012794,0.983758497866188,1.0,0.0,0.0,0.0,0.0,0.01307795208104523,-0.6519405098711712,0.5880562707337523,0.034215796643257246
15.4,0.6525111026392291,0.5901019843670459,0.6522944122662819,0.0035147265248824246,2.895903545163893,1.0797996393708902,1.1257418084188444,1.1533180638238791,0.13005952538597035,0.13330922146326304,0.13891466021177093,2.8421731369671925,2.895903545163893,2.9773785299409696,1e-12,0.0032530457243368505,0.06815083961959727,0.8506636370116109,0.88458229766917,0.9045131393843048,0.9475144033023285,0.9599003877059454,0.9671004287649004,0.9734034788091525,0.9797394280839552,0.9834126302056859,1.0,0.0,0.0,0.0,0.0,0.013016725803439808,-0.6522944122662819,0.5901019843670459,0.03349529355643361
15.600000000000001,0.6528426637906525,0.5920916572034535,0.6526345211515461,0.0034722543804933553,2.9082188350708753,1.0774117269396013,1.1231446943436252,1.1506099018549758,0.13036564326291203,0.13361725629936128,0.13922254255211838,2.855946302433544,2.9082188350708753,2.9875395384835226,1e-12,0.0032209065629114583,0.06766496978350553,0.848840545574649,0.8826980942152928,0.902605328916406,0.9468370255725985,0.9592182738634001,0.9664200051146218,0.9730554727067633,0.9793912496123041,0.9830666185146423,1.0,0.0,0.0,0.0,0.0,0.012954193318534632,-0.6526345211515461,0.5920916572034535,0.03279272762668838
15.8,0.6531613415948618,0.5940267709569703,0.6529613635340071,0.003431455357276286,2.92020668121041,1.0750383264793624,1.120560210797548,1.1479137166283826,0.13067184216647873,0.1339252040426207,0.1395299091254116,2.8693561840414783,2.9202066812104106,2.997424969724027,1e-12,0.0031901350559887026,0.0671980520942754,0.8470237575144738,0.8808177519181988,0.9007003696654085,0.9461610242240218,0.9585365940607206,0.9657396409295906,0.972708049587088,0.9790431695835814,0.9827205152374429,1.0,0.0,0.0,0.0,0.0,0.012890431274606082,-0.6529613635340071,0.5940267709569703,0.03210771279515632
16.0,0.6534676565410527,0.5959087698040274,0.6532754443239479,0.003392251645324973,2.9318753256309975,1.0726795173204793,1.1179885962351472,1.1452298240514507,0.1309780769324962,0.13423302537177104,0.1398367336916206,2.882411798769294,2.9318753256309975,3.007042021559829,1e-12,0.003160669246224126,0.06674936525150292,0.845213406550014,0.878941503296428,0.8987985398081418,0.9454864557209011,0.957855435130493,0.9650594367003511,0.9723612391098027,0.9786952324434748,0.9823743714241359,1.0,0.0,0.0,0.0,0.0,0.012825513731417049,-0.6532754443239479,0.5959087698040274,0.031439868368246825
16.2,0.6537619883241994,0.5977390604751978,0.6535772448145524,0.00335456980899363,2.943232823903522,1.0703353708435217,1.1154300748573776,1.1425585226916277,0.13128430362291774,0.13454068205542877,0.14014299077286996,2.8951219718507692,2.9432328239035224,3.0163977099371984,1e-12,0.0031324499574579,0.06631822169349658,0.8434096208933127,0.8770695725426482,0.8969001079509759,0.9448133747726839,0.957174881370488,0.9643794900540732,0.9720150700731041,0.9783474814057476,0.9820282367388504,1.0,0.0,0.0,0.0,0.0,0.012759512145685242,-0.6535772448145524,0.5977390604751978,0.030788816767178706
16.400000000000002,0.654044902923164,0.5995190123892872,0.6538672255245429,0.0033183414166137724,2.9542870394780287,1.068005950431966,1.1128848565857745,1.1399000940698782,0.1315904795344325,0.13484813699225556,0.1404486556833611,2.9074953202233704,2.9542870394780287,3.025498868456492,1e-12,0.003105422311588417,0.06590396353636715,0.8416125231222013,0.8752021753463696,0.8950053331502154,0.9441418342715844,0.9564950144592678,0.9636998957402312,0.9716695703798865,0.9779999584068494,0.9816821594500672,1.0,0.0,0.0,0.0,0.0,0.012692495348464089,-0.6538672255245429,0.5995190123892872,0.03015418664692331
16.6,0.6543166898789871,0.6012499588317309,0.6541458269114505,0.0032835004131769583,2.9650456517345893,1.0656913118079663,1.1103531377262554,1.1372548032026462,0.13189656317791051,0.13515535416811308,0.1407537045089746,2.919540272132954,2.9650456517345893,3.034352154260596,1e-12,0.0030795331248484326,0.0655059615550707,0.839822230349685,0.873339519223045,0.8931144651134169,0.943471885340838,0.9558159135555226,0.9630207456810661,0.9713247670607994,0.9776527041543435,0.9813361864538517,1.0,0.0,0.0,0.0,0.0,0.0126245296543845,-0.6541458269114505,0.6012499588317309,0.029535610060780638
16.8,0.6545778954508839,0.6029331981551421,0.6544134702886026,0.003249985457930611,2.9755161586124887,1.0633915033770067,1.1078351015813908,1.134622899443553,0.1322025142217416,0.1354622986177206,0.14105811408464877,2.931265057934896,2.9755161586124887,3.0429640538626863,1e-12,0.003054733412659559,0.06512361387342466,0.838038854404803,0.8714818038132413,0.8912277446221282,0.9428035773877393,0.9551376553872819,0.9623421291020674,0.9709806862998154,0.9773057581702465,0.9809903633378999,1.0,0.0,0.0,0.0,0.0,0.012555678976738316,-0.6544134702886026,0.6029331981551421,0.02893272552971842
17.0,0.6548287463837047,0.6045699947681364,0.6546705588718386,0.003217737157395153,2.9857058828163576,1.0611065665005424,1.1053309189402023,1.132004616971472,0.13250829347437212,0.13576893639956855,0.1413618619802626,2.9426777268982813,2.9857058828163576,3.051340887820327,1e-12,0.0030309753182792007,0.06475634446880206,0.8362625019621245,0.8696292210990921,0.8893454037100746,0.9421369581379088,0.9544603143116738,0.9616641325753276,0.970637353450188,0.976959158819385,0.9806447344012765,1.0,0.0,0.0,0.0,0.0,0.012486004915398585,-0.6546705588718386,0.6045699947681364,0.02834517547968278
17.2,0.655069777433966,0.6061615799636917,0.654917478668219,0.0031867007698988645,2.995621971966678,1.0588365357245797,1.102840748512267,1.129400175407525,0.13281386285058353,0.13607523457649565,0.1416649264915594,2.9537861368110367,2.9956219719666786,3.0594888146459405,1e-12,0.003008215049785917,0.06440360190254428,0.834493274640689,0.8677819555852042,0.8874676659402271,0.9414720736584339,0.9537839623620948,0.9609868400988821,0.9702947930447102,0.9766129433313486,0.9802993426925323,1.0,0.0,0.0,0.0,0.0,0.012415566825023663,-0.654917478668219,0.6061615799636917,0.02777260915022644
17.400000000000002,0.6553011917010436,0.6077091527283094,0.6551545993117968,0.0031568228989201554,3.0052714048578135,1.0565814389971013,1.1003647373542298,1.126809780303851,0.1331191853513657,0.1363811611959938,0.14196728663185565,2.9645979696345366,3.0052714048578135,3.0674138346245736,1e-12,0.0029864095927750367,0.06406485812600457,0.8327312690975242,0.8659401844797422,0.8855947465964908,0.9408089683792384,0.9531086692958967,0.9603103331458048,0.9699530288050868,0.9762671478227508,0.9799542300324524,1.0,0.0,0.0,0.0,0.0,0.012344421880659234,-0.6551545993117968,0.6077091527283094,0.027214680101099835
17.6,0.6555234894750859,0.6092138805607741,0.6553822748674348,0.0031280545998695394,3.014660991494944,1.0543412978893802,1.097903021296057,1.1242336237205197,0.13342422503215348,0.13668668526948416,0.1422689221225381,2.9751207215583806,3.0146609914949445,3.0751217936890347,1e-12,0.00296551960526648,0.06373960733223598,0.8309765771273943,0.864104077880522,0.8837268529453753,0.9401476851170634,0.9524345026442758,0.9596346907390046,0.9696120836526751,0.975921807320657,0.9796094370499606,1.0,0.0,0.0,0.0,0.0,0.012272625145023947,-0.6553822748674348,0.6092138805607741,0.02667104902326924
17.8,0.6557368194429207,0.6106769002851039,0.6556008445916609,0.0031003481934071815,3.0237973794936166,1.0521161278220459,1.0954557253590378,1.121671884614898,0.1337289469919265,0.13699177675137844,0.14256981338220764,2.98536171954909,3.0237973794936166,3.082618387277141,1e-12,0.0029455061853274193,0.06342736486905579,0.8292292857695046,0.8622737989607708,0.8818641843682385,0.9394882651023604,0.9517615277625334,0.9589599894797132,0.9692719797207564,0.9755769557862485,0.9792650031944388,1.0,0.0,0.0,0.0,0.0,0.012200229636198365,-0.6556008445916609,0.6106769002851039,0.02614138107313246
18.0,0.6559416602617169,0.6120993188480957,0.6558106336527454,0.0030736594648686126,3.032687055072925,1.049905938290371,1.0930229641598774,1.1191247294564526,0.13403331733438995,0.1372964065187602,0.1428699415151938,2.99532811269713,3.032687055072925,3.0899091641203222,1e-12,0.002926333963255903,0.06312766621036375,0.827489477416862,0.8604495041497826,0.8800069326630474,0.9388307480075031,0.9510898078788915,0.9582863036377257,0.9689327383675174,0.9752326261377905,0.9789209667796057,1.0,0.0,0.0,0.0,0.0,0.01212728639423201,-0.6558106336527454,0.6120993188480957,0.025625348402627472
18.2,0.6561381691940431,0.6134822141029574,0.6560119538130131,0.00304794473611046,3.0413363491367758,1.0477107330871764,1.0906048423000905,1.116592312618812,0.1343373031542693,0.13760054635168864,0.14316928829965417,3.0050268878655735,3.0413363491367758,3.0969995299729614,1e-12,0.0029079679351625186,0.06284006598140963,0.8257572299270147,0.8586313433081836,0.8781552821907675,0.9381751719758474,0.9504194041418286,0.9576137051859219,0.9685943801895032,0.9748888502728963,0.9785773649990087,1.0,0.0,0.0,0.0,0.0,0.012053844546623657,-0.6560119538130131,0.6134822141029574,0.025122627656882904
18.400000000000002,0.6563267925593821,0.6148266355705861,0.656205104073484,0.003023164994052338,3.049751436267751,1.0455305105143564,1.0882014547419578,1.114074776775843,0.13464087252213294,0.1379041689142653,0.14346783617649417,3.014464858028392,3.049751436267751,3.1038947512279567,1e-12,0.002890376177554209,0.06256413703788005,0.8240326167269872,0.8568194598976154,0.8763094100297513,0.9375215736489254,0.9497503756656771,0.956942263837992,0.9682569250341396,0.9745456590899254,0.9782342339431783,1.0,0.0,0.0,0.0,0.0,0.011979951371046751,-0.656205104073484,0.6148266355705861,0.0246329030920821
18.6,0.656507622475179,0.6161336051649519,0.6563903712798834,0.002999281229612281,3.057938342487573,1.0433652635749933,1.0858128871724584,1.1115722534735153,0.13494399444684765,0.13820724773603701,0.14376556824025274,3.0236486796823,3.057938342487573,3.110599958355649,1e-12,0.0028735268062304417,0.06229946960016651,0.8223157069058917,0.8550139911467606,0.8744694862647091,0.9368699881892808,0.9490827795753782,0.956272047135553,0.9679203920100371,0.9742030825090067,0.9778916086420661,1.0,0.0,0.0,0.0,0.0,0.011905652353125087,-0.6563903712798834,0.6161336051649519,0.024155863648876168
18.8,0.6566811083506093,0.6174041178953846,0.6565680306952302,0.00297625761906149,3.0659029451524926,1.0412149801625017,1.0834392163559865,1.1090848635491342,0.135246638855021,0.13850975719379321,0.14406246822974983,3.032584845551293,3.0659029451524926,3.117120149249715,1e-12,0.0028573911008000817,0.062045670435385364,0.8206065653080026,0.8532150682136866,0.8726356741703148,0.9362204493037665,0.9484166710502868,0.9556031204975591,0.967584799497561,0.9738611494926124,0.9775495230882817,1.0,0.0,0.0,0.0,0.0,0.011830991242006303,-0.6565680306952302,0.6174041178953846,0.02369120511738427
19.0,0.6568473447882,0.6186391425706932,0.6567383465459794,0.0029540583720315656,3.073650979154355,1.0390796432649174,1.0810805104758419,1.106612717391957,0.13554877658872114,0.13881167249365536,0.14435852051598408,3.0412796984364667,3.073650979154355,3.123460192598436,1e-12,0.002841940218677713,0.06180236207717224,0.8189052526407131,0.8514228163448121,0.8708081302828965,0.9355729892727999,0.9477521033672278,0.9549355472292477,0.9672501651625112,0.973519888065802,0.9772080102396689,1.0,0.0,0.0,0.0,0.0,0.011756010108136858,-0.6567383465459794,0.6186391425706932,0.023238627940767507
19.200000000000003,0.6570067392235358,0.6198396224969902,0.6569015725417693,0.0029326515370430148,3.081188036130872,1.036959231166962,1.0787368294642619,1.1041559153984826,0.13585037937859165,0.1391129696537796,0.14465371008963834,3.0497394204621244,3.081188036130872,3.1296248312159904,1e-12,0.0028271480816722465,0.06156918208318662,0.8172118255836677,0.8496373550292318,0.8689870046202507,0.9349276389804109,0.9470891279421482,0.9542693885854191,0.966916505970245,0.9731793253357753,0.9768671020496956,1.0,0.0,0.0,0.0,0.0,0.011680749400932042,-0.6569015725417693,0.6198396224969902,0.022797840093547125
19.400000000000002,0.657159342106422,0.6210064761416616,0.6570579523637536,0.002912005082221723,3.0885195713650524,1.0348537176257917,1.076408225321442,1.101714548442735,0.13615141981380188,0.13941362548741812,0.14494802255157066,3.0579700496450957,3.0885195713650524,3.1356186852026022,1e-12,0.0028129883498313754,0.06134578233749477,0.8155263368797048,0.8478587981494149,0.8671724409186072,0.9342844279376891,0.9464277943708826,0.95360470384058,0.966583838196426,0.9728394875110173,0.9765268295014204,1.0,0.0,0.0,0.0,0.0,0.01160524800106326,-0.6570579523637536,0.6210064761416616,0.02236855427737226
19.6,0.6573055639777943,0.6221405977649139,0.657207720123903,0.0028920897282178827,3.0956509038970847,1.0327630720323955,1.0740947424243983,1.0992886982278756,0.13645187132534856,0.13971361758636508,0.1452414441047083,3.0659774728540974,3.0956509038970847,3.141446254962505,1e-12,0.0027994374780158505,0.06113182839442413,0.8138488354168691,0.8460872541283846,0.8653645767872087,0.9336433843031121,0.9457681504690001,0.9529415503294831,0.9662521774361851,0.97250039992001,0.9761872226263646,1.0,0.0,0.0,0.0,0.0,0.011529543268477452,-0.657207720123903,0.6221405977649139,0.021950489970911
19.8,0.6574454664792055,0.6232428580436533,0.6573511008021004,0.002872876329785833,3.102587222051446,1.0306872595837493,1.0717964178261246,1.0968784375115506,0.13675170818408985,0.14001292430462361,0.1455339615438524,3.0737674384343188,3.102587222051446,3.1471119242009276,1e-12,0.0027864715757191334,0.06092699885414237,0.8121793663215032,0.8443228260740495,0.863563543773203,0.933004534907384,0.945110242311064,0.9522799834550966,0.9659215386156457,0.9721620870296948,0.9758483105067367,1.0,0.0,0.0,0.0,0.0,0.011453671091199477,-0.6573511008021004,0.6232428580436533,0.021543371414849088
20.0,0.6575794063068796,0.6243141046947699,0.6574883106639364,0.0028543382019422087,3.109333583980558,1.0286262414626637,1.069513281544951,1.0944838306280635,0.1370509054610001,0.14031152474249095,0.14582556224378082,3.081345548154929,3.109333583980558,3.1526199629181173,1e-12,0.0027740691129168275,0.06073098476580504,0.810517971060067,0.8425656119199135,0.8617694676524865,0.9323679052819275,0.9444541142689038,0.9516200567798704,0.965591936005371,0.9718245724634594,0.9755101213203564,1.0,0.0,0.0,0.0,0.0,0.011377665935509679,-0.6574883106639364,0.6243141046947699,0.02114692986954101
20.200000000000003,0.6577074305659977,0.6253551630827752,0.6576195576566332,0.002836448771173478,3.1158949228419437,1.0265619526790057,1.0672453568441336,1.0921049337006274,0.1373494390248022,0.1406093987309756,0.14611879936573421,3.0887172719920764,3.1158949228419437,3.157974530324165,1e-12,0.0027622082823037346,0.060543489061952546,0.808850109613404,0.8408157045624418,0.8599824684942518,0.9317279221108272,0.9437998090490672,0.9509618220344215,0.965260483711707,0.9714878790187538,0.9751726823433308,1.0,0.0,0.0,0.0,0.0,0.01130156089401231,-0.6576195576566332,0.6253551630827752,0.020760901136758027
20.400000000000002,0.6578298882488824,0.6263668368005694,0.6577450417820327,0.0028191838968560975,3.1222760472630386,1.0245080060803278,1.0649926605021585,1.089741794994313,0.1376472855212301,0.140906526816634,0.1464117401814028,3.095887940206005,3.1222760472630386,3.16317967762651,1e-12,0.0027508695302597805,0.060364226025667406,0.8071867905511138,0.8390731919948826,0.8582026608347878,0.9310888050315422,0.9431473677292885,0.9503053291666853,0.9649293663394782,0.9711520286842279,0.9748360199734946,1.0,0.0,0.0,0.0,0.0,0.011225387729855,-0.6577450417820327,0.6263668368005694,0.020385027749128124
20.6,0.6579468188464117,0.6273499082268317,0.6578649554485918,0.002802519583509903,3.1284816463735754,1.022468629310064,1.0627552030743945,1.0873944551996424,0.13794442236001694,0.14120289024662463,0.14670376743119856,3.10286275599598,3.1284816463735754,3.168239350710737,1e-12,0.0027400329360509155,0.06019292078772582,0.8055314971012802,0.8373381574384055,0.8564301538036461,0.9304518993787514,0.9424968297943856,0.9496506263739475,0.9645992815906156,0.9708170426566263,0.9745001597451173,1.0,0.0,0.0,0.0,0.0,0.011149176918417478,-0.6578649554485918,0.6273499082268317,0.020019056886876076
20.8,0.6580585482355737,0.6283051390725245,0.6579794838062845,0.002786433876439194,3.134516290612805,1.02044377362813,1.0605329891464332,1.0850629478680267,0.13824082768168036,0.14149847095405463,0.1469948701501539,3.1096467882041865,3.134516290612805,3.1731573927777728,1e-12,0.0027296806491550626,0.060029308848164945,0.8038842608026086,0.8356106794703584,0.8546650513689061,0.92981722700926,0.9418482331714444,0.9489977601793006,0.9642702418590604,0.9704829413573506,0.9741651263664471,1.0,0.0,0.0,0.0,0.0,0.011072957688764679,-0.6579794838062845,0.6283051390725245,0.01966274241100559
21.0,0.658165100003141,0.629233270926533,0.6580888050672616,0.002770904621407051,3.140384436629225,1.018433386867139,1.0583260175790925,1.0827472995840117,0.1385364803566165,0.14179325154353883,0.14728503791634676,3.116244985448484,3.140384436629225,3.1779375469852322,1e-12,0.002719794404229966,0.059873135618197654,0.8022451098667894,0.8338908321498704,0.85290745238818,0.9291848085703837,0.9412016142644432,0.9483467754368164,0.9639422589249377,0.9701497444487828,0.9738309437207348,1.0,0.0,0.0,0.0,0.0,0.010996758066151704,-0.6580888050672616,0.629233270926533,0.019315842470458488
21.200000000000003,0.6582667900589917,0.6301350257929603,0.6581930908114342,0.002755911731128685,3.146090427628022,1.016437413585542,1.0561342817450299,1.0804475302699488,0.13883135996666365,0.14208721527716403,0.14757426083999237,3.1226621686232225,3.146090427628022,3.1825834590448485,1e-12,0.0027103579248697967,0.05972415598366539,0.8006140692700514,0.8321786851400809,0.8511574507631838,0.9285546635259798,0.9405570079879292,0.9476977153752834,0.9636153439668863,0.9698174708501502,0.9734976348870722,1.0,0.0,0.0,0.0,0.0,0.010920604913810472,-0.6581930908114342,0.6301350257929603,0.018978121570345726
21.400000000000002,0.6583636486206237,0.6310111066028946,0.6582925062740776,0.002741435074889678,3.1516384980497465,1.0144557952021054,1.0539577697573508,1.0781636534094277,0.13912544679619077,0.1423803460607106,0.14786252955469212,3.1289030428052675,3.1516384980497465,3.1870986796909726,1e-12,0.0027013545175716817,0.05958213389417462,0.798991160831596,0.8304743038275918,0.8494151355364764,0.927926810177713,0.939914447800043,0.9470506216208973,0.9632895075719499,0.9694861387530994,0.9731652221504656,1.0,0.0,0.0,0.0,0.0,0.010844523970999775,-0.6582925062740776,0.6310111066028946,0.018649348602855647
21.6,0.6584559336112121,0.6318621977058654,0.6583872106175173,0.0027274560613409814,3.157032774511109,1.012488470123953,1.0517964646907685,1.075895676456707,0.13941872179838233,0.1426726284301457,0.1481498352091223,3.1349721902986434,3.157032774511109,3.1914866670637414,1e-12,0.0026927691241843384,0.059446841974975254,0.7973764032887303,0.8287777494392299,0.8476805911338888,0.927301265685312,0.9392739657348819,0.9464055342744498,0.9629647597449724,0.9691557656369623,0.9728337270399451,1.0,0.0,0.0,0.0,0.0,0.010768539888734163,-0.6583872106175173,0.6318621977058654,0.018329298761899256
21.8,0.6585436888438522,0.6326889653581241,0.6584773571914574,0.002713956168825529,3.1622772797534036,1.0105353738835876,1.049650344795516,1.0736436009493497,0.1397111665988278,0.1429640475383146,0.14843616945692373,3.140874083707589,3.1622772797534036,3.1957507890865493,1e-12,0.002684586497638494,0.059318061155060914,0.7957698123812593,0.8270890791564034,0.8459538973844987,0.9266780460906826,0.9386355924343454,0.9457624919063408,0.9626411099200249,0.968826368283801,0.972503170324506,1.0,0.0,0.0,0.0,0.0,0.010692676266539428,-0.6584773571914574,0.6326889653581241,0.018017751319477065
22.0,0.6586271906364124,0.6334920581951935,0.6585630937798451,0.0027009192520029363,3.1673759327695388,1.0085964392671285,1.0475193837041346,1.07140742275193,0.14000276348162888,0.14325458914199105,0.14872152444737338,3.1466130780686004,3.167375932769539,3.1998943257517873,1e-12,0.002676792962547489,0.059195580314506925,0.7941714009306023,0.8254083462265016,0.8442351296434398,0.926057166340263,0.9379993571791398,0.9451215315900152,0.9623185669709502,0.9684979627930438,0.9721735720288132,1.0,0.0,0.0,0.0,0.0,0.010616955687623442,-0.6585630937798451,0.6334920581951935,0.01771449170819484
22.200000000000003,0.6587064299359129,0.6342721092071995,0.658644563275817,0.0026883280323570613,3.1723325637760698,1.0066715967023765,1.0454035510499342,1.069187132890374,0.14029349529721644,0.14354423953188006,0.14900589277711354,3.1521934334214277,3.1723325637760698,3.203920479004753,1e-12,0.0026693742891281016,0.0590791953202614,0.7925811791356374,0.8237356004026887,0.8425243593738241,0.9254386403920091,0.9373652880445963,0.9444826891073301,0.9619971392659248,0.9681705646606045,0.9718449515373977,1.0,0.0,0.0,0.0,0.0,0.010541399939724791,-0.658644563275817,0.6342721092071995,0.017419308900763365
22.400000000000002,0.6587816569062079,0.6350297324845594,0.6587219025978728,0.002676166924187672,3.17715089214082,1.0047607734866946,1.0433028114655227,1.066982716509011,0.1405833456147958,0.1438329856828993,0.14928926761290046,3.1576192851073728,3.17715089214082,3.207832356358804,1e-12,0.002662317894285862,0.058968710574467446,0.7909991539115394,0.8220708871084844,0.8408216532869769,0.9248224809503536,0.9367334115740612,0.9438459986162309,0.9616768345287122,0.9678441886090172,0.9715173274223439,1.0,0.0,0.0,0.0,0.0,0.010466029569131952,-0.6587219025978728,0.6350297324845594,0.017131998138737316
22.6,0.6588529426479128,0.6357655501535082,0.6587952495393101,0.0026644194651532756,3.1818346912129973,1.00286389383263,1.0412171268313792,1.0647941558644118,0.14087229834411358,0.1441208149643236,0.1495716426949496,3.1628948344231325,3.1818346912129973,3.211633107377656,1e-12,0.0026556106348157357,0.05886392922955689,0.7894253289000905,0.8204142491565917,0.8391270756009626,0.9242086994611824,0.9361037534167392,0.9432114934842031,0.9613576598348833,0.967518848915065,0.9711907178708149,1.0,0.0,0.0,0.0,0.0,0.010390866809589797,-0.6587952495393101,0.6357655501535082,0.016852350110025397
22.8,0.6589204563597302,0.636480188321171,0.6588647384039877,0.0026530704028290024,3.1863877661703066,1.0009808768602273,1.0391464552157752,1.0626214298900898,0.14116033780300757,0.1444077152978396,0.14985301264745876,3.168024314644196,3.186387766170307,3.215325904531718,1e-12,0.002649239966622612,0.05876465942287457,0.7878597027719647,0.8187657258693964,0.8374406876686636,0.9235973054394403,0.9354763379841597,0.9425792061416426,0.9610396212608242,0.967194559231128,0.9708651406086997,1.0,0.0,0.0,0.0,0.0,0.01031593494224381,-0.6588647384039877,0.636480188321171,0.01658015424809956
23.0,0.6589843268061756,0.6371741368337591,0.6589304773398641,0.0026421070451615515,3.190813085570576,0.9991116448023984,1.0370907454212621,1.0604645021534802,0.14144745033463704,0.1446936758962447,0.15013337176113745,3.173011029068213,3.1908130855705763,3.2189132263553444,1e-12,0.0026431956604427136,0.05867074665733699,0.7863022760268742,0.8171253487935565,0.8357625385594598,0.9229883091166109,0.9348511868315144,0.9419491645354577,0.9607227252598698,0.9668713317502161,0.970540611072622,1.0,0.0,0.0,0.0,0.0,0.01024124365355121,-0.6589304773398641,0.6371741368337591,0.016315246157893953
23.200000000000003,0.6590446051518686,0.6378479564693572,0.6589925892273578,0.002631518652608487,3.1951140535774507,0.9972561171184366,1.0350499477003434,1.0583233404328638,0.14173362172911036,0.14497868583427947,0.15041271487351088,3.177858761666024,3.195114053577451,3.222397913568795,1e-12,0.0026374662350404773,0.05858201538948874,0.7847530461018865,0.8154931500499053,0.8340926801967055,0.9223817195284145,0.9342283217935399,0.9413213977920097,0.9604069776672779,0.9665491788213871,0.9702171453243317,1.0,0.0,0.0,0.0,0.0,0.0101668111560006,-0.6589925892273578,0.6378479564693572,0.016057438512454485
23.400000000000002,0.659101426337011,0.6385021300376105,0.6590511776646599,0.0026212926018543323,3.1992936050013108,0.9954142148796588,1.0330240074747372,1.0561979039284364,0.14201883893358244,0.14526273489814132,0.15069103671393153,3.182570783742738,3.199293605001311,3.225782411701631,1e-12,0.0026320420216856357,0.058498317621914354,0.7832120110216324,0.8138691574032708,0.8324311573825248,0.9217775459384956,0.9336077631229347,0.9406959324658979,0.9600923844405754,0.9662281119895243,0.9698947581177428,1.0,0.0,0.0,0.0,0.0,0.010092648097221463,-0.6590511776646599,0.6385021300376105,0.01580656715764424
23.6,0.6591548959241753,0.6391372014838076,0.6591063576318285,0.0026114152756004138,3.203355054389359,0.9935858542819972,1.0310128699941057,1.0540881539525626,0.14230308863403704,0.14554581297332275,0.15096833288593434,3.187150788835869,3.203355054389359,3.2290694788343974,1e-12,0.0026269124365700014,0.05841948909738792,0.781679163969116,0.8122533978652428,0.8307780161004945,0.9211757957067521,0.9329895308355698,0.9400727956530327,0.959778950549183,0.9659081426872757,0.9695734645019777,1.0,0.0,0.0,0.0,0.0,0.0100187724026045,-0.6591063576318285,0.6391372014838076,0.015562446692203571
23.8,0.6592051266857532,0.6397537069803998,0.6591582409737494,0.0026018741082998943,3.2073016713917255,0.9917709478943902,1.0290164771438974,1.0519940481554404,0.1425863580340678,0.14582791048620228,0.15124459969155388,3.1916024190980417,3.207301671391726,3.232261834502639,1e-12,0.002622067244969641,0.05834537003750088,0.7801544942953235,0.8106458951579436,0.8291332989902814,0.9205764746736137,0.9323736437448298,0.9394520132835992,0.9594666801729912,0.9655892817359131,0.9692532789410924,1.0,0.0,0.0,0.0,0.0,0.009945201789100758,-0.6591582409737494,0.6397537069803998,0.015324894434415742
24.0,0.6592522219462222,0.6403521537292716,0.6592069330793334,0.002592657627053443,3.2111365497137427,0.9899694062374871,1.0270347668181072,1.0499155390871076,0.14286863506222958,0.1461090184993976,0.15151983390082258,3.1959291208226097,3.2111365497137427,3.2353620516046107,1e-12,0.0026174968234843918,0.05827580988666645,0.7786379888206367,0.8090466691898082,0.8274970441767275,0.9199795876624121,0.931760119254857,0.9388336096700732,0.9591555769629025,0.9652715392375549,0.968934215079704,1.0,0.0,0.0,0.0,0.0,0.009871951538642093,-0.6592069330793334,0.6403521537292716,0.015093737506319205
24.200000000000003,0.659296279139225,0.6409330246363021,0.6592525337675218,0.0025837550381346296,3.2148626363387764,0.9881811386756301,1.0250676735482986,1.0478525749374792,0.14314990828643032,0.14638912863435796,0.15179403262141944,3.2001341777991974,3.2148626363387764,3.2383725802182313,1e-12,0.002613192081182335,0.05821066604639731,0.7771296325729852,0.8074557365277583,0.8258692858044046,0.9193851387636655,0.9311489735318993,0.9382176076976033,0.95884564418817,0.9649549246626583,0.9686162858397548,1.0,0.0,0.0,0.0,0.0,0.009799035050202382,-0.6592525337675218,0.6409330246363021,0.014868810954189352
24.400000000000002,0.6593373922388642,0.6414967873410132,0.6592951390240295,0.002575155953458356,3.2184827871261543,0.9864060534834337,1.0231151291877492,1.045805100515717,0.14343016679305792,0.14666823298524176,0.15206719329254317,3.2042207731155252,3.2184827871261543,3.2412957935051274,1e-12,0.0026091443099315785,0.05814980139424355,0.7756294088370714,0.8058731109172771,0.8242500547704127,0.9187931313496216,0.9305402216945609,0.9376040290911961,0.9585368847433234,0.9646394469473687,0.9682995035571372,1.0,0.0,0.0,0.0,0.0,0.00972646481230277,-0.6592951390240295,0.6414967873410132,0.014649954619197185
24.6,0.6593756519080466,0.642043898374133,0.6593348418612692,0.0025668503249910548,3.2219997922002315,0.9846440576769002,1.0211770632559207,1.0437730577508615,0.14370940012881953,0.14694632407895022,0.15233931371494733,3.2081920171439267,3.221999792200232,3.244134008846469,1e-12,0.0026053451075559136,0.05809308305532968,0.7741372990049042,0.8042988035353386,0.8226393790884928,0.9182035680104221,0.9299338779029779,0.9369928945451341,0.9582293011142187,0.9643251145386913,0.9679838800474361,1.0,0.0,0.0,0.0,0.0,0.00965425282848588,-0.6593348418612692,0.642043898374133,0.014437011793525079
24.8,0.6594111467541998,0.6425748029235308,0.65937173224794,0.0025588284681142335,3.2254163743902144,0.982895056845463,1.019253402896567,1.0417563856609182,0.14398759831439475,0.14722339488910186,0.15261039208134297,3.2120509457006428,3.225416374390215,3.246889486652178,1e-12,0.002601786377692373,0.058040382502942876,0.7726532824256842,0.8027328229346178,0.8210372838362773,0.9176164504895871,0.9293299553301309,0.9363842236950262,0.9579228953436737,0.9640119353786983,0.9676694265904936,1.0,0.0,0.0,0.0,0.0,0.009582410557892843,-0.65937173224794,0.6425748029235308,0.01422982935045235
25.0,0.6594439626817696,0.6430899355068919,0.6594058974198668,0.002551081043032478,3.228735192955464,0.9811589554278753,1.017344073249782,1.0397550207740376,0.144264751795412,0.1474994387901679,0.15288042693814707,3.215449677534459,3.2287351929554644,3.2495644336807956,1e-12,0.002598460306430925,0.05799157511447605,0.7711773366319791,0.8011751753256308,0.8194437914630779,0.9170317797682331,0.9287284662635732,0.9357780352269712,0.957617669074705,0.9636999169563691,0.9673561539858242,1.0,0.0,0.0,0.0,0.0,0.009510948996296342,-0.6594058974198668,0.6430899355068919,0.014028257570088954
25.200000000000003,0.6594741807984404,0.6435897181839921,0.6594374215162205,0.002543599085134414,3.231958832527611,0.9794356565097428,1.0154489971157288,1.0377688967291312,0.1445408515063172,0.147774449612878,0.1531494172210667,3.2179485909199603,3.231958832527611,3.252190442164712,1e-12,0.002595359375831427,0.05794654069111351,0.7697094371610401,0.799625864284895,0.817858921447102,0.916449555989329,0.9281294219863063,0.9351743467396945,0.9573136235103061,0.9633890662449637,0.9670440724804203,1.0,0.0,0.0,0.0,0.0,0.009439878438128671,-0.6594374215162205,0.6435897181839921,0.013844322698402255
25.400000000000002,0.659501881384866,0.6440745613544676,0.6594663858055663,0.002536374169116927,3.235089807709505,0.9777250620340645,1.0135680952145862,1.0357979445639418,0.14481588883935095,0.14804842161398288,0.15341736222649258,3.220372806772338,3.235089807709505,3.2547714661814475,1e-12,0.0025924763574402816,0.05790516313490536,0.7682495577271851,0.7980848909479383,0.8162826904993048,0.9158697785209551,0.9275328328443979,0.934573174814322,0.9570107594457818,0.9630793897362019,0.96673319180382,1.0,0.0,0.0,0.0,0.0,0.009369208563689488,-0.6594663858055663,0.6440745613544676,0.013678655283667959
25.6,0.6595271455328348,0.6445448645384344,0.659492868867006,0.002529398069855556,3.238130568124935,0.976027072927427,1.011701286400818,1.03384209298198,0.1450898556155176,0.14832134945183256,0.15368426159542947,3.222724322692172,3.238130568124935,3.2572767792808626,1e-12,0.002589804298188803,0.05786733018999147,0.7667976703243058,0.7965522541677937,0.8147151127537903,0.915292445992317,0.9269387083018027,0.9339745350796514,0.9567090772869122,0.9627708934678666,0.9664235212009192,1.0,0.0,0.0,0.0,0.0,0.009298948517655156,-0.659492868867006,0.6445448645384344,0.013517577413823218
25.8,0.6595500367147394,0.6450010172380455,0.6595169468575753,0.0025226621509440127,3.2410835040118484,0.9743415892338115,1.0098484878846965,1.0319012686582472,0.14536274404918686,0.1485932281601353,0.1539501152957607,3.2250050861902273,3.241083504011849,3.2597083961026017,1e-12,0.0025873364304639847,0.05783293306060653,0.7653537453363544,0.7950279506820661,0.813156199992659,0.9147175563332807,0.9263470569990255,0.9333784422911943,0.9564085770699996,0.9624635830534651,0.9661150694719856,1.0,0.0,0.0,0.0,0.0,0.009229106999888936,-0.6595169468575753,0.6450010172380455,0.013360968213958418
26.0,0.6595706375331346,0.6454433978995437,0.6595386932639619,0.0025161583538009,3.243950938620251,0.9726685099809438,1.0080096150168436,1.0299753959771465,0.14563454679195875,0.14886405318521365,0.15421492364643197,3.2272169894977187,3.243950938620251,3.2620682747683962,1e-12,0.0025850663202318636,0.0578018667657687,0.7639177514195631,0.7935119749226471,0.8116059614168964,0.9141451067232174,0.9257578866735017,0.9327849102369942,0.9561092584345326,0.9621574636401187,0.9658078449230753,1.0,0.0,0.0,0.0,0.0,0.009159692117232901,-0.6595386932639619,0.6454433978995437,0.01320871011880966
26.200000000000003,0.6595890138109843,0.6458723756507881,0.6595581793409332,0.0025098805004981086,3.2467351375685145,0.9710077334420529,1.0061845817386568,1.0280643974443922,0.14590525688164732,0.14913382032587014,0.15447868727911793,3.2293618782539406,3.246735137568515,3.264358325698676,1e-12,0.0025829876983952836,0.057774029512952546,0.7624896557238949,0.7920043193724444,0.8100644039592291,0.9135750936750148,0.9251712042920017,0.9321939518507045,0.9558111206665157,0.9618525399765316,0.9655018554236984,1.0,0.0,0.0,0.0,0.0,0.009090711586872885,-0.6595581793409332,0.6458723756507881,0.013060688670968042
26.400000000000002,0.6596052343037628,0.6462883098052381,0.6595754740234915,0.0025038215372019945,3.2494383088981817,0.9693591570138071,1.0043733005111823,1.026168193708352,0.14617486774554192,0.14940252574875326,0.15474140716026005,3.23144154902619,3.2494383088981817,3.2665804090358663,1e-12,0.0025810945371839773,0.05774932282358355,0.761069423786234,0.7905049744964266,0.8085315322855722,0.9130075129885166,0.9245870160185526,0.9316055792060085,0.9555141626735589,0.9615488163956245,0.9651971084031327,1.0,0.0,0.0,0.0,0.0,0.00902217265210778,-0.6595754740234915,0.6462883098052381,0.012916792184317445
26.6,0.6596193636234232,0.6466915499317034,0.6595906439836304,0.0024979742526760077,3.2520626025454855,0.967722677290259,1.0025756823583278,1.0242867036850798,0.14644337318872194,0.14967016598676225,0.15500308458206044,3.233457749658517,3.2520626025454855,3.2687363350972207,1e-12,0.0025793810172847352,0.057727651451956505,0.7596570195919105,0.7890139287674349,0.8070073488811502,0.9124423597710721,0.9240053272192508,0.9310198035436384,0.9552183829950583,0.9612462968163371,0.9648936108636313,1.0,0.0,0.0,0.0,0.0,0.008954082078200032,-0.6595906439836304,0.6466915499317034,0.01277691170446202
26.8,0.659631465440213,0.6470824362314155,0.6596037537347584,0.0024923317752316093,3.2546101115686543,0.9660981902064478,1.0007916369682643,1.0224198446610486,0.14671076738512231,0.14993673792868928,0.15526372114199505,3.235412181157077,3.2546101115686543,3.2708278662428865,1e-12,0.002577841528511438,0.05770892323605937,0.758252405697384,0.7875311687407027,0.8054918541201382,0.9118796284828207,0.9234261424861139,0.9304366352923349,0.954923779825352,0.9609449847553345,0.9645913693905227,1.0,0.0,0.0,0.0,0.0,0.008886446190654249,-0.6596037537347584,0.6470824362314155,0.012640941114096008
27.0,0.6596416009443117,0.6474612998815543,0.6596148657260299,0.0024868876399957484,3.2570828740256164,0.9644855910834504,0.9990210727997048,1.0205675323157475,0.1469770448797624,0.15020223880789227,0.1555233187377099,3.2373064994077714,3.2570828740256164,3.2728567185006443,1e-12,0.002576470654052474,0.0576930489628144,0.756855543269001,0.7860566791333227,0.803985046271434,0.9113193129486851,0.922849465663013,0.9298560840654175,0.9546303510194897,0.9606448833398132,0.9642903901496898,1.0,0.0,0.0,0.0,0.0,0.008819270902879192,-0.6596148657260299,0.6474612998815543,0.01250877710891705
27.200000000000003,0.6596498294610121,0.6478284632582955,0.6596240404103244,0.0024816356846139717,3.25948287468292,0.9628847746165403,0.9972638971724366,1.018729680834916,0.1472422005777481,0.15046666619293242,0.1557818795709342,3.239142316291477,3.25948287468292,3.2748245627059442,1e-12,0.0025752631650639004,0.057679942270965096,0.7554663920728971,0.7845904428919479,0.8024869215789519,0.9107614063508768,0.9222752998672722,0.9292781586861761,0.9543380940888085,0.9603459953180808,0.9639906789000023,1.0,0.0,0.0,0.0,0.0,0.00875256172480253,-0.6596240404103244,0.6478284632582955,0.012380319093071634
27.400000000000002,0.6596562084385228,0.648184240142594,0.6596313363086189,0.0024765699718190576,3.2618120464350033,0.9612956349134876,0.9955200163464236,1.016906203072406,0.14750622972581046,0.15073001797952393,0.15603940614325096,3.24092120071297,3.2618120464350033,3.2767330256009024,1e-12,0.0025742140133433707,0.05766951955911575,0.7540849105085629,0.7831324412523187,0.8009974743831435,0.9102059012389707,0.9217036475083551,0.9287028672294588,0.9540470062057151,0.9600483230686577,0.9636922410141833,1.0,0.0,0.0,0.0,0.0,0.008686323773548263,-0.6596313363086189,0.648184240142594,0.012255469066553426
27.6,0.659660793508507,0.6485289359542019,0.659636810079574,0.002471684768580283,3.264072271587453,0.9597180655705887,0.9937893355963658,1.0150970106503043,0.1477691279022732,0.15099229238284798,0.15629590124555937,3.2426446797710096,3.264072271587453,3.2785836910112724,1e-12,0.002573318323994398,0.057661699886322845,0.7527110556757707,0.7816826537960722,0.7995166971938605,0.9096527895535467,0.9211345103057101,0.9281302170448185,0.9537570842155955,0.959751868608963,0.9633950814901496,1.0,0.0,0.0,0.0,0.0,0.00862056179143092,-0.659636810079574,0.6485289359542019,0.012134131548471974
27.8,0.6596636385470289,0.6488628479832124,0.6596405165863837,0.0024669745465377567,3.266265383115779,0.958151959727229,0.9920717592842052,1.0133020140248328,0.14803089101165448,0.15125348792991683,0.15655136795076083,3.244314239916062,3.266265383115779,3.2803781009869835,1e-12,0.0025725713884489528,0.05765640487659459,0.7513447834235923,0.7802410585067189,0.7980445807363991,0.9091020626428351,0.9205678893064672,0.92756021476951,0.9534683246450822,0.9594566336039471,0.9630992049571138,1.0,0.0,0.0,0.0,0.0,0.008555280162527074,-0.6596405165863837,0.6488628479832124,0.012016213526420507
28.0,0.6596647955310689,0.6491862656888161,0.6596425089818526,0.0024624339758654305,3.26839316644633,0.956597210108768,0.9903671909468801,1.0115211225863068,0.14829151527401885,0.15151360344935333,0.15680580960814694,3.2459313284440805,3.26839316644633,3.282117757317001,1e-12,0.00257196865589382,0.05765355859735328,0.7499860483898052,0.7788076318393089,0.7965811140264838,0.9085537112756518,0.920003784908698,0.9269928663528803,0.9531807237083982,0.9591626193776428,0.9628046156876183,1.0,0.0,0.0,0.0,0.0,0.008490482936508545,-0.6596425089818526,0.6491862656888161,0.011901624376492745
28.200000000000003,0.6596643154152043,0.6494994705691474,0.6596428386704918,0.0024580579238238013,3.2704573586647414,0.9550537090058286,0.9886755332971877,1.0097542446716943,0.14855099722682535,0.15177263807414026,0.15705922984807189,3.2474973528457367,3.2704573586647414,3.2838041208527438,1e-12,0.0025715057358590837,0.05765308761358309,0.7486348039850711,0.7773823487179776,0.7951262843744694,0.9080077256321477,0.9194421968565081,0.926428177053514,0.9528942773020757,0.9588698269100585,0.9625113175954493,1.0,0.0,0.0,0.0,0.0,0.00842617379660579,-0.6596428386704918,0.6494994705691474,0.011790275902626397
28.400000000000002,0.6596622467964186,0.6498027372182841,0.6596415555756998,0.002453841483492553,3.2724596548878755,0.9535213484300888,0.9869966884567967,1.008001287838757,0.14880933368806812,0.15203059120869544,0.15731163255753558,3.2490136860914203,3.272459654887876,3.285438616943565,1e-12,0.0025711783731035553,0.057654920606143106,0.7472910025319326,0.7759651827295292,0.7936800776059211,0.9074640953572086,0.9188831243124473,0.9258661515205672,0.9526089810325533,0.9585782568743939,0.9622193142772963,1.0,0.0,0.0,0.0,0.0,0.008362356183549635,-0.6596415555756998,0.6498027372182841,0.011682082011741361
28.6,0.6596586376660809,0.6500963324015001,0.6596387079475369,0.002449779791191225,3.274401702724481,0.9520000199869937,0.9853305577949811,1.006262158689081,0.1490665217853508,0.1522874625558709,0.15756302190208915,3.2504816620075,3.274401702724481,3.2870226306237864,1e-12,0.002570982466762886,0.05765898864637584,0.7459545951564281,0.7745561059862347,0.7922424779118399,0.9069228095140275,0.9183265657999276,0.9253067937315675,0.9523248301914187,0.958287909606522,0.9619286089798922,1.0,0.0,0.0,0.0,0.0,0.008299033161820027,-0.6596387079475369,0.6500963324015001,0.011576958997364644
28.8,0.6596535335699848,0.650380515595801,0.6596343424917528,0.002445868109837279,3.2762851054065885,0.9504896149894629,0.9836770420630175,1.004536763030552,0.1493225589349963,0.15254325209869318,0.15781340230809665,3.251902577979005,3.2762851054065885,3.288557509407432,1e-12,0.0025709140522692307,0.057665225011781764,0.7446255318908704,0.7731550892377308,0.7908134679787963,0.9063838566230692,0.9177725192437723,0.9247501070389333,0.9520418197754561,0.9579987851256275,0.961639204623623,1.0,0.0,0.0,0.0,0.0,0.008236207478895863,-0.6596343424917528,0.650380515595801,0.01147482538574886
29.0,0.6596469791854025,0.6506555394048751,0.6596285044553817,0.0024421019109923865,3.2781114241762612,0.948990024524822,0.9820360414992425,1.0028250059965558,0.14957744282706406,0.15279796008623608,0.15806277845239516,3.2532776970243753,3.2781114241762612,3.2900445654048323,1e-12,0.002570969298206079,0.05767356506374028,0.7433037617364613,0.7717621019593263,0.7893930290849026,0.9058472246850425,0.9172209820017403,0.9241960942035594,0.951759944498335,0.9577108831501778,0.9613511038194646,1.0,0.0,0.0,0.0,0.0,0.008173881606335129,-0.6596285044553817,0.6506555394048751,0.01137560181866133
29.200000000000003,0.6596390173512622,0.6509216500454582,0.6596212377565659,0.0024384768513155547,3.279882181295028,0.9475011395017097,0.9804074559403754,1.0011267921668003,0.149831171409713,0.1530515870181795,0.15831115525505848,3.254608250227291,3.279882181295028,3.2914850778018745,1e-12,0.002571144492742334,0.05768394606204872,0.7419892327088621,0.7703771124466882,0.7879811411984713,0.9053129011971451,0.9166719508988334,0.9236447574297547,0.9514791987987888,0.957424203115373,0.9610643088866577,1.0,0.0,0.0,0.0,0.0,0.008112057789428653,-0.6596212377565659,0.6509216500454582,0.011279210904222854
29.400000000000002,0.6596296899800419,0.6511790866584749,0.6596125848276295,0.002434988746661107,3.2815988559053024,0.946022850545812,0.9787911847169698,0.9994420254588715,0.1500837429075797,0.1533041336626687,0.15855853789732122,3.255895433292374,3.2815988559053024,3.2928802892998097,1e-12,0.0025714360565332575,0.05769630738910057,0.7406818917504351,0.7690000877279138,0.7865777828868427,0.9047808731151714,0.9161254221894626,0.9230960983262262,0.9511995768203557,0.9571387441529625,0.9607788218319344,1.0,0.0,0.0,0.0,0.0,0.008050737943360448,-0.6596125848276295,0.6511790866584749,0.011185577423562073
29.6,0.6596190375441695,0.6514280824715535,0.6596025868754016,0.0024316335317402377,3.2832628911306614,0.9445550481772436,0.9771871268819807,0.9977706094069262,0.1503351557821089,0.15355560102222907,0.15880493179244842,3.257140412357767,3.2832628911306614,3.2942314121383203,1e-12,0.002571840519950363,0.05771059017799761,0.7393816848913061,0.7676309937590994,0.7851829315477454,0.9042511269168287,0.9155813916320469,0.9225501179931622,0.9509210724443043,0.9568545051297697,0.9604946443943567,1.0,0.0,0.0,0.0,0.0,0.007989923794601048,-0.6596025868754016,0.6514280824715535,0.011094627973232
29.8,0.6596070992242828,0.6516688645992792,0.6595912838475593,0.0024284072690870678,3.2848756927487375,0.9430976227755403,0.9755951811867937,0.996112447140982,0.15058540873625903,0.15380599033868145,0.15905034259184045,3.258344322996396,3.2848756927487375,3.2955396270229014,1e-12,0.002572354525320261,0.05772673736062949,0.73808855722343,0.766269795406136,0.7837965633928765,0.9037236485892164,0.9150398544791268,0.9220068170128299,0.9506436792827342,0.9565714846421376,0.9602117780399991,1.0,0.0,0.0,0.0,0.0,0.007929616842623444,-0.6595912838475593,0.6516688645992792,0.01100629103102188
30.0,0.659593913297524,0.6519016537991464,0.6595787143790318,0.002425306157151862,3.286438627666517,0.9416504645409828,0.9740152460567191,0.9944674413615846,0.1508345007199291,0.15405530309818086,0.1592947761918421,3.259508268995732,3.286438627666517,3.2968060818481923,1e-12,0.0025729748309220495,0.057744693744240135,0.7368024528711146,0.7649164564259289,0.7824186534275461,0.9031984236148015,0.9145008054672208,0.9214661954386113,0.9503673906708785,0.9562896810102327,0.9599302239558137,1.0,0.0,0.0,0.0,0.0,0.007869818315534446,-0.6595787143790318,0.6519016537991464,0.010920497035904808
30.200000000000003,0.6595795165168036,0.652126665336499,0.6595649159951246,0.0024223265132484566,3.2879530292289294,0.9402134636129658,0.9724472197570351,0.9928354945309447,0.15108243090247897,0.15430354100610438,0.15953823871399778,3.2606333266824947,3.2879530292289294,3.2980318961693027,1e-12,0.0025736982930715606,0.0577644057212506,0.7355233151011535,0.7635709396110738,0.7810491756120553,0.902675437014449,0.9139642388718568,0.9209282528554401,0.9500921996894225,0.9560090923064304,0.959649983080691,1.0,0.0,0.0,0.0,0.0,0.00781052927306676,-0.6595649159951246,0.652126665336499,0.010837178122165336
30.400000000000002,0.6595639445994903,0.6523441082943069,0.6595499249660367,0.0024194647826722773,3.2894201929482403,0.9387865099750244,0.9708910002951437,0.991216508773824,0.15132919868894862,0.1545507060033351,0.15978073652122526,3.2617205414715342,3.2894201929482403,3.2992181576092565,1e-12,0.0025745218779970854,0.057785821477090396,0.7342510862436441,0.7622332067092131,0.7796881027807216,0.902154673313244,0.9134301484730545,0.920392988345347,0.9498180991462217,0.9557297163369084,0.9593710560871272,1.0,0.0,0.0,0.0,0.0,0.007751750503889779,-0.6595499249660367,0.6523441082943069,0.010756268333090702
30.6,0.6595472320764857,0.6525541860296267,0.6595337764104028,0.00241671752795701,3.290841379290374,0.9373694935369602,0.9693464855201556,0.9896103859938004,0.1515748037035453,0.15479680025130416,0.16002227620402662,3.262770930148133,3.290841379290374,3.300365924218095,1e-12,0.002575442652551299,0.05780889084228168,0.7329857077702863,0.760903218511745,0.778335406741682,0.9016361165706852,0.9128985275883374,0.919860400524029,0.9495450815918887,0.9554515506585544,0.9590934433998892,1.0,0.0,0.0,0.0,0.0,0.007693482576243971,-0.6595337764104028,0.6525541860296267,0.010677703482232662
30.8,0.6595294124446623,0.652757096555994,0.6595165043721909,0.002414081421278602,3.292217816007419,0.9359623041859396,0.967813573203921,0.9880170279683392,0.15181924577600164,0.15504182611968598,0.1602628645717347,3.2637854827799697,3.292217816007419,3.3014762264441906,1e-12,0.0025764577774526746,0.05783356518258442,0.7317271203456281,0.7595809349274344,0.7769910583599625,0.9011197504000121,0.912369369099958,0.9193304875711182,0.9492731393296864,0.955174592592873,0.9588171452114337,1.0,0.0,0.0,0.0,0.0,0.007635725877770089,-0.6595165043721909,0.652757096555994,0.010601421035967262
31.0,0.6595105181843778,0.6529530327033963,0.6594981418573327,0.002411553240368954,3.2935506991019765,0.9345648317890102,0.9662921610791182,0.986436336398556,0.1520625249345991,0.15528578618073471,0.16050250865192453,3.2647651635169814,3.2935506991019765,3.3025500679529083,1e-12,0.0025775645037792675,0.057859797346667526,0.7304752638351991,0.7582663150196096,0.7756550276031814,0.9006055579699774,0.9118426654677336,0.9188032472459524,0.9490022644161938,0.9548988392323899,0.9585421614897938,1.0,0.0,0.0,0.0,0.0,0.007578480625208522,-0.6594981418573327,0.6529530327033963,0.010527360065328763
31.200000000000003,0.6594905807679702,0.6531421821608387,0.6594787208472208,0.002409129866230915,3.2948411930735264,0.9331769661836655,0.9647821468567122,0.9848682129371736,0.15230464140238095,0.15552868320679789,0.16074121569185557,3.2657109108041933,3.2948411930735264,3.3035884258395045,1e-12,0.0025787601714136123,0.0578875416468273,0.7292300773029404,0.756959317025895,0.7743272835693003,0.9000935220022538,0.9113184087349973,0.9182786768963945,0.9487324486596764,0.9546242874434606,0.9582684919828584,1.0,0.0,0.0,0.0,0.0,0.007521746859127404,-0.6594787208472208,0.6531421821608387,0.01045546123404285
31.400000000000002,0.6594696306829406,0.6533247275578932,0.6594582723193234,0.0024068082802225356,3.296090431404346,0.9317985971850375,0.9632834282514756,0.9833125592245314,0.15254559559200007,0.1557705201664296,0.1609789931570511,3.2666236377894657,3.2960904314043464,3.3045922510433563,1e-12,0.002580042206947807,0.05791675382953782,0.7279914990235086,0.755659898385184,0.7730077945215456,0.8995836247749793,0.9107965905375508,0.9177567734705929,0.9484636836216904,0.9543509338706636,0.9579961362241973,1.0,0.0,0.0,0.0,0.0,0.007465524444776245,-0.6594582723193234,0.6533247275578932,0.010385666774052999
31.6,0.659447697461892,0.6535008466072512,0.65943682627911,0.0024045855602870345,3.2972995174213735,0.930429614603531,0.9617959030182197,0.9817692769356925,0.15278538809870015,0.15601130021865914,0.16121584872802772,3.267504233036256,3.297299517421374,3.305562469078843,1e-12,0.0025814081206791727,0.057947391029842706,0.7267594665040483,0.7543680157742059,0.7716965279331504,0.8990758481302553,0.9102772021165709,0.9172375335327502,0.9481959606207815,0.9540787749432799,0.9577250935409937,1.0,0.0,0.0,0.0,0.0,0.0074098130814192475,-0.65943682627911,0.6535008466072512,0.01031792044218404
31.8,0.6594248097149317,0.6536707122568626,0.6594144117931204,0.0024024588771966527,3.298469525219491,0.9290699082584928,0.960319468988327,0.9802382678279989,0.1530240196930572,0.15625102670707894,0.16145179029764234,3.2683535612843126,3.298469525219491,3.306499980817365,1e-12,0.002582855503537784,0.05797941172411361,0.725533916502525,0.7530836251447011,0.770393450532961,0.8985701734803027,0.9097602343318797,0.9167209532793775,0.9479292707354815,0.9538078068819732,0.9574553630622484,1.0,0.0,0.0,0.0,0.0,0.007354612312900882,-0.6594144117931204,0.6536707122568626,0.01025216747384311
32.0,0.6594009951578051,0.6538344928209068,0.6593910570174581,0.0024004254912386555,3.299601500456186,0.9277193679849185,0.9588540241010266,0.9787194337830598,0.1532614913144236,0.1564897031546636,0.1616868259695948,3.2691724641045337,3.2996015004561863,3.307405663160314,1e-12,0.0025843820244159533,0.058012775689345354,0.7243147850398761,0.751806681756333,0.769098528346765,0.8980665818111272,0.9092456776736106,0.9162070285539975,0.9476636048060025,0.9535380257046501,0.9571869437261915,1.0,0.0,0.0,0.0,0.0,0.0072999215354380975,-0.6593910570174581,0.6538344928209068,0.010188354543098466
32.2,0.6593762806362939,0.65399235209534,0.659366789222983,0.0023984827492090103,3.3006964610520337,0.9263778836376997,0.9573994664310178,0.9772126768446966,0.1534978040648553,0.15672733325906954,0.16192096405732417,3.2699617604766997,3.3006964610520337,3.3082803696323544,1e-12,0.0025859854277929233,0.058047443967167066,0.7231020074099801,0.7505371402067059,0.7678117267355695,0.897565053685331,0.9087335222728139,0.9156957548607653,0.9473989534354835,0.9532694272317683,0.9569198342871448,1.0,0.0,0.0,0.0,0.0,0.007245740003617315,-0.659366789222983,0.65399235209534,0.010126429727401343
32.4,0.6593506921500445,0.6541444494717369,0.6593416348198504,0.0023966280814968683,3.3017553978815437,0.92504534509625,0.9559556942152648,0.9757178992559236,0.15373295920305352,0.15696392088796518,0.16215421308281125,3.2707222473586843,3.301755397881544,3.3091249309663264,1e-12,0.0025876635314356538,0.05808337882878497,0.7218955181899874,0.749274954460917,0.7665330104334299,0.8970655692451146,0.9082237579119722,0.9151871273780338,0.9471353069913444,0.9530020070916181,0.9566540333223712,1.0,0.0,0.0,0.0,0.0,0.007192066836471361,-0.6593416348198504,0.6541444494717369,0.01006634247276852
32.6,0.6593242548765551,0.6542909400531004,0.6593156193820734,0.002394858999211697,3.3027792754772634,0.9237216422688218,0.9545226058795595,0.9742350034957283,0.15396695813820416,0.1571994700742979,0.16238658177540777,3.271454700265502,3.3027792754772634,3.309940155698904,1e-12,0.002589414224118276,0.05812054373989512,0.7206952512503946,0.7480200778811438,0.7652623435854448,0.8965681082152128,0.9077163740356298,0.914681140972107,0.9468726556066094,0.9527357607256716,0.956389539239037,1.0,0.0,0.0,0.0,0.0,0.007138901024050279,-0.6593156193820734,0.6542909400531004,0.010008043558273136
32.800000000000004,0.6592969931965196,0.6544319747673929,0.6592887676712113,0.002393173091426527,3.303769032720987,0.9224066650951374,0.9531001000638579,0.9727638923145122,0.15419980242389822,0.1574339850116664,0.16261807907093662,3.2721598738369644,3.3037690327209877,3.3107268307550113,1e-12,0.0025912354634337617,0.05815890332684106,0.7195011397635953,0.7467724632553855,0.7639996897849473,0.8960726499052403,0.9072113597607712,0.9141777902107925,0.9466109891809232,0.9524706833938132,0.9561263502810847,1.0,0.0,0.0,0.0,0.0,0.007086241433868309,-0.6592887676712113,0.6544319747673929,0.009951485061164412
33.0,0.6592689307079804,0.6545677004805355,0.6592611036600179,0.0023915680224633955,3.3047255835323233,0.9211003035473069,0.9516880756470465,0.9713044687691356,0.15443149375198925,0.1576674700496973,0.16284871411107524,3.272838502402677,3.3047255835323233,3.3114857220297447,1e-12,0.002593125273618091,0.058198423342831575,0.7183131162108799,0.7455320628259056,0.7627450121106722,0.8955791732114239,0.9067087038871698,0.9136770693770598,0.9463502973812492,0.9522067701795652,0.9558644645361755,1.0,0.0,0.0,0.0,0.0,0.0070340868174712246,-0.6592611036600179,0.6545677004805355,0.009896620322077443
33.2,0.6592400902589283,0.6546982600921892,0.6592326505517392,0.00239004152956693,3.30564981745242,0.9198024476288479,0.9502864317668558,0.9698566362517106,0.15466203394732447,0.15789992969013028,0.16307849624306167,3.273491300460946,3.30564981745242,3.3122175748816236,1e-12,0.0025950817437674603,0.058239070640372606,0.7171311123876796,0.7442988283136264,0.7614982731588398,0.8950876566176382,0.9062083949061904,0.9131789724807851,0.9460905696422013,0.9519440159945133,0.9556038799416446,1.0,0.0,0.0,0.0,0.0,0.006982435814917684,-0.6592326505517392,0.6546982600921892,0.009843403915499023
33.4,0.6592104939608524,0.6548237926541955,0.6592034308041888,0.0023885914202352917,3.306542600368111,0.9185129873732679,0.948895067845368,0.9684202985263954,0.1548914249610925,0.15813136858191335,0.16330743501947084,3.2741189632709777,3.3065426003681115,3.3129231147438287,1e-12,0.0025971030256562964,0.05828081313687319,0.71595505940838,0.7430727109475649,0.7602594350823919,0.8945980781962845,0.9057104210117016,0.912683493273456,0.945831795166296,0.9516824155838506,0.9553445942920215,1.0,0.0,0.0,0.0,0.0,0.006931286962451114,-0.6592034308041888,0.6548237926541955,0.00979179161317436
33.6,0.6591801632111192,0.6549444334678216,0.6591734661491305,0.0023872155699552235,3.307404775105898,0.9172318128403909,0.9475138836083893,0.9669953597583415,0.15511966886530457,0.158361791517223,0.16353554019838795,3.2747221673391076,3.307404775105898,3.3136186316567633,1e-12,0.0025991873319707094,0.0583236197869563,0.7147848877090347,0.7418536614890764,0.7590284596237522,0.894110415608316,0.9052147701089787,0.9121906252604046,0.9455739629237577,0.951421963530876,0.9550866052452666,1.0,0.0,0.0,0.0,0.0,0.006880638697546626,-0.6591734661491305,0.6549444334678216,0.009748181753530335
33.800000000000004,0.6591491187104265,0.6550603141766328,0.659142777610692,0.002385911920039342,3.3082371619998856,0.91595881411161,0.9461427791033202,0.9655817245408861,0.1553467678474568,0.15859120342766414,0.16376282174377596,3.2753015708831636,3.3082371619998856,3.314295289297142,1e-12,0.002601332934628513,0.05836746055615428,0.7136205270490333,0.7406416302549111,0.7578053081462959,0.8936246461028449,0.9047214298231997,0.9117003617126203,0.9453170616521025,0.9511626542612891,0.9548299103288055,1.0,0.0,0.0,0.0,0.0,0.006830489363610387,-0.659142777610692,0.6550603141766328,0.00970859608015436
34.0,0.6591173804804187,0.6551715628601111,0.6591113855236884,0.002384678475505547,3.3090405594650965,0.9146938812839877,0.944781654716973,0.9641792979228909,0.1555727242050742,0.1588196093804181,0.1639892898260561,3.2758578143005557,3.309040559465097,3.314947163815916,1e-12,0.002603538163121629,0.05841230639473084,0.7124619065116454,0.7394365671403373,0.7565899416661581,0.8931407465162906,0.9042303875080359,0.9112126956787971,0.9450610798554822,0.9509044820475442,0.9545745069456959,1.0,0.0,0.0,0.0,0.0,0.006780837214958604,-0.6591113855236884,0.6551715628601111,0.009670268899224304
34.2,0.6590849678819308,0.6552783041288295,0.6590793095519537,0.002383513302985462,3.309815744581022,0.9134369044628508,0.9434304111934955,0.9627879854365287,0.1557975403400884,0.1590470145743124,0.16421495482296933,3.276391520644147,3.309815744581022,3.315574920037958,1e-12,0.0026058014028687497,0.05845812921149458,0.7113089545031029,0.7382384216424676,0.755382320884633,0.8926586932709272,0.9037416302543957,0.910727619997715,0.9448060058037103,0.9506474410132945,0.954320392380982,1.0,0.0,0.0,0.0,0.0,0.006731680422158326,-0.6590793095519537,0.6552783041288295,0.009633166342454036
34.4,0.6590518996321209,0.6553806592168254,0.6590465687059298,0.0023824145287169294,3.3105634736584872,0.9121877737528147,0.9420889496511767,0.9614076931239981,0.15602121875329497,0.15927342433601882,0.16443982732073661,3.276903296084127,3.3105634736584872,3.3161792049363816,1e-12,0.0026081210936396114,0.05850490184867164,0.7101615987501474,0.7370471428826985,0.7541824062198538,0.8921784623727913,0.9032551448988737,0.9102451273104261,0.9445518275309515,0.9503915251376864,0.9540675638079604,1.0,0.0,0.0,0.0,0.0,0.006683017077176875,-0.6590465687059298,0.6553806592168254,0.009597255443599772
34.6,0.6590181938205509,0.6554787460692086,0.6590131813591495,0.002381380336647047,3.3112844827777677,0.9109463792473707,0.9407571715976257,0.9600383275624567,0.15624376203901247,0.1594988441164683,0.1646639181154997,3.2773937303460428,3.3112844827777677,3.3167606480948604,1e-12,0.0026104957280807272,0.058552598058357816,0.7090197662961482,0.7358626796278034,0.7529901578370921,0.8917000294089921,0.9027709180317177,0.9097652100719813,0.9442985328340916,0.9501367282594143,0.9538160182942164,1.0,0.0,0.0,0.0,0.0,0.006634845198087033,-0.6590131813591495,0.6554787460692086,0.0095625041148598
34.800000000000004,0.6589838679270167,0.6555726794265214,0.6589791652639044,0.002380408965783543,3.311979488307989,0.9096986504197672,0.9394349789437912,0.9586797958877523,0.15646517287985368,0.1597232794874116,0.16488976864018065,3.2778633971326068,3.311979488307989,3.3173198621531474,1e-12,0.0026129238503270736,0.05860119248013645,0.7078705159211724,0.734684980310076,0.7518055356781871,0.8912179692735562,0.9022889360044695,0.9092878605628949,0.9440432490762508,0.9498830440806073,0.9535657528075345,1.0,0.0,0.0,0.0,0.0,0.006587162733521529,-0.6589791652639044,0.6555726794265214,0.009528881124122968
35.0,0.6589489388775694,0.6556625709082435,0.6589445375665701,0.002379498681012195,3.3126491874442894,0.9084432810686699,0.9381222740173223,0.9573320058187417,0.15668545404132297,0.15994673613804397,0.16511762828334617,3.2783128545412175,3.3126491874442894,3.317857443250465,1e-12,0.0026154040547920663,0.05865066061918539,0.7067126158259001,0.7335139930469505,0.7506284994916333,0.8907317529303154,0.9018091849374504,0.9088130709009593,0.9437856943681102,0.9496304661706442,0.9533167642220048,1.0,0.0,0.0,0.0,0.0,0.006539967567205221,-0.6589445375665701,0.6556625709082435,0.009496356072654416
35.2,0.6589134211194103,0.6557485290949385,0.6589093148224714,0.0023786477436314084,3.3132942587369736,0.907195282733,0.9368189595752665,0.9559948656788402,0.15690460836678954,0.1601692198717047,0.1653447751052152,3.2787426454746926,3.3132942587369736,3.3183739714552614,1e-12,0.00261793497770963,0.058700978825040835,0.7055599096474006,0.7323496656600764,0.7494590088604001,0.8902471896948402,0.901331650727076,0.9083408330522322,0.9435289453773774,0.9493789879698845,0.9530690493237055,1.0,0.0,0.0,0.0,0.0,0.006493257522489387,-0.6589093148224714,0.6557485290949385,0.009464899372151425
35.4,0.6588773351076581,0.655830662931277,0.6588735135507806,0.002377854662933979,3.313915382964431,0.9059545404660877,0.9355249367341041,0.9546682827381269,0.15712263904879953,0.16039073696258893,0.16557122162313936,3.279153314656385,3.313915382964431,3.3188700290079867,1e-12,0.0026205152827020505,0.05875212349888485,0.7044123175211988,0.7311919438216024,0.7482970217577122,0.8897642516339133,0.9008563182813746,0.907871138246771,0.9432729879554174,0.9491286023864692,0.9528226045040321,1.0,0.0,0.0,0.0,0.0,0.006447030677955656,-0.6588735135507806,0.655830662931277,0.009434481333838209
35.6,0.6588406929534338,0.6559090802330154,0.658837149855729,0.0023771179634241974,3.3145132346663413,0.9047209371125369,0.9342401056419193,0.9533521636707073,0.15733954955580376,0.16061129404302893,0.16579698097706533,3.279545401165077,3.3145132346663413,3.3193461921309195,1e-12,0.0026231436303013065,0.05880407163467269,0.7032697568565498,0.7300407716537665,0.7471424949468493,0.8892829095198412,0.900383171762806,0.9074039771373058,0.9430178072498627,0.9488793019237286,0.9525774258425195,1.0,0.0,0.0,0.0,0.0,0.006401285197182652,-0.658837149855729,0.6559090802330154,0.009405072483015394
35.800000000000004,0.6588035107078251,0.6559838683197886,0.6588002365976608,0.002376435997797738,3.3150883604843964,0.9034943710497468,0.9329643780974786,0.9520464250765247,0.15755534189201237,0.16083089591157235,0.16602206367452943,3.279919341598943,3.3150883604843964,3.3198029278682064,1e-12,0.0026258189765772186,0.05885680486048442,0.7021321587939491,0.7288961031089763,0.7459953932327813,0.8888031397692161,0.8999121992855426,0.906939343546225,0.9427633913838169,0.9486310811577604,0.9523335110737651,1.0,0.0,0.0,0.0,0.0,0.00635601755906412,-0.6588002365976608,0.6559838683197886,0.00937664904352877
36.0,0.6587657996125017,0.6560551260927849,0.6587627885544455,0.0023758073412722437,3.3156413792608377,0.9022747284116918,0.9316976577284363,0.9507509771416637,0.1577700192861855,0.16104954896117385,0.16624648266947548,3.2802756304639247,3.3156413792608377,3.3202407651477657,1e-12,0.002628540112401646,0.05891030206507785,0.700999442494563,0.7277578841457493,0.7448556751448548,0.8883249136138761,0.899443385566972,0.9064772286743026,0.9425097257151556,0.9483839328624688,0.9520908565482313,1.0,0.0,0.0,0.0,0.0,0.006311225580764163,-0.6587627885544455,0.6560551260927849,0.00934918397975746
36.2,0.6587275739061479,0.656122945205282,0.6587248190520645,0.0023752306834064303,3.3161728649788578,0.9010618994326208,0.9304398517792719,0.9494657332409279,0.1579835846081423,0.1612672591375361,0.16647025037286756,3.28061472602641,3.3161728649788578,3.3206601943236924,1e-12,0.0026313059464171816,0.05896454421133634,0.6998715302778523,0.726626063343408,0.7437233013671674,0.8878482034753957,0.8989767163041867,0.9060176245113095,0.9422567962154963,0.9481378503172964,0.9518494590220992,1.0,0.0,0.0,0.0,0.0,0.006266906588922136,-0.6587248190520645,0.656122945205282,0.009322652224393066
36.4,0.6586888472508453,0.656187421383812,0.6586863419414857,0.0023747046674031345,3.316683417537071,0.8998557677738942,0.9291908635349265,0.9481906038509471,0.15819604137690818,0.16148403325867547,0.16669338061929312,3.28093710691906,3.3166834175370714,3.32106172774994,1e-12,0.0026341153422012454,0.05901951151216332,0.6987483377066402,0.7255005850670787,0.7425982293892538,0.8873729787753915,0.8985121753476066,0.905560521666182,0.9420045872473038,0.9478928258156918,0.9516093145177379,1.0,0.0,0.0,0.0,0.0,0.00622305848031994,-0.6586863419414857,0.656187421383812,0.009297027587196534
36.6,0.6586496325579592,0.656248645853044,0.6586473702655212,0.0023742279823836194,3.317173608964072,0.8986562183721545,0.9279505978700868,0.9469255011284751,0.15840739300107687,0.16169987804852354,0.16691588722516523,3.2812432292652196,3.317173608964072,3.3214458538704537,1e-12,0.00263696723039858,0.059075185334969575,0.6976297808745199,0.724381394481107,0.741480417540896,0.8868992090088884,0.8980497467716869,0.9051059110024439,0.9417530831935865,0.9476488517574485,0.9513704191823393,1.0,0.0,0.0,0.0,0.0,0.006179678927853982,-0.6586473702655212,0.656248645853044,0.00927228509153794
36.800000000000004,0.6586099426382626,0.6563067056738904,0.6586079163244563,0.0023737990402817786,3.31764398574843,0.8974631373913976,0.9267189611968838,0.9456703388736108,0.15861764278095597,0.16191480014219278,0.16713778399411036,3.281533528369452,3.31764398574843,3.321813039046888,1e-12,0.0026398606056253116,0.05913154810791966,0.696515776374348,0.7232684375163551,0.7403698249750559,0.8864268637325776,0.8975894148632698,0.9046537836332,0.9415022684518051,0.9474059206427548,0.9511327692854945,1.0,0.0,0.0,0.0,0.0,0.006136765422282184,-0.6586079163244563,0.6563067056738904,0.009248400890786131
37.0,0.6585697874377247,0.6563616850408434,0.6585679918683053,0.002373416762529546,3.3180950761740435,0.8962764111366677,0.9254958607484175,0.9444250319190343,0.15882679400736122,0.1621288062089423,0.1673590849164136,3.2818084252042166,3.3180950761740435,3.3221637344277934,1e-12,0.002642794498973057,0.059188583045278076,0.6954062402947447,0.7221616602324372,0.7392664111413971,0.8859559121401782,0.8971311638582092,0.904204130708378,0.9412521272084361,0.9471640249332017,0.950896361107523,1.0,0.0,0.0,0.0,0.0,0.006094315389324145,-0.6585679918683053,0.6563616850408434,0.009225351891412064
37.2,0.6585291786127253,0.6564136659227846,0.6585276081876293,0.0023730803394475717,3.3185273948017247,0.895095925405289,0.9242812042010404,0.9431894957793026,0.15903485001819676,0.162341903017133,0.1675798042897824,3.2820683296139226,3.3185273948017247,3.32249837934043,1e-12,0.0026457679869368836,0.059246274017672323,0.6943010876183182,0.721061008483063,0.7381701354860492,0.885486322805856,0.8966749778024669,0.9037569432930137,0.9410026433024702,0.9469231569783647,0.9506611908755188,1.0,0.0,0.0,0.0,0.0,0.006052326240745587,-0.6585276081876293,0.6564136659227846,0.009203115563636462
37.4,0.6584881415389325,0.656462728161116,0.6584867761272148,0.0023727880912905253,3.3189414441740315,0.8939215654183039,0.9230748996462901,0.9419636466807917,0.15924181419161637,0.16255409743793517,0.16779995673312637,3.2823136408055795,3.3189414441740315,3.3228174019974888,1e-12,0.002648780234748756,0.05930460553255013,0.6932002321592974,0.7199664278978628,0.7370809574871379,0.8850180636555711,0.8962208405443365,0.9033122123819783,0.9407538002098358,0.9466833090116099,0.9504272547710816,1.0,0.0,0.0,0.0,0.0,0.006010795380807427,-0.6584867761272148,0.656462728161116,0.009181669972750061
37.6,0.6584466451478753,0.6565089497467488,0.6584455061493284,0.0023725387805888835,3.3193377148840137,0.8927532160615925,0.921876855663522,0.9407474016630961,0.1594476899269912,0.16276539643087853,0.16801955714226322,3.2825447487337436,3.3193377148840137,3.323121220933322,1e-12,0.0026518302304570254,0.05936356264381663,0.6921035867915017,0.7188778639566954,0.735998836754088,0.8845511020619462,0.8957687357654279,0.9028699289408711,0.9405055810934663,0.9464444731664294,0.9501945489518278,1.0,0.0,0.0,0.0,0.0,0.005969720252547384,-0.6584455061493284,0.6565089497467488,0.009160993697617737
37.800000000000004,0.6584047396697982,0.6565524062714265,0.6584038081891618,0.0023723315198193153,3.319716682344476,0.8915907608169831,0.9206869809577429,0.9395406783956199,0.15965248067400684,0.16297580710895274,0.1682386208921141,3.2827620313571324,3.319716682344476,3.323410241831466,1e-12,0.0026549173090950904,0.05942313115834014,0.6910110624460374,0.71779526166137,0.7349237328736764,0.8840854044150506,0.8953186468420494,0.9024300838434974,0.9402579685747545,0.9462066414028572,0.9499630695185033,1.0,0.0,0.0,0.0,0.0,0.005929098221108445,-0.6584038081891618,0.6565524062714265,0.009141065879076479
38.0,0.6583624215765237,0.6565931808331429,0.6583616930061057,0.0023721651156617986,3.320078870351472,0.8904340699840239,0.9195051764194271,0.9383433888384904,0.1598561910109203,0.16318533816127598,0.16845716606810798,3.282965904165714,3.320078870351472,3.3236849110508575,1e-12,0.0026580405303317733,0.05948329570556317,0.6899225570166977,0.7167185582668048,0.7338555997593663,0.8836209313817593,0.8948705538063235,0.9019926655568883,0.9400109422113465,0.9459698038993933,0.9497328112962045,1.0,0.0,0.0,0.0,0.0,0.005888927452367618,-0.6583616930061057,0.6565931808331429,0.009121863611192828
38.2,0.6583196991983101,0.6566313359384969,0.6583191684290135,0.0023720389318528275,3.3204246728521873,0.8892830381592085,0.918331359510028,0.9371554582645293,0.1600588234077806,0.16339399548402742,0.16867520638929073,3.283156679692484,3.3204246728521873,3.3239455644424516,1e-12,0.002661199252557073,0.059544045101409204,0.6888379906231781,0.7156477056203426,0.7327944026259571,0.8831576529476627,0.8944244426804038,0.9015576670918057,0.9397644864963067,0.9457339539914585,0.949503771492981,1.0,0.0,0.0,0.0,0.0,0.0058492045582552304,-0.6583191684290135,0.6566313359384969,0.009103369622629831
38.400000000000006,0.6582765842714634,0.65666693851312,0.6582762428241188,0.0023719518235543555,3.3207545124706823,0.8881375509838015,0.9171654429159185,0.9359768086809348,0.1602603810359296,0.1636017859933033,0.1688927574719063,3.2833346925655995,3.3207545124706823,3.3241925618345345,1e-12,0.002664392805372056,0.059605367394115975,0.6877572743701041,0.714582650644427,0.7317401032340163,0.8826955351014522,0.8939802973288792,0.9011250799681016,0.9395185837782548,0.9454990838616391,0.9492759465241968,1.0,0.0,0.0,0.0,0.0,0.0058099267163471136,-0.6582762428241188,0.65666693851312,0.009085565404434932
38.6,0.6582330748526766,0.6567000558587166,0.6582329243953629,0.0023719026631730178,3.3210688144737435,0.8869974903345327,0.9160073379232784,0.9348073614956712,0.16046086731709439,0.16380871702555228,0.16910983586146025,3.283500279293583,3.3210688144737435,3.3244262653225545,1e-12,0.0026676204763773238,0.0596672508637673,0.6866803152043255,0.7135233384181864,0.7306926622645584,0.8822345418952778,0.8935381007411047,0.9006948951838449,0.9392732153554467,0.9452651852173873,0.9490493325221988,1.0,0.0,0.0,0.0,0.0,0.005771091284875754,-0.6582329243953629,0.6567000558587166,0.009068432330202852
38.800000000000004,0.6581891923879861,0.6567307536371385,0.6581892209572445,0.0023718903267804675,3.321367994053904,0.8858627369881903,0.9148569561333727,0.9336470388639501,0.16066028569267257,0.16401479602957073,0.16932645853236705,3.2836537681856925,3.321367994053904,3.324647028370093,1e-12,0.002670881672911878,0.05972968434679349,0.6856070184189497,0.7124697137539943,0.7296520405282146,0.8817746365092701,0.8930978356894481,0.900267103710744,0.9390283620413322,0.9450322496391667,0.9488239255971006,1.0,0.0,0.0,0.0,0.0,0.00573269563937058,-0.6581892209572445,0.6567307536371385,0.009051952201795868
39.0,0.6581449290352301,0.6567590955334657,0.6581451398948566,0.0023719139037680663,3.3216524541330923,0.8847331710484058,0.9137142097601373,0.9324957639177435,0.16085863958222943,0.164220030511614,0.16954264280862275,3.283795477667328,3.3216524541330923,3.3248551939862594,1e-12,0.0026741757293767157,0.0597926572930621,0.6845372880558929,0.7114217214777955,0.7286181991801269,0.8813157814208828,0.8926594848466065,0.8998416965831021,0.9387840042542223,0.9448002686424943,0.9485997218836935,1.0,0.0,0.0,0.0,0.0,0.005694737150282667,-0.6581451398948566,0.6567590955334657,0.009036107331362625
39.2,0.6581003023536884,0.6567851432905082,0.6581006881634044,0.002371973127618885,3.3219225853930308,0.8836086718243465,0.9125790116083495,0.9313534607270177,0.16105593238780633,0.16442442803799887,0.16975840638854509,3.283925716452541,3.3219225853930308,3.3250510948954863,1e-12,0.0026775021115464075,0.05985615976656515,0.683471026791394,0.7103793064161293,0.7275910996949718,0.8808579383531715,0.8922230307801494,0.8994186648884317,0.9385401219893235,0.944569233674997,0.9483767175365758,1.0,0.0,0.0,0.0,0.0,0.005657213182917495,-0.6581006881634044,0.6567851432905082,0.009020880523969791
39.400000000000006,0.6580553178837616,0.6568089568130202,0.6580558723003552,0.0023720670947401986,3.3221787681561294,0.8824891177178167,0.9114512750328108,0.9302200543235607,0.16125216748748478,0.16462799624108784,0.16997376736827224,3.284044784065101,3.32217876815613,3.32523590998137,1e-12,0.0026808602755396625,0.05992018242806381,0.6824081358286085,0.7093424133657493,0.7265707038980052,0.8804010682257888,0.8917884559398331,0.8989979997811127,0.9382966947921775,0.9443391361096498,0.9481549087374289,1.0,0.0,0.0,0.0,0.0,0.005620121104848733,-0.6580558723003552,0.6568089568130202,0.009006608791392593
39.6,0.6580099789024311,0.6568305942843959,0.6580106984433267,0.002372194650303797,3.3224213724119607,0.8813743861668029,0.9103309139182173,0.929095470759643,0.1614473482228448,0.16483074282167168,0.17018874425471678,3.2841529714219795,3.322421372411961,3.325418027933232,1e-12,0.002684249702769909,0.05998471650953315,0.6813485148430447,0.7083109870818729,0.7255569740275899,0.8799451311284203,0.8913557426526201,0.8985796925091167,0.9380537017440186,0.9441099672420813,0.9479342917091921,1.0,0.0,0.0,0.0,0.0,0.005583458299611849,-0.6580106984433267,0.6568305942843959,0.008996613365989
39.800000000000004,0.6579642878256056,0.6568501122244527,0.6579651723358848,0.002372354923472345,3.322650757580556,0.8802643535535942,0.9092178426706332,0.9279796370873356,0.161641477900105,0.1650326755494314,0.17040335598556913,3.284250561122263,3.3226507575805564,3.325588582621793,1e-12,0.0026876699044493997,0.06004975380587887,0.6802920618938257,0.7072849722766155,0.724549872726364,0.8794900862793221,0.8909248731218392,0.8981637344113819,0.9378111214391638,0.9438817182900527,0.9477148627147743,1.0,0.0,0.0,0.0,0.0,0.005547222171934402,-0.6579651723358848,0.6568501122244527,0.008987087534702653
40.0,0.6579182562541205,0.6568675654987972,0.6579192993222073,0.0023725471600220508,3.3228672729383932,0.8791588950817073,0.9081119762130532,0.9268724813149412,0.16183455979532058,0.1652338022626756,0.1706176219556526,3.2843378274939856,3.3228672729383932,3.3257478775274123,1e-12,0.0026911204601421535,0.06011528668256103,0.6792386733045083,0.7062643136211071,0.7235493630114674,0.8790358919704627,0.8904958294278877,0.8977501169065035,0.9375689319552226,0.943654380393753,0.9474966180511797,1.0,0.0,0.0,0.0,0.0,0.005511410144798806,-0.6579192993222073,0.6568675654987972,0.008978018716544441
40.2,0.6578718863344035,0.6568830073378991,0.6578730843439144,0.002372770636628617,3.3230712579514767,0.8780578846742529,0.9070132299819601,0.925773932413362,0.16202659715096013,0.16543413086787612,0.17083156203949798,3.284415036689495,3.323071257951477,3.325896207399311,1e-12,0.002694600947798165,0.060181308080122245,0.6781882435634697,0.7052489557485341,0.7225554082895839,0.8785825055207663,0.8900685935293563,0.8973388314999007,0.9373271108275807,0.943427944616325,0.9472795540533753,1.0,0.0,0.0,0.0,0.0,0.005476019658437664,-0.6578730843439144,0.6568830073378991,0.00896939468718571
40.400000000000006,0.6578251824555988,0.6568964893784209,0.6578265319421502,0.002373024659463787,3.3232630425177563,0.8769611948930208,0.9059215199235549,0.9246839203499148,0.16221759316766066,0.1656336693392912,0.17104519661020837,3.2844824468921043,3.3232630425177563,3.326033858517806,1e-12,0.0026981109875382917,0.06024781151121393,0.677140665243342,0.7042388432567607,0.721567972396806,0.8781298832372922,0.889643147263972,0.8969298698012994,0.937085635028077,0.9432024019442917,0.9470636671036113,1.0,0.0,0.0,0.0,0.0,0.005441048173884883,-0.6578265319421502,0.6568964893784209,0.008961203576078073
40.6,0.6577781479659492,0.6569080616875858,0.6577796462558039,0.002373309115883809,3.32344294665123,0.8758686968275713,0.9048367624894359,0.9236023760802613,0.1624075510032739,0.1658324257188162,0.17125854656446282,3.2845403084379283,3.32344294665123,3.326161108740605,1e-12,0.00270165022946307,0.06031479106313729,0.6760958288911318,0.7032339207100853,0.7205870196006108,0.8776779803634801,0.8892194723490746,0.8965232235265853,0.9368444809367407,0.942977743287724,0.9468489536324994,1.0,0.0,0.0,0.0,0.0,0.005406493175005758,-0.6577796462558039,0.6569080616875858,0.008953433836885608
40.800000000000004,0.657730792611518,0.6569177728137916,0.6577324310244924,0.002373623114342151,3.323611282070281,0.8747802600276032,0.9037588746318082,0.9225292316052284,0.1625964737605068,0.16603040811576822,0.17147163333940207,3.284588864068958,3.323611282070281,3.326278227932154,1e-12,0.0027052183814767726,0.060382241393582316,0.6750536229589866,0.7022341326408956,0.7196125146606402,0.8772267510446679,0.8887975503822045,0.8961188845240661,0.9366036243227056,0.942753959480484,0.9466354101329827,1.0,0.0,0.0,0.0,0.0,0.005372352171479355,-0.6577324310244924,0.6569177728137916,0.008946074271082845
41.0,0.6576831042996203,0.6569256698553575,0.6576848895965991,0.002373965738577195,3.3237683516610343,0.873695752415564,0.9026877737969454,0.921464420021444,0.16278436447552608,0.16622762470717184,0.17168447893363925,3.284628349276787,3.3237683516610343,3.326385478334184,1e-12,0.002708815101958715,0.06045015771914411,0.6740139337154906,0.701239423549216,0.7186444228841224,0.8767761482849421,0.8883773628406507,0.8957168447986349,0.9363630403204612,0.9425310412799028,0.9464230331732156,1.0,0.0,0.0,0.0,0.0,0.005338622710584648,-0.6576848895965991,0.6569256698553575,0.00893911400323717
41.2,0.657635100742616,0.6569317984906538,0.6576370249270752,0.0023743363044253173,3.323914449429649,0.8726150401542557,0.9016233779176244,0.9204078754887058,0.16297122612119655,0.16642408373838602,0.1718971059374405,3.2846589924532683,3.323914449429649,3.3264831145877727,1e-12,0.0027124401949366428,0.06051853581846401,0.6729766451130766,0.7002497379008927,0.71768271010567,0.8763261238846549,0.8879588910803102,0.8953170965046027,0.9361227033957384,0.9423089793660732,0.9462118193929047,1.0,0.0,0.0,0.0,0.0,0.005305302379386118,-0.6576370249270752,0.6569317984906538,0.008932542440178081
41.400000000000006,0.6575867793680813,0.6569362029808182,0.6575888395681713,0.0023747342147530824,3.324049860851955,0.8715379874909203,0.9005656054055639,0.9193595331987224,0.16315706161016882,0.1666197935237526,0.17210953756799122,3.284681014904091,3.324049860851955,3.3265713837610202,1e-12,0.002716093421798924,0.06058737204546963,0.671941638631858,0.6992650201256968,0.7167273426680123,0.8758766283672897,0.8875421163344978,0.8949196319388653,0.9358825873056481,0.9420877643411127,0.9460017654998173,1.0,0.0,0.0,0.0,0.0,0.005272388801980776,-0.6575888395681713,0.6569362029808182,0.008926349277694519
41.6,0.6575381425384333,0.6569389261788192,0.6575403356617024,0.002375159159617967,3.3241748628743597,0.8704644566033802,0.8995143751439098,0.9183193293778561,0.16334187379200887,0.1668147624473001,0.1723217977047697,3.2846946308940956,3.3241748628743597,3.326650525461452,1e-12,0.002719774597142657,0.06065666334042492,0.670908793124299,0.6982852146152837,0.7157782874334613,0.8754276109062191,0.8871270197126538,0.8945244435468201,0.9356426650586965,0.9418673867283722,0.9457928682730273,1.0,0.0,0.0,0.0,0.0,0.005239879639663617,-0.6575403356617024,0.6569389261788192,0.008920524518213981
41.800000000000004,0.6574891913317094,0.6569400095657255,0.6574915149368964,0.0023756105268321944,3.324289724698551,0.8693943074868447,0.8984696064795366,0.9172872013432705,0.16352566544081373,0.167008998963436,0.17253391091736558,3.2847000478286272,3.324289724698551,3.3267207721127985,1e-12,0.0027234835654237673,0.06072640723300502,0.6698779846979732,0.6973102657210559,0.7148355118440928,0.8749790192675692,0.8867135821990618,0.8941315239486147,0.9354029088833427,0.9416478369716511,0.9455851245769126,1.0,0.0,0.0,0.0,0.0,0.005207772593357529,-0.6574915149368964,0.6569400095657255,0.008915058467002789
42.0,0.6574399272827368,0.6569394932993218,0.6574423787116619,0.0023760876454508592,3.324394707724929,0.8683273978197857,0.8974312192140185,0.9162630875502619,0.1637084392442817,0.16720251159802343,0.17274590249786323,3.284697466496609,3.3243947077249296,3.3267823492232886,1e-12,0.002727220207456207,0.06079660184048296,0.6688490865772734,0.6963401177504243,0.7138989839741142,0.8745307997435284,0.8863017846507775,0.8937408659622548,0.9351632901913934,0.9414291054339803,0.9453785313735092,1.0,0.0,0.0,0.0,0.0,0.0051760654130641875,-0.6574423787116619,0.6569394932993218,0.008909941706553851
42.2,0.6573903510529288,0.6569374162450092,0.6573929278883435,0.002376589968295027,3.3244900655492216,0.867263582803432,0.8963991335935111,0.9152469275832245,0.16389019780277855,0.16739530894980534,0.17295779849895757,3.284687081225046,3.324490065549222,3.3268354754962295,1e-12,0.0027309844357293503,0.06086724587379503,0.6678219689386499,0.6953747149616772,0.7129686725307799,0.8740828970736635,0.8858916077948474,0.8933524626053255,0.9349237795349218,0.9412111823960144,0.9451730857235672,1.0,0.0,0.0,0.0,0.0,0.00514475590191861,-0.6573929278883435,0.6569374162450092,0.00890516507815334
42.400000000000006,0.6573404629877039,0.6569338159890805,0.6573431629444687,0.0023771170231690827,3.324576044184681,0.8662027149776216,0.8953732702981053,0.914238662138468,0.1640709436299046,0.16758739969200895,0.17316962577735082,3.2846690799454024,3.324576044184681,3.32688036290153,1e-12,0.0027347761973118877,0.06093833865075889,0.666796498721802,0.6944140015581369,0.7120445468476659,0.8736352543552084,0.8854830322251612,0.8929663070935108,0.9346843465572131,0.9409940580542159,0.9449687847859095,1.0,0.0,0.0,0.0,0.0,0.005113841917160966,-0.6573431629444687,0.6569338159890805,0.008900719684414499
42.6,0.6572902630199718,0.6569287288537874,0.657293083923434,0.0023776683763825452,3.32465288226693,0.8651446440300956,0.8943535504307564,0.913238233036933,0.16425067914774186,0.16777879257410724,0.1733814120390971,3.284643644268937,3.32465288226693,3.3269172168044983,1e-12,0.002738595474264464,0.06100988010937998,0.6657725394331876,0.6934579216817114,0.7111265769051707,0.8731878129494007,0.8850760383989884,0.8925823928504755,0.9344449599415121,0.9407777225188655,0.9447656258228042,1.0,0.0,0.0,0.0,0.0,0.005083321372377839,-0.657293083923434,0.6569287288537874,0.008896596894039937
42.800000000000004,0.6572397506401387,0.656922189920473,0.657242690426442,0.0023782436201801034,3.324720811229231,0.8640892166037745,0.8933398955055648,0.912245583250957,0.1644294066795556,0.16796949642379458,0.17359318588601488,3.284610949602365,3.324720811229231,3.3269483130718616,1e-12,0.002742442284199117,0.06108187081936846,0.6647499509461783,0.6925064194056015,0.7102147333639013,0.8727405123857219,0.884670606633076,0.8922007135231765,0.9342055873585616,0.9405621658118279,0.944563606208214,1.0,0.0,0.0,0.0,0.0,0.005053192241522536,-0.657242690426442,0.656922189920473,0.008893646808875676
43.0,0.6571889248892038,0.6569142330544108,0.657191981604085,0.002378842369771192,3.324780055461817,0.8630362760924716,0.8923322274352096,0.9112606569253892,0.16460712844347178,0.16815952014923952,0.17380497686510685,3.2845711652720535,3.324780055461817,3.3269756545784954,1e-12,0.002746316680961448,0.06115431199416426,0.6637285892885851,0.6915594387259154,0.7093089875929075,0.8722932902599607,0.8842667170991848,0.8918212629950751,0.9339661954107423,0.9403473778640072,0.944362723434943,1.0,0.0,0.0,0.0,0.0,0.005023452563680239,-0.657191981604085,0.6569142330544108,0.00889260955046178
43.2,0.6571377828447237,0.6569048908951816,0.6571409561392955,0.002379465006658115,3.324830831721335,0.8619856623676215,0.89133046851772,0.9102833993544197,0.16478384655414038,0.16834887274171415,0.17401681553263199,3.284524454475908,3.324830831721335,3.3269953965084627,1e-12,0.0027502187502711378,0.06122720551529217,0.6627083063616489,0.690616923552058,0.7084093116571342,0.8718460821015278,0.8838643498188845,0.8914440353822867,0.9337267495596501,0.9401333485123722,0.9441629751127562,1.0,0.0,0.0,0.0,0.0,0.004994100444924737,-0.6571409561392955,0.6569048908951816,0.008891811069987253
43.400000000000006,0.6570863303551644,0.6568941948963761,0.6570896122389797,0.0023801108977119746,3.3248733510579798,0.8609372116212255,0.8903345414233059,0.9093137570370932,0.16495956301019774,0.16853756327796954,0.1742287334956006,3.2844709744818803,3.3248733510579798,3.327007723553794,1e-12,0.0027541486516234523,0.06130055394431471,0.6616889497701197,0.6896788176977352,0.7075156783771808,0.8713988212886489,0.8834634846588296,0.891069025060049,0.9334872140791944,0.9399200674972745,0.9439643589825516,1.0,0.0,0.0,0.0,0.0,0.004965134057982351,-0.6570896122389797,0.6568941948963761,0.008891245604582454
43.6,0.6570345488764544,0.6568821753977737,0.6570379476361091,0.002380779294671581,3.3249078180504217,0.8598907561261364,0.8893443691781732,0.9083516777525666,0.16513427967802985,0.16872560092357305,0.17444076347065263,3.2844108769888685,3.3249078180504217,3.3270128147832665,1e-12,0.0027581064908252196,0.06137436051984407,0.6606703625706171,0.6887450648681887,0.7066280614075,0.870951438927042,0.8830641013240816,0.8906962266970485,0.933247551989046,0.9397075244586739,0.9437668729347125,1.0,0.0,0.0,0.0,0.0,0.00493655166548973,-0.6570379476361091,0.6568821753977737,0.008890907643431985
43.800000000000004,0.65698245063765,0.6568688616368576,0.6569859595734256,0.002381469751462932,3.3249344305145243,0.8588461239329649,0.8883598751466275,0.9073971105413677,0.16530799829250897,0.16891299493685652,0.17465293935669887,3.284344308184288,3.3249344305145248,3.327010843389707,1e-12,0.0027620925329514285,0.061448629180820384,0.6596523829564184,0.6878156086451493,0.7057464352280577,0.8705038636997888,0.8826661793502025,0.8903256352535052,0.9330077249725285,0.939495708931677,0.9435705150082752,1.0,0.0,0.0,0.0,0.0,0.004908351622743334,-0.6569859595734256,0.6568688616368576,0.008890791802018589
44.0,0.656930027112228,0.6568542817185642,0.6569336447753428,0.002382181946807567,3.3249533798040556,0.8578031385265931,0.8873809830132179,0.906450005660651,0.1654807204625422,0.1690997546729445,0.17486529631687725,3.284271408592821,3.3249533798040556,3.3270019765831975,1e-12,0.002766107007211138,0.06152336460665312,0.6586348439006006,0.6868903924716331,0.7048707751117088,0.870056021697836,0.8822696980951968,0.8899572459690017,0.9327676932839832,0.9392846103419824,0.9433752833846569,1.0,0.0,0.0,0.0,0.0,0.004880532372963528,-0.6569336447753428,0.6568542817185642,0.008890892836232437
44.2,0.6568772743819127,0.6568384626073096,0.6568809994248614,0.002382915611184326,3.324964851004666,0.8567616184911028,0.8864076167647569,0.9055103145931457,0.16565244766692294,0.16928588958791227,0.1750778708600118,3.284192313036548,3.324964851004666,3.3269876036306325,1e-12,0.002770150206089596,0.06159857225019778,0.6576175728048871,0.6859693596363828,0.7040010571409049,0.8696078362518438,0.8818746367312089,0.8895910543710066,0.9325274156566926,0.9390742180011832,0.9431811763923451,1.0,0.0,0.0,0.0,0.0,0.004853092449678367,-0.6568809994248614,0.6568384626073096,0.008891713226830167
44.400000000000006,0.6568241879597917,0.6568214301464215,0.6568280191459072,0.002383670502313483,3.3249690230739897,0.8557213771813227,0.8854397006713437,0.9045779900888039,0.16582318124418907,0.16947140924330967,0.17529070092193783,3.2841071507321073,3.3249690230739897,3.326970173960268,1e-12,0.0027742224669800976,0.061674258362989655,0.6566003911524966,0.685052453256966,0.7031372582546601,0.8691592277646284,0.881480974235484,0.8892270562961729,0.9322868492109573,0.9388645211016514,0.9429881925183619,1.0,0.0,0.0,0.0,0.0,0.0048260304845118285,-0.6568280191459072,0.6568214301464215,0.008894196199488832
44.6,0.656770762787443,0.6568032090635529,0.656774698980861,0.0023844469023010097,3.3249660684541804,0.854682222323447,0.884477159265755,0.9036529861663134,0.16599292238978242,0.1696563233113323,0.17550382596262054,3.2840160453177645,3.3249660684541804,3.326946204160838,1e-12,0.0027783241740809376,0.06175043002734121,0.6555831140890541,0.6841396162605738,0.7022793562583779,0.868710113510638,0.8810886893800338,0.8888652478960459,0.9320459493443205,0.9386555087106943,0.9427963304114726,1.0,0.0,0.0,0.0,0.0,0.004799345216062886,-0.656774698980861,0.6568032090635529,0.008896835279378136
44.800000000000004,0.656716996734545,0.6567838229890932,0.6567210333675673,0.0023852444589120545,3.324956154333316,0.8536439556938454,0.8835199173223985,0.902735258174441,0.1661616721422158,0.1698406415800052,0.17571728704864942,3.283919114945466,3.3249561543333166,3.3269189894729743,1e-12,0.002782455773841442,0.06182709518918962,0.6545655500772103,0.6832307913645981,0.7014273298891607,0.8682604074666044,0.8806977607212695,0.8885056256662014,0.9318046696383236,0.9384471697646946,0.9426055888978244,1.0,0.0,0.0,0.0,0.0,0.004773035489788427,-0.6567210333675673,0.6567838229890932,0.008900928284012257
45.0,0.656662872837476,0.6567632944919103,0.656667016122125,0.0023860627222243454,3.324939442201701,0.8526063726730175,0.8825678998332089,0.9018247628561941,0.16632943136860742,0.1700243739593932,0.17593112696276594,3.2838164724595513,3.324939442201701,3.3268921748029565,1e-12,0.002786617707811583,0.06190426268267856,0.6535475004262,0.6823259210533189,0.7005811588839487,0.8678100200855952,0.8803081665875567,0.8881481864766931,0.931562961734704,0.9382394930620903,0.9424159669972941,1.0,0.0,0.0,0.0,0.0,0.004747100280428199,-0.656667016122125,0.6567632944919103,0.008907919890132777
45.2,0.6566083948234144,0.6567416450888016,0.6566126404099794,0.0023869014384168153,3.3249160876424613,0.8515692617656591,0.8816210319813181,0.9009214583299148,0.16649620076545057,0.170207530488599,0.1761453903220829,3.2837082254440078,3.3249160876424613,3.3268766704457837,1e-12,0.00279081055220342,0.06198194227145808,0.6525287587847306,0.6814249475516935,0.6997408239705899,0.8673588580531886,0.8799198850651897,0.8877929275700259,0.9313207752017688,0.938032467255465,0.9422274639226207,1.0,0.0,0.0,0.0,0.0,0.004721538699206357,-0.6566126404099794,0.6567416450888016,0.008922260125400809
45.400000000000006,0.6565535514932516,0.6567188952256481,0.6565578987074233,0.0023877604472922476,3.3248862405127615,0.8505324040719898,0.8806792391136055,0.9000253040613376,0.16666198086112627,0.1703901213432303,0.1763601237082366,3.2835944761282403,3.324886240512762,3.3268735808861276,1e-12,0.0027950348837051477,0.062060144703680924,0.6515091105822818,0.6805278127975495,0.6989063068502444,0.8669068240189994,0.8795328939834398,0.8874398465554179,0.9310780573872821,0.937826080843109,0.9420400790765633,1.0,0.0,0.0,0.0,0.0,0.004696349996649141,-0.6565578987074233,0.6567188952256481,0.008944348316630048
45.6,0.6564983344737952,0.6566950642625662,0.6565027827623914,0.0023886396331659824,3.3248500450667318,0.8494955727192564,0.8797424467119686,0.8991362608857868,0.1668267720092025,0.17057215684338736,0.17657537580784122,3.2834753213128307,3.3248500450667318,3.3268672829968695,1e-12,0.002799291351272085,0.06213888176801217,0.6504883324271469,0.679634458411994,0.6980775902262716,0.8664538163070359,0.879147170898565,0.8870889414226981,0.9308347532597057,0.9376203221599877,0.9418538120594765,1.0,0.0,0.0,0.0,0.0,0.004671533570207359,-0.6565027827623914,0.6566950642625662,0.008967672081368021
45.800000000000004,0.6564427346312429,0.6566701704651083,0.6564472835537031,0.0023895392055776,3.3248076397427355,0.8484585322228136,0.8788105803625011,0.898254291028301,0.16699057438209777,0.17075364746247543,0.17679119756981654,3.2833508523255417,3.3248076397427355,3.326854157814229,1e-12,0.002803580665709744,0.062218166351852705,0.6494661914306703,0.6787448256669356,0.6972546578311766,0.8659997285911167,0.8787626930761856,0.8867402105554152,0.9305908052303675,0.9374151793677845,0.9416686626764719,1.0,0.0,0.0,0.0,0.0,0.004647088976616365,-0.6564472835537031,0.6566701704651083,0.008990683134328754
46.0,0.6563867438549701,0.6566442310073843,0.6563913912486568,0.0023904590294447415,3.324759157893668,0.8474210379202143,0.8778835657236403,0.897379358169507,0.1671533879562074,0.17093460383635303,0.17700764234994443,3.2832211550369217,3.324759157893668,3.326834362051592,1e-12,0.002807903610183954,0.0622980125019189,0.6484424445986665,0.6778588554513907,0.6964374944962876,0.86554444959778,0.8783794374729819,0.8863936527621084,0.9303461529900676,0.9372106404445565,0.9414846309542302,1.0,0.0,0.0,0.0,0.0,0.004623015935158084,-0.6563913912486568,0.6566442310073843,0.009013396116365221
46.2,0.6563303457388475,0.6566172619828835,0.6563350951623595,0.0023913989133977596,3.3247047275492942,0.8463828352308301,0.8769613284905979,0.8965114274990686,0.1673152124992359,0.171115036773787,0.17722476609428306,3.283086309914417,3.3247047275492942,3.3268080469617654,1e-12,0.0028122610074271643,0.0623784354823435,0.6474168380458805,0.6769764882330048,0.6956260862100413,0.8650878627280846,0.8779973807157769,0.8860492673028537,0.9301007333017602,0.9370066931729196,0.9413017171553202,1.0,0.0,0.0,0.0,0.0,0.004599314353385189,-0.6563350951623595,0.6566172619828835,0.009035825656451953
46.400000000000006,0.6562735341560991,0.6565892784009136,0.6562783837059724,0.00239235878736373,3.3246444712795786,0.8453436588703453,0.8760437943566133,0.8956504657075095,0.1674760475689689,0.17129495726803712,0.17744262753499432,3.282946392004568,3.324644471279579,3.3267753583039745,1e-12,0.0028166537961972107,0.062459451848610806,0.6463891061600178,0.6760976640154761,0.6948204201187203,0.8646298456540676,0.877616499078353,0.8857070538914482,0.9298544797792061,0.9368033251269537,0.9411199217795865,1.0,0.0,0.0,0.0,0.0,0.004575984340023528,-0.6562783837059724,0.6565892784009136,0.00905798636854405
46.6,0.6562162945469443,0.6565602941647766,0.6562212443256259,0.00239333864957789,3.3245785062800164,0.8443032319959031,0.8751308889716979,0.8947964409810102,0.16763589251153868,0.17147437650940833,0.1776612884039367,3.2828014708238826,3.3245785062800164,3.326736436262025,1e-12,0.002821082963811411,0.06254107953482005,0.6453589706908701,0.6752223222926187,0.6940204845298003,0.8641702698786742,0.8772367684563481,0.8853670126986767,0.9296073226455434,0.9366005236580135,0.9409392455661099,1.0,0.0,0.0,0.0,0.0,0.004553026215935382,-0.6562212443256259,0.6565602941647766,0.00907989285721611
46.800000000000004,0.6561586131790944,0.6565303220471507,0.6561636634366167,0.0023943385389972836,3.324506944423258,0.8432612652642205,0.8742225378985243,0.8939493230329786,0.1677947464528326,0.1716533058989011,0.1778808136681106,3.282651610235753,3.3245069444232582,3.326691415489117,1e-12,0.0028255495876015773,0.06262333794769039,0.6443261397463246,0.6743504019986089,0.693226268949619,0.8637090002506685,0.8768581643399682,0.8850291443701644,0.9293591884671593,0.9363982758793007,0.9407596895029187,1.0,0.0,0.0,0.0,0.0,0.004530440529901078,-0.6561636634366167,0.6565303220471507,0.009101559752361925
47.0,0.6561004752122633,0.6564993736697082,0.6561056263526821,0.0023953585269065173,3.3244298922822364,0.8422174558077231,0.873318666564932,0.893109083146271,0.1679526082878651,0.1718317570631242,0.17810127178632681,3.2824968683485407,3.3244298922822364,3.326640425204268,1e-12,0.002830054833344455,0.06270624806759699,0.6432903066994098,0.6734818414537861,0.6924377641310798,0.8632458944359571,0.8764806617841867,0.8846934500485495,0.9291099998635717,0.9361965686490058,0.9405812548390025,1.0,0.0,0.0,0.0,0.0,0.004508228076988238,-0.6561056263526821,0.6564993736697082,0.009123001750183653
47.2,0.6560418646196489,0.656467459482391,0.6560471172084483,0.002396398716383976,3.324347451134768,0.8411714861128555,0.8724192002125605,0.8922756942073898,0.16810947667160794,0.17200974187065324,0.17832273499089493,3.282337297411955,3.324347451134768,3.3265835892620457,1e-12,0.002834599961467784,0.06278983255935938,0.6422511489898106,0.6726165783053735,0.6916549621138887,0.8627808023374679,0.8761042353760663,0.8843599313925344,0.9288596751890309,0.9359953885518209,0.9404039430946758,1.0,0.0,0.0,0.0,0.0,0.004486389919175188,-0.6560471172084483,0.656467459482391,0.009144233649018714
47.400000000000006,0.655982764100541,0.6564345887375299,0.6559881188732022,0.0023974592438297947,3.3242597169544674,0.8401230227838322,0.8715240638411488,0.8914491307355473,0.16826535001075482,0.1721872724500005,0.17854527959840916,3.2821729436876494,3.324259716954468,3.3265210261910063,1e-12,0.002839186333950141,0.0628741158954255,0.6412083268021944,0.6717545494625276,0.6908778562599975,0.8623135654551592,0.8757288591988677,0.8840285905939409,0.9286081281812312,0.9357947218786244,0.9402277560708872,1.0,0.0,0.0,0.0,0.0,0.004464927408039582,-0.6559881188732022,0.6564345887375299,0.009165270384027088
47.6,0.6559231599270767,0.6564007694593632,0.6559286128531032,0.002398540328331713,3.324166780340542,0.8390717150123478,0.8706331821461671,0.8906293689005325,0.16842022645758084,0.17236436120995172,0.17876898638847882,3.282003847296816,3.3241667803405424,3.326452849138951,1e-12,0.0028438154415883076,0.06295912449556687,0.6401614814413723,0.6708956910228586,0.6901064412785151,0.8618440161047886,0.875354506791432,0.8836994303903027,0.9283552675332244,0.9355945546034959,0.9400526958561605,1.0,0.0,0.0,0.0,0.0,0.00444384222113238,-0.6559286128531032,0.6564007694593632,0.009186127047374582
47.800000000000004,0.6558630193626571,0.6563660084070293,0.655868579183638,0.002399642071817308,3.324068726684389,0.8380171934768533,0.869746479456726,0.88981638658436,0.1685741038955109,0.17254102086013282,0.17899394089716025,3.2818300420351463,3.324068726684389,3.3263791660448416,1e-12,0.0028484888241020715,0.06304488688051711,0.6391102341234188,0.6700399381987933,0.6893407132918034,0.8613719768172761,0.8749811511071668,0.8833724540950681,0.9281009965617464,0.9353948723604689,0.9398787648429063,1.0,0.0,0.0,0.0,0.0,0.004423136350435522,-0.655868579183638,0.6563660084070293,0.009206818962003706
48.0,0.6558023296886363,0.6563303110293726,0.6558079963193962,0.0024007646204477636,3.3239656359604335,0.8369590684133915,0.8688638796630673,0.8890101634200972,0.1687269799289328,0.17271726443534893,0.17922023389310104,3.281651555146863,3.3239656359604335,3.326300079704176,1e-12,0.0028532082333205177,0.06313143382943386,0.6380541839295901,0.6691872252304187,0.6885806698802227,0.8608972593562236,0.8746087644654924,0.8830476656187632,0.9278452126690215,0.9351956604160201,0.9397059657389375,1.0,0.0,0.0,0.0,0.0,0.004402812177994861,-0.6558079963193962,0.6563303110293726,0.009227361741844721
48.2,0.6557410675679181,0.6562936814148538,0.6557468409956015,0.0024019082336906275,3.3238575825934182,0.8358969277149432,0.8679853061368656,0.8882106807908424,0.16887885188055093,0.1728931053224218,0.17944796185583406,3.281468407074269,3.3238575825934182,3.3262156876114735,1e-12,0.00285797552364992,0.06321879857771193,0.6369929057727424,0.6683374852893161,0.687826310089291,0.8604196637330108,0.8742373184982976,0.8827250694741241,0.9275878068021366,0.9349969036387338,0.9395343015704594,1.0,0.0,0.0,0.0,0.0,0.004382872499572657,-0.6557468409956015,0.6562936814148538,0.0092477713110223
48.400000000000006,0.6556792060715507,0.6562561222320478,0.6556850880746862,0.00240307324980282,3.323744635411662,0.8348303349207341,0.867110681645865,0.8874179218547756,0.1690297167838213,0.1730685572893449,0.17967722748627993,3.2812806111602386,3.323744635411662,3.3261260818538023,1e-12,0.00286279269307045,0.06330701703616247,0.6359259482373152,0.6674906503746421,0.6870776344613134,0.8599389771565455,0.8738667840918175,0.8824046707916806,0.9273286628760081,0.9347985864663473,0.9393637756906211,1.0,0.0,0.0,0.0,0.0,0.004363320551756464,-0.6556850880746862,0.6562561222320478,0.009268063943336497
48.6,0.6556167177722245,0.6562176346617985,0.6556227103810055,0.0024042600664271607,3.3236268575661456,0.8337588269228493,0.8662399282605769,0.8866318715993259,0.16917957136982537,0.17324363451754504,0.1799081402875271,3.281088173308992,3.3236268575661456,3.326031349111723,1e-12,0.0028676619089584112,0.06339612802713486,0.6348528311184174,0.6666466511985828,0.6863346450945096,0.8594549728381062,0.8734971313223571,0.882086475347139,0.927067657116915,0.9346006928692856,0.9391943917943522,1.0,0.0,0.0,0.0,0.0,0.004344160059059202,-0.6556227103810055,0.6562176346617985,0.009288256332564408
48.800000000000004,0.655553572999591,0.6561782183219939,0.6555596785148466,0.0024054691363527394,3.323504306413384,0.8326819114039185,0.8653729672515236,0.8858525168921707,0.16932841205468807,0.17341835163772362,0.18014081721445946,3.280891091609969,3.323504306413384,3.3259315706594745,1e-12,0.0028725855168565684,0.06348617355021902,0.6337730426708565,0.6658054170593934,0.6855973456992476,0.8589674086546593,0.873128329384903,0.8817704895875949,0.9268046573282093,0.9344032063101496,0.9390261539325849,1.0,0.0,0.0,0.0,0.0,0.00432539528448854,-0.6555596785148466,0.6561782183219939,0.009308365670231156
49.0,0.655489739626523,0.65613787118291,0.655495960641948,0.0024067009698402557,3.3233770333680073,0.8315990639655337,0.8645097189758862,0.8850798465224025,0.16947623492882607,0.1735927237697349,0.1803753834025682,3.28068935591455,3.3233770333680073,3.325826822318145,1e-12,0.002877566057267595,0.06357719908293134,0.6326860365246172,0.664966875700492,0.6848657416450368,0.8584760256494162,0.8727603465137237,0.8814567206538394,0.926539522066525,0.9342061096986389,0.938859066524406,1.0,0.0,0.0,0.0,0.0,0.004307031085051968,-0.655495960641948,0.65613787118291,0.009328409723409599
49.2,0.6554251828288707,0.6560965894701911,0.6554315222557012,0.0024079561389071203,3.3232450837267637,0.8305097249026951,0.8636501027522596,0.8843138512401664,0.16962303574645948,0.17376676656703113,0.1806119729875221,3.2804829473509556,3.3232450837267637,3.3257171743745615,1e-12,0.0028826062846230814,0.06366925392042679,0.6315912282183611,0.6641309531538325,0.684139840006105,0.8579805463458671,0.872393149893912,0.8811451764021004,0.9262720997153998,0.9340093853413158,0.9386931343689129,1.0,0.0,0.0,0.0,0.0,0.004289072974533972,-0.6554315222557012,0.6560965894701911,0.00934840691821189
49.400000000000006,0.6553598648127348,0.65605436755331,0.6553663259079625,0.002409235282350617,3.323108496461883,0.8294132955727757,0.8627940367219543,0.8835545237989356,0.16976880991459273,0.1739404962663006,0.1808507300288852,3.28027183776655,3.323108496461883,3.325602691478864,1e-12,0.002887709188746676,0.06376239156005348,0.6304879912950437,0.6632975735654661,0.6834196496094826,0.857480672847817,0.8720267055626333,0.8808358654268946,0.9260022274411766,0.9338130148854991,0.9385283626576681,1.0,0.0,0.0,0.0,0.0,0.004271527194877708,-0.6553663259079625,0.65605436755331,0.009368376433878238
49.6,0.6552937445048808,0.6560111978178176,0.6553003309035176,0.0024105391114219504,3.322967303980209,0.8283091342972116,0.8619414376949888,0.8828018590001031,0.1699135524815229,0.17411392974303577,0.18109180955401297,3.280055989089088,3.322967303980209,3.3254834325218976,1e-12,0.0028928780192052,0.06385667013783199,0.6293756528926643,0.6624666590007939,0.6827051810853131,0.8569760846925296,0.8716609782986212,0.8805287970848764,0.9257297300130655,0.9336169792564522,0.9383647569876894,1.0,0.0,0.0,0.0,0.0,0.0042544007975653525,-0.6553003309035176,0.6560111978178176,0.009388338309447335
49.800000000000004,0.6552267759915775,0.6559670704821016,0.655233492922146,0.0024118692152225946,3.322821531043567,0.8271965508417979,0.8610922209707138,0.8820558536910961,0.17005725813428063,0.1742870845764941,0.18133537893424756,3.2798353524105077,3.3228215310435676,3.325359450178835,1e-12,0.0028981163103079925,0.06395215296836276,0.6282534878617095,0.6616381292168263,0.6819964468730063,0.8564664360139551,0.8712959314929741,0.8802239814997254,0.9254544182475997,0.9334212585839589,0.9382023233643414,1.0,0.0,0.0,0.0,0.0,0.004237701773041336,-0.655233492922146,0.6559670704821016,0.009408313538787603
50.0,0.6551589126672823,0.6559219734579026,0.6551657636563198,0.002413226246060987,3.3226711962726867,0.8260748032925668,0.860246300164201,0.8813165068645201,0.17019992117662522,0.17445997911414396,0.18158161876155815,3.279609867289513,3.322671196272687,3.32523079104496,1e-12,0.002903427929356183,0.06404890906240022,0.6271207152521191,0.6608119014394317,0.6812934613232944,0.8559513537576011,0.8709315270212996,0.8799214296082828,0.9251760880177508,0.9332258321294762,0.9380410682262089,1.0,0.0,0.0,0.0,0.0,0.004221439009502184,-0.6551657636563198,0.6559219734579026,0.00942832424279243
50.2,0.6550901007898563,0.655875892210724,0.6550970903894293,0.0024146107258988018,3.3225163109740485,0.8249398906306299,0.8594035869861067,0.8805838197799107,0.17034153550253778,0.17463263255285807,0.18183143002738256,3.2793794610536198,3.3225163109740485,3.3250974958502746,1e-12,0.0029088170844799865,0.06414701372938658,0.6259732530551735,0.6599878900808153,0.6805962408220756,0.8554289591365984,0.8705677250824212,0.8796211532161977,0.9248937209133098,0.9330306781943623,0.9378809984750577,1.0,0.0,0.0,0.0,0.0,0.004205622605464102,-0.6550970903894293,0.655875892210724,0.00944839385797533
50.400000000000006,0.655020281636778,0.6558288095399976,0.6550274154445509,0.0024160235593246836,3.322356878199338,0.8237743173172618,0.8585639909935798,0.879857795971007,0.17048209459172967,0.17480506503072685,0.18208870663569157,3.2791440476999876,3.3223568781993382,3.3249595990480634,1e-12,0.002914288380159492,0.06424654936492724,0.6247933298376078,0.6591660064198519,0.679904803805547,0.8548911200093731,0.8702044840159738,0.8793231650068661,0.9246029155699684,0.9328357740160949,0.9377221214809116,1.0,0.0,0.0,0.0,0.0,0.004190263962463969,-0.6550274154445509,0.6558288095399976,0.009468547278602335
50.6,0.6549493913799158,0.6557807052818206,0.6549566755574991,0.0024174658862291545,3.322192892401369,0.8225972069711645,0.8577274193184327,0.8791384412317259,0.1706215915093429,0.17497729772881268,0.18234926976266544,3.278903526409103,3.3221928924013695,3.3248171282087267,1e-12,0.002919846869101499,0.06434760634642962,0.6236002239286549,0.6583461582503226,0.6792191707548433,0.8543465827919149,0.8698417601004836,0.8790274785414908,0.924308395403134,0.9326410956532593,0.9375644450823918,1.0,0.0,0.0,0.0,0.0,0.00417537590073952,-0.6549566755574991,0.6557807052818206,0.00948881103858887
50.800000000000004,0.6548773597734968,0.6557315559926876,0.6548848011805876,0.002418939009401312,3.3220243389430033,0.8214075945689896,0.8568937763608742,0.8784257636604546,0.17076001889441483,0.175149352986932,0.1826133590580061,3.2786577799634378,3.3220243389430038,3.324670103625587,1e-12,0.0029254981049961545,0.06445028402773198,0.6223929101268673,0.6575282494823137,0.6785393642460421,0.8537948534595261,0.8694795073237702,0.8787341082829693,0.9240098895315387,0.9324466178546755,0.937407977599754,1.0,0.0,0.0,0.0,0.0,0.004160972865488929,-0.6548848011805876,0.6557315559926876,0.009509213556844177
51.0,0.6548041093845448,0.6556813346149873,0.6548117156750518,0.002420444384474517,3.3218511934573685,0.8202044324835016,0.8560629634405832,0.8777197737329592,0.170897368942763,0.17532125443631832,0.1828812355302862,3.2784066730749366,3.3218511934573685,3.324518538027953,1e-12,0.0029312482069069586,0.06455469189278307,0.6211702737086237,0.6567121796865677,0.6778654090274813,0.8532353941249662,0.869117677119969,0.8784430696315977,0.923707102931519,0.932252313909446,0.9372527278542354,1.0,0.0,0.0,0.0,0.0,0.004147071158878149,-0.6548117156750518,0.6556813346149873,0.009529785423623423
51.2,0.6547295548695592,0.6556300100810897,0.6547373343248316,0.002421983635650527,3.321673421073539,0.8189865793698196,0.855234878388505,0.8770204843694882,0.17103363339094493,0.17549302715495574,0.18315318440922385,3.2781500504054484,3.321673421073539,3.32436243621934,1e-12,0.002937103938081318,0.06466095096452619,0.6199310984209104,0.6558978435609312,0.6771973320916242,0.8526676171601013,0.8687562180616075,0.8781543789584827,0.9233997132017238,0.9320581554713807,0.9370987051861848,1.0,0.0,0.0,0.0,0.0,0.004133689244020605,-0.6547373343248316,0.6556300100810897,0.009550559734870939
51.400000000000006,0.6546536010265289,0.6555775468709102,0.6546615632801701,0.0024235585745589327,3.321490975526109,0.8177527913147546,0.8544094151076156,0.8763279109793282,0.17116880350458033,0.1756646978382573,0.18342951756708184,3.2778877343545507,3.321490975526109,3.3242017945977658,1e-12,0.0029430727878134947,0.06476919531404256,0.6186740566593478,0.6550851303499932,0.6765351627254174,0.8520908802546779,0.8683950755218321,0.8778680536296961,0.9230873678261543,0.9318641123660737,0.9369459194682619,1.0,0.0,0.0,0.0,0.0,0.004120847923054102,-0.6546615632801701,0.6555775468709102,0.009571572450264444
51.6,0.6545761424497152,0.6555239044658245,0.6545842982406986,0.002425171230504265,3.321303798107732,0.8165017061244558,0.8535864630415649,0.875642071505173,0.17130287006671518,0.17583629500493572,0.1837105775467126,3.2776195223291227,3.321303798107732,3.3240366005772835,1e-12,0.0029491630780971952,0.064879573941859,0.6173976925295847,0.654273923143663,0.6758789325604255,0.8515044781400612,0.8680341912668467,0.8775841120303423,0.922769679621178,0.9316701523582038,0.9367943811185905,1.0,0.0,0.0,0.0,0.0,0.004108570872334766,-0.6545842982406986,0.6555239044658245,0.009592862837953227
51.800000000000004,0.6544970615430561,0.6554690367046262,0.6545054228583963,0.002426823881340682,3.321111816448159,0.8152318277467309,0.8527659065599603,0.8749629864667071,0.17143582336634944,0.17600784923616267,0.18399674165641222,3.277345183523131,3.3211118164481594,3.3238668319178943,1e-12,0.0029553840893150564,0.06499225305943385,0.6161004048692118,0.6534640980639689,0.6752286756221461,0.8509076341985226,0.8676735029826115,0.8773025735882732,0.9224462221070256,0.9314762408812081,0.9366441011137246,1.0,0.0,0.0,0.0,0.0,0.004096885039309217,-0.6545054228583963,0.6554690367046262,0.009614474001584451
52.0,0.6544162265046924,0.655412891021657,0.6544248068624299,0.0024285190906004053,3.320914943082124,0.8139415084818439,0.8519476242526041,0.8742906790019596,0.17156765318741754,0.1761793934530938,0.184288426670583,3.2770644551082846,3.3209149430821245,3.323692455951559,1e-12,0.002961746208148422,0.06510741876795728,0.614780427816876,0.6526555233260997,0.6745844283771277,0.8502994908368459,0.8673129437260683,0.8770234587968488,0.9221165241945299,0.9312823407235887,0.9364950910011057,1.0,0.0,0.0,0.0,0.0,0.004085821140648885,-0.6544248068624299,0.655412891021657,0.009636453507610054
52.2,0.654333489142533,0.6553554075431713,0.6543423038262002,0.002430259752409992,3.3207130737641455,0.8126289274131969,0.851131488105344,0.8736251749018681,0.17169834879912782,0.17635096324348082,0.18458609451362737,3.2767770377158563,3.3207130737641455,3.3235134286833365,1e-12,0.002968261104324082,0.06522528024828547,0.6134358072834616,0.6518480581373737,0.6739462297734715,0.8496790978433377,0.8669524412796885,0.8767467892348165,0.9217800637604967,0.9310884116597361,0.9363473629099807,1.0,0.0,0.0,0.0,0.0,0.004075414325654489,-0.6543423038262002,0.6553554075431713,0.00965885413327926
52.400000000000006,0.6542486822069119,0.6552965179984924,0.6542577484322782,0.0024320491462576743,3.320506085472981,0.811292064483619,0.8503173625261853,0.8729665026325912,0.17182789894875392,0.17652259724967517,0.18489025908995402,3.276482589992462,3.320506085472981,3.3233296937425743,1e-12,0.002974941946888868,0.06534607366817395,0.6120643726785336,0.6510415513926271,0.6733141212694544,0.8490453983972202,0.866591917385033,0.8764725875810129,0.9214362599276013,0.9308944100113608,0.9362009295595507,1.0,0.0,0.0,0.0,0.0,0.0040657049896123815,-0.6542577484322782,0.6552965179984924,0.009681734775023177
52.6,0.65416161567228,0.6552361444250447,0.6541709532243717,0.0024338910004732413,3.3202938340500805,0.8099286720917245,0.8495051032084012,0.8723146933429323,0.17195629185742792,0.1766943376267116,0.18520149387057688,3.2761807221252233,3.3202938340500805,3.3231411811545133,1e-12,0.0029818036595114453,0.06547006682232612,0.6106637057497374,0.65023584014217,0.6726881468476567,0.8483972135516107,0.8662312868386761,0.8762008776227209,0.9210844644890899,0.9307002881297098,0.9360558042637263,1.0,0.0,0.0,0.0,0.0,0.004056739657381209,-0.6541709532243717,0.6552361444250447,0.00970516153271994
52.800000000000004,0.6540720730697315,0.6551741975825046,0.6540817045576405,0.002435789574142162,3.3200761513720725,0.8085362379297707,0.8486945557639138,0.8716697808528108,0.172083515219772,0.17686623059548995,0.18552044171089951,3.2758709879125227,3.320076151372073,3.3229478058963147,1e-12,0.0029888632409274026,0.06559756491765642,0.6092311000132956,0.6494307477460393,0.6720683530106126,0.8477332221300332,0.865870456400878,0.8759316842559249,0.9207239508115245,0.930505993770296,0.9359120009315436,1.0,0.0,0.0,0.0,0.0,0.004048572280846582,-0.6540817045576405,0.6551741975825046,0.009729209049983667
53.0,0.6539798061789164,0.6551105750079244,0.6539897575667407,0.0024377497560952094,3.3198528419489994,0.8071119423551343,0.8478855540865391,0.8710318016197754,0.17220955620800432,0.1770383271104183,0.18584782621640242,3.2755528750396214,3.3198528419489994,3.322749466192659,1e-12,0.002996140160578409,0.0657289177617989,0.6077635140365184,0.6486260816548126,0.6714547887550016,0.8470519374771953,0.8655093234792907,0.8756650334761263,0.9203539009879,0.9303114693382438,0.935769534062523,1.0,0.0,0.0,0.0,0.0,0.004041265688157755,-0.6539897575667407,0.6551105750079244,0.009753962171627781
53.2,0.6538845286041468,0.6550451586193523,0.6538948299251357,0.0024397771881865997,3.3196236788033366,0.805652607106273,0.8470779183810653,0.8704007946783393,0.1723344014815993,0.17721068367091936,0.18618446545933368,3.2752257930967614,3.3196236788033366,3.3225460414940753,1e-12,0.0030036568491179235,0.06586452867837757,0.6062575151654535,0.6478216307245698,0.6708475055192491,0.8463516794113504,0.8651477745302434,0.8754009523574503,0.9199733903333704,0.9301166509710278,0.9356284187357509,1.0,0.0,0.0,0.0,0.0,0.004034893433166931,-0.6538948299251357,0.6550451586193523,0.00977951800211153
53.400000000000006,0.6537859078724925,0.654977811724094,0.6537965939468255,0.0024418784216200503,3.3193883984342145,0.8041546323377189,0.846271452758855,0.8697768015397249,0.17245803720501865,0.1773833633191314,0.1865312888442143,3.2748890586204698,3.3193883984342145,3.3223373900651003,1e-12,0.0030114393189256544,0.06600486579024914,0.6047092104019771,0.6470171619287582,0.6702465570924417,0.845630539744906,0.8647856830945149,0.875139469014724,0.919581368321801,0.9299214674107487,0.935488670589837,1.0,0.0,0.0,0.0,0.0,0.004029542194273331,-0.6537965939468255,0.654977811724094,0.009805988498556984
53.6,0.6536835792805294,0.65490839011123,0.653694699067851,0.0024440604876370987,3.319146724489683,0.8026142850930048,0.8454659635559995,0.8691598606676739,0.17258045014270737,0.1775564310185071,0.18688927270042097,3.27454195055615,3.319146724489683,3.3221233626196085,1e-12,0.003019515424770223,0.06615042990306984,0.6031145404363265,0.6462124402015434,0.669651994293594,0.8448865168284609,0.8644229193402931,0.8748806102877691,0.919176731386873,0.9297258452278029,0.9353503045852165,1.0,0.0,0.0,0.0,0.0,0.004025317586153834,-0.653694699067851,0.65490839011123,0.009833491826448104
53.800000000000004,0.6535770666655296,0.6548366957403354,0.6535886659670233,0.002446332937448204,3.3188982785068726,0.8010265414591328,0.844661194061261,0.8685500227296656,0.17270162463249072,0.17772997206126032,0.18725971267664016,3.274183478701677,3.318898278506873,3.321903754411499,1e-12,0.0030279231014566474,0.06630190576139527,0.6014680751946672,0.6454071543614728,0.6690638796712478,0.8441169502715155,0.8640593125318328,0.8746244081415113,0.9187580150287094,0.9295296880145475,0.9352133384251864,1.0,0.0,0.0,0.0,0.0,0.004022339958105428,-0.6535886659670233,0.6548366957403354,0.009862190313363228
54.0,0.6534658284553773,0.6547625096043928,0.6534779590789349,0.0024487064676245503,3.3186426454530253,0.7993860212746033,0.8438568801836639,0.8679473350213847,0.17282154567166713,0.17790407762845778,0.18764401178898313,3.2738125480219638,3.3186426454530253,3.321678341624907,1e-12,0.003036704728007439,0.06646005845866436,0.5997639721620701,0.6446009780802692,0.6684822725035967,0.8433189628079893,0.8636946807465948,0.8743708931391004,0.9183236333876996,0.9293328927070404,0.9350777890676262,1.0,0.0,0.0,0.0,0.0,0.004020757171098593,-0.6534779590789349,0.6547625096043928,0.009892264011274925
54.2,0.6533492371461336,0.6546855871686365,0.6533619711638815,0.002451193205106189,3.3183793683061533,0.7976868397106679,0.8430527438081961,0.8673518425807635,0.17294019870146612,0.17807884725339282,0.1880437190795414,3.273427935843182,3.3183793683061533,3.321446879837098,1e-12,0.0030459083506913552,0.06662575548016923,0.5979958156972688,0.6437935613549708,0.6679072298598209,0.8424893810630544,0.8633288259879737,0.8741200948989699,0.9178718355478926,0.9291353468006369,0.9349436729686306,1.0,0.0,0.0,0.0,0.0,0.004020751786728907,-0.6533619711638815,0.6546855871686365,0.009923915092076028
54.400000000000006,0.6532264907452586,0.6546056125744036,0.6532399123668703,0.0024538088446583737,3.3181078650441447,0.7959215890735054,0.8422484395619011,0.8667635965635303,0.17305756793975552,0.17825440496596717,0.18846077560806948,3.273028062872018,3.3181078650441447,3.3212090612158427,1e-12,0.0030555962893803602,0.06680012519018519,0.5961555463821898,0.6429844680952531,0.6673388146849301,0.8416242266909626,0.8629615015137981,0.8738720456194098,0.917400427487251,0.9289369101016419,0.934811007967087,1.0,0.0,0.0,0.0,0.0,0.004022544341147363,-0.6532399123668703,0.6546056125744036,0.009957406324390466
54.6,0.6530966056575994,0.6545222050979784,0.6531108190511529,0.002456572502079915,3.3178274466008104,0.7940816489129862,0.8414435739233953,0.8661826475699509,0.17317363770888328,0.1784308956063601,0.18889745179898584,3.272611025489892,3.317827446600811,3.320964527112893,1e-12,0.0030658444564650336,0.06698454421263872,0.5942337658451226,0.6421731948787347,0.6667770893603882,0.8407188490652828,0.862592419732403,0.873626777271544,0.9169068428956976,0.9287374188940527,0.934679811783786,1.0,0.0,0.0,0.0,0.0,0.004026409788810692,-0.6531108190511529,0.6545222050979784,0.009993057002086877
54.800000000000004,0.652958370689203,0.6544349031979597,0.6529735053812901,0.0024595076755768636,3.317537295581192,0.7921569447621095,0.8406376959351354,0.8656090439721871,0.1732883927733311,0.17860848953476352,0.18935641603829667,3.2721745159897986,3.317537295581192,3.320712860711602,1e-12,0.003076746133946604,0.06718070659815696,0.5922194654842547,0.6413591568262117,0.6662221140793405,0.839767786010184,0.8622212430684217,0.8733843208866564,0.9163880656385213,0.9285366806160409,0.9345501016397654,1.0,0.0,0.0,0.0,0.0,0.004032697212641545,-0.6529735053812901,0.6544349031979597,0.010031257909172682
55.0,0.6528102599952956,0.654343136535608,0.6528264799282057,0.002462643845542283,3.31723642803608,0.7901355314680826,0.8398302776262556,0.8650428307278624,0.1734018185825404,0.17878739112018896,0.18984084884943467,3.27171568267804,3.31723642803608,3.320453572748982,1e-12,0.0030884184220711756,0.06739074295970605,0.5900995653780104,0.6405416603049333,0.6656739456866672,0.838764531077123,0.8618475673214006,0.8731447060444127,0.9158405007009438,0.9283344642648695,0.9344218939818377,1.0,0.0,0.0,0.0,0.0,0.00404185515508991,-0.6528264799282057,0.654343136535608,0.010072497281328079
55.2,0.6526503092746939,0.6542461862699344,0.6526678262478612,0.0024660187737329765,3.316923641193787,0.7879016861733178,0.8390206880937664,0.8644840475731287,0.17351390164005445,0.17896785038256913,0.19037908235546525,3.2712309313496717,3.316923641193787,3.3201860832556678,1e-12,0.003101011454546824,0.067617391074484,0.5877516520803271,0.6397198661204127,0.6651326359137544,0.8376505588256252,0.8614708989047729,0.8729079600946942,0.9152321236683492,0.9281304872375739,0.9342952040653413,1.0,0.0,0.0,0.0,0.0,0.00405446963090661,-0.6526678262478612,0.6542461862699344,0.010117398060572524
55.400000000000006,0.6524759368567187,0.6541431286538322,0.6524950293855286,0.0024696818490854786,3.31659744261571,0.7854896795188447,0.8382081594911399,0.8639327262167222,0.17362463007608267,0.17915017901153296,0.19096368025087634,3.2707156432691606,3.3165974426157105,3.3199096989532046,1e-12,0.0031147217542914774,0.06786424373495918,0.5852103118258541,0.6388927399995776,0.6645982286386142,0.836441465752099,0.861090623640209,0.8726741069504389,0.914571339958516,0.9279243972245901,0.9341700453069587,1.0,0.0,0.0,0.0,0.0,0.004071322950341613,-0.6524950293855286,0.6541431286538322,0.010166771508035763
55.6,0.6522837017282922,0.6540327786119415,0.6523047871517382,0.0024736976718730515,3.316255986955224,0.7828768519978672,0.8373917611257317,0.8633888874431324,0.17373399424240313,0.17933476700046438,0.19160101568619203,3.2701638930597072,3.316255986955224,3.3196235967465033,1e-12,0.003129806746079715,0.0681360183546597,0.5824501547735699,0.6380590074146583,0.6640707570486464,0.8351242934909664,0.8607059749651181,0.872443165834225,0.9138509458608606,0.9277157534079187,0.9340464286122848,1.0,0.0,0.0,0.0,0.0,0.004093487897548279,-0.6523047871517382,0.6540327786119415,0.010221672095271191
55.800000000000004,0.6520688316061989,0.6539135035790129,0.6520924279103539,0.0024781571341724647,3.3158968543461786,0.7800169644776312,0.8365702815202367,0.8628525326470072,0.17384198843322507,0.17952213214616655,0.19230350983513972,3.2695675178950645,3.3158968543461786,3.319326757094422,1e-12,0.003146629279960905,0.06843938869949441,0.5794203896104705,0.6372169924951748,0.6635502353884243,0.8336736612762298,0.8603159367319456,0.8722151476485688,0.9130569014526929,0.927503970510576,0.9339243604306989,1.0,0.0,0.0,0.0,0.0,0.004122473819951997,-0.6520924279103539,0.6539135035790129,0.010283576101200561
56.0,0.6518244582641902,0.6537830511168133,0.651851325923514,0.0024831889483209156,3.3155168698246356,0.7768477310408664,0.8357421508606209,0.8623236363832852,0.17394861241322632,0.17971296748182392,0.19308803257881846,3.2689152555840666,3.3155168698246356,3.3190179248266447,1e-12,0.003165702029862568,0.06878382010926563,0.57605238321318,0.6363644872524511,0.663036651666699,0.8320551327660468,0.8599191523812637,0.8719900517559729,0.9121701383406707,0.9272882651820884,0.9338038410281909,1.0,0.0,0.0,0.0,0.0,0.004160488325930342,-0.651851325923514,0.6537830511168133,0.010354551643466143
56.2,0.651540290426696,0.6536381640564074,0.6515716026747614,0.002488983432277429,3.3151117104173773,0.7732819607005411,0.8349052465913764,0.8618021317212731,0.17405387440897338,0.17990824177992024,0.193978403251655,3.2681908202820367,3.3151117104173777,3.318695524964511,1e-12,0.0031877859655607453,0.06918342475034074,0.5722497485996026,0.6354984553436294,0.6625299533470492,0.8302201376258547,0.8595137306530801,0.8717678596724516,0.9111637330132794,0.9270675423978565,0.9336848611060937,1.0,0.0,0.0,0.0,0.0,0.004210907612497025,-0.6515716026747614,0.6536381640564074,0.010437638967711348
56.400000000000006,0.6512001391606934,0.6534739131145287,0.6512377641494614,0.002495839771299772,3.314675261986766,0.7691933494168214,0.8340565793604422,0.8612878914298053,0.17415779496329414,0.18010937490877443,0.19500948638430812,3.2673695655726434,3.314675261986766,3.3183575335420255,1e-12,0.0032140683532207556,0.06966033692934072,0.5678723185674394,0.6346145329560181,0.6620300289394041,0.8280976748621224,0.8590969083870026,0.8715485269443204,0.9099982773335908,0.9268401972498534,0.9335673974444024,1.0,0.0,0.0,0.0,0.0,0.004279210814518458,-0.6512377641494614,0.6534739131145287,0.010537513380338965
56.6,0.6507766184061636,0.6532823502145604,0.6508237878728065,0.0025042549360199747,3.3141984382652625,0.7643907693020657,0.8331917025180868,0.8607806951150574,0.17426041365849876,0.180318584238835,0.1962347087693889,3.266411751072802,3.3141984382652625,3.3180012865281805,1e-12,0.0032465304383782604,0.0702517316102764,0.5627069976441966,0.6337060662939894,0.6615366758673971,0.8255791128872189,0.8586643868742295,0.8713319689768094,0.9086133818364649,0.9266037233960569,0.9334514053023715,1.0,0.0,0.0,0.0,0.0,0.004374977802817884,-0.6508237878728065,0.6532823502145604,0.010661837327444908
56.800000000000004,0.6502188423297386,0.6530495739959719,0.6502819167200987,0.0025151372678403746,3.3136668080586724,0.7585702232224653,0.8323035279016947,0.8602801774102034,0.17436179972385463,0.180539640347244,0.19774042719840537,3.2652478699798593,3.3136668080586724,3.317623166013885,1e-12,0.0032887792505529824,0.07102583325700172,0.5564128449630783,0.6327620909179269,0.6610495497906475,0.8224892185899384,0.8582088923262629,0.8711180386770223,0.9069114355631381,0.9263538588711548,0.9333368064286549,1.0,0.0,0.0,0.0,0.0,0.004516801147560659,-0.6502819167200987,0.6530495739959719,0.010824227847031997
57.0,0.6494171141188658,0.652747586279522,0.6495102922156323,0.002530406618730402,3.313054723268834,0.7512106475694277,0.8313792208320944,0.859785734576579,0.17446207115063486,0.18077994096745956,0.19967768093454352,3.26373793139761,3.313054723268834,3.31721801744739,1e-12,0.0033484247287895647,0.07212815397766811,0.5484012185322081,0.6317619212401957,0.6605680732634684,0.8185222904754268,0.8577162403928267,0.8709064861641418,0.9047217155509695,0.9260822418561987,0.9332234674551516,1.0,0.0,0.0,0.0,0.0,0.004746719261236446,-0.6495102922156323,0.652747586279522,0.011052551116954568
57.2,0.6480736711209353,0.6523074545338204,0.6482397636739702,0.0025550984550717117,3.3123087446413857,0.7377489532980337,0.8303913431112734,0.8592963515303849,0.174561430096676,0.18105746483523155,0.20332119663394957,3.261537272669102,3.3123087446413857,3.316778064487369,1e-12,0.0034452866102650686,0.07394319475147114,0.5335936006278531,0.6306582677429944,0.6600912665632493,0.811087419112143,0.8571522759375328,0.8706968841461715,0.9006033705490678,0.9257685505953284,0.9331111598784642,1.0,0.0,0.0,0.0,0.0,0.005187518272328606,-0.6482397636739702,0.6523074545338204,0.011416430309108494
57.400000000000006,0.6448647768729066,0.6514690601429648,0.6453401710323554,0.0026101057582390867,3.3112735398091524,0.7101811625923461,0.8292556311585821,0.8588102211984711,0.174660240758051,0.18144162437807207,0.21121371264264593,3.2573453007148236,3.3112735398091524,3.3162904439189327,1e-12,0.003660777073902385,0.07808546995377794,0.502657492526071,0.6292872467953107,0.6596173755003717,0.7950984763512012,0.8563871974485849,0.8704884637786166,0.8916822881280034,0.9253343267127614,0.9329994720398542,1.0,0.0,0.0,0.0,0.0,0.0064496827637631066,-0.6453401710323554,0.6514690601429648,0.012181996262182537
57.6,0.37772905114585276,0.6255992671364623,0.38290230202208697,0.0036744667281788006,3.301185813850138,0.153,0.8561199869334547,1.1344308445424163,0.1322248956131865,0.19763997000894648,0.9803921568627451,3.1279963356823113,3.301185813850138,3.3157302649375846,1e-12,0.01604532928875267,0.4529967113970185,0.00010000011857921843,0.6550807533292641,0.8910898548960132,0.0005912552900622074,0.8489706210477787,0.9622924953098814,0.022263171355498768,0.9070249845082354,0.9809650651645976,1.0,0.03225806451612903,0.03225806451612903,0.03225806451612903,0.03225806451612903,0.681238285946776,-0.38290230202208697,0.6255992671364623,0.03879834537942316
57.800000000000004,0.2710453867466181,0.5829807154414843,0.27374163847661637,0.004425089825294329,3.2447618990761,0.153,0.9757621557726706,1.5172542139166305,0.09886280006617411,0.18222365260795736,0.9803921568627451,2.9149035772074217,3.2447618990761,3.314842696293533,1e-12,0.020738379944962897,0.6089405164619766,0.00010000011857921843,0.7328139468881184,1.0,0.0005912552900622074,0.8789545883199568,1.0,0.022263171355498768,0.9225911482044085,1.0,0.03225806451612903,0.03225806451612903,0.03225806451612903,0.03225806451612903,0.03225806451612903,0.42805644930293063,-0.27374163847661637,0.5829807154414843,0.0826540846111297
58.0,0.1770558816755417,0.5491036658223084,0.17853111387411152,0.004836478026144954,3.1765358158141996,0.153,1.0413307108463856,1.5668992836309268,0.09573046689536399,0.17384848158509972,0.9803921568627451,2.745518329111542,3.1765358158142,3.308390907046114,1e-12,0.024916482133416885,0.7449555516084121,0.00010000011857921843,0.7731023635480897,1.0,0.0005912552900622074,0.8946478240522633,1.0,0.022263171355498768,0.930757677411978,1.0,0.03225806451612903,0.03225806451612903,0.03225806451612903,0.03225806451612903,0.03225806451612903,0.2665670910568242,-0.17853111387411152,0.5491036658223084,0.11632699943981152
58.2,0.05863852030885861,0.5135284566955777,0.058490654046181166,0.004990640265265163,3.094481771649961,0.153,1.0692609293710749,1.4938454583880876,0.10041199319363017,0.1692427575288746,0.9803921568627451,2.5676422834778885,3.0944817716499613,3.288586250377602,1e-12,0.02994171402613329,0.9164419227911698,0.00010000011857921843,0.8001143738678199,1.0,0.0005912552900622074,0.9052739010052202,1.0,0.022263171355498768,0.9363003064458115,1.0,0.06451612903225806,0.03225806451612903,0.03225806451612903,0.03225806451612903,0.03225806451612903,0.11313696926078654,-0.058490654046181166,0.5135284566955777,0.1489950864926075
58.400000000000006,0.006033818112661241,0.4776880639255053,0.006079536684543607,0.004947614112130921,2.9986221703527107,0.153,1.063107977982101,1.3619236270788333,0.11013833449804555,0.16823257237387126,0.9803921568627451,2.3884403196275263,2.998622170352711,3.253572600971447,1e-12,0.03202857360991506,0.9913149475935091,0.00010000011857921843,0.8147950648273106,1.0,0.0005912552900622074,0.9112524129668845,1.0,0.022263171355498768,0.9394443633082062,1.0,0.06451612903225806,0.03225806451612903,0.03225806451612903,0.03225806451612903,0.03225806451612903,-0.030678997225101118,-0.006079536684543607,0.4776880639255053,0.17879400481107693
58.6,0.005856802803498501,0.45311861347274807,0.005905335341251627,0.004956927854131955,2.9068474905183486,0.153,1.0351883038099876,1.2337707965983995,0.12157849773520453,0.1703499513248044,0.9803921568627451,2.2655930673637403,2.9068474905183486,3.2032089518042364,1e-12,0.032053194004385464,0.9915638066553548,0.00010000011857921843,0.8041045495608502,0.9587219924964527,0.0005912552900622074,0.9080112528148697,0.9860468602803807,0.022263171355498768,0.937871485888197,0.9929989201295127,0.12903225806451613,0.03225806451612903,0.03225806451612903,0.03225806451612903,0.03225806451612903,-0.11963268268512764,-0.005905335341251627,0.45311861347274807,0.19377394945103582
58.800000000000004,0.0056609799607641184,0.43368982762759006,0.005726284172493201,0.0049678226148906135,2.8193813013065223,0.153,0.9948716672820316,1.137855215131799,0.13182696533374444,0.17549528355100022,0.9803921568627451,2.1684491381379503,2.8193813013065223,3.139453509262831,1e-12,0.03208667105361438,0.9918195940392954,0.00010000011857921843,0.774506661049606,0.8935441213324106,0.0005912552900622074,0.8967926131737253,0.963175151001034,0.022263171355498768,0.9320556050178794,0.9814148544101092,1.0,0.06451612903225806,0.06451612903225806,0.03225806451612903,0.03225806451612903,-0.18173665293278649,-0.005726284172493201,0.43368982762759006,0.20067423669914203
59.0,0.00044291047564791,0.4169111320036402,0.0011966712149921288,0.005070103495111939,2.7351066065475282,0.153,0.9600090067374475,1.0850392284246348,0.1382438496880749,0.20216092785553494,0.9803921568627451,2.084555660018201,2.7351066065475282,3.066780980282421,1e-12,0.03312165594509734,0.9982904696928684,0.00010000011857921843,0.7459660241792807,0.8546470708576999,0.0005912552900622074,0.8668227228733707,0.948991105025139,0.022263171355498768,0.9019148475725443,0.9741617105269237,1.0,0.06451612903225806,0.06451612903225806,0.06451612903225806,0.06451612903225806,-0.16675565861728348,-0.0011966712149921288,0.4169111320036402,0.20299323285460555
59.2,0.0004432773219183096,0.4019166152719277,0.00027870450123611555,0.005076514222677429,2.6533477837446475,0.153,0.9404256212819401,1.0511928900255965,0.14269502906963868,0.20516554337544335,0.9803921568627451,2.0095830763596383,2.6533477837446475,2.989164600702972,1e-12,0.03315916132144633,0.9996018507125198,0.00010000011857921843,0.729730744791038,0.8285030545345353,0.0005912552900622074,0.8602927502860714,0.9392139160990519,0.022263171355498768,0.8985186653326631,0.9691304457071728,1.0,0.0967741935483871,0.0967741935483871,0.06451612903225806,0.06451612903225806,-0.23884717772007777,-0.00027870450123611555,0.4019166152719277,0.20244684836428892
59.400000000000006,0.00038907906211867307,0.3884285958240459,0.0002871549990608568,0.005050107320930095,2.574416226660614,0.153,0.9146437995099381,1.015957309866016,0.14764399895875738,0.209798779689003,0.9803921568627451,1.9421429791202294,2.574416226660614,2.9092004255593973,1e-12,0.03298753394957637,0.9995897785727702,0.00010000011857921843,0.7068790304675282,0.8002212027069541,0.0005912552900622074,0.8504600512819898,0.9284027534415483,0.022263171355498768,0.8932816176049181,0.9635365174552001,1.0,0.0967741935483871,0.0967741935483871,0.06451612903225806,0.06451612903225806,-0.3036946290374025,-0.0002871549990608568,0.3884285958240459,0.19985853893076133
59.6,0.0001983279990385096,0.3759496755354387,0.00037260808128667387,0.005071306548676562,2.4980542462392616,0.153,0.8876017205786013,0.9936883410906397,0.15095276234736227,0.23559552658170946,0.9803921568627451,1.8797483776771933,2.4980542462392616,2.8285684648519553,1e-12,0.03314308001610576,0.999467702741019,0.00010000011857921843,0.6832613368559909,0.7817651690048958,0.0005912552900622074,0.8222975600346649,0.921209579553144,0.022263171355498768,0.8641229937932464,0.9597965502674211,1.0,0.12903225806451613,0.12903225806451613,0.0967741935483871,0.0967741935483871,-0.3635987319540738,-0.00037260808128667387,0.3759496755354387,0.19608948468278423
59.800000000000004,0.000462447565290801,0.3642187125441142,0.012088122399316725,0.005983817269743476,2.4240945414987327,0.1546603690744832,0.8737085164031977,0.9748430554177052,0.15387092226422777,0.23698378899959321,0.96986707646974,1.8210935627205709,2.4240945414987327,2.7483883383379184,1e-12,0.038568638618441696,0.9827312537152618,0.00010000156198643106,0.6711651560589564,0.7657836274158333,0.0012601927071315211,0.81751715210462,0.9148887867257046,0.034159898529807865,0.8625538106026944,0.9564980906751289,1.0,0.12903225806451613,0.12903225806451613,0.0967741935483871,0.0967741935483871,-0.006460745052383837,-0.012088122399316725,0.3642187125441142,0.19164092029425184
60.0,0.0023744786626726383,0.35318491419051606,0.009784224952223041,0.007854979910225848,2.3526356474410037,0.15508244058714368,0.8748733298194173,0.9767425250228978,0.15357168973111265,0.23629024891871253,0.9672274915980074,1.7659245709525802,2.3526356474410037,2.6693571041248245,1e-12,0.05034083075402225,0.9860225357825385,0.00010000258516186595,0.6727004684644454,0.7674097631018825,0.0014723565493045673,0.8184328413782025,0.9155359290496637,0.03714347869260711,0.8633377340330723,0.9568363197123639,1.0,0.0967741935483871,0.0967741935483871,0.0967741935483871,0.0967741935483871,-0.005481523365710943,-0.009784224952223041,0.35318491419051606,0.18670939018893049
60.2,0.004510925045294909,0.34278968229566126,0.009038514643532947,0.009031341987105188,2.2837392709104427,0.15547071710933147,0.8759529304666521,0.9915739342553714,0.1512746501476397,0.23581910318879004,0.9648119130660193,1.7139484114783061,2.2837392709104427,2.5919194136245394,1e-12,0.05752793451364787,0.9870878362235244,0.00010000396098846415,0.6737259682536086,0.779988800490665,0.0016821181208748015,0.8189375398941351,0.9205112963001943,0.03987385961988998,0.8638702802939022,0.9594327134892067,1.0,0.0967741935483871,0.0967741935483871,0.0967741935483871,0.0967741935483871,-0.005379919652077153,-0.009038514643532947,0.34278968229566126,0.18144734044355487
60.400000000000006,0.006349504900222905,0.33289923905195484,0.008939202759927045,0.00972897505848845,2.2172698362700363,0.1558581283970112,0.8770426474546723,1.0014706408022067,0.14977972782092314,0.23538702505842124,0.9624137126676575,1.664496195259774,2.2172698362700363,2.5163961735609917,1e-12,0.06160193773825374,0.9872297103429614,0.00010000588309981383,0.6746601319941512,0.7882672318944742,0.0019051215509077305,0.8193622676626197,0.9237565279218211,0.04258459766494959,0.8643586675976609,0.9611224566934058,1.0,0.0967741935483871,0.0967741935483871,0.0967741935483871,0.0967741935483871,-0.0055473562430510825,-0.008939202759927045,0.33289923905195484,0.1760593288489183
60.6,0.007853726125091772,0.323412405956931,0.009244007718533308,0.010116477191053406,2.1530700199409116,0.15626045884674505,0.878181149937888,1.0081197768429577,0.14879184343525342,0.23495356062168277,0.959935745146601,1.6170620297846547,2.1530700199409116,2.4429945861179094,1e-12,0.06367341118606797,0.9867942746878096,0.0001000086292302832,0.6756069931353809,0.7937779214599417,0.002150981447437306,0.8197794461645723,0.9259041971689361,0.04538549822285897,0.8648486218736464,0.9622390838902758,1.0,0.0967741935483871,0.0967741935483871,0.0967741935483871,0.0967741935483871,-0.0058560476024492325,-0.009244007718533308,0.323412405956931,0.17069272830887264
60.800000000000004,0.009120754084008493,0.3142676095520096,0.00983667426006144,0.01032002233309976,2.091007797873476,0.1566806050547431,0.8793912044873566,1.0127793851885716,0.14810728001940043,0.23450225530810567,0.9573616335448223,1.571338047760048,2.091007797873476,2.3718119921194276,1e-12,0.06455564874991054,0.9859476081999122,0.00010001253813630879,0.676611516287689,0.7976154064909551,0.002422997315450208,0.8202180326002825,0.9273939068867082,0.048295072525297265,0.8653587420805675,0.9630128608010278,1.0,0.0967741935483871,0.0967741935483871,0.0967741935483871,0.0967741935483871,-0.006257472065156894,-0.00983667426006144,0.3142676095520096,0.16543128183427175
61.0,0.010263149817679462,0.3054313730688118,0.010643187150098442,0.010425304962308944,2.0309824934494127,0.15712052737465565,0.8806886328057818,1.0161241834751527,0.14761975203365282,0.2340253195298808,0.9546811133234254,1.5271568653440588,2.0309824934494127,2.3028658849950268,1e-12,0.06479154318523059,0.9847954469284308,0.00010001807611241906,0.6776963237092921,0.8003577784472514,0.002724255141761338,0.8206915163273111,0.92845556894929,0.05132492280372087,0.8658978329588644,0.9635639242817529,1.0,0.0967741935483871,0.0967741935483871,0.0967741935483871,0.0967741935483871,-0.006726505732092096,-0.010643187150098442,0.3054313730688118,0.16031319739453337
61.2,0.011370306922333404,0.296886913156089,0.01161178143384458,0.010485071333477123,1.9729188040566972,0.15758162285822974,0.8820851741392973,1.0185819119521875,0.14726356146705366,0.2335190249970535,0.9518876457754808,1.484434565780445,1.9729188040566972,2.2361269448398238,1e-12,0.06470941476468221,0.9834117408087935,0.00010002588029900058,0.6788731486857303,0.8023663342920049,0.003057745544109624,0.8212062177486374,0.9292316089548989,0.05448243990071808,0.8664701086757218,0.963966534222453,1.0,0.0967741935483871,0.0967741935483871,0.0967741935483871,0.0967741935483871,-0.007246205661588408,-0.01161178143384458,0.296886913156089,0.15534975833893833
61.400000000000006,0.01250186916273023,0.2886260050806379,0.012707527178256094,0.010528644328752454,1.9167586470007767,0.15806498389926407,0.8835895800128141,1.0204527936933099,0.14699357082174,0.2329816493382081,0.9489767834702469,1.4431300254031896,1.9167586470007767,2.17154380449846,1e-12,0.06448765724227265,0.9818463897453484,0.00010003681600326183,0.6801479596706314,0.8038916069509672,0.0034264673020971336,0.8217649197265717,0.9298200593695535,0.05777265084393923,0.8670775160649943,0.9642717105182128,1.0,0.0967741935483871,0.0967741935483871,0.0967741935483871,0.0967741935483871,-0.0078029886467657905,-0.012707527178256094,0.2886260050806379,0.15053884767968922
61.6,0.013691905064858428,0.28064407675920183,0.013909485864528413,0.010570471388599897,1.8624544501940168,0.15857157143258438,0.885208066508411,1.021956346364957,0.14677730661739302,0.23241245591813933,0.9459450937192199,1.403220383796009,1.8624544501940168,2.1090578940539024,1e-12,0.06421107303085555,0.9801293059078166,0.0001000520523513262,0.6815234479301858,0.8051151023178514,0.003833514391343297,0.8223686281044558,0.9302915462194237,0.06119943567582407,0.8677208877614682,0.9645161586497821,1.0,0.0967741935483871,0.0967741935483871,0.0967741935483871,0.0967741935483871,-0.008385213591466795,-0.013909485864528413,0.28064407675920183,0.14587308545329797
61.800000000000004,0.014957543648028902,0.2729375285866425,0.015206938653101387,0.01061696919111185,1.809964450383775,0.1591023330296836,0.8869446851074047,1.0232545060915244,0.14659109645453477,0.23181116721468667,0.9427894433956202,1.3646876429332124,1.809964450383775,2.0486114389843184,1e-12,0.06391471232453298,0.9782758019241409,0.00010007316218688404,0.6830003274979402,0.8061698126956823,0.0042821532059925714,0.8230174570175188,0.9306976067279878,0.06476633583768275,0.868400537454474,0.9647266360449078,1.0,0.0967741935483871,0.0967741935483871,0.0967741935483871,0.0967741935483871,-0.00898275334941527,-0.015206938653101387,0.2729375285866425,0.14134425118389526
62.0,0.016306431877622214,0.26550265327813183,0.016596075542729526,0.01067077389082794,1.7592499044686394,0.15965826762914095,0.8888015995167072,1.0244655432769927,0.14641780876318192,0.23117771910542803,0.9395066239126716,1.327513266390659,1.7592499044686394,1.990150201712677,4.873163591881467e-09,0.06361062333807634,0.9762913206532435,0.00010010225312204504,0.6845779586738607,0.8071523632842281,0.0047758787171596016,0.823711035424431,0.9310755673574056,0.06847697806490051,0.8691165376229804,0.9649225068895677,1.0,0.0967741935483871,0.0967741935483871,0.0967741935483871,0.0967741935483871,-0.009586863474004649,-0.016596075542729526,0.26550265327813183,0.1369449666332171
62.2,0.017742403743147707,0.2583353825769168,0.01807730474262188,0.010733151532670895,1.7102739337215958,0.1602404565752859,0.8907793634669354,1.0256739340039809,0.1462453076236778,0.23051214525877767,0.936093188985176,1.291676912884584,1.7102739337215958,1.9336242119274671,8.474738905145296e-09,0.06330254677217566,0.9741752789391116,0.00010014213875902896,0.686254691224091,0.8081314451520547,0.005318454310320744,0.8244487025594028,0.9314518886424357,0.07233525776855587,0.8698688502108459,0.9651174886775739,1.0,0.0967741935483871,0.0967741935483871,0.0967741935483871,0.0967741935483871,-0.010190088435561413,-0.01807730474262188,0.2583353825769168,0.13266910846886254
62.400000000000006,0.019268749342075866,0.2514314123378144,0.019653672227130922,0.010805050889372145,1.6630011907045557,0.16085007285647535,0.8928771525922546,1.0269378729294412,0.14606531120729851,0.2298145310437961,0.9325454277776004,1.257157061689072,1.6630011907045557,1.8789874033487515,1.4914928463278247e-08,0.06299215833185426,0.971923325389813,0.00010019656129053387,0.6880280430031018,0.8091541237710148,0.005913937746692388,0.8252295920180528,0.9318446423819922,0.07634536938672223,0.8706573787235657,0.965320942539973,1.0,0.0967741935483871,0.0967741935483871,0.0967741935483871,0.0967741935483871,-0.010786188947879895,-0.019653672227130922,0.2514314123378144,0.12851160394300043
62.6,0.020889697867899355,0.24478643403146005,0.021329993703726267,0.010887478296851813,1.6173979183504716,0.16148838229658344,0.8950930117188723,1.0282960028386634,0.14587239431634216,0.22908498915652878,0.928859388315103,1.2239321701573003,1.6173979183504716,1.826196902423117,2.5291150792279327e-08,0.0626811453620484,0.9695285804232482,0.00010027048003274497,0.6898948383251333,0.8102514094560054,0.006566701020402718,0.8260526810000006,0.9322656806323102,0.08051177992247577,0.8714819957783504,0.9655390006956663,1.0,0.0967741935483871,0.0967741935483871,0.0967741935483871,0.0967741935483871,-0.011369944724413682,-0.021329993703726267,0.24478643403146005,0.12446804466826882
62.800000000000004,0.02261088535087509,0.2383963290959486,0.023112542827902958,0.010981569008773248,1.5734321934941338,0.1621567399642775,0.8974240270188724,1.02977186874538,0.1456633304449772,0.22832364784587855,0.9250309301546418,1.191981645479743,1.5734321934941338,1.7752125798691352,4.1638810940144955e-08,0.06237151979482419,0.9669820816744243,0.00010037044383806908,0.6918512912079131,0.8114419369563483,0.007281444976556448,0.826916817128231,0.9327220668097287,0.08483916940859636,0.8723425564126763,0.9657753101343368,1.0,0.0967741935483871,0.0967741935483871,0.0967741935483871,0.0967741935483871,-0.011937101224356733,-0.023112542827902958,0.2383963290959486,0.12053439310714105
63.0,0.02443943594008277,0.232257322131165,0.02500889317955439,0.011088569595669454,1.5310741631291414,0.1628565882478831,0.8998665154139209,1.0313782458311889,0.14543645903556443,0.2275306327004587,0.9210557682301795,1.161286610655825,1.5310741631291414,1.725996682094147,6.679140015601631e-08,0.062065441441641736,0.9642730097434937,0.00010050507056284542,0.6938931013961174,0.8127355197287986,0.008063214202522895,0.8278207511713743,0.9332174531926599,0.0893323813483796,0.8732389186710042,0.9660317478203834,1.0,0.0967741935483871,0.0967741935483871,0.0967741935483871,0.0967741935483871,-0.01248417012728012,-0.02500889317955439,0.232257322131165,0.11670674809725322
63.2,0.02638385489995989,0.22636607121696067,0.02702787542129251,0.011209802176613621,1.4902962489260476,0.16358945517974488,0.9024161698666902,1.033120145105629,0.14519124490081797,0.22670604620235257,0.9169295162404362,1.1318303560848033,1.4902962489260478,1.6785136913622893,1.0441402516749154e-07,0.06176497778392886,0.9613887493981536,0.00010068566199436413,0.6960155333073405,0.8141356219593515,0.008917410730109696,0.8287631693886337,0.9337530398555038,0.09399637367351674,0.8741709667156069,0.9663089186876295,1.0,0.0967741935483871,0.0967741935483871,0.0967741935483871,0.0967741935483871,-0.013008353034467596,-0.02702787542129251,0.22636607121696067,0.11298122262401379
63.400000000000006,0.0284540203238356,0.2207197253798325,0.029179604028896144,0.011346644553611236,1.4510733320329543,0.16435695356381794,0.9050681802946638,1.0349969830625316,0.14492795868462682,0.22584993974202217,0.9126477264727147,1.1035986268991624,1.4510733320329543,1.6327303327984257,1.594651384187658e-07,0.06147195200628458,0.9583148513872912,0.00010092698971890185,0.6982134881849252,0.8156411479022724,0.0098498069836099,0.8297427299301788,0.9343282698852308,0.09883617373035851,0.8751386424587284,0.9666065168214036,1.0,0.0967741935483871,0.0967741935483871,0.0967741935483871,0.0967741935483871,-0.013507411140941866,-0.029179604028896144,0.2207197253798325,0.10935388588584775
63.6,0.03066117002922138,0.21531597253904688,0.03147549692638418,0.011500514736335534,1.4133829240605262,0.1651607770573042,0.9078173419672192,1.037004333667703,0.14464741865588565,0.22496227975000846,0.9082059473960696,1.0765798626952343,1.4133829240605262,1.5886156266086877,2.382151392025178e-07,0.06118783186372427,0.9550350043908797,0.00010124829405862938,0.700481573312953,0.8172478874653599,0.010866552936792444,0.8307581039065771,0.9349413911363746,0.10385681318110519,0.876141983844658,0.966923617314586,1.0,0.0967741935483871,0.0967741935483871,0.0967741935483871,0.0967741935483871,-0.013979608489518333,-0.03147549692638418,0.21531597253904688,0.10582072454211372
63.800000000000004,0.03301800891067407,0.21015307763950308,0.03392839827991105,0.011672863171203139,1.3772053317566886,0.16600269370046222,0.9106581444714423,1.0391350965589965,0.14435081684442347,0.2240429031664744,0.9035997950169548,1.0507653881975154,1.3772053317566888,1.5461409880237513,3.4861009636446216e-07,0.06091364465204555,0.9515308596001271,0.00010167454716519931,0.7028141624569982,0.8189494857608024,0.01197417669050102,0.8318080214511298,0.9355898341997414,0.10906324734896612,0.8771811751834739,0.9672588727899473,1.0,0.0967741935483871,0.0967741935483871,0.0967741935483871,0.0967741935483871,-0.014423634258244333,-0.03392839827991105,0.21015307763950308,0.10237762396408877
64.0,0.03553885657290243,0.2052299277818498,0.03655273176450327,0.011865165037785053,1.3425238475208943,0.16688453309008014,0.9135848534690424,1.0413804066985755,0.1440395834559014,0.22309146002421937,0.8988250571970844,1.026149638909249,1.3425238475208943,1.5052803558379837,5.003496604823977e-07,0.06064989068145255,0.9477818117649953,0.00010223803794412692,0.7052054518196558,0.8207381989491587,0.01317957183373394,0.8328913255539837,0.9362705071417946,0.11446023730541385,0.8782566120507115,0.9676106666549369,1.0,0.0967741935483871,0.0967741935483871,0.0967741935483871,0.0967741935483871,-0.01483855225229233,-0.03655273176450327,0.2052299277818498,0.09902034816527185
64.2,0.03823993827415462,0.20054608691724252,0.03936481013795455,0.012078914190324572,1.3093249690271742,0.16780816271389737,0.9165915831020028,1.0437302536977109,0.14371529374431985,0.22210733319231574,0.8938778517928284,1.0027304345862125,1.3093249690271742,1.4660103364378247,7.051813293189031e-07,0.060396432234612406,0.9437645569457792,0.00010298034017040283,0.707649507188116,0.822605411782849,0.014489962353066002,0.8340070374568618,0.9369799978311351,0.12005217112178794,0.8793689920028736,0.9679772183657139,1.0,0.0967741935483871,0.0967741935483871,0.0967741935483871,0.0967741935483871,-0.01522376898608914,-0.03936481013795455,0.20054608691724252,0.09574451304933322
64.4,0.041139874420085515,0.19610187160424605,0.042383287070024485,0.012315616496097428,1.2775986813536402,0.16877544723102525,0.9196723615535601,1.0461738332292583,0.14337961363169463,0.22108952312991914,0.8887548660716934,0.9805093580212302,1.2775986813536402,1.428310369958178,9.769975334671556e-07,0.060152324699498216,0.9394524470428222,0.00010395472035627508,0.7101403007438619,0.8245419366706244,0.015912831337858882,0.8351544410543236,0.9377146918513608,0.12584279325164163,0.8805194448427058,0.968356644894408,1.0,0.0967741935483871,0.0967741935483871,0.0967741935483871,0.0967741935483871,-0.015579018758159244,-0.042383287070024485,0.19610187160424605,0.09254554246696924
64.60000000000001,0.044260459218682324,0.19189846348412706,0.04562993223897065,0.012576779702262305,1.2473388471791773,0.16978817827599624,0.9228211972764981,1.0486997178173028,0.1430342713471884,0.22003646926137116,0.883453733487676,0.9594923174206352,1.2473388471791773,1.392162926530904,1.3318757026451503e-06,0.05991553740210668,0.9348143825157562,0.00010522901435934255,0.7126717367654553,0.8265381658565703,0.01745578748560075,0.8363332025625285,0.9384708337167839,0.13183477865336923,0.8817097345228014,0.9687469927860264,1.0,0.0967741935483871,0.0967741935483871,0.0967741935483871,0.0967741935483871,-0.015904380480962155,-0.04562993223897065,0.19189846348412706,0.08941859254945554
64.8,0.047627999250771186,0.1879380823741097,0.04913094774176545,0.01286389907679842,1.218543777043859,0.17084795365925176,0.9260321533233662,1.051295874996461,0.14268105066093306,0.21894575209054432,0.8779736414002826,0.9396904118705484,1.2185437770438592,1.3575537496242767,1.788126082802347e-06,0.0596824642525517,0.9298129317974779,0.0001068889264807908,0.7152376608133836,0.8285841008055388,0.01912632432764455,0.8375435571410895,0.9392445409655962,0.1380290458721867,0.8829425958522299,0.9691462458064113,1.0,0.0967741935483871,0.0967741935483871,0.0967741935483871,0.0967741935483871,-0.016200339503483333,-0.04913094774176545,0.1879380823741097,0.08635842313577054
65.0,0.05127574161997009,0.18422426567684988,0.05291934039594569,0.013178436247376465,1.1912171116581864,0.17195596757676232,0.9292994414863752,1.0539494389837198,0.1423218177758497,0.21781355301348365,0.8723163383849355,0.9211213283842493,1.1912171116581864,1.3244721780130764,2.3662559079045354e-06,0.0594470171725384,0.9244009422915062,0.00010904152341662069,0.7178318384940344,0.8306691871876952,0.020931389983024015,0.8387866321211297,0.9400317445746351,0.14442361845528162,0.8842223450820547,0.9695522945458315,1.0,0.0967741935483871,0.0967741935483871,0.0967741935483871,0.0967741935483871,-0.01646793104031692,-0.05291934039594569,0.18422426567684988,0.08335917558995759
65.2,0.05524871617829385,0.1807623410630938,0.057039676295896055,0.013521787068668861,1.1653692575314636,0.17311263154422854,0.932617562799371,1.0566459342573087,0.14195862127215908,0.21663354295787535,0.8664878967060038,0.903811705315469,1.1653692575314638,1.2929115915814902,3.08885806144874e-06,0.05919878532084593,0.9185147481487199,0.00011181825798214478,0.7204478631966322,0.8327817233389198,0.022876598571270966,0.8400650875393043,0.9408279691064033,0.15101163279023205,0.8855561361003015,0.9699628234495292,1.0,0.0967741935483871,0.0967741935483871,0.0967741935483871,0.0967741935483871,-0.016709128528298187,-0.057039676295896055,0.1807623410630938,0.08041397649497774
65.4,0.059615298760724085,0.1775604875465403,0.06155935573218508,0.013895204624690674,1.1410204758396456,0.17431679823432147,0.9359815858638899,1.0593672052371288,0.14159396218653378,0.21539421522874966,0.8605022666740691,0.8878024377327015,1.1410204758396456,1.262870172337666,3.980667736740523e-06,0.05891850821920818,0.9120580632397356,0.00011537561675514443,0.7230788823333079,0.8349072694594231,0.024964623874342257,0.8413846239460324,0.9416277391522461,0.15777732053771976,0.8869569751744392,0.970375005541383,1.0,0.0967741935483871,0.0967741935483871,0.0967741935483871,0.0967741935483871,-0.016927874066158713,-0.06155935573218508,0.1775604875465403,0.077513998485026
65.60000000000001,0.06449922033214733,0.17463198290527393,0.0666000645226088,0.014299661065932022,1.1182071932527984,0.1755640902209458,0.9393878216934232,1.062084231382302,0.14123173621057822,0.2140708300755233,0.8543888434771961,0.8731599145263695,1.1182071932527984,1.2343521331714449,5.069097348910506e-06,0.058565472200374474,0.9048570506819874,0.00011988829475503444,0.7257166159355369,0.837023107738017,0.027191739740416325,0.8427584742534074,0.9424225093323154,0.1646874556776496,0.8884528261823733,0.9707844374364833,1.0,0.0967741935483871,0.0967741935483871,0.0967741935483871,0.0967741935483871,-0.017133799550511024,-0.0666000645226088,0.17463198290527393,0.07464639185331558
65.8,0.07022493543646009,0.17200265262418574,0.07248062976773506,0.0147354420531187,1.0970018497897547,0.17684159626397988,0.9428364960219393,1.0647170833538175,0.14088249577766312,0.21258529483673966,0.8482167271103335,0.8600132631209286,1.0970018497897547,1.2073701966037602,6.386793163902228e-06,0.05801951898971934,0.8964562431889499,0.00012551368090459156,0.7283458380847011,0.8390673242814518,0.029537126813467873,0.8442294610299458,0.9431891050553591,0.17166393298355725,0.8901319589570151,0.9711791914899905,1.0,0.0967741935483871,0.0967741935483871,0.0967741935483871,0.0967741935483871,-0.017365689686803236,-0.07248062976773506,0.17200265262418574,0.07178709958645187
66.0,0.10482215466480581,0.17046925917092176,0.11111544070424582,0.015393187845266854,1.07841010586267,0.17695532642071785,0.948204923603313,1.0435517986829572,0.1437398701140773,0.1949181258673107,0.8476715735776692,0.8523462958546087,1.0784101058626703,1.181952028175455,7.986048882789942e-06,0.04894325492157552,0.8412636561367917,0.00012606845993171594,0.7353459599824723,0.8224637807579733,0.029748962707968205,0.864886290105759,0.9369262195056479,0.17228013187269142,0.9101015441120512,0.9679494391607082,1.0,0.06451612903225806,0.06451612903225806,0.06451612903225806,0.06451612903225806,-0.04433298276830537,-0.11111544070424582,0.17046925917092176,0.06811851801297489
66.2,0.12452475241556667,0.17256159667376464,0.1265503302754165,0.01630784273097686,1.067569073273187,0.1785679153360993,0.9546733084360708,1.0197895829695105,0.14708916673105954,0.1920805756341816,0.8400165265841348,0.8628079833688231,1.067569073273187,1.158218433368979,1.0438518823761648e-05,0.046688537107085565,0.8192138138922621,0.0001349848784593743,0.7416440880725568,0.8033512757516498,0.032803771174743056,0.8684562050577976,0.9296116847284532,0.1809327979035484,0.9133088888264316,0.9641636563837371,1.0,0.06451612903225806,0.06451612903225806,0.06451612903225806,0.06451612903225806,-0.0273530435797944,-0.1265503302754165,0.17256159667376464,0.0610514930000322
66.4,0.1307803171176548,0.17358052116677308,0.13326844546457955,0.01660872331911515,1.058462713772373,0.17860515144044062,0.9597885226757338,1.0364867189305194,0.144719654637519,0.1906091972687386,0.8398413975759285,0.8679026058338654,1.058462713772373,1.1371205104082522,1.3785587077938857e-05,0.0459817940879648,0.809616506479172,0.0001352152894635662,0.7457957901350887,0.8168339176939242,0.03287540999694483,0.8704996167713712,0.934783499909866,0.1811307500286764,0.914972019779378,0.9668419674141984,1.0,0.06451612903225806,0.06451612903225806,0.06451612903225806,0.06451612903225806,-0.02456687771241247,-0.13326844546457955,0.17358052116677308,0.055638366945373295
66.60000000000001,0.4861675246541976,0.20872676776721152,0.4865981688800542,0.033364672492076794,1.0853964205568483,0.9005891240056969,0.9748717672012768,1.0151534904949355,0.14776090650771231,0.15419260025820966,0.16655764099484188,1.0436338388360575,1.0853964205568483,1.119342882924843,1.5824586988488296e-05,0.03667591728432073,0.30485975874277965,0.6994314444193852,0.7648625308227939,0.7995629697156145,0.8876620630269053,0.9142595598279176,0.9281481223792301,0.9421580166956824,0.9561344910455313,0.9634043743111479,1.0,0.0,0.0,0.0,0.0,-0.054037919474004326,-0.4865981688800542,0.20872676776721152,0.02003566716519084
66.8,0.5376157946144569,0.24439554448648082,0.512632340806456,0.029141212143164143,1.1441410692731797,0.9557111573110189,0.9838107147827971,1.0107341216566856,0.14840698140687708,0.152532105136614,0.1569511864045187,1.1033155821520453,1.1441410692731797,1.244457976358169,2.53691529827646e-05,0.030220342958001595,0.26766808456220575,0.7492106465602776,0.7732386839201619,0.795933459823441,0.9082404816385402,0.9177984230860794,0.9267415656271077,0.9530164011550942,0.9580113847791909,0.9626741018075153,1.0,0.0,0.0,0.0,0.0,-0.038223127987630424,-0.512632340806456,0.24439554448648082,0.034607888982951
67.0,0.5461162363574749,0.2692189475714379,0.5293935501556974,0.02499858263110348,1.2011182428364264,0.9775795437825197,0.9907069912258384,1.0047424616597398,0.14929198846858144,0.15142085696319815,0.1534401992697284,1.1092418856414261,1.2011182428364267,1.3667402772790553,2.208566873452662e-05,0.025325543022962634,0.24372349977757501,0.7681252385109139,0.7792170249790066,0.7909839766826567,0.9158203723767308,0.9201968859168296,0.9248165658201069,0.9569849462393549,0.959267452747172,0.961673759086387,1.0,0.0,0.0,0.0,0.0,-0.031434593538944525,-0.5293935501556974,0.2692189475714379,0.057483079085628996
67.2,0.5523364115686767,0.2879647985971167,0.5407036509876884,0.022213449295488776,1.2551818484485653,0.990004591007457,0.9965611793078591,1.0057661029591165,0.14914004315583637,0.1505209263075031,0.15151444888488416,1.126699825557283,1.2551818484485653,1.4596371721762254,1.3398796631160389e-05,0.02222124906502117,0.22756621287473083,0.7786676359909522,0.784161742418468,0.7918319159323033,0.9199912640271832,0.9221474324481106,0.9251469233431069,0.9591616637634832,0.9602846639310137,0.9618455061765417,1.0,0.0,0.0,0.0,0.0,-0.027394773075169368,-0.5407036509876884,0.2879647985971167,0.07290177533398069
67.4,0.5578720624128419,0.3030868378447733,0.5491417720492121,0.020202072005349656,1.3070608769758334,0.9981863182488382,1.001747387843642,1.0128570429605033,0.1480959243385044,0.1497398497380266,0.15027254657542446,1.1555117139898743,1.3070608769758334,1.534853560299361,7.866432417694026e-06,0.020053718083524526,0.21551175421541124,0.7855300976732825,0.7884927253717725,0.7976791936232522,0.9226860680641571,0.9238434606237946,0.9274186286002268,0.9605654129417418,0.9611675317574188,0.9630256963740073,1.0,0.0,0.0,0.0,0.0,-0.024616321158068055,-0.5491417720492121,0.3030868378447733,0.0824106515928961
67.60000000000001,0.5628174184578912,0.3158824894566743,0.5558789904315162,0.018648489817019307,1.357210499647078,1.0041393974697341,1.0064528920914857,1.0174338919219275,0.14742972608928012,0.14903939024021678,0.14938164997606437,1.1917697570449752,1.3572104996470782,1.5989391376044924,4.699749722227227e-06,0.01841719431669356,0.2058871565264053,0.790483970805422,0.7923967519996225,0.8014288111470385,0.9246216526163312,0.9253660054901162,0.9288695421926787,0.9615724127353159,0.9619592763551735,0.9637787147376762,1.0,0.0,0.0,0.0,0.0,-0.022524213701078655,-0.5558789904315162,0.3158824894566743,0.0881838546486652
67.8,0.5672929016308751,0.32712267893895897,0.5615338177732526,0.017386367466694662,1.4059066534696958,1.0087402841608502,1.010783701853172,1.0206195360314894,0.14696955594564673,0.1484005360355739,0.14870031697483146,1.2326255205820267,1.4059066534696958,1.6554435273109918,2.8496571048367375e-06,0.01710837724032077,0.1978088317524962,0.7942901021320188,0.7959716279475618,0.804027392430447,0.9261033027253595,0.9267557495724645,0.9298724093297729,0.9623425382381964,0.9626813871508163,0.9642988550547236,1.0,0.0,0.0,0.0,0.0,-0.02083555073673094,-0.5615338177732526,0.32712267893895897,0.0914806154646668
68.0,0.5714031810993035,0.33729119651478423,0.5664638995206701,0.01632112791628157,1.4533253724861022,1.0124173134807948,1.0148035195610507,1.0230127457538407,0.14662573914410768,0.14781247346246962,0.14816024775819428,1.2761539537406201,1.4533253724861024,1.706574813114905,1.7448091713783354e-06,0.016015565825906387,0.19076585782761407,0.7973179322594404,0.7992742533636664,0.805973506382467,0.9272785986246674,0.9280359323657643,0.9306220561928539,0.9629529902143966,0.963346087061165,0.9646874786597815,1.0,0.0,0.0,0.0,0.0,-0.01939516504515945,-0.5664638995206701,0.33729119651478423,0.0931115359158222
68.2,0.5752249038453787,0.34669796326656704,0.5708850180198755,0.015396090326483192,1.4995828028162457,1.0154775662865083,1.0185523285544098,1.0249425555653509,0.14634966534027957,0.14726839108303924,0.1477137506331467,1.3210874390623006,1.499582802816246,1.7538817822372903,1.0750065455948518e-06,0.015073651004131505,0.1844499742573207,0.7998284205107457,0.8023404169115458,0.8075390134854591,0.9282508262610942,0.9292211882029378,0.9312242171177314,0.963457675621297,0.9639610752025127,0.9649995308818529,1.0,0.0,0.0,0.0,0.0,-0.01811443536608294,-0.5708850180198755,0.34669796326656704,0.0936585038764186
68.4,0.578811180550414,0.3555432303273957,0.5749305709206888,0.014575908716947833,1.5447577613529913,1.018034983867301,1.0220564676687849,1.0265887929860698,0.14611497906936086,0.14676363899194222,0.14734267719384406,1.366600672527693,1.5447577613529913,1.7983654204151178,6.649368334484808e-07,0.014242991571261403,0.17867061297044462,0.8019198387912877,0.8051942092469133,0.8088718201253592,0.9290592098191847,0.9303214810048673,0.931736258405692,0.9638771079965548,0.9645316074639514,0.9652648018757477,1.0,0.0,0.0,0.0,0.0,-0.016942070565890234,-0.5749305709206888,0.3555432303273957,0.09349889677754998
68.60000000000001,0.5821984366107225,0.36395711120743607,0.5786846932758778,0.01383773171698769,1.588905391998236,1.0203600750259973,1.0253343606657936,1.0284309867036794,0.1458532482386388,0.1462948166808221,0.14700692791824319,1.4121600122447144,1.5889053919982363,1.8406764994691442,4.123598215410287e-07,0.013498482986306523,0.17330758103446023,0.8038160912122251,0.8078529580138544,0.8103603774205566,0.929790942910637,0.9313440752172117,0.9323074718505481,0.9642566127016637,0.9650615275139999,0.9655606419235137,1.0,0.0,0.0,0.0,0.0,-0.015848231920947836,-0.5786846932758778,0.36395711120743607,0.09287753566898807
68.8,0.5854117739071502,0.37202466344496105,0.5822016374670252,0.013166225669684136,1.632065726722158,1.0223347496440485,1.0283998121282798,1.0323983617842163,0.1452927528292144,0.14585928071951107,0.14672297899707143,1.4574226516412898,1.6320657267221583,1.881240870699465,2.56182655348869e-07,0.012823565117446523,0.16828337504710664,0.8054226997429003,0.8103299621252258,0.8135557972296732,0.9304100069739554,0.9322946050358178,0.9335313117596519,0.9645775663400669,0.9655538232792429,0.9661941820694688,1.0,0.0,0.0,0.0,0.0,-0.014815466815566052,-0.5822016374670252,0.37202466344496105,0.09195339299011926
69.0,0.5884690593501148,0.3798020168889463,0.5855173921686895,0.012550688148060592,1.67426913885726,1.0241653476627441,1.031263916282544,1.0361184338621219,0.14477109478776126,0.14545486287526221,0.1464607256458307,1.5021699284615972,1.6742691388572601,1.920339983318865,1.5937790696571575e-07,0.012206827529719792,0.16354658261615787,0.806908929305132,0.8126360624276103,0.8165392311686063,0.9309819534906819,0.9331776869354523,0.9346710717123734,0.964873997004134,0.9660109455602893,0.9667838234941154,1.0,0.0,0.0,0.0,0.0,-0.013833427909665255,-0.5855173921686895,0.3798020168889463,0.09082999043782296
69.2,0.5913834340293006,0.3873266858962126,0.5886566829275667,0.011983334958266525,1.7155398348056508,1.025867394379816,1.033936138624376,1.0395936434282969,0.1442871461827535,0.1450797068854292,0.14621772835531233,1.546263977608202,1.715539834805651,1.9581623471572538,9.927972986889294e-08,0.011640042411775232,0.1590618815320476,0.8082880712840268,0.8147805409037782,0.8193151476901862,0.9315120614737721,0.9339972735219229,0.9357290629257553,0.9651486621241567,0.9664349925311628,0.9673308411229776,1.0,0.0,0.0,0.0,0.0,-0.01289582979330689,-0.5886566829275667,0.3873266858962126,0.08957497269321682
69.4,0.5941650575019297,0.39462425405250984,0.5916372578504353,0.01145826543710411,1.755898109341259,1.0273684276930675,1.0364249394120315,1.0428327442305505,0.14383898168701714,0.14473217014492726,0.14600409741695256,1.5896192480628064,1.755898109341259,1.9948368792109905,6.192414608646366e-08,0.011117001320028375,0.15480391735652105,0.809502165464239,0.8167716512163098,0.8218928174511579,0.9319782302692751,0.9347568657788764,0.9367093579626126,0.9653901338179357,0.9668278208640987,0.9678374111952148,1.0,0.0,0.0,0.0,0.0,-0.011998669039274254,-0.5916372578504353,0.39462425405250984,0.08823286961996926
69.60000000000001,0.5968221692441766,0.40171263345556163,0.5944724824445393,0.010970831254778166,1.7953617892561151,1.028676261665116,1.0387381176283308,1.0458470913019746,0.1434244080683583,0.14441076573731396,0.1458184713596825,1.6321841552663947,1.7953617892561151,2.030454148895998,3.868001957147631e-08,0.010632821129822155,0.15075359650780099,0.8105583377503845,0.818616922346183,0.824283299927055,0.9323833836919841,0.9354596374885269,0.9376166348252465,0.965599950985817,0.9671911112530762,0.9683060127688549,1.0,0.0,0.0,0.0,0.0,-0.01113921755201009,-0.5944724824445393,0.40171263345556163,0.08683326821787724
69.8,0.5993617673624935,0.40860479770905966,0.5971729259835524,0.010517244698337591,1.833947158690428,1.029874844021355,1.0408830030018796,1.0486486914273467,0.143041231278161,0.14411412704782137,0.14564876583866695,1.6739291921184642,1.833947158690428,2.0650800094069774,2.4204252781132924e-08,0.010183521608947902,0.14689582002349652,0.8115249303238933,0.8203233371047126,0.826497894683928,0.9327538654893508,0.9361085106445611,0.9384555916376901,0.9657917728254715,0.967526408412477,0.9687391258247451,1.0,0.0,0.0,0.0,0.0,-0.010315451175720886,-0.5971729259835524,0.40860479770905966,0.08539607988437307
70.0,0.60178997204576,0.41531056283495205,0.5997473476922199,0.010094328245398807,1.8716695592138979,1.0309656798087465,1.0428665638382117,1.0512492214845564,0.14268738271993442,0.14384098541980947,0.1454946589762584,1.7148390964789557,1.8716695592138979,2.0987644803898227,1.5174205100953347e-08,0.009765760144277616,0.14321807472540005,0.8124035096330416,0.8218974398075019,0.8285473869546655,0.933090357831029,0.9367062026728364,0.9392306681900374,0.9659659631622008,0.9678351463324804,0.9691390885424687,1.0,0.0,0.0,0.0,0.0,-0.009525724682500812,-0.5997473476922199,0.41531056283495205,0.08393499035935877
70.2,0.604112361505841,0.4218377002439338,0.6022032849509555,0.009699357629576478,1.908543760578652,1.0319505039965573,1.0446954634432981,1.053659631933223,0.14236096311745805,0.1435901561788951,0.14535580865465658,1.7549078988830895,1.908543760578652,2.131547301442817,9.531250161271147e-09,0.009376667948034342,0.13970959292720625,0.8131957885775211,0.8233453994938688,0.8304417647885837,0.9333935894905978,0.9372552556440714,0.9399459475698027,0.9661229086991927,0.9681186640762954,0.9695080477152259,1.0,0.0,0.0,0.0,0.0,-0.008768601580118385,-0.6022032849509555,0.4218377002439338,0.08245962857512754
70.4,0.6063340818731218,0.42819261719569107,0.604547406175092,0.009329958170847532,1.944584185360651,1.0328313872068244,1.0463760892778138,1.0558900480176825,0.14206024602808645,0.14336052942832223,0.14523183731437328,1.7941358674265773,1.9445841853606511,2.163461330324738,6.003185790263239e-09,0.009013743163659538,0.13636084832129713,0.8139037122055449,0.8246730486102859,0.8321901712735104,0.9336643689563766,0.937758055283129,0.940605146312046,0.9662630362001441,0.9683782161843538,0.9698479547786707,1.0,0.0,0.0,0.0,0.0,-0.008042770357492013,-0.604547406175092,0.42819261719569107,0.08097689949718506
70.60000000000001,0.6084599279871787,0.4343808359793069,0.6067857496957656,0.00898403164956669,1.9798050588477067,1.033583036303913,1.0479145739409488,1.0579497499204367,0.14178367168315958,0.14315106266891026,0.14512622085633212,1.832527324933364,1.979805058847707,2.1945349361239375,3.793185555546859e-09,0.00867477557676225,0.13316321472033485,0.8145072275751885,0.8258859132612814,0.8338009161606882,0.9338950884844912,0.9382168461532782,0.9412116260117231,0.966382416778678,0.9686149810161423,0.9701605727732273,1.0,0.0,0.0,0.0,0.0,-0.007346992214146891,-0.6067857496957656,0.4343808359793069,0.07949192926638188
70.8,0.61049440426284,0.44040729812234397,0.6089238719042678,0.008659705686780714,2.0142204976560443,1.0341393101572702,1.0493168082458226,1.059847232201428,0.14152983132147476,0.14296077515076708,0.14504815601409468,1.8700892363270003,2.0142204976560443,2.224793520768094,2.404061093601007e-09,0.00835779457500984,0.13010875442247455,0.8149535467102901,0.8269892353426088,0.8352815462718453,0.9340656397317166,0.9386337431997205,0.9417684260562001,0.9664706551669207,0.9688300671345849,0.9704474940523083,1.0,0.0,0.0,0.0,0.0,-0.006680076549368856,-0.6089238719042678,0.44040729812234397,0.07800867168347672
71.0,0.6124417849848421,0.44627654741542133,0.6109669363114659,0.008355298085938472,2.047844556107883,1.0346052146099485,1.050588449795259,1.0615903032087426,0.1412974473736364,0.14278874337747316,0.14498283778373453,1.9068303367571597,2.0478445561078833,2.254260436132076,1.5267933986299502e-09,0.008061032377613703,0.12719009098362005,0.8153271464095364,0.8279879895632201,0.8366389435305315,0.9342083549352003,0.9390107408931537,0.9422783057289971,0.9665444857826583,0.96902451838776,0.9707101626803751,1.0,0.0,0.0,0.0,0.0,-0.006040873232121886,-0.6109669363114659,0.44627654741542133,0.07653027834217647
71.2,0.6143061568738384,0.45199282849115313,0.6129197655210882,0.008069290839489946,2.0806912438359073,1.0349836888477106,1.051734929781152,1.0631861870790886,0.14108535440259792,0.1426340972748381,0.144929820263159,1.9427606450203652,2.0806912438359073,2.282957481243104,9.731333368688992e-10,0.007782896940414873,0.12440033496987389,0.8156304948656394,0.8288868978448176,0.8378794216547616,0.9343242020703233,0.9393497210152442,0.9427437848955977,0.9666044126387195,0.9691993182394402,0.9709498959762566,1.0,0.0,0.0,0.0,0.0,-0.005428272888108994,-0.6129197655210882,0.45199282849115313,0.07505930283541605
71.4,0.6160913803682897,0.45756016037938596,0.6147868841263132,0.007800307981316755,2.112774534596086,1.0352777643030202,1.0527614608212075,1.0646416015029945,0.14089248418269526,0.14249601653992786,0.14488865227486505,1.977891095948627,2.112774534596086,2.3109052735358957,6.235028838899844e-10,0.007521948672427428,0.12173302267669535,0.8158661091485645,0.8296904436186509,0.8390088011911709,0.934414162070735,0.9396524601242426,0.9431671758055032,0.9666509457108445,0.9693553938958643,0.9711679013786434,1.0,0.0,0.0,0.0,0.0,-0.0048412060643920965,-0.6147868841263132,0.45756016037938596,0.07359785417342185
71.60000000000001,0.6178011189695178,0.4629823949906702,0.6165725521381663,0.007547098136922093,2.1441083685081566,1.0354905201923312,1.0536730454607464,1.0659628183344285,0.14071785377502719,0.14237372718360466,0.1448588828916938,2.0122332372482044,2.1441083685081566,2.338123544421996,4.004452690598068e-10,0.007276881828442652,0.11918206837404804,0.8160365218157108,0.8304028858214446,0.8400324690119594,0.9344792166171797,0.9399206366618135,0.9435506084734441,0.9666845946918035,0.9694936202137808,0.9713652899247438,1.0,0.0,0.0,0.0,0.0,-0.004278641480942029,-0.6165725521381663,0.4629823949906702,0.07214772117277023
71.8,0.6194388770166295,0.46826325334752233,0.6182807886344818,0.007308520510734911,2.1747066470394576,1.0356250432362588,1.0544744841900797,1.0671557202402595,0.14056055471101161,0.14226649840628372,0.14484006637311517,2.045799028449555,2.1747066470394576,2.36463132406364,2.582418908071364e-10,0.007046509432153687,0.11674173052216887,0.8161442509075215,0.8310282717153035,0.8409554329378967,0.9345203372158076,0.9401558373894446,0.9438960537538365,0.9667058634118076,0.9696148232318469,0.9715430884763456,1.0,0.0,0.0,0.0,0.0,-0.003739585844441319,-0.6182807886344818,0.46826325334752233,0.07071045294095683
72.0,0.6210079813008532,0.47340634200240733,0.6199153888832165,0.007083532805508032,2.2045832226632136,1.035684391438855,1.0551703829181664,1.068225853380844,0.14041974318938524,0.1421736397818278,0.14483176654966104,2.0786007365773678,2.2045832226632136,2.3904470272644365,1.6755245759241874e-10,0.006829750250960122,0.11440658730969072,0.8161917731589003,0.8315704485756957,0.8417823717669454,0.9345384754871693,0.9403595632012393,0.9442053442947548,0.9667152448826889,0.9697197833537352,0.9717022508003599,1.0,0.0,0.0,0.0,0.0,-0.0032230850270224265,-0.6199153888832165,0.47340634200240733,0.06928739897415685
72.2,0.6225115958819734,0.47841516144689866,0.6214799376327881,0.006871181332338236,2.233751886124121,1.0356715686314537,1.055765160552496,1.069178469125074,0.14029463212324825,0.1420944986187358,0.14483355973381737,2.1106508712159746,2.233751886124121,2.4155884991427716,1.0917618337998689e-10,0.006625617999291601,0.11217151766744549,0.8161815057393976,0.8320330748861614,0.8425176755571702,0.934534556682782,0.9405332345902697,0.9444801915151652,0.9667132180076546,0.9698092383308383,0.9718436665582203,1.0,0.0,0.0,0.0,0.0,-0.002728224663078177,-0.6214799376327881,0.47841516144689866,0.0678797327659156
72.4,0.6239527314307244,0.4832931152266204,0.6229778226093278,0.006670592136367423,2.2622263546330714,1.0355895104702169,1.0562630568918074,1.070018553744793,0.14018448509611176,0.14202845744205064,0.14484503607215124,2.1419621189204996,2.2622263546330714,2.44007306399791,7.145513337056379e-11,0.006433211622894802,0.11003168198667453,0.8161157970341751,0.8324196312851961,0.8431654755973786,0.9345094766172856,0.9406781968858963,0.9447221984587725,0.9667002460529502,0.9698838861085233,0.9719681681374932,1.0,0.0,0.0,0.0,0.0,-0.002254129281513001,-0.6229778226093278,0.4832931152266204,0.06648847614139188
72.60000000000001,0.6253342498563582,0.48804351877411334,0.6244122475059385,0.006480963067920519,2.290020260770089,1.035441076198197,1.056668140448466,1.070750851627392,0.14008861143749818,0.14197493163600095,0.14486580013876912,2.172547280658222,2.290020260770089,2.4639175724312166,4.696940392868536e-11,0.006251706619551138,0.10798250356294503,0.8159969218928146,0.8327334309929294,0.8437296685337485,0.934464100268233,0.940795725171065,0.944932870245432,0.9666767759770593,0.9699443874907058,0.9720765362180341,1.0,0.0,0.0,0.0,0.0,-0.0017999608242915688,-0.6244122475059385,0.48804351877411334,0.06511452253561992
72.8,0.6266588715204598,0.4926696046815554,0.6257862431261423,0.006301556899023884,2.3171471410831783,1.035229041815259,1.056984315864223,1.0713798864230863,0.1400063617964592,0.14193336728271796,0.1448954713799153,2.202419227669365,2.3171471410831783,2.487138430574357,3.088893459162793e-11,0.00608034750026891,0.10601965267693941,0.815827077853453,0.8329776294782499,0.8442139381880188,0.934399260710732,0.9408870287993439,0.945113623476515,0.9666432379281648,0.9699913685827942,0.9721695047753363,1.0,0.0,0.0,0.0,0.0,-0.0013649174238511974,-0.6257862431261423,0.4926696046815554,0.06375865274812485
73.0,0.6279291869950051,0.49717452490575087,0.6271026770087564,0.006131695345725785,2.3436204245717223,1.0349560948720473,1.057215330955842,1.071909979960417,0.13993712420285434,0.1419032391754324,0.1449336843787027,2.231590873994814,2.3436204245717223,2.509751613872049,2.0507889789445184e-11,0.005918441236105194,0.10413903284463362,0.8156083825160284,0.8331552334436029,0.8446217750355772,0.9343157584543741,0.9409532555552086,0.9452657946093964,0.966600044944918,0.970025423037418,0.9722477655325529,1.0,0.0,0.0,0.0,0.0,-0.0009482323660787717,-0.6271026770087564,0.49717452490575087,0.06242154403890943
73.2,0.6291476530109573,0.5015613526755475,0.6283642627102127,0.005970753556523049,2.369453422138955,1.0346248323521956,1.0573647835533722,1.0723452674106206,0.13988032078716886,0.1418840489664788,0.14498008873320628,2.2600751528738066,2.3694534221389554,2.531772679175633,1.3790486838726165e-11,0.005765351245263758,0.102336767556839,0.815342873242147,0.8332691093087383,0.844956492258933,0.9342143616337983,0.9409954955406713,0.9453906469195813,0.9665475930942323,0.9700471141477768,0.9723119716681591,1.0,0.0,0.0,0.0,0.0,-0.00054917279575524,-0.6283642627102127,0.5015613526755475,0.06110377803394273
73.4,0.6303166067591521,0.5058330851565825,0.6295735687805768,0.005818155334208503,2.394659316977065,1.0342034951833665,1.0574361281420397,1.0726897091285612,0.1398354050789375,0.14187532343659606,0.1450391539949347,2.2878849910245305,2.394659316977065,2.5532167803520993,9.235156187993198e-12,0.005620492165370001,0.10060918745631872,0.8150050269454643,0.8333219912375105,0.8452212387798045,0.9340853077888256,0.9410147848151581,0.9454893762208918,0.9664808303448732,0.9700569768038887,0.9723627408696014,1.0,0.0,0.0,0.0,0.0,-0.0001670381292461498,-0.6295735687805768,0.5058330851565825,0.05980584973866278
73.60000000000001,0.6314385258352355,0.5099925960206426,0.6307333212356905,0.005673371569550021,2.419251183239046,1.0337006102605901,1.057432682162563,1.0729471010439249,0.13980185962015962,0.14187661289963563,0.14510971408073933,2.315033284971699,2.419251183239046,2.57409867951212,6.2256077079546034e-12,0.005483327735684913,0.0989523982347279,0.8146015845665762,0.83331648860803,0.8454190107692549,0.9339311501702402,0.9410121087562677,0.9455631159189269,0.9664010747459734,0.9700555192957833,0.9724006580309071,1.0,0.0,0.0,0.0,0.0,0.0001988420240752603,-0.6307333212356905,0.5099925960206426,0.0585282260828612
73.8,0.6325163299405842,0.5140425769244852,0.6318465807171649,0.005535919698190169,2.4432420821507534,1.0331497639170584,1.0573576317488984,1.0731210852593511,0.13977919366270591,0.1418874897692972,0.14518708249159706,2.341532885779222,2.443242082150754,2.5944326807768054,4.245606356427105e-12,0.005353369596287299,0.09736202754690725,0.8141594054590439,0.833255092759827,0.8455526629549016,0.9337621325454437,0.940988405082109,0.9456129419022395,0.966313623549259,0.970043224933551,0.9724262778553552,1.0,0.0,0.0,0.0,0.0,0.0005491127359704556,-0.6318465807171649,0.5140425769244852,0.05727138217140573
74.0,0.6335508299033339,0.5179860817535301,0.6329143081952523,0.005405329605927725,2.4666448833335073,1.0325530753133425,1.0572140363159555,1.0732151628203004,0.1397669406811354,0.1419075473417704,0.14527098275745334,2.3673966090123306,2.4666448833335073,2.614233128235034,2.9010729472698496e-12,0.005230144849955163,0.09583670257821092,0.8136801213336199,0.8331401826410546,0.8456249212731645,0.9335788628375269,0.9409445664122447,0.9456398778588623,0.9662187892548427,0.9700205534233504,0.9724401276667936,1.0,0.0,0.0,0.0,0.0,0.0008843923483766308,-0.6329143081952523,0.5179860817535301,0.056035442662617986
74.2,0.6345439875044789,0.5218258508836326,0.6339386800131035,0.005281179693922475,2.489472136664035,1.0319125465028767,1.0570048354630661,1.0732327022841086,0.13976465651928266,0.14193639831712251,0.14536115536955713,2.392637244951818,2.489472136664035,2.633513855832942,1.993843795556605e-12,0.005113229988594927,0.0943733142669949,0.8131652683440557,0.8329740321057797,0.8456383920081257,0.9333819120248572,0.9408814434113872,0.9456448992166517,0.9661168651911077,0.9699879425387149,0.9724427095045913,1.0,0.0,0.0,0.0,0.0,0.0012052617233101054,-0.6339386800131035,0.5218258508836326,0.05482065054115326
74.4,0.6354976216396788,0.5255645180491835,0.6349216377631287,0.005163080460143343,2.5117362426255063,1.0312301549616814,1.0567328550055584,1.0731769266302114,0.1397719204334758,0.14197367349620074,0.14545734458819595,2.4172674570415715,2.5117362426255063,2.652288119384658,1.3804429180328502e-12,0.005002234358761256,0.09296908890981607,0.8126163620245905,0.8327588163304561,0.8455955540425599,0.9331718429259122,0.9407998475588776,0.9456289307306623,0.9660081404262103,0.9699458095934728,0.9724344989444678,1.0,0.0,0.0,0.0,0.0,0.0015122798600547133,-0.6349216377631287,0.5255645180491835,0.0536271462395777
74.60000000000001,0.6364134445718377,0.5292046452024411,0.6358650504447424,0.005050670534579788,2.5334494282615942,1.0305078128193788,1.0564008113143104,1.0730509321495845,0.13978833204078503,0.14201902077534978,0.14555930399946526,2.4412997708426896,2.5334494282615942,2.6705828683259867,1e-12,0.004896796323876339,0.09162135650751074,0.8120348651349613,0.8324966166719295,0.8454987754355298,0.932949198030072,0.9407005532784802,0.9455928530860123,0.9658928934871436,0.9698945525780402,0.972415948547952,1.0,0.0,0.0,0.0,0.0,0.0018059825132050733,-0.6358650504447424,0.5292046452024411,0.052460832891396206
74.8,0.6372931039914655,0.5327487439882944,0.6367706765314666,0.004943614190464835,2.5546237535198273,1.0297473613968509,1.0560113156419162,1.0728576931874678,0.1398135101723966,0.14207210418294566,0.14566679714189817,2.4647465781340863,2.5546237535198277,2.688496760943525,1e-12,0.004796580658761715,0.09032760495504764,0.8114221837501803,0.8321894253795861,0.8453503189223405,0.9327144981038477,0.9405842999838697,0.9455375053245575,0.9657713916514443,0.9698345512484475,0.9723874891584408,1.0,0.0,0.0,0.0,0.0,0.002086883846692797,-0.6367706765314666,0.5327487439882944,0.051357332921041575
75.0,0.6381381583314792,0.5361992620196754,0.6376401956229517,0.004841599282577602,2.575271103639676,1.0289505708452038,1.055566878584364,1.0726000682360743,0.13984709160673453,0.1421326029414377,0.14577959743662566,2.4876201232699233,2.575271103639676,2.7059435974449637,1e-12,0.0047012763698512155,0.08908543482435456,0.8107796673773682,0.8318391502652822,0.8451523482620084,0.9324682423221181,0.9404517940762103,0.9454636875463378,0.9656438910261335,0.9697661681865333,0.9723495313331775,1.0,0.0,0.0,0.0,0.0,0.002355476347659591,-0.6376401956229517,0.5361992620196754,0.050275957381136334
75.2,0.6389500930453378,0.5395585875431397,0.6384751977747296,0.004744335444788721,2.595403183772076,1.02811914679283,1.0550699146987175,1.0722808115961306,0.13988872912564695,0.14220021054059354,0.14589748714233955,2.5099325208251932,2.595403183772076,2.722935131173901,1e-12,0.004610594754366408,0.0878925746075291,0.8101086146661366,0.8314476193851289,0.8449069386962431,0.9322109105312621,0.9403037109229694,0.9453721651081285,0.9655106377289454,0.9696897498474769,0.9723024675403872,1.0,0.0,0.0,0.0,0.0,0.002612232387694813,-0.6384751977747296,0.5395585875431397,0.049216592786761604
75.4,0.6397303293819705,0.5428290518609593,0.6392771932804923,0.004651552319901548,2.615031517549893,1.0272547289248122,1.054522745571222,1.0719025713188155,0.13993809140269853,0.14227463405230728,0.14602025746525324,2.5316957395793778,2.615031517549893,2.7394828337165746,1e-12,0.004524267550844614,0.08674686674215379,0.8094102725690524,0.8310165843946882,0.8446160767147509,0.9319429629929697,0.9401406963130627,0.9452636688027349,0.9653718677640359,0.9696056273342845,0.9722466722855428,1.0,0.0,0.0,0.0,0.0,0.0028576048415978605,-0.6392771932804923,0.5428290518609593,0.048179098166788156
75.60000000000001,0.6404802120994664,0.5460129294795805,0.6400476164622599,0.004562997888557542,2.6341674444616934,1.0263588936084003,1.0539276039349135,1.0714678939119278,0.13999486205074257,0.14235559333526437,0.146147708110796,2.5529215927049087,2.6341674444616934,2.75559789754202,1e-12,0.004442045185470921,0.08564626219677147,0.8086858387151951,0.8305477246185176,0.8442816648761614,0.931664841349315,0.9399633681589873,0.9451388968937707,0.9652278075287127,0.9695141172967741,0.9721825031879142,1.0,0.0,0.0,0.0,0.0,0.0030920279606413414,-0.6400476164622599,0.5460129294795805,0.04716330802945411
75.8,0.641201018694869,0.5491124384523448,0.6407878294213079,0.0044784370991881135,2.6528221172481103,1.025433157541752,1.0532866376207413,1.0709792317093645,0.14005873835722152,0.14244282028823083,0.14627964670031898,2.5736217382309268,2.6528221172481103,2.7712912383420414,1e-12,0.004363695322011251,0.08458881511241731,0.8079364645746009,0.830042650898286,0.8439055285538064,0.9313769698841637,0.9397723180969498,0.9449985178431306,0.9650786744727446,0.9694155227755978,0.9721103024100858,1.0,0.0,0.0,0.0,0.0,0.0033159183380650215,-0.6407878294213079,0.5491124384523448,0.04616903287956263
76.0,0.6418939680756233,0.5521297419382293,0.6414991263054355,0.0043976505768122025,2.671006500219788,1.0244789800160214,1.0526019129829682,1.0704389463340929,0.14012943056089416,0.14253605819785017,0.14641588839397585,2.593807676461617,2.671006500219788,2.78657350346947,1e-12,0.004289001509182161,0.08357267670652072,0.8071632574704396,0.8295029089464175,0.843489419566527,0.9310797563361366,0.9395681128839396,0.9448431718540443,0.9649246775246283,0.969310133939444,0.9720303974754874,1.0,0.0,0.0,0.0,0.0,0.003529675767299442,-0.6414991263054355,0.5521297419382293,0.045196061629143205
76.2,0.6425602224392437,0.5550669497149021,0.6421827370879484,0.004320433401163376,2.6887313682683556,1.0234977646901242,1.0518754180367273,1.0698493105996227,0.1402066613623641,0.1426350611472422,0.14655625559222812,2.613490742663057,2.6887313682683556,2.8014550795167565,1e-12,0.0042177619100587154,0.08259608987435942,0.806367282165029,0.8289299823971441,0.8430350185028748,0.930773592541549,0.9393512956653112,0.9446734719055272,0.9647660174289829,0.9691982287535081,0.9719431018216556,1.0,0.0,0.0,0.0,0.0,0.0037336839982357317,-0.6421827370879484,0.5550669497149021,0.0442441646778288
76.4,0.6432008861767166,0.5579261191464127,0.6428398311106385,0.0042465939842055355,2.7060073061980368,1.0224908617589699,1.0511090655350965,1.0692125122884273,0.14029016521603938,0.1427395934526819,0.1467005775894741,2.6326821024764997,2.7060073061980368,2.8159460977305586,1e-12,0.00414978813714389,0.08165738412765929,0.805549562735994,0.8283252957401176,0.8425439383951763,0.9304588551831741,0.939122387184228,0.9444900052718365,0.9646028871380612,0.9690800736162282,0.9718487156005452,1.0,0.0,0.0,0.0,0.0,0.003928311472181867,-0.6428398311106385,0.5579261191464127,0.04331309609886125
76.60000000000001,0.6438170107065913,0.5607092562415606,0.6434715203812912,0.004175953081955789,2.7228447082699216,1.0214595702144007,1.0503046959882376,1.068530658297844,0.14037968759731062,0.14284942912584128,0.14684869022130317,2.6513927502952335,2.7228447082699216,2.830056439779375,1e-12,0.004084904226050405,0.08075497088386971,0.8047110845036858,0.8276902171459447,0.8420177285936612,0.9301359065540358,0.9388818869380826,0.9442933351004005,0.9644354722104649,0.9689559239671242,0.9717475265068555,1.0,0.0,0.0,0.0,0.0,0.004113912045969198,-0.6434715203812912,0.5607092562415606,0.04240259526484745
76.80000000000001,0.6444096007811446,0.5634183169400254,0.6440788626920219,0.0041083428891271635,2.7392537780533828,1.0204051398490264,1.0494640805461992,1.067805777593076,0.14047498444718345,0.14296435137037103,0.1470004355546398,2.6696335069333004,2.7392537780533828,2.843795744205518,1e-12,0.004022945703757722,0.07988733901139726,0.8038527957287743,0.8270260611283394,0.8414578776454608,0.9298050952286525,0.9386302742623324,0.944084001603447,0.964263951161383,0.9688260248558223,0.9716398104057736,1.0,0.0,0.0,0.0,0.0,0.004290825672441684,-0.6440788626920219,0.5634183169400254,0.04151238866737252
77.0,0.6449796122991008,0.5660552083458869,0.6446628646667744,0.004043606165128358,2.755244528648406,1.01932877308676,1.0485889237190438,1.0670398238682823,0.14057582167478344,0.1430841521148706,0.14715566160834034,2.687415016645774,2.755244528648406,2.857173412631647,1e-12,0.003963758686196226,0.0790530504760365,0.8029756091495844,0.8263340910274315,0.8408658158782041,0.9294667566687803,0.938368009336993,0.9438625231257954,0.9640884957784057,0.9686906114699505,0.9715258318953037,1.0,0.0,0.0,0.0,0.0,0.004459379032424951,-0.6446628646667744,0.5660552083458869,0.04064219182353772
77.2,0.645527955176221,0.5686217898135048,0.6452244845352507,0.003981595469953592,2.770826783163744,1.0182316267723164,1.0476808659598673,1.0662346785590766,0.1406819746312434,0.1432086315773749,0.14731422208469766,2.7047477451901965,2.770826783163744,2.870198615305208,1e-12,0.0039071990886749225,0.07825073637821325,0.8020804034686535,0.8256155213391877,0.8402429181917335,0.9291212138061934,0.93809553412622,0.9436293972784646,0.9639092714250121,0.9685499096274066,0.9714058449009441,1.0,0.0,0.0,0.0,0.0,0.0046198861273369085,-0.6452244845352507,0.5686217898135048,0.03979171084622379
77.4,0.6460554983889432,0.5711198740346501,0.645764634698737,0.003922172484509655,2.786010175424684,1.0171148139144666,1.0467414861377073,1.065392153741612,0.14079322761408217,0.14333759785639127,0.14747597611198898,2.721641978742578,2.786010175424684,2.882880296556653,1e-12,0.00385313191515017,0.07747909328751848,0.801168024786389,0.82487151991672,0.8395905067058947,0.9287687776021001,0.937813273261628,0.9433851020078888,0.9637264373315729,0.9684041362386198,0.9712800932358983,1.0,0.0,0.0,0.0,0.0,0.00477264884407233,-0.645764634698737,0.5711198740346501,0.038960643800812066
77.60000000000001,0.6465630703946995,0.573551228182222,0.6462841842432681,0.003865207347773134,2.800804150942465,1.0159794053453894,1.0457723039078848,1.0645139946982602,0.14090937342962592,0.14347086654631214,0.14764078800298755,2.7381078229523546,2.800804150942465,2.8952271804344294,1e-12,0.0038014305795547204,0.07673687965247424,0.8002392879529218,0.8241032100534386,0.8389098530993249,0.9284097475723881,0.9375216348739149,0.9431300965399879,0.9635401468683101,0.9682534997412566,0.9711488110956802,1.0,0.0,0.0,0.0,0.0,0.004917957495080019,-0.6462841842432681,0.573551228182222,0.038148682047781414
77.80000000000001,0.6470514612677697,0.5759175750018422,0.6467839612647213,0.003810578008774354,2.81521796812546,1.014826431293426,1.0447747819787792,1.0636018823764228,0.14103021298237323,0.14360826037630084,0.14780852702941585,2.7541552024894935,2.8152179681254603,2.907247776056897,1e-12,0.0037519762945485416,0.07602291247896957,0.7992949778374149,0.8233116724509282,0.8382021808188483,0.9280444122786858,0.9372210113745992,0.9428648222671716,0.9633505478002377,0.9680982005083982,0.9710122235222631,1.0,0.0,0.0,0.0,0.0,0.005056091325427656,-0.6467839612647213,0.5759175750018422,0.03735551142045183
78.0,0.6475214252429752,0.5782205938551488,0.6472647550485945,0.0037581696844199686,2.829260699622932,1.0136568828842023,1.0437503282775538,1.062657435838934,0.1411555548769861,0.14374960887135158,0.14797906720980222,2.769793860613101,2.829260699622932,2.918950382718592,1e-12,0.003704657514319663,0.07533606421629349,0.7983358505283679,0.8224979470769045,0.8374686672404043,0.9276730497907083,0.9369117801905447,0.9425897036094945,0.9631577825269516,0.9679384312316487,0.9708705468539585,1.0,0.0,0.0,0.0,0.0,0.005187318990486342,-0.6472647550485945,0.5782205938551488,0.036580813346656776
78.2,0.6479736822185568,0.5804619217536294,0.6477273181356025,0.0037078743944810944,2.842941233809772,1.0124717135833357,1.0427002980213222,1.0616822146089562,0.14128521504454958,0.14389474803377475,0.1481522871084671,2.7850333590275533,2.842941233809772,2.930343094913193,1e-12,0.0036593694169812802,0.07467525980628223,0.7973626344769955,0.8216630349214449,0.8367104457105105,0.9272959281247927,0.9365943044549682,0.9423051488241915,0.9629619883098408,0.9677743772811627,0.9707239891478621,1.0,0.0,0.0,0.0,0.0,0.00531189901016034,-0.6477273181356025,0.5804619217536294,0.03582426588634175
78.4,0.6484089173181445,0.5826431543922248,0.6481723682972468,0.0036595907064894875,2.8562682762587595,1.0112718405821053,1.0416259957000917,1.060677720897399,0.14141901639367963,0.1440435200434932,0.14832806964510892,2.799883077441927,2.8562682762587595,2.9414338073158413,1e-12,0.003616013417692173,0.07403947386107602,0.7963760315859603,0.8208078996591651,0.8359286074626078,0.926913305659717,0.9362689336583381,0.9420115507621595,0.9627632974873152,0.967606217044404,0.9705727505742154,1.0,0.0,0.0,0.0,0.0,0.005430080202089932,-0.6481723682972468,0.5826431543922248,0.03508554481391719
78.60000000000001,0.6488277896215738,0.5847658471106251,0.6486005902635206,0.003613223275369481,2.86925035158955,1.0100581461261908,1.0405286769763564,1.0596454017166805,0.141556788485084,0.14419577297578123,0.14850630191468192,2.814352214893229,2.8692503515895504,2.952230219403485,1e-12,0.003574496774052302,0.0734277281949706,0.7953767182446081,0.8199334692237163,0.8351242034144413,0.92652543153044,0.9359360042620464,0.9417092875742931,0.9625618376784021,0.9674341222451924,0.9704170237842555,1.0,0.0,0.0,0.0,0.0,0.005542102087581172,-0.6486005902635206,0.5847658471106251,0.03436432426119383
78.80000000000001,0.6492309354600533,0.5868315158884013,0.6490126375511378,0.0035686814539774066,2.8818958064060816,1.008831478780517,1.0394095505051424,1.0585866507623396,0.14169836724464427,0.1443513605352329,0.1486868750183342,2.828449794697589,2.8818958064060816,2.962739840214804,1e-12,0.003534732195636676,0.07283908921266019,0.7943653463058666,0.8190406373000967,0.8342982457568869,0.9261325459980416,0.9355958402773992,0.9413987233345026,0.9623577319738417,0.967258258244406,0.9702569942345255,1.0,0.0,0.0,0.0,0.0,0.005648195282039803,-0.6490126375511378,0.5868315158884013,0.033660276633269176
79.0,0.649618925965302,0.5888416382249907,0.6494091340569884,0.003525880020538878,2.8942128100143067,1.007592654477474,1.0382697794320495,1.0575028101901742,0.14184359469742214,0.14451014183902253,0.1488696839277657,2.842184657963572,2.8942128100143067,2.9729699925408757,1e-12,0.003496637213306007,0.07227266563287356,0.7933425438793765,0.818130264543624,0.833451709435775,0.9257348807472061,0.9352487537375362,0.9410802086179326,0.9621510990894045,0.967078784284965,0.9700928404875321,1.0,0.0,0.0,0.0,0.0,0.005748581840583744,-0.6494091340569884,0.5888416382249907,0.032973074771933356
79.2,0.6499923603873622,0.5907976543182846,0.649790675651547,0.0034847384241097593,2.9062093578084705,1.006342458261902,1.0371104838929746,1.0563951737236859,0.14199231852912125,0.14467198106575194,0.14905462724793658,2.8555654699714395,2.9062093578084705,2.9829278185742094,1e-12,0.0034601343807261877,0.07172760621207559,0.7923089166959599,0.8172031805807438,0.8325855346516856,0.9253326594050195,0.9348950454639927,0.9407540814584943,0.9619420536341083,0.9668958538887485,0.9699247347074359,1.0,0.0,0.0,0.0,0.0,0.005843475687212038,-0.649790675651547,0.5907976543182846,0.03230239175434842
79.4,0.6503517775890877,0.5927009676708698,0.6501578315086477,0.0034451812568427552,2.917893271695155,1.005081644757401,1.0359327415864936,1.0552649866569381,0.14214439206895085,0.1448367473746579,0.14924160716934182,2.8686007166991305,2.917893271695155,2.9926202827308983,1e-12,0.0034251504290351716,0.07120309784478894,0.7912650484134608,0.8162601844630707,0.8317006269150032,0.9249260976475517,0.9345350052425007,0.940420667383018,0.9617307061641631,0.9667096149479161,0.9697528426794199,1.0,0.0,0.0,0.0,0.0,0.005933082857742855,-0.6501578315086477,0.5927009676708698,0.0316479021510523
79.60000000000001,0.6506976178995846,0.5945530092239343,0.6505111635108073,0.003407134813823748,2.9292725733369704,1.0038109713341898,1.0347376359579923,1.0541135024563355,0.14229966663975394,0.14500430818776947,0.14943052455446995,2.88129911751573,2.9292725733369704,3.002054494155728,1e-12,0.003391614349148999,0.07069833784170383,0.7902115280476808,0.815302083164728,0.8307979014730845,0.9245154138833752,0.9341689265062092,0.9400802961766025,0.9615171687368532,0.9665202173182298,0.9695773324565071,1.0,0.0,0.0,0.0,0.0,0.006017611570661968,-0.6505111635108073,0.5945530092239343,0.031009263766384763
79.80000000000001,0.651030658881646,0.5963550371833496,0.6508511646047836,0.00337053405423855,2.9403543223875785,1.0025310968442944,1.0335261108878704,1.0529418138285156,0.1424580143271139,0.14517454944374575,0.1496212940148797,2.893668351686201,2.9403543223875785,3.011236701707007,1e-12,0.003359464021941499,0.07021262199316612,0.7891488659324937,0.8143295754704204,0.8298781509034436,0.9241007964805903,0.9337970620628026,0.9397332519687489,0.9613015378685899,0.9663277899257029,0.969398348623143,1.0,0.0,0.0,0.0,0.0,0.006097241443206627,-0.6508511646047836,0.5963550371833496,0.030386172267620182
80.0,0.6513510917388513,0.5981083326284664,0.6511783364617449,0.0033353141191793147,2.9511457159429932,1.0012426817587063,1.032299111705739,1.0517510156132281,0.14261930606507836,0.14534735600016074,0.14981382908739113,2.9057162522267923,2.9511457159429937,3.0201732681377274,1e-12,0.00332863664653643,0.06974523362607866,0.788077576530357,0.813343364446993,0.828942172633942,0.9236824360029515,0.9334196669420937,0.9393798212794343,0.9610839112905851,0.9661324629183228,0.9692160370653796,1.0,0.0,0.0,0.0,0.0,0.006172154032698288,-0.6511783364617449,0.5981083326284664,0.029778314987308274
80.2,0.651659451444782,0.5998141635065576,0.6514931529133566,0.0033014150174911225,2.961653923050901,0.9999463733133221,1.0310575661585637,1.0505421830054618,0.14278341453255108,0.1455226142603986,0.15000804443439802,2.917450631740186,2.961653923050901,3.0288705014639703,1e-12,0.0032990741707642785,0.06929549583806177,0.7869981661290865,0.8123441423127973,0.8279907519983876,0.9232605204238143,0.9330369926483161,0.9390202866619466,0.9608643854617905,0.9659343646968137,0.9690305416970199,1.0,0.0,0.0,0.0,0.0,0.00624252746032837,-0.6514931529133566,0.5998141635065576,0.02918537442202646
80.4,0.651956197003497,0.6014737861922925,0.6517960739367354,0.0032687790652872134,2.9718860746235642,0.9986428030210697,1.029802381372575,1.049316368313831,0.14295021456783166,0.14570021258674176,0.1502038562198853,2.9288792707245097,2.9718860746235647,3.037334656674702,1e-12,0.003270720924809524,0.06886275151894931,0.785911130746569,0.811332588033904,0.8270246597623305,0.9228352343085627,0.93264928625424,0.9386549257891832,0.9606430551438764,0.9657336214477149,0.9688420039910546,1.0,0.0,0.0,0.0,0.0,0.00630853654277598,-0.6517960739367354,0.6014737861922925,0.028607029743776033
80.60000000000001,0.6522417509227143,0.6030884114888785,0.65208753700647,0.0032373504136261745,2.9818490634577017,0.9973325700749227,1.0285344198445725,1.0480745730867245,0.14311958695670793,0.1458800446824056,0.15040118462062413,2.940009700197525,2.9818490634577017,3.045571764317992,1e-12,0.0032435244133360358,0.06844637570504271,0.7848169422207036,0.810309348012665,0.8260446301608162,0.9224067533626215,0.9322567830140961,0.9382840031543281,0.9604200105627734,0.9655303533205926,0.9686505586978992,1.0,0.0,0.0,0.0,0.0,0.006370347693711698,-0.65208753700647,0.6030884114888785,0.028042966005440387
80.80000000000001,0.6525165188167557,0.6046592099729654,0.6523679587961061,0.003207078379518876,2.991549569189313,0.9960162453177903,1.0272545045355044,1.0468177537781143,0.14329141768815884,0.14606200890683615,0.15059995326897585,2.950849220701144,2.991549569189313,3.053587657349272,1e-12,0.0032174351096199336,0.0680457731484198,0.7837160513850074,0.8092750400630123,0.8250513652626387,0.9219752456477952,0.9318597078638685,0.9379077717050106,0.9601953380384838,0.9653246752019746,0.9684563346866897,1.0,0.0,0.0,0.0,0.0,0.006428119941373087,-0.6523679587961061,0.6046592099729654,0.027492875787398587
81.0,0.6527808756084758,0.6061873210017835,0.6526377381844221,0.0031779139443487646,3.0009941118078207,0.9946943765594504,1.025963426288789,1.0455468306177178,0.1434655967646889,0.14624600725510375,0.15080008848429924,2.961404965096091,3.000994111807821,3.0613880162740643,1e-12,0.003192406022004678,0.06766037402225408,0.782608892396004,0.8082302592821369,0.8240455418912729,0.9215408732560458,0.9314582776535978,0.9375264754512662,0.9599691208538382,0.9651166978689638,0.9682594562899859,1.0,0.0,0.0,0.0,0.0,0.006482006452009137,-0.6526377381844221,0.6061873210017835,0.02695645557157822
81.2,0.6530352008830816,0.6076738558951071,0.6528972573669537,0.003149810427066002,3.010189068828959,0.9933674905474013,1.0246619467497637,1.0442626904881809,0.14364201782396027,0.1464319449657207,0.15100151900213846,2.9716839183232766,3.0101890688289594,3.068978385116991,1e-12,0.0031683926558032363,0.06728963233292314,0.7814958842856475,0.807175580322888,0.8230278138363663,0.9211037929012315,0.9310527020062599,0.9371403502956224,0.9597414395606003,0.9649065284325292,0.9680600437314512,1.0,0.0,0.0,0.0,0.0,0.006532155117086172,-0.6528972573669537,0.6076738558951071,0.026433404969935185
81.4,0.6532798476114168,0.6091198984055661,0.6531468828628488,0.003122724354374209,3.019140675402791,0.9920360934636626,1.023350799186906,1.0429661878620156,0.14382057802610662,0.1466197304247573,0.15120417592497037,2.981692913185503,3.019140675402791,3.0763641734814735,1e-12,0.0031453527107474888,0.06693302448164438,0.7803774312844259,0.8061115579769363,0.8219988125301051,0.9206641560296932,0.9306431835296887,0.9367496242814961,0.9595123720351381,0.9646942704458878,0.9678582132532215,1.0,0.0,0.0,0.0,0.0,0.006578708709511688,-0.6531468828628488,0.6091198984055661,0.02592342796158686
81.60000000000001,0.6535151562157183,0.6105265046277216,0.6533869660516743,0.0030966134145454117,3.02785502434584,0.9907006712355783,1.022030688939699,1.041658145541287,0.1440011779700086,0.14680927512427133,0.15140799270169422,2.99143863234659,3.02785502434584,3.083550655872571,1e-12,0.0031232460298581525,0.06659004849760806,0.7792539229872297,0.8050387274521209,0.820959147560763,0.920222108868605,0.930229917910189,0.9363545177785242,0.9592819935016076,0.9644800239514899,0.9676540772105434,1.0,0.0,0.0,0.0,0.0,0.006621804958123256,-0.6533869660516743,0.6105265046277216,0.025426232293721866
81.80000000000001,0.6537414535339855,0.6118947033871386,0.6536178437842136,0.0030714373931292113,3.036338065886035,0.9893616901206572,1.0207022941866384,1.0403393554369518,0.14418372160591642,0.14700049357646097,0.15161290506579733,3.0009276069171547,3.0363380658860355,3.0905429734478496,1e-12,0.003102034468671361,0.06626022316540905,0.7781257347486108,0.8039576049044787,0.8199094072114685,0.9197777925640775,0.9298130941030083,0.9359552436761943,0.9590503766018453,0.964263885578057,0.967447744170537,1.0,0.0,0.0,0.0,0.0,0.006661576694761223,-0.6536178437842136,0.6118947033871386,0.02494153009552273
82.0,0.6539590680085956,0.6132254969793489,0.6538398391152607,0.0030471593520886384,3.044595609194735,0.9880195974316203,1.019366266930818,1.039010579801138,0.14436811608666134,0.14719330319747106,0.15181885095187225,3.01016621396627,3.044595609194735,3.097346137505704,1e-12,0.003081681845479617,0.06594308697819909,0.7769932281971663,0.8028686881442663,0.8188501593551253,0.9193313433662058,0.9293928945891289,0.9355520077120231,0.9588175914897302,0.9640459486719158,0.9672393190803752,1.0,0.0,0.0,0.0,0.0,0.00669815204758889,-0.6538398391152607,0.6132254969793489,0.024469039070668074
82.2,0.6541682609244821,0.6145198619205606,0.6540532619939156,0.0030237423752894387,3.0526333287082115,0.986674822226443,1.0180232339892437,1.0376725520468202,0.14455427167667045,0.14738762419071008,0.15202577041696805,3.0191606939622035,3.0526333287082115,3.1039650330423116,1e-12,0.0030621534920401874,0.06563819715154913,0.7758567517224583,0.8017724573449933,0.8177819520185634,0.918882892803577,0.9289694956331602,0.9351450086734244,0.9585837059200832,0.9638263034288884,0.9670289033701274,1.0,0.0,0.0,0.0,0.0,0.006731654628593306,-0.6540532619939156,0.6145198619205606,0.024008479587387502
82.4,0.654369351766816,0.6157787496022866,0.6542584098518889,0.0030011513794879962,3.060456765068451,0.9853277759407245,1.0166737979064588,1.0363259777482086,0.14474210163671572,0.14758337944100855,0.15223360557027849,3.0279171419220527,3.060456765068451,3.110404421869737,1e-12,0.0030434167556608856,0.06534512878301575,0.7747166409152493,0.8006693756911791,0.8167053140880665,0.9184325678396417,0.9285430675175902,0.9347344386527886,0.958348785328141,0.9636050370139273,0.9668165950830281,1.0,0.0,0.0,0.0,0.0,0.0067622037017143755,-0.6542584098518889,0.6157787496022866,0.023559577119904255
82.60000000000001,0.6545626627887761,0.6170030869209863,0.6544555682053065,0.0029793555996578632,3.068071325142739,0.9839788530008868,1.0153185378053646,1.0349715362286847,0.14493152202676265,0.14778049441801117,0.15244230050527804,3.0364415005461085,3.068071325142739,3.1166689455997543,1e-12,0.003025440623104203,0.0650634739924192,0.773573218993528,0.7995598899745576,0.8156207564845697,0.9179804910237324,0.9281137747569663,0.9343204834816031,0.9581128929062646,0.9633822336703131,0.9666024890983236,1.0,0.0,0.0,0.0,0.0,0.006789914343201919,-0.6544555682053065,0.6170030869209863,0.02312206425001694
82.80000000000001,0.6547483187288157,0.6181937768858266,0.6546450112100047,0.0029583230632741317,3.0754822899994134,0.9826284314161402,1.0139580102015577,1.0336098810149308,0.14512245166688106,0.14797889708460296,0.1526518012345965,3.044739588981846,3.0754822899994134,3.122763128510909,1e-12,0.003008194690055486,0.06479284112856458,0.7724267972126507,0.7984444311615476,0.8145287724327464,0.9175267806360862,0.9276817763010841,0.9339033228190607,0.9578760896775522,0.9631579748231627,0.9663866771754533,1.0,0.0,0.0,0.0,0.0,0.006814897594932395,-0.6546450112100047,0.6181937768858266,0.022695675279573564
83.0,0.6549267171292947,0.6193516992023518,0.6548270021761536,0.002938024419866908,3.0826948135505585,0.9812768733356729,1.0125927497924052,1.0322416405099581,0.14531481206851482,0.14817851780887623,0.15286205562972474,3.052817084756212,3.0826948135505585,3.128691380308125,1e-12,0.0029916512909400777,0.06453285403406613,0.7712776752481296,0.7973234149407383,0.813429837902338,0.9170715508223409,0.9272472257304611,0.9334831303056399,0.9576384345639911,0.9629323391789356,0.9661692480317389,1.0,0.0,0.0,0.0,0.0,0.006837260609187934,-0.6548270021761536,0.6193516992023518,0.02228015050197769
83.2,0.6550980466263746,0.6204777108553454,0.6550017940693199,0.0029184312004864096,3.08971392677755,0.9799245255921201,1.0112232702210242,1.0308674191806866,0.14550852729366215,0.14837928927951496,0.15307301336229173,3.0606795342656232,3.08971392677755,3.1344579989003605,1e-12,0.0029757831491817968,0.06428315132954288,0.77012614156894,0.7961972422508755,0.8123244124621525,0.9166149117245666,0.9268102714443537,0.9330600738742226,0.9573999844528329,0.9627054028210756,0.9659502875015543,1.0,0.0,0.0,0.0,0.0,0.006857106789088199,-0.6550017940693199,0.6204777108553454,0.02187523458006326
83.4,0.6552625671326255,0.6215726466944437,0.6551696299834037,0.002899516755387412,3.0965445392645194,0.9785717202445599,1.0098500648130844,1.0294877984612683,0.14570352385351107,0.1485811464249097,0.15328462584481056,3.0683323504661604,3.0965445392645194,3.1400671731958987,1e-12,0.002960564616428698,0.0640433857379947,0.7689724738127247,0.7950662997876298,0.8112129399076733,0.9161569696133777,0.9263710568406373,0.9326343159749522,0.9571607942635705,0.9624772393014372,0.9657298786509014,1.0,0.0,0.0,0.0,0.0,0.0068745359268004985,-0.6551696299834037,0.6215726466944437,0.021480677573706575
83.60000000000001,0.6554204709742283,0.622637320005814,0.6553307435949413,0.0028812544913612687,3.1031914434055836,0.9772187750992264,1.0084736072860863,1.0281033372027997,0.14589973067115097,0.14878402633590615,0.15349684617425516,3.0757808249896845,3.1031914434055836,3.1455229858171037,1e-12,0.0029459709586004655,0.06381322343579822,0.7678169391444488,0.7939309604893766,0.8100958485236427,0.9156978270138383,0.925929720487733,0.9322060136602072,0.9569209170117139,0.962247919727605,0.9655081018195575,1.0,0.0,0.0,0.0,0.0,0.006889644336237122,-0.6553307435949413,0.622637320005814,0.021096232967193717
83.80000000000001,0.6555720085914744,0.6236725230541371,0.6554853595827815,0.0028636202688207776,3.1096593144248454,0.9758659941962362,1.007094352432494,1.0267145727835914,0.1460970789508962,0.14898786819209855,0.1537096290803188,3.0830301164168,3.1096593144248454,3.1508294156812107,1e-12,0.002931978863615511,0.06359234345316915,0.7666597945884576,0.7927915840027658,0.808973551879205,0.9152375828211607,0.9254863962888049,0.9317753188735012,0.9566804038672748,0.962017512846206,0.9652850347687815,1.0,0.0,0.0,0.0,0.0,0.006902524977338523,-0.6554853595827815,0.6236725230541371,0.020721660599486744
84.0,0.6557173717198336,0.6246790276078344,0.6556336940313822,0.0028465905617881143,3.1159527146081976,0.974513668274412,1.0057127367784457,1.025322021734679,0.14629550211573947,0.14919261319126986,0.15392293087649306,3.090085264773992,3.1159527146081976,3.1559903405074623,1e-12,0.00291856584780811,0.06338043709802539,0.7655012873441563,0.7916485171299802,0.8078464492341266,0.9147763324102293,0.9250412136390589,0.9313423785895885,0.9564393042100635,0.9617860851226644,0.965060752752012,1.0,0.0,0.0,0.0,0.0,0.006913267574457607,-0.6556336940313822,0.6246790276078344,0.020356724161697225
84.2,0.6558567842400161,0.625657585449671,0.6557759548094841,0.0028301432733686895,3.122076094854612,0.9731620752220623,1.004329179219324,1.023926180572047,0.14649493571518798,0.1493982044817745,0.15413670941273788,3.096951186430434,3.122076094854612,3.161009539254902,1e-12,0.0029057106076962173,0.06317720741502258,0.7643416550920075,0.7905020942588067,0.8067149261132217,0.9143141677416121,0.9245942975765956,0.9309073350191933,0.9561976656831864,0.9615537008176315,0.9648353286190422,1.0,0.0,0.0,0.0,0.0,0.006921958730093061,-0.6557759548094841,0.625657585449671,0.020001192731743153
84.4,0.6559904110119895,0.6266089288775725,0.6559123419340235,0.0028142565438869804,3.1280337982083917,0.9718114805152559,1.002944081633067,1.0225275261753448,0.1466953173975267,0.149604587097641,0.15435092402949363,3.1036326848796074,3.1280337982083917,3.1658906945177705,1e-12,0.002893392558947907,0.0629823686656806,0.7631811262911761,0.7893526377765471,0.8055793545147402,0.9138511774645943,0.9241457689272756,0.9304703256731658,0.955955534245028,0.9613204220603387,0.9646088328473713,1.0,0.0,0.0,0.0,0.0,0.0069286820347133765,-0.6559123419340235,0.6266089288775725,0.019654839018734768
84.60000000000001,0.6561184702187778,0.6275337712003797,0.656043047912369,0.0027989101545494092,3.1338300607669725,0.9704621376488517,1.0015578294718335,1.02112651679071,0.14689658679262757,0.1498117078964006,0.1545655355121906,3.1101344429966424,3.1338300607669725,3.170637394909095,1e-12,0.0028815922823556615,0.0627956458394727,0.7620199204733624,0.7882004584679662,0.804440093626014,0.9133874470190555,0.9236957444436119,0.930031483621757,0.9557129542206685,0.9610863089188748,0.9643813336746672,1.0,0.0,0.0,0.0,0.0,0.006933518173687814,-0.656043047912369,0.6275337712003797,0.01931744143606089
84.80000000000001,0.6562411197028032,0.6284328072288434,0.6561682580730697,0.0027840843435905484,3.1394690151449933,0.9691142885564098,1.00017079233259,1.019723592473606,0.14709868547430172,0.15001951549949644,0.15478050604685606,3.1164610344178363,3.1394690151449933,3.1752531374186606,1e-12,0.0028702909743818267,0.06261677418132891,0.7608582485295415,0.7870458558979573,0.8032974900870983,0.9129230587348967,0.9232443369379864,0.929590937580333,0.9554699683520637,0.9608514194675388,0.9641528971413212,1.0,0.0,0.0,0.0,0.0,0.006936545031283811,-0.6561682580730697,0.6284328072288434,0.018988782216888656
85.0,0.6563585553934496,0.6293067137477628,0.6562881508760392,0.002769760587641828,3.144954691940761,0.9677681640077729,0.998783324507417,1.0183191759285575,0.14730155686523533,0.15022796023517804,0.1549957991786091,3.122616918229902,3.1449546919407614,3.179741329677395,1e-12,0.0028594708328554177,0.0624454987485154,0.7596963129799094,0.7858891187795194,0.8021518785788827,0.9124580919251405,0.92279165541041,0.9291488121202427,0.9552266178449578,0.9606158098513905,0.9639235871979014,1.0,0.0,0.0,0.0,0.0,0.006937837789373319,-0.6562881508760392,0.6293067137477628,0.018668648959788613
85.2,0.6564709200729093,0.6301561499702328,0.6564028982083728,0.002755920648439616,3.150291022905168,0.9664239839858478,0.997395765514546,1.0169136728223556,0.1475051462172674,0.1504369940836517,0.15521137977283123,3.128606449392715,3.150291022905168,3.1841052921417865,1e-12,0.0028491146182353325,0.062281573988038665,0.7585343082282675,0.784730525328127,0.8010035819844652,0.9119926229731741,0.9223378051713057,0.9287052277153984,0.9549829424127739,0.9603795343482467,0.9636934657274441,1.0,0.0,0.0,0.0,0.0,0.006937469021017939,-0.6564028982083728,0.6301561499702328,0.01835683290820343
85.4,0.6565783996112607,0.630981757983379,0.6565126656622213,0.0027425474110928634,3.1554818422863113,0.965081958055038,0.996008440610958,1.0155074726254107,0.14770940051499784,0.15064657062440948,0.15542721397703882,3.1344338733210586,3.1554818422863113,3.188348260247884,1e-12,0.0028392060287647704,0.06212476333968374,0.757372420811523,0.7835703436030377,0.799852911983022,0.9115267254183976,0.9218828879594916,0.9282603009559194,0.95473898031971,0.9601426454282165,0.9634625926544086,1.0,0.0,0.0,0.0,0.0,0.006935508781099831,-0.6565126656622213,0.630981757983379,0.018053130499948385
85.60000000000001,0.6566811310720747,0.6317841631899794,0.6566176128051864,0.0027296241660456975,3.1605308896966906,0.963742285722041,0.9946216612871125,1.0141009489596975,0.1479142684501731,0.15085664498561976,0.15564326918333687,3.1401033348782486,3.1605308896966906,3.192473386542672,1e-12,0.0028297292680133247,0.06197483884973362,0.7562108296449318,0.7824088318361087,0.7987001692432657,0.9110604700405375,0.9214270020556142,0.9278141446074764,0.9544947684231789,0.9599051938109066,0.9632310259736292,1.0,0.0,0.0,0.0,0.0,0.006932024694781741,-0.6566176128051864,0.6317841631899794,0.0177573419331544
85.80000000000001,0.6567792833454195,0.6325639747323065,0.6567178934315825,0.0027171354961041108,3.1654418113410117,0.9624051567785238,0.9932357257444628,1.0126944603796275,0.14811970033268443,0.1510671737955366,0.15585951399314787,3.1456188734026918,3.1654418113410117,3.196483742726829,1e-12,0.002820669353635753,0.06183158081202486,0.7550497062539685,0.7812462387484974,0.7975456439732426,0.9105939249389681,0.9209702423911356,0.9273668678086632,0.9542503422136756,0.9596672285203443,0.9629988218509161,1.0,0.0,0.0,0.0,0.0,0.006927082041515015,-0.6567178934315825,0.6325639747323065,0.01746927260048307
86.0,0.6568729800086235,0.6333217858999108,0.6568136558040664,0.0027050661351763756,3.170218163238307,0.9610707516267941,0.9918509193565669,1.0112883506580814,0.1483256480729652,0.15127811513571537,0.15607591818406358,3.150984432669223,3.170218163238307,3.200382321625447,1e-12,0.0028120117571388595,0.06169477742276235,0.7538892149936988,0.7800828038561903,0.7963896160672231,0.9101271556073729,0.9205127006533141,0.9269185761127965,0.9540057358522446,0.9594287969378589,0.962766034642952,1.0,0.0,0.0,0.0,0.0,0.006920743834768983,-0.6568136558040664,0.6333217858999108,0.017188731423637565
86.2,0.6569623819801201,0.6340581745314782,0.6569050428810175,0.0026934018437225014,3.174863412393135,0.95973924160088,0.990467515114431,1.009882949489015,0.1485320651030871,0.15148942849599223,0.15629245267682765,3.1562038565293538,3.174863412393135,3.2041720391413473,1e-12,0.002803742720744862,0.061564224455689175,0.7527295132663823,0.7789187577647266,0.7952323555964739,0.90966022500805,0.9200544653862849,0.926469371663141,0.9537609822078018,0.9591899448529693,0.9625327169864784,1.0,0.0,0.0,0.0,0.0,0.006913070899715754,-0.6569050428810175,0.6340581745314782,0.016915532146496333
86.4,0.6570476071640452,0.6347737034169852,0.6569921925384637,0.0026821284444792813,3.179380939771213,0.958410789283817,0.9890857740564639,1.0084785728171504,0.14873890635175335,0.15170107473113212,0.1565090895023095,3.161280896854564,3.179380939771213,3.2078557362090527,1e-12,0.0027958488903026624,0.06143972494505169,0.7515707517380072,0.7777543224535404,0.7940741229962264,0.9091931936461531,0.9195956220884374,0.926019353250728,0.9535161128944636,0.9589507165123856,0.9622989198265621,1.0,0.0,0.0,0.0,0.0,0.006904121949869779,-0.6569921925384637,0.6347737034169852,0.016649492085580496
86.60000000000001,0.6571288021624562,0.635468920691879,0.6570752377788946,0.0026712324624089553,3.183774041634357,0.9570855488128887,0.9877059456833921,1.007075523506298,0.14894612816896838,0.1519130160191498,0.15672580176981146,3.166219210187568,3.183774041634357,3.211436180710676,1e-12,0.0027883175865241043,0.061321088887293276,0.7504130745465618,0.7765897115500259,0.7929151695338236,0.9087261196409772,0.9191362533060904,0.9255686164816189,0.9532711583073699,0.9587111546671199,0.9620646925017419,1.0,0.0,0.0,0.0,0.0,0.006893953661138097,-0.6570752377788946,0.635468920691879,0.01639043320670718
86.80000000000001,0.6572060740911507,0.6361443602173203,0.657154306931712,0.002660700798743775,3.188045931804769,0.9557636661676095,0.986328268358717,1.005674091528121,0.14915368832071144,0.1521252158212179,0.1569425636375833,3.171022365127243,3.188045931804769,3.21491606932305,1e-12,0.0027811364954815087,0.06120813295469721,0.7492566194974106,0.7754251305938091,0.7917557373838403,0.9082590587924081,0.9186764387236509,0.9251172537917962,0.9530261476560127,0.9584713006178031,0.9618300827500494,1.0,0.0,0.0,0.0,0.0,0.006882620742167292,-0.657154306931712,0.6361443602173203,0.016138180969332828
87.0,0.6572795621108497,0.6368005419368816,0.657229523838752,0.002650521743710053,3.1921997425553674,0.9544452794374964,0.984952969695563,1.0042745546174698,0.14936154591423983,0.1523376388430955,0.15715935028606637,3.175693837966987,3.192199742555368,3.218298029246806,1e-12,0.0027742939392814826,0.06110068023035414,0.7481015182430715,0.7742607772917292,0.7905960600905303,0.9077920646414145,0.9182162552504144,0.9246653546128989,0.952781108994479,0.958231194258283,0.9615951367934409,1.0,0.0,0.0,0.0,0.0,0.006870175999775324,-0.657229523838752,0.6368005419368816,0.015892565574058274
87.2,0.6573493688548114,0.6374379722189327,0.6573010080320293,0.0026406832621684367,3.1962385281934864,0.9531305190799217,0.9835802669307251,1.002877178618487,0.1495696613683367,0.15255025099780042,0.15737613789221475,3.1802370214618545,3.1962385281934864,3.2215846198749176,1e-12,0.002767778570602812,0.06099855995424388,0.7469478964562778,0.7730968417646715,0.7894363627776134,0.9073251885281496,0.9177557771045726,0.9242130054401084,0.9525360692504756,0.9579908741178167,0.9613598993714262,1.0,0.0,0.0,0.0,0.0,0.006856670401210255,-0.6573010080320293,0.6374379722189327,0.015653420486618875
87.4,0.6574156214318129,0.6380571442032904,0.6573688749041797,0.0026311742305571463,3.200165265659216,0.9518195081842947,0.9822103672862578,1.0014822179912009,0.14977799635911052,0.15276301936956646,0.15759290360221997,3.184655221580086,3.2001652656592166,3.2247783344951295,1e-12,0.0027615796003445828,0.06090160727974321,0.7457958740105574,0.7719335067862411,0.7882768624934372,0.9068584796534198,0.9172950758943581,0.9237602899531132,0.9522910542561585,0.9577503774018102,0.961124413802333,1.0,0.0,0.0,0.0,0.0,0.006842153136713644,-0.6573688749041797,0.6380571442032904,0.015420583454702397
87.60000000000001,0.6574784132596254,0.6386585381569675,0.6574332358766497,0.0026219832715645166,3.20398285748997,0.950512362739107,0.980843468318537,1.0000899160443575,0.14998651380597158,0.15297591217907489,0.15780962550317867,3.188951664117613,3.2039828574899705,3.227881602034857,1e-12,0.0027556865391697143,0.06080966303335743,0.7446455651653754,0.7707709480132687,0.7871177683312799,0.9063919851423572,0.9168342206963476,0.9233072890496803,0.9520460887801593,0.9575097400311181,0.960888721999158,1.0,0.0,0.0,0.0,0.0,0.006826671682935159,-0.6574332358766497,0.6386585381569675,0.015193895494567811
87.80000000000001,0.6575378762772925,0.6392426218128797,0.6574941985566187,0.0026131004069438017,3.2076941319301153,0.9492091918763181,0.9794797582550746,0.9987005054510243,0.15019517781485284,0.1531888987500707,0.1580262825979302,3.1931294918050774,3.2076941319301153,3.2308967887081743,1e-12,0.0027500894700943947,0.0607225734905445,0.7434970787333486,0.7696093342079137,0.7859592817867945,0.9059257501011795,0.9163732781307031,0.9228540809720811,0.9518011965560248,0.9572689966797789,0.9606528645337454,1.0,0.0,0.0,0.0,0.0,0.0068102718623727215,-0.6574941985566187,0.6392426218128797,0.014973201819687098
88.0,0.6575940671578485,0.6398098506891764,0.6575518668854964,0.0026045148801077853,3.2113018468352434,0.9479100980959597,0.9781194163198003,0.9973142085257795,0.15040395365641948,0.15340194947707295,0.15824285478264316,3.1971917706307473,3.2113018468352434,3.2338261995806685,1e-12,0.0027447785708668094,0.060640190163576455,0.7423505182319287,0.7684488274525024,0.7848015969196653,0.905459817667973,0.9159123124339588,0.9224007413574108,0.9515564003075528,0.9570281808115108,0.9604168806614175,1.0,0.0,0.0,0.0,0.0,0.00679299789839001,-0.6575518668854964,0.6398098506891764,0.014758350850839671
88.2,0.6576471291800408,0.6403606683975979,0.6576063412788136,0.0025962175132408327,3.214808689007763,0.9466151774848665,0.9767626130475103,0.9959312376946975,0.15061280771472543,0.15361503579425131,0.15845932282487415,3.2011414877592723,3.2148086890077634,3.236673528301781,1e-12,0.0027397447474058196,0.06056236960169483,0.7412059820316683,0.7672895833571411,0.7836449006783283,0.9049942290623877,0.9154513855292159,0.9219473433520259,0.951311721773592,0.9567873247148927,0.9601808083790087,1.0,0.0,0.0,0.0,0.0,0.00677489246806158,-0.6576063412788136,0.6403606683975979,0.014549793550302193
88.4,0.6576971318685428,0.6408955069442465,0.6576577187610613,0.0025881986148146327,3.218217277948765,0.9453245199309693,0.9754095105879376,0.9945517958186701,0.15082170745720364,0.15382813014525004,0.1586756683418658,3.204477534721232,3.218217277948765,3.2395002364980616,1e-12,0.002734978972939381,0.0604889731984838,0.7400635635023229,0.7661317512609123,0.7824893731049942,0.9045290236347561,0.9149905570942037,0.9214939576795559,0.951067181732573,0.956546459537473,0.9599446844587868,1.0,0.0,0.0,0.0,0.0,0.006755996753488022,-0.6576577187610613,0.6408955069442465,0.014371885782378602
88.60000000000001,0.6577442006751774,0.6414147870252371,0.6577060930940742,0.002580449862162555,3.221530165601596,0.9440382093337326,0.9740602629997202,0.9931760764755178,0.1510306214103593,0.15404120595406728,0.15889187377899086,3.2070739351261857,3.221530165601596,3.2422462940505943,1e-12,0.00273047279106689,0.060419867008465404,0.7389233511572674,0.7649754744264325,0.7813351875082477,0.9040642389148278,0.9145298846269901,0.9210406526964774,0.9508228000268724,0.956305615318684,0.9597085444759273,1.0,0.0,0.0,0.0,0.0,0.0067363504918161315,-0.6577060930940742,0.6414147870252371,0.01419879372782698
88.80000000000001,0.6577883578997666,0.6419189183301153,0.6577515549034924,0.002572961437044588,3.2247498408081134,0.9427563238185475,0.9727150165342984,0.991804264140161,0.15123951915052677,0.15425423759679063,0.15910792238702662,3.209594591650576,3.2247498408081134,3.2449138093093137,1e-12,0.002726217667462337,0.06035492156643939,0.7377854288031551,0.7638208902283586,0.7801825105518366,0.9035999106629549,0.9140694235097399,0.9205874944149642,0.9505785955885007,0.9560648210217911,0.9594724228189607,1.0,0.0,0.0,0.0,0.0,0.0067159920260652095,-0.6577515549034924,0.6419189183301153,0.014030392860289485
89.0,0.6578297680068859,0.6424082998356259,0.6577941917987666,0.002565725827051678,3.2278787270641685,0.9414789359359892,0.9713739099098996,0.9904365349854916,0.1514483711994704,0.1544672003745038,0.15932379820146975,3.212041499178129,3.2278787270641685,3.247504836284221,1e-12,0.002722205948890135,0.06029401171604758,0.7366498756778737,0.7626681303349582,0.7790315028673908,0.9031360729168181,0.9136092270699013,0.9201345467320791,0.9503345864624831,0.9558241045645164,0.9592363528077777,1.0,0.0,0.0,0.0,0.0,0.006694958353715932,-0.6577941917987666,0.6424082998356259,0.013866563138760519
89.2,0.6578684449272001,0.6428833200685568,0.6578340884828324,0.002558734776817373,3.2309191870924203,0.9402061128318282,0.9700370745763738,0.9890730566708807,0.15165714907338063,0.15468007048701593,0.15953948602632628,3.2144166003427834,3.2309191870924208,3.250021375913458,1e-12,0.0027184296901980975,0.06023701645309639,0.7355167665641003,0.7615173208840617,0.7778823188192496,0.902672758028476,0.9131493466395311,0.9196818713260981,0.950090789825182,0.9555834928487327,0.9590003666382475,1.0,0.0,0.0,0.0,0.0,0.006673285169219223,-0.6578340884828324,0.6428833200685568,0.013707186468811168
89.4,0.6579045352721898,0.6433443573584782,0.6578713268557326,0.0025519809085086474,3.233873522715262,0.9389379164166454,0.96870463497163,0.9877139888101473,0.15186582522810876,0.154892825007361,0.15975497141755518,3.2167217867923905,3.233873522715262,3.252465377329304,1e-12,0.0027148817610618088,0.06018381877752482,0.7343861719039491,0.7603685826538293,0.7767351068415188,0.9022099967021067,0.9126898316128819,0.9192295277779073,0.9498472220030109,0.9553430117892886,0.9587644954441202,1.0,0.0,0.0,0.0,0.0,0.006651006904640114,-0.6578713268557326,0.6433443573584782,0.013552147948779203
89.60000000000001,0.6579380490491192,0.6437917801148721,0.6579059861213143,0.0025454560371886907,3.2367439780010443,0.937674403561166,0.9673767087695275,0.986359483370103,0.1520743730140797,0.15510544185700978,0.15997024066170454,3.2189589005743606,3.2367439780010443,3.2548387392659235,1e-12,0.0027115547722391677,0.06013430554097947,0.7332581579380342,0.7592220312284226,0.7755900097199069,0.9017478180420131,0.9122307295023586,0.9187775736712694,0.9496038984965828,0.9551026863420249,0.9585287693479898,1.0,0.0,0.0,0.0,0.0,0.006628156774811697,-0.6579059861213143,0.6437917801148721,0.013401335487971799
89.80000000000001,0.6579691279775768,0.6442259471036009,0.6579381428900843,0.00253915362040709,3.2395327382422585,0.9364156262813625,0.966053407118928,0.9850096849413434,0.1522827666500887,0.15531789978211274,0.16018528075580177,3.221129735518004,3.2395327382422585,3.257143311402112,1e-12,0.0027084421181461826,0.0600883672998794,0.7321327868370237,0.7580777771575254,0.7744471647683383,0.9012862495978662,0.9117720859922089,0.9183260646520524,0.94936083400344,0.9548625405306306,0.9582932174909125,1.0,0.0,0.0,0.0,0.0,0.00660476682204203,-0.6579381428900843,0.6442259471036009,0.013254640108264258
90.0,0.6579977797342679,0.6446472076857005,0.6579678712709502,0.002533066382062594,3.2422419337272816,0.9351616318818653,0.9647348348745408,0.9836647307637449,0.15249098123456736,0.1555301783304749,0.1604000793939211,3.223236038428502,3.2422419337272816,3.259380895509211,1e-12,0.002705536924100108,0.06004589818435685,0.7310101167974109,0.7569359261108333,0.7733067037994661,0.9008253173955548,0.9113139449905545,0.9178750544062363,0.949118042433238,0.9546225974726659,0.9580578680196722,1.0,0.0,0.0,0.0,0.0,0.006580867953163663,-0.6579678712709502,0.6446472076857005,0.013111955028490127
90.2,0.6580241392222064,0.6450559020394534,0.6579952429561148,0.0025271879881965287,3.244873639431107,0.9339124630922035,0.9634210908205112,0.9823247511947228,0.15269899268807696,0.15574225782919107,0.16061462495462034,3.2252795101972667,3.244873639431107,3.261553246574332,1e-12,0.0027028330580174164,0.06000679577697888,0.7298902021321064,0.7557965790280672,0.772168753471687,0.9003650459661232,0.9108563486799299,0.9174245947868805,0.9488755369219458,0.9543828794048431,0.957822748151782,1.0,0.0,0.0,0.0,0.0,0.006556489973393725,-0.6579952429561148,0.6450559020394534,0.012973176570770078
90.4,0.6580482135320549,0.6454523614049595,0.6580203273093274,0.0025215115349429013,3.2474298778645814,0.9326681582317347,0.9621122678867958,0.9809898699486613,0.15290677773038577,0.1559541193628591,0.160828906483082,3.2272618070247976,3.2474298778645814,3.263662074052448,1e-12,0.002700324125005519,0.05997096098667505,0.7287730933880027,0.7546598322647596,0.7710334354450136,0.8999054583860213,0.9103993375664902,0.9169747358660495,0.9486333298520315,0.9541434077076524,0.9575878842013944,1.0,0.0,0.0,0.0,0.0,0.006531661624719881,-0.6580203273093274,0.6454523614049595,0.012838203426753035
90.60000000000001,0.6580701220212587,0.6458369083290187,0.658043191451593,0.0025160313611337524,3.2499126185680907,0.9314287513702819,0.9608084533580129,0.9796602042923854,0.15311431386390337,0.15616574475262363,0.1610429136735642,3.2291845416450937,3.2499126185680907,3.265709043058368,1e-12,0.0026980043927685546,0.05993829792629564,0.7276588374611046,0.753525777732947,0.7699008665013618,0.89944657631663,0.9099429505273855,0.9165255259729154,0.9483914328722992,0.9539042029290498,0.9573533015980243,1.0,0.0,0.0,0.0,0.0,0.006506410624462222,-0.658043191451593,0.6458369083290187,0.01270693694373038
90.80000000000001,0.6580898861945306,0.6462098568833723,0.6580639003386918,0.002510741154845024,3.2523237812813015,0.9301942724576203,0.9595097290751312,0.9783358651932235,0.15332157936413246,0.15637711653583236,0.1612566368568282,3.2310492844168612,3.2523237812813015,3.2676957754354294,1e-12,0.0026958679656397854,0.05990871380186894,0.7265474776849714,0.7523945030375293,0.7687711586259488,0.8989884200330562,0.9094872248567362,0.9160770117166339,0.9481498569120999,0.95366528480745,0.9571190248973436,1.0,0.0,0.0,0.0,0.0,0.006480763698288039,-0.6580639003386918,0.6462098568833723,0.012579280733622217
91.0,0.658107611970493,0.6465715128802236,0.6580825168355684,0.002505635214929314,3.2546652359292225,0.9289647474525928,0.9582161716305105,0.9770169577077011,0.15352855323200665,0.15658821794631234,0.1614700669872888,3.232857564401118,3.2546652359292225,3.2696238508629505,1e-12,0.0026939094834018515,0.05988211880633081,0.7254390539199801,0.7512660916084661,0.7676444192956361,0.8985310084534773,0.909032196310207,0.9156292380916387,0.9479086121958546,0.9534266722940232,0.9568850778350536,1.0,0.0,0.0,0.0,0.0,0.006454746612340315,-0.6580825168355684,0.6465715128802236,0.012455141076002424
91.2,0.6581233015638095,0.6469221741032355,0.6580991017927353,0.0025007074671159436,3.256938804824232,0.9277401984678149,0.9569278525562316,0.9757035812091492,0.1537352151706886,0.15679903289524935,0.16168319562710398,3.2346108705161773,3.256938804824232,3.2714948080267474,1e-12,0.0026921233843896263,0.059858426010378,0.7243336026578182,0.7501406228288201,0.7665207516324171,0.8980743591749976,0.9085778991482176,0.915182248529889,0.9476677082610403,0.9531883835743062,0.9566514833531105,1.0,0.0,0.0,0.0,0.0,0.006428384208382543,-0.6580991017927353,0.6469221741032355,0.01233442657250909
91.4,0.6581370693746343,0.6472621305207171,0.6581137141166392,0.002495953097061942,3.2591462622217966,0.9265206438940397,0.9556448385058208,0.9743958296118249,0.15394154556239867,0.15700954595282082,0.1618960149334293,3.2363106526035854,3.2591462622217966,3.273310145646586,1e-12,0.0026905047322883773,0.05983755126194395,0.72323115710883,0.7490181721582506,0.7654002545557747,0.8976184885026655,0.908124366177491,0.9147360849529846,0.9474271539725941,0.9529504360889626,0.9564182636259172,1.0,0.0,0.0,0.0,0.0,0.006401700435803917,-0.6581137141166392,0.6472621305207171,0.012217048523746606
91.60000000000001,0.6581489395059862,0.6475916644576274,0.6581264108292072,0.0024913669617323666,3.2612893370720473,0.9253060984884645,0.9543671914302779,0.9730937912477086,0.1541475254997453,0.157219742330263,0.16210851765165363,3.237958322288137,3.2612893370720473,3.275071323308847,1e-12,0.002689048427262106,0.059819413101132514,0.7221317472578112,0.7478988112532335,0.7642830226386187,0.8971634114656408,0.907671628791593,0.9142907877063957,0.9471869575305608,0.9527128465540532,0.9561854400249097,1.0,0.0,0.0,0.0,0.0,0.006374718375966537,-0.6581264108292072,0.6475916644576274,0.01210291975444788
91.80000000000001,0.6581589690550417,0.6479110507739477,0.6581372471271499,0.0024869440073035528,3.2633697137411772,0.9240965734790372,0.9530949687489864,0.9717975493163982,0.15435313672638512,0.15742960786226232,0.16232069710558525,3.2395552538697383,3.2633697137411777,3.2767797624126462,1e-12,0.0026877496750164257,0.059803932675499966,0.7210353999351516,0.7467826080845297,0.7631691464552903,0.8967091418398615,0.9072197170107024,0.913846395689737,0.9469471264811852,0.9524756309809399,0.9559530331856294,1.0,0.0,0.0,0.0,0.0,0.006347460267754318,-0.6581372471271499,0.6479110507739477,0.011991955574973144
92.0,0.658167229244919,0.6482205570830684,0.6581462764491518,0.0024826791872395487,3.2653890332060804,0.9228920767072967,0.951828223514861,0.9705071821613763,0.15455836160422967,0.15763912898986746,0.16253254718056684,3.2411027854153414,3.2653890332060804,3.2784368473011467,1e-12,0.0026866039068244355,0.05979103364406875,0.7199421389239209,0.7456696270510618,0.7620587127835895,0.8962556921858023,0.9067686595201941,0.9134029464295,0.946707667735997,0.9522388046956008,0.9557210630447913,1.0,0.0,0.0,0.0,0.0,0.006319947540717477,-0.6581462764491518,0.6482205570830684,0.011884073493063623
92.2,0.6581737331749753,0.6485204439797285,0.6581535505434994,0.0024785672785048764,3.2673488943204365,0.9216926127664062,0.9505670045729069,0.9692227634064526,0.1547631831023103,0.15784829274411893,0.16274406230704594,3.242602219898642,3.2673488943204365,3.280043926391414,1e-12,0.002685606494126676,0.05978064208071511,0.7188519850638238,0.7445599290893027,0.7609518046884463,0.8958030738852045,0.9063184837076306,0.9129604761048999,0.9464685875903828,0.9520023823571322,0.9554895488528695,1.0,0.0,0.0,0.0,0.0,0.006292200849580931,-0.6581535505434994,0.6485204439797285,0.011779193084395118
92.4,0.6581785762646765,0.6488109652113638,0.6581591195213146,0.0024746044940006347,3.2692508532565587,0.9204981830784014,0.9493113567129008,0.9679443619970352,0.15496758480056053,0.15805708673043464,0.1629552374545253,3.244054826056819,3.269250853256559,3.281602312965428,1e-12,0.002684753282737152,0.05977268639812209,0.7177649563009715,0.7434535717783588,0.7598485015245963,0.8953512971555371,0.9058692156981076,0.9125190195414714,0.9462298917304227,0.9517663779754,0.9552585091698221,1.0,0.0,0.0,0.0,0.0,0.006264240098055984,-0.6581591195213146,0.6488109652113638,0.011677236061382549
92.60000000000001,0.6581817681187844,0.6490923678090512,0.6581630318995096,0.0024707859242260907,3.2710964270963157,0.9193087859453597,0.9480613208177759,0.9666720424976222,0.15517155085238638,0.15826549911314763,0.16316606812992587,3.245461839045256,3.2710964270963157,3.283113285842178,1e-12,0.002684039942266843,0.059767097286414744,0.7166810677146246,0.7423506094430857,0.7587488791613469,0.8949003710549988,0.9054208803891854,0.912078610293648,0.945991585234742,0.9515308049285157,0.9550279619073988,1.0,0.0,0.0,0.0,0.0,0.006236084455329943,-0.6581630318995096,0.6490923678090512,0.011578126070032613
92.80000000000001,0.6581834161835581,0.6493648922525179,0.6581653346506652,0.002467108186778902,3.2728870921936886,0.9181244166475733,0.946816934007986,0.9654058651726912,0.1553750659813612,0.15847351860038675,0.1633765503674414,3.2468244612625896,3.2728870921936886,3.284578090277485,1e-12,0.002683462664454659,0.05976380764190676,0.7156003315873886,0.7412510932547811,0.7576530100221427,0.8944503035056975,0.9049735014850359,0.9116392806535685,0.9457536725859774,0.9512956759799265,0.9547979243328766,1.0,0.0,0.0,0.0,0.0,0.006207752379391113,-0.6581653346506652,0.6493648922525179,0.011481788782554831
93.0,0.6581834477148512,0.6496287726756491,0.6581660732613086,0.0024635662475055694,3.274624288340544,0.9169450675750918,0.9455782297807035,0.9641458863265504,0.1555781154359413,0.15868113442931134,0.1635866807121638,3.248143863378245,3.274624288340544,3.28599793900808,1e-12,0.0026830170942601862,0.059762752483844765,0.7145227575068149,0.7401550713289576,0.7565609633495265,0.8940011013301072,0.90452710152975,0.9112010617504559,0.9455161576892868,0.9510610032951052,0.9545684131202461,1.0,0.0,0.0,0.0,0.0,0.006179261648111833,-0.6581660732613086,0.6496287726756491,0.011388151696314009
93.2,0.6581820338674508,0.6498842370494242,0.6581652917835101,0.002460156653310275,3.2763094164934903,0.915747709096742,0.9443452381434021,0.9628921583532676,0.15578068499023723,0.1588883363521071,0.16380057357495786,3.249421185247121,3.2763094164934903,3.2873740131242397,1e-12,0.0026826999440371516,0.05976386888069971,0.713427278048183,0.7390625888188581,0.7554728052209783,0.8935439717892515,0.9040817019389927,0.9107639835504912,0.9452743899366257,0.9508267984573797,0.9543394443493394,1.0,0.0,0.0,0.0,0.0,0.0061506293856842115,-0.6581652917835101,0.6498842370494242,0.011297144102575625
93.4,0.6581791240824033,0.6501315073238649,0.6581630328759029,0.002456875335582837,3.2779438419060773,0.9145547700126454,0.9431179857427598,0.9616447297706625,0.15598276094724992,0.15909511462238987,0.16401423394022205,3.2506575366193244,3.2779438419060773,3.288707462779099,1e-12,0.002682507211730844,0.05976709589156716,0.7123343872506728,0.7379736880060769,0.7543885985514588,0.8930874558640588,0.9036373230307275,0.9103280748513684,0.945032884980977,0.950593072483299,0.9541110335021724,1.0,0.0,0.0,0.0,0.0,0.006121872080938506,-0.6581630328759029,0.6501315073238649,0.011208697177572816
93.60000000000001,0.6581748445460788,0.650370799563653,0.6581593378425968,0.00245371909051385,3.279528893563644,0.913366666196767,0.9418964959897889,0.9604036454635164,0.15618433010799954,0.15930145998193257,0.16422758301941953,3.2518539978182646,3.2795288935636444,3.289999407898961,1e-12,0.00268243569681055,0.059772374510575974,0.7112444813671043,0.7368884083888938,0.7533084032786217,0.892631721452192,0.9031939840552008,0.9098933633504039,0.9447917318787367,0.9503598358376395,0.953883195497839,1.0,0.0,0.0,0.0,0.0,0.006093005604964438,-0.6581593378425968,0.650370799563653,0.011122743939202363
93.80000000000001,0.6581691265205593,0.6506023241089927,0.6581542466773205,0.0024506833931346233,3.28106586726342,0.9121833808816394,0.9406807891810259,0.959168946988763,0.1563853797299354,0.15950736364756835,0.16444061922617212,3.253011620544963,3.28106586726342,3.2912509390267357,1e-12,0.002682481579268478,0.0597796476038278,0.7101575609776996,0.7358067867686428,0.752232276604057,0.8921767714318596,0.9027517032244704,0.9094598757356536,0.9445509324230223,0.9501270984482048,0.9536559447395208,1.0,0.0,0.0,0.0,0.0,0.006064045233842158,-0.6581542466773205,0.6506023241089927,0.01103921898064494
94.0,0.6581621166323621,0.6508262857412987,0.658147798107867,0.0024477653918724704,3.2825560234910034,0.9110048946417711,0.9394708826152601,0.9579406725096641,0.1565858975452227,0.15971281729870976,0.16465334147187383,3.2541314287064935,3.2825560234910034,3.2924631181433694,1e-12,0.0026826419771316607,0.0597888598459042,0.7090736241090776,0.734728857332671,0.751160272912908,0.8917226076159498,0.9023104977405991,0.909027637647842,0.9443104878443092,0.949894869719936,0.9534292950938187,1.0,0.0,0.0,0.0,0.0,0.006035005672310426,-0.658147798107867,0.6508262857412987,0.010958058577246339
94.2,0.6581537667297308,0.6510428838174871,0.658140029632575,0.0024449615694128526,3.2840005906086063,0.9098311854486153,0.9382667907060869,0.9567188568941425,0.15678587175228736,0.1599178130652322,0.16486574916206978,3.2552144190874355,3.2840005906086067,3.2936369793158646,1e-12,0.0026829133819583953,0.059799957667749946,0.7079926662689717,0.7336546517347046,0.7500924438367639,0.8912692307611241,0.9018703838230152,0.908596673699964,0.9440703988145221,0.9496631585486058,0.953203259900308,1.0,0.0,0.0,0.0,0.0,0.006005901071678393,-0.658140029632575,0.6510428838174871,0.01087920074629653
94.4,0.6581441910958609,0.6512523123873495,0.6581309775520952,0.0024422691829860854,3.285400764244888,0.9086622287149938,0.9370685250910354,0.9555035319647196,0.1569852909821986,0.16012234351565055,0.16507784219459198,3.256261561936747,3.285400764244888,3.2947735293102154,1e-12,0.002683293014125899,0.059812889211292526,0.7069146804717605,0.7325841991731161,0.749028838450245,0.8908166405731417,0.9014313767352023,0.9081670075510676,0.9438306654491441,0.9494319733341839,0.9529778520095388,1.0,0.0,0.0,0.0,0.0,0.005976745044596429,-0.6581309775520952,0.6512523123873495,0.010802585130484618
94.60000000000001,0.6581333352034135,0.6514547603465781,0.6581206770085777,0.002439684143207259,3.286757710226203,0.9074979973771635,0.9358760947370909,0.9542947267284014,0.15718414426771843,0.16032640164546075,0.16528962095071023,3.2572738017328904,3.286757710226203,3.2958737484297402,1e-12,0.002683777559750979,0.059827604273460365,0.7058396572992424,0.731517526467357,0.7479695034519716,0.8903648357270735,0.9009934908109588,0.9077386619741773,0.9435912873172178,0.9492013219940132,0.9527530838180182,1.0,0.0,0.0,0.0,0.0,0.00594755068611362,-0.6581206770085777,0.6514547603465781,0.010728152799330974
94.80000000000001,0.6581213040863202,0.651650411884682,0.6581091620898463,0.0024372041212533794,3.288072564000001,0.9063384620626616,0.9346895061477692,0.9530924674387645,0.15738242103947525,0.16052998084803502,0.16550108627038432,3.25825205942341,3.288072564000001,3.296938592788799,1e-12,0.002684364408985512,0.05984405415736235,0.7047675850414953,0.7304546582255693,0.7469144832000212,0.8899138139213836,0.9005567395180983,0.9073116588657176,0.9433522634693179,0.9489712119957084,0.9525289672725369,1.0,0.0,0.0,0.0,0.0,0.0059183306389748586,-0.6581091620898463,0.651650411884682,0.010655846282004448
95.0,0.6581081065011956,0.6518394692229834,0.6580964702064299,0.0024348256278280238,3.2893465739731025,0.9051835878889338,0.9335087656944832,0.9518967828593858,0.1575801102609231,0.1607330745372073,0.16571224004384513,3.2591973461149166,3.2893465739731025,3.2979691124473445,1e-12,0.002685050317302958,0.059862185419385754,0.7036984467179854,0.7293956188718345,0.745863824321523,0.8894635706178976,0.9001211362728064,0.9068860211089462,0.9431135917688758,0.9487416507837569,0.9523055148479426,1.0,0.0,0.0,0.0,0.0,0.005889099971393766,-0.6580964702064299,0.6518394692229834,0.010585602526824212
95.2,0.6580937752792487,0.6520220917714011,0.6580826300256256,0.002432545776705872,3.29058072476219,0.904033341344553,0.9323338725687943,0.9507076898239949,0.1577772028201114,0.16093567731788602,0.16592308396160213,3.2601104588570053,3.29058072476219,3.29896613528113,1e-12,0.002685832849458338,0.059881957106249106,0.702632226428041,0.7283404264367432,0.7448175630113142,0.8890141017089715,0.8996866919201543,0.906461767425109,0.9428752703050715,0.9485126444563474,0.9520827368436712,1.0,0.0,0.0,0.0,0.0,0.005859868366520596,-0.6580826300256256,0.6520220917714011,0.010517371686851495
95.4,0.6580783414865956,0.6521984370156662,0.6580676702938963,0.002430362013191937,3.291775988812021,0.9028876872783488,0.9311648244933218,0.9495252036618299,0.15797368982047788,0.16113778404336837,0.166133620065368,3.2609921850783303,3.291775988812021,3.2999304792430872,1e-12,0.0026867096058626034,0.05990332815157661,0.7015689065634227,0.7272890975723113,0.7437757341513975,0.8885654023429466,0.899253416764164,0.9060389160563215,0.9426372967701131,0.9482841988309104,0.9518606433157003,1.0,0.0,0.0,0.0,0.0,0.0058306455036515464,-0.6580676702938963,0.6521984370156662,0.010451104499821891
95.60000000000001,0.6580618311062829,0.652368670052199,0.6580516209368673,0.002428271702932248,3.2929333862461343,0.9017465872434892,0.9300016186013422,0.9483493403668088,0.15816956222269526,0.16133938967447187,0.16634385105745575,3.2618433502609947,3.2929333862461343,3.3008630021320933,1e-12,0.0026876780623061296,0.05992625580447516,0.7005084662594924,0.7262416483131887,0.742738373215365,0.8881174662659331,0.8988213208721447,0.905617485536746,0.9423996681095174,0.9480563196033428,0.9516392444813784,1.0,0.0,0.0,0.0,0.0,0.005801442184425631,-0.6580516209368673,0.652368670052199,0.010386749322997981
95.80000000000001,0.6580442729045333,0.6525329528193665,0.6580345110600287,0.0024262722889276753,3.294053918151701,0.9006100003920671,0.9288442500783479,0.9471801139913343,0.15836481127957078,0.16154048950947783,0.16655378014312494,3.2626647640968325,3.294053918151701,3.3017645455267193,1e-12,0.0026887357744819233,0.059950698485673144,0.6994508822095189,0.7251980928684192,0.7417055139667819,0.8876702861593513,0.8983904135807272,0.9051974937569889,0.9421623807003098,0.9478290120881001,0.9514185502278473,1.0,0.0,0.0,0.0,0.0,0.005772268929376906,-0.6580345110600287,0.6525329528193665,0.010324255460303506
96.0,0.6580256944559545,0.6526914423521972,0.6580163687075804,0.002424361649714007,3.295138555457258,0.8994778836908107,0.9276927119913386,0.9460175362647324,0.1585594286045287,0.16174107921723355,0.16676341099628578,3.263457211760986,3.295138555457258,3.302635925715221,1e-12,0.002689880389511682,0.05997661613202782,0.6983961288525644,0.7241584434584606,0.7406771881085579,0.887223853714284,0.897960703425651,0.9047789578177111,0.9419254303897897,0.9476022811807782,0.9511985700346359,1.0,0.0,0.0,0.0,0.0,0.005743135769929922,-0.6580163687075804,0.6526914423521972,0.010263573730637309
96.2,0.6580061237838433,0.6528442910606885,0.6579972209199806,0.0024225375204669185,3.2961882412247974,0.8983501919945598,0.926546995392896,0.944861616763518,0.15875340614830194,0.16194115482408392,0.16697274775103332,3.2642214553034425,3.2961882412247974,3.303477935151249,1e-12,0.0026911096466332445,0.060003970114313354,0.6973441784302405,0.7231227103958398,0.7396534254188851,0.8867781596507285,0.8975321981708189,0.9043618940807713,0.9416888125050995,0.9473761313728852,0.9509793130000059,1.0,0.0,0.0,0.0,0.0,0.00571405229076391,-0.6579972209199806,0.6528442910606885,0.010204656356892447
96.4,0.6579855829678355,0.6529916471330822,0.6579770938145251,0.002420797171833961,3.2972038932998107,0.8972268780921958,0.9254070894373956,0.9437123631311498,0.1589467361668485,0.16214071269843805,0.16718179499810584,3.2649582356654108,3.2972038932998107,3.304291344560309,1e-12,0.0026924213454706343,0.060032723122106973,0.6962950010183468,0.7220909021775593,0.7386342539324409,0.8863331937263356,0.8971049048423787,0.9039463182391534,0.941452521857228,0.947150566769288,0.9507607878772162,1.0,0.0,0.0,0.0,0.0,0.005685027683430974,-0.6579770938145251,0.6529916471330822,0.010147456784892758
96.60000000000001,0.6579641004940741,0.653133654774906,0.657956012635481,0.002419138195998787,3.298186404891266,0.8961078927219562,0.9242729814719529,0.9425697811396944,0.15913941121540062,0.16233974953947983,0.16739055778693146,3.26566827387453,3.298186404891266,3.305076904149645,1e-12,0.0026938133885704217,0.06006283909216993,0.6952485645302842,0.7210630255554865,0.7376196999827823,0.8858889447332418,0.8966788297538887,0.9035322453306376,0.9412165527386969,0.9469255911009707,0.9505430030812498,1.0,0.0,0.0,0.0,0.0,0.005656070777547817,-0.657956012635481,0.653133654774906,0.010091929654336721
96.80000000000001,0.6579416991911056,0.6532704543310122,0.6579340017776188,0.002417558362664458,3.299136645527225,0.894993184571589,0.9231446571120637,0.9414338747335015,0.15933142414538842,0.1625382623682745,0.16759904163046924,3.2663522716550606,3.299136645527225,3.3058353442127104,1e-12,0.00269528373299278,0.06009428317483022,0.6942048347064721,0.720039085593752,0.7366097882293053,0.8854454004889594,0.8962539785263036,0.9031196897452722,0.9409808989180887,0.9467012077350878,0.9503259666922904,1.0,0.0,0.0,0.0,0.0,0.005627190055168749,-0.6579340017776188,0.6532704543310122,0.010038030810170661
97.0,0.6579184022782859,0.6534021823716626,0.6579110848050166,0.002416055541425456,3.300055461754919,0.8938827002792765,0.9220221003108139,0.9403046461368126,0.15952276809039106,0.16273624851975538,0.16780725250990466,3.267010911858313,3.300055461754919,3.3065849909998697,1e-12,0.0026968304115145792,0.060127021707119185,0.6931637751045838,0.7190190857210697,0.7356045417416045,0.885002547827588,0.895830356106038,0.9027086652563991,0.9407455536347393,0.9464774196840222,0.9501096864716031,1.0,0.0,0.0,0.0,0.0,0.005598393660945555,-0.6579110848050166,0.6534021823716626,0.009992998308063559
97.2,0.6578942321781417,0.6535289717830889,0.6578872844703316,0.0024146276740913087,3.300943677743216,0.8927763844481145,0.9209052934250278,0.9391820959684467,0.15971343645060232,0.16293370563503926,0.16801519687679145,3.2676448589154443,3.300943677743216,3.3073132745841125,1e-12,0.0026984515261897733,0.06016102218524042,0.6921253471026138,0.7180030277809257,0.7346039820910036,0.8845603725964652,0.8954079667822876,0.9022991850548187,0.9405105095963175,0.946254229614071,0.9498941698790919,1.0,0.0,0.0,0.0,0.0,0.005569689413602225,-0.6578872844703316,0.6535289717830889,0.009951308750947314
97.4,0.6578692105336907,0.6536509518640892,0.6578626227352316,0.0024132727673120405,3.3018020958506895,0.8916741796641414,0.9197942172790027,0.9380662233312497,0.1599034228812991,0.16313063165399133,0.16822288165448404,3.2682547593204454,3.3018020958506895,3.308015987087442,1e-12,0.0027001452464268188,0.060196253235383426,0.6910895099054737,0.7169909120801224,0.7336081294204712,0.8841188596543291,0.8949868142037969,0.901891261774314,0.9402757589772051,0.9460316398538491,0.9496794240863355,1.0,0.0,0.0,0.0,0.0,0.005541084818689687,-0.6578626227352316,0.6536509518640892,0.00991090377976752
97.60000000000001,0.6578433582166097,0.6537682484156828,0.6578371207892271,0.002411989066142403,3.302631497001915,0.8905760264985932,0.9186888512258119,0.9369570258754619,0.1600927212855306,0.16332702480808692,0.16843031424250554,3.268841242078414,3.302631497001915,3.308693797861267,1e-12,0.002701909807222737,0.06023268458681837,0.6900562205369473,0.7159827374355471,0.7326170024919307,0.8836779928632429,0.8945669013949669,0.9014849075080729,0.9400412934135602,0.9458096524023581,0.9494654559848499,1.0,0.0,0.0,0.0,0.0,0.005512587080474557,-0.6578371207892271,0.6537682484156828,0.009871749477233509
97.80000000000001,0.6578166955882631,0.6538809838287999,0.6578107990661818,0.002410774764895054,3.303432641514197,0.8894818635200566,0.9175891732066692,0.9358544998843209,0.1602813258028264,0.16352288361340608,0.16863750251903556,3.2694049191439993,3.303432641514197,3.309347358342308,1e-12,0.002703743508448388,0.060270287048311666,0.6890254338410746,0.7149785012198059,0.7316306187540329,0.8832377550845253,0.8941482307716482,0.9010801338336275,0.9398071040005055,0.9455882689369057,0.9492522721988522,1.0,0.0,0.0,0.0,0.0,0.005484203112350164,-0.6578107990661818,0.6538809838287999,0.009833812820801657
98.0,0.657789241434818,0.6539892771817841,0.6577836772646452,0.002409627841535433,3.3042062697863037,0.8883916273080962,0.916495159807802,0.9347586403813759,0.16046923079395223,0.16371820686389985,0.16884445484308877,3.2699463859089204,3.3042062697863037,3.3099773025906294,1e-12,0.002705644708892344,0.06030903247907824,0.6879971024850862,0.7139781994051051,0.7306489944300703,0.8827981281753404,0.8937308041563233,0.900676951846236,0.9395731812896646,0.9453674908207151,0.9490398791024917,1.0,0.0,0.0,0.0,0.0,0.0054559395503284425,-0.6577836772646452,0.6539892771817841,0.009797061640868228
98.2,0.6577610150687572,0.6540932443313807,0.6577557743665773,0.0024085464601474637,3.3049531024041414,0.8873052524402001,0.9154067863144619,0.9336694411852862,0.16065643083442482,0.16391299362510145,0.16905118006174458,3.2704662216569034,3.3049531024041414,3.3105842477455956,1e-12,0.0027076118325718166,0.06034889376203247,0.686971176937297,0.7129818266047666,0.7296721445595865,0.8823590929745692,0.8933146227923355,0.9002753721734257,0.9393395152809914,0.9451473191100344,0.9488282828271793,1.0,0.0,0.0,0.0,0.0,0.005427802765911607,-0.6577557743665773,0.6540932443313807,0.00976146460301059
98.4,0.6577320346923595,0.6541929979951719,0.657727108651074,0.0024075286913492243,3.3056738409145976,0.8862226714826007,0.914324026762986,0.9325868949586461,0.16084292070890774,0.1641072432280162,0.1692576875166807,3.2709649899758597,3.3056738409145976,3.311168794456665,1e-12,0.002709643361055945,0.06038984478418002,0.685947605448645,0.7119893761134707,0.7287000830350869,0.8819206292901755,0.8928996873577055,0.8998754049876242,0.9391060954153846,0.944927754561042,0.9486174892679236,1.0,0.0,0.0,0.0,0.0,0.005399798875439968,-0.657727108651074,0.6541929979951719,0.009726991207187563
98.60000000000001,0.6577023173703305,0.6542886478251408,0.6576976977079766,0.0024065727150495314,3.3063691681042444,0.8851438149684596,0.9132468539909131,0.9315109932790681,0.1610286954016248,0.16430095526324434,0.16946398705316035,3.2714432391257042,3.3063691681042444,3.3117315272626255,1e-12,0.0027117378320591617,0.06043186041717627,0.6849263340222659,0.711000839946087,0.7277328226591936,0.8814827158813856,0.8924859979784373,0.8994770600273081,0.9388729105645292,0.9447087976364925,0.9484075040941653,1.0,0.0,0.0,0.0,0.0,0.0053719337494295,-0.6576976977079766,0.6542886478251408,0.009693611762926189
98.80000000000001,0.6576718792808667,0.6543803004644719,0.657667558446965,0.0024056770485933843,3.307039748241934,0.8840686113615608,0.912175239685539,0.9304417266973646,0.16121375008882097,0.16449412957527387,0.1696700890318726,3.2719015023223594,3.307039748241934,3.3122730148661277,1e-12,0.002713893839487699,0.06047491650433567,0.6839073063692388,0.7100162088754298,0.7267703751907437,0.8810453304348389,0.8920735542414434,0.8990803466137284,0.9386399490175128,0.9444904485121642,0.9481983327582993,1.0,0.0,0.0,0.0,0.0,0.005344213019158259,-0.657667558446965,0.6543803004644719,0.00966129735438472
99.0,0.6576407367300259,0.6544680596114059,0.6576367071080088,0.0024048402266890075,3.3076862278591213,0.8829969870312331,0.9111091544309537,0.9293790848026604,0.1613980801298646,0.16468676625687162,0.1698760043387263,3.272340298057029,3.3076862278591213,3.3127938105096444,1e-12,0.002716110036286551,0.06051898984570157,0.6828904638748133,0.7090354724691272,0.7258127513976113,0.8806084495451174,0.8916623552072325,0.8986852736705261,0.9384071984697564,0.9442727070832002,0.947989980505733,1.0,0.0,0.0,0.0,0.0,0.005316642084493825,-0.6576367071080088,0.6544680596114059,0.009630019831421567
99.2,0.6576089049809478,0.6545520261000948,0.6576051592755711,0.00240406083605059,3.308309236163309,0.8819288662407959,0.9100485677531427,0.9283230563032572,0.1615816810554355,0.16487886564370283,0.17008174439212084,3.2727601305004734,3.308309236163309,3.313294452428891,1e-12,0.0027183851285995844,0.06056405817775555,0.6818757455773681,0.7080586191250808,0.7248599611242522,0.8801720487006525,0.8912523994220888,0.8982918497495558,0.9381746460147947,0.9440555729701914,0.9477824523882358,1.0,0.0,0.0,0.0,0.0,0.005289226124963409,-0.6576051592755711,0.6545520261000948,0.009599751796794675
99.4,0.6575763987445361,0.6546322979820602,0.657572929892636,0.0024033375108696536,3.308909385477525,0.8808641711276833,0.9089934481629062,0.927273629100332,0.16176454855675598,0.16507042830925533,0.170287321151875,3.2731614899103008,3.308909385477525,3.313775464270222,1e-12,0.0027207178763342605,0.06061010015337697,0.6808630881394353,0.7070856361052099,0.7239120133533836,0.8797361022661441,0.8908436849295902,0.8979000830544425,0.9379422781341847,0.9438390455249115,0.9475757532761127,1.0,0.0,0.0,0.0,0.0,0.00526197011114779,-0.657572929892636,0.6546322979820602,0.009570466581087393
99.60000000000001,0.6575432321141964,0.6547089705983571,0.6575400332720986,0.002402668926807423,3.3094872716686443,0.8798028216676962,0.9079437631967141,0.9262307903479495,0.16194667847702485,0.16526145506004936,0.17049274713130597,3.2735448529917854,3.3094872716686443,3.3142373554612554,1e-12,0.002723107091829765,0.06065709532557331,0.6798524258035061,0.706116509567574,0.7229689162558245,0.8793005834583245,0.8904362092815064,0.8975099814593847,0.9377100806838515,0.9436231238357338,0.9473698878678867,1.0,0.0,0.0,0.0,0.0,0.005234878814414395,-0.6575400332720986,0.6547089705983571,0.009542138219930428
99.80000000000001,0.6575094185706372,0.654782136645562,0.6575064831062937,0.0024020537958673884,3.3100434745630505,0.8787447356298025,0.9068994794557069,0.9251945265086859,0.16212806680346456,0.1654519469310927,0.17069803541126644,3.2739106832278093,3.3100434745630505,3.3146806215624736,1e-12,0.0027255516389546757,0.060705024133866144,0.6788436903386348,0.7051512245970797,0.7220306772368085,0.8788654643176164,0.890029969548158,0.8971215525266135,0.9374780388782237,0.9434078067327657,0.9471648606992875,1.0,0.0,0.0,0.0,0.0,0.005207956815566364,-0.6575064831062937,0.654782136645562,0.009514741436137923
100.0,0.6574749709916129,0.6548518862396746,0.6574722924757348,0.0024014908620836424,3.3105785583502336,0.8776898285261929,0.9058605626429646,0.9241648234099198,0.16230870965910638,0.1656419051815639,0.17090319965525674,3.274259431198373,3.3105785583502336,3.3151057446106105,1e-12,0.002728050432297082,0.06075386789180737,0.6778368109822324,0.7041897652348571,0.7210973029833315,0.8784307156775516,0.8896249623282794,0.8967348035243918,0.937246137273149,0.9431930927927311,0.9469606761525369,1.0,0.0,0.0,0.0,0.0,0.005181208513290653,-0.6574722924757348,0.6548518862396746,0.009488251622755687
100.2,0.6574399016587908,0.654918306978684,0.657437473857255,0.002400978898115648,3.3110930719745,0.8766380135576985,0.9048269775990798,0.923141666300109,0.1624886032944327,0.16583133129072564,0.1711082541256093,3.27459153489342,3.3110930719745,3.3155131934533997,1e-12,0.0027306024364021847,0.06080360877534984,0.6768317143771442,0.7032321145063284,0.7201687995118987,0.8779963071319755,0.8892211837583804,0.8963497414452899,0.9370143597476038,0.9429789803435865,0.9467573384657963,1.0,0.0,0.0,0.0,0.0,0.005154638132600045,-0.657437473857255,0.654918306978684,0.009462644825829624
100.4,0.6574042222637985,0.65498148400331,0.6574020391313996,0.0024005167028168218,3.3115875495149525,0.8755892015534691,0.903798688336059,0.9221250399038926,0.16266774407908235,0.16602022695407,0.1713132137009801,3.2749074200165498,3.3115875495149525,3.3159034240743526,1e-12,0.002733206665077126,0.06085422981228623,0.675828324502883,0.7022782544479633,0.7192451722156146,0.8775622069995281,0.8888186295216038,0.8959663730242995,0.9367826894839192,0.9427654674688809,0.946554851742542,1.0,0.0,0.0,0.0,0.0,0.005128249733163587,-0.6574020391313996,0.65498148400331,0.009437897727428831
100.60000000000001,0.6573679439135315,0.6550415000556791,0.6573659995889822,0.002400103099774873,3.31206251055395,0.8745433009042327,0.9027756580695754,0.9211149284758199,0.16284612849365804,0.1662085940797005,0.17151809389530254,3.275207500278395,3.31206251055395,3.316276879907237,1e-12,0.002735862180769969,0.06090571487288243,0.6748265626003476,0.7013281661327219,0.7183264259104257,0.8771283822850945,0.8884172948560677,0.8955847047567052,0.9365511089463593,0.9425525520118433,0.946353219960825,1.0,0.0,0.0,0.0,0.0,0.005102047217469402,-0.6573659995889822,0.6550415000556791,0.009413987629199438
100.80000000000001,0.6573310771347053,0.6550984355359585,0.6573293659367906,0.002399736936768827,3.3125184605343545,0.8735002174887612,0.901757849249606,0.9201113158528492,0.16302375312161585,0.16639643478495195,0.17172291087830205,3.275492177679792,3.3125184605343545,3.3166339921404644,1e-12,0.0027385680940236272,0.06095804866172768,0.6738263470895929,0.7003818296941993,0.7174125648806177,0.8766947986380097,0.8880171745627007,0.8952047429157528,0.9363195998579318,0.942340231579204,0.9461524469824393,1.0,0.0,0.0,0.0,0.0,0.0050760343388327606,-0.6573293659367906,0.6550984355359585,0.009390892436432815
101.0,0.657293631877686,0.6551523685570237,0.6572921483024367,0.0023994170860462648,3.3129558911058727,0.8724598545931938,0.9007452235894786,0.9191141855057354,0.16320061464121965,0.16658375139325057,0.1719276814976676,3.2757618427851187,3.3129558911058727,3.316975180011681,1e-12,0.002741323563004752,0.06101121671080476,0.6728275934802672,0.6994392243494706,0.7165035929236759,0.8762614203068285,0.8876182630125525,0.8948264935701558,0.9360881431753277,0.9421285035447439,0.9459525365620155,1.0,0.0,0.0,0.0,0.0,0.005050214709269099,-0.6572921483024367,0.6551523685570237,0.009368590642595551
101.2,0.6572556175196101,0.6552033749972204,0.6572543562383419,0.0023991424452922466,3.313375280460853,0.8714221128228146,0.8997377420933554,0.9181235205893832,0.16337670981755104,0.16677054643121875,0.17213242330298698,3.2760168749861016,3.313375280460853,3.3173008510928663,1e-12,0.00274412779310825,0.06106520537379721,0.6718302142742711,0.698500328420643,0.7155995133945534,0.8758282100904378,0.8872205541535875,0.894449962601458,0.9358567190618664,0.9419173650525668,0.9457534923560521,1.0,0.0,0.0,0.0,0.0,0.005024591807256687,-0.6572543562383419,0.6552033749972204,0.009347061314303247
101.4,0.6572170428668123,0.6552515285512598,0.6572159987248399,0.0023989119391382235,3.313777093659883,0.870386890005826,0.8987353650821754,0.9171393039922329,0.16355203549456684,0.16695682262602604,0.17233715457156754,3.2762576427562986,3.313777093659883,3.3176114015662304,1e-12,0.0027469800366385034,0.061120001821657215,0.6708341188601268,0.6975651193551148,0.7147003292493985,0.8753951292852638,0.8868240415169452,0.8940751557212698,0.9356253068583101,0.9417068130200934,0.9455553179318934,1.0,0.0,0.0,0.0,0.0,0.004999168985403826,-0.6572159987248399,0.6552515285512598,0.009326284076734232
101.60000000000001,0.6571779161565334,0.6552969007793022,0.6571770841723752,0.0023987245210457565,3.314161782947535,0.8693540810886144,0.8977380522180652,0.9161615183847442,0.1637265885871962,0.16714258290299433,0.17254189433627365,3.276484503896511,3.314161782947535,3.317907216491168,1e-12,0.0027498795925686597,0.06117559403946391,0.669839213398509,0.6966335737445335,0.7138060430887897,0.874962137628301,0.8864287182226639,0.8937020784883972,0.9353938850513982,0.9414968441407693,0.9453580167766621,1.0,0.0,0.0,0.0,0.0,0.004973949478042,-0.6571770841723752,0.6552969007793022,0.009306239099460918
101.80000000000001,0.6571382450578918,0.6553395611542655,0.6571376204227748,0.0023985791753960884,3.3145297880586213,0.8683235780219453,0.8967457625272424,0.9151901462670488,0.16390036607346797,0.16732783038346055,0.17274666241552758,3.2766978057713274,3.3145297880586213,3.3181886700625554,1e-12,0.0027528258063796557,0.06123197082460736,0.6688454006983274,0.6957056673424467,0.7129166572005308,0.8745291932356665,0.8860345769848542,0.8933307363258828,0.9351624312399376,0.9412874548864792,0.9451615923061577,1.0,0.0,0.0,0.0,0.0,0.004948936408764024,-0.6571376204227748,0.6553395611542655,0.009286907082689817
102.0,0.657098036672066,0.655379577107403,0.6570976147495631,0.002398474919621892,3.314881536515279,0.8672952696374822,0.8957584544214099,0.9142251700158391,0.16407336498665992,0.16751256838290518,0.172951479445631,3.2768978855370148,3.314881536515279,3.318456125860639,1e-12,0.0027558180699808815,0.06128912178633837,0.6678525800826848,0.6947813750806313,0.7120321736020554,0.8740962525363506,0.8856416101163124,0.8929611345379771,0.9349309220982674,0.9410786415096636,0.9449660478737307,1.0,0.0,0.0,0.0,0.0,0.004924132797927902,-0.6570976147495631,0.655379577107403,0.009268269243893006
102.2,0.6570572994362223,0.6554170141131731,0.6570570738665817,0.0023984098161849684,3.315217444901408,0.8662690415510558,0.8947760857168429,0.913266571980972,0.16424558239839446,0.16769680040939022,0.1731563669081661,3.277085070565865,3.315217444901408,3.31870993740237,1e-12,0.0027588558282693643,0.061347037333454646,0.6668606472798758,0.6938606710836027,0.7111525941287734,0.8736632702164798,0.8852498095324515,0.8925932783464247,0.9346993333452888,0.9408704000450834,0.9447713867893904,1.0,0.0,0.0,0.0,0.0,0.00489954157689261,-0.6570570738665817,0.6554170141131731,0.009250307326853068
102.4,0.6570160359930772,0.6554519357062738,0.6570160039210595,0.002398383232723509,3.3155379168799186,0.8652447758820733,0.8937986136502034,0.9123143344771143,0.16441701542042667,0.1678805301630783,0.1733613471945931,3.277259678531369,3.3155379168799186,3.3189504480417824,1e-12,0.002761938552113441,0.061405708684200574,0.6658694941356929,0.6929435286789924,0.7102779204265397,0.8732301990851,0.8848591667530489,0.8922271728867885,0.9344676396714473,0.9406627263103646,0.9445776123177827,1.0,0.0,0.0,0.0,0.0,0.0048751655998758164,-0.6570160039210595,0.6554519357062738,0.0092330035260631
102.60000000000001,0.6569742501953353,0.655484403416368,0.6569744104607029,0.0023983956804083245,3.31584334363441,0.864222351182588,0.8928259948996929,0.9113684397028853,0.16458766121954083,0.1680637615343218,0.1735664436296312,3.27742201708184,3.31584334363441,3.3191779905510015,1e-12,0.002765065768213228,0.06146512791328149,0.6648790085270718,0.6920299204140129,0.7094081538773852,0.8727969900272255,0.8844696729069387,0.8918628231767927,0.9342358147123055,0.9404556159081575,0.9443847276613526,1.0,0.0,0.0,0.0,0.0,0.00485100760845554,-0.6569744104607029,0.655484403416368,0.009216340471864181
102.80000000000001,0.65693195236605,0.6555144768418758,0.6569322984454725,0.0023984459918719703,3.3161341069648604,0.8632016423834659,0.8918581856045585,0.9104288698855119,0.16475751699181373,0.16824649860171068,0.17377168049150268,3.2775723842093787,3.316134106964861,3.3193928879193346,1e-12,0.0027682370784644977,0.061525287935039204,0.6638890742918114,0.6911198180712421,0.708543295732485,0.8723635919636031,0.8840813187367283,0.8915002341714355,0.9340038310256612,0.940249064228343,0.9441927359894358,1.0,0.0,0.0,0.0,0.0,0.004827070257774235,-0.6569322984454725,0.6555144768418758,0.009200301343055063
103.0,0.6568891447683501,0.6555422137891345,0.6568896722718673,0.002398533207741937,3.316410577655721,0.8621825204728507,0.8908951413748282,0.9094956074554819,0.16492657993111,0.16842874563274077,0.17397708308646156,3.2777110689456723,3.316410577655721,3.319596114972216,1e-12,0.002771452101504828,0.061586182468760894,0.6628995708977947,0.6902131926734337,0.7076833472736302,0.871929951695967,0.8836940945981168,0.891139410830342,0.9337716600073055,0.9400430664472778,0.9440016404738678,1.0,0.0,0.0,0.0,0.0,0.004803356169003792,-0.6568896722718673,0.6555422137891345,0.009185142993965893
103.2,0.6568458294904225,0.6555676703179962,0.6568465357569427,0.0023986565314212567,3.3166731157621023,0.8611648523740332,0.8899368173022127,0.9085686350563462,0.16509484722714154,0.16861050708403041,0.17418267778403235,3.277838351589981,3.3166731157621023,3.3197966630399565,1e-12,0.002774710504569604,0.06164780606151037,0.6619103733039581,0.6893100144900255,0.7068283098235668,0.8714960138354657,0.8833079904601332,0.8907803581219548,0.9335392718511912,0.9398376175275489,0.9438114442911788,1.0,0.0,0.0,0.0,0.0,0.004779867906698293,-0.6568465357569427,0.6555676703179962,0.009174439922239448
103.4,0.6568020106526874,0.6555909007281407,0.6568028921214542,0.00239881524954277,3.316922070923883,0.8601485006793845,0.8889831679705533,0.9076479355046607,0.16526231607258446,0.16879178760169228,0.17438849208191742,3.2779545036407036,3.316922070923883,3.3199852476929204,1e-12,0.00277801201351607,0.06171015411220842,0.660921351680223,0.6884102530431192,0.7059781847103216,0.8710617206686293,0.8829229959050706,0.8904230810084018,0.9333066354760678,0.939632712217555,0.9436221506145476,1.0,0.0,0.0,0.0,0.0,0.004756607984393396,-0.6568028921214542,0.6555909007281407,0.009164216821581684
103.60000000000001,0.6567576906261965,0.6556119575689383,0.6567587439768535,0.0023990086865340095,3.317157782641257,0.8591333234063813,0.8880341474652357,0.9067334918147517,0.16542898365845896,0.1689725920219204,0.1745945546673296,3.2780597878446915,3.317157782641257,3.320162162550797,1e-12,0.0027813563991852105,0.06177322289020922,0.6599323711471035,0.6875138771124936,0.7051329732912419,0.8706270120311081,0.8825391001279685,0.890067584455413,0.9330737184561552,0.9394283450508403,0.9434337626190252,1.0,0.0,0.0,0.0,0.0,0.004733578871621055,-0.6567587439768535,0.6556119575689383,0.009154461445167673
103.80000000000001,0.656712871233905,0.6556308916756857,0.6567140933160825,0.0023992361978100924,3.317380580504594,0.8581191737589401,0.8870897093810335,0.9058252872616752,0.16559484716247266,0.16915292537194332,0.17480089547811162,3.2781544583784283,3.317380580504594,3.320327692361075,1e-12,0.0027847434828119086,0.06183700954845346,0.6589432915187617,0.6866208547390333,0.7042926770125203,0.870191825182081,0.8821562919353455,0.8897138734572301,0.9328404869520583,0.9392245103450192,0.9432462834947103,1.0,0.0,0.0,0.0,0.0,0.0047107830030620745,-0.6567140933160825,0.6556308916756857,0.00914516191053233
104.0,0.6566675538380743,0.6556477522094754,0.6566689415038629,0.002399497107285147,3.317590784470904,0.8571058998468952,0.8861498068277374,0.9049233054401444,0.16575990373796562,0.16933279287151845,0.17500754577327549,3.2782387610473767,3.3175907844709043,3.3204821132191147,1e-12,0.002788173137155801,0.061901512137338605,0.6579539670034692,0.6857311532258499,0.703457297465331,0.8697560946590374,0.8817745597428166,0.889361953060204,0.9326069056310369,0.9390212022000864,0.9430597164592441,1.0,0.0,0.0,0.0,0.0,0.004688222790571767,-0.6566689415038629,0.6556477522094754,0.009136306684942131
104.2,0.6566217389324537,0.6556625866883955,0.6566232892626299,0.0023997907727420272,3.3177887050033523,0.8560933444267875,0.885214392434519,0.9040275303090386,0.16592415050537568,0.16951219993472447,0.17521453820019492,3.278312933441977,3.3177887050033523,3.3206256927387705,1e-12,0.002791645286078611,0.061966729624814344,0.6569642459228838,0.6848447391381345,0.7026268364289024,0.8693197521398681,0.8813938915720972,0.8890118283809944,0.9323729375910544,0.9388184144963911,0.9428740647674586,1.0,0.0,0.0,0.0,0.0,0.004665900627778621,-0.6566232892626299,0.6556625866883955,0.009127884570269274
104.4,0.6565754262728697,0.6556754410074548,0.6565771366563852,0.002400116655594201,3.3179746431983452,0.8550813445886476,0.8842834183525534,0.9031379462247611,0.1660875845456614,0.16969115217224057,0.17542190687385445,3.2783772050372737,3.3179746431983452,3.320758690167737,1e-12,0.0027951599063920185,0.062032661919449665,0.6559739703765574,0.6839615783010692,0.7018012959034665,0.8688827262798101,0.88101427504702,0.8886635046205743,0.9321385442712024,0.9386161408920606,0.9426893317188096,1.0,0.0,0.0,0.0,0.0,0.004643818900214716,-0.6565771366563852,0.6556754410074548,0.009119884689865637
104.60000000000001,0.6565286152059369,0.6556863594573613,0.6565304830722966,0.0024004742373671638,3.3181488910581023,0.8540697313623643,0.8833568362549968,0.9022545379781233,0.1662502028930078,0.16986965539433196,0.17562968747379487,3.2784317972868062,3.3181488910581023,3.3208813565356654,1e-12,0.002798717030676144,0.06209930989671918,0.6549829758253397,0.6830816357948496,0.7009806781466439,0.8684449425114082,0.8806356973881069,0.8883169870797514,0.9319036853421203,0.9384143748196258,0.9425055206656227,1.0,0.0,0.0,0.0,0.0,0.00462197999933428,-0.6565304830722966,0.6556863594573613,0.009112296489291856
104.80000000000001,0.6564813042444171,0.6556953847470832,0.6564833271985792,0.002400863030344396,3.318311731660881,0.8530583293595959,0.8824345973356046,0.90137729083924,0.16641200252597932,0.17004771561417642,0.17583791733515727,3.2784769237354157,3.318311731660881,3.320993934818898,1e-12,0.0028023167474650417,0.06216667543060115,0.6539910907068084,0.6822048759482968,0.7001649857174553,0.8680063228572668,0.8802581454064444,0.8879722811779758,0.9316683186030862,0.9382131094822616,0.9423226350230915,1.0,0.0,0.0,0.0,0.0,0.004600386326636813,-0.6564833271985792,0.6556953847470832,0.009105109734312245
105.0,0.6564334912050562,0.6557025580256989,0.6564356670024324,0.0024012825779052404,3.3184634393328207,0.8520469563702695,0.8815166523054444,0.9005061906024845,0.16657298035857185,0.1702253390517511,0.17604663555046524,3.2785127901284943,3.3184634393328207,3.321096660085753,1e-12,0.002805959203613378,0.06223476142509653,0.6529981360034484,0.6813312623303021,0.6993542215206117,0.8675667857205439,0.8798816054964288,0.8876293924723483,0.9314323998669711,0.9380123378493915,0.9421406782793942,1.0,0.0,0.0,0.0,0.0,0.004579040305167245,-0.6564356670024324,0.6557025580256989,0.009098314502330944
105.2,0.6563851731587652,0.6557079189005468,0.6563874997050672,0.0024017324543351057,3.318604279811635,0.851035422922079,0.8806029513874173,0.8996412236281445,0.1667331332317878,0.17040253213834716,0.17625588308059656,3.2785395945027336,3.318604279811635,3.3211897596243634,1e-12,0.002809644606195178,0.062303571849903996,0.6520039247714338,0.6804607577387939,0.6985483888479266,0.8671262456564891,0.8795060636272328,0.8872883266754887,0.9311958828348043,0.9378120526515884,0.9419596540052139,1.0,0.0,0.0,0.0,0.0,0.004557944391040403,-0.6563874997050672,0.6557079189005468,0.009091901174474297
105.4,0.6563363464003409,0.6557115054519997,0.6563388217531356,0.002402212264792415,3.31873451040145,0.8500235317992503,0.8796934443085228,0.898782376883031,0.1668924579053259,0.17057930152174713,0.17646570287588867,3.2785575272599985,3.3187345104014505,3.3212734530609853,1e-12,0.0028133732247768756,0.062373111781234815,0.6510082616260325,0.6795933241871341,0.6977474914189493,0.8666846131230902,0.8791315053329376,0.8869490896731477,0.9309587189588858,0.937612246374719,0.9417795658631339,1.0,0.0,0.0,0.0,0.0,0.004537101084728476,-0.6563388217531356,0.6557115054519997,0.009085860430069636
105.60000000000001,0.6562870064168801,0.6557133542458484,0.6562896287868359,0.0024027216453556812,3.3188543801188093,0.8490110775181311,0.8787880802897902,0.8979296379817503,0.16705095104907164,0.17075565407210563,0.17667614000807505,3.278566771229242,3.3188543801188093,3.321347952469877,1e-12,0.0028171453939641188,0.062443387447377104,0.650010942180832,0.6787289228878094,0.6969515334223849,0.8662417942093986,0.8787579157012362,0.8866116875422199,0.9307208572936552,0.9374129112532974,0.941600417617255,1.0,0.0,0.0,0.0,0.0,0.004516512942907794,-0.6562896287868359,0.6557133542458484,0.009080183241776613
105.80000000000001,0.6562371478519653,0.6557135003434121,0.6562399156045453,0.002403260263147599,3.318964129829587,0.8479978457561568,0.8778868080337503,0.897082995228609,0.16720860923439373,0.17093159688858936,0.17688724181397597,3.2785675017170606,3.318964129829587,3.3214134624739065,1e-12,0.002820961516225283,0.06251440627922099,0.649011752437003,0.6778675142332451,0.6961605195582837,0.8657976903396573,0.8783852793606167,0.8862761265691558,0.9304822443332758,0.9372140392629824,0.9414222131430336,1.0,0.0,0.0,0.0,0.0,0.0044961825911215,-0.6562399156045453,0.6557135003434121,0.009074860870785831
106.0,0.6561867644659298,0.6557119773091119,0.656189676123588,0.0024038278165513347,3.3190639923766043,0.8469836127292981,0.8769895757092849,0.8962424376598302,0.16736542892530676,0.1711071373068412,0.17709905805219048,3.278559886545559,3.3190639923766043,3.321470180335295,1e-12,0.002824822065025366,0.06258617696630277,0.6480104681173162,0.6770090577735095,0.6953744550806944,0.8653521979506518,0.8780135804658761,0.8859424132686392,0.930242823834521,0.9370156221121361,0.9412449564372708,1.0,0.0,0.0,0.0,0.0,0.004476112737320029,-0.656189676123588,0.6557119773091119,0.009069884862283684
106.2,0.6561358490917941,0.6557088172152682,0.6561389033367065,0.0024044240355323124,3.319154192697619,0.8459681445123401,0.876096330933671,0.895407955086046,0.16752140646950747,0.17128228290734332,0.1773116410742248,3.278544086076341,3.3191541926976194,3.3215182960360283,1e-12,0.0028287275883049122,0.06265870951899055,0.6470068539388557,0.6761535121906649,0.6945933458407471,0.8649052081393466,0.8776428026818347,0.8856105544025172,0.9300025366233456,0.9368176512323753,0.9410686516282447,1.0,0.0,0.0,0.0,0.0,0.004456306186362807,-0.6561389033367065,0.6557088172152682,0.009065247041319856
106.4,0.6560843935863825,0.6557040506439314,0.6560875892637678,0.002405048682078551,3.319234947933341,0.8449511962957287,0.8752070207516126,0.894579538135164,0.16767653808926733,0.1714570415247611,0.17752504601165242,3.278520253219657,3.319234947933341,3.321557992347418,1e-12,0.0028326787123408473,0.06273201533747468,0.6460006628176678,0.675300835269484,0.6938171983302426,0.8644566062775106,0.877272929165079,0.8852805569990142,0.9297613203833334,0.9366201177680078,0.9408933029860036,1.0,0.0,0.0,0.0,0.0,0.004436765855602168,-0.6560875892637678,0.6557040506439314,0.009060939509094795
106.60000000000001,0.6560323887760938,0.6556977066855312,0.6560357248981866,0.002405701550773427,3.3193064675250787,0.8439325115719626,0.8743215916110321,0.8937571782956897,0.16783081987216683,0.17163142125835928,0.17773933098109992,3.2784885334276557,3.3193064675250787,3.3215938804679506,1e-12,0.0028366761460306028,0.06280610728830474,0.644991634997795,0.6744509838642186,0.693046019725846,0.8640062715896565,0.8769039425435523,0.8849524283722714,0.929519109423998,0.936423012564258,0.9407189149328404,1.0,0.0,0.0,0.0,0.0,0.004417494791695273,-0.6560357248981866,0.6556977066855312,0.009058788012632855
106.80000000000001,0.65597982439674,0.6556898129341033,0.6559833001474775,0.0024063824695159503,3.319368953301546,0.8429118212436052,0.873439989335353,0.8929408679605599,0.16798424776166176,0.17180543048359626,0.17795455730908458,3.2784490646705167,3.319368953301546,3.3216234471883137,1e-12,0.0028407206856465974,0.06288099978931787,0.6439794970961402,0.6736039138610648,0.6922798179339058,0.8635540766901184,0.8765358248937897,0.8846261761422205,0.9292758344266436,0.9362263261541633,0.9405454920539554,1.0,0.0,0.0,0.0,0.0,0.004398496188804751,-0.6559833001474775,0.6556898129341033,0.009057676751143252
107.0,0.6559266890267517,0.6556803954788123,0.6559303037672551,0.002407091300404957,3.31942259955427,0.8418888426439107,0.8725621590919843,0.892130600471543,0.16813681754747148,0.1719790778650122,0.17817078977900733,3.2784019773940614,3.31942259955427,3.321644972117806,1e-12,0.002844813220114765,0.0629567089039211,0.6429639610534563,0.6727595801359275,0.6915186016359695,0.8630998870745391,0.8761685577155615,0.8843018082548222,0.9290314221651842,0.9360300487440057,0.9403730391083203,1.0,0.0,0.0,0.0,0.0,0.004379773408377197,-0.6559303037672551,0.6556803954788123,0.009056820813561298
107.2,0.6558729700129825,0.6556694788914392,0.6558767232879201,0.0024078279408051616,3.319467593100982,0.8408632784598241,0.8716880453566614,0.8913263701642563,0.16828852485578044,0.17215237237054504,0.17838809690292223,3.278347394457196,3.319467593100982,3.3216586145798708,1e-12,0.0028489547368784614,0.06303325244582834,0.6419447229804129,0.671917936507033,0.6907623803350282,0.8626435605603718,0.8758021219036621,0.883979333002682,0.9287857951989552,0.9358341701971299,0.9402015610397537,1.0,0.0,0.0,0.0,0.0,0.004361330000707944,-0.6558767232879201,0.6556694788914392,0.009056215418878117
107.4,0.6558186533882131,0.6556570862094676,0.655822544933142,0.002408592324614842,3.319504113336261,0.8398348155457008,0.8708175918732687,0.8905281724138605,0.16843936513924188,0.1723253232874234,0.1786065512210687,3.2782854310473377,3.319504113336261,3.321664526812878,1e-12,0.002853146328417934,0.06311065009551142,0.640921461886176,0.6710789356818737,0.6900111644025544,0.862184946670268,0.8754364977165527,0.883658759046071,0.9285388715341474,0.93563868001598,0.9400310629882207,1.0,0.0,0.0,0.0,0.0,0.004343169728536628,-0.655822544933142,0.6556570862094676,0.009055856035987428
107.60000000000001,0.6557637237793384,0.6556432389143386,0.6557677535291341,0.0024093844237570005,3.3195323322685777,0.8388031236144174,0.8699507416087047,0.8897360036814828,0.1685893336667745,0.17249794023980808,0.17882622963258332,3.278216194571693,3.3195323322685777,3.3216628539673234,1e-12,0.0028573891995057553,0.06318892352980841,0.6398938382751027,0.6702425291979073,0.6892649651263688,0.8617238859513187,0.8750716647415099,0.8833400954343684,0.9282905642499947,0.935443567322157,0.939861550301365,1.0,0.0,0.0,0.0,0.0,0.0043252965929540255,-0.6557677535291341,0.6556432389143386,0.009055738386603807
107.80000000000001,0.6557081644297058,0.6556279569010821,0.6557123323952667,0.002410204251748146,3.319552414539137,0.8377678533494438,0.8690874366969352,0.8889498615613581,0.16873842551315424,0.17267023320996133,0.17904721385559424,3.2781397845054103,3.319552414539137,3.321653734082602,1e-12,0.002861684676273105,0.06326809657819031,0.6388614921549222,0.6694086673500517,0.68852379475934,0.8612602090243003,0.8747076018526778,0.8830233516279239,0.9280407809787206,0.9352488208324937,0.939693028546275,1.0,0.0,0.0,0.0,0.0,0.0043077148878714056,-0.6557123323952667,0.6556279569010821,0.009055858451071368
108.0,0.6556519567098351,0.6556112584483131,0.6556562632318712,0.002411051863878952,3.319564517430991,0.8367286356083746,0.868227618390034,0.8881697448246139,0.16888663554917688,0.17284221255763285,0.17926959066117884,3.2780562922415655,3.319564517430991,3.321639403480073,1e-12,0.0028660342142248158,0.06334819538304114,0.6378240421200929,0.668577299126015,0.6877876665650444,0.8607937361091487,0.8743442871728259,0.882708537518687,0.92778942364109,0.935054428837139,0.9395255035206013,1.0,0.0,0.0,0.0,0.0,0.004290429153801248,-0.6556562632318712,0.6556112584483131,0.009057082715025847
108.2,0.6555950802198831,0.6555931601828551,0.6555995260205771,0.0024119273579160934,3.319568790862988,0.8356850798519766,0.8673712270011502,0.8873956534685385,0.1690339584307171,0.1730138890425882,0.1794934522781826,3.2779658009142754,3.319568790862988,3.3216208380252095,1e-12,0.0028704394067177756,0.06342924854203255,0.6367810836526153,0.667748372130771,0.6870565948687435,0.8603242761933939,0.8739816980288667,0.8823956634531701,0.9275363879888338,0.9348603791740965,0.939358981264925,1.0,0.0,0.0,0.0,0.0,0.004273444253214895,-0.6555995260205771,0.6555931601828551,0.009059759916605474
108.4,0.6555375129845631,0.6555736770305978,0.6555420988783736,0.002412830878362495,3.3195653773595417,0.834636771113922,0.8665182018225595,0.8866275887742743,0.16918038858611287,0.17318527385490853,0.1797188971195304,3.2778683851529884,3.3195653773595417,3.3215951030766715,1e-12,0.0028749019976217157,0.06351128731660911,0.6357321859481702,0.6669218324812153,0.6863305951164598,0.8598516255285465,0.8736198108916597,0.8820847402589452,0.9272815627836836,0.934666659194974,0.939193468077017,1.0,0.0,0.0,0.0,0.0,0.004256765493574219,-0.6555420988783736,0.6555736770305978,0.009062625734498647
108.60000000000001,0.6554792307953097,0.6555528221604352,0.6554839578725887,0.0024137626183249614,3.3195544120027924,0.8335832682347456,0.8656684810467759,0.8858655533604368,0.1693259202042465,0.1733563786445466,0.1799460302480045,3.277764110802176,3.3195544120027924,3.3215661102524883,1e-12,0.0028794238948466493,0.06359434589630172,0.6346768899851284,0.6660976247044013,0.6856096839303757,0.8593755666755408,0.8732586013174003,0.8817757792696448,0.9270248292708926,0.9344732557315767,0.9390289705253096,1.0,0.0,0.0,0.0,0.0,0.004240398569885381,-0.6554839578725887,0.6555528221604352,0.009067248970584718
108.80000000000001,0.6554202072144047,0.6555306069177638,0.6554250768474086,0.0024147228236133652,3.3195360223599555,0.8325241014296031,0.8648220016803299,0.8851095512331734,0.16947054722323743,0.1735272155542012,0.1801749639949418,3.2776530345888184,3.3195360223599555,3.3215377653203983,1e-12,0.0028840071844905227,0.06367846164655908,0.6336147059088171,0.6652756916250783,0.6848938791610099,0.8588958672320771,0.872898043882491,0.8814687923486458,0.9267660604799087,0.9342801550587484,0.9388654954616786,1.0,0.0,0.0,0.0,0.0,0.004224349631616206,-0.6554250768474086,0.6555306069177638,0.00907519941129833
109.0,0.6553604133725076,0.6555070407513826,0.6553654272321323,0.0024157117966951422,3.3195103283875005,0.8314587695547714,0.8639786994461043,0.8843595878341403,0.16961426331947246,0.1736977972563573,0.18040581865571256,3.2775352037569125,3.3195103283875005,3.3215217415990725,1e-12,0.0028886541462490537,0.06376367538266814,0.6325451100915761,0.6644559742385601,0.6841831999375377,0.858412278402067,0.8725381121101199,0.8811637919120204,0.9265051204382599,0.9340873428525033,0.9387030500338411,1.0,0.0,0.0,0.0,0.0,0.004208625348437675,-0.6553654272321323,0.6555070407513826,0.009091260910485193
109.2,0.6552998177355532,0.6554821311277751,0.6553049778157818,0.0024167299013175053,3.319477442308493,0.8303867370249634,0.8631385086732392,0.8836156700912039,0.16975706189605883,0.17386813699487916,0.18063872327417801,3.2774106556388753,3.319477442308493,3.3215186680679354,1e-12,0.0028933672714028308,0.0638500316917402,0.6314675418170711,0.6636384115676133,0.683477666720814,0.8579245333820992,0.8721787783877799,0.8808607909526996,0.9262418632848647,0.9338948041430143,0.9385416416984087,1.0,0.0,0.0,0.0,0.0,0.0041932329721221795,-0.6553049778157818,0.6554821311277751,0.009115655902005743
109.4,0.6552383858452488,0.6554558834314,0.6552436944902442,0.002417777567817098,3.3194374684596326,0.8293074303329322,0.8623013621736924,0.8828778064735555,0.16989893607037101,0.1740382486316308,0.1808738165287887,3.277279417157,3.319437468459633,3.3215114600664903,1e-12,0.0028981492833029233,0.06393757929965102,0.6303813995361021,0.6628229405019478,0.6827773013606906,0.857432345538948,0.8718200138748101,0.8805598030665419,0.9259761322684553,0.933702523261915,0.9383812782349625,1.0,0.0,0.0,0.0,0.0,0.004178180405380275,-0.6552436944902442,0.6554558834314,0.009141288867961315
109.60000000000001,0.6551760800244836,0.6554283008495707,0.6551815399593418,0.0024188552991567832,3.3193905031042954,0.8282202341241958,0.8614671911038916,0.8821460070493948,0.17003987866103995,0.17420814669878582,0.18111124773305978,3.277141504247853,3.319390503104296,3.321496812703577,1e-12,0.0029030031605713465,0.0640263714866546,0.6292860366418338,0.6620094956181236,0.6820821271559047,0.8569354063521027,0.8714617883986507,0.8802608424795684,0.9257077586167196,0.9335104837831735,0.93822196776076,1.0,0.0,0.0,0.0,0.0,0.004163476280788531,-0.6551815399593418,0.6554283008495707,0.009166763747516293
109.80000000000001,0.6551128590909457,0.65539938423908,0.6551184734053034,0.0024199636759618085,3.319336634208543,0.8271152675420165,0.860635924807563,0.8814202835479596,0.1701798821740392,0.17437784645825863,0.18135319935002914,3.2769969211953995,3.319336634208543,3.32147484780811,1e-12,0.002907932163914644,0.06411646656385234,0.6281714517246229,0.6611980089748228,0.681392168918236,0.8564291542273421,0.8711040703369647,0.8799639240771003,0.9254342754442415,0.933318668455916,0.9380637187464623,1.0,0.0,0.0,0.0,0.0,0.004149130069495147,-0.6551184734053034,0.65539938423908,0.009192104833293536
110.0,0.6550486778311955,0.6553691319719481,0.6550544501042865,0.0024211033641336234,3.319275941172131,0.825987321663191,0.8598074906435477,0.8807006494138649,0.17031893879018925,0.17454736396709541,0.18160085035925624,3.2768456598597404,3.3192759411721315,3.321445679505402,1e-12,0.002912939866126449,0.06420792842244774,0.6270323161982015,0.6603884098880891,0.6807074530294751,0.8559111317979856,0.870746826487988,0.879669063429867,0.9251543501247945,0.9331270591305146,0.937906540030258,1.0,0.0,0.0,0.0,0.0,0.004135152130963368,-0.6550544501042865,0.6553691319719481,0.009217337393436715
110.2,0.6549834866487978,0.6553375397625745,0.6549894210159921,0.0024222751263160754,3.3192084945092866,0.8248494387226531,0.8589818137913566,0.8799871198595391,0.17045704035297987,0.17471671615175108,0.1818513694235972,3.276687698812872,3.3192084945092866,3.3214094140674963,1e-12,0.002918030185077908,0.06430082712001114,0.6258817405606882,0.6595806246765737,0.6800280074966855,0.8553872695977492,0.8703900219233123,0.8793762768194281,0.9248711829803032,0.9329356366746291,0.937750440831628,1.0,0.0,0.0,0.0,0.0,0.0041215538575725685,-0.6549894210159921,0.6553375397625745,0.009242487819289049
110.4,0.6549172311906696,0.6553046004658483,0.6549233322907533,0.0024234798323441655,3.319134355475833,0.8237008235659884,0.8581588170246449,0.8792797119292357,0.1705941783541026,0.17488592089435812,0.1821049532894915,3.2765230023292413,3.3191343554758332,3.3213661497289046,1e-12,0.0029232074236337545,0.06439523958463808,0.6247188816252479,0.6587745763650641,0.6793538620185764,0.854857161907601,0.870033619816838,0.8790855812684383,0.9245845516239902,0.9327443808756962,0.9375954307676979,1.0,0.0,0.0,0.0,0.0,0.00410834786960973,-0.6549233322907533,0.6553046004658483,0.009267583795930423
110.60000000000001,0.6548498515752443,0.6552703038369208,0.6548561246696776,0.0024247184709207488,3.319053575630335,0.8225406170232936,0.8573384204585294,0.8785784445624544,0.17073034391903652,0.1750549971291371,0.18236181520474645,3.2763515191846038,3.319053575630335,3.321315976464695,1e-12,0.0029284763165747982,0.06449125047188915,0.6235428269084655,0.6579701843535412,0.6786850480514394,0.8543203691082115,0.8696775812536675,0.8787969945707816,0.9242942150172229,0.9325532703319552,0.9374415198695322,1.0,0.0,0.0,0.0,0.0,0.004095548105429697,-0.6548561246696776,0.6552703038369208,0.009292654504552215
110.80000000000001,0.6547812821509338,0.6552346362640148,0.6547877328308513,0.002425992006256016,3.318966196476526,0.821367888513369,0.8565205412639648,0.8778833386647581,0.17086552779113773,0.17522396495222423,0.18262218683943415,3.2761731813200736,3.318966196476526,3.3212589757726008,1e-12,0.002933842084213893,0.06458895309878378,0.6223525866089765,0.6571673640414343,0.6780215988822538,0.8537764137383478,0.8693218650125115,0.8785105353248607,0.9239999112982823,0.9323622823283064,0.9372887186001164,1.0,0.0,0.0,0.0,0.0,0.004083170018669216,-0.6547877328308513,0.6552346362640148,0.009317730853522277
111.0,0.654711457045396,0.6551975804557834,0.6547180846263763,0.002427301568803362,3.3188722486872435,0.8201816276015175,0.8557050933413995,0.8771944171698608,0.17099972031736477,0.1753928457475895,0.18288632048324424,3.2759879022789167,3.3188722486872435,3.321195220379855,1e-12,0.0029393105187128605,0.0646884505337482,0.6211470844431415,0.6563660263974719,0.6773635496935883,0.8532247759870982,0.8689664273162897,0.8782262229634045,0.923701355298648,0.9321713926939833,0.9371370378704932,1.0,0.0,0.0,0.0,0.0,0.004071230801371353,-0.6547180846263763,0.6551975804557834,0.009342845740860618
111.2,0.6546402815847222,0.6551591196379959,0.6546471146972884,0.002428648594666655,3.318771750025062,0.8189809456921356,0.8548920039458272,0.8765116974808352,0.1711329129218834,0.175561658119794,0.1831544442993509,3.2757955981899793,3.318771750025062,3.3211247642634505,1e-12,0.0029448867791673906,0.06478983614673078,0.6199253623436782,0.6555660956588867,0.6767109303409539,0.8526649871916062,0.8686112302499547,0.8779440746316696,0.9233982891205241,0.9319805803998465,0.9369864873741144,1.0,0.0,0.0,0.0,0.0,0.004059752041655498,-0.6546471146972884,0.6551591196379959,0.009368027655184038
111.4,0.654567674087724,0.6551192194557867,0.654574706085425,0.002430035185063068,3.3186647112749674,0.8177642223981387,0.8540811465134203,0.8758352204991924,0.171265092438856,0.175730434591118,0.18342695350515179,3.275596097278933,3.3186647112749674,3.3210476813286602,1e-12,0.002950580244017583,0.06489327702082139,0.618685710825212,0.6547674373451804,0.6760637931116409,0.8520962308296928,0.8682562072671554,0.8776641171917535,0.9230902660410941,0.9317898086852552,0.9368370819926124,1.0,0.0,0.0,0.0,0.0,0.00404875075095161,-0.654574706085425,0.6551192194557867,0.009393327370276946
111.60000000000001,0.6544935281887417,0.6550778519487837,0.6545007708903531,0.002431462917515738,3.3185511229130875,0.8165303183172028,0.8532724352081417,0.8751650104857901,0.17139624893908567,0.17589919827352427,0.1837041401097473,3.275389259743918,3.318551122913088,3.3209640062465144,1e-12,0.0029563979102222786,0.06499889872806702,0.6174269019733571,0.6539699592660135,0.6754221743654689,0.8515179069169652,0.8679013114230818,0.8773863706421611,0.9227769559961241,0.9315990514262557,0.9366888329491746,1.0,0.0,0.0,0.0,0.0,0.00403825207695821,-0.6545007708903531,0.6550778519487837,0.009418780943869925
111.80000000000001,0.6544177383772969,0.6550349817952437,0.6544252028859119,0.002432933830025234,3.3184309634140425,0.8152778403730855,0.8524657705979141,0.8745010973624927,0.1715263713818108,0.17606797637246,0.18398635725381343,3.275174908976218,3.3184309634140425,3.320873769410211,1e-12,0.0029623482730401557,0.06510685302012575,0.6161474414440509,0.6531735533084041,0.6747861158472417,0.8509292889778018,0.867546487478735,0.8771108573294318,0.922457959823031,0.9314082778719396,0.9365417527234136,1.0,0.0,0.0,0.0,0.0,0.004028284286974493,-0.6544252028859119,0.6550349817952437,0.009444431156358502
112.0,0.6543401799106222,0.6549905663078911,0.6543478787007723,0.0024344502925857103,3.3183041961884783,0.8140051974898335,0.8516610433006018,0.8738435150456711,0.17165544793470291,0.17623679940468293,0.18427400766304494,3.2749528315394554,3.3183041961884783,3.3207769923241712,1e-12,0.0029684411774268675,0.06521731614175383,0.6148456234597536,0.6523780991177007,0.6741556631061822,0.8503295483758513,0.8671916735460296,0.8768376012691822,0.9221328223122068,0.9312174535285517,0.9363958546896677,1.0,0.0,0.0,0.0,0.0,0.004018878218915528,-0.6543478787007723,0.6549905663078911,0.00947032656217461
112.2,0.6542607120566255,0.6549445554679993,0.6542686590399018,0.0024360150122034866,3.3181707673512517,0.8127106281764341,0.8508581369615492,0.8731922999977395,0.1717834662540981,0.17640570057543287,0.18456753830889483,3.2747227773399965,3.3181707673512517,3.3206736844171525,1e-12,0.0029746877319877857,0.06533048708585447,0.6135195573808115,0.6515834670785011,0.6735308641171877,0.8497177656731354,0.866836802402634,0.876566627551989,0.9218010382421016,0.9310265408634887,0.9362511528002483,1.0,0.0,0.0,0.0,0.0,0.004010068672561692,-0.6542686590399018,0.6549445554679993,0.009496520795945571
112.4,0.6541791755358622,0.6548968911334042,0.6541873869951667,0.00243763106039299,3.3180306037977627,0.811392186228782,0.8500569279829808,0.872547490956504,0.17191041353584893,0.17657471598078525,0.1848674445549882,3.2744844556670207,3.3180306037977627,3.3205638417364742,1e-12,0.0029811004437226606,0.06544659000690463,0.6121671514249986,0.6507895177829117,0.6729117690270111,0.8490929222202307,0.8664818011064256,0.8762979622352671,0.9214620476924414,0.930835499076571,0.9361076615279619,1.0,0.0,0.0,0.0,0.0,0.004001895277342682,-0.6541873869951667,0.6548968911334042,0.00952307312102039
112.60000000000001,0.6540953904979016,0.6548475058250158,0.6541038849231668,0.0024393019361393558,3.317883611043808,0.8100477082793346,0.8492572843666518,0.8719091289209008,0.17203627651615966,0.1767438850607809,0.185174278584928,3.274237529125079,3.317883611043808,3.320447445885641,1e-12,0.0029876934673193313,0.06556587868119015,0.6107860775003406,0.6499961004941461,0.6722984301454994,0.8484538828664652,0.866126590099182,0.8760316323410959,0.9211152265180954,0.9306442835878634,0.9359653958651649,1.0,0.0,0.0,0.0,0.0,0.003994403603668387,-0.6541038849231668,0.6548475058250158,0.009550049463849452
112.80000000000001,0.6540091520140083,0.65479632123101,0.65401795053885,0.0024410316403857346,3.3177296706354475,0.8086747792140757,0.8484590643299004,0.8712772571893038,0.17216104146215452,0.1769132511435428,0.18548865855044971,3.2739816061550497,3.3177296706354475,3.320324462757606,1e-12,0.0029944829119106877,0.06568864208735697,0.6093737334294123,0.6492030513056734,0.6716909019871015,0.847799377230113,0.8657710821307082,0.8757676658757935,0.9207598760087191,0.9304528454226463,0.9358243713344255,1.0,0.0,0.0,0.0,0.0,0.003987646161127248,-0.65401795053885,0.65479632123101,0.009577523697861596
113.0,0.6539202239085175,0.6547432463582785,0.6539293521855342,0.002442825384098079,3.31756863638959,0.8072706912471572,0.8476621147322421,0.8706519213657101,0.17228469416883505,0.17708286208057483,0.18581127944613487,3.2737162317913926,3.3175686363895904,3.3201948408005926,1e-12,0.003001487207816909,0.06581521116352264,0.6079271981632804,0.6484101910190128,0.6710892412813703,0.8471279774452053,0.8654151810052854,0.8755060918359802,0.9203952105968285,0.9302611304933246,0.9356846039919621,1.0,0.0,0.0,0.0,0.0,0.003981683744572154,-0.6539293521855342,0.6547432463582785,0.009605579195234663
113.2,0.6538283380822301,0.6546881753478513,0.6538378231438808,0.0024446882367060237,3.3174003320498127,0.8058323964267595,0.8468662692353868,0.8700331693816601,0.17240721995301198,0.17725277100350675,0.18614292583064845,3.273440876739256,3.3174003320498127,3.320058509301872,1e-12,0.0030087275764503108,0.06594596693731301,0.6064431796338124,0.6476173226381037,0.6704935069983895,0.8464380721532008,0.8650587800906557,0.8752469402210622,0.9200203434787088,0.9300690787440622,0.9355461104345029,1.0,0.0,0.0,0.0,0.0,0.003976587113271965,-0.6538378231438808,0.6546881753478513,0.009634310729607302
113.4,0.6537331801985993,0.6546309847591378,0.653743054357904,0.0024466260245409295,3.31722454587208,0.8043564463374756,0.8460713460573172,0.8694210514833188,0.17252860365421918,0.1774230372537673,0.1864844879195088,3.273154923795689,3.31722454587208,3.319915376436098,1e-12,0.003016228572754662,0.06608135091727996,0.6049179486603572,0.6468242283014939,0.6699037603404566,0.8457278335901686,0.864701760487335,0.8749902420309627,0.9196342684244071,0.9298766230999526,0.9354089077982523,1.0,0.0,0.0,0.0,0.0,0.0039724392929395,-0.653743054357904,0.6546309847591378,0.009663826879017783
113.60000000000001,0.6536344114777147,0.6545715443476192,0.6536447170398141,0.002448645205953208,3.3170410514139013,0.8028392809809347,0.8452771661819654,0.8688156136608276,0.17264883093889438,0.17759372174198518,0.18683689693997682,3.272857721738096,3.3170410514139013,3.3197653395778444,1e-12,0.0030240163557589666,0.06622183280026563,0.6033476336462836,0.6460306890968923,0.6693200584090406,0.8449953525867143,0.8643440006007544,0.874736026508379,0.9192359328475064,0.9296836947123875,0.9352730122847474,1.0,0.0,0.0,0.0,0.0,0.003969341395039919,-0.6536447170398141,0.6545715443476192,0.009694241020214647
113.80000000000001,0.6535315808696501,0.654509675587817,0.6535423656029459,0.0024507545580762613,3.3168495335891777,0.8012761580800408,0.8444834929869862,0.8682169149935608,0.17276788485641573,0.17776490400432599,0.18720137681298168,3.272548377939085,3.3168495335891777,3.3196082508763984,1e-12,0.003032126224372078,0.06636804913864863,0.6017271071800573,0.6452364164707078,0.6687424709266016,0.8442381162221178,0.8639853413686699,0.8744843284210254,0.9188239533235735,0.9294902036799103,0.9351384430536444,1.0,0.0,0.0,0.0,0.0,0.003967407314331747,-0.6535423656029459,0.654509675587817,0.009725707073711459
114.0,0.6534241829150245,0.6544451758095077,0.6534354934255243,0.002452964172814535,3.3166496312094473,0.7996618902859383,0.8436900769758323,0.8676250116910291,0.1728857490030689,0.17793667067386323,0.18757927797004795,3.272225879047538,3.3166496312094473,3.319443935542995,1e-12,0.0030405983126861325,0.06652072367782234,0.600050740084014,0.644441101104771,0.6681710648627556,0.8434533545261251,0.8636256100067249,0.874235181370444,0.918396803430499,0.9292960520792742,0.9350052186464182,1.0,0.0,0.0,0.0,0.0,0.003966776429588217,-0.6534354934255243,0.6544451758095077,0.009758398342394484
114.2,0.653311622524758,0.6543778171012622,0.6533235254121005,0.0024552854871581825,3.316440938593098,0.7979907922564109,0.8428966536831773,0.867039957623095,0.1730024074221565,0.1781091166751866,0.18797209373288346,3.2718890855063107,3.3164409385930984,3.3192721948571933,1e-12,0.0030494781627514894,0.06668067798271347,0.5983123396880866,0.6436444095170577,0.6676059049332256,0.8426380075201568,0.8632646177098855,0.8739886180044413,0.9179527952342929,0.9291011326151521,0.9348733570992708,1.0,0.0,0.0,0.0,0.0,0.003967619499062838,-0.6533235254121005,0.6543778171012622,0.009792509265849054
114.4,0.6531931543017178,0.654307310065119,0.6532057285031646,0.002457733038809676,3.31622294275524,0.7962558527328331,0.8421029015651098,0.8664618119957626,0.17311784307550485,0.1782823581276685,0.18838166085082372,3.2715365503255946,3.3162229427552403,3.3190927761538584,1e-12,0.003058823688692334,0.06684895928119342,0.5965042783934252,0.6428459344551167,0.6670470610102229,0.8417883105161548,0.8629021335665188,0.8737446732481172,0.9174898526172519,0.9289053140352933,0.9347428776708205,1.0,0.0,0.0,0.0,0.0,0.003970142791341821,-0.6532057285031646,0.654307310065119,0.00982828667117452
114.60000000000001,0.6530678706298843,0.6542333061713537,0.6530812122502859,0.002460324477407535,3.3159950311961754,0.7944489293688392,0.8413084547174429,0.865890633357316,0.173232039037546,0.17845653024360228,0.18881012291019078,3.271166530856768,3.315995031196176,3.318905377998261,1e-12,0.0030687051384322398,0.06702683964244856,0.5946176803780484,0.6420452067795239,0.6664946023352333,0.8408998724440944,0.8625378891760375,0.8735033817799077,0.9170055526371568,0.9287084435063032,0.9346137994924044,1.0,0.0,0.0,0.0,0.0,0.003974602245892744,-0.6530812122502859,0.6542333061713537,0.009866028409241936
114.80000000000001,0.6529346548823929,0.6541553824643006,0.6529488833917905,0.0024630814540487597,3.3157564707472864,0.7925605033924182,0.8405128930695389,0.8653264783915899,0.17334497874005866,0.17863179196540557,0.1892599988997066,3.270776912321503,3.3157564707472864,3.3187096424058344,1e-12,0.003079208634108534,0.06721588086887063,0.5926421477389087,0.6412416811220124,0.6659485963441683,0.8399675363849448,0.862171569613014,0.8732647775152648,0.9164970480262943,0.9285103413721115,0.9344861412914434,1.0,0.0,0.0,0.0,0.0,0.003981320349802059,-0.6529488833917905,0.6541553824643006,0.009906097550761848
115.0,0.6527921065500418,0.6540730168493208,0.6528073727145411,0.002466031032836323,3.3155063736372976,0.7905792989152947,0.839715724983062,0.8647694009650545,0.1734566461678742,0.17880833351219644,0.1897342875101913,3.270365084246604,3.3155063736372976,3.3185051422847724,1e-12,0.0030904418397589666,0.0674180389792269,0.5905653392042634,0.6404347116151242,0.6654091077341201,0.8389851669680046,0.8618027986323613,0.8730288931943255,0.9159609492992415,0.928310792623914,0.9343599211702309,1.0,0.0,0.0,0.0,0.0,0.0039907086027035354,-0.6528073727145411,0.6540730168493208,0.00994894532788817
115.2,0.6526384344966257,0.6539855534910362,0.6526549313653812,0.0024692076930489314,3.3152436516332666,0.7884918151368479,0.8389163645989447,0.8642194504831852,0.17356702619471823,0.17898638656849142,0.190236597413464,3.2699277674551803,3.3152436516332666,3.318291365404042,1e-12,0.0031025419772170455,0.06763581233516956,0.5883724489848476,0.6396235196943986,0.6648761968574186,0.837945385308874,0.8614311187510636,0.8727957596739446,0.9153931774957919,0.9281095353836654,0.9342351562263232,1.0,0.0,0.0,0.0,0.0,0.004003300734006218,-0.6526549313653812,0.6539855534910362,0.009995143576098082
115.4,0.6524713014224657,0.6538921539566422,0.6524892815979206,0.002472656209080265,3.314966953805939,0.7861595819203455,0.8381141020274114,0.8636766693052612,0.17367610511079282,0.17916623826827022,0.1908009562557213,3.269460769783211,3.314966953805939,3.318067694156274,1e-12,0.0031156873361558287,0.06787245486011326,0.5859167773344109,0.6388071507848501,0.6643499171970466,0.8367779315143531,0.8610559639974626,0.8725654048153753,0.9147552704277179,0.927906245097586,0.9341118619562033,1.0,0.0,0.0,0.0,0.0,0.004019803251720883,-0.6524892815979206,0.6538921539566422,0.01004543103709967
115.60000000000001,0.6522876426324483,0.6537917579800548,0.6523074794243863,0.002476434300860981,3.3146746251026395,0.7836278220372613,0.8373080883677779,0.8631410905635138,0.1737838710726544,0.179348243244964,0.1914173996656126,3.268958789900274,3.3146746251026395,3.3178333959668946,1e-12,0.003130107882431954,0.0681321722508768,0.5832442395517684,0.6379844440525313,0.6638303132260621,0.8355036637115344,0.8606766371215929,0.8723378525368438,0.9140584910405741,0.9277005209157988,0.9339900517467729,1.0,0.0,0.0,0.0,0.0,0.004041176723100434,-0.6523074794243863,0.6537917579800548,0.01010075192043491
115.80000000000001,0.6520831664313691,0.6536828764746428,0.6521052909451298,0.0024806246395358473,3.3143644470515974,0.7808656814172775,0.8364971938245002,0.8626127284928217,0.1738903160658013,0.17953287818484345,0.19209449662040312,3.268414382373214,3.314364447051598,3.3175875396305736,1e-12,0.003146132966457572,0.0684210129355287,0.580320460225461,0.6371538469744586,0.6633174109879973,0.8341051363559571,0.860292201696781,0.8721131186732665,0.9132931536330753,0.9274918240294502,0.9338697346569973,1.0,0.0,0.0,0.0,0.0,0.0040687520991783965,-0.6521052909451298,0.6536828764746428,0.010162452499854343
116.0,0.6518518163814008,0.6535635244061404,0.651876932978693,0.0024853395929733,3.3140335848200224,0.7778175961496411,0.8356800059339888,0.8620915749251925,0.17399543663678207,0.17972076250852626,0.1928472700316002,3.2678176220307016,3.3140335848200224,3.3173289976946925,1e-12,0.0031642110711151976,0.06874723860186713,0.5770842522188759,0.6363133794498949,0.6628112146355966,0.8325516764482495,0.8599014445837926,0.8718912094364115,0.91244227748176,0.9272794542939494,0.933750914590388,1.0,0.0,0.0,0.0,0.0,0.004104455262034179,-0.651876932978693,0.6535635244061404,0.010232350970558116
116.2,0.651584786083851,0.6534308661382682,0.6516138873141917,0.00249074426541046,3.313678205580779,0.7744063449536248,0.8348546315931737,0.8615775856990645,0.17409923666745972,0.17991275170016743,0.1936967600762397,3.2671543306913406,3.3136782055807794,3.3170563486923137,1e-12,0.003185000088037233,0.06912301812258323,0.5734503335874291,0.6354603469549257,0.6623116931560662,0.8308003665421085,0.8595026943495401,0.8716721155658625,0.9114820804171291,0.9270624447369593,0.9336335871591905,1.0,0.0,0.0,0.0,0.0,0.004151187782094737,-0.6516138873141917,0.6534308661382682,0.010313083720201097
116.4,0.6512684086148858,0.6532806874097458,0.6513030488716676,0.0024970912046215704,3.3132929735180427,0.7705216050957134,0.8340184477175244,0.8610706640705288,0.17420173077422801,0.18011007552105546,0.1946733213033879,3.2664034370487287,3.3132929735180427,3.3167677787368444,1e-12,0.003209506936351371,0.0695670730404748,0.5692964193419285,0.6345909458034538,0.6618187641385896,0.8287893650598342,0.8590935553509148,0.8714558051652538,0.9103782520324916,0.9268394053325614,0.9335177358421776,1.0,0.0,0.0,0.0,0.0,0.004213535187854889,-0.6513030488716676,0.6532806874097458,0.010408630615543903
116.60000000000001,0.6508801401362616,0.6531063594905824,0.6509230279784671,0.0025047902247379503,3.3128700867402148,0.7659990336876699,0.8331676337966177,0.8605706317430316,0.17430295023684975,0.1803146077936584,0.19582270133928306,3.2655317974529114,3.3128700867402148,3.3164609069967343,1e-12,0.003239365553604022,0.07010996003076123,0.5644395594986182,0.633699507317903,0.6613322654429618,0.8264256055128402,0.8586703902156865,0.8712422112057118,0.9090790827913967,0.9266082180584846,0.9334033252831532,1.0,0.0,0.0,0.0,0.0,0.004299298796962961,-0.6509230279784671,0.6531063594905824,0.010525349305723401
116.80000000000001,0.650379592211078,0.6528965685320687,0.6504356149109123,0.0025145695017114297,3.3123973996148557,0.7605806191324046,0.8322962122204796,0.8600771865480775,0.17440295167230915,0.18052944389210648,0.19721775210510256,3.2644828426603434,3.3123973996148557,3.316132525232676,1e-12,0.0032774724872887103,0.07080626441298236,0.5585910293216614,0.6327769148226002,0.6608519137839555,0.8235611469235677,0.8582272158444854,0.8710312132463739,0.9075022265836002,0.9263653841460586,0.9332902914867092,1.0,0.0,0.0,0.0,0.0,0.0044229759665455615,-0.6504356149109123,0.6528965685320687,0.010674267731615427
117.0,0.6496847315332133,0.6526298403657173,0.6497643234674019,0.002527876915026223,3.311854291475621,0.7538369588807323,0.8313939339794715,0.8595898293972887,0.17450183200186795,0.18076030396019246,0.19898201890063089,3.263149201828586,3.3118542914756213,3.315778140404162,1e-12,0.0033295702631401846,0.0717652521894259,0.551267030255205,0.6318069247032609,0.6603772332543579,0.8199456988869559,0.8577530384409433,0.8708226058913368,0.9055080374709887,0.9261044379924039,0.9331785249006365,1.0,0.0,0.0,0.0,0.0,0.004615421439279496,-0.6497643234674019,0.6526298403657173,0.010876647305619004
117.2,0.6485933990905594,0.6522575854248116,0.6487244010993563,0.0025481806664955633,3.3112005298903964,0.7434459931614767,0.8304403594445904,0.859107724772833,0.17459975702076627,0.18101988553986428,0.20176314268926315,3.261287927124058,3.3112005298903964,3.315391107906019,1e-12,0.0034093475904484467,0.07325085557234806,0.5398843646769413,0.6307552926424835,0.6599074188490425,0.8142625951248175,0.8572236456335279,0.8706160385757077,0.9023644727934848,0.9258110272898231,0.933067838122971,1.0,0.0,0.0,0.0,0.0,0.00495755960106696,-0.6487244010993563,0.6522575854248116,0.011181324028272025
117.4,0.6463906285465782,0.6516291199525289,0.6466879474849588,0.00258713158284342,3.310335602061572,0.7227924799098441,0.829382266778913,0.8586294185101132,0.17469701918701874,0.18134776642321093,0.20752844581159716,3.2581455997626443,3.310335602061572,3.3149608207305543,1e-12,0.0035623998221919564,0.0761600750214874,0.5169109811898132,0.6295239945404122,0.6594410603965207,0.8025444110453712,0.8565645142933008,0.8704108937677468,0.8958478253416341,0.9254404163995313,0.9329579005820609,1.0,0.0,0.0,0.0,0.0,0.005763496162381837,-0.6466879474849588,0.6516291199525289,0.011741812333368074
117.60000000000001,0.6342590398579057,0.6494779874206735,0.6372455567620648,0.002758877886373745,3.3087354173497037,0.6352644961077845,0.827915783523721,0.8581521106790433,0.17479418640747404,0.18211385749967235,0.23612212065846303,3.2473899371033674,3.308735417349704,3.3144680681457195,1e-12,0.004232078526948184,0.08964920462562156,0.41464649029310763,0.6273925096944926,0.6589754315150548,0.7456820775001275,0.8551024626555296,0.8702059733584777,0.8635277730605945,0.924574487001653,0.9328480703604494,1.0,0.06451612903225806,0.06451612903225806,0.0,0.0,0.011593759862911487,-0.6372455567620648,0.6494779874206735,0.01386281374875276
117.80000000000001,0.3036339719092135,0.5955313795459094,0.3069919662687901,0.004215445084738709,3.2647431953071178,0.153,0.9410880324073766,1.4436649081233153,0.10390222769561651,0.18648672647194428,0.9803921568627451,2.977656897729547,3.2647431953071178,3.313858750253629,1e-12,0.01926617274041059,0.5614400481874426,0.00010000011857921843,0.7129497816459396,1.0,0.0005912552900622074,0.871252786748576,1.0,0.022263171355498768,0.918587382927797,1.0,0.03225806451612903,0.03225806451612903,0.03225806451612903,0.03225806451612903,0.03225806451612903,0.4951292835427077,-0.3069919662687901,0.5955313795459094,0.06948171618831038
118.0,0.21094096290198502,0.5606958506800936,0.2128128194084978,0.0047202818110319905,3.200632717877371,0.153,1.0222058956589046,1.56623876714406,0.09577083848685201,0.1764006579709231,0.9803921568627451,2.803479253400468,3.200632717877371,3.310536226031471,1e-12,0.02342702362575148,0.6959816865592888,0.00010000011857921843,0.7603227288363491,1.0,0.0005912552900622074,0.8896565059746842,1.0,0.022263171355498768,0.9281585587458545,1.0,0.03225806451612903,0.03225806451612903,0.03225806451612903,0.03225806451612903,0.03225806451612903,0.3197358437069613,-0.2128128194084978,0.5606958506800936,0.10479177434374061
118.2,0.1048213614524539,0.5263210618750392,0.10539512928845801,0.004974415458816826,3.123934086826534,0.153,1.0625471766916281,1.5265148432779163,0.09826304713677199,0.1705672494224917,0.9803921568627451,2.631605309375196,3.123934086826534,3.295915319317109,1e-12,0.028019156801249858,0.8494355295879171,0.00010000011857921843,0.7915588369691814,1.0,0.0005912552900622074,0.901887393411907,1.0,0.022263171355498768,0.9345312089962523,1.0,0.06451612903225806,0.03225806451612903,0.03225806451612903,0.03225806451612903,0.03225806451612903,0.16727660824505644,-0.10539512928845801,0.5263210618750392,0.13729073538799538
118.4,0.006105573450169685,0.48826184897475805,0.006148955344240259,0.004944385005528809,3.03080092717741,0.153,1.0675035959969599,1.4108665465419008,0.10631763887779247,0.16831170755489094,0.9803921568627451,2.44130924487379,3.03080092717741,3.266302376916435,1e-12,0.03202069807883551,0.9912157780796568,0.00010000011857921843,0.8112430779868697,1.0,0.0005912552900622074,0.9097268328086651,1.0,0.022263171355498768,0.9386326234259877,1.0,0.06451612903225806,0.03225806451612903,0.03225806451612903,0.03225806451612903,0.03225806451612903,0.010076008709540618,-0.006148955344240259,0.48826184897475805,0.17049858062214665
118.60000000000001,0.005915599391380145,0.4607594122324141,0.005963112165025352,0.004953656158308565,2.9372617631868856,0.153,1.0455278603118523,1.2735592144624128,0.117780153680029,0.16942636918540124,0.9803921568627451,2.3037970611620704,2.9372617631868856,3.221306583783515,1e-12,0.03204425735853338,0.9914812683356781,0.00010000011857921843,0.8104331839385377,0.9838632175474149,0.0005912552900622074,0.9101048875709623,0.9945918745052057,0.022263171355498768,0.9389154308582369,0.9972922709877745,0.0967741935483871,0.03225806451612903,0.03225806451612903,0.03225806451612903,0.03225806451612903,-0.09275710507629287,-0.005963112165025352,0.4607594122324141,0.18961863467509857
118.80000000000001,0.0057352468066556046,0.43990018594038266,0.005791380305433846,0.004963735005930356,2.8484364743361574,0.153,1.0088345330503534,1.1663414426611365,0.12860727957823265,0.17348172022311362,0.9803921568627451,2.1995009297019132,2.8484364743361574,3.161798354699803,1e-12,0.03207347552815292,0.9917265995636659,0.00010000011857921843,0.7853834929864716,0.913609788557574,0.0005912552900622074,0.9011229636966497,0.9703316716398261,0.022263171355498768,0.9343315794205055,0.9850541352127328,1.0,0.03225806451612903,0.03225806451612903,0.03225806451612903,0.03225806451612903,-0.16325500127410014,-0.005791380305433846,0.43990018594038266,0.19887480116623057
119.0,0.002406471032466066,0.42250411309779584,0.0033668934307741426,0.0049850088015258925,2.7633356977707533,0.153,0.9645559606480101,1.0890635442360868,0.1377330099734594,0.20134851204609538,0.9803921568627451,2.112520565488979,2.7633356977707533,3.09175007435113,1e-12,0.03243653766368983,0.9951901522417512,0.00010000011857921843,0.7500092725211879,0.8576909762264998,0.0005912552900622074,0.8685486061731987,0.9501164232090314,0.022263171355498768,0.902833138823167,0.9747391237615647,1.0,0.06451612903225806,0.06451612903225806,0.06451612903225806,0.06451612903225806,-0.13987479571331485,-0.0033668934307741426,0.42250411309779584,0.20237409849817783
119.2,0.00046319913227138966,0.40678771934349345,0.00031724831467706545,0.005087524335363508,2.68055674694519,0.153,0.9471061999445555,1.0632513949182465,0.141076701819454,0.20409944909135597,0.9803921568627451,2.033938596717467,2.68055674694519,3.0155240875343217,1e-12,0.033230854319907716,0.9995467881218899,0.00010000011857921843,0.7353679122663761,0.8379300609496264,0.0005912552900622074,0.8625975325726187,0.9427627771082665,0.022263171355498768,0.8997236948779297,0.9709596761790839,1.0,0.0967741935483871,0.0967741935483871,0.06451612903225806,0.06451612903225806,-0.2154274089759548,-0.00031724831467706545,0.40678771934349345,0.20286100143548327
119.4,0.0004056523892310013,0.392856097567982,0.0002855211306057259,0.005057590692946186,2.6007020455551184,0.153,0.9233720502207413,1.0267619366686016,0.14609033958415435,0.2081007716400915,0.9803921568627451,1.96428048783991,2.600702045555119,2.936182735623442,1e-12,0.033036205136747925,0.9995921126705632,0.00010000011857921843,0.7148448303566409,0.8090118564892991,0.0005912552900622074,0.854021055603519,0.9317900252910136,0.022263171355498768,0.895200913015821,0.9652926524215176,1.0,0.0967741935483871,0.0967741935483871,0.06451612903225806,0.06451612903225806,-0.28240848306175814,-0.0002855211306057259,0.392856097567982,0.20085979787526323
119.60000000000001,0.00023962612214649471,0.3800713377916763,0.0009094776348110178,0.005043553293979072,2.5234997792446814,0.153,0.8942604521565659,1.0038587507460288,0.14942341229632736,0.23418037927759133,0.9803921568627451,1.9003566889583814,2.523499779244682,2.855658167467433,1e-12,0.03295920832669485,0.9987007462359843,0.00010000011857921843,0.689721177304534,0.7902511692159867,0.0005912552900622074,0.8252524592643065,0.9245308734283796,0.022263171355498768,0.8657225655551631,0.9615252078768461,1.0,0.0967741935483871,0.0967741935483871,0.0967741935483871,0.0967741935483871,-0.34378753055534983,-0.0009094776348110178,0.3800713377916763,0.19742897222520395
119.80000000000001,0.00019502968913107796,0.3681000031469319,0.01274956146138707,0.005156007019289887,2.448734422869906,0.15448165745482492,0.8728636991532429,0.9804949973429046,0.15298395239801627,0.23761471029091902,0.970989064147402,1.8405000157346596,2.448734422869906,2.77525078698369,1e-12,0.03327151914678272,0.981786340769447,0.0001000012439418318,0.6696867327408071,0.7706121147643107,0.0011754025695048522,0.8164807959296955,0.9168076792119365,0.032891691466710005,0.8618406665514289,0.9575006519968614,1.0,0.12903225806451613,0.12903225806451613,0.0967741935483871,0.0967741935483871,-0.007944607064444914,-0.01274956146138707,0.3681000031469319,0.19318182605813294
120.0,0.0016617192441701768,0.35682729553649106,0.01025934195206789,0.007325979204925722,2.376409938972774,0.1549449201686889,0.8741234486453336,0.9698892448909362,0.15465683405620964,0.23653614369233306,0.9680859484563588,1.784136477682455,2.376409938972774,2.6957871327252416,1e-12,0.047045931809995785,0.9853437972113316,0.0001000022045568001,0.671964841213256,0.7615263749299175,0.0014014020201074471,0.8180817727070618,0.913190205682249,0.036173146243506905,0.8630597938249105,0.9556097574916128,1.0,0.12903225806451613,0.12903225806451613,0.0967741935483871,0.0967741935483871,-0.005626332151819874,-0.01025934195206789,0.35682729553649106,0.18840780204217591
