t,J_mean,theta_mean,u_mean,W_inventory,source_integral,source_mean,collapsed_skin_thickness,front_position,reactant_penetration_depth,heat_source_localization,min_A,mean_A,min_D,mean_D,min_M,mean_M,surface_q,surface_n,surface_h
0.0,1.2999999999999998,4.9999999999999996e-05,0.02,0.026012500000000004,0.15988746797849276,0.15988746797849276,0.0,,0.0,1.2505617016904587,0.9969863314216022,0.9990408383580583,1.9979888657596805,1.999360052663286,0.9994970899680228,0.9998399815031443,-0.0009405127121299428,-0.6894955077750986,9.838709677419356e-06
0.2,1.2999558557040296,0.06749634068622641,0.0459721989293041,0.0595337832250458,0.4711347945401741,0.4711347945401741,0.0,,0.0,7.421727961260713,0.9951737254290631,0.9991883791177973,1.9967772929694974,1.999458294841062,0.999193998390592,0.999864534631658,0.0014145294052919921,-0.4791037325281697,0.022185645212075777
0.4,1.2994648865227487,0.1661808255089095,0.03979633958241369,0.051333193365916095,0.5638592273286352,0.5638592273286352,0.0,,0.0,8.061320141046378,0.9907157746529037,0.9984271082742342,1.9937912602316623,1.998949014387052,0.9984466084245589,0.9997371038318221,0.003383659004519521,-0.499379268397443,0.04689573263299811
0.6000000000000001,1.2986459339916603,0.2694623855359038,0.03045477977380871,0.03906469891005848,0.5787294826845388,0.5787294826845389,0.0,,0.0,9.214237908953155,0.985516469423702,0.997316542349839,1.9902973133115953,1.9982047079231409,0.9975713789328153,0.9995507806486696,0.004712035895379094,-0.5252909672764293,0.06781454025966557
0.8,1.297608833504302,0.3700490124015571,0.02375890419100624,0.030283173373314945,0.5805287194875246,0.5805287194875246,0.0,,0.0,10.36205338581879,0.9803040475613816,0.9960577911467087,1.9867821935804428,1.9973593321939025,0.996690070029068,0.9993390464863773,0.005607882394054062,-0.5451469482479869,0.08500653034467918
1.0,1.2964168183173328,0.46801530745738956,0.019290509719479997,0.02443216684733606,0.5845763370093328,0.5845763370093329,0.0,,0.0,11.3630480098208,0.9753521756326912,0.9947645424882081,1.9834312202500977,1.9964890028055495,0.9958491895874364,0.9991209501700224,0.006289698773499844,-0.5604118307473008,0.09965256393120364
1.2000000000000002,1.2950986600673051,0.5642506999299027,0.016130618317535313,0.020307335635741896,0.5904644611365298,0.5904644611365298,0.0,,0.0,12.247503596238762,0.9707397300994727,0.9935020534351451,1.9802997207605588,1.995637688383493,0.9950627407065258,0.9989075127599178,0.006883842577282875,-0.572827480480235,0.11263259527845709
1.4000000000000001,1.2936649348812732,0.659259748893461,0.013752251144910868,0.01721598590732216,0.5969314328571136,0.5969314328571137,0.0,,0.0,13.05692200353396,0.9664630960401603,0.9923001869958912,1.9773873359110437,1.9948256997914742,0.9943307622422102,0.9987038371492943,0.007452102897109555,-0.583363997887662,0.12448551413906886
1.6,1.2921176977327018,0.753280727264689,0.01187883378185574,0.01479272155805279,0.6033963329751721,0.6033963329751721,0.0,,0.0,13.81741534703168,0.9624796179080789,0.9911424437920805,1.97466685072671,1.9940422943116507,0.9936465273558248,0.9985072537791639,0.008021632084987074,-0.5925665351418843,0.13554707117905607
1.8,1.2904555514712002,0.8464221772689399,0.010356091705757063,0.012832724363901855,0.609632549560445,0.609632549560445,0.0,,0.0,14.544088134920958,0.9587317162620158,0.9900371870238223,1.9721003878281422,1.993293158144341,0.9930005986979158,0.9983191911431601,0.008601856482835013,-0.6007622176950597,0.1460324396084625
2.0,1.288676179491141,0.9387288849912191,0.009091143507369948,0.011212242249939264,0.615557450555411,0.615557450555411,0.0,,0.0,15.245562248454926,0.955160611378601,0.9889452408288225,1.9696487597186043,1.9925521704601774,0.9923831790478543,0.9981331187601308,0.00919361265318272,-0.6081577466155665,0.15608178683003657
2.2,1.2867775258000136,1.0302127527507199,0.008024020601040967,0.009851243931768606,0.6211450967576522,0.6211450967576522,0.0,,0.0,15.92663530185632,0.951713058741404,0.9878735388071915,1.9672761478088654,1.9918238745982573,0.9917852928712023,0.9979501673979254,0.00979404362821118,-0.6148899256305622,0.16578746076821305
2.4000000000000004,1.2847582534660373,1.120868073041868,0.007113676995160308,0.008694969608163426,0.6263935278838864,0.6263935278838865,0.0,,0.0,16.58976245609872,0.9483438034461026,0.9867812317412245,1.9649518771402588,1.9910809118321764,0.9911992387123866,0.9977634893104259,0.01039910172277439,-0.6210535902231955,0.1752108755706098
2.6,1.2826178462705167,1.210679749292125,0.0063305849192404375,0.007704108318114144,0.6313106983875542,0.6313106983875542,0.0,,0.0,17.235970542651827,0.945015788288322,0.9856802301204145,1.9626506445792362,1.9903310681879718,0.9906186518977769,0.9975750211046134,0.011004756705626742,-0.6267177783022897,0.18439330390540615
2.8000000000000003,1.2803565455307362,1.2996279387381169,0.005652625575747863,0.006849311327776924,0.6359090613258741,0.6359090613258742,0.0,,0.0,17.865421086121376,0.9416993174911834,0.9845325051995601,1.9603520130909857,1.9895488226788396,0.9900383813878711,0.9973783716932574,0.011607511169615017,-0.6319352842192877,0.19336285836096623
3.0,1.277975223593024,1.387690810561787,0.005062677466602797,0.006107953514342141,0.6402030313542161,0.6402030313542161,0.0,,0.0,18.477778925470844,0.9383708456928747,0.9833518573544552,1.9580396305550751,1.9887431971113445,0.9894542961426962,0.9971757850145958,0.012204560239979484,-0.63674840194849,0.20213903499285557
3.2,1.2754752446000013,1.474846216249555,0.004547143031629669,0.005462145132832248,0.6442078434663564,0.6442078434663565,0.0,,0.0,19.072452751517115,0.9350117381106786,0.9821107831654067,1.9557004133582532,1.9878956698264,0.988863081662366,0.9969626186154621,0.012793781585913225,-0.64119241485031,0.2107356814326502
3.4000000000000004,1.2728583354934906,1.56107271551575,0.0040950078795602704,0.004897458004501408,0.6479390249236142,0.6479390249236142,0.0,,0.0,19.648751642802928,0.9316071538985528,0.9808102496428838,1.9533238026424715,1.987006696362627,0.9882620540837943,0.9967389740972971,0.013373652882683745,-0.6452977313798129,0.21916292953509303
3.6,1.2701264761953381,1.6463502026382586,0.0036972124261853935,0.004402073789074168,0.6514119484205624,0.6514119484205624,0.0,,0.0,20.205992170376398,0.9281450998173136,0.9794449245367569,1.9509011286019764,1.9860725225925404,0.9876490009334008,0.9965038999547114,0.013943149358761328,-0.6490912205465708,0.2274284745465427
3.8000000000000003,1.2672818101565537,1.730660272014347,0.00334622068493527,0.003966199322670212,0.6546418806672074,0.6546418806672074,0.0,,0.0,20.74355716877981,0.9246156730926479,0.9780022340853647,1.9484250984093208,1.9850845596212523,0.9870220526210466,0.9962552354864629,0.014501643887692692,-0.6525970392357624,0.23553839490881012
4.0,1.2643265742115424,1.813986422735975,0.0030357068540587634,0.0035816429426115655,0.6576436953114321,0.6576436953114321,0.0,,0.0,21.26093904490934,0.9210104489855123,0.9764709994226831,1.9458893786910518,1.9840351388755493,0.9863795774406927,0.9959910494037512,0.015048817759523644,-0.6558371706631448,0.24349769171396002
4.2,1.2612630440077885,1.8963141522366747,0.0027603227232397384,0.0032415012077110458,0.6604316328404906,0.6604316328404907,0.0,,0.0,21.757766345109808,0.9173220119993326,0.9748487934075283,1.943288273359089,1.9829224125811027,0.985720100376345,0.9957108646867701,0.015584591439167114,-0.6588317833084268,0.2513106490267375
4.4,1.2580934919153612,1.9776309717531906,0.002515523319785493,0.0029399245520556464,0.6630195838634928,0.6630195838634928,0.032258064516129004,0.967741935483871,0.0,22.233803585488104,0.9135435769952218,0.9731213424192421,1.940616460288541,1.9817366194460115,0.9850422365404258,0.9954122248597977,0.01610906651027899,-0.6615994680976196,0.2589810628185567
4.6000000000000005,1.2548201556420269,2.0579263770448364,0.0022974274869226106,0.002671931370941447,0.6654208204803335,0.6654208204803335,0.06451612903225801,0.935483870967742,0.0,22.688957076835123,0.9096686960491807,0.9712731306527336,1.937868784740542,1.9804671493123631,0.9843446387616414,0.995092459838179,0.01662248140652578,-0.6641574127244213,0.2665123848888708
4.800000000000001,1.2514452143723231,2.137191786174585,0.0021027078465384293,0.002433261604799516,0.6676479200273312,0.6676479200273312,0.09677419354838701,0.903225806451613,0.0,23.123271228920792,0.905691027565154,0.9692793330674682,1.9350400936459395,1.979097159203359,0.983625955335337,0.9947473395573135,0.017125180057131775,-0.6665215327254528,0.27390782021395194
5.0,1.2479707701366656,2.2154204561561843,0.001928502638074333,0.0022202591796245535,0.6697128619599279,0.6697128619599279,0.09677419354838701,0.903225806451613,0.0,23.536915773844505,0.9016041358897798,0.9670618038852823,1.9321250886325614,1.9775742030133319,0.982884792343598,0.9943637295474603,0.01761758771829472,-0.6687065754517514,0.2811703923993036
5.2,1.2443988332081306,2.2926073848927313,0.0017723431525466587,0.0020297771100764687,0.6716270150569166,0.6716270150569166,0.12903225806451601,0.870967741935484,0.0,23.930173699153524,0.8974013162452522,0.9647500495848005,1.929118194210795,1.9759842615557741,0.9821196796376775,0.9939631014300092,0.018100193240464593,-0.6707262062715094,0.28830298393552123
5.4,1.2407313106228575,2.3687492051272074,0.0016320938251912843,0.0018590998558435548,0.6734010508437959,0.6734010508437959,0.12903225806451601,0.870967741935484,0.0,24.30343028283922,0.8930754377772563,0.9623668746580258,1.9260134359904488,1.9743422235982542,0.9813290391765955,0.9935491563197039,0.01857353740616058,-0.6725930835239055,0.29530836110232883
5.6000000000000005,1.236969996821864,2.4438440785857787,0.0015059027273687721,0.0017058764969940866,0.6750449943664364,0.6750449943664365,0.16129032258064502,0.838709677419355,0.0,24.65715753731343,0.8886187913929023,0.9599124934749008,1.9228043192470707,1.9726479021118752,0.9805111532451949,0.9931218252223882,0.019038205576838302,-0.6743189247974779,0.302189189647006
5.800000000000001,1.233116565136705,2.517891588708081,0.0013921599336855646,0.0015680649633549278,0.676568174472974,0.676568174472974,0.16129032258064502,0.838709677419355,0.0,24.99190220243604,0.884022927375582,0.9573870163716925,1.9194836966508435,1.9709010207006048,0.9796641296722687,0.9926810153490296,0.01949482340129058,-0.6759145683577815,0.3089480470060407
6.0,1.2291725598565855,2.590892626473271,0.001289464278108428,0.0014438929767601981,0.6779795131620484,0.6779795131620484,0.19354838709677402,0.806451612903226,0.0,25.308261706598664,0.8792784776907224,0.9547904397266629,1.9160436208124125,1.9691012041018983,0.978785862892259,0.9922266075311733,0.01994405511340476,-0.6773900295232516,0.3155874295653394
6.2,1.2251393884783892,2.662849290698622,0.00119659153309452,0.0013318138754859043,0.6792870504860103,0.6792870504860103,0.19354838709677402,0.806451612903226,0.0,25.60688901670488,0.8743749562848914,0.9521226353586211,1.9124751758994547,1.9672479677421364,0.9778739893200946,0.9917584533633944,0.020386604629356125,-0.6787545532232476,0.32210975707104494
6.4,1.2210183135023835,2.7337647823415963,0.001112472515840575,0.0012304782206695023,0.6804985279064707,0.6804985279064708,0.22580645161290303,0.774193548387097,0.0,25.888459534597413,0.8693005246866761,0.9493833385687006,1.9087682778806316,1.9653407057360057,0.9769258342849158,0.9912763719085381,0.020823219096921794,-0.6800166629965531,0.32851737574736933
6.6000000000000005,1.2168104428163924,2.8036433201449587,0.00103617002772011,0.0011387029700347102,0.6816209434676437,0.6816209434676437,0.22580645161290303,0.774193548387097,0.0,26.153676745757952,0.864041682641609,0.9465721333650765,1.9049114121669988,1.9633786759690952,0.9759383424076403,0.9907801455984319,0.021254691689386138,-0.6811842072584737,0.33481256312647545
6.800000000000001,1.2125167181373064,2.87249002204299,0.0009668625613857479,0.00105545370173026,0.6826609447873939,0.6826609447873939,0.25806451612903203,0.741935483870968,0.0,26.40325018008458,0.8585829990511616,0.9436884366692146,1.900891390880633,1.9613609841145276,0.9749080123135901,0.9902695158342015,0.021681881024954178,-0.6822644004904556,0.3409975227870905
7.0,1.208137907469299,2.940310809290817,0.0009038281862263796,0.0009798198145344866,0.6836244262142258,0.6836244262142258,0.25806451612903203,0.741935483870968,0.0,26.637896656076023,0.852906596344889,0.9407314804350672,1.8966929163102588,1.959286564065701,0.9738307808163988,0.9897441775338766,0.02210571198715089,-0.683263866431225,0.3470743916718553
7.2,1.2036745721120203,3.0071124040673936,0.0008464334292235635,0.0009109991962593717,0.6845175644846875,0.6845175644846875,0.29032258064516103,0.709677419354839,0.0,26.858308170781875,0.8469914653861195,0.9377002722307525,1.8922980000713596,1.957154141041951,0.972701868770401,0.9892037691363278,0.02252717804629384,-0.6841886622745532,0.35304524479180355
7.4,1.1991270850782674,3.0729021036038704,0.000794118730304773,0.0008482886818033489,0.6853443039317683,0.6853443039317683,0.29032258064516103,0.709677419354839,0.0,27.06520451058051,0.8408131497174813,0.9345935953972848,1.8876856334641352,1.954962223116031,0.9715156898312867,0.9886478698268641,0.022947417603696674,-0.685044340501131,0.3589120878321787
7.6000000000000005,1.194495573381493,3.1376878175779113,0.0007463935940893126,0.0007910651581531035,0.6861092794195649,0.6861092794195649,0.32258064516129004,0.67741935483871,0.0,27.25925747964861,0.8343423727940767,0.931409941411328,1.8828306410098845,1.9527090382417258,0.9702655471994931,0.9880759824905927,0.023367685059340323,-0.6858359407179742,0.364676859524013
7.800000000000001,1.189779890397691,3.201477972645232,0.0007028287455014141,0.0007387795050239064,0.6868179228165084,0.6868179228165084,0.32258064516129004,0.67741935483871,0.0,27.441081768804032,0.8275437895869066,0.9281474602974309,1.8777025757320807,1.9503924812360793,0.9689433375614727,0.987487518976835,0.023789400553982487,-0.6865680145205987,0.37034143074463416
8.0,1.1849795860317553,3.2642814316160154,0.0006630461164264732,0.0006909436163825617,0.6874734722207989,0.6874734722207989,0.35483870967741904,0.645161290322581,0.0,27.611300136845323,0.8203743791602505,0.9248039014460345,1.8722642803121228,1.9480100485716567,0.9675391644656762,0.9868817818749882,0.024214230381757074,-0.6872446681620229,0.37590760659324624
8.200000000000001,1.1800938410174362,3.3261074282801295,0.0006267169127356611,0.0006471261626487372,0.6880792404977216,0.6880792404977216,0.35483870967741904,0.645161290322581,0.0,27.770482956165566,0.8127807745988166,0.9213765111800961,1.8664695486689138,1.9455587321150696,0.9660407129099712,0.9862579351264488,0.024644144347857236,-0.6878695440676575,0.38137712014858943
8.4,1.1751214118048556,3.3869654837451812,0.0005935575872085257,0.0006069469361516252,0.6886383191617891,0.6886383191617891,0.38709677419354804,0.612903225806452,0.0,27.919144921747524,0.8046959768442041,0.9178619221671184,1.8602601712486329,1.943034895943352,0.9644324544034355,0.9856149695157287,0.025081568810843724,-0.6884458202368618,0.3867516279897582
8.6,1.1700605078446584,3.4468653306593664,0.0005633282759185417,0.0005700678650110418,0.6891531227785846,0.6891531227785846,0.38709677419354804,0.612903225806452,0.0,28.057742746236656,0.7960333436928503,0.9142559529062467,1.8535606622770247,1.9404340644370612,0.9626942359610297,0.9849516438451195,0.025529482917490423,-0.6889761735719505,0.3920327002427235
8.8,1.1649086578019248,3.505816840579921,0.000535831643785379,0.000536191332278845,0.6896250466322479,0.6896250466322479,0.41935483870967705,0.580645161290323,0.0,28.18668145418851,0.7866790972429685,0.9105533580833555,1.8462714603793127,1.9377506462618572,0.9607994465578906,0.9842664076624438,0.02599179470844548,-0.6894627219079521,0.3972218065881833
9.0,1.1596624858261717,3.5638299247804297,0.0005109204152515112,0.0005050577411092238,0.6900560967734822,0.6900560967734822,0.41935483870967705,0.580645161290323,0.0,28.30620815097621,0.7764785023132343,0.9067474206600886,1.8382565762728258,1.9349774850499961,0.9587116968343331,0.9835572755291747,0.026473716712660453,-0.689906895986677,0.40232029186576534
9.200000000000001,1.1543173737891537,3.6209144167279717,0.0004885030359645284,0.00047643089178417804,0.6904463141479766,0.6904463141479766,0.45161290322580605,0.548387096774194,0.0,28.416465947202113,0.7652138199047768,0.9028293131313031,1.8293236149591428,1.9321051444581598,0.9563794315987474,0.9828216263253801,0.026982605680620372,-0.6903092109392116,0.40732933340359384
9.4,1.1488669159341316,3.6770798431583387,0.00046856673542615526,0.00045014649703658876,0.6907946586684449,0.6907946586684449,0.45161290322580605,0.548387096774194,0.0,28.517357937589484,0.752564055483499,0.8987870227898582,1.8191871353328546,1.929120684494428,0.9537260369293933,0.9820558586000118,0.027529436829358114,-0.6906688179630032,0.4122498646523036
9.600000000000001,1.1433019103221531,3.732335186401115,0.0004512229395185856,0.0004260562210271323,0.691097861946159,0.691097861946159,0.48387096774193505,0.516129032258065,0.0,28.60838631860972,0.7380255031180625,0.8946033335419209,1.8073958250130993,1.9260053378493733,0.9506301429809046,0.9812547345615336,0.02813180545727692,-0.6909825707134261,0.41708242035872667
9.8,1.1376084517326048,3.786688299218391,0.00043681296312021603,0.0004040810285974083,0.6913478951140747,0.6913478951140747,0.48387096774193505,0.516129032258065,0.0,28.68828797253592,0.7207391143019599,0.8902517745001064,1.7931725947153403,1.9227297285138192,0.9468822604632674,0.9804100237965085,0.028820954657147707,-0.6912428990670609,0.42182681009568396
10.0,1.1317636288313748,3.840144698044451,0.0004261955626782237,0.0003842765827480512,0.6915252585758263,0.6915252585758263,0.5161290322580641,0.48387096774193594,0.0,28.754038225507237,0.6990469847280205,0.8856869836125577,1.774998773042499,1.9192422117992993,0.9420716803506342,0.9795071796861043,0.029661099735667162,-0.6914320757420208,0.42648127869749636
10.200000000000001,1.125723505711833,3.892704273932883,0.0004217595396871213,0.00036705899520181106,0.6915798068253697,0.6915798068253697,0.5161290322580641,0.48387096774193594,0.0,28.797144061247316,0.6690271023171366,0.8808157190882929,1.7492167634480529,1.9154325543506046,0.9352047700048663,0.9785149171330587,0.030819518357110498,-0.6915021273187416,0.4310397793967389
10.4,1.1193734517600475,3.9443477437834664,0.00043331633777863747,0.00035466888089114945,0.6912929938567847,0.6912929938567847,0.5483870967741931,0.45161290322580694,0.0,28.78231283634714,0.6166775967446064,0.875360971546905,1.7023465731923115,1.91095128581608,0.9225902055130429,0.9773327913501997,0.033008622336903146,-0.6912572097511427,0.4354776572351151
10.600000000000001,1.1704761901387493,3.9898182799412365,0.008336773779630111,0.0015386121519528836,0.5178432486392557,0.5178432486392557,0.032258064516129004,0.967741935483871,0.0,28.690968997591586,0.00010000011857921843,0.893784040783139,0.0011825105801244148,1.8845182665445486,0.022263171355498768,0.955599774915813,1.695028051431576,-0.5235138535670958,0.4277140449769761
10.8,1.5067843989536849,4.004005407891994,0.010625296548426158,0.0020921200873786293,0.4722688542547669,0.4722688542547669,0.032258064516129004,0.967741935483871,0.0,28.51100697353614,0.00010000011857921843,0.9323487759583112,0.0011825105801244148,1.911385802324905,0.022263171355498768,0.962391730402379,1.4167946347312448,-0.4739901588330438,0.416823987311958
11.0,1.77078452069552,4.012759484104938,0.011944114005924279,0.00236973071572684,0.4442538467681786,0.4442538467681786,0.032258064516129004,0.967741935483871,0.0,28.424584181526097,0.00010000011857921843,0.9497981078874421,0.0011825105801244148,1.923332415389401,0.022263171355498768,0.965398416560502,1.297757761843031,-0.4454010071323037,0.41107616300192806
11.200000000000001,1.9965004325620135,4.017582533111195,0.01297023023849358,0.0025701654582888003,0.42225844316718597,0.42225844316718597,0.032258064516129004,0.967741935483871,0.0,28.350469094999738,0.00010000011857921843,0.9615888379220275,0.0011825105801244148,1.9313683288818237,0.022263171355498768,0.9674185553855557,1.2181451531471736,-0.4231418187309858,0.4066415609504997
11.4,2.196099283098104,4.019185780623598,0.01383313082033853,0.0027299667298860946,0.4036873461642357,0.40368734616423574,0.032258064516129004,0.967741935483871,0.0,28.28236443670469,0.00010000011857921843,0.9677451612941477,0.0011825105801244148,1.9355220164703266,0.022263171355498768,0.9684601023017902,1.157889975990334,-0.40441364960778825,0.40290867209372805
11.600000000000001,2.376067071905236,4.018015372906649,0.014588740478416032,0.002864183192653195,0.38738496416086915,0.38738496416086915,0.032258064516129004,0.967741935483871,0.0,28.217795213001395,0.00010000011857921843,0.9677451612941477,0.0011825105801244148,1.9355220164703266,0.022263171355498768,0.9684601023017902,1.1091356340693863,-0.38800756304478196,0.3996139526283095
11.8,2.5403896996238395,4.014379496336052,0.015270697481924087,0.002981229215789808,0.37264361162658094,0.37264361162658094,0.032258064516129004,0.967741935483871,0.0,28.155003489522553,0.00010000011857921843,0.9677451612941477,0.0011825105801244148,1.9355220164703266,0.022263171355498768,0.9684601023017902,1.0677431663896708,-0.3731961394587342,0.3965971429358017
12.0,2.691667504012555,4.008491302089643,0.015904254077616708,0.003086805968146696,0.3589257289481887,0.3589257289481887,0.032258064516129004,0.967741935483871,0.0,28.0923972918171,0.00010000011857921843,0.9677451612941477,0.0011825105801244148,1.9355220164703266,0.022263171355498768,0.9684601023017902,1.0311198401200343,-0.3594324990091944,0.39374202158470745
12.200000000000001,2.8316263500708097,4.000486470378006,0.016510435621380253,0.003185171513977557,0.3457808124410126,0.3457808124410126,0.032258064516129004,0.967741935483871,0.032258064516129004,28.028386999202496,0.00010000011857921843,0.9677451612941477,0.0011825105801244148,1.9355220164703266,0.022263171355498768,0.9684601023017902,0.9974775476053155,-0.34626043317312216,0.3909559793659857
12.4,2.96140379587772,3.990434213040723,0.017107170771846546,0.003279608990506658,0.3328233501701513,0.3328233501701513,0.032258064516129004,0.967741935483871,0.032258064516129004,27.96133418867708,0.00010000011857921843,0.9677451612941477,0.0011825105801244148,1.9355220164703266,0.022263171355498768,0.9684601023017902,0.9655243910221694,-0.3332902172305459,0.38816129752300577
12.600000000000001,3.0817309824333643,3.978346548379995,0.0177099077853475,0.0033726698110296337,0.31971995304700035,0.31971995304700035,0.032258064516129004,0.967741935483871,0.032258064516129004,27.889528952930554,0.00010000011857921843,0.9677451612941477,0.0011825105801244148,1.9355220164703266,0.022263171355498768,0.9684601023017902,0.9342997044732073,-0.32018538264852253,0.38529061923704355
12.8,3.1930567803320504,3.9641852477954194,0.018332507139470416,0.0034663965085918818,0.30616999572802583,0.30616999572802583,0.032258064516129004,0.967741935483871,0.032258064516129004,27.811144534887827,0.00010000011857921843,0.9677451612941477,0.0011825105801244148,1.9355220164703266,0.022263171355498768,0.9684601023017902,0.9030609543751457,-0.30664326586758994,0.3822834975663662
13.0,3.29562270978336,3.9478649327954436,0.01898828625899404,0.0035625064130361257,0.2918829454540844,0.2918829454540844,0.032258064516129004,0.967741935483871,0.032258064516129004,27.724144747917045,0.00010000011857921843,0.9677451612941477,0.0011825105801244148,1.9355220164703266,0.022263171355498768,0.9684601023017902,0.8712013327836026,-0.2923720926445017,0.37908310610128093
13.200000000000001,3.389514029356734,3.9292520868429954,0.019691321771690022,0.0036625636687311214,0.2765494095975205,0.27654940959752056,0.032258064516129004,0.967741935483871,0.032258064516129004,27.626125901548384,0.00010000011857921843,0.9677451612941477,0.0011825105801244148,1.9355220164703266,0.022263171355498768,0.9684601023017902,0.8381816279642448,-0.2770622502616804,0.37563253087564713
13.4,3.4746861516506096,3.9081582428901407,0.02045810527041801,0.0037681488415795953,0.25980503002555533,0.25980503002555533,0.032258064516129004,0.967741935483871,0.032258064516129004,27.51404518681348,0.00010000011857921843,0.9677451612941477,0.0011825105801244148,1.9355220164703266,0.022263171355498768,0.9684601023017902,0.803469235655072,-0.26034957843378065,0.37187019429802126
13.600000000000001,3.550968078071006,3.8843259669007795,0.021309776990631843,0.0038810243522517723,0.24117953774244705,0.24117953774244705,0.032258064516129004,0.967741935483871,0.032258064516129004,27.383769236692178,0.00010000011857921843,0.9677451612941477,0.0011825105801244148,1.9355220164703266,0.022263171355498768,0.9684601023017902,0.7664779093657003,-0.24176552279485175,0.3677240295908468
13.8,3.618053068701236,3.857402444088048,0.022275921718074947,0.004003380081597568,0.22001198331165758,0.22001198331165758,0.032258064516129004,0.967741935483871,0.032258064516129004,27.229167417430645,0.00010000011857921843,0.9677451612941477,0.0011825105801244148,1.9355220164703266,0.022263171355498768,0.9684601023017902,0.7264849389101712,-0.2206521803381277,0.3631023273763221
14.0,3.675465647295304,3.826891399262915,0.023401366476797972,0.004138186954270041,0.1952979868696374,0.1952979868696374,0.032258064516129004,0.967741935483871,0.032258064516129004,27.040101079755896,0.00010000011857921843,0.9677451612941477,0.0011825105801244148,1.9355220164703266,0.022263171355498768,0.9684601023017902,0.6825048215088012,-0.1960095931358224,0.35787857507558285
14.200000000000001,3.722486034512184,3.7920746290260388,0.02475999263477812,0.004289793534731359,0.16537393403875061,0.16537393403875064,0.032258064516129004,0.967741935483871,0.032258064516129004,26.797103771969315,0.00010000011857921843,0.9677451612941477,0.0011825105801244148,1.9355220164703266,0.022263171355498768,0.9684601023017902,0.6330766790113989,-0.1661842802983508,0.351865580046828
14.4,3.7580074739901916,3.7518196471053673,0.026488671267915567,0.00446528199521158,0.1271480476429711,0.1271480476429711,0.032258064516129004,0.967741935483871,0.032258064516129004,26.451047951647862,0.00010000011857921843,0.9677451612941477,0.0011825105801244148,1.9355220164703266,0.022263171355498768,0.9684601023017902,0.5757515569043479,-0.12810275326483966,0.3447524732485376
14.600000000000001,3.780215232121892,3.704162163623222,0.028883771187155693,0.004677428827384562,0.07389555266267224,0.07389555266267224,0.032258064516129004,0.967741935483871,0.032258064516129004,25.778783506794344,0.00010000011857921843,0.9677451612941477,0.0011825105801244148,1.9355220164703266,0.022263171355498768,0.9684601023017902,0.5058550472860054,-0.07508278437614713,0.3359550267562757
14.8,3.7857803437920547,3.645416557632133,0.03189925600294662,0.00490381505876541,0.007928086202400453,0.007928086202400453,0.032258064516129004,0.967741935483871,0.032258064516129004,19.10904905560648,0.00010000011857921843,0.9677451612941477,0.0011825105801244148,1.9355220164703266,0.022263171355498768,0.9684601023017902,0.4149853692449973,-0.00795931776258687,0.32440614863367767
15.0,3.7750513463859687,3.5830836741606085,0.031912267445808704,0.004907695660538425,0.0076820088693719405,0.007682008869371941,0.032258064516129004,0.967741935483871,0.032258064516129004,19.373857299663015,0.00010000011857921843,0.9677451612941477,0.0011825105801244148,1.9355220164703266,0.022263171355498768,0.9684601023017902,0.3467062942210263,-0.0076980875827615146,0.3150191769365036
15.200000000000001,3.7544191410482495,3.5223638834997595,0.03192155299989238,0.004910574420464716,0.007502269995878626,0.007502269995878627,0.032258064516129004,0.967741935483871,0.032258064516129004,19.534385168864954,0.00010000011857921843,0.9677451612941477,0.0011825105801244148,1.9355220164703266,0.022263171355498768,0.9684601023017902,0.2950543914931585,-0.007515307666522852,0.3075616941423715
15.4,3.7263834369904627,3.4629991212969586,0.03192918255621174,0.004912992663213398,0.007356310189249425,0.007356310189249425,0.032258064516129004,0.967741935483871,0.032258064516129004,19.638770575067866,0.00010000011857921843,0.9677451612941477,0.0011825105801244148,1.9355220164703266,0.022263171355498768,0.9684601023017902,0.25111527013711255,-0.007367579086100895,0.30106168847785253
15.600000000000001,3.692195183735203,3.404843197652349,0.031935783587647266,0.004915121223679011,0.007231756760053643,0.007231756760053643,0.032258064516129004,0.967741935483871,0.032258064516129004,19.70489421214503,0.00010000011857921843,0.9677451612941477,0.0011825105801244148,1.9355220164703266,0.022263171355498768,0.9684601023017902,0.2118457726490465,-0.0072418433352746,0.2951634076739997
15.8,3.6526183544383017,3.3478001820809706,0.03194168570137404,0.004917048180133526,0.007122051298743383,0.007122051298743383,0.032258064516129004,0.967741935483871,0.032258064516129004,19.7421761662853,0.00010000011857921843,0.9677451612941477,0.0011825105801244148,1.9355220164703266,0.022263171355498768,0.9684601023017902,0.17568198434339252,-0.007131277492216991,0.28967422763968115
16.0,3.6081656442849215,3.291803516987686,0.031947085345681366,0.004918823683770331,0.007023290169326503,0.007023290169326504,0.032258064516129004,0.967741935483871,0.032258064516129004,19.756176353268874,0.00010000011857921843,0.9677451612941477,0.0011825105801244148,1.9355220164703266,0.022263171355498768,0.9684601023017902,0.1417205975211234,-0.007031841489702461,0.28447717392368294
16.2,3.559215215063328,3.23680470474089,0.031952108618968876,0.00492047616086684,0.006932983375919446,0.006932983375919446,0.032258064516129004,0.967741935483871,0.032258064516129004,19.75045277324349,0.00010000011857921843,0.9677451612941477,0.0011825105801244148,1.9355220164703266,0.022263171355498768,0.9684601023017902,0.10940369131698294,-0.00694096175425507,0.2794966427303146
16.400000000000002,3.5060667147177424,3.1827672261633104,0.03195683856249315,0.004922020669081765,0.006849477291846581,0.006849477291846582,0.032258064516129004,0.967741935483871,0.032258064516129004,19.727513282448694,0.00010000011857921843,0.9677451612941477,0.0011825105801244148,1.9355220164703266,0.022263171355498768,0.9684601023017902,0.078388622902166,-0.00685695305490378,0.2746838771309137
16.6,3.448977246270487,3.1296622222302504,0.031961332602462214,0.0049234665505350815,0.006771663271604247,0.006771663271604247,0.032258064516129004,0.967741935483871,0.032258064516129004,19.6891332030183,0.00010000011857921843,0.9677451612941477,0.0011825105801244148,1.9355220164703266,0.022263171355498768,0.9684601023017902,0.04845782010191982,-0.006778656882636657,0.2700066978834574
16.8,3.3881796459144904,3.0774658728270934,0.03196563176502857,0.00492481611453952,0.006698748655333627,0.006698748655333627,0.032258064516129004,0.967741935483871,0.032258064516129004,19.63673806717126,0.00010000011857921843,0.9677451612941477,0.0011825105801244148,1.9355220164703266,0.022263171355498768,0.9684601023017902,0.019470481767948328,-0.006705248941013064,0.2654436887331185
17.0,3.3238911760775838,3.0261578304261696,0.031969766213180754,0.004926067510234906,0.0066301199851124485,0.0066301199851124485,0.032258064516129004,0.967741935483871,0.032258064516129004,19.571631868747193,0.00010000011857921843,0.9677451612941477,0.0011825105801244148,1.9355220164703266,0.022263171355498768,0.9684601023017902,-0.008664878394693404,-0.006636122417324485,0.2609807278908333
17.2,3.2563201018683903,2.9757197053217617,0.031973759487605925,0.004927216831240621,0.006565318692869169,0.006565318692869169,0.032258064516129004,0.967741935483871,0.032258064516129004,19.49490791932562,0.00010000011857921843,0.9677451612941477,0.0011825105801244148,1.9355220164703266,0.022263171355498768,0.9684601023017902,-0.03601363017123363,-0.0065708055766781626,0.25660792523904236
17.400000000000002,3.1856675550762397,2.926135227012523,0.03197763004019077,0.0049282604848990405,0.006503981866353466,0.006503981866353466,0.032258064516129004,0.967741935483871,0.032258064516129004,19.407579296974465,0.00010000011857921843,0.9677451612941477,0.0011825105801244148,1.9355220164703266,0.022263171355498768,0.9684601023017902,-0.06262167927712428,-0.006508927196071867,0.25231875727426556
17.6,3.1121295357381253,2.8773887604934036,0.03198139330474862,0.0049291930769686165,0.006445801636074,0.006445801636074,0.032258064516129004,0.967741935483871,0.032258064516129004,19.310595408863918,0.00010000011857921843,0.9677451612941477,0.0011825105801244148,1.9355220164703266,0.022263171355498768,0.9684601023017902,-0.08852581920356142,-0.006450177044314642,0.2481083288978618
17.8,3.035895207861815,2.8294654278543985,0.031985062171049065,0.0049300085712789985,0.006390522503508797,0.006390522503508797,0.032258064516129004,0.967741935483871,0.032258064516129004,19.204850730172442,0.00010000011857921843,0.9677451612941477,0.0011825105801244148,1.9355220164703266,0.022263171355498768,0.9684601023017902,-0.11375539901805162,-0.0063942959089976934,0.2439730972962273
18.0,2.957148815369776,2.7823510333477155,0.031988647683263455,0.0049307005156194,0.006337922156517966,0.006337922156517966,0.032258064516129004,0.967741935483871,0.032258064516129004,19.09118863003574,0.00010000011857921843,0.9677451612941477,0.0011825105801244148,1.9355220164703266,0.022263171355498768,0.9684601023017902,-0.13833523718608218,-0.006341061014659921,0.23991041410302072
18.2,2.8760687594353285,2.736031842365941,0.03199215948448324,0.0049312619163142234,0.00628782013840927,0.0062878201384092705,0.032258064516129004,0.967741935483871,0.032258064516129004,18.970372554717173,0.00010000011857921843,0.9677451612941477,0.0011825105801244148,1.9355220164703266,0.022263171355498768,0.9684601023017902,-0.16228669242351831,-0.0062902785408119775,0.23591819202423958
18.400000000000002,2.7928285229064866,2.6904944350867877,0.031995605992512784,0.004931685245136931,0.006240017124313346,0.006240017124313346,0.032258064516129004,0.967741935483871,0.032258064516129004,18.84323925597024,0.00010000011857921843,0.9677451612941477,0.0011825105801244148,1.9355220164703266,0.022263171355498768,0.9684601023017902,-0.18562869948026173,-0.006241777371426216,0.23199464959334662
18.6,2.707595457215624,2.645725669774194,0.031998994812477755,0.004931963530721284,0.006194387201654265,0.006194387201654265,0.032258064516129004,0.967741935483871,0.032258064516129004,18.710432915423493,0.00010000011857921843,0.9677451612941477,0.0011825105801244148,1.9355220164703266,0.022263171355498768,0.9684601023017902,-0.2083767747855901,-0.006195406647446389,0.22813820651634142
18.8,2.6205353009222025,2.601712313126808,0.03200259657089826,0.004932364415943751,0.006143141122237788,0.006143141122237788,0.032258064516129004,0.967741935483871,0.032258064516129004,18.507152290001518,0.00010000011857921843,0.967353100164999,0.0011825105801244148,1.9352595761641287,0.022263171355498768,0.9683944253599136,-0.23054180119332163,-0.006149388906234221,0.2243471719846849
19.0,2.5318255570862,2.5584402361209717,0.032007205356040416,0.0049335935191455,0.006091941527519081,0.006091941527519081,0.032258064516129004,0.967741935483871,0.032258064516129004,18.08179413456632,0.00010000011857921843,0.9658254836451221,0.0011825105801244148,1.9342159678462403,0.022263171355498768,0.9681319205785381,-0.2521351525848473,-0.006097983315370558,0.22061911332987358
19.200000000000003,2.4416293348389595,2.5158972354348537,0.03201207179720539,0.004934780701800635,0.006040414386047514,0.006040414386047514,0.06451612903225801,0.935483870967742,0.032258064516129004,17.600678334653306,0.00010000011857921843,0.964176026718514,0.0011825105801244148,1.933049000367579,0.022263171355498768,0.9678358066229719,-0.27316055458893546,-0.006046245612417456,0.2169536879452
19.400000000000002,2.350103620469904,2.4740707680619662,0.03201727021889889,0.0049359283452724235,0.00598797910199503,0.00598797910199503,0.06451612903225801,0.935483870967742,0.032258064516129004,17.053082486354402,0.00010000011857921843,0.9623889658098999,0.0011825105801244148,1.9317330298264765,0.022263171355498768,0.9674985223494244,-0.29360316711490464,-0.005993626883273373,0.21334970410866544
19.6,2.2574082622082954,2.4329484207118535,0.03202290108275543,0.004937041624198875,0.005933921724168449,0.005933921724168449,0.06451612903225801,0.935483870967742,0.032258064516129004,16.42386592849833,0.00010000011857921843,0.9604439910178791,0.0011825105801244148,1.9302327448167758,0.022263171355498768,0.9671095079308575,-0.31342925173143166,-0.005939413164086626,0.20980595346836847
19.8,2.163721703253442,2.3925170896462498,0.03202972134150382,0.004938699983883226,0.0058705094422523705,0.0058705094422523705,0.06451612903225801,0.935483870967742,0.032258064516129004,15.817636311117672,0.00010000011857921843,0.9567562228597858,0.0011825105801244148,1.9274403599766652,0.022263171355498768,0.9663878975663855,-0.33252143384978894,-0.005879999152491877,0.20632094729047343
20.0,2.069258178876941,2.352764082750115,0.032037895506083935,0.004940735077800867,0.00580145143551391,0.00580145143551391,0.09677419354838701,0.903225806451613,0.032258064516129004,15.128360112800207,0.00010000011857921843,0.9520578911828294,0.0011825105801244148,1.9237421316361307,0.022263171355498768,0.965422332458841,-0.35076304924007684,-0.005813886879693663,0.20289328143385266
20.200000000000003,1.9742616911907447,2.313676130269056,0.03204826380798577,0.004943464136724,0.005722010964319786,0.005722010964319786,0.09677419354838701,0.903225806451613,0.032258064516129004,14.285943056179928,0.00010000011857921843,0.9449727212752325,0.0011825105801244148,1.9180466989896354,0.022263171355498768,0.9639254854314613,-0.36778280409084874,-0.005737196417774637,0.19952131639154913
20.400000000000002,1.8790799111189744,2.275239221155507,0.03206228443220982,0.004947148691279502,0.005619701262125121,0.0056197012621251215,0.12903225806451601,0.870967741935484,0.032258064516129004,13.12275841882775,0.00010000011857921843,0.9349800621904583,0.0011825105801244148,1.909640070803834,0.022263171355498768,0.9616858433264796,-0.3827176862689642,-0.005641544242998042,0.19620274300005724
20.6,1.7843857476036995,2.2374354794822864,0.032086159625088186,0.004953182374284811,0.005445246562132686,0.005445246562132686,0.16129032258064502,0.838709677419355,0.032258064516129004,10.825531474626885,0.00010000011857921843,0.9212648280752542,0.0011825105801244148,1.8966195539858652,0.022263171355498768,0.958088304495799,-0.3909564127509465,-0.00549167660450115,0.19293211563565607
20.8,1.726750100943133,2.199659541745599,0.0328033549816842,0.005021212207554663,0.0005727573532637541,0.0005727573532637541,0.12903225806451601,0.870967741935484,0.032258064516129004,20.543030224505962,0.00010000011857921843,0.9200395538469139,0.0011825105801244148,1.8597003352903014,0.022263171355498768,0.9343127540043489,-0.3494478022148172,-0.0005443034869562324,0.18946667140370715
21.0,1.6834171682977639,2.162217827165663,0.03275765089733571,0.005014274356733048,0.000550279685838189,0.000550279685838189,0.12903225806451601,0.870967741935484,0.032258064516129004,20.436943560775756,0.00010000011857921843,0.9211839729287145,0.0011825105801244148,1.8605712795972045,0.022263171355498768,0.9345726326644442,-0.38182906602082345,-0.0005213691308027846,0.1861008570488744
21.200000000000003,1.6358573083195977,2.12543148202852,0.03272564016160418,0.005009409730235928,0.0005295005097398414,0.0005295005097398415,0.12903225806451601,0.870967741935484,0.032258064516129004,20.33169465200775,0.00010000011857921843,0.91987971935259,0.0011825105801244148,1.8595795582861794,0.022263171355498768,0.9343409396927902,-0.4130194865450344,-0.0005088563027056958,0.18285808591545993
21.400000000000002,1.5847860232388,2.0892808610925333,0.03270181568315832,0.005005791040832682,0.0005102979525346936,0.0005102979525346936,0.12903225806451601,0.870967741935484,0.032258064516129004,20.217245257947106,0.00010000011857921843,0.9166390560024524,0.0011825105801244148,1.85712447189669,0.022263171355498768,0.9337253318044142,-0.44338712623691867,-0.0004943907911201806,0.1797004130600302
21.6,1.5306679582405145,2.0537507915303768,0.03268303650913712,0.00500294099029372,0.0004921876057701048,0.0004921876057701048,0.16129032258064502,0.838709677419355,0.032258064516129004,20.10503547176641,0.00010000011857921843,0.9113873106900737,0.0011825105801244148,1.853107206786251,0.022263171355498768,0.9326987423769092,-0.47306937199130816,-0.00047941174278433025,0.176613686564038
21.8,1.47385027045022,2.0188281011945266,0.03266773554025644,0.005000622289984908,0.00047483298924778255,0.00047483298924778255,0.19354838709677402,0.806451612903226,0.032258064516129004,20.004358621360417,0.00010000011857921843,0.9035746493157711,0.0011825105801244148,1.8470433188088131,0.022263171355498768,0.9311313390607174,-0.5021411267967407,-0.0004643126368430117,0.17359018436424412
22.0,1.4146121749942944,1.9845007930536314,0.03265499509294299,0.004998696740463922,0.00045790689780084414,0.00045790689780084414,0.22580645161290303,0.774193548387097,0.032258064516129004,19.92650344034425,0.00010000011857921843,0.892729372019265,0.0011825105801244148,1.8384018249807683,0.022263171355498768,0.9288723719383641,-0.5306505707229724,-0.00044910121496323225,0.17062492693782302
22.200000000000003,1.3531867816419367,1.9507576326528377,0.03264420911746516,0.004997074317617944,0.0004408631173002224,0.00044086311730022243,0.25806451612903203,0.741935483870968,0.032258064516129004,19.894883638146887,0.00010000011857921843,0.8781006067872181,0.0011825105801244148,1.8262495542855834,0.022263171355498768,0.9256484738176647,-0.5586310850379892,-0.0004333802010017762,0.16771443186521487
22.400000000000002,1.2897456927201987,1.9175877631288165,0.03263459725579623,0.004995637220492705,0.00042147849807882453,0.00042147849807882453,0.29032258064516103,0.709677419354839,0.032258064516129004,20.01652819781825,0.00010000011857921843,0.8588328334954427,0.0011825105801244148,1.8084759483472035,0.022263171355498768,0.9207658912731478,-0.5861065846769274,-0.00041378909884788313,0.16485605762235
22.6,1.2382395172860607,1.8849645819903535,0.03278698005065952,0.005017098250154036,0.0002734747992560814,0.0002734747992560814,0.32258064516129004,0.67741935483871,0.032258064516129004,29.69501584167037,0.00010000011857921843,0.8471994701132604,0.0011825105801244148,1.7643330628428846,0.022263171355498768,0.8953007684093686,-0.6129942703141904,-0.0002686515965135583,0.162042816789514
22.8,1.1928012761321731,1.8528869944668214,0.032771324807067334,0.005014716011536779,0.0002633942061490118,0.0002633942061490118,0.35483870967741904,0.645161290322581,0.032258064516129004,29.6903373563566,0.00010000011857921843,0.8355687162178214,0.0011825105801244148,1.7549509867057498,0.022263171355498768,0.8928607258560756,-0.6395753442536152,-0.00025111153425750877,0.15927841616538707
23.0,1.1455387422397625,1.8213553078465512,0.032756385357921206,0.00501244024065942,0.00025372370601679046,0.00025372370601679046,0.38709677419354804,0.612903225806452,0.032258064516129004,29.699093071962803,0.00010000011857921843,0.8199155284670623,0.0011825105801244148,1.7419689666981784,0.022263171355498768,0.8894374632721723,-0.6656797922428263,-0.00024318302015993165,0.15656354167473913
23.200000000000003,1.096569319839246,1.790359928674542,0.03274325615668329,0.00501044143268893,0.0002444735423773144,0.00024447354237731444,0.45161290322580605,0.548387096774194,0.032258064516129004,29.717580429513237,0.00010000011857921843,0.7994770010650849,0.0011825105801244148,1.7237700048604112,0.022263171355498768,0.8845058458491974,-0.6913270404742551,-0.00023459001308374637,0.1538961933303302
23.400000000000002,1.051756615311089,1.7598910973590212,0.03284662014796676,0.005026114333723978,0.0002307974450043125,0.0002307974450043125,0.48387096774193505,0.516129032258065,0.032258064516129004,30.366236724159272,0.00010000011857921843,0.7811877931331251,0.0011825105801244148,1.6745341565563805,0.022263171355498768,0.8577856242170308,-0.7164614815640115,-0.00025003509083642016,0.1512749409683789
23.6,1.0121691446559886,1.7299398292116939,0.032837912601596374,0.005024793965081896,0.00022274733057223422,0.00022274733057223422,0.5161290322580641,0.48387096774193594,0.032258064516129004,30.371415665686637,0.00010000011857921843,0.76120055458707,0.0011825105801244148,1.658104145857079,0.022263171355498768,0.85346928106773,-0.7412301293112356,-0.0002113164817183377,0.1486987152801814
23.8,0.9712901209232634,1.700497786705409,0.032823225180869595,0.005022553639984987,0.00021502094697230034,0.00021502094697230036,0.5806451612903221,0.41935483870967794,0.032258064516129004,30.386064438140966,0.00010000011857921843,0.7341428967819407,0.0011825105801244148,1.635475555751021,0.022263171355498768,0.8474614705400885,-0.7655742579678722,-0.00020399755317341837,0.14616670554590255
24.0,0.9309661018443921,1.6715562892741176,0.032885614183826475,0.005032041832416369,0.00020784303219677927,0.00020784303219677927,0.6774193548387091,0.3225806451612909,0.032258064516129004,30.370779218307455,0.00010000011857921843,0.7048133800319241,0.0011825105801244148,1.5781376693697164,0.022263171355498768,0.8187271374451953,-0.7894585624074967,-0.0003238129794816302,0.14367802739198934
24.200000000000003,0.8957786015218793,1.6431068934091997,0.032900058028405885,0.00503427474251837,0.00020103370130933543,0.00020103370130933543,0.7741935483870961,0.2258064516129039,0.032258064516129004,30.363334884690847,0.00010000011857921843,0.6761312555306497,0.0011825105801244148,1.554252974214413,0.022263171355498768,0.8124080063833801,-0.8129744053130314,-0.0001905160591761379,0.14123187817147825
24.400000000000002,0.8596197696155792,1.6151411868336767,0.03288519530622107,0.005032006963874362,0.0001943731157269948,0.00019437311572699482,0.9999999999999991,8.881784197001252e-16,0.032258064516129004,30.378154233475467,0.00010000011857921843,0.6454650039383003,0.0011825105801244148,1.5271225132821153,0.022263171355498768,0.8050910824435648,-0.8360910744849362,-0.00018196276089906815,0.13882743130757932
24.6,0.8254970725965215,1.587650994856921,0.03295900491476374,0.005043270453973179,0.0001885296582882462,0.00018852965828824623,0.9999999999999991,8.881784197001252e-16,0.032258064516129004,30.311403729954087,0.00010000011857921843,0.6187088654682343,0.0011825105801244148,1.4716949195932725,0.022263171355498768,0.7769404053159896,-0.8587818896978563,-0.0002017089845847475,0.13646397904553703
24.8,0.7933067426224963,1.5606282841966956,0.03295107573896854,0.005042065787070977,0.00018251194506332106,0.00018251194506332106,0.9999999999999991,8.881784197001252e-16,0.032258064516129004,30.320531287023336,0.00010000011857921843,0.5897376627235705,0.0011825105801244148,1.4456844460163334,0.022263171355498768,0.7699349451539058,-0.8811158101573526,-0.0001712134033444057,0.13414079086593708
25.0,0.7610813034447914,1.5340650686826394,0.03298728556895731,0.005047569308168472,0.00017701820009913104,0.00017701820009913104,0.9999999999999991,8.881784197001252e-16,0.032258064516129004,30.281481434680597,0.00010000011857921843,0.563316726793225,0.0011825105801244148,1.3894627050137052,0.022263171355498768,0.7415543173095813,-0.9030478235293642,-0.00029394154102707626,0.13185715079745525
25.200000000000003,0.7316837439780373,1.5079536324217608,0.03300831302728024,0.005050808512116204,0.00017169425037827713,0.00017169425037827713,0.9999999999999991,8.881784197001252e-16,0.032258064516129004,30.26780895682874,0.00010000011857921843,0.5351743105275444,0.0011825105801244148,1.3630396993998435,0.022263171355498768,0.734348006623585,-0.9246260824339345,-0.00016194285292535636,0.12961241318293823
25.400000000000002,0.7065183044807233,1.4822866072469991,0.038997055565591396,0.006286936397458766,0.00019840696911410476,0.00019840696911410476,0.9999999999999991,8.881784197001252e-16,0.032258064516129004,24.13540079724812,0.00010006502095663386,0.5137713717859739,0.008241779475134547,1.3131383453556547,0.06350731541859754,0.7152632413641165,-0.01236794957257105,-0.03669838689450525,0.12740602735541448
25.6,0.7088538309629158,1.457080292588381,0.0714419181897878,0.011526488338091213,0.0003867037464289476,0.0003867037464289476,0.9999999999999991,8.881784197001252e-16,0.06451612903225801,12.299348661275914,0.00010008450995097022,0.5170193463769056,0.008976142327838891,1.317185584542658,0.06633920558704681,0.717128857003104,-0.011154026556050432,-0.021507383145748425,0.12524727162699464
25.8,0.7110253738604706,1.4323642092358566,0.0945549024193305,0.01528598383215968,0.0009426181834815474,0.0009426181834815475,0.9999999999999991,8.881784197001252e-16,0.09677419354838701,5.691939420411224,0.0001001067631211693,0.5193173006832318,0.009687274399432814,1.3197030090228787,0.06897062389724981,0.7184982563361971,-0.010638872031073075,-0.017858056813871235,0.12313091489724637
26.0,0.7131318604038249,1.4082556261435055,0.11326269243899866,0.01836558794720301,0.002280926384164039,0.002280926384164039,0.9999999999999991,8.881784197001252e-16,0.09677419354838701,8.281008018134091,0.0001001326310387488,0.5212983872601716,0.010398808366938654,1.3217335007319784,0.07150654201857824,0.7197068314834406,-0.010466955503811541,-0.01622663451770554,0.12106753098020061
26.200000000000003,0.7152244198072635,1.38487865723102,0.128318964922773,0.020880761632452276,0.004125711311810353,0.004125711311810353,0.9999999999999991,8.881784197001252e-16,0.12903225806451601,9.10170512101019,0.00010016273486888653,0.5231798326118329,0.011118456479679333,1.323606625467911,0.0739828959706892,0.7208580860986679,-0.010481513993120306,-0.015371513859720142,0.1190751552144192
26.400000000000002,0.7173313223471038,1.3622767563488032,0.1401067683567159,0.022883196510751366,0.006070626908371305,0.006070626908371306,0.9999999999999991,8.881784197001252e-16,0.12903225806451601,9.386752650635453,0.00010019778392979853,0.52504185071377,0.011851934692962668,1.3254381951519145,0.07642420815014517,0.7219896283566533,-0.010600174612841885,-0.014905203170426594,0.11716169525816876
26.6,0.7194682839008995,1.3404281329506298,0.14907972772083414,0.02443873603387033,0.007884347307250787,0.007884347307250787,0.9999999999999991,8.881784197001252e-16,0.16129032258064502,9.488901924982596,0.00010023869149195915,0.526915843136425,0.01260547375483703,1.327272542302891,0.0788535180403439,0.7231186344155652,-0.010776269905496995,-0.014667544490000583,0.1153235586671298
26.8,0.7216438435490683,1.3192822413462804,0.1557203204929823,0.025621054618842766,0.009484317125985856,0.009484317125985856,0.9999999999999991,8.881784197001252e-16,0.16129032258064502,9.516328493725036,0.00010028659166773996,0.5288145733048516,0.013385265963691733,1.3291282223128906,0.08129097067129867,0.7242548704397477,-0.010982847023019056,-0.014583666223588908,0.11355193717689208
27.0,0.7238623973600711,1.2987824973314683,0.1604801802815903,0.02650091057675115,0.010863617680080121,0.010863617680080121,0.9999999999999991,8.881784197001252e-16,0.16129032258064502,9.50887787530407,0.00010034284513597579,0.5307431415051278,0.014196959480892326,1.331013689490084,0.08375273392108663,0.7254046675441344,-0.011204267987740012,-0.014615204601448927,0.11183755905584425
27.200000000000003,0.7261259261041482,1.2788762144090526,0.16375401016986924,0.027141052870296032,0.012045979149032418,0.01204597914903242,0.9999999999999991,8.881784197001252e-16,0.16129032258064502,9.483606321697957,0.00010040905696912849,0.5327032217960462,0.015045527710521082,1.3329330277716869,0.08625115541230434,0.7265723780999382,-0.011431489667689872,-0.01474014908603116,0.11017267031516731
27.400000000000002,0.728435023276713,1.2595179627361879,0.16587381817785812,0.02759477089482312,0.013064249529005964,0.013064249529005964,0.9999999999999991,8.881784197001252e-16,0.19354838709677402,9.448692132138063,0.00010048710881684907,0.5346948568856511,0.01593534869919923,1.334888267541939,0.08879547667251503,0.7277610906708958,-0.011659291238101083,-0.01494390475037448,0.1085514457243084
27.6,0.7307894767128528,1.2406699862884447,0.16711224226420882,0.027906155881341366,0.013951731684215181,0.013951731684215183,0.9999999999999991,8.881784197001252e-16,0.19354838709677402,9.408419381243766,0.00010057920347146883,0.5367172582952201,0.01687035160736281,1.3368804065541458,0.09139261901216898,0.7289730646178388,-0.011884677325335671,-0.015215617583984674,0.10696975340056343
27.8,0.7331886147323102,1.2223016139895442,0.16768889370349208,0.02811096539564228,0.014738729218077574,0.014738729218077574,0.9999999999999991,8.881784197001252e-16,0.19354838709677402,9.365188913891613,0.00010068792035023299,0.5387692045396698,0.017854161435424485,1.3389099235570672,0.0940478472858238,0.7302100239097377,-0.012105926878921015,-0.015546595883641177,0.10542478089172953
28.0,0.735631502698011,1.204388308977397,0.16777766310348616,0.028237710548877554,0.015451602262587455,0.015451602262587455,0.9999999999999991,8.881784197001252e-16,0.19354838709677402,9.320419620992318,0.00010081628234899601,0.540849241662955,0.018890224146262912,1.3409770548014768,0.09676528622998094,0.7314733645596728,-0.012322043252028257,-0.0159297423674462,0.10391467681639728
28.200000000000003,0.7381170505942765,1.1869106971205172,0.16751391925120457,0.028308758528371617,0.01611270142409902,0.01611270142409902,0.9999999999999991,8.881784197001252e-16,0.19354838709677402,9.274982097492959,0.00010096783406852294,0.5429557838346807,0.019981900348387156,1.3430819502175577,0.09954828344006829,0.7327642982255297,-0.01253245420748033,-0.01635935547875351,0.10243826897109205
28.400000000000002,0.7406440806449177,1.1698536780899624,0.16700122566336578,0.028341376308673054,0.01674058004872722,0.01674058004872722,0.9999999999999991,8.881784197001252e-16,0.19354838709677402,9.229425887480375,0.00010114673448753889,0.5450871714542351,0.02113254334741184,1.3452247787304374,0.10239968253390892,0.7340839618383409,-0.012736827027539858,-0.016830995167763894,0.10099485701373759
28.6,0.743211365200596,1.1532056264807298,0.1663174557741096,0.02834869575933799,0.017350486069601413,0.017350486069601413,0.9999999999999991,8.881784197001252e-16,0.19354838709677402,9.1841060862896,0.00010135786644980329,0.5472416994790696,0.022345563077294513,1.347405801487901,0.10532202364758717,0.7354335045250614,-0.012934973687102287,-0.01734143630053988,0.0995840571301401
28.8,0.7458176487399105,1.1369577287801926,0.16552012143812025,0.02834056147641692,0.017954842730525576,0.017954842730525576,0.9999999999999991,8.881784197001252e-16,0.19354838709677402,9.139252793681948,0.00010160696516532314,0.5494176304996219,0.023624474785931333,1.349625428752914,0.10831767955942491,0.7368141570751137,-0.013126805449542783,-0.017888603842518266,0.09820569856871708
29.0,0.7484616656819416,1.1211034358261713,0.1646509513469639,0.028324267181106543,0.01856373855447337,0.01856373855447337,0.9999999999999991,8.881784197001252e-16,0.19354838709677402,9.095019943786745,0.00010190077002463348,0.551613203058435,0.024972940871861585,1.3518842763899654,0.11138895627548674,0.7382272968924289,-0.013312310791189781,-0.01847149612588308,0.09685975226172766
29.200000000000003,0.7511421554587107,1.105638026521029,0.16373969507309166,0.028305176406365203,0.01918545050467814,0.01918545050467814,0.9999999999999991,8.881784197001252e-16,0.16129032258064502,9.051509700167891,0.00010224720484440034,0.5538266355512177,0.026394810563997076,1.3541832272068268,0.11453817344518541,0.7396745160810971,-0.013491547469683167,-0.019090126154719077,0.09554628193317338
29.400000000000002,0.7538578766284326,1.0905582670610623,0.16280727560076977,0.028287244561520885,0.019826915245244728,0.019826915245244728,0.9999999999999991,8.881784197001252e-16,0.16129032258064502,9.008793159445215,0.00010265559057399257,0.5560561272040578,0.027894152588241503,1.3565235016062416,0.1177677168406498,0.7411576948655965,-0.013664647480196163,-0.01974545992647093,0.09426541357492783
29.6,0.7566076222901315,1.0758621804637076,0.1618681932139556,0.028273424949643126,0.02049415114059129,0.02049415114059129,0.9999999999999991,8.881784197001252e-16,0.16129032258064502,8.966917278902418,0.00010313689564380486,0.5582998572249691,0.029475280500976954,1.3589067442071125,0.12108006648396019,0.7426790864665019,-0.01383182967140844,-0.020439373591965546,0.0930173231313933
29.8,0.7593902397827611,1.0615488962094883,0.16093238031795803,0.028265991703916294,0.02119262504884564,0.02119262504884564,0.9999999999999991,8.881784197001252e-16,0.16129032258064502,8.925911617329954,0.00010370403043564014,0.5605559829980408,0.031142772440431503,1.3613351377613039,0.12447780783400925,0.7442414251850499,-0.013993420996884845,-0.02117466354556404,0.09180223341115903
30.0,0.7622046561036927,1.047618564970115,0.16000663107496954,0.02826680271929487,0.021927610650609042,0.021927610650609042,0.9999999999999991,8.881784197001252e-16,0.16129032258064502,8.885792419856074,0.00010437219353716375,0.5628226357508979,0.03290148694321266,1.3638115586513497,0.12796363203530225,0.7458480731835013,-0.014149900515441016,-0.021955094133949114,0.09062041696712694
30.200000000000003,0.7650499118161962,1.034072341314509,0.15909564466156323,0.028277511164488504,0.022704527012393238,0.022704527012393238,0.9999999999999991,8.881784197001252e-16,0.16129032258064502,8.846559536703069,0.00010515927518134142,0.5650979119534965,0.03475656812910688,1.3663397965953268,0.1315403143489355,0.7475032278569607,-0.014301924381523272,-0.02278551746668922,0.08947220628900142
30.400000000000002,0.7679252085014333,1.0209124285551237,0.15820277398722493,0.02829974569781348,0.023529266334652334,0.023529266334652334,0.9999999999999991,8.881784197001252e-16,0.16129032258064502,8.808193118712932,0.00010608632223481491,0.567379858610282,0.036713434786610905,1.3689248749590357,0.13521066472179805,0.7492122223039377,-0.014450474388183455,-0.023672111580782904,0.08835801100076887
30.6,0.7708299803356087,1.0081421945268676,0.1573305233640463,0.028335280604370544,0.024408566652557022,0.024408566652557022,0.9999999999999991,8.881784197001252e-16,0.16129032258064502,8.770645168020241,0.00010717806450459426,0.5696664469528828,0.03877774400200139,1.3715735504575706,0.13897743918218175,0.7509819991770547,-0.01459694345845939,-0.02462280252990969,0.08727834266604306
30.8,0.7737640074011286,0.9957663644635942,0.15648090321957062,0.028386237932189563,0.025350490198211645,0.025350490198211645,0.9999999999999991,8.881784197001252e-16,0.16129032258064502,8.733821922275492,0.00010846349178348867,0.571955525445343,0.04095531306550858,1.3742951301347786,0.1428431916663664,0.7528218857445802,-0.014743468133952387,-0.02564801760500892,0.08623384873196567
31.0,0.7767276113526528,0.9837913191557246,0.15565568236571115,0.02845538583805731,0.02636512612492053,0.02636512612492053,0.9999999999999991,8.881784197001252e-16,0.16129032258064502,8.697549201055732,0.00010997644121767082,0.5742447295684108,0.04325195958522572,1.3771029230110992,0.14681001054677079,0.7547449768667788,-0.01489348093928805,-0.026762096673166834,0.08522536221041588
31.200000000000003,0.7797220289440481,0.9722255313780706,0.15485643471900448,0.028546654610639502,0.027465723828706417,0.027465723828706417,0.9999999999999991,8.881784197001252e-16,0.16129032258064502,8.661492015814028,0.0001117560792070737,0.5765312920772893,0.04567316775169175,1.3800170945921526,0.1508790111967123,0.7567708554642465,-0.015052976333884152,-0.027986362282234865,0.08425397791277564
31.400000000000002,0.7827502609513304,0.9610803958982378,0.15408458603959754,0.028666330638140256,0.02867087662494393,0.02867087662494393,0.9999999999999991,8.881784197001252e-16,0.16129032258064502,8.624928767107287,0.00011384693007191836,0.5788116061968892,0.04822332295313062,1.3830711962646627,0.1550492184892123,0.758931779276688,-0.015234661566334087,-0.029356059136354095,0.08332121111862988
31.6,0.7858195347475264,0.9503714952038346,0.15333946272965024,0.02882630586080074,0.030008876548826502,0.030008876548826505,0.9999999999999991,8.881784197001252e-16,0.16129032258064502,8.58591352725145,0.00011629696404635998,0.5810798924533864,0.05090334486555889,1.3863314351340528,0.1593141239511626,0.7612907625546802,-0.01547334535679911,-0.030945396424115354,0.08242933246945534
31.8,0.7889540867147959,0.9401211262911068,0.1525982699751442,0.02905974891208693,0.0315264644054881,0.0315264644054881,0.9999999999999991,8.881784197001252e-16,0.16129032258064502,8.534822440322113,0.00011913960275046633,0.5833216901840116,0.05369485497097119,1.389995688093576,0.16363823021769877,0.7640310145197271,-0.01596808911786106,-0.033036423754602494,0.08158272866395204
32.0,0.7975436650454978,0.9348615069599144,0.12425835111632262,0.030431504763644947,0.19579037028671,0.19579037028671004,0.9999999999999991,8.881784197001252e-16,0.12903225806451601,27.395831871792332,0.00011394253383889633,0.5910701909952282,0.048333592509573316,1.4220950833662307,0.15522701110754752,0.7755047357784413,-0.07572787227035196,-0.18626869282621417,0.0863374838351405
32.2,0.8027149619410914,0.9724210397097349,0.10038400926925348,0.02633803619281906,0.3206083834434291,0.3206083834434292,0.9999999999999991,8.881784197001252e-16,0.09677419354838701,29.32510691806551,0.00010341148916143293,0.5982989840770958,0.030305721506204607,1.4270341939804474,0.1227839658106429,0.7714428650537252,-0.009336930470948537,-0.3037305002274057,0.10812490659174556
32.4,0.8042937479059853,1.0153684957103288,0.09323093053802049,0.02379536784539094,0.3365764636701396,0.3365764636701396,0.9999999999999991,8.881784197001252e-16,0.06451612903225801,29.920408319538844,0.00010089345647357646,0.6001845386340201,0.019461591785762084,1.4252804563617298,0.0982317115579452,0.7657636358629573,-0.007189339083444407,-0.3270522290851768,0.12061265358309953
32.6,0.8056516891516362,1.058751710240486,0.08913299812385718,0.022257526443514072,0.3478270891468589,0.3478270891468589,0.9999999999999991,8.881784197001252e-16,0.06451612903225801,30.243899133187387,0.00010035666249595022,0.6015039486803075,0.014382523855672229,1.424574657250369,0.08430542026285084,0.7624534804706361,-0.006409493262151206,-0.34156629685334366,0.12998722991885783
32.800000000000004,0.8068619505819461,1.1024660940950903,0.0864198794838731,0.0211897291886481,0.35687226881340917,0.3568722688134092,0.9999999999999991,8.881784197001252e-16,0.0,30.419105970096975,0.00010017475524316019,0.6025573241823875,0.011380926163249644,1.4242324743347001,0.07486566080304954,0.7601836634292314,-0.005702535435413769,-0.3522990537576314,0.137715841899663
33.0,0.8079359729272192,1.1463437680259216,0.0844925954532027,0.020386098616856783,0.3637820928099397,0.3637820928099397,0.9999999999999991,8.881784197001252e-16,0.0,30.526473305092313,0.00010009686867924682,0.6034179211427829,0.009384640612488195,1.4240077181399082,0.06786327231040037,0.7584710458608583,-0.005044303466967048,-0.36024793774330083,0.14435903831962002
33.2,0.8088816618717637,1.1901493387135385,0.08308833679421591,0.019755934034519813,0.3685994495141339,0.3685994495141339,0.9999999999999991,8.881784197001252e-16,0.0,30.598252497831304,0.00010005843515445676,0.6041197767959403,0.007960548904126586,1.4237968270808674,0.06238873433148314,0.7570955213576472,-0.004416037651929827,-0.36579692927679114,0.15020041838507675
33.4,0.8097032228253621,1.2336004430269667,0.08208921752684066,0.019255371828048838,0.37121636946321834,0.37121636946321834,0.9999999999999991,8.881784197001252e-16,0.0,30.64881701558734,0.00010003757797022508,0.604678730470408,0.006898519313803028,1.4235410024303223,0.057969894858517106,0.7559386210898686,-0.003800335974650057,-0.3689976021282874,0.1553901287396
33.6,0.810401527883832,1.2763500989412673,0.08145813818215404,0.018864960148394953,0.37128703403333885,0.37128703403333885,0.9999999999999991,8.881784197001252e-16,0.0,30.685186634602275,0.00010002549514960996,0.6050995140918423,0.006085999617297475,1.4231946753366034,0.05434670965752553,0.7549293815874442,-0.0031804154767134662,-0.36959931091477227,0.15998803111137527
33.800000000000004,0.810973557285837,1.3179454926406744,0.08121976759793227,0.01858180321813531,0.36811254520877423,0.36811254520877423,0.9999999999999991,8.881784197001252e-16,0.0,30.71081515127656,0.00010001819659636784,0.6053780047513438,0.005460145555449905,1.422710026334916,0.05138167090147493,0.7540210392466621,-0.0025324029740100285,-0.36697891412009187,0.16397434740927097
34.0,0.8114095285856313,1.3577517503082683,0.08147005025287936,0.01841880815881539,0.360376979809323,0.360376979809323,0.9999999999999991,8.881784197001252e-16,0.0,30.72690551488981,0.00010001372222940228,0.6054990282781842,0.004987872753515439,1.42202048447098,0.04902542266674908,0.7531778804483786,-0.0018081303333947057,-0.35990860854142714,0.1672365441150324
34.2,0.8116835975190299,1.3947912995379539,0.08243105279948773,0.018411863266903694,0.34541079390851404,0.34541079390851404,0.9999999999999991,8.881784197001252e-16,0.032258064516129004,30.73215716032393,0.0001000110948809314,0.6054252087278063,0.004660414885781801,1.421003929804995,0.04732271087248816,0.7523622641514429,-0.0008783797931370962,-0.34587501013278876,0.16951286677673025
34.4,0.8117162163116762,1.4273100731623691,0.08466559848379351,0.018649000105350404,0.3164214813521446,0.3164214813521446,0.9999999999999991,8.881784197001252e-16,0.032258064516129004,30.718647020714023,0.00010000998890764803,0.6050502422358064,0.004506988450942203,1.4193429548721943,0.04650343603709272,0.7514986168535526,0.0007786660632864706,-0.31852107053722206,0.17019129979146577
34.6,0.8110550502425625,1.4507629598010756,0.09066470915209462,0.019442182097095292,0.24041458229318427,0.2404145822931843,0.9999999999999991,8.881784197001252e-16,0.06451612903225801,30.619926052511765,0.00010001168370996531,0.6038273493845775,0.00473796662099593,1.4152900904598331,0.04773146451839284,0.7501297548566368,0.008743220828461518,-0.2475210536304411,0.1670834311228378
34.800000000000004,0.8056018810975584,1.4366540522791136,0.11785264377745222,0.018681347114737193,0.003742891314309659,0.003742891314309659,0.9999999999999991,8.881784197001252e-16,0.09677419354838701,9.494193020396452,0.00010002721917983288,0.6015254860400832,0.006215790721955577,1.3846284065703232,0.054941540564080536,0.731023392007362,-0.004952006404997718,-0.00893123305646829,0.1459378828002861
35.0,0.8066316880920121,1.40947028899103,0.1238134558347573,0.01981360126240125,0.003855845633207068,0.003855845633207068,0.9999999999999991,8.881784197001252e-16,0.09677419354838701,9.587526608706279,0.00010005760015229091,0.6021303728255947,0.007923406947318712,1.3857246493813127,0.06223949873721215,0.7335178160588419,-0.005333306062909576,-0.009742355273761404,0.1345319517924989
35.2,0.8077284888475903,1.3841322994521956,0.13014296856228352,0.020985258742464086,0.00438460446107699,0.00438460446107699,0.9999999999999991,8.881784197001252e-16,0.12903225806451601,9.680772938216245,0.00010010033018867713,0.6028580135554483,0.009492764206915704,1.3868531941502662,0.06826096731449391,0.7355249596284036,-0.005618835830060523,-0.010135943983143858,0.12748970335525744
35.4,0.8088740004649888,1.360113396938443,0.136098631369981,0.022089187176510747,0.005151019331736466,0.005151019331736467,0.9999999999999991,8.881784197001252e-16,0.12903225806451601,9.780174144244198,0.00010015445804242616,0.6036457017838494,0.010930119286609767,1.3879716081696545,0.07334290503073013,0.737233446567854,-0.005826399665988705,-0.010388853608106818,0.12244379548445822
35.6,0.8100562018828458,1.3371494041972403,0.14128697982900446,0.023065314866002988,0.006096604600212592,0.006096604600212592,0.9999999999999991,8.881784197001252e-16,0.12903225806451601,9.851336131451903,0.00010021923329182234,0.6044714697571083,0.01225877549007096,1.3890725202188263,0.07774524973403703,0.738732825029828,-0.005991094717302005,-0.010595341185883067,0.11857653327268572
35.800000000000004,0.8112693374886399,1.3150760711467167,0.14552291857539365,0.02388369756664933,0.007115801704088548,0.007115801704088548,0.9999999999999991,8.881784197001252e-16,0.16129032258064502,9.880976693216615,0.00010029452451518282,0.6053261546177804,0.013505816337451005,1.390159709079426,0.08166128295894216,0.7400837132614192,-0.00613895149567132,-0.01079930041547854,0.11546728433711911
36.0,0.8125116272448444,1.2937742969907755,0.1487907472859329,0.02454132443985601,0.008119853500966983,0.008119853500966983,0.9999999999999991,8.881784197001252e-16,0.16129032258064502,9.877597057703936,0.00010038113102557667,0.6062060416096656,0.014699704196047063,1.391241757623238,0.08524180590528797,0.7413329874631209,-0.0062841688241117785,-0.011025469750358584,0.11286212167907393
36.2,0.8137832460857255,1.273152390745861,0.1511786505408648,0.025052632286353623,0.009062831055932674,0.009062831055932676,0.9999999999999991,8.881784197001252e-16,0.16129032258064502,9.853150396917401,0.00010048080068839514,0.607109565926166,0.01586712835730804,1.3923281872680082,0.08860299894487281,0.7425171779884229,-0.0064327651346656675,-0.01128948781322685,0.110598304465404
36.4,0.815085068987176,1.2531396051307462,0.15282063043647023,0.025440095724752382,0.009932539296102055,0.009932539296102055,0.9999999999999991,8.881784197001252e-16,0.16129032258064502,9.816267640167714,0.00010059613766175475,0.6080359055384154,0.01703125738016203,1.39342766810363,0.09183214882042177,0.7436641457812446,-0.006586257210583216,-0.011600973938720338,0.10856943822658856
36.6,0.8164180419950086,1.2336821827893607,0.15385988871115414,0.025727997069877086,0.010735166096495472,0.010735166096495474,0.9999999999999991,8.881784197001252e-16,0.16129032258064502,9.77219664627774,0.0001007305176575536,0.6089844523332466,0.01821128149843936,1.3945474592119158,0.09499330948567848,0.7447946568082248,-0.006744094456363085,-0.011964725075813542,0.1067057979112516
36.800000000000004,0.8177829158127178,1.2147398623624783,0.15442945745789444,0.02593905762520301,0.011484494201797783,0.011484494201797783,0.9999999999999991,8.881784197001252e-16,0.16129032258064502,9.723987174587874,0.00010088806980647356,0.6099546099201997,0.01942280422219494,1.3956934474638747,0.09813285658842326,0.7459240225834906,-0.006905039639864302,-0.012381957389540288,0.10496171716481417
37.0,0.8191801771682137,1.1962828345861045,0.15464403563429716,0.02609299321586608,0.012196295264048805,0.012196295264048805,0.9999999999999991,8.881784197001252e-16,0.16129032258064502,9.67343450033471,0.00010107371987481517,0.6109457350437907,0.020678495103103763,1.3968703970840388,0.10128410758017649,0.7470635148735855,-0.0070677498241225045,-0.012851710848537623,0.10330742848142221
37.2,0.8206100615181445,1.178289248387802,0.15459767868911772,0.026206094656974488,0.012885727752972923,0.012885727752972923,0.9999999999999991,8.881784197001252e-16,0.16129032258064502,9.621624968074167,0.0001012932945163777,0.6119571174614105,0.021988810408863888,1.3980822540038846,0.10447104849483645,0.7482215482059437,-0.007231101929821175,-0.013372079813282877,0.10172358821811689
37.4,0.8220726009374527,1.1607432703560219,0.15436466957944828,0.026291365480584097,0.013566410988154478,0.013566410988154478,0.9999999999999991,8.881784197001252e-16,0.16129032258064502,9.569244278725867,0.00010155367834917297,0.6129879795221508,0.023362641166867613,1.3993324374813043,0.10771116322842843,0.7494046027047829,-0.0073941850982804785,-0.013941135800969295,0.10019767548026226
37.6,0.8235676749900903,1.1436336458354324,0.15400192658606301,0.02635892361645786,0.014250248775110436,0.014250248775110436,0.9999999999999991,8.881784197001252e-16,0.16129032258064502,9.516737459484231,0.00010186300963859333,0.6140374819890522,0.024807797362094902,1.4006240801445642,0.111017393997422,0.7506178895589711,-0.007556361266666187,-0.014557480946812983,0.0987216620176565
37.800000000000004,0.825095058363077,1.1269526291748777,0.1535518172247799,0.026416477289676298,0.014947492690671516,0.014947492690671516,0.9999999999999991,8.881784197001252e-16,0.16129032258064502,9.464406735398581,0.00010223092865912984,0.6151047259455532,0.026331415499748247,1.4019602451446058,0.1143996114564662,0.7518658760762168,-0.0077172261296890865,-0.015220581565195089,0.09729045330716135
38.0,0.8266544651532192,1.1106951957897568,0.15304503026339175,0.026469818189599745,0.015667049583600687,0.015667049583600687,0.9999999999999991,8.881784197001252e-16,0.16129032258064502,9.412464073000262,0.00010266888312173048,0.6161887536566474,0.0279402833602846,1.4033441293996756,0.11786567694355723,0.753152702389533,-0.00787657551890239,-0.01593096084384964,0.09590086005536741
38.2,0.8282455876251059,1.0948584945432673,0.1525032286875886,0.026523281708235823,0.016416843905508904,0.016416843905508904,0.9999999999999991,8.881784197001252e-16,0.16129032258064502,9.361062372625819,0.00010319049212172142,0.6172885471563959,0.029641070694466178,1.4047792580613447,0.1214221467568818,0.7544825128103336,-0.008034392439954498,-0.016690288548631048,0.0945509481946405
38.400000000000006,0.829868131340561,1.0794414949414002,0.15194128095969048,0.02658014134672612,0.017204175980566217,0.017204175980566217,0.9999999999999991,8.881784197001252e-16,0.16129032258064502,9.310316252081227,0.00010381197622076408,0.6184030224579606,0.03144048509353589,1.4062696893689508,0.12507471953364516,0.7558597444876591,-0.008190832356029742,-0.017501448821006405,0.0932396408639437
38.6,0.8315218552562383,1.0644447558435293,0.15136905781662505,0.026642944811465227,0.01803614162344083,0.01803614162344083,0.9999999999999991,8.881784197001252e-16,0.16129032258064502,9.260314404643369,0.00010455268307425719,0.6195310169491384,0.033345419059272276,1.4078202813944967,0.12882859922598075,0.757289457978259,-0.008346245337736119,-0.018368665412480143,0.09196643274026484
38.800000000000004,0.8332066189246105,1.0498703291095957,0.15079282085685575,0.02671379596287675,0.01892010024822414,0.01892010024822414,0.9999999999999991,8.881784197001252e-16,0.16129032258064502,9.211122644843133,0.00010543571361671078,0.6206712693003466,0.03536305207187827,1.4094370449631295,0.1326887170287711,0.758777723239605,-0.008501318974698323,-0.01929769109211563,0.09073122140107744
39.0,0.834922445655812,1.035721791861086,0.15021618923901364,0.02679459051768076,0.01986421588538693,0.01986421588538693,0.9999999999999991,8.881784197001252e-16,0.16129032258064502,9.162787566801354,0.00010648866310331732,0.621822383816889,0.037500911957392545,1.411127666773529,0.13665984377956208,0.7603321602751708,-0.008657052916031652,-0.02029616088535282,0.08953421994441038
39.2,0.8366696145582756,1.0220044229153962,0.1496406533993793,0.026887214467541685,0.020878165466312236,0.020878165466312236,0.9999999999999991,8.881784197001252e-16,0.16129032258064502,9.11533252162666,0.00010774448118987143,0.6229827699559624,0.039766881078809053,1.4129023305951718,0.1407465861489378,0.761962753967453,-0.008815055186107056,-0.021374179173765228,0.08837592641210287
39.400000000000006,0.838448811464558,1.008725552568961,0.14906558740600565,0.026993737123612464,0.021974236761175818,0.021974236761175818,0.9999999999999991,8.881784197001252e-16,0.16129032258064502,9.068754856590548,0.00010924245607863164,0.6241505254317432,0.042169149952888,1.4147751603808814,0.14495329308975463,0.7636832840237275,-0.008977868037555188,-0.022545471379740355,0.08725712834646464
39.6,0.8402613989970772,0.9958951933719992,0.14848744473449565,0.027116624848173707,0.02316934857143486,0.02316934857143486,0.9999999999999991,8.881784197001252e-16,0.16129032258064502,9.023025351958328,0.00011102928212928781,0.6253231968032847,0.04471606726375214,1.416766986005382,0.14928380551692896,0.7655140497850553,-0.00915013853798996,-0.023829565870842326,0.08617895603982195
39.800000000000004,0.8421099783485243,0.9835272421391117,0.1478968418945651,0.027259000537115486,0.024489810189580952,0.024489810189580952,0.9999999999999991,8.881784197001252e-16,0.16129032258064502,8.978116894826252,0.00011316004867677274,0.6264971817992843,0.04741574787971073,1.4189116439733278,0.1537408576924165,0.767488143335381,-0.009339824919572873,-0.02525656435293225,0.08514302199364605
40.0,0.8439997567918662,0.9716424462203203,0.1472682860815358,0.027424759803995977,0.02598509713038037,0.02598509713038037,0.9999999999999991,8.881784197001252e-16,0.16129032258064502,8.934256957937349,0.00011569855527424511,0.6276659357845635,0.0502749975526184,1.4212733952840888,0.15832450829890912,0.7696687018764294,-0.009566999338342284,-0.026879346913334334,0.08415179042895433
40.2,0.8459433125934347,0.9602778956452894,0.14650844123074472,0.027616814752723855,0.02780609748869273,0.027806097488692734,0.9999999999999991,8.881784197001252e-16,0.16129032258064502,8.89567540155891,0.00011871200701714827,0.6288101858406415,0.05329347671539272,1.4240276610547522,0.1630235516549421,0.772229863121938,-0.009898987774653194,-0.028820335397808403,0.08320963494952366
40.400000000000006,0.8491144187531386,0.9505761260083896,0.14301952747876195,0.027211836576373542,0.04444866375379665,0.04444866375379665,0.9999999999999991,8.881784197001252e-16,0.16129032258064502,8.265858552486744,0.0001155522206986755,0.6354382193503381,0.05011891969481382,1.4641081973782877,0.15807773229611244,0.7903632703360939,-0.02272252649333869,-0.03619122494432406,0.08239021710519122
40.6,0.8527288186153729,0.9423939059798512,0.13376974490237878,0.0258382409605229,0.039516987085836744,0.039516987085836744,0.9999999999999991,8.881784197001252e-16,0.12903225806451601,8.572531978713702,0.00012241300980640914,0.6386045633373861,0.05658554315560772,1.4702443661736846,0.16799863698269285,0.7951169316071318,-0.015976590273324494,-0.034973714280054455,0.08199445915992697
40.800000000000004,0.8573818617426268,0.935687531473966,0.12246805759630178,0.024064253321971547,0.05517109121850754,0.05517109121850754,0.9999999999999991,8.881784197001252e-16,0.12903225806451601,8.079950554736737,0.0001206478327013902,0.6460692844706324,0.05506463978144373,1.5113082460499452,0.16571876904123153,0.814009330162261,-0.02524022166488142,-0.04106003247547077,0.08167837727268668
41.0,0.8617240199798197,0.9294801897978385,0.11236831457042264,0.02230427687839603,0.04856139103880382,0.04856139103880382,0.9999999999999991,8.881784197001252e-16,0.12903225806451601,8.495690977773219,0.00012733064856953845,0.6499153603037081,0.06043991548118406,1.5175296347503295,0.1736423456820207,0.8181459546397124,-0.019858544862357386,-0.04344686647809386,0.08159384010536613
41.2,0.8680231281082763,0.9258285836846747,0.09639120576925425,0.01959837131361988,0.06024848435302826,0.06024848435302826,0.9999999999999991,8.881784197001252e-16,0.09677419354838701,8.128390544921377,0.0001265173787961773,0.6587489368673374,0.05983637524359751,1.5596340871619165,0.172770801825429,0.8373385954810614,-0.026292972455624473,-0.0507353626103827,0.08189100456625875
41.400000000000006,0.8743036075119548,0.9221662346313311,0.08401790282480617,0.01790377812541488,0.08148494153361228,0.08148494153361228,0.9999999999999991,8.881784197001252e-16,0.09677419354838701,7.804292174708366,0.00012216955586616992,0.6663346093377542,0.05638064300176532,1.600255258625542,0.16769329482032558,0.8561686025472612,-0.04001440609319218,-0.061266396995226756,0.08208305495888435
41.6,0.8807448782345243,0.9203205098605506,0.07412544036012227,0.01580247021666603,0.06812901510902532,0.06812901510902532,0.9999999999999991,8.881784197001252e-16,0.06451612903225801,8.260594575695249,0.00012986063372507337,0.6729307725424831,0.062244132225633214,1.6082789894242484,0.17622201425774497,0.8600016619995907,-0.028424744865463765,-0.06442100939851943,0.08277376729539138
41.800000000000004,0.88848056248066,0.9198336782786317,0.060357034506860176,0.014057858391901148,0.09328640704063372,0.09328640704063372,0.9999999999999991,8.881784197001252e-16,0.06451612903225801,7.82769978585481,0.0001254964754363313,0.6819116883396357,0.059061016455712656,1.6505634075715965,0.17164464485093536,0.879636956600235,-0.03948168052533302,-0.08054027285676185,0.08365484286204958
42.0,0.8953567536457044,0.9203091619470305,0.05659545804846726,0.013073820771935836,0.08373464437503934,0.08373464437503934,0.9999999999999991,8.881784197001252e-16,0.06451612903225801,8.323735398539448,0.00012817975376966498,0.68853720822604,0.061057406322126154,1.6571686219705586,0.17452952815033057,0.8820618457234998,-0.03121195297321884,-0.08208773765607728,0.08454662967101026
42.2,0.9012547673810565,0.920086110860411,0.05522358436332252,0.01284991097357995,0.08387869629619543,0.08387869629619543,0.9999999999999991,8.881784197001252e-16,0.06451612903225801,8.476474333402612,0.0001293283885799752,0.6936754058068008,0.06187328882780176,1.661936758679123,0.17569487677452178,0.8837643065104379,-0.028102673652686636,-0.08301548772164699,0.08489462322035012
42.400000000000006,0.9087359390302029,0.9216719135218157,0.04526649384753304,0.012289309460679689,0.12303376520708163,0.12303376520708163,0.9999999999999991,8.881784197001252e-16,0.032258064516129004,7.976440308278749,0.00012097421427219206,0.7019363576145551,0.05535221275447163,1.7029824083913607,0.16615224709891188,0.9028495580649387,-0.048442493006332896,-0.11393063168010267,0.08591382357464594
42.6,0.9164973640927495,0.9279653036453133,0.04284618723220371,0.01148164339745922,0.11482681689031785,0.11482681689031785,0.9999999999999991,8.881784197001252e-16,0.032258064516129004,8.411431615603867,0.00012036359599681868,0.7096233661689886,0.054811721314754175,1.7101881624488304,0.1653365881737799,0.9050320506753204,-0.03406734820407997,-0.11287157957605341,0.08811518891467265
42.800000000000004,0.9228844517863687,0.9327296913770885,0.04241920078707584,0.01120328304101215,0.11059184754100868,0.11059184754100869,0.9999999999999991,8.881784197001252e-16,0.032258064516129004,8.587385778996484,0.00011872695852431526,0.7152613475525009,0.05330761409358896,1.7147119900433547,0.16304524131158232,0.9061299630038872,-0.030251856975608067,-0.10959174027563715,0.089130382705573
43.0,0.9287008999341666,0.9366927836093142,0.042196568645224634,0.011046193668091517,0.10814789618170446,0.10814789618170448,0.9999999999999991,8.881784197001252e-16,0.032258064516129004,8.685779921533587,0.00011777576923642883,0.7202588509144667,0.05239278953887657,1.718656242920438,0.16163570852898543,0.9070997648017325,-0.0280679561279188,-0.10752864138984013,0.08973768280168792
43.2,0.9341551547504432,0.940162595398239,0.04204801092141692,0.010943180000409627,0.10656252966187706,0.10656252966187706,0.9999999999999991,8.881784197001252e-16,0.032258064516129004,8.751489902422788,0.00011716843142868505,0.7248863156028773,0.05179147137260464,1.7222909383043385,0.16070247853857575,0.9080084283166805,-0.026552388584427503,-0.10613181465627264,0.09015215478685558
43.400000000000006,0.9393455179140521,0.9432934209716007,0.04193723947806398,0.010868405466892423,0.10542752771396724,0.10542752771396724,0.9999999999999991,8.881784197001252e-16,0.032258064516129004,8.799975582202737,0.00011673929530653944,0.7292555579882299,0.051357985159711975,1.7257129167879173,0.1600263414219121,0.9088724610335813,-0.025396398123849903,-0.10510097594666279,0.09046187026993414
43.6,0.9443279229668916,0.9461697191590082,0.041848554547714065,0.0108097901804957,0.10454746985767223,0.10454746985767223,0.9999999999999991,8.881784197001252e-16,0.032258064516129004,8.838447976908897,0.00011640988818195931,0.7334238176384423,0.05102018579903401,1.7289686588371342,0.15949746513112137,0.9096990533118783,-0.02445557644950247,-0.10428286387800523,0.09071001243431953
43.800000000000004,0.9491367070079142,0.9488411298462212,0.041773578764432426,0.010761070968612445,0.10382176509125643,0.10382176509125643,0.9999999999999991,8.881784197001252e-16,0.032258064516129004,8.870765499613912,0.00011614091377129386,0.7374240922494378,0.05074099027937951,1.732084420477305,0.1590590138689083,0.9104925520709769,-0.023650234353074666,-0.10359641607631932,0.09091978003471472
44.0,0.9537938883070622,0.9513388092981556,0.041707451339550485,0.010718813241222971,0.10319617115975036,0.10319617115975036,0.9999999999999991,8.881784197001252e-16,0.032258064516129004,8.89912010803938,0.00011591171519603549,0.7412770812408067,0.05050062409349505,1.7350768114984052,0.15868056947666334,0.9112560461616719,-0.022933629813844357,-0.10299736144452072,0.09110420761462783
44.2,0.9583141722131402,0.953683719097284,0.041647253418240174,0.010681062131602477,0.10264042113603632,0.10264042113603632,0.9999999999999991,8.881784197001252e-16,0.032258064516129004,8.924794146559835,0.00011571092626109097,0.7449967368417939,0.05028814769018432,1.7379573007559188,0.15834528251327953,0.9119919074968301,-0.022277646004168816,-0.10246078718022603,0.09127083518939233
44.400000000000006,0.9627078269772654,0.9558910028731673,0.041591202146223576,0.010646668654836579,0.10213707701980553,0.10213707701980553,0.9999999999999991,8.881784197001252e-16,0.032258064516129004,8.948551867284582,0.00011553197309166167,0.7485930976018963,0.05009724695674743,1.7407343854054864,0.15804343486206027,0.9127020375987976,-0.02166513104257558,-0.10197220284424403,0.0914241388291698
44.6,0.9669824020577387,0.9579723800083026,0.041538192101973154,0.010614930667500603,0.10167565782563091,0.10167565782563091,0.9999999999999991,8.881784197001252e-16,0.032258064516129004,8.970858360904455,0.00011537080679408197,0.7520738458525444,0.04992406160025108,1.743414745610887,0.15776909842149006,0.9133880093042681,-0.02108545764409013,-0.10152278476750794,0.09156686592843108
44.800000000000004,0.971143745869851,0.959937452711246,0.04148752849092354,0.010585399854051152,0.10124954170420129,0.10124954170420129,0.9999999999999991,8.881784197001252e-16,0.032258064516129004,8.992002998122988,0.0001152247517344536,0.7554451836046236,0.04976606564623224,1.7460038885570917,0.15751840591186853,0.9140511579363164,-0.02053193680401401,-0.10110685729909391,0.09170076953772748
45.0,0.9751966267056624,0.9617944479869394,0.04143876651444104,0.01055777389001513,0.10085426808939219,0.10085426808939219,0.9999999999999991,8.881784197001252e-16,0.032258064516129004,9.012171545641127,0.00011509189915260976,0.758712350439302,0.04962147156639635,1.748506531404411,0.15728862779991384,0.9146926438025712,-0.020000259727728058,-0.10072051262339457,0.09182702628553457
45.2,0.9791451102355914,0.9635506400007057,0.04139161456126776,0.010531836447326736,0.10048661798694679,0.10048661798694679,0.9999999999999991,8.881784197001252e-16,0.032258064516129004,9.031488022478301,0.0001149707886082097,0.7618799337751541,0.04948891603926166,1.7509268350858442,0.15707768495499244,0.9153134960824005,-0.019487565635500276,-0.10036086295065422,0.09194647258049002
45.400000000000006,0.9829927848440642,0.9652125921009256,0.04134587677824906,0.010507423945478841,0.10014411755368179,0.10014411755368179,0.9999999999999991,8.881784197001252e-16,0.032258064516129004,9.050038763805862,0.00011486023961279898,0.7649520540260499,0.04936729458095036,1.753268547438306,0.15688389243077916,0.915914642714432,-0.018991895449682057,-0.10002563839777444,0.0920597365461611
45.6,0.9867429061705777,0.9667863099104138,0.04130141685401044,0.010484405694755821,0.09982474838738417,0.09982474838738417,0.9999999999999991,8.881784197001252e-16,0.032258064516129004,9.067887183707702,0.00011475925559307113,0.7679324843711273,0.049255667833461296,1.7555350982737765,0.1567058144940314,0.9164969318110451,-0.018511845673125853,-0.0997129519871158,0.09216731768086739
45.800000000000004,0.9903984890218521,0.9682773383876871,0.04125813546483854,0.01046267231726885,0.09952678452246547,0.09952678452246548,0.9999999999999991,8.881784197001252e-16,0.032258064516129004,9.085082629971245,0.00011466696966008862,0.7708247284698588,0.049153209714482775,1.7577296632795285,0.15654218483758037,0.9170611471773344,-0.018046355549317383,-0.09942116730873818,0.0922696336208272
46.0,0.993962359965509,0.9696908208636804,0.04121595777825933,0.010442129670945585,0.09924871091285421,0.09924871091285421,0.9999999999999991,8.881784197001252e-16,0.032258064516129004,9.101665063808499,0.00011458261574803707,0.77363206698908,0.04905918128017344,1.7598552041458797,0.15639186697017446,0.9176080186271833,-0.017594592320479017,-0.09914883205612537,0.09236704435305332
46.2,0.9974371937851335,0.9710315448054753,0.04117482510834209,0.010422694644802706,0.09898916565332037,0.09898916565332037,0.9999999999999991,8.881784197001252e-16,0.032258064516129004,9.117668289917937,0.0001145055078033276,0.7763575911641173,0.04897291209979634,1.7619144982435977,0.15625382609559452,0.9181382295751692,-0.017155874441233093,-0.09889463162444684,0.09245986868927722
46.400000000000006,1.0008255387912202,0.972303977035324,0.04113468935023595,0.01040429248146872,0.09874690522349887,0.09874690522349888,0.9999999999999991,8.881784197001252e-16,0.032258064516129004,9.133121943877628,0.00011443502647223892,0.7790042273472457,0.04889378899358068,1.763910161157149,0.15612711241108276,0.9186524229727598,-0.016729618381092173,-0.09865735992052459,0.09254839493638078
46.6,1.004129834639444,0.9735122914638096,0.04109550945307019,0.010386855076776481,0.0985207830655242,0.0985207830655242,0.9999999999999991,8.881784197001252e-16,0.032258064516129004,9.148052724221808,0.00011437060940413972,0.781574755387996,0.04882124811202172,1.7658446641360792,0.15601084950575203,0.9191512059541446,-0.01631530723925377,-0.09843590125747612,0.09263288748335906
46.800000000000004,1.0073524236154474,0.974660390910637,0.0410572495103868,0.010370319996183982,0.09830973741222332,0.09830973741222332,0.9999999999999991,8.881784197001252e-16,0.032258064516129004,9.162485049576077,0.00011431174483045336,0.7840718216038786,0.04875477016556545,1.767720347022182,0.15590422762003103,0.919635153285457,-0.01591247393888861,-0.09822922010210779,0.09271359030489934
47.0,1.0104955584919892,0.9757519260364987,0.04101987763453371,0.010354629777353002,0.09811278223087073,0.09811278223087073,0.9999999999999991,8.881784197001252e-16,0.032258064516129004,9.176441444492221,0.00011425796621877848,0.7864979487915384,0.04869387645718187,1.7695394285232815,0.1558064980492724,0.9201048100202333,-0.01552069125194433,-0.09803635311768742,0.09279072930847879
47.2,1.013561409300139,0.976790313106535,0.04098336503459384,0.010339731285152925,0.09792899829878092,0.09792899829878092,0.9999999999999991,8.881784197001252e-16,0.032258064516129004,9.189942895073857,0.00011420884690480472,0.7888555451154159,0.04863812454739356,1.7713040153339425,0.15571696683674763,0.9205606937907018,-0.015139564404263325,-0.09785640136881436,0.09286451455387736
47.400000000000006,1.016552069339875,0.9777787502370934,0.04094768522636109,0.010325575201528561,0.09775752663136492,0.09775752663136492,0.9999999999999991,8.881784197001252e-16,0.032258064516129004,9.20300911009872,0.00011416399627264431,0.7911469121443296,0.04858710538610508,1.7730161104299347,0.15563499071843362,0.9210032969357768,-0.014768722783480959,-0.09768852431701881,0.09293514209519083
47.6,1.0194695601013415,0.9787202317884076,0.04091281353139123,0.010312115674295505,0.09759756423006412,0.09759756423006412,0.9999999999999991,8.881784197001252e-16,0.032258064516129004,9.215658663933787,0.00011412305653479608,0.7933742517911225,0.04854044089414218,1.7746776203303063,0.15555997370714553,0.9214330883759677,-0.014407815579702304,-0.09753193559456963,0.09300279517878529
47.800000000000004,1.022315835111198,0.9796175613640918,0.0408787268849145,0.010299310045536912,0.09744836018800739,0.09744836018800739,0.9999999999999991,8.881784197001252e-16,0.032258064516129004,9.22790907997462,0.00011408569951779977,0.7955396721886507,0.04849778135514075,1.7762903612892782,0.15549136330086885,0.9218505151373991,-0.014056511128575415,-0.09738589944774503,0.09306764505717191
48.0,1.025092783282061,0.980473364017012,0.040845403638635584,0.01028711859203007,0.09730921185348382,0.09730921185348382,0.9999999999999991,8.881784197001252e-16,0.032258064516129004,9.239776926030416,0.00011405162414566246,0.7976451929689018,0.048458803435892754,1.777856064885943,0.15542864764033254,0.9222560037350501,-0.013714494860083762,-0.0972497272225036,0.09312985178826765
48.2,1.0278022320319256,0.9812900977764686,0.04081282338750784,0.01027550427819458,0.09717946111093538,0.09717946111093538,0.9999999999999991,8.881784197001252e-16,0.032258064516129004,9.251277879355428,0.00011402055401693885,0.79969275017933,0.04842320817391109,1.7793763831833198,0.15537135256236692,0.9226499614263421,-0.013381467288474613,-0.09712277377206069,0.0931895650768502
48.400000000000006,1.0304459502699748,0.98207006436653,0.04078096677883823,0.010264432546279272,0.09705849159071217,0.09705849159071217,0.9999999999999991,8.881784197001252e-16,0.032258064516129004,9.262426801929237,0.00011399223507944135,0.8016842009202182,0.0483907189562938,1.780852893571464,0.15531903859449422,0.9230327774050182,-0.013057142973301045,-0.09700443468336627,0.09324692502652304
48.6,1.0330256510840012,0.9828154191081739,0.04074981540997751,0.010253871136591224,0.09694572593334398,0.09694572593334398,0.9999999999999991,8.881784197001252e-16,0.032258064516129004,9.273237783355741,0.000113966433911043,0.8036213275811284,0.0483610800916199,1.7822871031803886,0.15527129886614138,0.9234048238865099,-0.012741248964340854,-0.09689414362158627,0.09330206275291571
48.800000000000004,1.0355429942578431,0.9835281801629834,0.040719351718465885,0.010243789923071116,0.09684062338032409,0.09684062338032409,0.9999999999999991,8.881784197001252e-16,0.032258064516129004,9.283724197983554,0.00011394293603002813,0.8055058417940101,0.048334055331184046,1.783680452976159,0.1552277569064462,0.9237664571154716,-0.012433524067194973,-0.09679137010038891,0.09335510093150653
49.0,1.0379995885044822,0.9842102372257742,0.04068955895432889,0.0102341607620035,0.09674267727278621,0.09674267727278621,0.9999999999999991,8.881784197001252e-16,0.032258064516129004,9.293898734960173,0.00011392154413865275,0.8073393880293044,0.04830942624006835,1.7850343214620423,0.15518806417233458,0.924118018241856,-0.012133718710831944,-0.09669561702100256,0.09340615433962389
49.2,1.0403969936339583,0.9848633596924027,0.04066042107290545,0.010224957350551234,0.09665141302172364,0.09665141302172364,0.9999999999999991,8.881784197001252e-16,0.032258064516129004,9.303773447295125,0.00011390207684958707,0.8091235470170145,0.048286991061279,1.7863500281946452,0.15515189834725157,0.9244598341839069,-0.01184159361626698,-0.09660641865424154,0.09345533038645913
49.400000000000006,1.0427367225584845,0.9854892042916967,0.04063192267833306,0.010216155093819583,0.09656638593756588,0.09656638593756589,0.9999999999999991,8.881784197001252e-16,0.032258064516129004,9.31335978476685,0.00011388436738647157,0.8108598389216491,0.04826656349813135,1.7876288370264775,0.1551189614882346,0.9247922184131864,-0.011556919137065247,-0.09652333855359863,0.09350272959898738
49.6,1.0450202432200346,0.9860893222149046,0.04060404896758704,0.010207730990418488,0.09648717950669905,0.09648717950669905,0.9999999999999991,8.881784197001252e-16,0.032258064516129004,9.322668633557848,0.00011386826233018506,0.8125497263499286,0.04824797150443052,1.7888719591460893,0.15508897816825568,0.9251154716832621,-0.011279475034017938,-0.0964459679193508,0.09354844605842984
49.800000000000004,1.047248980387647,0.9866651658104422,0.040576785679987674,0.010199663525679567,0.09641340369202234,0.09641340369202235,0.9999999999999991,8.881784197001252e-16,0.032258064516129004,9.331710344926929,0.0001138536206572089,0.8141946171508675,0.04823105637372587,1.7900805559103445,0.15506169408613293,0.925429882724056,-0.011009049655433208,-0.09637392385665108,0.0935925678112616
50.0,1.0494243173244573,0.9872180948711486,0.04055011907406537,0.010191932567973785,0.09634469314390007,0.09634469314390008,0.9999999999999991,8.881784197001252e-16,0.032258064516129004,9.340494761172,0.00011384031274258001,0.8157958670280692,0.04821567175588275,1.7912557414542631,0.15503687454687337,0.9257357288560908,-0.010745439496813641,-0.09630684769667942,0.09363517726304085
50.2,1.0515475974161073,0.9877493825371861,0.04052403585515509,0.010184519275819249,0.09628070588238978,0.09628070588238978,0.9999999999999991,8.881784197001252e-16,0.032258064516129004,9.3490312577704,0.00011382821939541069,0.8173547820329636,0.048201682683851325,1.792398585185225,0.15501430294776355,0.9260332766021697,-0.010488448973670683,-0.09624440370342957,0.09367635155271904
50.400000000000006,1.0536201255977535,0.9882602208163533,0.0404985231934283,0.010177406011661784,0.09622112160948251,0.09622112160948251,0.9999999999999991,8.881784197001252e-16,0.032258064516129004,9.357328749841013,0.00011381723111083835,0.8188726208243724,0.04818896482755314,1.7935101140217466,0.15499377962182725,0.9263227822085358,-0.010237889755012143,-0.09618627738165925,0.0937161628965042
50.6,1.0556431698959792,0.9887517257726828,0.04047356861570319,0.010170576261313199,0.09616564075150968,0.09616564075150968,0.9999999999999991,8.881784197001252e-16,0.032258064516129004,9.365395742165925,0.00011380724735541237,0.8203505969405717,0.04817740376717669,1.7945913146375465,0.15497512070503766,0.9266044922056808,-0.009993580293457406,-0.096132174583872,0.09375467891059255
50.800000000000004,1.0576179626637618,0.9892249423885835,0.04044916006597231,0.010164014559481002,0.09611398278422535,0.09611398278422535,0.9999999999999991,8.881784197001252e-16,0.032258064516129004,9.373240326967435,0.00011379817574641827,0.8217898807634212,0.048166894127091964,1.7956431353886426,0.15495815677205907,0.9268786438480736,-0.009755345904521456,-0.09608181986087659,0.09379196291311664
51.0,1.0595457019540342,0.9896808491305003,0.04042528581403198,0.010157706421550672,0.09606588543613596,0.09606588543613596,0.9999999999999991,8.881784197001252e-16,0.032258064516129004,9.38087022752026,0.00011378993156140124,0.8231916015328371,0.048157339078144464,1.7966664882683787,0.1549427320610119,0.9271454655871293,-0.009523017943208763,-0.09603495566890242,0.09382807420835113
51.2,1.061427552694653,0.9901203622380459,0.04040193445440385,0.010151638276804757,0.09602110337902671,0.09602110337902671,0.9999999999999991,8.881784197001252e-16,0.032258064516129004,9.388292808140964,0.00011378243707792488,0.8245568491350652,0.048148649631682,1.7976622506697082,0.15492870335748282,0.9274051775095518,-0.009296433752724563,-0.09599134109711979,0.09386306835728646
51.400000000000006,1.0632646478497907,0.9905443397386979,0.04037909489981458,0.010145797409159107,0.09597940720932899,0.095979407209329,0.9999999999999991,8.881784197001252e-16,0.032258064516129004,9.395515094758194,0.0001137756210334554,0.8258866758413633,0.04814074406275818,1.798631267030811,0.15491593908308005,0.9276579916974065,-0.009075436337508513,-0.09595075087812682,0.09389699742646973
51.6,1.0650580895199155,0.99095358521271,0.04035675634418887,0.010140171901565048,0.095940582529895,0.095940582529895,0.9999999999999991,8.881784197001252e-16,0.032258064516129004,9.402543798278911,0.00011376941815815453,0.8271820979330243,0.048133547409556124,1.7995743504262809,0.15490431850374065,0.927904112636091,-0.00885987404537146,-0.09591297447303987,0.09392991021966282
51.800000000000004,1.0668089499914184,0.9913488513289777,0.04033490825172689,0.01013475058344105,0.09590442903028813,0.09590442903028813,0.9999999999999991,8.881784197001252e-16,0.032258064516129004,9.409385327348755,0.00011376376869980788,0.8284440972482356,0.048126990956693885,1.8004922840302007,0.15489373090923,0.9281437375473123,-0.008649600335998257,-0.09587781517572602,0.09396185249796128
52.0,1.0685182727358074,0.9917308431614115,0.040313540345688105,0.010129522981476116,0.09587075958477718,0.09587075958477718,0.9999999999999991,8.881784197001252e-16,0.032258064516129004,9.41604580660766,0.00011375861799629677,0.8296736226410337,0.04812101176776743,1.8013858225082866,0.1548840748697854,0.9283770567243111,-0.008444473549047135,-0.09584508923176718,0.09399286718588648
52.2,1.0701870733602892,0.9921002212959041,0.04029264259103917,0.010124479274110277,0.09583939946422819,0.09583939946422819,0.9999999999999991,8.881784197001252e-16,0.032258064516129004,9.422531093682244,0.00011375391608800697,0.830871591361971,0.04811555225929536,1.80225569332501,0.15487525755764298,0.9286042538423912,-0.008244356663833913,-0.09581462506339501,0.09402299456275894
52.400000000000006,1.0718163405148675,0.9924576047421922,0.04027220518266108,0.010119610249180804,0.09581018557750089,0.0958101855775009,0.9999999999999991,8.881784197001252e-16,0.032258064516129004,9.428846791714122,0.00011374961735197012,0.8320388903659791,0.048110559795750726,1.8031025979754796,0.15486719410096433,0.9288255062510127,-0.008049117098271275,-0.09578626252436934,0.0940522724416312
52.6,1.073407036759758,0.992803573663674,0.040252218535401826,0.010114907264094253,0.09578296574361563,0.09578296574361563,0.9999999999999991,8.881784197001252e-16,0.032258064516129004,9.434998263947454,0.00011374568016539074,0.8331763775527672,0.04810598631524331,1.8039272131485427,0.15485980698587695,0.9290409852500009,-0.007858626509341535,-0.09575985218527287,0.0940807363369862
52.800000000000004,1.0749600993949975,0.9931386719355849,0.04023267327344931,0.010110362208522983,0.09575759801411014,0.09575759801411014,0.9999999999999991,8.881784197001252e-16,0.032258064516129004,9.440990647112834,0.00011374206659307893,0.8342848829438323,0.04810178798006917,1.80473019182483,0.1548530254975184,0.9292508563498721,-0.007672760607742163,-0.0957352546705623,0.09410841962147726
53.0,1.0764764412537855,0.9934634095410656,0.04021356022114541,0.010105967469692766,0.09573395003663321,0.09573395003663322,0.9999999999999991,8.881784197001252e-16,0.032258064516129004,9.446828863139228,0.00011373874209815331,0.8353652097994239,0.04809792485187494,1.8055121643140357,0.15484678519987055,0.9294552795177703,-0.007491398983551507,-0.09571234003333977,0.09413535367217506
53.2,1.0779569514615752,0.9937782648147669,0.040194870395026054,0.010101715899952589,0.09571189845373362,0.09571189845373362,0.9999999999999991,8.881784197001252e-16,0.032258064516129004,9.452517630710453,0.00011373567527421245,0.8364181356790834,0.04809436058975373,1.8062737392353743,0.15484102745182796,0.9296544094099398,-0.007314424941843402,-0.09569098716373833,0.0941615680070152
53.400000000000006,1.0794024961632955,0.9940836865433852,0.0401765949962872,0.010097600786376146,0.09569132833616766,0.09569132833616766,0.9999999999999991,8.881784197001252e-16,0.032258064516129004,9.458061476216344,0.00011373283759694238,0.8374444134494808,0.04809106216925434,1.8070155044449956,0.15483569895637755,0.9298483955915361,-0.007141725348181652,-0.09567108323327343,0.0941870904121367
53.6,1.0808139192207507,0.9943800959317967,0.04015872540397087,0.010093615822346223,0.09567213264941626,0.09567213264941626,0.9999999999999991,8.881784197001252e-16,0.032258064516129004,9.46346474385265,0.00011373020319382721,0.8384447722428924,0.048087999621042016,1.807738027913978,0.15483075134096633,0.9300373827447181,-0.006973190482988292,-0.09565252317137665,0.09421194706068252
53.800000000000004,1.0821920428818033,0.9946678884427713,0.04014125316889111,0.01008975508101765,0.09565421175171847,0.09565421175171847,0.9999999999999991,8.881784197001252e-16,0.032258064516129004,9.46873160516107,0.00011372774863077786,0.8394199183691902,0.04808514578807466,1.8084418585600277,0.15482614076731804,0.9302215108658122,-0.00680871390395988,-0.09563520917175165,0.09423616262355988
54.0,1.0835376684227453,0.9949474355177901,0.040124170008049,0.010086012990489092,0.09563747292137216,0.09563747292137216,0.9999999999999991,8.881784197001252e-16,0.032258064516129004,9.47386606805117,0.00011372545271443212,0.8403705361839917,0.04808247610004599,1.8091275270357448,0.15482182756876287,0.9304009154522217,-0.006648192316151526,-0.09561905022791532,0.0942597603726525
54.2,1.084851576765346,0.9952190861861416,0.040107467799518105,0.010082384310575012,0.09562182991153793,0.09562182991153795,0.9999999999999991,8.881784197001252e-16,0.032258064516129004,9.47887198527115,0.00011372329630901002,0.8412972889155235,0.04807996836396571,1.8097955464761801,0.15481777591332113,0.9305757276797577,-0.006491525449188455,-0.09560396169612909,0.0942827622769604
54.400000000000006,1.0861345290700126,0.9954831685690987,0.04009113857781114,0.010078864111099692,0.09560720253150083,0.09560720253150083,0.9999999999999991,8.881784197001252e-16,0.032258064516129004,9.483753062366068,0.00011372126216667872,0.8422008194526411,0.048077602569800856,1.8104464132082458,0.15481395349085983,0.9307460745710027,-0.006338615941164617,-0.0955898648839322,0.09430518909211685
54.6,1.0873872673063931,0.9957399912855984,0.04007517452964785,0.01007544775160742,0.09559351625285274,0.09559351625285276,0.9999999999999991,8.881784197001252e-16,0.032258064516129004,9.488512865163687,0.00011371933477047844,0.8430817510962678,0.04807536071019065,1.8110806074243586,0.15481033122277196,0.9309120791552835,-0.006189369228695937,-0.09557668666299288,0.0943270604437148
54.800000000000004,1.0886105148025924,0.9959898447654353,0.040059567990064965,0.010072130862385757,0.09558070183890977,0.09558070183890977,0.9999999999999991,8.881784197001252e-16,0.032258064516129004,9.493154826823503,0.00011371750018890528,0.8439406882763126,0.048073226613279764,1.8116985938224823,0.15480688299267495,0.9310738606207718,-0.006043693442772738,-0.09556435910496269,0.09434839490484463
55.0,1.0898049767740823,0.9962330024756126,0.04004431143883972,0.010068909326726435,0.09556869499625704,0.09556869499625704,0.19354838709677402,0.806451612903226,0.032258064516129004,9.497682254471892,0.00011371574594138351,0.844778217235982,0.048071185787857164,1.812300822214588,0.15480358539684588,0.9312315344592123,-0.005901499309932189,-0.09555281913909827,0.09436921006820981
55.2,1.090971340833349,0.9964697220652102,0.040029397497196514,0.01006577926435197,0.09555743604740174,0.09555743604740174,0.19354838709677402,0.806451612903226,0.032258064516129004,9.502098335440245,0.00011371406087385365,0.8455949066853087,0.04806922527996572,1.81288772810543,0.15480041751307222,0.9313852126037182,-0.005762700058496099,-0.09554200823048194,0.0943895226131699
55.400000000000006,1.0921102774812608,0.9967002464338438,0.04001481892476185,0.010062737015928252,0.09554686962321805,0.09554686962321805,0.19354838709677402,0.806451612903226,0.032258064516129004,9.50640614313298,0.00011371243504376772,0.8463913084255871,0.04806733354021301,1.8134597332433742,0.15479736068669528,0.931535003560061,-0.005627211329497582,-0.09553187207769069,0.09440934836805039
55.6,1.0932224405810713,0.996924804728487,0.040000568616739195,0.010059779128591184,0.0955369443740049,0.0955369443740049,0.16129032258064502,0.838709677419355,0.032258064516129004,9.510608642554299,0.00011371085961381618,0.8471679579463158,0.04806550030104159,1.8140172461449484,0.15479439833266664,0.9316810125318336,-0.005494951092036814,-0.0955223603287967,0.09442870236803699
55.800000000000004,1.094308467815918,0.9971436132731385,0.03998663960127486,0.01005690234242674,0.09552761269823966,0.09552761269823967,0.16129032258064502,0.838709677419355,0.032258064516129004,9.514708695510876,0.00011370932675380813,0.8479253749961303,0.048063716463322546,1.8145606625946151,0.15479151575260391,0.9318233415398638,-0.005365839562716732,-0.09551342631475236,0.09444759890894577
56.0,1.0953689811305887,0.997356876435557,0.03997302503699146,0.010054103577845403,0.09551883048809755,0.09551883048809755,0.16129032258064502,0.838709677419355,0.032258064516129004,9.518709065507766,0.00011370782955012183,0.8486640641291018,0.04806197399162393,1.8150903661212046,0.15478869996581,0.9319620895362045,-0.005239799128929384,-0.09550502679921104,0.09446605159714605
56.2,1.096404587158311,0.9975647874350685,0.03995971821067106,0.010051379923792098,0.09551055689072437,0.09551055689072437,0.16129032258064502,0.838709677419355,0.032258064516129004,9.522612422358538,0.00011370636192219858,0.8493845152277105,0.04806026581756524,1.8156067284523216,0.15478593955331474,0.9320973525130144,-0.005116754275771407,-0.0954971217438344,0.0944840733958953
56.400000000000006,1.0974158776332679,0.9977675290952024,0.039946712535066826,0.010048728626738107,0.09550275408438558,0.09550275408438559,0.16129032258064502,0.838709677419355,0.032258064516129004,9.52642134652884,0.00011370491854557796,0.8500872040037141,0.04805858575069421,1.81611010994797,0.15478322451403567,0.9322292236066212,-0.004996631516341797,-0.0954896740882411,0.09450167666833337
56.6,1.0984034297894938,0.9979652745446944,0.03993400154682788,0.010046147080406326,0.09549538706868295,0.09549538706868295,0.16129032258064502,0.838709677419355,0.032258064516129004,9.530138333227699,0.00011370349478102039,0.8507725924780558,0.04805692839637338,1.816600860014552,0.15478054613223624,0.9323577931970358,-0.00487935932521865,-0.09548264954377039,0.0945188732173643
56.800000000000004,1.0993678067467678,0.9981581878701934,0.039921578904519694,0.010043632816182741,0.0954884234680505,0.0954884234680505,0.16129032258064502,0.838709677419355,0.032258064516129004,9.53376579626241,0.0001137020866092772,0.8514411294408941,0.04805528908017819,1.817079317500336,0.15477789685548188,0.9324831490031764,-0.004764868074922435,-0.09547601640028705,0.09453567432264232
57.0,1.1003095578840876,0.9983464247238021,0.03990943838672777,0.0100411834941698,0.09548183334775616,0.09548183334775616,0.16129032258064502,0.838709677419355,0.032258064516129004,9.537306071672718,0.00011370069057111421,0.8520932508927522,0.048053663778358686,1.81754581107338,0.15477527018237408,0.9326053761740296,-0.004653089975183197,-0.0954697453452916,0.09455209077486192
57.2,1.101229219201254,0.9985301328884051,0.039897573890233864,0.010038796894840671,0.09547558904169706,0.09547558904169706,0.16129032258064502,0.838709677419355,0.032258064516129004,9.540761421157537,0.00011369930371220623,0.8527293804677458,0.04805204905392829,1.8180006595828815,0.15477266055936145,0.9327245573759723,-0.004543959014847776,-0.09546380929462414,0.09456813290754143
57.400000000000006,1.1021273136690999,0.9987094528035586,0.03988597942825337,0.010036470911255646,0.0954696649913163,0.0954696649913163,0.16129032258064502,0.838709677419355,0.032258064516129004,9.544134035306833,0.00011369792353254964,0.8533499298397751,0.048050441997976305,1.818444172404831,0.1547700632859774,0.9328407728764593,-0.004437410906286049,-0.09545818323409588,0.09458381062647675
57.6,1.1030043515688246,0.9988845180545504,0.03987464912872373,0.010034203541804355,0.09546403759499861,0.09546403759499861,0.16129032258064502,0.838709677419355,0.032258064516129004,9.54742603665126,0.00011369654794007164,0.8539552991125281,0.04804884017583569,1.8188766497727962,0.15476747442791278,0.9329541006242694,-0.00433338303211888,-0.09545284407142612,0.09459913343703186
57.800000000000004,1.103860830820906,0.9990554558270816,0.03986357723263711,0.010031992883439209,0.09545868506731857,0.09545868506731857,0.16129032258064502,0.838709677419355,0.032258064516129004,9.550639482540872,0.00011369517520811961,0.8545458771940788,0.04804724157774221,1.819298383094628,0.15476489073733643,0.9330646163264825,-0.004231814394170329,-0.09544777049786508,0.09461411046941948
58.0,1.1046972373040111,0.9992223873298632,0.03985275809240963,0.010029837125368394,0.09545358730757035,0.09545358730757035,0.16129032258064502,0.838709677419355,0.032258064516129004,9.553776367863666,0.0001136938039365529,0.8551220421568284,0.048045644573665995,1.819709655255808,0.15476230957995007,0.9331723935223653,-0.004132645564492499,-0.09544294285894633,0.09462875050211689
58.2,1.105514045164308,0.9993854281872997,0.039842186170280965,0.010027734543178277,0.09544872577703317,0.09544872577703319,0.16129032258064502,0.838709677419355,0.032258064516129004,9.556838627613839,0.00011369243301616559,0.8556841615834924,0.04804404787200214,1.8201107409101283,0.1547597288682722,0.9332775036543126,-0.004035818638365496,-0.0954383430338273,0.09464306198355099
58.400000000000006,1.1063117171155656,0.9995446888042734,0.03983185603673999,0.010025683493356894,0.09544408338444167,0.09544408338444167,0.16129032258064502,0.838709677419355,0.032258064516129004,9.559828139319128,0.00011369106159618984,0.8562325928997898,0.048042450481832054,1.8205019067583508,0.15475714700068643,0.9333800161359993,-0.003941277189149321,-0.09543395432269258,0.09465705305217997
58.6,1.107090704730405,0.9997002747049406,0.03982176236897044,0.010023682408191768,0.09543964437916584,0.09543964437916584,0.16129032258064502,0.838709677419355,0.032258064516129004,9.56274672533639,0.00011368968905465219,0.856767683694468,0.048040851678492105,1.82088341181545,0.15475456280582905,0.9334799984178738,-0.00384896622489609,-0.09542976134174813,0.09467073155508764
58.800000000000004,1.107851448723037,0.9998522868473161,0.039811899949313986,0.01002172979101752,0.09543539425164038,0.09543539425164038,0.16129032258064502,0.838709677419355,0.032258064516129004,9.56559615502365,0.0001136883149713565,0.8572897720272431,0.04803925097218843,1.8212555076670036,0.1547519754918947,0.9335775160501294,-0.0037588321466298508,-0.09542574992533644,0.09468410506520107
59.0,1.1085943792238162,1.0000008219153158,0.039802263663747575,0.010019824211789775,0.09543131964058976,0.09543131964058976,0.16129032258064502,0.838709677419355,0.032258064516129004,9.568378146795592,0.00011368693910330385,0.8577991867252186,0.04803764807943813,1.8216184387152752,0.15474938460050558,0.9336726327432667,-0.0036708227081989203,-0.0954219070347373,0.09469718089723198
59.2,1.1093199160459155,1.0001459725898192,0.039792848500371396,0.01001796430296353,0.09542740824663809,0.09542740824663809,0.12903225806451601,0.870967741935484,0.032258064516129004,9.571094370071165,0.00011368556136235335,0.8582962476683051,0.048036042897110366,1.8219724424154915,0.15474678996477853,0.9337654104263698,-0.003584886977611612,-0.09541822067325066,0.09470996612243843
59.400000000000006,1.1100284689444144,1.0002878278002192,0.039783649547906544,0.0100161487556555,0.09542364875190286,0.09542364875190286,0.12903225806451601,0.870967741935484,0.032258064516129004,9.573746447118731,0.000113684181794945,0.8587812660641404,0.04803443547885962,1.8223177495027796,0.15474419167125503,0.9338559093031985,-0.0035009752998143295,-0.09541467980715594,0.09472246758229426
59.6,1.1107204378680708,1.0004264729578254,0.039774661994200135,0.010014376316071001,0.09542003074519008,0.0954200307451901,0.12903225806451601,0.870967741935484,0.032258064516129004,9.576335954805751,0.000113682800563733,0.8592545447129798,0.04803282601377612,1.8226545842102293,0.15474159002541124,0.9339441879061947,-0.00341903926079086,-0.09541127429218793,0.09473469190114842
59.800000000000004,1.1113962132040502,1.0005619901723979,0.03976588112473641,0.010012645782177724,0.0954165446524476,0.09541654465244762,0.12903225806451601,0.870967741935484,0.032258064516129004,9.57886442625918,0.00011368141793096853,0.8597163782630001,0.04803121480706659,1.822983164478487,0.15473898552044674,0.9340303031485091,-0.003339031652949173,-0.09540799480518194,0.09474664549795088
60.0,1.1120561760158498,1.0006944584530149,0.03975730232115317,0.010010956000609491,0.09541318167214122,0.09541318167214122,0.12903225806451601,0.870967741935484,0.032258064516129004,9.581333352441568,0.00011368003424349368,0.8601670534564402,0.04802960226260477,1.823303702157287,0.15473637880909283,0.9341143103741252,-0.0032609064417273015,-0.09540483278055631,0.09475833459711608
60.2,1.1127006982746601,1.000823953894387,0.03974892105976298,0.010009305863783898,0.09540993371522472,0.09540993371522472,0.12903225806451601,0.870967741935484,0.032258064516129004,9.583744183648173,0.00011367864991921692,0.8606068493669776,0.04802798886720205,1.8236164031992965,0.15473377067819843,0.9341962634061725,-0.0031846187333511716,-0.09540178035131469,0.09476976523858925
60.400000000000006,1.1133301430843932,1.0009505498496616,0.03974073291007838,0.010007694307219386,0.09540679334941504,0.09540679334941504,0.12903225806451601,0.870967741935484,0.032258064516129004,9.586098330930533,0.00011367726543494992,0.8610360376287202,0.04802637517645821,1.8239214678466242,0.15473116202586812,0.9342762145935084,-0.0031101247436851748,-0.09539883029428838,0.09478094328717758
60.6,1.1139448649005834,1.001074317090692,0.03973273353334119,0.010006120307038045,0.09540375374749899,0.095403753747499,0.12903225806451601,0.870967741935484,0.032258064516129004,9.588397167450427,0.00011367588131548268,0.8614548826571666,0.048024761802049974,1.8242190908103362,0.1547285538409219,0.9343542148556413,-0.003037381768164954,-0.09539597597933136,0.09479187444120216
60.800000000000004,1.1145452097433743,1.001195323956682,0.03972491868105574,0.010004582877640961,0.09540080863939032,0.09540080863939032,0.12903225806451601,0.870967741935484,0.032258064516129004,9.590642029768269,0.00011367449812381353,0.8618636418624848,0.04802314940036049,1.8245094614432869,0.15472594718452082,0.9344303137260692,-0.002966348152683776,-0.09539321132221235,0.09480256424052358
61.0,1.1151315154047847,1.0013136364920496,0.039717284193526416,0.010003081069544072,0.09539795226769648,0.09539795226769648,0.12903225806451601,0.870967741935484,0.032258064516129004,9.592834219070964,0.00011367311645241197,0.862262565855424,0.048021538662308266,1.8247927639065717,0.1547233431737298,0.9345045593941004,-0.002896983265478076,-0.09539053074095716,0.09481301807398991
61.2,1.115704111650438,1.0014293185743006,0.03970982599839939,0.010001613967363682,0.09539517934656601,0.09539517934656601,0.12903225806451601,0.870967741935484,0.032258064516129004,9.594975002341856,0.00011367173691544569,0.8626518986461684,0.04801993030429572,1.8250691773298853,0.15472074296688865,0.9345769987452196,-0.0028292474698995568,-0.09538792911541628,0.09482324118635212
61.400000000000006,1.1162633204159382,1.001542432032645,0.039702540109209906,0.010000180687940636,0.0953924850235857,0.0953924850235857,0.12903225806451601,0.870967741935484,0.032258064516129004,9.597065613476522,0.00011367036014187636,0.8630318778364282,0.04801832506016703,1.8253388759660487,0.15471814775061338,0.9346476774000602,-0.0027631020980705273,-0.09538540174982656,0.09483323868468829
61.6,1.1168094559980573,1.001653036758044,0.039695422623934135,0.009998780378593492,0.09538986484452308,0.09538986484452308,0.12903225806451601,0.870967741935484,0.032258064516129004,9.59910725434806,0.00011366898676935297,0.8634027348050387,0.048016723674092356,1.8256020293399644,0.15471555872829382,0.9347166397520402,-0.002698509425373169,-0.09538294433818205,0.09484301554437607
61.800000000000004,1.1173428252409037,1.0017611908053228,0.039688469723547094,0.009997412215491868,0.09538731472073095,0.09538731472073095,0.12903225806451601,0.870967741935484,0.032258064516129004,9.601101095824623,0.00011366761743883229,0.8637646948873365,0.048015126894296885,1.8258588023922453,0.15471297710995582,0.9347839290037209,-0.0026354326457310173,-0.0953805529322144,0.0948525766146478
62.0,1.1178637277172256,1.0018669504879383,0.039681677670588104,0.00999607540214092,0.09538483089901281,0.09538483089901281,0.12903225806451601,0.870967741935484,0.032258064516129004,9.603048278741499,0.0001136662527898537,0.8641179775485597,0.04801353546755025,1.8261093556177321,0.1547104041033518,0.9348495872019283,-0.0025738358476748158,-0.09537822391178928,0.09486192662376275
62.2,1.1183724559049946,1.0019703704659568,0.03967504280773262,0.009994769167969167,0.09538240993378365,0.09538240993378365,0.12903225806451601,0.870967741935484,0.032258064516129004,9.604949914831337,0.00011366489345642316,0.8644627965515103,0.048011950134364025,1.826353845199134,0.15470784090619497,0.9349136552717018,-0.0025136839911149567,-0.0953759539575715,0.09487107018382554
62.400000000000006,1.1188692953594228,1.0020715038277503,0.039668561556371225,0.009993492767012736,0.09538004866138754,0.09538004866138754,0.12903225806451601,0.870967741935484,0.032258064516129004,9.606807087614785,0.0001136635400634344,0.8647993601187095,0.04801037162481356,1.8265924231359845,0.1547052886994023,0.9349761730491041,-0.002454942884841188,-0.09537374002580729,0.09488001179527963
62.6,1.1193545248805428,1.0021704021658857,0.039662230415199486,0.009992245476688422,0.09537774417638602,0.09537774417638602,0.12903225806451601,0.870967741935484,0.032258064516129004,9.60862085325237,0.00011366219322358534,0.8651278710892575,0.04800880065493568,1.8268252373691187,0.15470274864126798,0.9350371793129452,-0.002397579164689717,-0.09537157932503182,0.0948887558511019
62.800000000000004,1.1198284166764882,1.0022671156476497,0.039656045958815646,0.009991026596649171,0.09537549380968785,0.09537549380968786,0.12903225806451601,0.870967741935484,0.032258064516129004,9.610392241362186,0.00011366085353474427,0.8654485270706077,0.04800723792364958,1.8270524319008488,0.15470022186248183,0.9350967118154562,-0.0023415602723497464,-0.09536946929460338,0.09489730664072167
63.0,1.1202912365225997,1.0023616930806165,0.03965000483632736,0.009989835447716951,0.09537329510841974,0.09537329510841974,0.12903225806451601,0.870967741935484,0.032258064516129004,9.612122255804211,0.00011365952157771489,0.8657615205854475,0.04800568411014144,1.8272741469110239,0.15469770946189731,0.9351548073119633,-0.0022868544348133707,-0.09536740758495077,0.09490566835368658
63.2,1.120743243916475,1.0024541819736397,0.0396441037699718,0.009988671370886458,0.09537114581737031,0.09537114581737031,0.12903225806451601,0.870967741935484,0.032258064516129004,9.613811875431592,0.00011365819791436688,0.8660670392138787,0.048004139871674546,1.8274905188691313,0.15469521250298693,0.9352115015895869,-0.002233430644410117,-0.09536539203934476,0.09491384508309571
63.400000000000006,1.121184692229094,1.002544628593616,0.03963833955374622,0.009987533726394262,0.09536904386189667,0.09536904386189667,0.12903225806451601,0.870967741935484,0.032258064516129004,9.615462054813596,0.00011365688308609295,0.8663652657310706,0.048002605841779414,1.827701680642612,0.15469273201091185,0.9352668294950116,-0.0021812586394232975,-0.09536342067712503,0.09492184082881833
63.6,1.1216158288521152,1.0026330780183474,0.03963270905204783,0.009986421892850084,0.09536698733223582,0.09536698733223582,0.12903225806451601,0.870967741935484,0.032258064516129004,9.617073724930721,0.00011365557761256238,0.86665637824056,0.04800108262878901,1.827907761601534,0.15469026897014915,0.935320824961366,-0.0021303088852623886,-0.09536149167832718,0.09492965950051552
63.800000000000004,1.1220368953414612,1.0027195741858101,0.039627209198330834,0.009985335266424577,0.09536497446906794,0.09536497446906796,0.12903225806451601,0.870967741935484,0.032258064516129004,9.618647793841314,0.00011365428199073307,0.8669405503033558,0.04799957081467523,1.8281088877197695,0.15468782432260594,0.935373521034233,-0.0020805525561704147,-0.09535960336948959,0.09493730492048123
64.0,1.122448127557303,1.0028041599400963,0.03962183699377557,0.009984273260088557,0.09536300365022068,0.0953630036502207,0.12903225806451601,0.870967741935484,0.032258064516129004,9.620185147324081,0.0001136529966941002,0.867217951063017,0.047998070954160955,1.8283051816728104,0.1546853989661791,0.9354249498968288,-0.0020319615174485273,-0.09535775421061751,0.09494478082631622
64.2,1.1228497558005333,1.0028868770742965,0.03961658950596741,0.009983235302902533,0.09536107337851876,0.09536107337851876,0.12903225806451601,0.870967741935484,0.032258064516129004,9.621686649498443,0.00011365172217216057,0.8674887453668336,0.0479965835740835,1.8284967629323756,0.1546829937537213,0.9354751428943935,-0.001984508308171984,-0.09535594278329572,0.0949520908734482
64.4,1.1232420049458327,1.00296776637056,0.039611463867595655,0.009982220839351201,0.09535918227062341,0.09535918227062341,0.12903225806451601,0.870967741935484,0.032258064516129004,9.623153143418872,0.00011365045885004995,0.8677530938832646,0.04799510917296004,1.8286837478578968,0.1546806094923337,0.9355241305577978,-0.0019381661244063791,-0.09535416777970607,0.09495923863751271
64.60000000000001,1.1236250945714275,1.0030468676375495,0.03960645727516711,0.009981229328717872,0.09535732904673856,0.09535732904673856,0.12903225806451601,0.870967741935484,0.032258064516129004,9.624585451649144,0.00011364920712836066,0.8680111532157732,0.047993648220763144,1.8288662497850336,0.1546782469429982,0.9355719426264083,-0.0018929088028428326,-0.09535242799254168,0.09496622761660287
64.8,1.1239992390856226,1.0031242197454961,0.03960156698772834,0.009980260244499828,0.0953555125212601,0.0953555125212601,0.12903225806451601,0.870967741935484,0.032258064516129004,9.625984376819272,0.0001136479673830931,0.8682630760131762,0.04799220115885279,1.8290443791113347,0.15467590682046298,0.9356186080702505,-0.0018487108049427131,-0.09535072230588268,0.09497306123339962
65.0,1.1243646478501959,1.0031998606590453,0.03959679032561017,0.009979313073860165,0.09535373159422281,0.09535373159422281,0.12903225806451601,0.870967741935484,0.032258064516129004,9.627350702158491,0.0001136467399657408,0.8685090110766364,0.047990768400064415,1.82921824337912,0.1546735897933803,0.9356641551114684,-0.0018055472014645163,-0.09534904968677388,0.09497974283719368
65.2,1.1247215253007483,1.0032738274680637,0.039592124669192194,0.009978387317109249,0.09535198524335273,0.09535198524335273,0.12903225806451601,0.870967741935484,0.032258064516129004,9.62868519200996,0.00011364552520348219,0.8687491034634294,0.04798935032892163,1.829387947355721,0.1546712964846461,0.9357086112451111,-0.001763393657424131,-0.09534740917741683,0.09498627570580576
65.4,1.1250700710640964,1.0033461564165644,0.03958756745767015,0.00997748248721994,0.09535027251691855,0.09535027251691855,0.12903225806451601,0.870967741935484,0.032258064516129004,9.629988592334753,0.0001136443233994797,0.8689834945875835,0.04798794730197467,1.8295535931111786,0.1546690274719429,0.935752003259304,-0.0017222264174703295,-0.09534579988825502,0.09499266304741147
65.60000000000001,1.1254104800727514,1.0034168829299075,0.03958311618784942,0.009976598109373791,0.09534859252725986,0.09534859252725986,0.12903225806451601,0.870967741935484,0.032258064516129004,9.631261631192006,0.00011364313483325078,0.8692123223174977,0.04798655964822298,1.8297152800934675,0.15466678328841899,0.9357943572547839,-0.0016820222916476418,-0.09534422099157763,0.09499890800228417
65.8,1.1257429426766108,1.0034860416404057,0.03957876841296537,0.009975733720526908,0.09534694444465412,0.09534694444465412,0.12903225806451601,0.870967741935484,0.032258064516129004,9.632505019201012,0.00011364195976111408,0.869435721070669,0.047985187669626124,1.8298731052013437,0.15466456442351068,0.9358356986638122,-0.00164275864150977,-0.09534267171546051,0.09500501364445718
66.0,1.1260676447519213,1.003553666411451,0.03957452174149875,0.009974888869004049,0.09534532749187055,0.09534532749187055,0.12903225806451601,0.870967741935484,0.032258064516129004,9.633719450000685,0.00011364079841670817,0.8696538219056104,0.04798383164169948,1.83002716285495,0.15466237132390165,0.9358760522685631,-0.0016044133666395788,-0.09534115133857626,0.09501098298330975
66.2,1.1263847678075432,1.0036197903603001,0.039570373836016436,0.009974063114121462,0.09534374093939109,0.09534374093939109,0.12903225806451601,0.870967741935484,0.032258064516129004,9.634905600685345,0.0001136396510115446,0.8698667526110364,0.047982491814150784,1.8301775450641975,0.15466020439454872,0.935915442218932,-0.0015669648915319218,-0.09533965918546633,0.09501681896509061
66.4,1.1266944890886412,1.0036844458796126,0.03956632241205556,0.009973256025819506,0.09534218410065741,0.09534218410065741,0.12903225806451601,0.870967741935484,0.032258064516129004,9.6360641322178,0.00011363851773560924,0.870074637792454,0.04798116841157334,1.8303243414949981,0.15465806399979942,0.9359538920497568,-0.001530392152734178,-0.09533819462174581,0.09502252447437903
66.60000000000001,1.1269969816778838,1.0037476646578194,0.039562365236988535,0.009972467184317409,0.09534065632788842,0.09534065632788842,0.12903225806451601,0.870967741935484,0.032258064516129004,9.637195689851962,0.00011363739875801018,0.8702775989562327,0.04797986163419408,1.8304676395335302,0.15465595046459818,0.9359914246975964,-0.0014946745864242439,-0.09533675705024254,0.09502810233548098
66.8,1.1272924145941143,1.0038094776984494,0.039558500128904495,0.009971696179800413,0.09533915700873791,0.09533915700873792,0.12903225806451601,0.870967741935484,0.032258064516129004,9.638300903533151,0.00011363629422764513,0.870475754591186,0.04797857165864492,1.8306075243485054,0.15465386407573098,0.9360280625170078,-0.001459792116293615,-0.09533534590773442,0.09503355531377981
67.0,1.1275809528886458,1.0038699153384891,0.039554724955567375,0.009970942612105464,0.09533768556258593,0.09533768556258593,0.12903225806451601,0.870967741935484,0.032258064516129004,9.639380388262555,0.00011363520427386302,0.8706692202478175,0.047977298638727864,1.8307440789514562,0.15465180508305942,0.9360638272962203,-0.0014257251416685546,-0.09533396066097996,0.09503888611704024
67.2,1.1278627577392997,1.0039290072658,0.039551037633334576,0.009970206090419627,0.09533624143717012,0.09533624143717014,0.12903225806451601,0.870967741935484,0.032258064516129004,9.640434744488598,0.0001136341290072041,0.8708581086153282,0.0479760427062721,1.8308773842553192,0.1546497737009043,0.9360987402724573,-0.00139245452596036,-0.09533260080379058,0.09504409739665187
67.4,1.12813798654206,1.003986782535728,0.0395474361260642,0.009969486233023656,0.09533482410656452,0.09533482410656452,0.12903225806451601,0.870967741935484,0.032258064516129004,9.641464558484417,0.00011363306852010413,0.8710425295963184,0.04797480397194992,1.8310075191312394,0.1546477701093625,0.9361328221468681,-0.0013599615855826308,-0.09533126585521823,0.09504919174884043
67.60000000000001,1.1284067930004997,1.004043269586978,0.03954391844415697,0.009968782667022625,0.09533343306832248,0.0953334330683225,0.12903225806451601,0.870967741935484,0.032258064516129004,9.642470402659564,0.00011363202288758011,0.8712225903793874,0.04797358252607138,1.831134560463499,0.1546457944555897,0.9361660930987802,-0.0013282280788681627,-0.09532995535607991,0.09505417171585179
67.8,1.1286693272132289,1.004098496256709,0.03954048264354642,0.009968095028068634,0.09533206784034935,0.09533206784034935,0.12903225806451601,0.870967741935484,0.032258064516129004,9.643452835921021,0.00011363099216799267,0.8713983955097754,0.047972378439468964,1.8312585832029695,0.1546438468552291,0.9361985727996749,-0.0012972361953568767,-0.09532866886635184,0.09505903978706975
68.0,1.128925735759069,1.004152489794984,0.03953712682459669,0.00996742296015661,0.09533072796021762,0.09533072796021762,0.12903225806451601,0.870967741935484,0.032258064516129004,9.644412404049342,0.0001136299764037899,0.8715700469578442,0.04797119176436115,1.8313796604190822,0.15464192739380583,0.9362302804269743,-0.0012669685456487279,-0.09532740596513764,0.09506379840011028
68.2,1.1291761617800646,1.0042052768787177,0.039533849131237996,0.0099667661154008,0.09532941298324638,0.09532941298324638,0.12903225806451601,0.870967741935484,0.032258064516129004,9.645349639949103,0.00011362897562213612,0.871737644185617,0.04797002253508192,1.8314978633498729,0.15464003612790506,0.9362612346769917,-0.0012374081511106472,-0.09532616624748572,0.09506844994191783
68.4,1.1294207450628602,1.0042568836249264,0.039530647750072444,0.009966124153755963,0.09532812247875408,0.09532812247875408,0.12903225806451601,0.870967741935484,0.032258064516129004,9.646265063967924,0.00011362798983567739,0.8719012842116964,0.04796887076897058,1.831613261450781,0.15463817308660938,0.9362914537775876,-0.0012085384337870986,-0.09532494932108401,0.0950729967497795
68.60000000000001,1.1296596221179447,1.004307335603438,0.03952752090920269,0.009965496742860928,0.09532685603075206,0.09532685603075206,0.12903225806451601,0.870967741935484,0.032258064516129004,9.647159184309789,0.0001136270190433296,0.8720610616741346,0.047967736467288205,1.8317259224423696,0.15463633827297946,0.936320955501059,-0.0011803432072282766,-0.09532375480864694,0.09507744111230926
68.8,1.1298929262565938,1.004356657849345,0.0395244668774465,0.009964883557880218,0.09532561323767412,0.09532561323767413,0.12903225806451601,0.870967741935484,0.032258064516129004,9.64803249721669,0.00011362606323079183,0.8722170688913764,0.04796661961581374,1.8318359123559547,0.15463453166501678,0.9363497571759276,-0.0011528066670024872,-0.09532258234543282,0.09508178527048985
69.0,1.1301207876666497,1.004404874874814,0.03952148396366849,0.009964284281186387,0.09532439370661533,0.09532439370661534,0.12903225806451601,0.870967741935484,0.032258064516129004,9.648885487202639,0.00011362512237126813,0.8723693959220465,0.04796552018568378,1.8319432955780126,0.15463275321702064,0.9363778756981689,-0.0011259133809104066,-0.09532143157318365,0.09508603141860637
69.2,1.130343333486441,1.0044520106803136,0.039518570515448,0.009963698602234722,0.0953231970551125,0.09532319705511251,0.12903225806451601,0.870967741935484,0.032258064516129004,9.649718627571497,0.00011362419642636554,0.8725181306228159,0.0479644381344389,1.8320481348943145,0.15463100286127934,0.9364053275434906,-0.0010996482808677127,-0.09532030214582256,0.09509018170510614
69.4,1.130560687875888,1.004498088765929,0.03951572491828137,0.009963126217526647,0.09532202291459288,0.09532202291459288,0.12903225806451601,0.870967741935484,0.032258064516129004,9.650532380541986,0.0001136232853464389,0.8726633587040777,0.04796337340642371,1.8321504915315947,0.15462928050871633,0.9364321287782486,-0.0010739966543980711,-0.09531919372962977,0.09509423823361934
69.60000000000001,1.1307729720870237,1.004543132142104,0.0395129455953771,0.009962566830203511,0.09532087092052856,0.09532087092052856,0.12903225806451601,0.870967741935484,0.032258064516129004,9.651327197285172,0.00011362238907114644,0.8728051637851005,0.04796232593343372,1.832250425197592,0.15462758604993537,0.9364582950688645,-0.0010489441346744482,-0.0953181059905403,0.09509820306385496
69.8,1.1309803045333968,1.0045871633394925,0.039510231006070214,0.009962020149891117,0.09531974071354779,0.09531974071354779,0.12903225806451601,0.870967741935484,0.032258064516129004,9.652103518647845,0.00011362150753063297,0.8729436274476232,0.04796129563609577,1.8323479941222671,0.154625919357453,0.936483841693774,-0.0010244766933713706,-0.09531703860342267,0.09510207821228502
70.0,1.1311828008554632,1.0046302044193856,0.03950757964470812,0.009961485892912172,0.09531863195141176,0.09531863195141176,0.12903225806451601,0.870967741935484,0.032258064516129004,9.652861775312402,0.00011362064064567591,0.8730788292864038,0.047960282424036965,1.832443255096241,0.15462428028597083,0.9365087835541737,-0.0010005806338648782,-0.09531599126066134,0.09510586565316885
70.2,1.1313805739858263,1.0046722769838565,0.039504990041362126,0.009960963781749231,0.0953175442927779,0.09531754429277792,0.12903225806451601,0.870967741935484,0.032258064516129004,9.653602387387561,0.00011361978832779299,0.8732108469600333,0.047959286196008796,1.8325362635059705,0.15462266867257565,0.9365331351808118,-0.0009772425802637152,-0.09531496364624858,0.09510956731951076
70.4,1.1315737342153613,1.0047134021841575,0.0395024607600334,0.00996045354467613,0.0953164773916497,0.0953164773916497,0.12903225806451601,0.870967741935484,0.032258064516129004,9.654325765445556,0.00011361895048100096,0.8733397562413147,0.047958306841941384,1.8326270733726708,0.15462108434006214,0.9365569107455763,-0.0009544494707258017,-0.09531395544535372,0.09511318510346266
70.60000000000001,1.13176238925305,1.0047536007303026,0.03949999039641798,0.009959954916460477,0.09531543092742925,0.09531543092742925,0.12903225806451601,0.870967741935484,0.032258064516129004,9.655032311030311,0.00011361812700193738,0.8734656310626719,0.04795734424308468,1.8327157373889822,0.15461952709716073,0.9365801240737922,-0.0009321885540088948,-0.09531296637522255,0.09511672085732552
70.8,1.1319466442850687,1.004792892901388,0.039497577580254115,0.009959467637747084,0.09531440458245462,0.09531440458245463,0.12903225806451601,0.870967741935484,0.032258064516129004,9.655722415316582,0.00011361731777882102,0.8735885435623477,0.04795639827079239,1.8328023069480197,0.15461799673656998,0.9366027886470131,-0.0009104473765769727,-0.0953119961373955,0.09512017639480366
71.0,1.1321266020395335,1.0048312985523111,0.039495220973942965,0.009958991454010508,0.09531339801336576,0.09531339801336576,0.12903225806451601,0.870967741935484,0.032258064516129004,9.656396460428892,0.00011361652269420365,0.8737085641332907,0.04795546878973774,1.832886832179977,0.1546164930401586,0.9366249176130548,-0.0008892137743080619,-0.09531104441268978,0.09512355349096109
71.2,1.1323023628416304,1.004868837122006,0.0394929192673588,0.009958526117116938,0.09531241091514984,0.09531241091514984,0.12903225806451601,0.870967741935484,0.032258064516129004,9.657054821146897,0.00011361574162579721,0.8738257614635515,0.0479545556588802,1.8329693619903011,0.15461501578052908,0.9366465238036032,-0.0008684758758768507,-0.09531011094353159,0.09512685388299474
71.4,1.1324740246637304,1.0049055276453343,0.03949067118259926,0.0099580713850331,0.09531144300398202,0.09531144300398202,0.12903225806451601,0.870967741935484,0.032258064516129004,9.657697861848366,0.00011361497444286353,0.8739402025761609,0.047953658727244435,1.8330499440804782,0.15461356471418894,0.9366676197315701,-0.00084822208774811,-0.0953091954601406,0.09513007927229229
71.60000000000001,1.1326416831913333,1.0049413887580736,0.03948847547534303,0.009957627019064276,0.09531049392695697,0.09531049392695698,0.12903225806451601,0.870967741935484,0.032258064516129004,9.658325937470678,0.00011361422101012932,0.8740519528792952,0.047952777838496705,1.8331286249799703,0.15461213958895406,0.9366882175949244,-0.0008284410784936552,-0.09530829761580989,0.09513323132380361
71.8,1.132805431876881,1.0049764387019078,0.03948633092310044,0.0099571927866148,0.09530956337883695,0.09530956337883695,0.12903225806451601,0.870967741935484,0.032258064516129004,9.658939398373233,0.00011361348119158145,0.8741610762030237,0.04795191283538258,1.8332054500928479,0.15461074015112838,0.9367083293069041,-0.0008091217948281437,-0.09530741717227087,0.0951363116658821
72.0,1.132965361974315,1.0050106953402946,0.0394842363319939,0.009956768462631714,0.09530865113678469,0.09530865113678469,0.12903225806451601,0.870967741935484,0.032258064516129004,9.659538584707066,0.00011361275484173099,0.8742676348280314,0.04795106354951306,1.833280463708379,0.15460936612897955,0.9367279664888339,-0.0007902534484251628,-0.09530655392494206,0.09513932189410332
72.2,1.1331215626081037,1.0050441761629023,0.03948219054733144,0.009956353823145189,0.09530775683023779,0.09530775683023779,0.12903225806451601,0.870967741935484,0.032258064516129004,9.660123824557846,0.00011361204180939391,0.874371689540678,0.04795022980578449,1.8333537090193721,0.15460801723988937,0.9367471404547371,-0.0007718254788992157,-0.09530570746597003,0.0951422635703122
72.4,1.133274120836175,1.0050768982824207,0.0394801924295279,0.009955948648791095,0.09530688010848619,0.09530688010848619,0.12903225806451601,0.870967741935484,0.032258064516129004,9.660695445856206,0.00011361134195010622,0.8744732996718924,0.04794941143689619,1.833425228190266,0.15460669321384188,0.93676586226571,-0.000753827589450487,-0.09530487754102106,0.09514513821965193
72.60000000000001,1.133423121656443,1.0051088784575717,0.03947824085755071,0.009955552731797558,0.09530602086252357,0.09530602086252357,0.12903225806451601,0.870967741935484,0.032258064516129004,9.66125376851837,0.00011361065510888977,0.8745725231039174,0.04794860826319945,1.8334950623607977,0.15460539376082172,0.9367841427292091,-0.0007362497522229589,-0.09530406409777364,0.0951479473375803
72.8,1.1335686480744211,1.0051401331026268,0.039476334763844094,0.009955165862799143,0.09530517872434702,0.09530517872434702,0.12903225806451601,0.870967741935484,0.032258064516129004,9.66179909281227,0.00011360998111755206,0.8746694163320826,0.04794782008953875,1.8335632516261613,0.15460411856570327,0.9368019923340858,-0.0007190821215511539,-0.095303266637353,0.09515069239040622
73.0,1.1337107812020948,1.0051706782652332,0.03947447309220567,0.009954787831589337,0.09530435318270687,0.09530435318270687,0.12903225806451601,0.870967741935484,0.032258064516129004,9.662331724584838,0.00011360931982782483,0.8747640345236082,0.047947046744005024,1.8336298351459837,0.1546028673509502,0.9368194213403653,-0.0007023150883352369,-0.09530248476564401,0.09515337480524594
73.2,1.1338496002187177,1.0052005296578148,0.03947265477754171,0.009954418448329953,0.09530354431780297,0.09530354431780298,0.12903225806451601,0.870967741935484,0.032258064516129004,9.662851970909763,0.00011360867108459015,0.8748564314827514,0.04794628804662833,1.8336948511649103,0.15460163982596375,0.9368364398262083,-0.0006859393533741182,-0.09530171875276096,0.09515599598134655
73.4,1.133985182409215,1.0052297026897972,0.03947087883494443,0.009954057521146349,0.09530275188535918,0.09530275188535918,0.12903225806451601,0.870967741935484,0.032258064516129004,9.663360102301533,0.00011360803469686028,0.8749466597089667,0.047945543775437284,1.833758336898557,0.15460043563216858,0.9368530575138068,-0.0006699457438375245,-0.09530096805206667,0.09515855729837636
73.60000000000001,1.1341176033577822,1.0052582124070766,0.039469144305346086,0.009953704841609784,0.09530197496143487,0.09530197496143487,0.12903225806451601,0.870967741935484,0.032258064516129004,9.663856397491433,0.00011360741051304432,0.8750347705205042,0.047944813754484124,1.8338203286980246,0.15459925448543219,0.9368692838822336,-0.000654325247200771,-0.09530023179138986,0.09516106009120662
73.8,1.1342469368541548,1.005286073520541,0.039467450154441135,0.00995336023676828,0.09530121385205544,0.09530121385205544,0.12903225806451601,0.870967741935484,0.032258064516129004,9.664341164643867,0.00011360679839789322,0.8751208139526554,0.04794409782688735,1.8338808621703924,0.15459809613245182,0.9368851283770744,-0.0006390692718738072,-0.0952995108190781,0.0951635056626962
74.0,1.1343732548105918,1.0053133005059367,0.03946579546177483,0.009953023542817224,0.09530046883652686,0.09530046883652686,0.12903225806451601,0.870967741935484,0.032258064516129004,9.66481464507107,0.00011360619812698648,0.8752048387602761,0.04794339573142234,1.833939971864568,0.15459696015108063,0.9369006000361328,-0.0006241693178586777,-0.09529880487488256,0.09516589531661362
74.2,1.1344966276286717,1.0053399074890423,0.03946417940250865,0.009952694543921304,0.09529973821350539,0.09529973821350539,0.12903225806451601,0.870967741935484,0.032258064516129004,9.665277073402144,0.00011360560952018744,0.8752868926795021,0.047942707258607276,1.8339976914514762,0.1545958462028695,0.936915707529555,-0.0006096168695581827,-0.09529811196599597,0.09516823030821653
74.4,1.1346171241131344,1.0053659082165878,0.0394626009526515,0.009952373073896919,0.09529902224807736,0.09529902224807736,0.12903225806451601,0.870967741935484,0.032258064516129004,9.665728778422991,0.00011360503248930893,0.8753670222685401,0.04794203230646729,1.834054054134153,0.15459475412329807,0.9369304597505498,-0.0005954040125684401,-0.09529743360551829,0.09517051183954434
74.60000000000001,1.1347348112437607,1.0053913162459875,0.03946105923449817,0.009952059004158033,0.09529832205392742,0.09529832205392744,0.12903225806451601,0.870967741935484,0.032258064516129004,9.666169973647573,0.00011360446683149232,0.875445272854861,0.047941370638856264,1.834109092031157,0.15459368353073918,0.9369448651204462,-0.0005815227906801335,-0.09529677005417365,0.09517274113155283
74.8,1.134849754598539,1.0054161448471028,0.039459553548502634,0.009951752121400486,0.0952976354702162,0.09529763547021622,0.12903225806451601,0.870967741935484,0.032258064516129004,9.666600843896585,0.00011360391230577647,0.8755216888450663,0.04794072197500781,1.8341628363527058,0.1545926339713488,0.936958931590699,-0.0005679652472186381,-0.09529611843739279,0.09517491937377082
75.0,1.1349620183169844,1.005440406890895,0.039458082904508494,0.009951452255293083,0.09529696235925011,0.09529696235925013,0.12903225806451601,0.870967741935484,0.032258064516129004,9.667021735064901,0.00011360336884333625,0.875596313562337,0.04794008623546997,1.8342153180216787,0.1545916053169984,0.9369726674863097,-0.0005547240414739557,-0.09529548046046402,0.09517704768448956
75.2,1.1350716647335015,1.0054641150801793,0.03945664643828024,0.00995115931008871,0.09529630467193233,0.09529630467193233,0.12903225806451601,0.870967741935484,0.032258064516129004,9.667432851610643,0.00011360283625324223,0.8756691891081111,0.04793946319791862,1.8342665669220863,0.15459059720837193,0.9369860807080006,-0.0005417918409503786,-0.09529485724813344,0.09517912720511748
75.4,1.1351787548854324,1.0054872818801652,0.03945524358176591,0.009950873081207416,0.09529565999040653,0.09529565999040653,0.12903225806451601,0.870967741935484,0.032258064516129004,9.667834317836972,0.00011360231425377218,0.8757403567710017,0.047938852533769984,1.834316611933461,0.15458960911419997,0.936999178500698,-0.0005291611327940121,-0.09529424498257447,0.09518115906113254
75.60000000000001,1.1352833486508902,1.0055099193082078,0.03945387340816935,0.009950593380916185,0.09529502727542842,0.09529502727542842,0.12903225806451601,0.870967741935484,0.032258064516129004,9.668226483974903,0.00011360180281541919,0.8758098569404207,0.047938254209453836,1.8343654818547541,0.1545886409805473,0.9370119686052774,-0.0005168250218254289,-0.09529364490679856,0.09518314428338476
75.8,1.1353855041331045,1.0055320392248666,0.03945253500601083,0.009950320149545508,0.09529440957374394,0.09529440957374394,0.12903225806451601,0.870967741935484,0.032258064516129004,9.668609577865418,0.00011360130179854416,0.875877728770237,0.04793766806253051,1.8344132046252841,0.15458769254494717,0.9370244585594466,-0.0005047768215841603,-0.09529305978398757,0.09518508392957045
76.0,1.1354852781009843,1.0055536533664395,0.0394512279324398,0.009950053207825639,0.09529380478889321,0.09529380478889321,0.12903225806451601,0.870967741935484,0.032258064516129004,9.668983651586531,0.00011360081085242403,0.8759440106238879,0.047937093683566454,1.8344598069416846,0.154586763145258,0.9370366549478933,-0.0004930094419755698,-0.09529248510646621,0.09518697907896935
76.2,1.1355827262345908,1.0055747730456883,0.039449951337578976,0.009949792352654549,0.09529321099460376,0.09529321099460376,0.12903225806451601,0.870967741935484,0.032258064516129004,9.669349054025885,0.00011360032986274465,0.876008740002677,0.04793653093966561,1.8345053155407742,0.154585852566783,0.9370485649673542,-0.000481516645841229,-0.09529192164428239,0.09518883070970124
76.4,1.1356779026892387,1.0055954093232975,0.03944870434543483,0.009949537520689496,0.09529263094010271,0.09529263094010271,0.12903225806451601,0.870967741935484,0.032258064516129004,9.669706019235477,0.000113599858796113,0.8760719533580859,0.04793597979258087,1.8345497563926416,0.15458496074796668,0.9370601956002609,-0.0004702919844249698,-0.09529137209169092,0.09519063978629855
76.60000000000001,1.13577086042338,1.0056155731293366,0.039447486527877496,0.009949288566679114,0.09529206333117501,0.09529206333117501,0.12903225806451601,0.870967741935484,0.032258064516129004,9.670054577915826,0.00011359939734748069,0.8761336864213001,0.047935439886197584,1.8345931544012715,0.1545840871128948,0.9370715530381335,-0.00045932894172878713,-0.09529083268734212,0.09519240730236006
76.80000000000001,1.13586165131486,1.0056352750796411,0.039446297108782766,0.009949045304251097,0.09529150643386851,0.09529150643386851,0.12903225806451601,0.870967741935484,0.032258064516129004,9.670395046662732,0.00011359894536814272,0.8761939740868876,0.047934911047284284,1.8346355344187304,0.1545832313815638,0.9370826439583458,-0.00044862167754114446,-0.09529030401508021,0.09519413419045208
77.0,1.1359503258022736,1.0056545255640645,0.039445135284477725,0.009948807655337987,0.09529096222512744,0.09529096222512744,0.12903225806451601,0.870967741935484,0.032258064516129004,9.670727652754634,0.00011359850277964774,0.8762528502663095,0.047934393184781765,1.8346769205578772,0.15458239340692403,0.93709347481145,-0.0004381641923341534,-0.09528978818676787,0.09519582136349268
77.2,1.1360369332137707,1.005673334798142,0.03944400063164245,0.009948575487503948,0.09529042964614623,0.09529042964614623,0.12903225806451601,0.870967741935484,0.032258064516129004,9.671052437353568,0.00011359806932247259,0.8763103481931296,0.04793388599573287,1.834717336007052,0.15458157269903308,0.9371040513969057,-0.0004279504460804884,-0.09528928205518744,0.09519746973880278
77.4,1.1361215218609402,1.0056917127063087,0.039442892431481365,0.009948348640423106,0.09528990748192238,0.09528990748192238,0.12903225806451601,0.870967741935484,0.032258064516129004,9.671369679813605,0.00011359764486290452,0.8763665003227233,0.04793338932435574,1.834756803870196,0.15458076900608583,0.9371143799228951,-0.0004179749835363511,-0.09528878626216714,0.09519908018499232
77.60000000000001,1.1362041387413664,1.005709669023841,0.03944180995645117,0.009948127032508452,0.09528939724813437,0.09528939724813439,0.12903225806451601,0.870967741935484,0.032258064516129004,9.671679585523876,0.0001135972292967023,0.8764213382206657,0.047932903049327936,1.8347953465492253,0.1545799821320274,0.937124466352447,-0.00040823219812127776,-0.09528830239252399,0.09520065356333984
77.80000000000001,1.1362848298346688,1.0057272133076158,0.039440752794307976,0.00994791053281405,0.09528889778541928,0.09528889778541928,0.12903225806451601,0.870967741935484,0.032258064516129004,9.671982211431512,0.0001135968223824014,0.876474892825084,0.04793242688872667,1.8348329856382815,0.15457921162091323,0.9371343161025036,-0.00039871647590257464,-0.09528782764454248,0.09520219073005352
78.0,1.1363636401275352,1.0057443548424672,0.039439720263054256,0.009947699003004925,0.09528840834480862,0.09528840834480862,0.12903225806451601,0.870967741935484,0.032258064516129004,9.672277815354677,0.00011359642399624477,0.8765271943178513,0.04793196069833589,1.8348697426365987,0.15457845723961974,0.9371439349717403,-0.0003894227602360134,-0.09528736291601218,0.09520369249510793
78.2,1.1364406133556488,1.005761102756864,0.039438711708519106,0.00994749236789626,0.0952879302989704,0.0952879302989704,0.12903225806451601,0.870967741935484,0.032258064516129004,9.67256657313211,0.00011359603400952705,0.8765782720443948,0.04793150432812491,1.834905638335092,0.15457771874560436,0.9371533284704102,-0.0003803458323664577,-0.09528690941027096,0.09520515967012542
78.4,1.1365157923492717,1.0057774659946066,0.039437726751038585,0.009947290493516375,0.09528746219126982,0.09528746219126984,0.12903225806451601,0.870967741935484,0.032258064516129004,9.672848546316352,0.0001135956521909385,0.8766281547957058,0.04793105750796633,1.8349406928047154,0.15457699570197422,0.9371625016183892,-0.00037148044661712565,-0.09528646431025972,0.09520659305492304
78.60000000000001,1.1365892191661138,1.0057934531805572,0.03943676476166038,0.009947093242359512,0.09528700304965888,0.0952870030496589,0.12903225806451601,0.870967741935484,0.032258064516129004,9.67312397466711,0.00011359527849499425,0.8766768707705417,0.047930620185166806,1.8349749260789028,0.15457628802367743,0.9371714597779892,-0.00036282171826441945,-0.09528602815270289,0.09520799338632917
78.80000000000001,1.1366609345796936,1.005809072837064,0.03943582505523461,0.009946900571499372,0.09528655516119428,0.09528655516119428,0.12903225806451601,0.870967741935484,0.032258064516129004,9.673393042940104,0.00011359491278809238,0.8767244472667904,0.04793019220389485,1.8350083576484923,0.15457559545875596,0.9371802082604244,-0.0003543650360636752,-0.09528560341587464,0.0952093614237509
79.0,1.1367309783607331,1.0058243334150214,0.039434907338938736,0.009946712358833144,0.09528611716298475,0.09528611716298475,0.12903225806451601,0.870967741935484,0.032258064516129004,9.673655773138384,0.00011359455476836475,0.8767709110047753,0.04792977321137199,1.8350410060332236,0.15457491743653862,0.9371887516049988,-0.00034610541680842044,-0.09528518677277747,0.09521069794691718
79.2,1.1367993896126765,1.0058392430217251,0.039434011060167716,0.00994652844591142,0.09528568708592836,0.09528568708592836,0.12903225806451601,0.870967741935484,0.032258064516129004,9.673912397134002,0.00011359420433605406,0.876816288183902,0.0479293630913222,1.8350728897990383,0.15457425376905543,0.9371970947440482,-0.000338038404086638,-0.09528477798300265,0.09521200364871141
79.4,1.1368662063784887,1.0058538095567422,0.0394331355346315,0.009946348794020633,0.0952852672386363,0.0952852672386363,0.12903225806451601,0.870967741935484,0.032258064516129004,9.674163113051181,0.00011359386147843898,0.8768606042471673,0.04792896182931449,1.8351040271392554,0.1545736044331386,0.937205242666199,-0.0003301595809682284,-0.0952843798793307,0.09521327920704213
79.60000000000001,1.1369314657422869,1.005868040887486,0.039432280470336006,0.009946173316685977,0.09528485723287569,0.09528485723287569,0.12903225806451601,0.870967741935484,0.032258064516129004,9.674407922915348,0.00011359352592129802,0.8769038840765226,0.047928569104853776,1.8351344353422978,0.15457296891032957,0.9372131996553457,-0.00032246436928247413,-0.09528398991517008,0.09521452534604125
79.80000000000001,1.1369952041944182,1.0058819446178684,0.03943144541908284,0.009946001848908542,0.09528445453236407,0.09528445453236407,0.12903225806451601,0.870967741935484,0.032258064516129004,9.674647017706672,0.00011359319753028744,0.876946152118013,0.047928184761126515,1.8351641316138196,0.15457234694703514,0.9372209701800662,-0.000314948468806725,-0.09528360677454284,0.09521574272931914
80.0,1.1370574571492686,1.0058955281548563,0.0394306296711921,0.009945834351391515,0.09528406136279255,0.09528406136279255,0.12903225806451601,0.870967741935484,0.032258064516129004,9.674880634866748,0.00011359287626440406,0.8769874320091904,0.04792780875054707,1.8351931329840634,0.15457173846641337,0.9372285590313106,-0.0003076080130957892,-0.09528323409501094,0.09521693199427397
80.2,1.1371182589932856,1.005908798894278,0.03942983296491028,0.009945670762862895,0.0952836780075338,0.0952836780075338,0.12903225806451601,0.870967741935484,0.032258064516129004,9.675108752277493,0.00011359256185092977,0.8770277468038368,0.047927440754311865,1.8352214554327304,0.15457114295271532,0.9372359701391901,-0.0003004386826722938,-0.09528286957881633,0.09521809382508083
80.4,1.13717764373906,1.005921763935002,0.03942905497826703,0.009945510904019258,0.09528330099733469,0.0952833009973347,0.12903225806451601,0.870967741935484,0.032258064516129004,9.675331508787348,0.00011359225415425619,0.8770671192976496,0.04792708061406912,1.8352491148552077,0.1545705601498352,0.9372432074991464,-0.00029343634244351213,-0.09528251045402092,0.09521922883464567
80.60000000000001,1.1372356445084193,1.0059344301263071,0.03942829495038694,0.009945354735947197,0.095282932575973,0.095282932575973,0.12903225806451601,0.870967741935484,0.032258064516129004,9.675549190330658,0.00011359195321875911,0.8771055715569144,0.04792672838211492,1.8352761272894986,0.1545699901425463,0.937250275753022,-0.00028659747464254703,-0.09528216133401463,0.09522033759463644
80.80000000000001,1.1372922934581553,1.0059468043448143,0.03942755264802675,0.009945202221272358,0.09528257366988659,0.0952825736698866,0.12903225806451601,0.870967741935484,0.032258064516129004,9.675761745060106,0.00011359165883298047,0.877143125133386,0.047926383811291585,1.8353025076133005,0.15456943253101962,0.9372571785081788,-0.00027991783355436894,-0.09528182003512978,0.09522142074159212
81.0,1.137347622091484,1.005958893324904,0.03942682774612881,0.00994505321046081,0.09528222157234204,0.09528222157234204,0.12903225806451601,0.870967741935484,0.032258064516129004,9.67596930743218,0.00011359137069941221,0.8771798010889983,0.04792604655369822,1.8353282706516605,0.15456888675238592,0.9372639196242138,-0.00027339407528796655,-0.09528148476980672,0.09522247888626595
81.2,1.1374016612135596,1.0059707035144683,0.039426119661401,0.009944907622345853,0.09528187678110049,0.09528187678110049,0.12903225806451601,0.870967741935484,0.032258064516129004,9.676172110808148,0.0001135910888810738,0.8772156199862845,0.04792571668341019,1.8353534310506465,0.15456835292664617,0.9372705030779842,-0.0002670223792733545,-0.09528115753016843,0.09522351256769283
81.4,1.1374544409124043,1.0059822412316823,0.03942542807058102,0.009944765421361473,0.09528154026598955,0.09528154026598955,0.12903225806451601,0.870967741935484,0.032258064516129004,9.676370167649496,0.00011359081325656599,0.8772506019422637,0.047925394058632304,1.8353780029037323,0.1545678308244575,0.9372769324828469,-0.0002607991473795451,-0.0952808377034745,0.09522452233549594
81.60000000000001,1.137505990550586,1.0059935127405286,0.039424752628264545,0.009944626516836535,0.09528121123301875,0.09528121123301875,0.12903225806451601,0.870967741935484,0.032258064516129004,9.676563585083539,0.00011359054361465096,0.8772847665645815,0.047925078432394866,1.835402000042856,0.15456732004626678,0.9372832114733699,-0.00025472106172805264,-0.0952805246308357,0.09522550876194545
81.80000000000001,1.1375563387912644,1.0060045241518147,0.039424092911927486,0.009944490810817557,0.095280889095237,0.095280889095237,0.12903225806451601,0.870967741935484,0.032258064516129004,9.676752522877715,0.00011359027985032305,0.8773181329947702,0.04792476968206002,1.8354254359519502,0.1545668203937205,0.9372893435771152,-0.00024878463337893453,-0.09528021843687293,0.09522647238848805
82.0,1.1376055136354593,1.0060152813873995,0.03942344856031438,0.00994435824262821,0.09528057406030334,0.09528057406030335,0.12903225806451601,0.870967741935484,0.032258064516129004,9.676937064738807,0.00011359002186336485,0.8773507199265682,0.04792446769058261,1.8354483238060613,0.1545663316775108,0.9372953322479549,-0.00024298660774460523,-0.09527991905395976,0.09522741372382076
82.2,1.1376535424407106,1.0060257902464438,0.03942281923083908,0.009944228750550082,0.09528026620894603,0.09528026620894604,0.12903225806451601,0.870967741935484,0.032258064516129004,9.677117297110463,0.00011358976954884835,0.8773825456198385,0.047924172335391514,1.8354706764724795,0.15456585369938233,0.9373011808583063,-0.00023732373912828397,-0.09527962629634679,0.09522833327693644
82.4,1.1377004519268912,1.006036056427254,0.039422204565978045,0.009944102254526143,0.09527996515867282,0.09527996515867282,0.12903225806451601,0.870967741935484,0.032258064516129004,9.67729333209661,0.00011358952276939682,0.8774136279059777,0.04792388345591932,1.8354925065067065,0.15456538619958474,0.9373068926904458,-0.0002317928750907583,-0.09527933999504055,0.09522923155724407
82.60000000000001,1.1377462681862738,1.006046085491769,0.039421604220569596,0.009943978681247021,0.09527967065055339,0.09527967065055339,0.12903225806451601,0.870967741935484,0.032258064516129004,9.677465273736692,0.00011358928140671779,0.877443984193087,0.04792360091392587,1.835513826168873,0.15456492895449517,0.9373124709531155,-0.00022639094262136283,-0.09527906000235879,0.09523010905480034
82.80000000000001,1.1377910167006746,1.006055882861039,0.039421017864929395,0.009943857969585516,0.0952793827044596,0.09527938270445961,0.12903225806451601,0.870967741935484,0.032258064516129004,9.677633210632617,0.00011358904536293895,0.877473631477896,0.04792332459506382,1.8355346474327523,0.15456448177915258,0.9373179187842939,-0.0002211149333372492,-0.09527878621898009,0.09523096624176486
83.0,1.1378347223589476,1.006065453840501,0.0394204451733249,0.009943740055336707,0.09527910123067777,0.09527910123067777,0.12903225806451601,0.870967741935484,0.032258064516129004,9.677797232885752,0.00011358881452976668,0.8775025863586277,0.04792305437277596,1.8355549819877153,0.1545640444688321,0.9373232392447473,-0.00021596190877275212,-0.09527851852684946,0.09523180358473717
83.2,1.1378774094709756,1.0060748036239935,0.039419885825631266,0.009943624870414024,0.09527882599183449,0.09527882599183449,0.12903225806451601,0.870967741935484,0.032258064516129004,9.677957436010253,0.00011358858879141695,0.8775308650443078,0.047922790111725816,1.8355748412457797,0.15456361680459682,0.9373284353203865,-0.00021092900128995284,-0.09527825677140284,0.09523262154337712
83.4,1.1379191017797317,1.0060839372835586,0.039419339511134084,0.00994351235160829,0.0952785568425468,0.0952785568425468,0.12903225806451601,0.870967741935484,0.032258064516129004,9.678113910203468,0.0001135883680418654,0.8775584833625176,0.0479225316879919,1.83559423635117,0.1545631985859789,0.937333509928673,-0.00020601341066177337,-0.09527800082331778,0.09523342056358598
83.60000000000001,1.1379598224737928,1.0060928597730854,0.039418805926833944,0.009943402439711067,0.09527829371427014,0.09527829371427014,0.12903225806451601,0.870967741935484,0.032258064516129004,9.67826673940427,0.00011358815218176338,0.8775854567681615,0.047922278985458,1.8356131781860088,0.15456278962513828,0.9373384659195241,-0.00020121240072117075,-0.09527775057749883,0.09523420107929172
83.80000000000001,1.137999594200633,1.006101575937876,0.03941828477584579,0.009943295074611292,0.0952780364780963,0.09527803647809631,0.12903225806451601,0.870967741935484,0.032258064516129004,9.678416008190924,0.00011358794110867842,0.8776118003528268,0.04792203188438867,1.835631677374696,0.15456238972837405,0.9373433060742656,-0.00019652329886833686,-0.09527750591337446,0.09523496351665142
84.0,1.1380384390797875,1.006110090515389,0.03941777576811764,0.009943190196424128,0.09527778497410215,0.09527778497410215,0.12903225806451601,0.870967741935484,0.032258064516129004,9.678561801189261,0.0001135877347196345,0.877637528853613,0.04792179026440312,1.8356497442906647,0.15456199870093723,0.9373480331079073,-0.00019194349570635094,-0.09527726670205118,0.09523570829302458
84.2,1.1380763787152692,1.006118408133806,0.03941727862086056,0.009943087748048382,0.0952775390849352,0.0952775390849352,0.12903225806451601,0.870967741935484,0.032258064516129004,9.678704199173017,0.00011358753291650003,0.8776626566614294,0.04792155401078337,1.8356673890635467,0.15456161635723986,0.9373526496722434,-0.000187470442933671,-0.09527703282845365,0.09523643581499064
84.4,1.1381134342073556,1.0061265333158909,0.03941679305783774,0.00994298767414272,0.0952772987090701,0.0952772987090701,0.12903225806451601,0.870967741935484,0.032258064516129004,9.678843280219356,0.00011358733560413241,0.8776871978291334,0.04792132301230252,1.8356846215846014,0.15456124251734038,0.937357158356917,-0.00018310165120645483,-0.09527680418465734,0.09523714647944202
84.60000000000001,1.1381496261641633,1.006134470483358,0.039416318808957136,0.009942889919782216,0.09527706372336456,0.09527706372336456,0.12903225806451601,0.870967741935484,0.032258064516129004,9.678979121798756,0.00011358714268739526,0.8777111660795022,0.047921097157733045,1.8357014515116825,0.15456087700129323,0.9373615616900466,-0.00017883468908402866,-0.09527658065806023,0.09523784067499545
84.80000000000001,1.1381849747131811,1.0061422239580315,0.03941585561050519,0.009942794431140751,0.09527683400234792,0.09527683400234792,0.12903225806451601,0.870967741935484,0.032258064516129004,9.67911179982612,0.00011358695407230115,0.8777345748130122,0.04792087633718505,1.8357178882749827,0.1545605196313144,0.9373658621399623,-0.00017466718218454858,-0.09527636213578423,0.09523851878162627
85.0,1.1382194995126216,1.0061497979629341,0.03941540320508889,0.009942701156098027,0.09527660943623723,0.09527660943623723,0.12903225806451601,0.870967741935484,0.032258064516129004,9.67924138774325,0.00011358676966761529,0.8777574371155048,0.047920660443984006,1.835733941082853,0.15456017023482074,0.937370062117099,-0.00017059681171499586,-0.09527614851089258,0.09523918117019986
85.2,1.1382532197624091,1.0061571966251337,0.03941496134122329,0.009942610043757799,0.09527638991859837,0.09527638991859837,0.12903225806451601,0.870967741935484,0.032258064516129004,9.679367957264505,0.00011358658938417254,0.8777797657656928,0.047920449373871465,1.8357496189270126,0.15455982864313633,0.9373741639752414,-0.00016662131281271197,-0.095275939679875,0.09523982820299728
85.4,1.1382861542148022,1.0061644239784742,0.039414529773182355,0.009942521044132334,0.09527617533809875,0.09527617533809875,0.12903225806451601,0.870967741935484,0.032258064516129004,9.679491578817432,0.00011358641313396818,0.8778015732424043,0.04792024302394102,1.835764930587484,0.15455949468977073,0.9373781700126118,-0.00016273847329227598,-0.09527573553926565,0.09524046023427858
85.60000000000001,1.1383183211847854,1.0061714839652587,0.039414108261043995,0.009942434108381564,0.09527596558558817,0.09527596558558818,0.12903225806451601,0.870967741935484,0.032258064516129004,9.679612321140675,0.0001135862408304586,0.8778228717316107,0.04792004129299043,1.8357798846376268,0.1545591682109889,0.9373820824732517,-0.00015894613267192215,-0.0952755359867949,0.09524107761029237
85.80000000000001,1.1383497385602959,1.0061783804379398,0.03941369657053543,0.00994234918890886,0.09527576055752535,0.09527576055752535,0.12903225806451601,0.870967741935484,0.032258064516129004,9.679730251182157,0.00011358607238902778,0.8778436731333458,0.04791984408206815,1.8357944894491551,0.15455884904669584,0.9373859035484435,-0.00015524218102347387,-0.09527534092317891,0.09524168066924306
86.0,1.13838042381223,1.0061851171612939,0.03941329447278596,0.009942266239194288,0.09527556015220043,0.09527556015220044,0.12903225806451601,0.870967741935484,0.032258064516129004,9.679845434387708,0.00011358590772684371,0.8778639890684983,0.047919651294305574,1.8358087531969436,0.15455853704016514,0.9373896353779543,-0.00015162455760724114,-0.09527515025166919,0.0952422697415462
86.2,1.1384103940041754,1.0061916978145504,0.03941290174422705,0.009942185213725183,0.09527536426841393,0.09527536426841395,0.12903225806451601,0.870967741935484,0.032258064516129004,9.679957934767764,0.00011358574676256311,0.877883830885417,0.04791946283457139,1.835822683863646,0.15455823203747984,0.9373932800511885,-0.00014809124966085052,-0.09527496387701724,0.09524284515012624
86.4,1.1384396658018816,1.0061981259932256,0.039412518166538915,0.009942106068040139,0.09527517280719999,0.09527517280719999,0.12903225806451601,0.870967741935484,0.032258064516129004,9.680067814800742,0.00011358558941632855,0.877903209666318,0.04791927860946865,1.8358362892442341,0.15455793388752762,0.9373968396083753,-0.00014464029137542522,-0.09527478170549059,0.09524340721056226
86.60000000000001,1.1384682554825376,1.0062044052108805,0.03941214352650729,0.009942028758718306,0.095274985672157,0.095274985672157,0.12903225806451601,0.870967741935484,0.032258064516129004,9.680175135476002,0.00011358543560989286,0.8779221362335539,0.047919098527480546,1.8358495769504648,0.15455764244223688,0.9374003160417693,-0.00014126976287825999,-0.09527460364537765,0.09524395623118086
86.80000000000001,1.138496178943849,1.0062105389009566,0.039411777615862544,0.009941953243328833,0.09527480276873496,0.09527480276873496,0.12903225806451601,0.870967741935484,0.032258064516129004,9.680279956390898,0.00011358528526662332,0.8779406211557543,0.047918922498975634,1.8358625544152456,0.1545573575565854,0.9374037112968063,-0.00013797778910429326,-0.09527442960708735,0.09524449251321566
87.0,1.1385234517129004,1.0062165304186153,0.03941142023117897,0.009941879480407858,0.09527462400418911,0.09527462400418911,0.12903225806451601,0.870967741935484,0.032258064516129004,9.680382335766318,0.00011358513831140228,0.8779586747538219,0.04791875043609163,1.8358752288968678,0.15455707908841215,0.9374070272731989,-0.00013476253866942511,-0.09527425950283475,0.09524501635100946
87.2,1.1385500889547926,1.0062223830425008,0.039411071173786096,0.009941807429443974,0.09527444928769763,0.09527444928769763,0.12903225806451601,0.870967741935484,0.032258064516129004,9.680482330452277,0.0001135849946705571,0.8779763071067679,0.047918582252653615,1.8358876074831179,0.15455680689828524,0.937410265825998,-0.00013162222289817005,-0.09527409324642763,0.09524552803218257
87.4,1.138576105481081,1.0062280999764193,0.039410730249648605,0.009941737050853928,0.09527427853024403,0.09527427853024403,0.12903225806451601,0.870967741935484,0.032258064516129004,9.68057999597548,0.00011358485427188,0.8779935280574064,0.04791841786419749,1.8358996970953199,0.1545565408495397,0.9374134287666638,-0.0001285550948705444,-0.09527393075339234,0.09524602783775982
87.60000000000001,1.1386015157580258,1.00623368435099,0.03941039726924505,0.009941668305962983,0.09527411164465616,0.09527411164465616,0.12903225806451601,0.870967741935484,0.032258064516129004,9.68067538657849,0.00011358471704464771,0.8780103472179203,0.04791825718799317,1.8359115044922876,0.1545562808083154,0.9374165178641107,-0.0001255594484307343,-0.09527377194110691,0.09524651604230436
87.80000000000001,1.1386263339146487,1.006239139225298,0.03941007204746762,0.00994160115698739,0.09527394854566595,0.09527394854566597,0.12903225806451601,0.870967741935484,0.032258064516129004,9.68076855523817,0.0001135845829195768,0.8780267739753023,0.04791810014299247,1.8359230362741679,0.15455602664347248,0.9374195348457115,-0.0001226336171965131,-0.09527361672869969,0.09524699291407733
88.0,1.1386505737505994,1.0062444675885152,0.039409754403526724,0.00994153556701014,0.09527378914974119,0.09527378914974119,0.12903225806451601,0.870967741935484,0.032258064516129004,9.68085955369459,0.0001135844518287645,0.878042817496656,0.04791794664976003,1.8359342988861826,0.15455577822647984,0.9374224813982694,-0.00011977597364294656,-0.09527346503688133,0.09524745871519363
88.2,1.1386742487438344,1.0062496723614638,0.03940944416084743,0.009941471499958917,0.09527363337498235,0.09527363337498235,0.12903225806451601,0.870967741935484,0.032258064516129004,9.68094843248706,0.00011358432370567773,0.8780584867343736,0.04791779663046059,1.8359452986222942,0.15455553543139453,0.9374253591689801,-0.00011698492821696216,-0.09527331678795489,0.0952479137017529
88.4,1.138697372058122,1.0062547563981319,0.03940914114696749,0.009941408920591449,0.0952734811412298,0.0952734811412298,0.12903225806451601,0.870967741935484,0.032258064516129004,9.681035240979991,0.00011358419848515522,0.8780737904311865,0.047917650008861654,1.835956041628783,0.15455529813486613,0.9374281697663748,-0.00011425892844961483,-0.09527317190588744,0.09524835812396548
88.60000000000001,1.1387199565503683,1.0062597224871785,0.03940884519344308,0.009941347794478141,0.09527333237007571,0.09527333237007571,0.12903225806451601,0.870967741935484,0.032258064516129004,9.681120027385624,0.00011358407610338079,0.8780887371251042,0.047917506710302336,1.8359665339077356,0.15455506621608645,0.9374309147612361,-0.00011159645806869956,-0.09527303031626044,0.09524879222629003
88.80000000000001,1.138742014777778,1.006264573353413,0.03940855613575662,0.009941288087980059,0.09527318698472775,0.09527318698472775,0.12903225806451601,0.870967741935484,0.032258064516129004,9.681202838793817,0.0001135839564978405,0.8781033351542306,0.04791736666164344,1.8359767813204497,0.15455483955670873,0.937433595687483,-0.00010899603616242037,-0.09527289194617691,0.09524921624757104
89.0,1.138763559004841,1.00626931165923,0.03940827381322479,0.009941229768230088,0.09527304490995175,0.09527304490995177,0.12903225806451601,0.870967741935484,0.032258064516129004,9.681283721200286,0.00011358383960730405,0.8781175926614673,0.0479172297912457,1.8359867895907585,0.1545546180408125,0.9374362140430428,-0.0001064562163614613,-0.09527275672423935,0.0952496304211638
89.2,1.138784601210158,1.00627394000601,0.03940799806890842,0.009941172803118042,0.09527290607211886,0.09527290607211886,0.12903225806451601,0.870967741935484,0.032258064516129004,9.681362719529934,0.00011358372537181493,0.8781315175991017,0.04791709602895849,1.8359965643082712,0.15455440155488542,0.9374387712907051,-0.00010397558602501245,-0.09527262458056812,0.09525003497505431
89.4,1.13880515309311,1.0062784609354904,0.03940772874952551,0.009941117161273983,0.09527277039919217,0.09527277039919217,0.12903225806451601,0.870967741935484,0.032258064516129004,9.681439877660402,0.0001135836137326643,0.8781451177332924,0.0479169653060893,1.8360061109315466,0.15455418998777384,0.9374412688589511,-0.00010155276546176817,-0.09527249544676727,0.09525043013198192
89.60000000000001,1.1388252260803695,1.0062828769311194,0.03940746570536598,0.00994106281204955,0.0952726378206451,0.0952726378206451,0.12903225806451601,0.870967741935484,0.032258064516129004,9.6815152384482,0.00011358350463236492,0.8781584006484429,0.047916837555373355,1.8360154347911803,0.1545539832306338,0.9374437081427608,-9.918640714620675e-05,-0.09527236925587472,0.09525081610956188
89.80000000000001,1.1388448313322583,1.00628719041937,0.039407208790208856,0.009941009725501299,0.09527250826742373,0.09527250826742373,0.12903225806451601,0.870967741935484,0.032258064516129004,9.681588843753016,0.00011358339801462622,0.8781713737514754,0.0479167127109446,1.836024541092822,0.15455378117688395,0.9374460905044043,-9.687519498387254e-05,-0.09527224594233111,0.09525119312040128
90.0,1.1388639797489613,1.0062914037710229,0.039406957861240224,0.009940957872375887,0.09527238167195567,0.09527238167195569,0.12903225806451601,0.870967741935484,0.032258064516129004,9.681660734459784,0.00011358329382434218,0.8781840442759998,0.04791659070832157,1.8360334349201233,0.15455358372218292,0.9374484172742149,-9.461784356290526e-05,-0.09527212544197794,0.09525156137221077
90.2,1.13888268197659,1.0062955193024279,0.0394067127789746,0.0099409072240944,0.09527225796812179,0.0952722579681218,0.12903225806451601,0.870967741935484,0.032258064516129004,9.681730950501036,0.00011358319200756288,0.8781964192863869,0.0479164714843742,1.8360421212376097,0.15455339076437552,0.937450689751341,-9.2413097456015e-05,-0.09527200769202013,0.09525192106791647
90.4,1.138900948413109,1.0062995392767349,0.03940647340717659,0.009940857752736272,0.0952721370912102,0.09527213709121021,0.12903225806451601,0.870967741935484,0.032258064516129004,9.68179953087988,0.00011358309251147632,0.8782085056817438,0.04791635497730265,1.8360506048934928,0.15455320220345856,0.9374529092044831,-9.02597305035141e-05,-0.0952718926310005,0.09525227240576982
90.60000000000001,1.1389187892141208,1.0063034659050991,0.039406239612785665,0.009940809431024277,0.09527201897788709,0.0952720189778871,0.12903225806451601,0.870967741935484,0.032258064516129004,9.681866513691679,0.00011358299528438629,0.878220310199795,0.04791624112661153,1.8360588906224045,0.1545530179415392,0.9374550768726088,-8.815654513438798e-05,-0.09527178019876947,0.09525261557945429
90.80000000000001,1.1389362142985189,1.0063073013478574,0.039406011265842,0.009940762232310245,0.0952719035661825,0.09527190356618251,0.12903225806451601,0.870967741935484,0.032258064516129004,9.681931936144698,0.00011358290027569069,0.8782318394206711,0.0479161298730845,1.8360669830480751,0.15455283788279384,0.9374571939656561,-8.610237170994517e-05,-0.0952716703364659,0.09525295077818845
91.0,1.1389532333540056,1.0063110477156811,0.03940578823941429,0.009940716130560736,0.09527179079546379,0.09527179079546379,0.12903225806451601,0.870967741935484,0.032258064516129004,9.681995834580729,0.00011358280743586352,0.8782430997706109,0.04791602115876346,1.8360748866859427,0.15455266193343445,0.9374592616652151,-8.409606785733659e-05,-0.09527156298649224,0.09525327818682805
91.2,1.1389698558424826,1.006314707070702,0.039405570409528815,0.009940671100342762,0.09527168060640383,0.09527168060640384,0.12903225806451601,0.870967741935484,0.032258064516129004,9.682058244495572,0.0001135827167164333,0.8782540975255709,0.047915914926923216,1.8360826059457058,0.15455249000166768,0.9374612811251978,-8.213651784294562e-05,-0.09527145809249138,0.09525359798596585
91.4,1.1389860910053178,1.0063182814276148,0.03940535765510123,0.009940627116810053,0.09527157294095277,0.09527157294095277,0.12903225806451601,0.870967741935484,0.032258064516129004,9.682119200558594,0.00011358262806996175,0.8782648388147559,0.04791581112204663,1.836090145133806,0.1545523219976547,0.9374632534724886,-8.022263194841506e-05,-0.09527135559931142,0.09525391035202903
91.60000000000001,1.1390019478684854,1.006321772754754,0.039405149857868346,0.009940584155689793,0.0952714677423195,0.0952714677423195,0.12903225806451601,0.870967741935484,0.032258064516129004,9.682178736631993,0.00011358254145002683,0.8782753296240592,0.04791570968980494,1.8360975084558624,0.15455215783347923,0.9374651798075804,-7.835334585906684e-05,-0.0952712554529983,0.09525421545737395
91.80000000000001,1.1390174352475875,1.0063251829751472,0.03940494690232304,0.009940542193269552,0.0952713649549459,0.0952713649549459,0.12903225806451601,0.870967741935484,0.032258064516129004,9.682236885789353,0.00011358245681120121,0.8782855757994262,0.047915610577032475,1.836104700019041,0.15455199742310677,0.9374670612051964,-7.652762007806513e-05,-0.09527115760076177,0.09525451347037932
92.0,1.1390325617527612,1.0063285139675453,0.03940474867564987,0.009940501206384313,0.09527126452447839,0.09527126452447839,0.12903225806451601,0.870967741935484,0.032258064516129004,9.682293680334285,0.00011358237410903295,0.8782955830501381,0.047915513731704246,1.8361117238343685,0.15455184068234842,0.937468898714897,-7.474443934776809e-05,-0.09527106199095264,0.09525480455553693
92.2,1.1390473357934665,1.0063317675674313,0.03940455506766207,0.009940461172404009,0.09527116639774635,0.09527116639774637,0.12903225806451601,0.870967741935484,0.032258064516129004,9.682349151818267,0.0001135822933000285,0.8783053569520157,0.047915419102916045,1.836118583818997,0.1545516875288285,0.93747069336167,-7.300281207248127e-05,-0.09527096857304643,0.09525508887354112
92.4,1.139061765583167,1.0063349455680024,0.03940436597074045,0.009940422069221324,0.09527107052273971,0.09527107052273971,0.12903225806451601,0.870967741935484,0.032258064516129004,9.682403331058046,0.00011358221434163197,0.8783149029505507,0.04791532664086024,1.8361252837984077,0.1545515378819456,0.9374724461465095,-7.13017697817897e-05,-0.09527087729761617,0.09525536658137501
92.60000000000001,1.1390758591438992,1.0063380497211367,0.03940418127977404,0.009940383875239649,0.09527097684858095,0.09527097684858095,0.12903225806451601,0.870967741935484,0.032258064516129004,9.68245624815272,0.00011358213719220704,0.8783242263639599,0.04791523629680472,1.836131827508564,0.15455139166283843,0.9374741580469813,-6.964036658169137e-05,-0.09527078811630674,0.09525563783239578
92.80000000000001,1.1390896243107322,1.0063410817383316,0.039404000892100687,0.009940346569361415,0.09527088532550727,0.09527088532550727,0.12903225806451601,0.870967741935484,0.032258064516129004,9.682507932500721,0.00011358206181102071,0.8783333323861701,0.04791514802307377,1.8361382185980202,0.15455124879435495,0.9374758300177715,-6.801767862982255e-05,-0.09527070098182432,0.09525590277641759
93.0,1.1391030687361319,1.0063440432916264,0.03940382470745061,0.009940310130976708,0.09527079590484704,0.09527079590484704,0.12903225806451601,0.870967741935484,0.032258064516129004,9.68255841281576,0.00011358198815822225,0.8783422260897317,0.0479150617730237,1.8361444606299697,0.15455110920101284,0.937477462991226,-6.643280362395032e-05,-0.09527061584790517,0.09525616155979287
93.2,1.1391161998942132,1.006346936014502,0.03940365262789077,0.009940274539951957,0.09527070853899287,0.09527070853899287,0.12903225806451601,0.870967741935484,0.032258064516129004,9.682607717142902,0.00011358191619482847,0.878350912428662,0.04791497750102552,1.8361505570842507,0.15455097280897168,0.9374790578778744,-6.488486029396223e-05,-0.09527053266929753,0.09525641432549153
93.4,1.139129025084901,1.0063497615027612,0.03940348455776995,0.009940239776619135,0.09527062318138557,0.09527062318138559,0.12903225806451601,0.870967741935484,0.032258064516129004,9.682655872874314,0.00011358184588270471,0.8783593962412239,0.04791489516244275,1.8361565113593084,0.1545508395459968,0.9374806155669434,-6.337298791683765e-05,-0.09527045140174265,0.0952566612131785
93.60000000000001,1.1391415514379895,1.0063525213153883,0.03940332040366585,0.009940205821765052,0.095270539786491,0.095270539786491,0.12903225806451601,0.870967741935484,0.032258064516129004,9.682702906764113,0.0001135817771845487,0.8783676822526385,0.04791481471361258,1.8361623267741005,0.1545507093414291,0.9374821369268572,-6.189634583321502e-05,-0.09527037200195294,0.09525690235928966
93.80000000000001,1.1391537859171086,1.0063552169753915,0.03940316007433308,0.009940172656620835,0.0952704583097766,0.0952704583097766,0.12903225806451601,0.870967741935484,0.032258064516129004,9.68274884494344,0.0001135817100638729,0.8783757750777325,0.04791473611182525,1.836168006569966,0.1545505821261514,0.9374836228057245,-6.045411298316594e-05,-0.09527029442759362,0.09525713789710583
94.0,1.1391657353235973,1.0063578499706234,0.03940300348065245,0.00994014026285179,0.09527037870769275,0.09527037870769277,0.12903225806451601,0.870967741935484,0.032258064516129004,9.682793712935004,0.00011358164448498881,0.8783836792235236,0.047914659315305766,1.8361735539124462,0.15455045783255908,0.9374850740318184,-5.904548744635474e-05,-0.09527021863726051,0.09525736795682516
94.2,1.1391774063002882,1.0063604217545874,0.039402850535581395,0.009940108622547494,0.09527030093765354,0.09527030093765354,0.12903225806451601,0.870967741935484,0.032258064516129004,9.682837535667085,0.0001135815804129907,0.8783913990917475,0.04791458428319478,1.8361789718930652,0.1545503363945292,0.9374864914140392,-5.766968599237032e-05,-0.0952701445904634,0.09525759266563401
94.4,1.1391888053351997,1.006362933747221,0.039402701154105615,0.009940077718211881,0.09527022495801342,0.09527022495801342,0.12903225806451601,0.870967741935484,0.032258064516129004,9.682880337487392,0.0001135815178137378,0.8783989389813216,0.047914510975527916,1.8361842635310628,0.15455021774738675,0.9374878757423715,-5.632594365830024e-05,-0.09527007224760539,0.09525781214777604
94.60000000000001,1.139199938765149,1.0063653873356666,0.03940255525319187,0.009940047532753852,0.09527015072804908,0.09527015072804908,0.12903225806451601,0.870967741935484,0.032258064516129004,9.682922142176709,0.00011358145665384245,0.8784063030907546,0.04791443935322181,1.8361894317750953,0.1545501018278824,0.9374892277883267,-5.501351330224058e-05,-0.09527000156996446,0.09525802652461984
94.80000000000001,1.139210812779272,1.006367783875019,0.03940241275174138,0.009940018049477979,0.09527007820794424,0.09527007820794424,0.12903225806451601,0.870967741935484,0.032258064516129004,9.682962972962038,0.00011358139690065055,0.8784134955204943,0.04791436937805137,1.836194479504887,0.15454998857415556,0.9374905483053765,-5.37316652058778e-05,-0.09526993251967981,0.09525823591472499
95.0,1.1392214334224695,1.0063701246890637,0.03940227357054564,0.009939989252075251,0.09527000735876176,0.09527000735876176,0.12903225806451601,0.870967741935484,0.032258064516129004,9.683002852529258,0.00011358133852222834,0.8784205202752267,0.047914301012634254,1.8361994095328482,0.15454987792570926,0.9374918380293771,-5.2479686659098745e-05,-0.09526986505972315,0.09525844043390685
95.2,1.1392318065987685,1.0063724110709904,0.039402137632241443,0.009939961124614326,0.0952699381424318,0.0952699381424318,0.12903225806451601,0.870967741935484,0.032258064516129004,9.6830418030362,0.00011358128148734848,0.8784273812661154,0.04791423422041466,1.8362042246056547,0.15454976982338403,0.9374930976789817,-5.125688156185082e-05,-0.09526979915389275,0.09525864019529925
95.4,1.1392419380746046,1.0063746442840977,0.03940200486126823,0.009939933651532843,0.09526987052173476,0.09526987052173476,0.12903225806451601,0.870967741935484,0.032258064516129004,9.683079846124507,0.0001135812257654732,0.878434082312991,0.04791416896564355,1.8362089274057873,0.15454966420932578,0.9374943279560446,-5.00625700455698e-05,-0.0952697347667914,0.0952588353094165
95.60000000000001,1.1392518334820299,1.0063768255624757,0.039401875183826415,0.00993990681762885,0.09526980446027743,0.09526980446027743,0.12903225806451601,0.870967741935484,0.032258064516129004,9.683117002931724,0.0001135811713267409,0.878440627146489,0.0479141052133631,1.8362135205530385,0.15454956102696077,0.9374955295460136,-4.88960880852124e-05,-0.0952696718638062,0.09525902588421373
95.80000000000001,1.1392614983218468,1.006378956111679,0.03940174852783573,0.009939880608052492,0.09526973992247852,0.09526973992247852,0.12903225806451601,0.870967741935484,0.032258064516129004,9.683153294103281,0.00011358111814195315,0.8784470194101368,0.04791404292939141,1.836218006605979,0.15454946022097077,0.9374967031183172,-4.7756787132993694e-05,-0.0952696104110983,0.09525921202514552
96.0,1.1392709379666646,1.0063810371093789,0.039401624822895616,0.009939855008298021,0.09526967687355307,0.09526967687355309,0.12903225806451601,0.870967741935484,0.032258064516129004,9.683188739803757,0.00011358106618255813,0.8784532626623919,0.047913982080303216,1.8362223880633959,0.15454936173726194,0.937497849326738,-4.664403376271331e-05,-0.09526955037558152,0.09525939383522365
96.2,1.1392801576638907,1.0063830697060052,0.03940150400024603,0.009939830004195762,0.0952696152794924,0.0952696152794924,0.12903225806451601,0.870967741935484,0.032258064516129004,9.683223359727966,0.00011358101542063952,0.8784593603786313,0.04791392263341691,1.8362266673656904,0.15454926552294374,0.9374989688097799,-4.5557209310292945e-05,-0.09526949172490735,0.09525957141507341
96.4,1.1392891625386454,1.0063850550253717,0.03940138599272887,0.009939805581904401,0.09526955510704935,0.09526955510704935,0.12903225806451601,0.870967741935484,0.032258064516129004,9.683257173112192,0.00011358096582890308,0.8784653159530974,0.04791386455677873,1.8362308468962487,0.1545491715263035,0.9375000621910272,-4.449570952791415e-05,-0.09526943442745373,0.09525974486298837
96.60000000000001,1.1392979575966156,1.0063869941652872,0.03940127073475115,0.00993978172790343,0.0952694963237214,0.0952694963237214,0.12903225806451601,0.870967741935484,0.032258064516129004,9.683290198744587,0.00011358091738066089,0.8784711327007931,0.04791380781914452,1.8362349289827755,0.15454907969677675,0.9375011300794934,-4.345894425732133e-05,-0.09526937845230192,0.09525991427498436
96.80000000000001,1.1393065477268365,1.0063888881981533,0.03940115816224807,0.009939758428985727,0.09526943889773544,0.09526943889773544,0.12903225806451601,0.870967741935484,0.032258064516129004,9.68332245497579,0.00011358087004982097,0.8784768138593374,0.04791375238996744,1.836238915898599,0.15454898998492744,0.9375021730699626,-4.244633709553358e-05,-0.09526932376922742,0.09526007974485182
97.0,1.1393149377044116,1.0063907381715491,0.0394010482126478,0.009939735672250342,0.09526938279802989,0.09526938279802989,0.12903225806451601,0.870967741935484,0.032258064516129004,9.683353959728967,0.00011358082381087492,0.8784823625907732,0.0479136982393836,1.8362428098639432,0.15454890234242466,0.9375031917433224,-4.145732506846689e-05,-0.09526927034868297,0.09526024136420719
97.2,1.1393231321931667,1.0063925451088014,0.03940094082483633,0.00993971344509544,0.095269327994243,0.095269327994243,0.12903225806451601,0.870967741935484,0.032258064516129004,9.683384730509939,0.00011358077863888223,0.878487781983336,0.047913645338193714,1.8362466130471748,0.15454881672201295,0.937504186666892,-4.049135833318618e-05,-0.09526921816178341,0.09526039922254295
97.4,1.1393311357482458,1.0063943100095416,0.03940083593912377,0.009939691735211385,0.09526927445669388,0.09526927445669388,0.12903225806451601,0.870967741935484,0.032258064516129004,9.683414784416676,0.00011358073450946325,0.8784930750531799,0.04791359365785484,1.836250327566014,0.15454873307749897,0.9375051583947352,-3.954789985073648e-05,-0.09526916718029299,0.09526055340727668
97.60000000000001,1.1393389528186424,1.0063960338502538,0.039400733497211016,0.009939670530574003,0.09526922215637057,0.09526922215637057,0.12903225806451601,0.870967741935484,0.032258064516129004,9.683444138149005,0.00011358069139878164,0.8784982447460624,0.04791354317045987,1.8362539554887203,0.15454865136371831,0.9375061074679758,-3.862642511058556e-05,-0.09526911737661027,0.09526070400379898
97.80000000000001,1.1393465877496736,1.006397717584805,0.039400633442157454,0.009939649819437974,0.09526917106491346,0.09526917106491346,0.12903225806451601,0.870967741935484,0.032258064516129004,9.683472808017754,0.00011358064928353706,0.8785032939389897,0.04791349384872902,1.8362574988352538,0.15454857153652174,0.9375070344150981,-3.7726421819414546e-05,-0.09526906872375339,0.09526085109552015
98.0,1.139354044785398,1.0063993621449663,0.03940053571834907,0.009939629590330464,0.09526912115460422,0.09526912115460422,0.12903225806451601,0.870967741935484,0.032258064516129004,9.683500809953872,0.00011358060814095148,0.8785082254418252,0.04791344566599379,1.8362609595784019,0.15454849355274913,0.9375079397522426,-3.6847389626878946e-05,-0.09526902119535079,0.09526099476391595
98.2,1.1393613280709742,1.0064009684409236,0.03940044027146791,0.009939609832044744,0.09526907239834795,0.09526907239834795,0.12903225806451601,0.870967741935484,0.032258064516129004,9.683528159517172,0.00011358056794875861,0.8785130419988586,0.04791339859618457,1.8362643396448854,0.15454841737020963,0.9375088239834958,-3.598883984358425e-05,-0.0952689747656224,0.09526113508857223
98.4,1.1393684416549659,1.0064025373617722,0.0394003470484616,0.009939590533634083,0.0952690247696618,0.0952690247696618,0.12903225806451601,0.870967741935484,0.032258064516129004,9.683554871905148,0.00011358052868519293,0.8785177462903371,0.047913352613817906,1.8362676409164362,0.15454834294766084,0.9375096876011723,-3.5150295168442924e-05,-0.09526892940937046,0.09526127214722875
98.60000000000001,1.1393753894915952,1.0064040697760044,0.03940025599751386,0.009939571684405735,0.09526897824266181,0.09526897824266181,0.12903225806451601,0.870967741935484,0.032258064516129004,9.683580961961262,0.00011358049032897749,0.8785223409339653,0.0479133076939821,1.8362708652308495,0.15454827024478568,0.9375105310860903,-3.4331289430450385e-05,-0.09526888510196568,0.09526140601582149
98.80000000000001,1.139382175442938,1.0064055665319847,0.039400167068015766,0.009939553273915094,0.09526893279204891,0.09526893279204891,0.12903225806451601,0.870967741935484,0.032258064516129004,9.683606444183221,0.0001135804528593165,0.8785268284863632,0.04791326381232873,1.8362740143830114,0.15454819922217852,0.9375113549078404,-3.3531367313030525e-05,-0.09526884181933667,0.09526153676852461
99.0,1.1393888032810748,1.0064070284584123,0.03940008021053772,0.009939535291959924,0.09526888839309677,0.09526888839309677,0.12903225806451601,0.870967741935484,0.032258064516129004,9.683631332731071,0.0001135804162558807,0.8785312114444965,0.047913220945055304,1.8362770901259062,0.15454812984131727,0.9375121595250483,-3.275008412251257e-05,-0.0952687995379528,0.0952616644777911
99.2,1.1393952766901865,1.0064084563647757,0.03939999537680178,0.009939517728574784,0.0952688450216386,0.09526884502163861,0.12903225806451601,0.870967741935484,0.032258064516129004,9.683655641435031,0.00011358038049880157,0.8785354922470701,0.047913179068898686,1.836280094171591,0.15454806206455263,0.9375129453856317,-3.1987005519373835e-05,-0.09526875823481915,0.09526178921439243
99.4,1.139401599268603,1.0064098510417965,0.03939991251965495,0.009939500574025513,0.09526880265405509,0.09526880265405509,0.12903225806451601,0.870967741935484,0.032258064516129004,9.68367938380315,0.00011358034556865676,0.8785396732758879,0.04791313816111797,1.836283028192158,0.15454799585508036,0.9375137129270504,-3.1241707294418775e-05,-0.09526871788745898,0.09526191104745757
99.60000000000001,1.139407774530804,1.0064112132618603,0.039399831593042965,0.009939483818803965,0.09526876126726319,0.0952687612672632,0.12903225806451601,0.870967741935484,0.032258064516129004,9.68370257302889,0.00011358031144646438,0.8785437568571836,0.04791309819948776,1.8362858938206654,0.15454793117693064,0.9375144625765522,-3.0513775121976394e-05,-0.0952686784739049,0.09526203004451095
99.80000000000001,1.1394138059093735,1.006412543779442,0.03939975255198452,0.009939467453622668,0.09526872083870298,0.09526872083870298,0.12903225806451601,0.870967741935484,0.032258064516129004,9.683725221998332,0.0001135802781136717,0.8785477452629181,0.047913059162285054,1.8362886926520539,0.15454786799494646,0.9375151947514092,-2.980280432957061e-05,-0.09526863997268896,0.09526214627150939
100.0,1.1394196967569095,1.0064138433315177,0.03939967535254652,0.009939451469409801,0.09526868134632682,0.09526868134632682,0.12903225806451601,0.870967741935484,0.032258064516129004,9.683747343297451,0.00011358024555214416,0.8785516407120493,0.04791302102827635,1.836291426244034,0.15454780627476314,0.9375159098591539,-2.910839968234269e-05,-0.09526860236282796,0.09526225979287867
100.2,1.1394254503478858,1.0064151126379697,0.039399599951819395,0.009939435857304203,0.09526864276858867,0.09526864276858867,0.12903225806451601,0.870967741935484,0.032258064516129004,9.683768949219003,0.00011358021374416013,0.8785554453717667,0.04791298377671145,1.8362940961179604,0.15454774598279797,0.9375166082978055,-2.8430175148211334e-05,-0.09526856562381864,0.09526237067154865
100.4,1.1394310698804737,1.0064163524019805,0.03939952630789368,0.00993942060865043,0.09526860508443026,0.09526860508443027,0.12903225806451601,0.870967741935484,0.032258064516129004,9.683790051769426,0.00011358018267239756,0.8785591613587045,0.047912947387307905,1.8362967037596787,0.15454768708622535,0.9375172904560926,-2.7767753698490494e-05,-0.0952685297356177,0.09526247896898804
100.60000000000001,1.139436558478321,1.0064175633104187,0.03939945437983603,0.009939405714994064,0.09526856827327439,0.0952685682732744,0.12903225806451601,0.870967741935484,0.032258064516129004,9.68381066267554,0.00011358015231992758,0.8785627907401196,0.04791291184024356,1.8362992506203601,0.15454762955296455,0.9375179567136706,-2.712076709039668e-05,-0.09526849467864218,0.09526258474523813
100.80000000000001,1.1394419191922889,1.006418746034217,0.03939938412766714,0.009939391168077079,0.09526853231501203,0.09526853231501203,0.12903225806451601,0.870967741935484,0.032258064516129004,9.683830793390884,0.00011358012267020693,0.8785663355350459,0.04791287711614759,1.8363017381173061,0.15454757335166514,0.9375186074413336,-2.6488855656314758e-05,-0.09526846043375331,0.09526268805894592
101.0,1.1394471550021454,1.0064199012287383,0.03939931551233916,0.009939376959833183,0.09526849718999104,0.09526849718999104,0.12903225806451601,0.870967741935484,0.032258064516129004,9.683850455102306,0.00011358009370706487,0.8785697977154213,0.04791284319608531,1.8363041676347445,0.15454751845168263,0.9375192430012222,-2.5871668121443814e-05,-0.09526842698224572,0.09526278896739636
101.2,1.1394522688182263,1.0064210295341374,0.03939924849571405,0.009939363082383466,0.0952684628790067,0.0952684628790067,0.12903225806451601,0.870967741935484,0.032258064516129004,9.68386965873601,0.00011358006541470126,0.8785731792071851,0.04791281006155582,1.8363065405245995,0.1545474648230745,0.9375198637470248,-2.5268861386443242e-05,-0.09526839430584177,0.09526288752654383
101.4,1.1394572634830507,1.0064221315757116,0.0393991830405424,0.00993934952803206,0.09526842936329351,0.09526842936329352,0.12903225806451601,0.870967741935484,0.032258064516129004,9.683888414963711,0.00011358003777767241,0.8785764818913558,0.04791277769447553,1.8363088581072518,0.1545474124365735,0.9375204700241757,-2.4680100356999635e-05,-0.09526836238668032,0.09526298379104298
101.60000000000001,1.1394621417729003,1.0064232079642443,0.03939911911044266,0.00993933628926189,0.09526839662451381,0.09526839662451382,0.12903225806451601,0.870967741935484,0.032258064516129004,9.683906734208518,0.0001135800107808888,0.878579707605076,0.04791274607717547,1.8363111216722676,0.1545473612635835,0.9375210621700487,-2.4105057737339175e-05,-0.09526833120730699,0.09526307781427887
101.80000000000001,1.1394669063993672,1.0064242592963415,0.03939905666988118,0.009939323358730488,0.09526836464474703,0.09526836464474704,0.12903225806451601,0.870967741935484,0.032258064516129004,9.683924626650741,0.00011357998440960084,0.8785828581426403,0.04791271519238453,1.836313332479127,0.15454731127615218,0.937521640514144,-2.3543413871923713e-05,-0.0952683007506639,0.09526316964839635
102.0,1.1394715600108571,1.0064252861547578,0.03939899568415207,0.009939310729265993,0.09526833340648279,0.09526833340648279,0.12903225806451601,0.870967741935484,0.032258064516129004,9.683942102233575,0.00011357995864939675,0.8785859352564931,0.04791268502322722,1.8363154917579214,0.15454726244696748,0.9375222053782738,-2.2994856546651454e-05,-0.0952682710000834,0.09526325934432876
102.2,1.1394761051940645,1.0064262891087188,0.03939893611935808,0.009939298393863219,0.09526830289261089,0.09526830289261089,0.12903225806451601,0.870967741935484,0.032258064516129004,9.683959170668539,0.00011357993348619426,0.8785889406582077,0.04791265555321369,1.8363176007100424,0.1545472147493414,0.937522757076741,-2.2459080819506316e-05,-0.0952682419392804,0.09526334695182603
102.4,1.1394805444754097,1.0064272687142333,0.03939887794239201,0.009939286345679721,0.09526827308641085,0.09526827308641085,0.12903225806451601,0.870967741935484,0.032258064516129004,9.683975841440953,0.00011357990890622987,0.8785918760194389,0.04791262676622726,1.8363196605088516,0.15454716815718997,0.9375232959165143,-2.1935788863239325e-05,-0.09526821355233717,0.09526343251948208
102.60000000000001,1.1394848803224424,1.0064282255143988,0.03939882112091771,0.009939274578032082,0.09526824397154637,0.09526824397154637,0.12903225806451601,0.870967741935484,0.032258064516129004,9.683992123815214,0.00011357988489605392,0.8785947429728561,0.0479125986465188,1.836321672300338,0.15454712264502396,0.937523822197401,-2.142468979150769e-05,-0.09526818582370378,0.09526351609476162
102.80000000000001,1.1394891151452176,1.0064291600397008,0.03939876562335272,0.009939263084392235,0.09526821553205374,0.09526821553205375,0.12903225806451601,0.870967741935484,0.032258064516129004,9.684008026839825,0.00011357986144252643,0.8785975431130524,0.04791257117870159,1.836323637203752,0.15454707818794067,0.9375243362122135,-2.0925499484764076e-05,-0.09526815873818434,0.09526359772402637
103.0,1.1394932512976303,1.0064300728083047,0.03939871141885047,0.009939251858383786,0.09526818775233412,0.09526818775233412,0.12903225806451601,0.870967741935484,0.032258064516129004,9.684023559352577,0.00011357983853280452,0.8786002779974347,0.047912544347736806,1.8363255563122352,0.15454703476160045,0.9375248382469314,-2.0437940457349035e-05,-0.09526813228092892,0.09526367745256059
103.2,1.1394972910787267,1.0064309643263403,0.03939865847728292,0.00993924089377856,0.09526816061714638,0.0952681606171464,0.12903225806451601,0.870967741935484,0.032258064516129004,9.684038729985366,0.00011357981615433937,0.8786029491470894,0.04791251813892992,1.836327430693428,0.1545469923422208,0.9375253285808642,-1.996174168629461e-05,-0.09526810643742976,0.09526375532459591
103.4,1.1395012367339834,1.0064318350881818,0.039398606769224166,0.009939230184493185,0.09526813411159882,0.09526813411159882,0.12903225806451601,0.870967741935484,0.032258064516129004,9.684053547168968,0.00011357979429487032,0.8786055580476327,0.04791249253792369,1.836329261390066,0.15454695090656514,0.937525807486804,-1.9496638458432747e-05,-0.09526808119351027,0.0952638313833361
103.60000000000001,1.1395050904565538,1.0064326855767194,0.03939855626593397,0.009939219724585667,0.09526810822114004,0.09526810822114004,0.12903225806451601,0.870967741935484,0.032258064516129004,9.68406801913779,0.00011357977294241507,0.8786081061500375,0.047912467530686884,1.8363310494205591,0.15454691043192448,0.9375262752311799,-1.904237223820937e-05,-0.09526805653531718,0.09526390567098045
103.80000000000001,1.1395088543884888,1.0064335162636242,0.03939850693934157,0.009939209508252158,0.09526808293155334,0.09526808293155335,0.12903225806451601,0.870967741935484,0.032258064516129004,9.684082153934462,0.00011357975208526623,0.8786105948714408,0.047912443103510026,1.836332795779564,0.15454687089611052,0.9375267320742051,-1.859869051079599e-05,-0.09526803244931695,0.09526397822874744
104.0,1.1395125306219265,1.00643432760961,0.03939845876203031,0.00993919952982373,0.09526805822894727,0.09526805822894727,0.12903225806451601,0.870967741935484,0.032258064516129004,9.684095959414153,0.00011357973171198545,0.878613025595935,0.047912419242998674,1.836334501438536,0.15454683227744487,0.9375271782700233,-1.8165346641133007e-05,-0.09526800892228524,0.09526404909689735
104.2,1.1395161212002554,1.0064351200646862,0.03939841170722259,0.009939189783763255,0.09526803409974842,0.09526803409974842,0.12903225806451601,0.870967741935484,0.032258064516129004,9.684109443249113,0.00011357971181139416,0.8786153996753383,0.04791239593606256,1.8363361673462701,0.15454679455474132,0.9375276140668496,-1.7742099749751272e-05,-0.0952679859412988,0.09526411831475441
104.4,1.1395196281192528,1.0064358940684048,0.03939836574876434,0.009939180264662341,0.09526801053069611,0.09526801053069611,0.12903225806451601,0.870967741935484,0.032258064516129004,9.684122612932885,0.00011357969237257047,0.878617718429948,0.04791237316991189,1.8363377944294328,0.15454675770730006,0.9375280397071096,-1.7328714567443892e-05,-0.09526796349373413,0.0952641859207286
104.60000000000001,1.1395230533281893,1.0064366500501056,0.03939832086111108,0.009939170967238366,0.09526798750883368,0.09526798750883368,0.12903225806451601,0.870967741935484,0.032258064516129004,9.684135475784366,0.00011357967338484505,0.8786199831492756,0.047912350932052636,1.8363393835930757,0.15454672171489983,0.9375284554275741,-1.6924961300471275e-05,-0.0952679415672563,0.0952642519523369
104.80000000000001,1.1395263987309183,1.0064373884291493,0.03939827701931358,0.00993916188633154,0.09526796502150203,0.09526796502150203,0.12903225806451601,0.870967741935484,0.032258064516129004,9.68414803895201,0.00011357965483778853,0.8786221950927661,0.04791232921027168,1.8363409357211433,0.15454668655777412,0.9375288614594913,-1.653061552447932e-05,-0.09526792014981122,0.09526431644622385
105.0,1.139529666186931,1.006438109615152,0.039398234199003776,0.009939153016902012,0.09526794305633188,0.09526794305633188,0.12903225806451601,0.870967741935484,0.032258064516129004,9.684160309417722,0.00011357963672121531,0.8786243554904984,0.047912307992641325,1.836342451676963,0.15454665221661823,0.9375292580287149,-1.614545802909595e-05,-0.09526789922962459,0.09526437943818201
105.2,1.1395328575123898,1.0064388140082083,0.03939819237638144,0.009939144354027183,0.09526792160123944,0.09526792160123944,0.12903225806451601,0.870967741935484,0.032258064516129004,9.684172294000767,0.00011357961902517062,0.8786264655438718,0.04791228726750415,1.8363439323037285,0.15454661867256497,0.937529645355833,-1.576927472171641e-05,-0.09526787879519176,0.09526444096317155
105.4,1.1395359744811397,1.0064395019991144,0.03939815152820091,0.009939135892898951,0.09526790064441909,0.0952679006444191,0.12903225806451601,0.870967741935484,0.032258064516129004,9.684183999361542,0.00011357960173992906,0.8786285264262744,0.047912267023471324,1.83634537842497,0.1545465859071818,0.9375300236562869,-1.5401856497870847e-05,-0.09526785883527118,0.09526450105533968
105.60000000000001,1.1395390188256938,1.006440173969583,0.039398111631758194,0.009939127628820961,0.09526788017433485,0.09526788017433485,0.12903225806451601,0.870967741935484,0.032258064516129004,9.68419543200525,0.00011357958485598808,0.8786305392837357,0.047912247249414855,1.8363467908450084,0.1545465539024583,0.9375303931404945,-1.5042999122916179e-05,-0.09526783933887978,0.0952645597480395
105.80000000000001,1.1395419922381953,1.0064408302924526,0.03939807266487804,0.009939119557206139,0.09526786017971761,0.09526786017971761,0.12903225806451601,0.870967741935484,0.032258064516129004,9.68420659828565,0.00011357956836406483,0.8786325052355671,0.0479122279344641,1.8363481703494118,0.15454652264080057,0.9375307540139657,-1.4692503119889677e-05,-0.0952678202952907,0.09526461707384833
106.0,1.1395448963713606,1.0064414713318954,0.03939803460590235,0.009939111673574082,0.0952678406495566,0.0952678406495566,0.12903225806451601,0.870967741935484,0.032258064516129004,9.684217504408334,0.00011357955225508643,0.8786344253749839,0.04791220906799421,1.8363495177054263,0.15454649210501256,0.9375311064774179,-1.4350173668520316e-05,-0.09526780169401637,0.09526467306458589
106.2,1.1395477328393961,1.0064420974436166,0.039397997433677084,0.009939103973548611,0.09526782157309568,0.09526782157309568,0.12903225806451601,0.870967741935484,0.032258064516129004,9.68422815643447,0.00011357953652019286,0.8786363007697136,0.047912190639629565,1.8363508336624064,0.15454646227830146,0.9375314507268877,-1.4015820475513086e-05,-0.09526778352481931,0.09526472775133178
106.4,1.1395505032188946,1.0064427089750523,0.03939796112754158,0.009939096452855343,0.09526780293982531,0.09526780293982533,0.12903225806451601,0.870967741935484,0.032258064516129004,9.684238560283907,0.00011357952115072401,0.8786381324625908,0.04791217263922865,1.8363521189522334,0.15454643314425348,0.93753178695384,-1.368925769387741e-05,-0.09526776577769053,0.09526478116444269
106.60000000000001,1.1395532090497162,1.0064433062655598,0.0393979256673163,0.009939089107319306,0.09526778473947828,0.09526778473947829,0.12903225806451601,0.870967741935484,0.032258064516129004,9.684248721738664,0.00011357950613822061,0.8786399214721395,0.047912155056885126,1.8363533742897213,0.15454640468683534,0.9375321153452747,-1.3370303800885885e-05,-0.09526774844285466,0.09526483333356921
106.80000000000001,1.1395558518358389,1.0064438896466068,0.03939789103329192,0.009939081932862644,0.09526776696202365,0.09526776696202365,0.12903225806451601,0.870967741935484,0.032258064516129004,9.684258646446004,0.00011357949147441815,0.8786416687931379,0.04791213788292063,1.8363546003730165,0.1545463768903828,0.9375324360838313,-1.3058781503205719e-05,-0.09526773151076144,0.09526488428767217
107.0,1.1395584330461976,1.0064444594419524,0.03939785720621841,0.009939074925502387,0.09526774959766204,0.09526774959766204,0.12903225806451601,0.870967741935484,0.032258064516129004,9.684268339921683,0.00011357947715124151,0.8786433753971733,0.047912121107878645,1.8363557978839866,0.15454634973959055,0.9375327493478899,-1.2754517642682428e-05,-0.09526771497207957,0.09526493405503872
107.2,1.1395609541155014,1.006445015967828,0.0393978241672942,0.009939068081348224,0.09526773263681988,0.09526773263681988,0.12903225806451601,0.870967741935484,0.032258064516129004,9.684277807552895,0.00011357946316080214,0.8786450422331835,0.04791210472252106,1.8363569674885982,0.15454632321950693,0.9375330553116712,-1.2457343092131534e-05,-0.09526769881769387,0.09526498266329791
107.4,1.1395634164450283,1.0064455595331103,0.039397791898155794,0.009939061396600325,0.09526771607014393,0.09526771607014393,0.12903225806451601,0.870967741935484,0.032258064516129004,9.684287054601379,0.00011357944949539234,0.8786466702279848,0.04791208871782155,1.836358109837291,0.15454629731552286,0.9375333541453338,-1.2167092668505242e-05,-0.0952676830386981,0.09526503013943612
107.60000000000001,1.1395658214034068,1.0064460904394938,0.03939776038086761,0.009939054867547292,0.09526769988849683,0.09526769988849683,0.12903225806451601,0.870967741935484,0.032258064516129004,9.68429608620627,0.00011357943614748243,0.8786482602867868,0.04791207308496225,1.8363592255653383,0.15454627201336676,0.9375336460150681,-1.1883605035664657e-05,-0.09526766762639143,0.09526507650981175
107.80000000000001,1.1395681703273755,1.0064466089816562,0.039397729597911955,0.009939048490564074,0.09526768408295194,0.09526768408295194,0.12903225806451601,0.870967741935484,0.032258064516129004,9.684304907386982,0.0001135794231097165,0.8786498132936984,0.04791205781532873,1.8363603152932029,0.15454624729909625,0.9375339310831899,-1.1606722616019916e-05,-0.09526765257227475,0.09526512180017006
108.0,1.139570464522527,1.0064471154474204,0.03939769953217918,0.009939042262109968,0.0952676686447893,0.09526766864478932,0.12903225806451601,0.870967741935484,0.032258064516129004,9.68431352304601,0.0001135794103749068,0.8786513301122182,0.047912042900503514,1.8363613796268792,0.15454622315908773,0.93753420950823,-1.1336291509456142e-05,-0.09526763786804347,0.09526516603565728
108.2,1.1395727052640314,1.0064476101179174,0.03939767016695847,0.009939036178726634,0.09526765356548841,0.09526765356548843,0.12903225806451601,0.870967741935484,0.032258064516129004,9.684321937971575,0.00011357939793603344,0.8786528115857163,0.04791202833226566,1.8363624191582328,0.15454619958003568,0.9375344814450228,-1.1072161392344793e-05,-0.09526762350558579,0.0952652092408345
108.4,1.1395748937973493,1.0064480932677367,0.039397641485928156,0.009939030237036238,0.09526763883672791,0.09526763883672791,0.12903225806451601,0.870967741935484,0.032258064516129004,9.68433015684046,0.00011357938578623571,0.8786542585379034,0.04791201410258064,1.836363434465331,0.15454617654893626,0.9375347470447934,-1.081418545431645e-05,-0.09526760947697713,0.09526525143969142
108.60000000000001,1.1395770313389189,1.0064485651650823,0.039397613473147075,0.009939024433739502,0.095267624450376,0.095267624450376,0.12903225806451601,0.870967741935484,0.032258064516129004,9.68433818422034,0.00011357937391881332,0.8786556717732886,0.047912000203601736,1.8363644261127632,0.1545461540530896,0.9375350064552399,-1.0562220297632985e-05,-0.09526759577447397,0.0952652926556594
108.80000000000001,1.1395791190768376,1.0064490260719183,0.03939758611304539,0.009939018765613952,0.09526761039848956,0.09526761039848958,0.12903225806451601,0.870967741935484,0.032258064516129004,9.684346024572632,0.00011357936232721942,0.8786570520776288,0.04791198662766195,1.8363653946519563,0.15454613208008672,0.9375352598206173,-1.0316125870393766e-05,-0.09526758239051336,0.09526533291162465
109.0,1.1395811581715176,1.0064494762441158,0.03939755939041595,0.00993901322951212,0.09526759667331047,0.09526759667331047,0.12903225806451601,0.870967741935484,0.032258064516129004,9.684353682254725,0.00011357935100505805,0.8786584002183642,0.047911973367270946,1.8363663406214805,0.15454611061780452,0.9375355072818172,-1.0075765384018331e-05,-0.09526756931770686,0.09526537222994075
109.2,1.139583149756335,1.006449915931593,0.03939753329040604,0.00993900782235976,0.0952675832672582,0.0952675832672582,0.12903225806451601,0.870967741935484,0.032258064516129004,9.684361161522462,0.00011357933994608203,0.878659716945047,0.04791196041511263,1.8363672645473508,0.15454608965440192,0.9375357489764473,-9.841005233796052e-06,-0.09526755654883601,0.09526541063244115
109.4,1.1395850949382555,1.0064503453784541,0.03939750779850905,0.00993900254115415,0.0952675701729266,0.0952675701729266,0.12903225806451601,0.870967741935484,0.032258064516129004,9.684368466532636,0.0001135793291441871,0.8786610029897567,0.04791194776403823,1.836368166943319,0.15454606917830868,0.9375359850389052,-9.61171493153723e-06,-0.0952675440768489,0.0952654481404512
109.60000000000001,1.139586994798456,1.006450764823124,0.039397482900556155,0.00993899738296249,0.09526755738308314,0.09526755738308314,0.12903225806451601,0.870967741935484,0.032258064516129004,9.684375601345172,0.00011357931859340978,0.8786622590675102,0.04791193540706385,1.83636904831116,0.15454604917822135,0.9375362156004573,-9.38776703109101e-06,-0.09526753189485743,0.09526548477479992
109.80000000000001,1.1395888503929181,1.0064511744984808,0.039397458582708864,0.009938992344920225,0.09526754489066078,0.09526754489066078,0.12903225806451601,0.870967741935484,0.032258064516129004,9.6843825699253,0.00011357930828792612,0.8786634858766569,0.047911923337369,1.83636990914095,0.154546029643101,0.9375364407893083,-9.169037049602813e-06,-0.09526751999613223,0.09526552055583154
110.0,1.1395906627530208,1.0064515746319842,0.03939743483145107,0.009938987424229455,0.09526753268875605,0.09526753268875605,0.12903225806451601,0.870967741935484,0.032258064516129004,9.684389376146022,0.00011357929822204456,0.8786646840992693,0.04791191154828818,1.8363707499113429,0.15454601056215947,0.9375366607306752,-8.955403411489704e-06,-0.09526750837409939,0.09526555550341693
110.2,1.1395924328861116,1.0064519654458015,0.039397411633581576,0.009938982618157406,0.09526752077062488,0.09526752077062489,0.12903225806451601,0.870967741935484,0.032258064516129004,9.684396023790029,0.00011357928839020643,0.8786658544015215,0.047911900033311576,1.8363715710898307,0.15454599192486065,0.9375368755468543,-8.746747369309249e-06,-0.09526749702233667,0.09526558963696441
110.4,1.1395941617760659,1.0064523471569307,0.03939738897620675,0.009938977924034914,0.09526750912967973,0.09526750912967973,0.12903225806451601,0.870967741935484,0.032258064516129004,9.684402516551886,0.00011357927878698111,0.8786669974340607,0.04791188878607924,1.836372373133012,0.15454597372091095,0.9375370853572922,-8.542952943571547e-06,-0.09526748593457084,0.09526562297543056
110.60000000000001,1.1395958503838353,1.0064527199773199,0.039397366846733346,0.009938973339254961,0.09526749775948619,0.09526749775948619,0.12903225806451601,0.870967741935484,0.032258064516129004,9.684408858040113,0.0001135792694070624,0.8786681138323684,0.04791187780037698,1.8363731564868357,0.15454595594025267,0.9375372902786508,-8.343906862745554e-06,-0.09526747510467395,0.09526565553733071
110.80000000000001,1.1395974996479814,1.006453084113987,0.03939734523286159,0.009938968861271177,0.09526748665375702,0.09526748665375702,0.12903225806451601,0.870967741935484,0.032258064516129004,9.684415051779114,0.00011357926024526925,0.8786692042171147,0.04791186707013713,1.8363739215868615,0.15454593857306528,0.9375374904248721,-8.149498483628337e-06,-0.09526746452665905,0.0952656873407494
111.0,1.1395991104851957,1.0064534397691305,0.039397324122578355,0.009938964487596447,0.09526747580635063,0.09526747580635063,0.12903225806451601,0.870967741935484,0.032258064516129004,9.684421101211242,0.00011357925129653693,0.8786702691945032,0.047911856589428224,1.836374668858491,0.1545459216097487,0.9375376859072415,-7.959619754693836e-06,-0.09526745419467708,0.09526571840335003
111.2,1.1396006837908141,1.0064537871402446,0.039397303504150175,0.009938960215801604,0.09526746521126889,0.09526746521126889,0.12903225806451601,0.870967741935484,0.032258064516129004,9.684427009698627,0.00011357924255592134,0.8786713093566082,0.04791184635246013,1.8363753987172111,0.15454590504093152,0.9375378768344514,-7.774165129634247e-06,-0.09526744410301696,0.0952657487423849
111.4,1.1396022204393066,1.0064541264202276,0.03939728336611721,0.009938956043514042,0.09526745486265278,0.09526745486265278,0.12903225806451601,0.870967741935484,0.032258064516129004,9.684432780525057,0.00011357923401859098,0.8786723252817052,0.047911836353574495,1.836376111568825,0.1545458888574557,0.9375380633126595,-7.593031526434424e-06,-0.09526743424609808,0.09526577837470482
111.60000000000001,1.1396037212847716,1.0064544577974879,0.039397263697286626,0.009938951968416286,0.09526744475477625,0.09526744475477625,0.12903225806451601,0.870967741935484,0.032258064516129004,9.684438416897754,0.00011357922567982538,0.8786733175345909,0.04791182658724303,1.836376807809675,0.1545458730503737,0.937538245445549,-7.416118267850047e-06,-0.09526742461846709,0.09526580731676826
111.80000000000001,1.1396051871614057,1.0064547814560505,0.03939724448672615,0.00993894798824487,0.09526743488204766,0.09526743488204766,0.12903225806451601,0.870967741935484,0.032258064516129004,9.68444392194941,0.00011357921753501479,0.8786742866668986,0.0479118170480671,1.8363774878268646,0.15454585761094775,0.9375384233343868,-7.243327019637591e-06,-0.09526741521480035,0.09526583558465056
112.0,1.1396066188839689,1.006455097575656,0.0393972257237584,0.009938944100789049,0.09526742523900592,0.09526742523900592,0.12903225806451601,0.870967741935484,0.032258064516129004,9.684449298739528,0.00011357920957965533,0.8786752332174059,0.047911807730772055,1.8363781519984743,0.15454584253064077,0.9375385970780784,-7.074561738235063e-06,-0.09526740602989599,0.09526586319405284
112.2,1.1396080172482366,1.0064554063318627,0.03939720739795483,0.009938940303889515,0.09526741582031452,0.09526741582031452,0.12903225806451601,0.870967741935484,0.032258064516129004,9.684454550256417,0.00011357920180934773,0.8786761577123317,0.04791179863020571,1.836378800693774,0.15454582780111395,0.9375387667732243,-6.909728617790489e-06,-0.09526739705867171,0.09526589016031084
112.4,1.1396093830314438,1.0064557078961427,0.03939718949912971,0.009938936595437198,0.09526740662076104,0.09526740662076104,0.12903225806451601,0.870967741935484,0.032258064516129004,9.684459679418797,0.00011357919421979422,0.8786770606656317,0.04791178974133479,1.8363794342734234,0.15454581341422086,0.937538932514174,-6.748736040895764e-06,-0.09526738829616438,0.09526591649840303
112.60000000000001,1.1396107169927154,1.0064560024359765,0.039397172017334794,0.00993893297337216,0.09526739763525356,0.09526739763525356,0.12903225806451601,0.870967741935484,0.032258064516129004,9.684464689077313,0.00011357918680679638,0.8786779425792833,0.047911781059242355,1.8363800530896768,0.1545457993620034,0.9375390943930764,-6.591494522242836e-06,-0.09526737973752335,0.09526594222295945
112.80000000000001,1.139612019873489,1.0064562901149465,0.03939715494285336,0.009938929435682439,0.09526738885882027,0.09526738885882029,0.12903225806451601,0.870967741935484,0.032258064516129004,9.684469582016286,0.00011357917956625335,0.8786788039435645,0.047911772579125676,1.8363806574865784,0.15454578563668833,0.9375392524999332,-6.4379166645894825e-06,-0.09526737137801566,0.09526596734826931
113.0,1.1396132923979263,1.0064565710928286,0.039397138266195494,0.00993892598040288,0.09526738028660121,0.09526738028660121,0.12903225806451601,0.870967741935484,0.032258064516129004,9.684474360955022,0.00011357917249415967,0.8786796452373271,0.047911764296293805,1.836381247800152,0.15454577223068325,0.937539406922648,-6.287917101374663e-06,-0.09526736321301105,0.09526599188828933
113.2,1.1396145352733167,1.0064568455256784,0.03939712197809205,0.009938922605614091,0.09526737191385111,0.09526737191385111,0.12903225806451601,0.870967741935484,0.032258064516129004,9.684479028549688,0.00011357916558660156,0.8786804669282624,0.04791175620616312,1.836381824358591,0.15454575913656954,0.9375395577470763,-6.14141246103872e-06,-0.09526735523799126,0.09526601585665118
113.4,1.1396157491904697,1.006457113565919,0.03939710606948983,0.009938919309441392,0.09526736373593574,0.09526736373593574,0.12903225806451601,0.870967741935484,0.032258064516129004,9.684483587394379,0.00011357915883975674,0.8786812694731629,0.04791174830425716,1.8363823874824385,0.15454574634710197,0.937539705057071,-5.998321312331023e-06,-0.09526734744854307,0.09526603926666921
113.60000000000001,1.1396169348240983,1.006457375362426,0.03939709053154696,0.009938916090053707,0.09526735574832514,0.09526735574832514,0.12903225806451601,0.870967741935484,0.032258064516129004,9.684488040022789,0.00011357915224989064,0.8786820533181745,0.04791174058620218,1.8363829374847658,0.15454573385520165,0.937539848934532,-5.858564121455356e-06,-0.09526733984035075,0.09526606213134782
113.80000000000001,1.1396180928331963,1.0064576310606097,0.039397075355627156,0.009938912945662608,0.09526734794659622,0.09526734794659622,0.12903225806451601,0.870967741935484,0.032258064516129004,9.684492388909698,0.00011357914581335665,0.8786828188990461,0.04791173304772743,1.8363834746713488,0.15454572165395625,0.9375399894594493,-5.722063207161399e-06,-0.09526733240920378,0.09526608446338848
114.0,1.1396192238614011,1.0064578808024942,0.039397060533295516,0.009938909874521345,0.0952673403264296,0.0952673403264296,0.12903225806451601,0.870967741935484,0.032258064516129004,9.684496636472096,0.00011357913952659117,0.8786835666413707,0.04791172568465942,1.8363839993408344,0.15454570973661094,0.9375401267099487,-5.588742698847682e-06,-0.0952673251509874,0.09526610627519708
114.2,1.1396203285373558,1.0064581247267983,0.039397046056313716,0.009938906874923789,0.09526733288360381,0.09526733288360383,0.12903225806451601,0.870967741935484,0.032258064516129004,9.684500785070693,0.00011357913338611405,0.878684296960824,0.04791171849292234,1.8363845117849122,0.15454569809656896,0.9375402607623359,-5.45852849372086e-06,-0.09526731806168157,0.09526612757889064
114.4,1.1396214074750544,1.0064583629690111,0.03939703191663528,0.009938903945203558,0.09526732561399652,0.09526732561399652,0.12903225806451601,0.870967741935484,0.032258064516129004,9.684504837011254,0.0001135791273885258,0.8786850102633939,0.04791171146853484,1.8363850122884697,0.15454568672738642,0.9375403916911365,-5.331348215315002e-06,-0.0952673111373603,0.0952661483863039
114.60000000000001,1.1396224612741852,1.006458595661468,0.039397018106401296,0.009938901083733086,0.09526731851358122,0.09526731851358122,0.12903225806451601,0.870967741935484,0.032258064516129004,9.684508794545778,0.0001135791215305046,0.8786857069456061,0.047911704607606555,1.8363855011297572,0.15454567562276678,0.9375405195691409,-5.207131175813395e-06,-0.09526730437418825,0.09526616870899629
114.80000000000001,1.1396234905204643,1.006458822933423,0.03939700461793593,0.009938898288922663,0.0952673115784235,0.09526731157842351,0.12903225806451601,0.870967741935484,0.032258064516129004,9.684512659873759,0.00011357911580880762,0.8786863873947465,0.04791169790633962,1.8363859785805383,0.15454566477656306,0.9375406444674413,-5.085808329863273e-06,-0.09526729776841845,0.09526618855825783
115.0,1.1396244957859616,1.0064590449111208,0.03939699144374218,0.009938895559219639,0.0952673048046816,0.0952673048046816,0.12903225806451601,0.870967741935484,0.032258064516129004,9.684516435143571,0.00011357911022026537,0.8786870519890754,0.04791169136102205,1.8363864449062448,0.1545456541827674,0.9375407664554744,-4.967312244932853e-06,-0.09526729131639251,0.09526620794511581
115.2,1.1396254776294164,1.0064592617178678,0.03939697857649761,0.009938892893107504,0.095267298188603,0.095267298188603,0.12903225806451601,0.870967741935484,0.032258064516129004,9.684520122453401,0.00011357910476178313,0.8786877010980375,0.04791168496802941,1.83638690036612,0.15454564383551353,0.9375408856010573,-4.851577057388146e-06,-0.09526728501453677,0.0952662268803407
115.4,1.13962643659655,1.0064594734740988,0.03939696600905077,0.00993889028910506,0.09526729172652067,0.09526729172652067,0.12903225806451601,0.870967741935484,0.032258064516129004,9.6845237238526,0.00011357909943033741,0.8786883350824679,0.04791167872382071,1.836387345213366,0.15454563372907038,0.9375410019704277,-4.7385384386450236e-06,-0.09526727885935726,0.09526624537445216
115.60000000000001,1.139627373220369,1.0064596802974441,0.03939695373441638,0.009938887745765576,0.09526728541485369,0.09526728541485369,0.12903225806451601,0.870967741935484,0.032258064516129004,9.684527241342819,0.0001135790942229743,0.8786889542947931,0.04791167262493645,1.836387779695285,0.15454562385783865,0.9375411156282788,-4.628133562556425e-06,-0.09526727284744463,0.09526626343772494
115.80000000000001,1.139628288021461,1.006459882302797,0.03939694174577206,0.009938885261676054,0.09526727925010514,0.09526727925010514,0.12903225806451601,0.870967741935484,0.032258064516129004,9.68453067687902,0.00011357908913681007,0.8786895590792267,0.04791166666799928,1.8363882040534143,0.15454561421635202,0.9375412266377963,-4.520301058921761e-06,-0.0952672669754689,0.09526628108019441
116.0,1.139629181508283,1.0064600796023744,0.03939693003645461,0.009938882835456391,0.09526727322885772,0.09526727322885772,0.12903225806451601,0.870967741935484,0.032258064516129004,9.684534032370594,0.00011357908416902599,0.8786901497719609,0.04791166084970803,1.8363886185236622,0.15454560479926752,0.9375413350606929,-4.414980995570694e-06,-0.09526726124017411,0.0952662983116624
116.2,1.1396300541774471,1.00646027230578,0.0393969185999558,0.009938880465758576,0.09526726734777378,0.09526726734777378,0.12903225806451601,0.870967741935484,0.032258064516129004,9.684537309682536,0.00011357907931686977,0.8786907267013524,0.047911655166839276,1.836389023336439,0.15454559560136796,0.9375414409572437,-4.312114832538683e-06,-0.09526725563838206,0.09526631514170243
116.4,1.139630906513993,1.0064604605200673,0.03939690742991915,0.009938878151266043,0.0952672616035937,0.0952672616035937,0.12903225806451601,0.870967741935484,0.032258064516129004,9.684540510636316,0.00011357907457765334,0.8786912901881069,0.04791164961624483,1.8363894187167868,0.15454558661755796,0.9375415443863184,-4.211645393312202e-06,-0.09526725016698867,0.09526633157966502
116.60000000000001,1.1396317389916588,1.0064606443497945,0.03939689652013631,0.009938875890692877,0.09526725599313363,0.09526725599313363,0.12903225806451601,0.870967741935484,0.032258064516129004,9.684543637010991,0.00011357906994874893,0.8786918405454565,0.047911644194847156,1.8363898048844993,0.15454557784285647,0.9375416454054154,-4.113516839918119e-06,-0.09526724482296019,0.09526634763468299
116.80000000000001,1.1396325520731458,1.0064608238970885,0.03939688586454344,0.009938873682783083,0.09526725051328307,0.09526725051328308,0.12903225806451601,0.870967741935484,0.032258064516129004,9.684546690544162,0.00011357906542759312,0.8786923780793335,0.04791163889964401,1.836390182054253,0.15454556927240426,0.9375417440706924,-4.0176746244208195e-06,-0.09526723960333568,0.0952663633156765
117.0,1.139633346210375,1.0064609992616953,0.03939687545721818,0.009938871526309944,0.09526724516100403,0.09526724516100403,0.12903225806451601,0.870967741935484,0.032258064516129004,9.684549672932953,0.00011357906101167944,0.8786929030885411,0.047911633727699916,1.8363905504357172,0.15454556090145025,0.9375418404369986,-3.92406547795876e-06,-0.09526723450522147,0.09526637863135795
117.2,1.1396341218447357,1.0064611705410396,0.039396865292376085,0.009938869420075292,0.09526723993332875,0.09526723993332877,0.12903225806451601,0.870967741935484,0.032258064516129004,9.684552585834945,0.00011357905669855955,0.8786934158649194,0.04791162867614743,1.8363909102336762,0.15454555272535336,0.9375419345579051,-3.832637373954451e-06,-0.09526722952578925,0.09526639359023686
117.4,1.1396348794073343,1.0064613378302776,0.03939685536436738,0.009938867362908863,0.09526723482735866,0.09526723482735866,0.12903225806451601,0.870967741935484,0.032258064516129004,9.684555430869104,0.000113579052485844,0.878693916693508,0.047911623742188096,1.8363912616481426,0.15454554473958432,0.9375420264857345,-3.7433394906999373e-06,-0.09526722466228084,0.09526640820062453
117.60000000000001,1.1396356193192334,1.0064615012223486,0.03939684566767405,0.009938865353667671,0.09526722984026287,0.09526722984026288,0.12903225806451601,0.870967741935484,0.032258064516129004,9.684558209616682,0.00011357904837119681,0.8786944058527042,0.04791161892308607,1.8363916048744673,0.154545536939715,0.9375421162715897,-3.6561221973818725e-06,-0.09526721991199871,0.09526642247063871
117.80000000000001,1.139636341991683,1.0064616608080297,0.039396836196906586,0.009938863391235347,0.09526722496927652,0.09526722496927652,0.12903225806451601,0.870967741935484,0.032258064516129004,9.68456092362206,0.00011357904435233703,0.8786948836144168,0.047911614216169934,1.8363919401034483,0.1545455293214218,0.9375422039653828,-3.5709370158620857e-06,-0.09526721527230891,0.0952664364082082
118.0,1.139637047826353,1.0064618166759822,0.0393968269468012,0.009938861474521467,0.09526722021169653,0.09526722021169653,0.12903225806451601,0.870967741935484,0.032258064516129004,9.684563574393646,0.0001135790404270367,0.8786953502442195,0.047911609618830384,1.836392267521438,0.15454552188048135,0.937542289615863,-3.4877365991115017e-06,-0.09526721074063761,0.09526645002107703
118.2,1.139637737215553,1.0064619689128036,0.039396817912216435,0.00993885960246106,0.09526721556488559,0.09526721556488559,0.12903225806451601,0.870967741935484,0.032258064516129004,9.68456616340479,0.00011357903659311923,0.8786958060014973,0.047911605128518234,1.8363925873104452,0.15454551461276786,0.9375423732706428,-3.4064747032325204e-06,-0.09526720631447341,0.09526646331680891
118.4,1.1396384105424533,1.0064621176030752,0.03939680908813084,0.009938857774013958,0.09526721102626723,0.09526721102626723,0.12903225806451601,0.870967741935484,0.032258064516129004,9.684568692094373,0.00011357903284845935,0.8786962511395898,0.047911600742744406,1.8363928996482373,0.1545455075142526,0.9375424549762263,-3.327106160688764e-06,-0.09526720199136182,0.09526647630279139
118.60000000000001,1.139639068181296,1.0064622628294069,0.03939680046964007,0.00993885598816418,0.09526720659332259,0.09526720659332259,0.12903225806451601,0.870967741935484,0.032258064516129004,9.684571161867806,0.00011357902919097999,0.8786966859059342,0.04791159645907628,1.83639320470844,0.15454550058099842,0.9375425347780322,-3.2495868595161514e-06,-0.0952671977689033,0.0952664889862399
118.80000000000001,1.1396397104976035,1.006462404672487,0.03939679205195383,0.009938854243919432,0.09526720226359314,0.09526720226359314,0.12903225806451601,0.870967741935484,0.032258064516129004,9.68457357409785,0.00011357902561865376,0.8786971105422015,0.04791159227513939,1.836393502660631,0.15454549380916213,0.9375426127204224,-3.1738737094749725e-06,-0.09526719364475696,0.09526650137420199
119.0,1.1396403378483808,1.0064625432111238,0.03939678383039337,0.009938852540310555,0.09526719803467902,0.09526719803467902,0.12903225806451601,0.870967741935484,0.032258064516129004,9.684575930125167,0.00011357902212949904,0.8786975252844308,0.04791158818861298,1.8363937936704382,0.15454548719498754,0.9375426888467239,-3.099924631017048e-06,-0.09526718961663744,0.09526651347356097
119.2,1.1396409505823166,1.00646267852229,0.03939677580038937,0.009938850876390902,0.09526719390423209,0.09526719390423209,0.12903225806451601,0.870967741935484,0.032258064516129004,9.684578231259144,0.000113579018721581,0.8786979303631611,0.04791158419723091,1.8363940778996277,0.15454548073480684,0.9375427631992541,-3.0276985204802376e-06,-0.09526718568230658,0.09526652529103974
119.4,1.1396415490399738,1.0064628106811662,0.03939676795747851,0.009938849251235903,0.09526718986996142,0.09526718986996142,0.12903225806451601,0.870967741935484,0.032258064516129004,9.684580478778875,0.00011357901539300956,0.8786983260035599,0.047911580298779614,1.8363943555061986,0.15454547442503735,0.937542835819345,-2.9571552339069385e-06,-0.09526718183958433,0.0952665368332048
119.60000000000001,1.1396421335539813,1.0064629397611813,0.03939676029730169,0.009938847663942556,0.09526718592962984,0.09526718592962984,0.12903225806451601,0.870967741935484,0.032258064516129004,9.684582673933432,0.00011357901214193853,0.878698712425547,0.04791157649109685,1.8363946266444657,0.1545454682621794,0.9375429067473646,-2.888255562591424e-06,-0.09526717808633886,0.09526654810646956
119.80000000000001,1.1396427044492168,1.0064630658340554,0.03939675281560137,0.00993884611362886,0.095267182081051,0.095267182081051,0.12903225806451601,0.870967741935484,0.032258064516129004,9.684584817942856,0.00011357900896656423,0.8786990898439178,0.04791157277207016,1.836394891465148,0.15454546224281396,0.9375429760227406,-2.82096121215214e-06,-0.09526717442048724,0.09526655911709818
120.0,1.1396432620429902,1.0064631889698374,0.03939674550821915,0.009938844599433333,0.0952671783220888,0.0952671783220888,0.12903225806451601,0.870967741935484,0.032258064516129004,9.684586911998812,0.0001135790058651264,0.8786994584684629,0.04791156913963797,1.8363951501154545,0.15454545636360428,0.9375430436839818,-2.755234776233295e-06,-0.09526717083999635,0.09526656987120881
