t,source_integral,heat_loss_surface,reactant_supply_surface,reactant_inventory,heat_inventory,J_min,J_mean,J_max,phi_min,phi_mean,phi_max,theta_min,theta_mean,theta_max,u_min,u_mean,u_max,A_min,A_mean,A_max,D_over_D0_min,D_over_D0_mean,D_over_D0_max,M_over_M0_min,M_over_M0_mean,M_over_M0_max,geometric_skin_thickness,functional_skin_thickness,A_functional_skin_thickness,D_functional_skin_thickness,M_functional_skin_thickness,surface_q,surface_n,surface_h,mean_abs_internal_h
0.0,0.019985933497311596,4.919354838709678e-06,0.6894955077750986,0.026012500000000004,4.9999999999999996e-05,1.2950064174641447,1.2999999999999998,1.3049935825358554,0.11494309397945156,0.11538546883058842,0.11582954182862426,1.6129032258064516e-06,4.9999999999999996e-05,9.838709677419355e-05,0.015006417464144738,0.02,0.024993582535855263,0.9969863314216022,0.9990408383580583,1.0,0.9989944328798402,0.999680026331643,1.0,0.9994970899680228,0.9998399815031443,1.0,0.0,0.0,0.0,0.0,0.0,-0.0009405127121299428,-0.6894955077750986,4.919354838709678e-06,2e-05
0.2,0.087154716921774,0.0016671439892443605,0.3929521026111058,0.10937957793289156,0.011265174432109152,1.2964878106178832,1.3001105462302014,1.3034374901544505,0.11508031734013249,0.1153751944330819,0.11569719265506449,0.004350880185374197,0.011265174432109153,0.03334287978488721,0.019400558920922725,0.08428621593774194,0.43863985341270595,0.9978819944514696,0.9993900593856542,1.0,0.9992934990745849,0.9997965772784654,1.0,0.9996466871160533,0.9998982749846027,1.0,0.0,0.0,0.0,0.0,0.0,-0.0002167706214143278,-0.3929521026111058,0.0016671439892443605,0.006007207296565255
0.4,0.13422449202201076,0.004012549542392128,0.3384136599280761,0.1593782063410762,0.03301428495842035,1.2963445306998649,1.3000934237923765,1.3025353449461496,0.11516002278325999,0.1153766168937886,0.11570998021569054,0.008892348927099595,0.03301428495842035,0.08025099084784257,0.017606631771040285,0.12279889830854661,0.5165519143884627,0.9977954263457209,0.999476720449964,1.0,0.9992646013826244,0.9998254779668823,1.0,0.9996322330582872,0.9999127270378401,1.0,0.0,0.0,0.0,0.0,0.0,0.00037548151525101936,-0.3384136599280761,0.004012549542392128,0.014747452663620214
0.6000000000000001,0.173637945945578,0.006640490882942474,0.3143928361292437,0.19348421595772006,0.06283224957377855,1.2954475113561603,1.2999644461870377,1.3024230569813313,0.11516995126580445,0.11538814997196502,0.11579010240482075,0.01778806870356911,0.06283224957377856,0.13280981765884947,0.01870034069673076,0.1491086695464101,0.5508673769582233,0.9972531646333137,0.9993701695057268,1.0,0.9990835485003787,0.9997899138344049,1.0,0.9995416692061266,0.9998949390725458,1.0,0.0,0.0,0.0,0.0,0.0,0.0009060476993827116,-0.3143928361292437,0.006640490882942474,0.023771161450757937
0.8,0.20853751582565125,0.009465060364032449,0.30307656189279014,0.21680547621664123,0.09950229233625522,1.294037359026724,1.2997335882789274,1.3028746904254045,0.11513002831532722,0.11540887740125644,0.11591628244243159,0.03449255681082279,0.09950229233625524,0.18930120728064898,0.024077115497807302,0.16716217537412043,0.5670334830102998,0.996399684402308,0.9991419699083567,1.0,0.9987984515159719,0.9997137364063364,1.0,0.9993990451665709,0.9998568364817396,1.0,0.0,0.0,0.0,0.0,0.0,0.0013978316198256374,-0.30307656189279014,0.009465060364032449,0.03199378776376408
1.0,0.24042869006771328,0.01245777597856033,0.2986635476107411,0.2319532744607591,0.14225069022076683,1.2922631242272165,1.2994064979559148,1.303599916935145,0.1150659784887533,0.11543832242711448,0.11607543168865178,0.059791987042457174,0.14225069022076683,0.2491555195712066,0.03168396935036513,0.17895957779812036,0.5733377891275127,0.9953240690556042,0.9988252130434738,1.0,0.9984389204070059,0.9996079554312802,1.0,0.999219155313802,0.999803921541356,1.0,0.0,0.0,0.0,0.0,0.0,0.0018718042596288648,-0.2986635476107411,0.01245777597856033,0.03913513005594156
1.2000000000000002,0.2702189644141283,0.015616553395646464,0.2985909521175131,0.24052554306881857,0.19054029136801506,1.2902279480485506,1.2989847539945754,1.3044038496970352,0.11499506079719057,0.11547636921180787,0.11625852643083157,0.09318972189414133,0.1905402913680151,0.31233106791292925,0.03943585351127836,0.18571795795112184,0.5734414969749813,0.9940878145276061,0.9984450825758687,1.0,0.9980253745405073,0.9994809447985814,1.0,0.9990121993463956,0.9997403785992715,1.0,0.0,0.0,0.0,0.0,0.0,0.0023473268316624996,-0.2985909521175131,0.015616553395646464,0.045289211510549515
1.4000000000000001,0.2984786846148699,0.018953391019478263,0.30154455955138976,0.2436039987923449,0.24397834234687965,1.2879931311610409,1.2984664256633243,1.3051767667211533,0.11492696148493961,0.11552320627018403,0.11646024840581633,0.13379674296204977,0.24397834234687968,0.3790678203895652,0.04593950872957668,0.18826037840893775,0.5692220577837289,0.992727270935713,0.9980180776504652,1.0,0.9975698555707837,0.9993381854377035,1.0,0.99878418861281,0.9996689457542315,1.0,0.0,0.0,0.0,0.0,0.0,0.002839800597147432,-0.30154455955138976,0.018953391019478263,0.05068935600168654
1.6,0.3255240106099066,0.022486261666135935,0.30679723531131575,0.24198497474619687,0.3022568311324801,1.2855832333410093,1.2978470009647536,1.3058635971464823,0.11486651464040627,0.11557925411466756,0.11667855966834279,0.18068713845531362,0.3022568311324801,0.4497252333227187,0.05044829032583126,0.1871936710554743,0.5617182352695489,0.9912565873861567,0.9975465188166427,1.0,0.9970769926285055,0.9991804303021465,1.0,0.9985374266468794,0.9995899968895137,1.0,0.0,0.0,0.0,0.0,0.0,0.0033596077472959895,-0.30679723531131575,0.022486261666135935,0.055601206272597056
1.8,0.351460203016947,0.02623354012933515,0.3139279402209628,0.23631159929433723,0.3651056293078089,1.2829954328526028,1.2971203701775125,1.306441670202957,0.11481568861524245,0.11564508807750781,0.11691390020500002,0.23300736330102148,0.3651056293078089,0.5247471221022472,0.052677442678848246,0.18300864464960281,0.5515315139700531,0.9896732180619303,0.9970358811537413,1.0,0.9965458205454468,0.999009477856696,1.0,0.998271416122197,0.9995044278862004,1.0,0.0,0.0,0.0,0.0,0.0,0.003912472144292967,-0.3139279402209628,0.02623354012933515,0.060308656185465784
2.0,0.37620823477783083,0.030210268404531577,0.32267857147434487,0.22715872370973528,0.4322533071073532,1.2802093160274486,1.2962796715752205,1.306906741843153,0.11477483067265566,0.11572136937991935,0.11716833967859042,0.28999098642826265,0.43225330710735327,0.6044602701332566,0.052649096434288396,0.17614406145529363,0.5390306121795073,0.987963723189994,0.9964759367799458,1.0,0.9959717007056025,0.9988218829698706,1.0,0.997983817653905,0.9994105116556707,1.0,0.0,0.0,0.0,0.0,0.0,0.004500340598574029,-0.32267857147434487,0.030210268404531577,0.06504299838784129
2.2,0.39954284249330657,0.03442553560810157,0.3328698812754049,0.21508963550195617,0.5033949385849409,1.2771949625565568,1.2953179621546034,1.3072642416571585,0.11474344300112724,0.11580878822417957,0.11744487286400308,0.3509427442470406,0.5033949385849409,0.6889171700721523,0.0505858679422465,0.16702948460489905,0.5244715981779929,0.9861085794569355,0.9958677250245827,1.0,0.9953479160023888,0.9986179452198916,1.0,0.9976712461828421,0.9993083920683686,1.0,0.0,0.0,0.0,0.0,0.0,0.005122201919549943,-0.3328698812754049,0.03442553560810157,0.06993204930528142
2.4000000000000004,0.42113137125440975,0.03888055124873972,0.3443483872194723,0.20069161215620168,0.5781679481854208,1.2739191650533481,1.294228743396642,1.30752388352982,0.11472065779407159,0.11590801745112951,0.11774687446021617,0.4152183858327783,0.5781679481854208,0.7781288349235345,0.04684070318313345,0.15611240580114688,0.508073732543611,0.984085896464262,0.9951956889374511,1.0,0.9946669046420953,0.9983924200234269,1.0,0.9973298872133903,0.9991954393816759,1.0,0.0,0.0,0.0,0.0,0.0,0.005774704615292947,-0.3443483872194723,0.03888055124873972,0.07510850686816256
2.6,0.44060288688741234,0.04356723648126434,0.3569515861685671,0.1845925331735389,0.6561387146208552,1.2703501615665562,1.2930063840109707,1.3076961707333297,0.11470554350242,0.11601967373668248,0.1180776801059518,0.4822112925079931,0.6561387146208552,0.8719196288422797,0.041846095798856946,0.14387124348210206,0.4900691626163327,0.9818742650943755,0.9944613762222526,1.0,0.9939212078440829,0.9981457520854041,1.0,0.9969559704005883,0.99907186693316,1.0,0.0,0.0,0.0,0.0,0.0,0.006452594160555103,-0.3569515861685671,0.04356723648126434,0.08065853534726442
2.8000000000000003,0.45762448452661103,0.04846755715635781,0.37048761340548336,0.16745682423213443,0.7368044612017111,1.2664614344777525,1.2916464598670014,1.3077903017805723,0.11469728732180777,0.11614428473280247,0.11844024296077765,0.5513518486688543,0.7368044612017111,0.969914728656821,0.03607252983824082,0.13081272898525884,0.47073198084930945,0.9794550775840788,0.9936527694372056,1.0,0.9931042456674446,0.997873853327508,1.0,0.9965461577239775,0.9989356202463437,1.0,0.0,0.0,0.0,0.0,0.0,0.00714912885620983,-0.37048761340548336,0.04846755715635781,0.08661946954031056
3.0,0.47200037144988816,0.05355396419109585,0.38472839973710343,0.14996155939760852,0.8196123372828403,1.262234659945123,1.290146002462307,1.3078127991773587,0.1146953142639016,0.11628226292282753,0.11883685717085395,0.6221199937505901,0.8196123372828403,1.0715500181772593,0.029988441260602357,0.1174541626565944,0.4503880003755664,0.9768143750120274,0.992769213043601,1.0,0.9922109403707117,0.9975764130816269,1.0,0.9960978560602802,0.9987865322669187,1.0,0.0,0.0,0.0,0.0,0.0,0.007856593409216059,-0.38472839973710343,0.05355396419109585,0.09297949014828237
3.2,0.4837525552468754,0.058791310127671886,0.39941665805225995,0.13275334084673365,0.9039975144403694,1.2576617125663097,1.288503626204707,1.3077668763946118,0.1146993418380007,0.11643388897895823,0.11926895643019848,0.6940680779961006,0.9039975144403694,1.1761116593639067,0.024021137782394404,0.10429081466019256,0.4294047742110572,0.9739441652719047,0.9918064930324019,1.0,0.9912381686501665,0.997251928335372,1.0,0.9956094448739807,0.9986238389419696,1.0,0.0,0.0,0.0,0.0,0.0,0.008567010337546144,-0.39941665805225995,0.058791310127671886,0.09968133455684357
3.4000000000000004,0.4931647032247659,0.06414029941016379,0.4142855424530844,0.11639575793104374,0.9894328619450401,1.2527453132711717,1.2867194940699982,1.307652243266569,0.11470939676231798,0.11659930894172298,0.11973702747952784,0.766847674595012,0.9894328619450401,1.2828061032408618,0.018520701332682243,0.09175582586204152,0.40816351078130797,0.9708429479864272,0.9907619093361518,1.0,0.9901849531235104,0.996899396795565,1.0,0.9950803739914663,0.99844702602975,1.0,0.0,0.0,0.0,0.0,0.0,0.009273027267258718,-0.4142855424530844,0.06414029941016379,0.10663143236124341
3.6,0.5007539121273471,0.06956190406204905,0.4290856155381291,0.10131892665784879,1.0754805337229505,1.2474979521769676,1.2847951020077242,1.3074654692571106,0.11472578322487444,0.11677854817564018,0.12024067834198841,0.8402303981000494,1.0754805337229505,1.391238081240981,0.01373331679461717,0.08018132768243105,0.3870205492312442,0.9675151921182421,0.9896389136269889,1.0,0.9890523041302192,0.9965198671369764,1.0,0.9945110864726953,0.9982566047613537,1.0,0.0,0.0,0.0,0.0,0.0,0.009968805050148646,-0.4290856155381291,0.06956190406204905,0.11387492118245922
3.8000000000000003,0.5071689041852253,0.07502165646427883,0.4436104668035978,0.08778837068035017,1.1618287436407522,1.2419392319388483,1.2827329042264732,1.3072006640385119,0.11474902371651549,0.11697154151020187,0.12077885627771669,0.9141149165233815,1.1618287436407522,1.5004331292855764,0.00978901739066405,0.06977408124253268,0.36627076170914596,0.9639698184238905,0.9884326984323947,1.0,0.9878427244090389,0.996111636254887,1.0,0.9939027722524213,0.9980517105761897,1.0,0.0,0.0,0.0,0.0,0.0,0.010650673511266043,-0.4436104668035978,0.07502165646427883,0.12117243063752028
4.0,0.5130492422980046,0.08049254302007844,0.4577117837011384,0.07590261486352884,1.2483032832580714,1.2360921891179182,1.2805358523935593,1.3068504461551858,0.11477977487118507,0.11717817395382041,0.12135017219633171,0.9885139381611499,1.2483032832580716,1.6098508604015687,0.00670790501107824,0.06061301995104536,0.346126023284088,0.9602179952409716,0.987150605300172,1.0,0.9865594754761058,0.9956770534836936,1.0,0.9932570014496994,0.9978335054169695,1.0,0.0,0.0,0.0,0.0,0.0,0.011317313949087415,-0.4577117837011384,0.08049254302007844,0.12840963059635324
4.2,0.5188977800468645,0.08595581530926127,0.47129965094782883,0.06562073661844404,1.3348502606871209,1.2299796885811198,1.2782069489768297,1.3064069059256886,0.11481874393010315,0.11739832293163101,0.12195323336846076,1.0635240713107608,1.3348502606871209,1.7191163061852255,0.0044222982945252825,0.05266989077390031,0.3267147843602444,0.9562709123485509,0.985787324135795,1.0,0.9852058275596431,0.9952142511795262,1.0,0.9925753482968165,0.9976010427010216,1.0,0.0,0.0,0.0,0.0,0.0,0.011969448128475363,-0.47129965094782883,0.08595581530926127,0.13548906187405602
4.4,0.5250163405319006,0.09139994147021681,0.48433095607277,0.05680773324692283,1.4214998110278039,1.2236216794587036,1.275748900939282,1.305862481121728,0.11486661280838001,0.11763189344044218,0.1225869094329514,1.1392853275345953,1.421499811027804,1.8279988294043361,0.0028089486435027115,0.0458438145186223,0.3080986341817571,0.9521380311878325,0.9843469277885623,1.0,0.9837844619672639,0.9947244881181804,1.0,0.9918590904655561,0.997354938828843,1.0,0.0,0.0,0.0,0.0,0.0,0.012609190864878814,-0.48433095607277,0.09139994147021681,0.14233412371974644
4.6000000000000005,0.5315139466768314,0.09681856663007848,0.49679290041558966,0.04928295660925353,1.5083241535863374,1.2170337096183728,1.2731639129541372,1.3052105889716832,0.1149239833536581,0.11787884141426447,0.12325048913150954,1.2159414510043964,1.5083241535863374,1.9363713326015695,0.0017223223687242292,0.0399984407066528,0.29029585654915757,0.94782608384699,0.9828292717081589,1.0,0.9822971210326195,0.9942076116029218,1.0,0.9911090319066301,0.9970951036712076,1.0,0.0,0.0,0.0,0.0,0.0,0.013239337091720316,-0.49679290041558966,0.09681856663007848,0.14888884219674908
4.800000000000001,0.5383622779123002,0.10220845199926112,0.50868863234262,0.042857980742498955,1.5954034488980573,1.2102264899861848,1.270453611417679,1.3044460544150702,0.11499134018789443,0.11813918518978563,0.12394374213517034,1.293610265050674,1.5954034488980573,2.0441690399852224,0.0010216133787286647,0.0349911094162502,0.2733019537962571,0.9433387139733658,0.9812252419798719,1.0,0.9807444725397083,0.993660471347342,1.0,0.9903254329658749,0.9968199472294696,1.0,0.0,0.0,0.0,0.0,0.0,0.013862799702872658,-0.50868863234262,0.10220845199926112,0.15511548015314
5.0,0.5454630311010887,0.10756794124889082,0.52002802120839,0.03735950834937395,1.6828046057544868,1.203206071640082,1.2676190580108042,1.3035653105956746,0.11506903319746695,0.11841300842973354,0.12466692409184406,1.372367928127059,1.6828046057544868,2.1513588249778164,0.0005873412205560142,0.030690537301120382,0.2571028268451571,0.9386764995534186,0.9795375915503306,1.0,0.9791261023329149,0.9930838610506107,1.0,0.9895080046788997,0.9965298499252184,1.0,0.0,0.0,0.0,0.0,0.0,0.014482277355629028,-0.52002802120839,0.10756794124889082,0.16099145201582318
5.2,0.552698621474499,0.11289603836280644,0.5308231513546932,0.0326387141705068,1.7705725553484952,1.1959742289013524,1.2646608089587092,1.302566439970202,0.11515727366922754,0.11870045844617999,0.1254207627348235,1.4522464409944078,1.7705725553484952,2.257920767256129,0.0003276972806769308,0.02698404630806948,0.2416812123504383,0.9338371052113976,0.9777588776630863,1.0,0.9774405498655425,0.9924751613296802,1.0,0.9886559244729435,0.9962234836833733,1.0,0.0,0.0,0.0,0.0,0.0,0.01510011595739702,-0.5308231513546932,0.11289603836280644,0.1665060274274224
5.4,0.55996107973045,0.11819193801876669,0.5410866939645097,0.02857211687197474,1.8587295493915754,1.1885288413370736,1.2615789885241033,1.3014490694002618,0.11525614296157091,0.11900174287439565,0.12620644513031143,1.533239527307866,1.8587295493915754,2.3638387603753337,0.00017750598624019964,0.02377824739694619,0.22701900862212882,0.9288154322699601,0.9758803414183111,1.0,0.9756853416059892,0.9918312965697919,1.0,0.9877678505812714,0.9958992899540405,1.0,0.0,0.0,0.0,0.0,0.0,0.01571829274706138,-0.5410866939645097,0.11819193801876669,0.1716571748339433
5.6000000000000005,0.5671625234052307,0.1234548192417488,0.5508315478359096,0.025058469521794937,1.9472783239028804,1.1808641779009155,1.2583733587981392,1.3002141725556062,0.11536560911743557,0.11931712648173586,0.12702561633009946,1.6153121096015668,1.9472783239028804,2.469096384834976,9.332266864555079e-05,0.020996648333877484,0.2130977888058434,0.9236037015862948,0.973884142776401,1.0,0.9738569994228328,0.9911461428819308,1.0,0.9868419235660815,0.9955541831933183,1.0,0.0,0.0,0.0,0.0,0.0,0.016338459625547377,-0.5508315478359096,0.1234548192417488,0.17644875021490455
5.800000000000001,0.5742353921865085,0.1286837704272655,0.5600708781249326,0.02201462976531952,2.036206287708798,1.1729710658842183,1.2550433786748303,1.298863813331528,0.11548554856975857,0.11964692892135029,0.1278803922472937,1.6984097461577428,2.036206287708798,2.57367540854531,4.758988560749247e-05,0.01857647707739513,0.1998987455358104,0.9181914540288528,0.9717353668813524,0.9993156733871841,0.971951017869227,0.9904078568371826,0.9997718390704052,0.9858757517647916,0.9951822143504386,0.999885913026633,0.0,0.0,0.0,0.0,0.0,0.016962009831087865,-0.5600708781249326,0.1286837704272655,0.1808882368934306
6.0,0.5811292433488481,0.13387778062408734,0.5688182148957388,0.01937183869268761,2.12548932671223,1.164836925071473,1.251588248380684,1.2974008748811983,0.11561576911510511,0.11999152401805538,0.12877339031023263,1.7824661043367283,2.12548932671223,2.6775556124817466,2.3499221162567565e-05,0.016465826623130134,0.1874025501489444,0.9125654501431439,0.9694908490397639,0.9984333552193358,0.9699618027434114,0.9896351547930774,0.9994775120997588,0.9848663766412504,0.9947927110214352,0.9997387219133465,0.06451612903225806,0.0,0.0,0.0,0.0,0.017590150777219357,-0.5688182148957388,0.13387778062408734,0.1849851650166371
6.2,0.5878071589375865,0.1390357600098764,0.577087519259645,0.01707277626220753,2.2150948470927587,1.1564456494864142,1.2480069392084685,1.29582888565791,0.11575602431785809,0.1203513409185669,0.12970778182841197,1.867408108198253,2.2150948470927587,2.780715200197528,1.1217566906190224e-05,0.014621404301949527,0.17558925820050705,0.9067094498917049,0.9671535187919956,0.9974837728632668,0.9678825625881528,0.9888287621303044,0.9991605530766952,0.9838102135953931,0.9943860021566805,0.9995801884086485,0.0967741935483871,0.0,0.0,0.0,0.0,0.018223974720512667,-0.577087519259645,0.1390357600098764,0.18875013234651689
6.4,0.594242468476024,0.14415657112300237,0.5848931925726899,0.015069271288372725,2.3049841659438557,1.1477773232127146,1.2442982098998494,1.2941518446232487,0.11590602804701618,0.12072686726558454,0.13068737024716498,1.9531594758060078,2.3049841659438557,2.883131422460047,5.168532086309708e-06,0.013006789292408316,0.16443829632472856,0.9006038539553819,0.9647211479303835,0.9964690222735975,0.9657051444136189,0.9879876528498388,0.9988216192500033,0.9827029635102763,0.9939615365630302,0.9994106359326305,0.12903225806451613,0.0,0.0,0.0,0.0,0.018864525585172764,-0.5848931925726899,0.14415657112300237,0.19219420230850143
6.6000000000000005,0.600416408930732,0.14923906202883794,0.5922500376746053,0.01332058561565474,2.395114318264297,1.138807738604335,1.2404606099252247,1.2923741157535058,0.11606546291167709,0.12111865475432278,0.13171670240301703,2.039642865777114,2.395114318264297,2.9847812405767584,2.2958124235139567e-06,0.01159113476752496,0.15392851760770665,0.8942251725617066,0.9621912177217886,0.9953914149369247,0.9634197986182306,0.9871106666047466,0.9984614387858797,0.9815394869977306,0.9935186906473901,0.999230423239129,0.12903225806451613,0.0,0.0,0.0,0.0,0.019512862343359083,-0.5922500376746053,0.14923906202883794,0.19532859745859316
6.800000000000001,0.606316335197551,0.1542820956263701,0.5991731751155474,0.011792090429118473,2.485439453052246,1.129507675496846,1.2364924702510875,1.290500370259962,0.1162339844736221,0.12152732747730767,0.13280122238568962,2.1267811938534296,2.4854394530522463,3.085641912527402,9.822755791004667e-07,0.01034817254494768,0.14403832126350374,0.8875452766037722,0.9595608886554542,0.9942534473567742,0.9610148528734686,0.9861964917994747,0.9980808011163491,0.9803136304847945,0.9930567589844105,0.9990399396541503,0.16129032258064516,0.0,0.0,0.0,0.0,0.02017012116702256,-0.5991731751155474,0.1542820956263701,0.1981645485259543
7.0,0.6119344086055388,0.1592845721680013,0.605677923981176,0.010454232303118658,2.575911913960312,1.119841876154615,1.232391881434119,1.2885355708529316,0.11641122169464765,0.1219535936847786,0.13394748240267604,2.214498425730424,2.575911913960312,3.185691443360026,4.0484202884727866e-07,0.009255440472854594,0.13474582288403422,0.8805303625205447,0.95682695498973,0.9930577959758168,0.9584762645997532,0.9852436415641876,0.9976805557927028,0.9790179878688987,0.9925749410234493,0.9988396045702421,0.1935483870967742,0.0,0.0,0.0,0.0,0.020837580176588183,-0.605677923981176,0.1592845721680013,0.20071322364345104
7.2,0.6172665116914663,0.1642454438726037,0.6117796505730412,0.009281706515228022,2.6664830824258043,1.109767612870861,1.228156658403765,1.286484988325322,0.11659677443672471,0.1223982618633683,0.13516343265052094,2.302720063752992,2.6664830824258043,3.284908877452074,1.603258604148995e-07,0.00829366842063822,0.1260290706099412,0.8731395254499111,0.9539857810100513,0.9918073318818239,0.9557870055601156,0.9842504207930516,0.9972616179874498,0.9776435728700587,0.9920723229144897,0.9986298702721171,0.1935483870967742,0.0,0.0,0.0,0.0,0.02151673182113821,-0.6117796505730412,0.1642454438726037,0.2029856881644769
7.4,0.6223114272523805,0.16916372087018317,0.6174935882948817,0.008252792070917133,2.75710402346355,1.0992326866618696,1.2237842892267612,1.284354245283065,0.11679020842644607,0.12286226266523313,0.1364588242508666,2.391373450086613,2.75710402346355,3.3832744174036633,6.083322550820703e-08,0.007446287987562307,0.11786630243588339,0.8653227771547906,0.9510332132359632,0.9905051523940825,0.9529262066342357,0.9832148811331659,0.9968249797069905,0.976179363583501,0.9915478527211683,0.9984112276284484,0.22580645161290322,0.0,0.0,0.0,0.0,0.02220937071518135,-0.6174935882948817,0.16916372087018317,0.20499286657885704
7.6000000000000005,0.6270700626459241,0.17403846780824536,0.622834621056466,0.0073488045548515905,2.8477259729768876,1.088172578976433,1.2192718633740096,1.2821493825635304,0.11699104803224246,0.12334667905107372,0.13784578190813668,2.4803879674926135,2.8477259729768876,3.480769356164907,2.2290191373273753e-08,0.006699032580882316,0.11023625563361998,0.8570182339402356,0.9479644596562207,0.9891546270530669,0.9498679428997997,0.9821347591208699,0.9963717259194856,0.9746116551922351,0.9910003063494616,0.9981842142559383,0.22580645161290322,0.0,0.0,0.0,0.0,0.022917704903309258,-0.622834621056466,0.17403846780824536,0.20674548699227405
7.800000000000001,0.631544740745656,0.1788687914077182,0.6278170230767253,0.006553644753504493,2.938300685385352,1.07650638925884,1.214615974991251,1.2798769458489756,0.11719876702717003,0.12385278796495972,0.13933962816818296,2.5696951708094558,2.9383006853853524,3.5773758281543637,7.719835375617084e-09,0.006039611715546426,0.10311853846182092,0.8481480911783408,0.9447739242742338,0.9877594567229077,0.9465794868838252,0.9810073907886375,0.9959030551992037,0.9729231282895863,0.9904282404417287,0.9979494249603413,0.25806451612903225,0.0,0.0,0.0,0.0,0.023644515128176447,-0.6278170230767253,0.1788687914077182,0.2082540025179477
8.0,0.6357385681409715,0.1836538156111973,0.6324541187248547,0.0058534261502438956,3.028780644656938,1.0641307583493393,1.2098125864276996,1.277544096720163,0.11741277689364678,0.12438212007418231,0.14096012057078147,2.65922886756912,3.028780644656938,3.6730763122239463,2.6382724930973877e-09,0.0054574489700800885,0.09649411610735036,0.8386126021574316,0.9414549716588169,0.9863237486530714,0.9430186888107093,0.9798295894211191,0.9954203058791733,0.9710914504988333,0.9898299248514546,0.9977075249558742,0.25806451612903225,0.0,0.0,0.0,0.0,0.02439337843353706,-0.6324541187248547,0.1836538156111973,0.2095284718953308
8.200000000000001,0.639654632787985,0.188392641206183,0.6367578157713656,0.00523616127505125,3.1191191450172053,1.0509106345243278,1.2048568369729489,1.275158750914745,0.11763241235053778,0.12493654721033527,0.14273335436166207,2.748925163940386,3.1191191450172053,3.7678528241236595,8.240527673545217e-10,0.004943470843337924,0.09034597746947765,0.8282808798686414,0.9379995871405497,0.9848521094849495,0.9391299529545419,0.9785974670553664,0.9949249884222495,0.9690871257964403,0.9892032438066969,0.9974592662242665,0.29032258064516125,0.0,0.0,0.0,0.0,0.025169018269537685,-0.6367578157713656,0.188392641206183,0.21057838310454322
8.4,0.6432950928487002,0.19308428093921454,0.6407379032177166,0.004691503611820325,3.209270210889562,1.0366645476499954,1.1997427618346377,1.2727297538470035,0.11785691310084018,0.12551841611925585,0.14469482952806045,2.8387224628312384,3.209270210889562,3.8616856187842905,2.602485290554321e-10,0.004489950525040096,0.08466013826040471,0.8169761656505096,0.9343978642475822,0.9833497627329285,0.9348377603802974,0.9773061620999678,0.994418826257217,0.9668700277750957,0.98854554472962,0.9972055081457485,0.29032258064516125,0.0,0.0,0.0,0.0,0.025977867918164685,-0.6407379032177166,0.19308428093921454,0.2114123855636308
8.6,0.6466597755980317,0.19772755334511527,0.6444009027537827,0.004210534677069614,3.2991883098540082,1.0211400209311448,1.1944628660375471,1.2702671071752598,0.1180854004269705,0.12613076238560963,0.14689464414803743,2.928561414059831,3.2991883098540082,3.9545510669023054,7.116771709976082e-11,0.004090410087437519,0.07942728178031036,0.8044510833077058,0.9306371992393321,0.9818226996915309,0.9300357188138678,0.9759494049725792,0.9939038081593176,0.9643835294880787,0.9878533964328848,0.9969472439539078,0.3225806451612903,0.0,0.0,0.0,0.0,0.026829039016099454,-0.6444009027537827,0.19772755334511527,0.2120378615874447
8.8,0.6497438941226523,0.20232089755920846,0.6477480008220033,0.0037855993574443325,3.3888277377227367,1.0039693921432697,1.1890074324553046,1.2677822693082172,0.11831684637918903,0.12677767644810842,0.149406945245393,3.0183847951064293,3.3888277377227367,4.046417951184169,1.9176241135834763e-11,0.003739610468132733,0.07464571311142379,0.7903429569950348,0.9267009377299914,0.9802778785255123,0.9245666674952568,0.9745187771993216,0.993382257235597,0.9615438209424966,0.9871221754046933,0.9966856355626813,0.3225806451612903,0.0,0.0,0.0,0.0,0.02773607509517141,-0.6477480008220033,0.20232089755920846,0.2124601855893995
9.0,0.6525335681214259,0.20686202104956966,0.6507709670984063,0.003410197752086202,3.4781413945609057,0.9845847764914157,1.1833633042156344,1.2652885760920851,0.11855003106349338,0.1274649825786865,0.1523484859623033,3.1081372892466006,3.4781413945609057,4.137240420991393,7.313819966090721e-12,0.0034336946483180465,0.07032718985941948,0.7740870468016632,0.9225659132663052,0.9787235010972828,0.9181836991463834,0.9730023416169998,0.9928569266112948,0.9582189335236355,0.9863452983438634,0.99642206184478,0.3225806451612903,0.0,0.0,0.0,0.0,0.028720540001889894,-0.6507709670984063,0.20686202104956966,0.21268131389392375
9.200000000000001,0.6549960440551793,0.21134716146437105,0.6534430355171892,0.0030789757595742753,3.567078350803325,0.9620347867962191,1.1775116000013672,1.2628018456154866,0.11878348176383156,0.1282016302587342,0.1559195177333784,3.197765109221345,3.567078350803325,4.2269432292874205,1.865280300969621e-12,0.0031706819686089954,0.06650994926115833,0.7547277805259677,0.91819754617804,0.977169408626656,0.9104644889028377,0.9713818485842057,0.9923311358861666,0.9541825186816638,0.9855126494570252,0.9961581874431724,0.3548387096774194,0.0,0.0,0.0,0.0,0.029820173446822862,-0.6534430355171892,0.21134716146437105,0.2126968114803223
9.4,0.6570534928809335,0.2157692543803299,0.6556947666925458,0.0027879580659863484,3.6555783654073473,0.9345225249823714,1.1714226736382263,1.2603412994626517,0.11901538104317672,0.12900304601502843,0.16050977476741884,3.287215336963144,3.6555783654073473,4.315385087606598,1e-12,0.002951963563217319,0.06329319043922031,0.7304373348866811,0.9135384008374171,0.9756276807608442,0.9005899697183427,0.9696260405698854,0.9918089772462458,0.9489940513678916,0.9846067918056044,0.99589606664644,0.3548387096774194,0.0,0.0,0.0,0.0,0.031110987020582542,-0.6556947666925458,0.2157692543803299,0.21248841513298042
9.600000000000001,0.6584911560557806,0.2201121349092847,0.657331184205468,0.002535684120223473,3.7435568952201113,0.8979174542915905,1.1650423811967932,1.2579310821678624,0.11924341653240389,0.129901442948569,0.16705321773518933,3.3764346946237693,3.7435568952201113,4.4022426981856935,1e-12,0.002787639676667102,0.06095545113504559,0.6969401555383258,0.9084744659468142,0.9741136177999131,0.886606862658864,0.9676702023677575,0.9912956525659214,0.9415978555326604,0.9835913142212553,0.9956383131756732,0.3870967741935484,0.0,0.0,0.0,0.0,0.032786197583288795,-0.657331184205468,0.2201121349092847,0.212000320736131
9.8,0.6584054770385048,0.22432125520869592,0.6575600648400187,0.00233032858624474,3.8308448247702365,0.838066814940187,1.1582363787409726,1.2556030077092892,0.11946451153669872,0.1309967258531104,0.17898334276689565,3.465366963607944,3.8308448247702365,4.486425104173918,1e-12,0.002726822973481195,0.06062847879997325,0.6391597285127839,0.9026799455488652,0.9726475070917361,0.8613942127835444,0.9653163251343606,0.9907980783100462,0.9281129758587786,0.9823532921437542,0.9953884046859057,0.3870967741935484,0.0,0.0,0.0,0.0,0.035643595134060346,-0.6575600648400187,0.22432125520869592,0.21101868238363464
10.0,0.5131632929527835,0.22317922504270943,0.53468608943353,0.0032990620991827564,3.912542392694677,0.153,1.21652208488478,1.7013738291753215,0.0881640456834269,0.14855956034181447,0.9803921568627451,3.553946175747985,3.912542392694677,4.494776990915749,1e-12,0.008992391406559748,0.2361627293806713,0.00010000011857921843,0.9184777964161832,1.0,0.0005912552900622074,0.9509202790149537,1.0,0.022263171355498768,0.9599861289809105,1.0,0.03225806451612903,0.03225806451612903,0.03225806451612903,0.03225806451612903,0.03225806451612903,1.8581948023102057,-0.53468608943353,0.22317922504270943,0.2008848164140606
10.200000000000001,0.48853523221081374,0.2207187533568026,0.4931777304644783,0.005153816123649636,3.968447584738178,0.153,1.5925723706248909,3.0896044465378836,0.04854990423388515,0.12911293965003529,0.9803921568627451,3.642027984060551,3.968447584738178,4.449606197190837,1e-12,0.010902060521234078,0.29546038505074523,0.00010000011857921843,0.949961144587546,1.0,0.0005912552900622074,0.9617607869588207,1.0,0.022263171355498768,0.9654508704731315,1.0,0.03225806451612903,0.03225806451612903,0.03225806451612903,0.03225806451612903,0.03225806451612903,1.613606776800854,-0.4931777304644783,0.2207187533568026,0.17418059759158144
10.4,0.46980469594449703,0.2205881946781414,0.4720297538943753,0.005798299943536498,4.0200580347765635,0.153,1.900412980678552,3.710312364412231,0.040427863011949464,0.11711372058883804,0.9803921568627451,3.727074252066788,4.0200580347765635,4.447394487778836,1e-12,0.011824910919836219,0.32567178015089243,0.00010000011857921843,0.9612893641707998,1.0,0.0005912552900622074,0.965590799725331,1.0,0.022263171355498768,0.9673726965476837,1.0,0.03225806451612903,0.03225806451612903,0.03225806451612903,0.03225806451612903,0.03225806451612903,1.5295392606800038,-0.4720297538943753,0.2205881946781414,0.15622983818513164
10.600000000000001,0.456045353191494,0.22101389242819441,0.4572585709354735,0.0061305603897614325,4.06842522768339,0.153,2.1746637587940363,4.155024757446687,0.03610086792651912,0.10752467046172613,0.9803921568627451,3.804748948938568,4.06842522768339,4.456177576069698,1e-12,0.012452152449638333,0.3467734700921806,0.00010000011857921843,0.967504574636848,1.0,0.0005912552900622074,0.9676807088296853,1.0,0.022263171355498768,0.9684199396029181,1.0,0.03225806451612903,0.03225806451612903,0.03225806451612903,0.03225806451612903,0.03225806451612903,1.4840634407609594,-0.4572585709354735,0.22101389242819441,0.14204785995830088
10.8,0.4454730311855545,0.22175580918736043,0.44613607833761215,0.006313319505315401,4.1142605981763305,0.153,2.427493077515655,4.4925284318335805,0.0333887703274432,0.09940045730972928,0.9803921568627451,3.87451640738163,4.1142605981763305,4.471265072267683,1e-12,0.012912466909116406,0.36266274523198255,0.00010000011857921843,0.9677451612941477,1.0,0.0005912552900622074,0.9677610082351633,1.0,0.022263171355498768,0.9684601023017902,1.0,0.03225806451612903,0.03225806451612903,0.03225806451612903,0.03225806451612903,0.03225806451612903,1.4575378734056168,-0.44613607833761215,0.22175580918736043,0.1307988277040158
11.0,0.4371413606723092,0.22271460325331105,0.4374689998994137,0.006409822588742411,4.158046441663127,0.153,2.6653460664164483,4.7686113301047035,0.031455698444751726,0.09254079731116321,0.9803921568627451,3.937502922133085,4.158046441663127,4.490686752778449,1e-12,0.013261480928753821,0.37504428585798044,0.00010000011857921843,0.9677451612941477,1.0,0.0005912552900622074,0.9677610082351633,1.0,0.022263171355498768,0.9684601023017902,1.0,0.03225806451612903,0.03225806451612903,0.03225806451612903,0.03225806451612903,0.03225806451612903,1.4424077253978245,-0.4374689998994137,0.22271460325331105,0.12184622712723568
11.200000000000001,0.4304369813362268,0.22382897178023076,0.4305495255348647,0.006452303279474434,4.200129127780021,0.153,2.8921724788585097,5.006309836368191,0.029962188698416027,0.08683865542397486,0.9803921568627451,3.9949866872052433,4.200129127780021,4.513218252846993,1e-12,0.013532022858294602,0.3849292492359076,0.00010000011857921843,0.9677451612941477,1.0,0.0005912552900622074,0.9677610082351633,1.0,0.022263171355498768,0.9684601023017902,1.0,0.03225806451612903,0.03225806451612903,0.03225806451612903,0.03225806451612903,0.03225806451612903,1.4347269512514162,-0.4305495255348647,0.22382897178023076,0.1146732124627199
11.4,0.424908544076978,0.22505364833149175,0.4248806403332844,0.006459779566196787,4.240760505897372,0.153,3.1105429794218447,5.2189947618507215,0.028741166995693266,0.08212520150980746,0.9803921568627451,4.048056809034128,4.240760505897373,4.537952951442583,1e-12,0.01374705595766018,0.3930276566667365,0.00010000011857921843,0.9677451612941477,1.0,0.0005912552900622074,0.9677610082351633,1.0,0.022263171355498768,0.9684601023017902,1.0,0.03225806451612903,0.03225806451612903,0.03225806451612903,0.03225806451612903,0.03225806451612903,1.4320501426232826,-0.4248806403332844,0.22505364833149175,0.10886706629238217
11.600000000000001,0.4202105818830945,0.2263529279419134,0.4200908158105332,0.0064443594566627556,4.280121301612307,0.153,3.3221712669433368,5.414977847063485,0.027700944350371487,0.07821210001677308,0.9803921568627451,4.097579282755648,4.280121301612307,4.564175122561422,1e-12,0.013923699295630315,0.3998702631278097,0.00010000011857921843,0.9677451612941477,1.0,0.0005912552900622074,0.9677610082351633,1.0,0.022263171355498768,0.9684601023017902,1.0,0.03225806451612903,0.03225806451612903,0.03225806451612903,0.03225806451612903,0.03225806451612903,1.4327257177099002,-0.4200908158105332,0.2263529279419134,0.10410056339597859
11.8,0.41608305049492766,0.22769826003158455,0.41590376997534695,0.006414015722743774,4.318338363064442,0.153,3.528203728776936,5.599490677524856,0.02678815067985871,0.07493220518486124,0.9803921568627451,4.144226735236974,4.318338363064442,4.591312481174068,1e-12,0.014074666171336011,0.40585175717807576,0.00010000011857921843,0.9677451612941477,1.0,0.0005912552900622074,0.9677610082351633,1.0,0.022263171355498768,0.9684601023017902,1.0,0.03225806451612903,0.03225806451612903,0.03225806451612903,0.03225806451612903,0.03225806451612903,1.4356050042917563,-0.41590376997534695,0.22769826003158455,0.10011615880575737
12.0,0.4123364334692867,0.2290670415484687,0.4121194726223404,0.006374088603379409,4.355498849453058,0.153,3.7294038767421394,5.775785047020225,0.02597049557399755,0.07215146607319467,0.9803921568627451,4.188514518489871,4.355498849453058,4.618912134743367,1e-12,0.014209151955813817,0.4112578962537993,0.00010000011857921843,0.9677451612941477,1.0,0.0005912552900622074,0.9677610082351633,1.0,0.022263171355498768,0.9684601023017902,1.0,0.03225806451612903,0.03225806451612903,0.03225806451612903,0.03225806451612903,0.03225806451612903,1.4398860839932504,-0.4121194726223404,0.2290670415484687,0.09671357680568103
12.200000000000001,0.408834670313665,0.23044159401709022,0.4085949406098818,0.006328215039427563,4.391661895150477,0.153,3.926288896486288,5.945867012570961,0.02522760762776307,0.06976665356364779,0.9803921568627451,4.230834663127011,4.391661895150478,4.646620000624183,1e-12,0.014333714114988693,0.41629294198588324,0.00010000011857921843,0.9677451612941477,1.0,0.0005912552900622074,0.9677610082351633,1.0,0.022263171355498768,0.9684601023017902,1.0,0.03225806451612903,0.03225806451612903,0.03225806451612903,0.03225806451612903,0.03225806451612903,1.4450066374028998,-0.4085949406098818,0.23044159401709022,0.09373851460777381
12.4,0.4122075906054634,0.23192550218922672,0.4114814416527768,0.0062281098469178205,4.427292033408369,0.153,4.099062359637968,6.0,0.024999999999999998,0.06779880961838974,0.9803921568627451,4.271480632262269,4.427292033408369,4.676697443988886,1e-12,0.014176878187438112,0.4121693690674617,0.00010000011857921843,0.9677451612941477,1.0,0.0005912552900622074,0.9677610082351633,1.0,0.022263171355498768,0.9684601023017902,1.0,0.03225806451612903,0.03225806451612903,0.03225806451612903,0.03225806451612903,0.03225806451612903,1.465893522088446,-0.4114814416527768,0.23192550218922672,0.09163687046573375
12.600000000000001,0.4196378601870406,0.23374546674810726,0.4188134163089832,0.006072189149749778,4.463907907460133,0.153,4.2428710775169,6.0,0.024999999999999998,0.06622454522001517,0.9803921568627451,4.310691756165804,4.463907907460133,4.713518790977133,1e-12,0.013817661166559752,0.4016951195585953,0.00010000011857921843,0.9677451612941477,1.0,0.0005912552900622074,0.9677610082351633,1.0,0.022263171355498768,0.9684601023017902,1.0,0.03225806451612903,0.03225806451612903,0.03225806451612903,0.03225806451612903,0.03225806451612903,1.5000260114252735,-0.4188134163089832,0.23374546674810726,0.09123020810410568
12.8,0.4272808325770018,0.2357678927009184,0.42639577259069816,0.005900770841685687,4.501649636743822,0.153,4.372142175799424,6.0,0.024999999999999998,0.06492391227630157,0.9803921568627451,4.34885458029183,4.501649636743822,4.754378184623671,1e-12,0.01344377602355889,0.3908631820132883,0.00010000011857921843,0.9677451612941477,1.0,0.0005912552900622074,0.9677610082351633,1.0,0.022263171355498768,0.9684601023017902,1.0,0.03225806451612903,0.03225806451612903,0.03225806451612903,0.03225806451612903,0.03225806451612903,1.53762536045309,-0.42639577259069816,0.2357678927009184,0.0918724132203431
13.0,0.43493081295710256,0.23793238739654687,0.434009007935422,0.005719747184931239,4.540503982852045,0.153,4.489809142095791,6.0,0.024999999999999998,0.06383588528250878,0.9803921568627451,4.38652663807343,4.540503982852045,4.798077994036589,1e-12,0.013066356383772081,0.3799871315208257,0.00010000011857921843,0.9677451612941477,1.0,0.0005912552900622074,0.9677610082351633,1.0,0.022263171355498768,0.9684601023017902,1.0,0.03225806451612903,0.03225806451612903,0.03225806451612903,0.03225806451612903,0.03225806451612903,1.577710185404418,-0.434009007935422,0.23793238739654687,0.09320286442755434
13.200000000000001,0.4424016525662533,0.24020092873002988,0.44146721544513573,0.005533609782675976,4.580431488220392,0.153,4.597200844988318,6.0,0.024999999999999998,0.06291666576945018,0.9803921568627451,4.424198798078482,4.580431488220392,4.843857505007106,1e-12,0.012694585273024502,0.3693325493640917,0.00010000011857921843,0.9677451612941477,1.0,0.0005912552900622074,0.9677610082351633,1.0,0.022263171355498768,0.9684601023017902,1.0,0.03225806451612903,0.03225806451612903,0.03225806451612903,0.03225806451612903,0.03225806451612903,1.6195081948566556,-0.44146721544513573,0.24020092873002988,0.09496284504926081
13.4,0.449592244504099,0.24254325277137279,0.4486533581514035,0.005346101652762051,4.621361102193908,0.153,4.694562888923462,6.0,0.024999999999999998,0.06213715737016585,0.9803921568627451,4.4622237246167975,4.621361102193908,4.8911124837993185,1e-12,0.012334453166423781,0.35906663121228066,0.00010000011857921843,0.9677451612941477,1.0,0.0005912552900622074,0.9677610082351633,1.0,0.022263171355498768,0.9684601023017902,1.0,0.03225806451612903,0.03225806451612903,0.03225806451612903,0.03225806451612903,0.03225806451612903,1.6624285355045694,-0.4486533581514035,0.24254325277137279,0.09695481209457274
13.600000000000001,0.4565454581969928,0.24494223028196785,0.45561173059722043,0.005158693975826699,4.663231386682695,0.153,4.783453220193803,6.0,0.024999999999999998,0.06146898870359667,0.9803921568627451,4.500832011174373,4.663231386682695,4.939501830171174,1e-12,0.011984478186865459,0.3491260991468279,0.00010000011857921843,0.9677451612941477,1.0,0.0005912552900622074,0.9677610082351633,1.0,0.022263171355498768,0.9684601023017902,1.0,0.03225806451612903,0.03225806451612903,0.03225806451612903,0.03225806451612903,0.03225806451612903,1.7063860820106576,-0.45561173059722043,0.24494223028196785,0.09906092232924782
13.8,0.46323312987237536,0.24738466702375317,0.4623120827162117,0.004973106751798373,4.705981765613665,0.153,4.864816252934162,6.0,0.024999999999999998,0.060891281854672415,0.9803921568627451,4.540161362559106,4.705981765613665,4.988761136696249,1e-12,0.011646373928005075,0.3395541675482689,0.00010000011857921843,0.9677451612941477,1.0,0.0005912552900622074,0.9677610082351633,1.0,0.022263171355498768,0.9684601023017902,1.0,0.03225806451612903,0.03225806451612903,0.03225806451612903,0.03225806451612903,0.03225806451612903,1.7511390861735252,-0.4623120827162117,0.24738466702375317,0.1011979645407214
14.0,0.46964248004524284,0.2498604087730111,0.4687397893780323,0.004790653486123897,4.749550000777046,0.153,4.939374487732221,6.0,0.024999999999999998,0.06038820405018626,0.9803921568627451,4.580284207352625,4.749550000777046,5.038687113368445,1e-12,0.011321072179207279,0.33037172945995386,0.00010000011857921843,0.9677451612941477,1.0,0.0005912552900622074,0.9677610082351633,1.0,0.022263171355498768,0.9684601023017902,1.0,0.03225806451612903,0.03225806451612903,0.03225806451612903,0.03225806451612903,0.03225806451612903,1.7965015767588028,-0.4687397893780323,0.2498604087730111,0.10330891441096887
14.200000000000001,0.47577116198062896,0.25236172654410266,0.4748909770758819,0.004612308915857267,4.793874186706166,0.153,5.007739862522654,6.0,0.024999999999999998,0.059947438875564765,0.9803921568627451,4.621229537022451,4.793874186706167,5.089125024739224,1e-12,0.011008954118694216,0.3215843184630258,0.00010000011857921843,0.9677451612941477,1.0,0.0005912552900622074,0.9677610082351633,1.0,0.022263171355498768,0.9684601023017902,1.0,0.03225806451612903,0.03225806451612903,0.03225806451612903,0.03225806451612903,0.03225806451612903,1.8423320012082982,-0.4748909770758819,0.25236172654410266,0.1053557695252819
14.4,0.4816235021012541,0.25488269686645165,0.48076876108223643,0.004438778529200398,4.838894055649051,0.153,5.070452507529428,6.0,0.024999999999999998,0.05955922876859486,0.9803921568627451,4.662997201660429,4.838894055649052,5.139956264346293,1e-12,0.01071003262102169,0.31318748416823355,0.00010000011857921843,0.9677451612941477,1.0,0.0005912552900622074,0.9677610082351633,1.0,0.022263171355498768,0.9684601023017902,1.0,0.03225806451612903,0.03225806451612903,0.03225806451612903,0.03225806451612903,0.03225806451612903,1.8885218765636023,-0.48076876108223643,0.25488269686645165,0.10731402053864587
14.600000000000001,0.48720793495677306,0.2574187697445128,0.48638067398730106,0.004270553761987931,4.884551658273605,0.153,5.127994460444889,6.0,0.024999999999999998,0.05921574848802067,0.9803921568627451,4.705566772426953,4.884551658273605,5.191089696963527,1e-12,0.010424078423319185,0.30517046573242707,0.00010000011857921843,0.9677451612941477,1.0,0.0005912552900622074,0.9677610082351633,1.0,0.022263171355498768,0.9684601023017902,1.0,0.03225806451612903,0.03225806451612903,0.03225806451612903,0.03225806451612903,0.03225806451612903,1.934987873933603,-0.48638067398730106,0.2574187697445128,0.10916902683270141
14.8,0.49253529941928276,0.25996638266767474,0.4917367841250464,0.004107961891451129,4.930791820210181,0.153,5.1808034186075265,6.0,0.024999999999999998,0.05891062597536164,0.9803921568627451,4.748905154050154,4.930791820210181,5.24245394036133,1e-12,0.010150714462217625,0.29751887982136227,0.00010000011857921843,0.9677451612941477,1.0,0.0005912552900622074,0.9677610082351633,1.0,0.022263171355498768,0.9684601023017902,1.0,0.03225806451612903,0.03225806451612903,0.03225806451612903,0.03225806451612903,0.03225806451612903,1.9816647498239115,-0.4917367841250464,0.25996638266767474,0.11091284848592933
15.0,0.4976175989136443,0.26252270477903733,0.49684854525147215,0.003951201692201803,4.977562304365586,0.153,5.2292783106615905,6.0,0.024999999999999998,0.05863861542373162,0.9803921568627451,4.792971344644753,4.977562304365586,5.293992246779187,1e-12,0.009889474650749928,0.29021636392646827,0.00010000011857921843,0.9677451612941477,1.0,0.0005912552900622074,0.9677610082351633,1.0,0.022263171355498768,0.9684601023017902,1.0,0.03225806451612903,0.03225806451612903,0.03225806451612903,0.03225806451612903,0.03225806451612903,2.0285006602872495,-0.49684854525147215,0.26252270477903733,0.11254220435546056
15.200000000000001,0.5024672966271375,0.26508546109571035,0.5017280282217631,0.003800371890308041,5.024813835104807,0.153,5.2737821401379925,6.0,0.024999999999999998,0.05839536354948136,0.9803921568627451,4.837719565286897,5.024813835104807,5.345658986140533,1e-12,0.009639844071993395,0.2832456739689097,0.00010000011857921843,0.9677451612941477,1.0,0.0005912552900622074,0.9677610082351633,1.0,0.022263171355498768,0.9684601023017902,1.0,0.03225806451612903,0.03225806451612903,0.03225806451612903,0.03225806451612903,0.03225806451612903,2.0754539416422264,-0.5017280282217631,0.26508546109571035,0.11405709824985882
15.4,0.5070969363493839,0.2676527810281533,0.5063873811162105,0.0036554951184750665,5.0725000524924315,0.153,5.314646335236575,6.0,0.024999999999999998,0.05817722295773447,0.9803921568627451,4.883101867869647,5.072500052492432,5.397416619588947,1e-12,0.009401288111697482,0.2765894555482707,0.00010000011857921843,0.9677451612941477,1.0,0.0005912552900622074,0.9677610082351633,1.0,0.022263171355498768,0.9684601023017902,1.0,0.03225806451612903,0.03225806451612903,0.03225806451612903,0.03225806451612903,0.03225806451612903,2.122490336789266,-0.5063873811162105,0.2676527810281533,0.115459655154004
15.600000000000001,0.5115186504778796,0.27022309059543403,0.5108385255013729,0.003516535456371546,5.120577416633593,0.153,5.352174362963847,6.0,0.024999999999999998,0.057981110566182756,0.9803921568627451,4.929069917897921,5.120577416633593,5.449233544110546,1e-12,0.009173269555191148,0.2702306778551816,0.00010000011857921843,0.9677451612941477,1.0,0.0005912552900622074,0.9677610082351633,1.0,0.022263171355498768,0.9684601023017902,1.0,0.03225806451612903,0.03225806451612903,0.03225806451612903,0.03225806451612903,0.03225806451612903,2.169581020856447,-0.5108385255013729,0.27022309059543403,0.11675330740566152
15.8,0.5157441555670714,0.2727950383456474,0.5150929530482822,0.003383412301533364,5.169005066512614,0.153,5.3866446281908145,6.0,0.024999999999999998,0.057804399735177904,0.9803921568627451,4.975576085653811,5.169005066512615,5.501082610733469,1e-12,0.008955260748421604,0.26415292421673964,0.00010000011857921843,0.9677451612941477,1.0,0.0005912552900622074,0.9677610082351633,1.0,0.022263171355498768,0.9684601023017902,1.0,0.03225806451612903,0.03225806451612903,0.03225806451612903,0.03225806451612903,0.03225806451612903,2.216701244814439,-0.5150929530482822,0.2727950383456474,0.11794226290603707
16.0,0.5197845733902168,0.2753674539270891,0.5191616460246357,0.003256009958722215,5.217744681051787,0.153,5.4183113477589995,6.0,0.024999999999999998,0.05764484469861073,0.9803921568627451,5.0225739475138225,5.217744681051787,5.552940296765424,1e-12,0.00874674918203954,0.25834050567909195,0.00010000011857921843,0.9677451612941477,1.0,0.0005912552900622074,0.9677610082351633,1.0,0.022263171355498768,0.9684601023017902,1.0,0.03225806451612903,0.03225806451612903,0.03225806451612903,0.03225806451612903,0.03225806451612903,2.2638295766208185,-0.5191616460246357,0.2753674539270891,0.11903123061155034
16.2,0.5236504258901596,0.27793930019486657,0.5230550088092383,0.003134187455234948,5.266760314910555,0.153,5.447407792271236,6.0,0.024999999999999998,0.057500508969390116,0.9803921568627451,5.070018870542187,5.266760314910555,5.604785748758851,1e-12,0.008547242508383584,0.25277855884394534,0.00010000011857921843,0.9677451612941477,1.0,0.0005912552900622074,0.9677610082351633,1.0,0.022263171355498768,0.9684601023017902,1.0,0.03225806451612903,0.03225806451612903,0.03225806451612903,0.03225806451612903,0.03225806451612903,2.310947024257928,-0.5230550088092383,0.27793930019486657,0.12002510210282476
16.400000000000002,0.5273516061257382,0.2805096474107373,0.52678285254674,0.00301778561297878,5.316018256778635,0.153,5.474147776267244,6.0,0.024999999999999998,0.057369715264420675,0.9803921568627451,5.117868234185653,5.316018256778636,5.6566002653463014,1e-12,0.008356270622060959,0.2474530677903714,0.00010000011857921843,0.9677451612941477,1.0,0.0005912552900622074,0.9677610082351633,1.0,0.022263171355498768,0.9684601023017902,1.0,0.03225806451612903,0.03225806451612903,0.03225806451612903,0.03225806451612903,0.03225806451612903,2.3580365631040583,-0.52678285254674,0.2805096474107373,0.12092879864705565
16.6,0.5308973838673248,0.2830776552149609,0.5303544052136198,0.0029066314197366693,5.365486891703911,0.153,5.498727010323731,6.0,0.024999999999999998,0.057251005257579146,0.9803921568627451,5.16608151612272,5.365486891703911,5.708366937947357,1e-12,0.008173386322874244,0.24235084969482878,0.00010000011857921843,0.9677451612941477,1.0,0.0005912552900622074,0.9677610082351633,1.0,0.022263171355498768,0.9684601023017902,1.0,0.03225806451612903,0.03225806451612903,0.03225806451612903,0.03225806451612903,0.03225806451612903,2.4050828058247213,-0.5303544052136198,0.2830776552149609,0.12174717946437376
16.8,0.5342964292097341,0.28564255786299964,0.5337783257111565,0.002800540377703241,5.4151365682098325,0.153,5.52132443989175,6.0,0.024999999999999998,0.057143106458559745,0.9803921568627451,5.214620323369249,5.415136568209833,5.7600703549285726,1e-12,0.007998165615008355,0.23745953469834793,0.00010000011857921843,0.9677451612941477,1.0,0.0005912552900622074,0.9677610082351633,1.0,0.022263171355498768,0.9684601023017902,1.0,0.03225806451612903,0.03225806451612903,0.03225806451612903,0.03225806451612903,0.03225806451612903,2.4520717320295167,-0.5337783257111565,0.28564255786299964,0.12248497404043351
17.0,0.5375569235578702,0.28820364794666764,0.5370627248410742,0.0026993267832949625,5.464939457756763,0.153,5.542104378227358,6.0,0.024999999999999998,0.05704490095143196,0.9803921568627451,5.263448459750923,5.464939457756763,5.81169627596014,1e-12,0.007830207657306321,0.23276753594132246,0.00010000011857921843,0.9677451612941477,1.0,0.0005912552900622074,0.9677610082351633,1.0,0.022263171355498768,0.9684601023017902,1.0,0.03225806451612903,0.03225806451612903,0.03225806451612903,0.03225806451612903,0.03225806451612903,2.4989903900581485,-0.5370627248410742,0.28820364794666764,0.12314670086877404
17.2,0.5406861544206105,0.29076025552606594,0.5402152176303174,0.0026027970010103225,5.51486890364586,0.153,5.56122076642555,6.0,0.024999999999999998,0.05695538890270257,0.9803921568627451,5.3125310963388594,5.51486890364586,5.863231207630078,1e-12,0.007669132752116732,0.22826397481383218,0.00010000011857921843,0.9677451612941477,1.0,0.0005912552900622074,0.9677610082351633,1.0,0.022263171355498768,0.9684601023017902,1.0,0.03225806451612903,0.03225806451612903,0.03225806451612903,0.03225806451612903,0.03225806451612903,2.5458265141240397,-0.5402152176303174,0.29076025552606594,0.12373674973599567
17.400000000000002,0.5436920507808016,0.2933117815721909,0.5432428051144179,0.0025107629592490094,5.5649008801056805,0.153,5.578807861827547,6.0,0.024999999999999998,0.05687371835280243,0.9803921568627451,5.361836793430338,5.5649008801056805,5.914663095477314,1e-12,0.007514588956696238,0.22393884983654574,0.00010000011857921843,0.9677451612941477,1.0,0.0005912552900622074,0.9677610082351633,1.0,0.022263171355498768,0.9684601023017902,1.0,0.03225806451612903,0.03225806451612903,0.03225806451612903,0.03225806451612903,0.03225806451612903,2.5925691395134876,-0.5432428051144179,0.2933117815721909,0.12425911165663102
17.6,0.5465805307368297,0.29585768272840707,0.5461522945803958,0.0024230297829968763,5.615012914523048,0.153,5.594988740197957,6.0,0.024999999999999998,0.05679913415830148,0.9803921568627451,5.411336025378084,5.615012914523048,5.965980997558009,1e-12,0.007366231681270514,0.21978243631372024,0.00010000011857921843,0.9677451612941477,1.0,0.0005912552900622074,0.9677610082351633,1.0,0.022263171355498768,0.9684601023017902,1.0,0.03225806451612903,0.03225806451612903,0.03225806451612903,0.03225806451612903,0.03225806451612903,2.639208319503111,-0.5461522945803958,0.29585768272840707,0.12471761180175713
17.8,0.5493579996691142,0.2983974246972016,0.5489498767202313,0.0023394104038635156,5.665183060067962,0.153,5.609881968640944,6.0,0.024999999999999998,0.05673093929176261,0.9803921568627451,5.460999933342343,5.665183060067962,6.017174145613211,1e-12,0.0072237452507959085,0.21578589039966947,0.00010000011857921843,0.9677451612941477,1.0,0.0005912552900622074,0.9677610082351633,1.0,0.022263171355498768,0.9684601023017902,1.0,0.03225806451612903,0.03225806451612903,0.03225806451612903,0.03225806451612903,0.03225806451612903,2.6857342738110783,-0.5489498767202313,0.2983974246972016,0.1251159718809432
18.0,0.5520303032012739,0.30093050469261445,0.5516413643609929,0.0022597203872546908,5.715390765449578,0.153,5.623595225414812,6.0,0.024999999999999998,0.05666851731009477,0.9803921568627451,5.5108015091317535,5.715390765449578,6.068232412494412,1e-12,0.007086831368328428,0.2119409080557244,0.00010000011857921843,0.9677451612941477,1.0,0.0005912552900622074,0.9677610082351633,1.0,0.022263171355498768,0.9684601023017902,1.0,0.03225806451612903,0.03225806451612903,0.03225806451612903,0.03225806451612903,0.03225806451612903,2.7321377997205714,-0.5516413643609929,0.30093050469261445,0.12545766588098833
18.2,0.554602858749855,0.3034564559945718,0.5542322275437749,0.0021837782543699764,5.765616876465332,0.153,5.63622632196718,6.0,0.024999999999999998,0.056611321695949034,0.9803921568627451,5.560715602049952,5.765616876465333,6.119146395711291,1e-12,0.0069552077622297035,0.20823967493746445,0.00010000011857921843,0.9677451612941477,1.0,0.0005912552900622074,0.9677610082351633,1.0,0.022263171355498768,0.9684601023017902,1.0,0.03225806451612903,0.03225806451612903,0.03225806451612903,0.03225806451612903,0.03225806451612903,2.7784103553249766,-0.5542322275437749,0.3034564559945718,0.12574593435944664
18.400000000000002,0.5570807923792213,0.30597484473499736,0.5567275942594391,0.0021114094716357524,5.815843489325886,0.153,5.647864062568995,6.0,0.024999999999999998,0.056558867130785034,0.9803921568627451,5.610718718936043,5.815843489325886,6.169907354094935,1e-12,0.006828608409219401,0.20467486534365845,0.00010000011857921843,0.9677451612941477,1.0,0.0005912552900622074,0.9677610082351633,1.0,0.022263171355498768,0.9684601023017902,1.0,0.03225806451612903,0.03225806451612903,0.03225806451612903,0.03225806451612903,0.03225806451612903,2.8245440005427316,-0.5567275942594391,0.30597484473499736,0.12598381287446866
18.6,0.559468866143545,0.3084852645215357,0.5591322742703481,0.002042444240564847,5.866053754055302,0.153,5.6585900213250735,6.0,0.024999999999999998,0.05651071766384244,0.9803921568627451,5.660788751244955,5.866053754055303,6.220507098905452,1e-12,0.006706782562441553,0.20123960818521697,0.00010000011857921843,0.9677451612941477,1.0,0.0005912552900622074,0.9677610082351633,1.0,0.022263171355498768,0.9684601023017902,1.0,0.03225806451612903,0.03225806451612903,0.03225806451612903,0.03225806451612903,0.03225806451612903,2.8705312986627747,-0.5591322742703481,0.3084852645215357,0.12617416560128222
18.8,0.5617715698903234,0.31098733293327047,0.561450779999617,0.0019767180997899802,5.916231783638812,0.153,5.66847935378688,6.0,0.024999999999999998,0.056466479999156126,0.9803921568627451,5.710904855867886,5.916231783638812,6.270937923196744,1e-12,0.00658949394676926,0.19792745714340423,0.00010000011857921843,0.9677451612941477,1.0,0.0005912552900622074,0.9677610082351633,1.0,0.022263171355498768,0.9684601023017902,1.0,0.03225806451612903,0.03225806451612903,0.03225806451612903,0.03225806451612903,0.03225806451612903,2.916365252078167,-0.561450779999617,0.31098733293327047,0.12631969525110648
19.0,0.5639931199724916,0.3134806903790687,0.5636873482417266,0.0019140740497812889,5.966362620849661,0.153,5.677601085024344,6.0,0.024999999999999998,0.05642579966005517,0.9803921568627451,5.761047420839321,5.966362620849661,6.32119257978952,1e-12,0.006476519830764926,0.1947323596546762,0.00010000011857921843,0.9677451612941477,1.0,0.0005912552900622074,0.9677610082351633,1.0,0.022263171355498768,0.9684601023017902,1.0,0.03225806451612903,0.03225806451612903,0.03225806451612903,0.03225806451612903,0.03225806451612903,2.9620392814269594,-0.5636873482417266,0.3134806903790687,0.12642294577272478
19.200000000000003,0.56613744556267,0.3159649995463334,0.5658459595792603,0.0018543602183843744,6.016432206330684,0.153,5.686018410389103,6.0,0.024999999999999998,0.05638835752837772,0.9803921568627451,5.811198024214669,6.016432206330684,6.371264269758896,1e-12,0.006367650183914065,0.19164862917248526,0.00010000011857921843,0.9677451612941477,1.0,0.0005912552900622074,0.9677610082351633,1.0,0.022263171355498768,0.9684601023017902,1.0,0.03225806451612903,0.03225806451612903,0.03225806451612903,0.03225806451612903,0.03225806451612903,3.007547215460872,-0.5658459595792603,0.3159649995463334,0.12648630837113436
19.400000000000002,0.5682082765259842,0.3184399443030877,0.5679303586896093,0.001797431017116493,6.066427322081731,0.153,5.693789198333829,6.0,0.024999999999999998,0.056353865870587584,0.9803921568627451,5.861339358840008,6.066427322081731,6.4211466204202825,1e-12,0.006262686807950208,0.18867091615770104,0.00010000011857921843,0.9677451612941477,1.0,0.0005912552900622074,0.9677610082351633,1.0,0.022263171355498768,0.9684601023017902,1.0,0.03225806451612903,0.03225806451612903,0.03225806451612903,0.03225806451612903,0.03225806451612903,3.052883270939367,-0.5679303586896093,0.3184399443030877,0.12651203249401946
19.6,0.5702091001460521,0.32090522788334885,0.5699440656965836,0.0017431472995221525,6.116335518644347,0.153,5.700966667571851,6.0,0.024999999999999998,0.056322063933357334,0.9803921568627451,5.911455122491495,6.116335518644347,6.4708336486260265,1e-12,0.0061614428301791065,0.18579419186202342,0.00010000011857921843,0.9677451612941477,1.0,0.0005912552900622074,0.9677610082351633,1.0,0.022263171355498768,0.9684601023017902,1.0,0.03225806451612903,0.03225806451612903,0.03225806451612903,0.03225806451612903,0.03225806451612903,3.0980420193102414,-0.5699440656965836,0.32090522788334885,0.12650224086600667
19.8,0.5721432976482649,0.3233605736278023,0.5718903913162212,0.0016913764849428266,6.166145141561763,0.153,5.707599190433349,6.0,0.024999999999999998,0.05629271758204574,0.9803921568627451,5.9615300626533365,6.166145141561763,6.520319776477385,1e-12,0.006063742046384531,0.18301372669111254,0.00010000011857921843,0.9677451612941477,1.0,0.0005912552900622074,0.9677610082351633,1.0,0.022263171355498768,0.9684601023017902,1.0,0.03225806451612903,0.03225806451612903,0.03225806451612903,0.03225806451612903,0.03225806451612903,3.143018400328217,-0.5718903913162212,0.3233605736278023,0.12645892366738024
20.0,0.5740137758065406,0.32580572049033313,0.5737724716420236,0.0016419915147517794,6.21584514869764,0.153,5.713731658234318,6.0,0.024999999999999998,0.05626561239956057,0.9803921568627451,6.011549727690632,6.21584514869764,6.56959973968744,1e-12,0.005969417225220104,0.18032504051139486,0.00010000011857921843,0.9677451612941477,1.0,0.0005912552900622074,0.9677610082351633,1.0,0.022263171355498768,0.9684601023017902,1.0,0.03225806451612903,0.03225806451612903,0.03225806451612903,0.03225806451612903,0.03225806451612903,3.187807639819647,-0.5737724716420236,0.32580572049033313,0.12638397065470125
20.200000000000003,0.5758235165140811,0.32824042273263765,0.5755932435862094,0.0015948710884766328,6.265425128256662,0.153,5.719405381940798,6.0,0.024999999999999998,0.05624055330700393,0.9803921568627451,6.061500492112805,6.265425128256662,6.618668581531197,1e-12,0.005878311392568281,0.17772393773398645,0.00010000011857921843,0.9677451612941477,1.0,0.0005912552900622074,0.9677610082351633,1.0,0.022263171355498768,0.9684601023017902,1.0,0.03225806451612903,0.03225806451612903,0.03225806451612903,0.03225806451612903,0.03225806451612903,3.232405243815142,-0.5755932435862094,0.32824042273263765,0.12627916470134606
20.400000000000002,0.5775751536812632,0.330664450292868,0.5773554884888804,0.001549900100851557,6.314875293062114,0.153,5.724658164988978,6.0,0.024999999999999998,0.056217363558649286,0.9803921568627451,6.111369550640422,6.314875293062114,6.667521661802364,1e-12,0.005790275679396992,0.17520644501588514,0.00010000011857921843,0.9677451612941477,1.0,0.0005912552900622074,0.9677610082351633,1.0,0.022263171355498768,0.9684601023017902,1.0,0.03225806451612903,0.03225806451612903,0.03225806451612903,0.03225806451612903,0.03225806451612903,3.2768070055715794,-0.5773554884888804,0.330664450292868,0.12614618520210213
20.6,0.5793270105542159,0.3330784327987537,0.5791094167283364,0.001506301620025697,6.3641891709493,0.153,5.729328301655608,6.0,0.024999999999999998,0.05619689857049917,0.9803921568627451,6.1611449361693476,6.3641891709493,6.716173419836505,1e-12,0.005702986966482948,0.17270083324523366,0.00010000011857921843,0.9677451612941477,1.0,0.0005912552900622074,0.9677610082351633,1.0,0.022263171355498768,0.9684601023017902,1.0,0.03225806451612903,0.03225806451612903,0.03225806451612903,0.03225806451612903,0.03225806451612903,3.321588236715572,-0.5791094167283364,0.3330784327987537,0.12599087115590807
20.8,0.5810783717017425,0.3354850877863697,0.5808712430497869,0.0014637718279211398,6.413373767000812,0.153,5.733398029969909,6.0,0.024999999999999998,0.05617926821747835,0.9803921568627451,6.210815112991831,6.413373767000812,6.764676983213323,1e-12,0.005615669604817732,0.17018393850030444,0.00010000011857921843,0.9677451612941477,1.0,0.0005912552900622074,0.9677610082351633,1.0,0.022263171355498768,0.9684601023017902,1.0,0.03225806451612903,0.03225806451612903,0.03225806451612903,0.03225806451612903,0.03225806451612903,3.3669649272240285,-0.5808712430497869,0.3354850877863697,0.12582633352620037
21.0,0.5827754498583027,0.3378827351801408,0.5825770211224506,0.001423158356158105,6.46242286445536,0.153,5.737143286995631,6.0,0.024999999999999998,0.05616305109381196,0.9803921568627451,6.260371957523456,6.46242286445536,6.812997734123829,1e-12,0.005531244394474449,0.16774711268221348,0.00010000011857921843,0.9677451612941477,1.0,0.0005912552900622074,0.9677610082351633,1.0,0.022263171355498768,0.9684601023017902,1.0,0.03225806451612903,0.03225806451612903,0.03225806451612903,0.03225806451612903,0.03225806451612903,3.4121716670528426,-0.5825770211224506,0.3378827351801408,0.1256468868050865
21.200000000000003,0.5844182947048732,0.34027037775114155,0.5842287795868405,0.0013843746533792863,6.5113275750802835,0.153,5.740590379546851,6.0,0.024999999999999998,0.05614812831628487,0.9803921568627451,6.30980942936979,6.5113275750802835,6.861115981160008,1e-12,0.0054496034058517315,0.165387457733085,0.00010000011857921843,0.9677451612941477,1.0,0.0005912552900622074,0.9677610082351633,1.0,0.022263171355498768,0.9684601023017902,1.0,0.03225806451612903,0.03225806451612903,0.03225806451612903,0.03225806451612903,0.03225806451612903,3.457189681831949,-0.5842287795868405,0.34027037775114155,0.12544976210499506
21.400000000000002,0.5860096446566038,0.34264744441698686,0.5858286435323129,0.001347334394856171,6.560079291215947,0.153,5.743764327102059,6.0,0.024999999999999998,0.056134387750203005,0.9803921568627451,6.359122203822401,6.560079291215947,6.9090202888371355,1e-12,0.005370634362913003,0.16310193781098156,0.00010000011857921843,0.9677451612941477,1.0,0.0005912552900622074,0.9677610082351633,1.0,0.022263171355498768,0.9684601023017902,1.0,0.03225806451612903,0.03225806451612903,0.03225806451612903,0.03225806451612903,0.03225806451612903,3.5020082051658012,-0.5858286435323129,0.34264744441698686,0.1252336936725076
21.6,0.587551790405733,0.34501354427480246,0.5873787577692656,0.001311951910527423,6.608669996428103,0.153,5.746687827459526,6.0,0.024999999999999998,0.056121728216276326,0.9803921568627451,6.408304232354775,6.608669996428103,6.956702814347165,1e-12,0.005294224212903647,0.16088748890104912,0.00010000011857921843,0.9677451612941477,1.0,0.0005912552900622074,0.9677610082351633,1.0,0.022263171355498768,0.9684601023017902,1.0,0.03225806451612903,0.03225806451612903,0.03225806451612903,0.03225806451612903,0.03225806451612903,3.5466198689583943,-0.5873787577692656,0.34501354427480246,0.12499830557432459
21.8,0.5890465644540306,0.347368360590044,0.58888120888446,0.0012781442347992772,6.657092254620623,0.153,5.7493814738303435,6.0,0.024999999999999998,0.05611005837883944,0.9803921568627451,6.457348627568209,6.657092254620624,7.004157205638378,1e-12,0.005220263029139776,0.15874113016505695,0.00010000011857921843,0.9677451612941477,1.0,0.0005912552900622074,0.9677610082351633,1.0,0.022263171355498768,0.9684601023017902,1.0,0.03225806451612903,0.03225806451612903,0.03225806451612903,0.03225806451612903,0.03225806451612903,3.591018703261058,-0.58888120888446,0.347368360590044,0.12474370486091782
22.0,0.5904960713600352,0.349711636349832,0.5903379915414844,0.0012458322757204006,6.705339085090369,0.153,5.751864193151601,6.0,0.024999999999999998,0.056099294727377264,0.9803921568627451,6.506248115194538,6.705339085090369,7.0513782991618505,1e-12,0.005148645743831643,0.15666001208359367,0.00010000011857921843,0.9677451612941477,1.0,0.0005912552900622074,0.9677610082351633,1.0,0.022263171355498768,0.9684601023017902,1.0,0.03225806451612903,0.03225806451612903,0.03225806451612903,0.03225806451612903,0.03225806451612903,3.635199864023149,-0.5903379915414844,0.349711636349832,0.12447032293405504
22.200000000000003,0.5919020542621451,0.3520431626197546,0.5917510254800724,0.0012149401403274225,6.753403940786595,0.153,5.754153347701997,6.0,0.024999999999999998,0.05608936101324841,0.9803921568627451,6.554995343288864,6.753403940786595,7.098361891763842,1e-12,0.005079271271539731,0.15464139217132494,0.00010000011857921843,0.9677451612941477,1.0,0.0005912552900622074,0.9677610082351633,1.0,0.022263171355498768,0.9684601023017902,1.0,0.03225806451612903,0.03225806451612903,0.03225806451612903,0.03225806451612903,0.03225806451612903,3.6791594136516528,-0.5917510254800724,0.3520431626197546,0.12417880548770398
22.400000000000002,0.593266602739063,0.3543627681779261,0.5931221347831288,0.0011853959594914558,6.801280725230414,0.153,5.7562647076294935,6.0,0.024999999999999998,0.056080188251354336,0.9803921568627451,6.603583082674693,6.801280725230414,7.1451045339723285,1e-12,0.005012043591146472,0.15268266459553015,0.00010000011857921843,0.9677451612941477,1.0,0.0005912552900622074,0.9677610082351633,1.0,0.022263171355498768,0.9684601023017902,1.0,0.03225806451612903,0.03225806451612903,0.03225806451612903,0.03225806451612903,0.03225806451612903,3.7228941255344004,-0.5931221347831288,0.3543627681779261,0.1238699284870313
22.6,0.5945912944977005,0.35667029929507793,0.5944530624786314,0.0011571310366548517,6.8489636657844315,0.153,5.758212959443909,6.0,0.024999999999999998,0.056071712484575396,0.9803921568627451,6.6520043065877115,6.8489636657844315,7.19160312725012,1e-12,0.004946870953591904,0.1507813393162408,0.00010000011857921843,0.9677451612941477,1.0,0.0005912552900622074,0.9677610082351633,1.0,0.022263171355498768,0.9684601023017902,1.0,0.03225806451612903,0.03225806451612903,0.03225806451612903,0.03225806451612903,0.03225806451612903,3.7664011028798963,-0.5944530624786314,0.35667029929507793,0.12354449881560067
22.8,0.5958777826192277,0.35896562357245765,0.5957454639192898,0.0011300802841866017,6.896447397034828,0.153,5.760011433752711,6.0,0.024999999999999998,0.05606387585105073,0.9803921568627451,6.700252273434837,6.896447397034828,7.237855001013375,1e-12,0.004883666251172332,0.14893505154387165,0.00010000011857921843,0.9677451612941477,1.0,0.0005912552900622074,0.9677610082351633,1.0,0.022263171355498768,0.9684601023017902,1.0,0.03225806451612903,0.03225806451612903,0.03225806451612903,0.03225806451612903,0.03225806451612903,3.8096778510435523,-0.5957454639192898,0.35896562357245765,0.12320335314283695
23.0,0.5971276180134996,0.36124862394706864,0.5970009126141304,0.0011041820415592409,6.943726899856467,0.153,5.761672356335979,6.0,0.024999999999999998,0.05605662546022572,0.9803921568627451,6.748320557991664,6.943726899856467,7.283857791848856,1e-12,0.004822346706415204,0.14714155340838517,0.00010000011857921843,0.9677451612941477,1.0,0.0005912552900622074,0.9677610082351633,1.0,0.022263171355498768,0.9684601023017902,1.0,0.03225806451612903,0.03225806451612903,0.03225806451612903,0.03225806451612903,0.03225806451612903,3.852722164506213,-0.5970009126141304,0.36124862394706864,0.12284732633136637
23.200000000000003,0.5983424060869383,0.3635191963745033,0.5982209010354309,0.0010793785565255732,6.990797481876815,0.153,5.763206942652287,6.0,0.024999999999999998,0.056049912939939606,0.9803921568627451,6.796203073320968,6.9907974818768155,7.3296093976669905,1e-12,0.0047628338330432405,0.14539871280652714,0.00010000011857921843,0.9677451612941477,1.0,0.0005912552900622074,0.9677610082351633,1.0,0.022263171355498768,0.9684601023017902,1.0,0.03225806451612903,0.03225806451612903,0.03225806451612903,0.03225806451612903,0.03225806451612903,3.8955320831877516,-0.5982209010354309,0.3635191963745033,0.12247723753474236
23.400000000000002,0.5995232980827844,0.3657772465503671,0.5994068547179288,0.0010556144467597593,7.037654726222692,0.153,5.764625587748808,6.0,0.024999999999999998,0.05604369359295626,0.9803921568627451,6.843894032321213,7.037654726222692,7.375107912027979,1e-12,0.004705052701802831,0.1437044932601017,0.00010000011857921843,0.9677451612941477,1.0,0.0005912552900622074,0.9677610082351633,1.0,0.022263171355498768,0.9684601023017902,1.0,0.03225806451612903,0.03225806451612903,0.03225806451612903,0.03225806451612903,0.03225806451612903,3.938105830640256,-0.5994068547179288,0.3657772465503671,0.12209388455033016
23.6,0.6006717580176523,0.3680226913977805,0.6005601213419437,0.0010328374221165277,7.084294549094713,0.153,5.76593770761055,6.0,0.024999999999999998,0.056037927023164506,0.9803921568627451,6.891388020132958,7.084294549094714,7.420351654262804,1e-12,0.004648932512188146,0.14205696951150892,0.00010000011857921843,0.9677451612941477,1.0,0.0005912552900622074,0.9677610082351633,1.0,0.022263171355498768,0.9684601023017902,1.0,0.03225806451612903,0.03225806451612903,0.03225806451612903,0.03225806451612903,0.03225806451612903,3.9804418420827026,-0.6005601213419437,0.3680226913977805,0.12169803515698847
23.8,0.6017890431908393,0.3702554552588977,0.6016819842792812,0.0010109979838713579,7.130713111454269,0.153,5.76715203139625,6.0,0.024999999999999998,0.05603257587678762,0.9803921568627451,6.938679911145127,7.130713111454269,7.465339092583587,1e-12,0.0045944058825236715,0.1404543081724553,0.00010000011857921843,0.9677451612941477,1.0,0.0005912552900622074,0.9677610082351633,1.0,0.022263171355498768,0.9684601023017902,1.0,0.03225806451612903,0.03225806451612903,0.03225806451612903,0.03225806451612903,0.03225806451612903,4.022538692600073,-0.6016819842792812,0.3702554552588977,0.12129042822777952
24.0,0.6028762476551196,0.37247547012914617,0.6027736659050505,0.000990049299950086,7.176906829904697,0.153,5.768276585202625,6.0,0.024999999999999998,0.056027605883254374,0.9803921568627451,6.985764887767505,7.176906829904698,7.510068849459053,1e-12,0.004541408680351711,0.13889476299278475,0.00010000011857921843,0.9677451612941477,1.0,0.0005912552900622074,0.9677610082351633,1.0,0.022263171355498768,0.9684601023017902,1.0,0.03225806451612903,0.03225806451612903,0.03225806451612903,0.03225806451612903,0.03225806451612903,4.064395101561488,-0.6027736659050505,0.37247547012914617,0.12087177110398677
24.200000000000003,0.6039347865065138,0.37468267611257644,0.6038363235048119,0.0009699473275202561,7.2228723980494465,0.153,5.769318654463206,6.0,0.024999999999999998,0.05602298598892532,0.9803921568627451,7.032638470579588,7.2228723980494465,7.554539710455373,1e-12,0.004489880236598008,0.13737668070741146,0.00010000011857921843,0.9677451612941477,1.0,0.0005912552900622074,0.9677610082351633,1.0,0.022263171355498768,0.9684601023017902,1.0,0.03225806451612903,0.03225806451612903,0.03225806451612903,0.03225806451612903,0.03225806451612903,4.106009941202326,-0.6038363235048119,0.37468267611257644,0.12044273513645673
24.400000000000002,0.604965599879235,0.3768770189912108,0.6048710643889561,0.0009506501317259775,7.268606711661495,0.153,5.770285010374765,6.0,0.024999999999999998,0.05601868738951991,0.9803921568627451,7.079296430056245,7.268606711661496,7.59875057538605,1e-12,0.004439762546097213,0.1358984794443484,0.00010000011857921843,0.9677451612941477,1.0,0.0005912552900622074,0.9677610082351633,1.0,0.022263171355498768,0.9684601023017902,1.0,0.03225806451612903,0.03225806451612903,0.03225806451612903,0.03225806451612903,0.03225806451612903,4.147382190796055,-0.6048710643889561,0.3768770189912108,0.12000396378427207
24.6,0.605969749394407,0.3790584517397999,0.6058789412615767,0.0009321181347026103,7.314106917927749,0.153,5.77118179594879,6.0,0.024999999999999998,0.05601468399051097,0.9803921568627451,7.1257348477557505,7.314106917927749,7.642700489194964,1e-12,0.004391000519911355,0.13445865534060464,0.00010000011857921843,0.9677451612941477,1.0,0.0005912552900622074,0.9677610082351633,1.0,0.022263171355498768,0.9684601023017902,1.0,0.03225806451612903,0.03225806451612903,0.03225806451612903,0.03225806451612903,0.03225806451612903,4.188510965215727,-0.6058789412615767,0.3790584517397999,0.1195560664732238
24.8,0.6069482207194333,0.381226933353689,0.6068609572269904,0.0009143138773122348,7.359370377065189,0.153,5.772014646818255,6.0,0.024999999999999998,0.05601095188762574,0.9803921568627451,7.171950070126534,7.359370377065189,7.686388617816447,1e-12,0.004343541714423082,0.13305577539001365,0.00010000011857921843,0.9677451612941477,1.0,0.0005912552900622074,0.9677610082351633,1.0,0.022263171355498768,0.9684601023017902,1.0,0.03225806451612903,0.03225806451612903,0.03225806451612903,0.03225806451612903,0.03225806451612903,4.229395492829356,-0.6068609572269904,0.381226933353689,0.11909962300939995
25.0,0.6079019552339421,0.383382428260784,0.6078180682475899,0.0008972019249022342,7.4043946450179146,0.153,5.772788749705353,6.0,0.024999999999999998,0.05600746911083103,0.9803921568627451,7.217938687634738,7.4043946450179146,7.729814236717907,1e-12,0.004297336201760137,0.13168847393201427,0.00010000011857921843,0.9677451612941477,1.0,0.0005912552900622074,0.9677610082351633,1.0,0.022263171355498768,0.9684601023017902,1.0,0.03225806451612903,0.03225806451612903,0.03225806451612903,0.03225806451612903,0.03225806451612903,4.270035104415531,-0.6078180682475899,0.383382428260784,0.11863518558764861
25.200000000000003,0.6088318463893841,0.3855249060490111,0.6087511859039785,0.0008807487511139419,7.44917746529625,0.153,5.773508874006791,6.0,0.024999999999999998,0.05600421548263342,0.9803921568627451,7.263697525100304,7.449177465296251,7.77297672532542,1e-12,0.004252336423388522,0.130355448708602,0.00010000011857921843,0.9677451612941477,1.0,0.0005912552900622074,0.9677610082351633,1.0,0.022263171355498768,0.9684601023017902,1.0,0.03225806451612903,0.03225806451612903,0.03225806451612903,0.03225806451612903,0.03225806451612903,4.310429228023888,-0.6087511859039785,0.3855249060490111,0.11816327961119848
25.400000000000002,0.6097387870745217,0.3876543413112959,0.6096611798542676,0.0008649226493560011,7.4937167633374635,0.153,5.774179395905363,6.0,0.024999999999999998,0.056001172509127,0.9803921568627451,7.309223635040201,7.4937167633374635,7.8158755639239015,1e-12,0.004208497062395676,0.12905545735104615,0.00010000011857921843,0.9677451612941477,1.0,0.0005912552900622074,0.9677610082351633,1.0,0.022263171355498768,0.9684601023017902,1.0,0.03225806451612903,0.03225806451612903,0.03225806451612903,0.03225806451612903,0.03225806451612903,4.350577386051746,-0.6096611798542676,0.3876543413112959,0.11768440442688144
25.6,0.6106235830550426,0.38977071347337244,0.6105488802208304,0.0008496935929000026,7.538010638739742,0.153,5.774804327823074,6.0,0.024999999999999998,0.055998323250018495,0.9803921568627451,7.354514287962913,7.538010638739742,7.85851033024855,1e-12,0.0041657749093640195,0.12778731397024212,0.00010000011857921843,0.9677451612941477,1.0,0.0005912552900622074,0.9677610082351633,1.0,0.022263171355498768,0.9684601023017902,1.0,0.03225806451612903,0.03225806451612903,0.03225806451612903,0.03225806451612903,0.03225806451612903,4.390479191997647,-0.6105488802208304,0.38977071347337244,0.11719903463379272
25.8,0.6114870045918913,0.3918740065402101,0.6114150797048004,0.0008350331694759978,7.582057355861977,0.153,5.775387350821623,6.0,0.024999999999999998,0.05599565217748754,0.9803921568627451,7.399566960441811,7.582057355861978,7.90088069431301,1e-12,0.004124128753165098,0.12654988613599952,0.00010000011857921843,0.9677451612941477,1.0,0.0005912552900622074,0.9677610082351633,1.0,0.022263171355498768,0.9684601023017902,1.0,0.03225806451612903,0.03225806451612903,0.03225806451612903,0.03225806451612903,0.03225806451612903,4.43013434567955,-0.6114150797048004,0.3918740065402101,0.11670762145853485
26.0,0.6123298114749577,0.3939642088444625,0.6122605356052712,0.0008209145169499666,7.6258553349502725,0.153,5.7759318439853455,6.0,0.024999999999999998,0.055993145048622905,0.9803921568627451,7.444379323827213,7.6258553349502725,7.942986413407603,1e-12,0.004083519274196422,0.12534209199246965,0.00010000011857921843,0.9677451612941477,1.0,0.0005912552900622074,0.9677610082351633,1.0,0.022263171355498768,0.9684601023017902,1.0,0.03225806451612903,0.03225806451612903,0.03225806451612903,0.03225806451612903,0.03225806451612903,4.469542628492183,-0.6122605356052712,0.3939642088444625,0.116210594060407
26.200000000000003,0.6131527313236902,0.39604131284506683,0.6130859717212446,0.0008073121377755623,7.669403144581862,0.153,5.7764409092581435,6.0,0.024999999999999998,0.05599078879764353,0.9803921568627451,7.488949234578509,7.669403144581862,7.984827328044095,1e-12,0.004043908940401277,0.12416289754107912,0.00010000011857921843,0.9677451612941477,1.0,0.0005912552900622074,0.9677610082351633,1.0,0.022263171355498768,0.9684601023017902,1.0,0.03225806451612903,0.03225806451612903,0.03225806451612903,0.03225806451612903,0.03225806451612903,4.508703899609529,-0.6130859717212446,0.39604131284506683,0.1157083606857247
26.400000000000002,0.6139564379337101,0.3981053149459117,0.6138920801367145,0.0007942018678252374,7.71269949465195,0.153,5.776917393487997,6.0,0.024999999999999998,0.05598857144044622,0.9803921568627451,7.533274725523562,7.71269949465195,8.026403358297467,1e-12,0.004005261909863593,0.1230113140904078,0.00010000011857921843,0.9677451612941477,1.0,0.0005912552900622074,0.9677610082351633,1.0,0.022263171355498768,0.9684601023017902,1.0,0.03225806451612903,0.03225806451612903,0.03225806451612903,0.03225806451612903,0.03225806451612903,4.547618092565568,-0.6138920801367145,0.3981053149459117,0.11520130971164828
26.6,0.6147415912628545,0.4001562153056476,0.6146795228866467,0.0007815608375397452,7.755743229590296,0.153,5.777363909147566,6.0,0.024999999999999998,0.0559864819852447,0.9803921568627451,7.577353997339052,7.755743229590297,8.067714499983387,1e-12,0.003967543943649983,0.12188639587621894,0.00010000011857921843,0.9677451612941477,1.0,0.0005912552900622074,0.9677610082351633,1.0,0.022263171355498768,0.9684601023017902,1.0,0.03225806451612903,0.03225806451612903,0.03225806451612903,0.03225806451612903,0.03225806451612903,4.5862852116682635,-0.6146795228866467,0.4001562153056476,0.11468981061305249
26.8,0.6155088204802114,0.40219401766440993,0.6154489335263758,0.0007693673885681236,7.798533321807107,0.153,5.777782853835362,6.0,0.024999999999999998,0.05598451034877231,0.9803921568627451,7.621185410200955,7.798533321807107,8.10876082120338,1e-12,0.003930722319969095,0.12078723781946313,0.00010000011857921843,0.9677451612941477,1.0,0.0005912552900622074,0.9677610082351633,1.0,0.022263171355498768,0.9684601023017902,1.0,0.03225806451612903,0.03225806451612903,0.03225806451612903,0.03225806451612903,0.03225806451612903,4.624705328732662,-0.6154489335263758,0.40219401766440993,0.11417421497630514
27.0,0.6162587253003445,0.40421872918292456,0.6162009185749073,0.0007576009940075153,7.841068865591356,0.153,5.778176427812221,6.0,0.024999999999999998,0.05598264728108228,0.9803921568627451,7.664767476014087,7.841068865591356,8.14954245908722,1e-12,0.0038947657560950556,0.11971297346441805,0.00010000011857921843,0.9677451612941477,1.0,0.0005912552900622074,0.9677610082351633,1.0,0.022263171355498768,0.9684601023017902,1.0,0.03225806451612903,0.03225806451612903,0.03225806451612903,0.03225806451612903,0.03225806451612903,4.662878580046932,-0.6162009185749073,0.40421872918292456,0.11365485742371818
27.200000000000003,0.6169918535920099,0.40623036027114146,0.6169360590276601,0.0007462421819738115,7.883349070755875,0.153,5.778546651662822,6.0,0.024999999999999998,0.05598088429016696,0.9803921568627451,7.708098850374935,7.883349070755876,8.190059616360463,1e-12,0.003859644326498234,0.11866277281762834,0.00010000011857921843,0.9677451612941477,1.0,0.0005912552900622074,0.9677610082351633,1.0,0.022263171355498768,0.9684601023017902,1.0,0.03225806451612903,0.03225806451612903,0.03225806451612903,0.03225806451612903,0.03225806451612903,4.700805163141764,-0.6169360590276601,0.40623036027114146,0.11313205656412034
27.400000000000002,0.6177088086669612,0.40822892445733994,0.6176549114426287,0.000735272511304526,7.925373258147487,0.153,5.778895378071097,6.0,0.024999999999999998,0.05597921359140503,0.9803921568627451,7.7511783269618375,7.925373258147487,8.230312558705261,1e-12,0.0038253294080677074,0.11763584079624462,0.00010000011857921843,0.9677451612941477,1.0,0.0005912552900622074,0.9677610082351633,1.0,0.022263171355498768,0.9684601023017902,1.0,0.03225806451612903,0.03225806451612903,0.03225806451612903,0.03225806451612903,0.03225806451612903,4.738485334321812,-0.6176549114426287,0.40822892445733994,0.11260611560238991
27.6,0.6184100957219894,0.4102144382179864,0.6183580093362443,0.0007246744707010437,7.967140852989482,0.153,5.779224309427522,6.0,0.024999999999999998,0.055977628032930396,0.9803921568627451,7.79400482912293,7.967140852989482,8.270301611374851,1e-12,0.0037917935977145696,0.11663141523393666,0.00010000011857921843,0.9677451612941477,1.0,0.0005912552900622074,0.9677610082351633,1.0,0.022263171355498768,0.9684601023017902,1.0,0.03225806451612903,0.03225806451612903,0.03225806451612903,0.03225806451612903,0.03225806451612903,4.775919405458368,-0.6183580093362443,0.4102144382179864,0.112077323381856
27.8,0.6190962287802414,0.4121869208437183,0.619045864256368,0.0007144314582923797,8.008651380453838,0.153,5.779535008525289,6.0,0.024999999999999998,0.05597612105002029,0.9803921568627451,7.836577404357912,8.008651380453838,8.310027156436638,1e-12,0.003759010659401441,0.11564876534804572,0.00010000011857921843,0.9677451612941477,1.0,0.0005912552900622074,0.9677610082351633,1.0,0.022263171355498768,0.9684601023017902,1.0,0.03225806451612903,0.03225806451612903,0.03225806451612903,0.03225806451612903,0.03225806451612903,4.813107741461988,-0.619045864256368,0.4121869208437183,0.11154595493913977
28.0,0.6197676485053419,0.4141463943214177,0.6197189668994395,0.0007045277237750407,8.049904461079592,0.153,5.779828909533814,6.0,0.024999999999999998,0.05597468661849083,0.9803921568627451,7.878895218556483,8.049904461079594,8.349489630492199,1e-12,0.003726955459923548,0.11468719014365777,0.00010000011857921843,0.9677451612941477,1.0,0.0005912552900622074,0.9677610082351633,1.0,0.022263171355498768,0.9684601023017902,1.0,0.03225806451612903,0.03225806451612903,0.03225806451612903,0.03225806451612903,0.03225806451612903,4.850050758059787,-0.6197189668994395,0.4141463943214177,0.11101227223990934
28.200000000000003,0.6204248979614636,0.41609288318234827,0.6203777881323769,0.0006949484499252464,8.09089980600799,0.153,5.780107328811507,6.0,0.024999999999999998,0.055973319208907434,0.9803921568627451,7.92095755018212,8.09089980600799,8.388689521518252,1e-12,0.0036956039216778113,0.11374601695374723,0.00010000011857921843,0.9677451612941477,1.0,0.0005912552900622074,0.9677610082351633,1.0,0.022263171355498768,0.9684601023017902,1.0,0.03225806451612903,0.03225806451612903,0.03225806451612903,0.03225806451612903,0.03225806451612903,4.886748918931528,-0.6203777881323769,0.41609288318234827,0.1104765247028667
28.400000000000002,0.6210683681300424,0.41802641442825933,0.6210227798890491,0.0006856794331944898,8.13163721314892,0.153,5.780371474194874,6.0,0.024999999999999998,0.05597201374725869,0.9803921568627451,7.96276378511924,8.13163721314892,8.427627367538799,1e-12,0.0036649329618914203,0.11282460015850124,0.00010000011857921843,0.9677451612941477,1.0,0.0005912552900622074,0.9677610082351633,1.0,0.022263171355498768,0.9684601023017902,1.0,0.03225806451612903,0.03225806451612903,0.03225806451612903,0.03225806451612903,0.03225806451612903,4.923202734317235,-0.6210227798890491,0.41802641442825933,0.10993895002125545
28.6,0.6216985147320467,0.4199470173723581,0.6216543761967419,0.0006767071592764667,8.172116562082408,0.153,5.780622455873347,6.0,0.024999999999999998,0.05597076556913034,0.9803921568627451,8.004313410466704,8.172116562082408,8.466303753236527,1e-12,0.003634920447849267,0.11192231971894012,0.00010000011857921843,0.9677451612941477,1.0,0.0005912552900622074,0.9677610082351633,1.0,0.022263171355498768,0.9684601023017902,1.0,0.03225806451612903,0.03225806451612903,0.03225806451612903,0.03225806451612903,0.03225806451612903,4.959412758017924,-0.6216543761967419,0.4199470173723581,0.10939977470223225
28.8,0.6223157467603233,0.4218547235553752,0.6222729939500462,0.0006680188114374773,8.212337811154876,0.153,5.780861292083353,6.0,0.024999999999999998,0.055969570395550075,0.9803921568627451,8.045606010997341,8.212337811154876,8.504719308439553,1e-12,0.0036055451493430903,0.11103858007136257,0.00010000011857921843,0.9677451612941477,1.0,0.0005912552900622074,0.9677610082351633,1.0,0.022263171355498768,0.9684601023017902,1.0,0.03225806451612903,0.03225806451612903,0.03225806451612903,0.03225806451612903,0.03225806451612903,4.995379585814137,-0.6222729939500462,0.4218547235553752,0.10885921452001396
29.0,0.622920456568684,0.42374956663107527,0.6228790337263636,0.000659602244149807,8.25230099359762,0.153,5.781088917004795,6.0,0.024999999999999998,0.055968424299724664,0.9803921568627451,8.08664126435669,8.25230099359762,8.542874705711744,1e-12,0.00357678669595082,0.11017280896233772,0.00010000011857921843,0.9677451612941477,1.0,0.0005912552900622074,0.9677610082351633,1.0,0.022263171355498768,0.9684601023017902,1.0,0.03225806451612903,0.03225806451612903,0.03225806451612903,0.03225806451612903,0.03225806451612903,5.031103853306734,-0.6228790337263636,0.42374956663107527,0.1083174749853609
29.200000000000003,0.6235130052417033,0.4256314773126566,0.6234728473786432,0.0006514463702970126,8.292004076168569,0.153,5.781304003749705,6.0,0.024999999999999998,0.055967332788543184,0.9803921568627451,8.127416794678656,8.292004076168569,8.580768547180863,1e-12,0.003548627108473972,0.10932450374479546,0.00010000011857921843,0.9677451612941477,1.0,0.0005912552900622074,0.9677610082351633,1.0,0.022263171355498768,0.9684601023017902,1.0,0.03225806451612903,0.03225806451612903,0.03225806451612903,0.03225806451612903,0.03225806451612903,5.066584255416705,-0.6234728473786432,0.4256314773126566,0.10777475570885403
29.400000000000002,0.6240940796094707,0.4275005329208769,0.624054816011073,0.0006435400848502049,8.33144798866023,0.153,5.781498229721194,6.0,0.024999999999999998,0.05596633050344586,0.9803921568627451,8.16793318658964,8.33144798866023,8.618402381411189,1e-12,0.0035210471018927336,0.10849311998418129,0.00010000011857921843,0.9677451612941477,1.0,0.0005912552900622074,0.9677610082351633,1.0,0.022263171355498768,0.9684601023017902,1.0,0.03225806451612903,0.03225806451612903,0.03225806451612903,0.03225806451612903,0.03225806451612903,5.101822250949911,-0.624054816011073,0.4275005329208769,0.10723125634847466
29.6,0.6246630953446766,0.42935691611100896,0.6246253504862311,0.0006358721029206633,8.370635908128282,0.153,5.781645002832568,6.0,0.024999999999999998,0.05596552819659301,0.9803921568627451,8.208193318385701,8.370635908128282,8.655779882823674,1e-12,0.0034940260285714906,0.10767807073395542,0.00010000011857921843,0.9677451612941477,1.0,0.0005912552900622074,0.9677610082351633,1.0,0.022263171355498768,0.9684601023017902,1.0,0.03225806451612903,0.03225806451612903,0.03225806451612903,0.03225806451612903,0.03225806451612903,5.136821284062497,-0.6246253504862311,0.42935691611100896,0.10668714584190352
29.8,0.6252208035314375,0.43120068729589134,0.6251847918374646,0.0006284325678135448,8.409568553077994,0.153,5.781759516391968,6.0,0.024999999999999998,0.05596486252485308,0.9803921568627451,8.248197624665476,8.409568553077994,8.692902263677727,1e-12,0.0034675466478161043,0.10687886880362212,0.00010000011857921843,0.9677451612941477,1.0,0.0005912552900622074,0.9677610082351633,1.0,0.022263171355498768,0.9684601023017902,1.0,0.03225806451612903,0.03225806451612903,0.03225806451612903,0.03225806451612903,0.03225806451612903,5.17158249542598,-0.6251847918374646,0.43120068729589134,0.10614258573291122
30.0,0.6257689978675229,0.43303179309489004,0.6257334297789746,0.0006212127525899133,8.4482443637498,0.153,5.781873250438874,6.0,0.024999999999999998,0.05596420230440022,0.9803921568627451,8.287944297103088,8.4482443637498,8.729768447265794,1e-12,0.0034415942387251057,0.1060951003157505,0.00010000011857921843,0.9677451612941477,1.0,0.0005912552900622074,0.9677610082351633,1.0,0.022263171355498768,0.9684601023017902,1.0,0.03225806451612903,0.03225806451612903,0.03225806451612903,0.03225806451612903,0.03225806451612903,5.206104879810533,-0.6257334297789746,0.43303179309489004,0.10559772534301128
30.200000000000003,0.6263061632202607,0.43485027464231013,0.6262715947958308,0.0006142032801442945,8.486663666134222,0.153,5.7819862074299655,6.0,0.024999999999999998,0.05596354750026591,0.9803921568627451,8.327433395355694,8.486663666134222,8.766379257560084,1e-12,0.0034161521339416264,0.105326293148813,0.00010000011857921843,0.9677451612941477,1.0,0.0005912552900622074,0.9677610082351633,1.0,0.022263171355498768,0.9684601023017902,1.0,0.03225806451612903,0.03225806451612903,0.03225806451612903,0.03225806451612903,0.03225806451612903,5.24038921331896,-0.6262715947958308,0.43485027464231013,0.10505272289644291
30.400000000000002,0.6268331854019911,0.4366561773589359,0.6267995882055868,0.0006073957232123488,8.524826911356437,0.153,5.782098389997501,6.0,0.024999999999999998,0.05596289807675552,0.9803921568627451,8.366665116046516,8.524826911356437,8.802735605429804,1e-12,0.003391205158958162,0.10457201684916163,0.00010000011857921843,0.9677451612941477,1.0,0.0005912552900622074,0.9677610082351633,1.0,0.022263171355498768,0.9684601023017902,1.0,0.03225806451612903,0.03225806451612903,0.03225806451612903,0.03225806451612903,0.03225806451612903,5.274436353408548,-0.6267995882055868,0.4366561773589359,0.10450772651110425
30.6,0.6273503657407898,0.4384495501199328,0.6273177047137156,0.0006007819322207407,8.562734633538799,0.153,5.782209801011937,6.0,0.024999999999999998,0.05596225399708997,0.9803921568627451,8.405639740936355,8.562734633538799,8.838838471830513,1e-12,0.0033667384926541004,0.10383185040897763,0.00010000011857921843,0.9677451612941477,1.0,0.0005912552900622074,0.9677610082351633,1.0,0.022263171355498768,0.9684601023017902,1.0,0.03225806451612903,0.03225806451612903,0.03225806451612903,0.03225806451612903,0.03225806451612903,5.308247222522189,-0.6273177047137156,0.4384495501199328,0.1039628814007101
30.8,0.6278579094626288,0.4402304421607065,0.6278262284288608,0.0005943541335745856,8.600387405143973,0.153,5.782320443368922,6.0,0.024999999999999998,0.055961615224640354,0.9803921568627451,8.444357608075688,8.600387405143973,8.874688845462222,1e-12,0.0033427378644120295,0.10310538795877026,0.00010000011857921843,0.9677451612941477,1.0,0.0005912552900622074,0.9677610082351633,1.0,0.022263171355498768,0.9684601023017902,1.0,0.03225806451612903,0.03225806451612903,0.03225806451612903,0.03225806451612903,0.03225806451612903,5.341822749877737,-0.6278262284288608,0.4402304421607065,0.1034183228578228
31.0,0.6283562417961839,0.4419989031920487,0.6283254323128324,0.0005881049606135355,8.637785834839423,0.153,5.782430319996298,6.0,0.024999999999999998,0.055960981722884995,0.9803921568627451,8.4828191089531,8.637785834839423,8.91028772476309,1e-12,0.0033191895844954422,0.10239223955309654,0.00010000011857921843,0.9677451612941477,1.0,0.0005912552900622074,0.9677610082351633,1.0,0.022263171355498768,0.9684601023017902,1.0,0.03225806451612903,0.03225806451612903,0.03225806451612903,0.03225806451612903,0.03225806451612903,5.3751638736397505,-0.6283254323128324,0.4419989031920487,0.10287417719130226
31.200000000000003,0.6288455457747407,0.4437549839275907,0.6288155801133419,0.0005820273557530937,8.67493056897736,0.153,5.78253943388763,6.0,0.024999999999999998,0.055960353455214044,0.9803921568627451,8.521024684128504,8.67493056897736,8.945636128702075,1e-12,0.003296080438598489,0.10169202840951143,0.00010000011857921843,0.9677451612941477,1.0,0.0005912552900622074,0.9677610082351633,1.0,0.022263171355498768,0.9684601023017902,1.0,0.03225806451612903,0.03225806451612903,0.03225806451612903,0.03225806451612903,0.03225806451612903,5.408271550859142,-0.6288155801133419,0.4437549839275907,0.10233056490959198
31.400000000000002,0.6293260868038864,0.4454987364181145,0.6292969259990083,0.0005761146035454051,8.711822299413718,0.153,5.7826477881219756,6.0,0.024999999999999998,0.0559597303848149,0.9803921568627451,8.558974829840686,8.711822299413718,8.9807351033997,1e-12,0.003273397710397361,0.10100439142998804,0.00010000011857921843,0.9677451612941477,1.0,0.0005912552900622074,0.9677610082351633,1.0,0.022263171355498768,0.9684601023017902,1.0,0.03225806451612903,0.03225806451612903,0.03225806451612903,0.03225806451612903,0.03225806451612903,5.441146763782017,-0.6292969259990083,0.4454987364181145,0.1017876007099279
31.6,0.62979811688506,0.4472302138997418,0.6297697151587607,0.0005703602975848601,8.748461758511391,0.153,5.782755385854721,6.0,0.024999999999999998,0.05595911247472432,0.9803921568627451,8.596670091134412,8.748461758511391,9.015585719137013,1e-12,0.003251129148299277,0.10032897834462765,0.00010000011857921843,0.9677451612941477,1.0,0.0005912552900622074,0.9677610082351633,1.0,0.022263171355498768,0.9684601023017902,1.0,0.03225806451612903,0.03225806451612903,0.03225806451612903,0.03225806451612903,0.03225806451612903,5.473790516985904,-0.6297697151587607,0.4472302138997418,0.10124539428992078
31.8,0.6302618300294248,0.44894947059629564,0.6302341841401198,0.0005647583190211339,8.784849715153106,0.153,5.782862230305175,6.0,0.024999999999999998,0.05595849968789885,0.9803921568627451,8.634111058470408,8.784849715153106,9.050189066376166,1e-12,0.0032292629460760978,0.09966545122840025,0.00010000011857921843,0.9677451612941477,1.0,0.0005912552900622074,0.9677610082351633,1.0,0.022263171355498768,0.9684601023017902,1.0,0.03225806451612903,0.03225806451612903,0.03225806451612903,0.03225806451612903,0.03225806451612903,5.50620383365445,-0.6302341841401198,0.44894947059629564,0.10070405022024258
32.0,0.6307174924534287,0.450656561621374,0.6306905611975736,0.0005593028371825356,8.820986972603468,0.153,5.782968324750549,6.0,0.024999999999999998,0.055957891987247994,0.9803921568627451,8.671298365960666,8.820986972603468,9.084546253772778,1e-12,0.0032077877272755468,0.09901348400346625,0.00010000011857921843,0.9677451612941477,1.0,0.0005912552900622074,0.9677610082351633,1.0,0.022263171355498768,0.9684601023017902,1.0,0.03225806451612903,0.03225806451612903,0.03225806451612903,0.03225806451612903,0.03225806451612903,5.538387753730763,-0.6306905611975736,0.450656561621374,0.10016366789253157
32.2,0.63116529823451,0.4523515429729565,0.6311390666526121,0.0005539882758966678,8.856874367444766,0.153,5.783073672525536,6.0,0.024999999999999998,0.055957289335635145,0.9803921568627451,8.70823268976023,8.856874367444767,9.118658408107795,1e-12,0.0031866925226867997,0.09837276192483974,0.00010000011857921843,0.9677451612941477,1.0,0.0005912552900622074,0.9677610082351633,1.0,0.022263171355498768,0.9684601023017902,1.0,0.03225806451612903,0.03225806451612903,0.03225806451612903,0.03225806451612903,0.03225806451612903,5.57034333381627,-0.6311390666526121,0.4523515429729565,0.09962434184588756
32.4,0.6316054735709471,0.4540344715048623,0.6315799132242309,0.0005488093119433781,8.892512768261975,0.153,5.7831782770205695,6.0,0.024999999999999998,0.055956691695886074,0.9803921568627451,8.744914746022308,8.892512768261975,9.15252667366448,1e-12,0.0031659667551773656,0.09774298110824148,0.00010000011857921843,0.9677451612941477,1.0,0.0005912552900622074,0.9677610082351633,1.0,0.022263171355498768,0.9684601023017902,1.0,0.03225806451612903,0.03225806451612903,0.03225806451612903,0.03225806451612903,0.03225806451612903,5.602071646632404,-0.6315799132242309,0.4540344715048623,0.09908616204994398
32.6,0.6320382306534981,0.45570540487638517,0.6320133063385384,0.000543760857507697,8.92790307392443,0.153,5.78328214167862,6.0,0.024999999999999998,0.05595609903080565,0.9803921568627451,8.781345288762399,8.92790307392443,9.186152211260918,1e-12,0.00314560022212985,0.09712384808780232,0.00010000011857921843,0.9677451612941477,1.0,0.0005912552900622074,0.9677610082351633,1.0,0.022263171355498768,0.9684601023017902,1.0,0.03225806451612903,0.03225806451612903,0.03225806451612903,0.03225806451612903,0.03225806451612903,5.633573780071542,-0.6320133063385384,0.45570540487638517,0.09854921415455836
32.800000000000004,0.6324637501859557,0.45736440149306096,0.6324394444223255,0.0005388380491459014,8.963046211828665,0.153,5.783385269991508,6.0,0.024999999999999998,0.055955511303197,0.9803921568627451,8.81752510791216,8.963046211828665,9.219536197030049,1e-12,0.0031255830795067544,0.09651507939667778,0.00010000011857921843,0.9677451612941477,1.0,0.0005912552900622074,0.9677610082351633,1.0,0.022263171355498768,0.9684601023017902,1.0,0.03225806451612903,0.03225806451612903,0.03225806451612903,0.03225806451612903,0.03225806451612903,5.6648508360802525,-0.6324394444223255,0.45736440149306096,0.09801357963258842
33.0,0.6328822316436322,0.4590115204520844,0.6328585191810486,0.0005340362463356376,8.997943136336751,0.153,5.783487665496492,6.0,0.024999999999999998,0.05595492847587929,0.9803921568627451,8.853455027522154,8.997943136336751,9.25267982132984,1e-12,0.003105905828113069,0.09591640116993055,0.00010000011857921843,0.9677451612941477,1.0,0.0005912552900622074,0.9677610082351633,1.0,0.022263171355498768,0.9684601023017902,1.0,0.03225806451612903,0.03225806451612903,0.03225806451612903,0.03225806451612903,0.03225806451612903,5.695903929630429,-0.6328585191810486,0.4590115204520844,0.09747933592647345
33.2,0.6332938572424058,0.46064682150189235,0.6332707158683175,0.0005293510229470839,9.032594827381514,0.153,5.783589331773703,6.0,0.024999999999999998,0.0559543505117002,0.9803921568627451,8.889135904026404,9.032594827381514,9.285584287938455,1e-12,0.003086559298569443,0.0953275487595463,0.00010000011857921843,0.9677451612941477,1.0,0.0005912552900622074,0.9677610082351633,1.0,0.022263171355498768,0.9684601023017902,1.0,0.03225806451612903,0.03225806451612903,0.03225806451612903,0.03225806451612903,0.03225806451612903,5.726734187957572,-0.6332707158683175,0.46064682150189235,0.09694655664128328
33.4,0.6336988005743541,0.46227036498419044,0.6336762135376859,0.0005247783405605496,9.067002288941556,0.153,5.783690272442565,6.0,0.024999999999999998,0.05595377737355433,0.9803921568627451,8.92456862456264,9.067002288941557,9.318250812856151,1e-12,0.0030675346381491037,0.09474826637473448,0.00010000011857921843,0.9677451612941477,1.0,0.0005912552900622074,0.9677610082351633,1.0,0.022263171355498768,0.9684601023017902,1.0,0.03225806451612903,0.03225806451612903,0.03225806451612903,0.03225806451612903,0.03225806451612903,5.7573427494677025,-0.6336762135376859,0.46227036498419044,0.09641531163627633
33.6,0.634097238941475,0.4638822118121064,0.6340751852898168,0.0005203142906937036,9.101166547965581,0.153,5.783790491160312,6.0,0.024999999999999998,0.055953209024389376,0.9803921568627451,8.959754105358597,9.101166547965581,9.350680623936393,1e-12,0.003048823297952838,0.09417830672883316,0.00010000011857921843,0.9677451612941477,1.0,0.0005912552900622074,0.9677610082351633,1.0,0.022263171355498768,0.9684601023017902,1.0,0.03225806451612903,0.03225806451612903,0.03225806451612903,0.03225806451612903,0.03225806451612903,5.7877307633262305,-0.6340751852898168,0.4638822118121064,0.09588566729622583
33.800000000000004,0.6344893399099051,0.46548242346736557,0.6344677985146975,0.0005159548861876386,9.135088653286756,0.153,5.783889991621832,6.0,0.024999999999999998,0.055952645427204885,0.9803921568627451,8.994693290190183,9.135088653286756,9.382874960788044,1e-12,0.0030304170199270597,0.09361743069328929,0.00010000011857921843,0.9677451612941477,1.0,0.0005912552900622074,0.9677610082351633,1.0,0.022263171355498768,0.9684601023017902,1.0,0.03225806451612903,0.03225806451612903,0.03225806451612903,0.03225806451612903,0.03225806451612903,5.817899389404569,-0.6344677985146975,0.46548242346736557,0.09535768682130955
34.0,0.6348752610763183,0.4670710619279427,0.6348542151046249,0.0005116963261663904,9.168769674124984,0.153,5.783988777555237,6.0,0.024999999999999998,0.05595208654507508,0.9803921568627451,9.029387148935893,9.168769674124984,9.414835073253503,1e-12,0.0030123078255937814,0.093065406993393,0.00010000011857921843,0.9677451612941477,1.0,0.0005912552900622074,0.9677610082351633,1.0,0.022263171355498768,0.9684601023017902,1.0,0.03225806451612903,0.03225806451612903,0.03225806451612903,0.03225806451612903,0.03225806451612903,5.847849796915771,-0.6348542151046249,0.4670710619279427,0.09483143019586704
34.2,0.6352551602112289,0.468648189599867,0.6352345916569138,0.0005075350596906068,9.202210698853664,0.153,5.784086852717475,6.0,0.024999999999999998,0.05595153234117136,0.9803921568627451,9.063836676222612,9.202210698853664,9.446562220125525,1e-12,0.0029944880055005384,0.09252201191869462,0.00010000011857921843,0.9677451612941477,1.0,0.0005912552900622074,0.9677610082351633,1.0,0.022263171355498768,0.9684601023017902,1.0,0.03225806451612903,0.03225806451612903,0.03225806451612903,0.03225806451612903,0.03225806451612903,5.877583163129726,-0.6352345916569138,0.468648189599867,0.09430695421976036
34.4,0.6356291876111688,0.47021386930387693,0.6356090796819505,0.0005034677270659495,9.235412833939565,0.153,5.78418422089347,6.0,0.024999999999999998,0.055950982778764716,0.9803921568627451,9.098042890097153,9.235412833939565,9.478057668871903,1e-12,0.002976950108185919,0.09198702902578505,0.00010000011857921843,0.9677451612941477,1.0,0.0005912552900622074,0.9677610082351633,1.0,0.022263171355498768,0.9684601023017902,1.0,0.03225806451612903,0.03225806451612903,0.03225806451612903,0.03225806451612903,0.03225806451612903,5.907100673121757,-0.6356090796819505,0.47021386930387693,0.09378431272428388
34.6,0.635997488848636,0.471768164257808,0.6359778257997376,0.0004994910994424635,9.268377202925983,0.153,5.784280885895066,6.0,0.024999999999999998,0.0559504378212292,0.9803921568627451,9.132006830691779,9.268377202925983,9.509322695235747,1e-12,0.002959686929930806,0.0914602488575177,0.00010000011857921843,0.9677451612941477,1.0,0.0005912552900622074,0.9677610082351633,1.0,0.022263171355498768,0.9684601023017902,1.0,0.03225806451612903,0.03225806451612903,0.03225806451612903,0.03225806451612903,0.03225806451612903,5.936403519440336,-0.6359778257997376,0.471768164257808,0.09326355675553506
34.800000000000004,0.6363602056021561,0.4733111380368972,0.6363409719222675,0.0004956020656555594,9.301104945409612,0.153,5.7843768515584975,6.0,0.024999999999999998,0.05594989743205372,0.9803921568627451,9.165729558946921,9.301104945409614,9.540358582456118,1e-12,0.002942691505200119,0.09094146868247496,0.00010000011857921843,0.9677451612941477,1.0,0.0005912552900622074,0.9677610082351633,1.0,0.022263171355498768,0.9684601023017902,1.0,0.03225806451612903,0.03225806451612903,0.03225806451612903,0.03225806451612903,0.03225806451612903,5.965492901359066,-0.6363409719222675,0.4733111380368972,0.09274473468032343
35.0,0.6367174745660352,0.47484285453706704,0.6366986554283153,0.0004917976417345548,9.333597216037987,0.153,5.784472121742068,6.0,0.024999999999999998,0.05594936157485254,0.9803921568627451,9.199212155443863,9.333597216037989,9.571166620535992,1e-12,0.002925957097469305,0.09043049224526392,0.00010000011857921843,0.9677451612941477,1.0,0.0005912552900622074,0.9677610082351633,1.0,0.022263171355498768,0.9684601023017902,1.0,0.03225806451612903,0.03225806451612903,0.03225806451612903,0.03225806451612903,0.03225806451612903,5.994370024184719,-0.6366986554283153,0.47484285453706704,0.0922278922766014
35.2,0.6370694278895092,0.4763633779466682,0.6370510093323092,0.00048807497357476016,9.365855183555865,0.153,5.784566700324377,6.0,0.024999999999999998,0.05594883021337267,0.9803921568627451,9.232455719305099,9.365855183555865,9.601748105662741,1e-12,0.0029094771904082505,0.08992712952527247,0.00010000011857921843,0.9677451612941477,1.0,0.0005912552900622074,0.9677610082351633,1.0,0.022263171355498768,0.9684601023017902,1.0,0.03225806451612903,0.03225806451612903,0.03225806451612903,0.03225806451612903,0.03225806451612903,6.02303609872461,-0.6370510093323092,0.4763633779466682,0.09171307283798417
35.4,0.6374161940557793,0.4778727727193465,0.637398162445777,0.0004844313288020118,9.397880029901618,0.153,5.784660591202601,6.0,0.024999999999999998,0.05594830331150092,0.9803921568627451,9.265461367106367,9.397880029901618,9.63210433966004,1e-12,0.0028932454794701806,0.08943119650603294,0.00010000011857921843,0.9677451612941477,1.0,0.0005912552900622074,0.9677610082351633,1.0,0.022263171355498768,0.9684601023017902,1.0,0.03225806451612903,0.03225806451612903,0.03225806451612903,0.03225806451612903,0.03225806451612903,6.051492340775216,-0.637398162445777,0.4778727727193465,0.09120031728420229
35.6,0.6377578974686223,0.479371103546298,0.6377402395314198,0.0004808640868923719,9.429672949341999,0.153,5.78475379829074,6.0,0.024999999999999998,0.05594778083327105,0.9803921568627451,9.298230231812719,9.429672949341999,9.662236629429948,1e-12,0.0028772558638559893,0.0889425149551145,0.00010000011857921843,0.9677451612941477,1.0,0.0005912552900622074,0.9677610082351633,1.0,0.022263171355498768,0.9684601023017902,1.0,0.03225806451612903,0.03225806451612903,0.03225806451612903,0.03225806451612903,0.03225806451612903,6.079739970599317,-0.6377402395314198,0.479371103546298,0.09068966426505164
35.800000000000004,0.638094658130924,0.48085843532937855,0.6380773614505788,0.0004773707328990411,9.461235147638535,0.153,5.784846325517911,6.0,0.024999999999999998,0.055947262742870645,0.9803921568627451,9.330763461773275,9.461235147638535,9.692146286408995,1e-12,0.0028615024388367665,0.08846091221345873,0.00010000011857921843,0.9677451612941477,1.0,0.0005912552900622074,0.9677610082351633,1.0,0.022263171355498768,0.9684601023017902,1.0,0.03225806451612903,0.03225806451612903,0.03225806451612903,0.03225806451612903,0.03225806451612903,6.107780212419185,-0.6380773614505788,0.48085843532937855,0.09018115025447676
36.0,0.6384265925999854,0.4823348331555491,0.6384096453044916,0.0004739488536604123,9.492567841245556,0.153,5.784938176826737,6.0,0.024999999999999998,0.05594674900464749,0.9803921568627451,9.363062219771708,9.492567841245556,9.721834626050926,1e-12,0.0028459794884274124,0.08798622099358334,0.00010000011857921843,0.9677451612941477,1.0,0.0005912552900622074,0.9677610082351633,1.0,0.022263171355498768,0.9684601023017902,1.0,0.03225806451612903,0.03225806451612903,0.03225806451612903,0.03225806451612903,0.03225806451612903,6.135614293934994,-0.6384096453044916,0.4823348331555491,0.08967480963862698
36.2,0.6387538145483969,0.4838003622724827,0.6387372045696157,0.00047059613390966145,9.52367225654117,0.153,5.785029356171798,6.0,0.024999999999999998,0.05594623958311545,0.9803921568627451,9.39512768211072,9.52367225654117,9.75130296733322,1e-12,0.0028306814783724877,0.08751827918626331,0.00010000011857921843,0.9677451612941477,1.0,0.0005912552900622074,0.9677610082351633,1.0,0.022263171355498768,0.9684601023017902,1.0,0.03225806451612903,0.03225806451612903,0.03225806451612903,0.03225806451612903,0.03225806451612903,6.1632434458650955,-0.6387372045696157,0.4838003622724827,0.08917067480192052
36.4,0.6390764086779662,0.485255088066018,0.6390601492284458,0.0004673103500352539,9.554549629091863,0.153,5.785119867518196,6.0,0.024999999999999998,0.05594573444295976,0.9803921568627451,9.426961037725738,9.554549629091863,9.780552632301383,1e-12,0.0028156030490649807,0.08705692967364878,0.00010000011857921843,0.9677451612941477,1.0,0.0005912552900622074,0.9677610082351633,1.0,0.022263171355498768,0.9684601023017902,1.0,0.03225806451612903,0.03225806451612903,0.03225806451612903,0.03225806451612903,0.03225806451612903,6.190668901521141,-0.6390601492284458,0.485255088066018,0.0886687762150447
36.6,0.6393945349152055,0.4866990760340206,0.6393785858896195,0.00046408937202980523,9.585201202938899,0.153,5.7852097148399135,6.0,0.024999999999999998,0.055945233549043495,0.9803921568627451,9.45856348733504,9.585201202938899,9.809584945534182,1e-12,0.0028007390105554484,0.08660202015768635,0.00010000011857921843,0.9677451612941477,1.0,0.0005912552900622074,0.9677610082351633,1.0,0.022263171355498768,0.9684601023017902,1.0,0.03225806451612903,0.03225806451612903,0.03225806451612903,0.03225806451612903,0.03225806451612903,6.2178918963154235,-0.6393785858896195,0.4866990760340206,0.08816914249760202
36.800000000000004,0.6397082637330219,0.48813239177039547,0.6396926179119524,0.0004609311488658886,9.615628229929866,0.153,5.785298902118771,6.0,0.024999999999999998,0.055944736866410515,0.9803921568627451,9.489936242627833,9.615628229929866,9.838401233834624,1e-12,0.0027860843341958094,0.0861534029829251,0.00010000011857921843,0.9677451612941477,1.0,0.0005912552900622074,0.9677610082351633,1.0,0.022263171355498768,0.9684601023017902,1.0,0.03225806451612903,0.03225806451612903,0.03225806451612903,0.03225806451612903,0.03225806451612903,6.244913667459755,-0.6396926179119524,0.48813239177039547,0.08767180052425783
37.0,0.6400176779523729,0.4895551009409522,0.6400023455181317,0.00045783371130989623,9.645831969060527,0.153,5.785387433342921,6.0,0.024999999999999998,0.055944244360291134,0.9803921568627451,9.521080525485964,9.645831969060527,9.867002825715543,1e-12,0.00277163414802116,0.08571093497409742,0.00010000011857921843,0.9677451612941477,1.0,0.0005912552900622074,0.9677610082351633,1.0,0.022263171355498768,0.9684601023017902,1.0,0.03225806451612903,0.03225806451612903,0.03225806451612903,0.03225806451612903,0.03225806451612903,6.271735453510426,-0.6400023455181317,0.4895551009409522,0.08717677547272289
37.2,0.6403229158819862,0.4909672692618311,0.640307865900778,0.0004547951706483297,9.675813685847306,0.153,5.7854753125054605,6.0,0.024999999999999998,0.055943755996107104,0.9803921568627451,9.551997567235942,9.675813685847306,9.895391050984042,1e-12,0.002757383731705611,0.08527447728460269,0.00010000011857921843,0.9677451612941477,1.0,0.0005912552900622074,0.9677610082351633,1.0,0.022263171355498768,0.9684601023017902,1.0,0.03225806451612903,0.03225806451612903,0.03225806451612903,0.03225806451612903,0.03225806451612903,6.298358493961824,-0.640307865900778,0.4909672692618311,0.0866840908957409
37.4,0.6406240400170661,0.492368962484943,0.6406092733311759,0.00045181370752815615,9.705574651734864,0.153,5.785562543603497,6.0,0.024999999999999998,0.05594327173947394,0.9803921568627451,9.582688607930523,9.705574651734864,9.923567240438759,1e-12,0.0027433285095369887,0.08484389524117723,0.00010000011857921843,0.9677451612941477,1.0,0.0005912552900622074,0.9677610082351633,1.0,0.022263171355498768,0.9684601023017902,1.0,0.03225806451612903,0.03225806451612903,0.03225806451612903,0.03225806451612903,0.03225806451612903,6.3247840289720605,-0.6406092733311759,0.492368962484943,0.08619376880461477
37.6,0.6409211538615209,0.4937602463758052,0.6409066592585798,0.00044888757545307476,9.735116143513395,0.153,5.785649130636764,6.0,0.024999999999999998,0.055942791556205906,0.9803921568627451,9.613154895659575,9.735116143513395,9.951532725407755,1e-12,0.0027294640465980536,0.08441905820202875,0.00010000011857921843,0.9677451612941477,1.0,0.0005912552900622074,0.9677610082351633,1.0,0.022263171355498768,0.9684601023017902,1.0,0.03225806451612903,0.03225806451612903,0.03225806451612903,0.03225806451612903,0.03225806451612903,6.351013298945171,-0.6409066592585798,0.4937602463758052,0.08570582971223219
37.800000000000004,0.6412143438560312,0.4951411866975437,0.641200112407614,0.00044601509426755624,9.764439442769378,0.153,5.785735077606569,6.0,0.024999999999999998,0.05594231541231904,0.9803921568627451,9.64339768588906,9.76443944276938,9.979288837442708,1e-12,0.002715786043138666,0.08399983941769418,0.00010000011857921843,0.9677451612941477,1.0,0.0005912552900622074,0.9677610082351633,1.0,0.022263171355498768,0.9684601023017902,1.0,0.03225806451612903,0.03225806451612903,0.03225806451612903,0.03225806451612903,0.03225806451612903,6.377047544229836,-0.641200112407614,0.4951411866975437,0.08522029270939971
38.0,0.6415036939104959,0.4965118491939407,0.6414897188714677,0.0004431946480239607,9.79354583535439,0.153,5.785820388514733,6.0,0.024999999999999998,0.05594184327403421,0.9803921568627451,9.673418240826784,9.79354583535439,10.006836907956323,1e-12,0.002702290329963503,0.0835861158979032,0.00010000011857921843,0.9677451612941477,1.0,0.0005912552900622074,0.9677610082351633,1.0,0.022263171355498768,0.9684601023017902,1.0,0.03225806451612903,0.03225806451612903,0.03225806451612903,0.03225806451612903,0.03225806451612903,6.402888004799828,-0.6414897188714677,0.4965118491939407,0.08473717551612339
38.2,0.6417892891063299,0.497872299572905,0.6417755622012687,0.0004404246823411625,9.822436610875975,0.153,5.785905067362526,6.0,0.024999999999999998,0.05594137510778036,0.9803921568627451,9.703217828813596,9.822436610875975,10.034178267894353,1e-12,0.0026889728638963438,0.08317776828390162,0.00010000011857921843,0.9677451612941477,1.0,0.0005912552900622074,0.9677610082351633,1.0,0.022263171355498768,0.9684601023017902,1.0,0.03225806451612903,0.03225806451612903,0.03225806451612903,0.03225806451612903,0.03225806451612903,6.428535919942578,-0.6417755622012687,0.497872299572905,0.08425649454018208
38.400000000000006,0.6420712099338493,0.49922260349121156,0.6420577234921662,0.0004377037014044267,9.851113062209631,0.153,5.785989118149695,6.0,0.024999999999999998,0.055940910880196995,0.9803921568627451,9.732797723739038,9.851113062209631,10.06131424742143,1e-12,0.0026758297233272907,0.08277468072547689,0.00010000011857921843,0.9677451612941477,1.0,0.0005912552900622074,0.9677610082351633,1.0,0.022263171355498768,0.9684601023017902,1.0,0.03225806451612903,0.03225806451612903,0.03225806451612903,0.03225806451612903,0.03225806451612903,6.453992527971658,-0.6420577234921662,0.49922260349121156,0.08377826493111559
38.6,0.6423495339461066,0.5005628265396046,0.6423362814660083,0.0004350302654937173,9.87957648503011,0.153,5.78607254487351,6.0,0.024999999999999998,0.05594045055813681,0.9803921568627451,9.762159204480579,9.87957648503011,10.088246175616096,1e-12,0.00266285710401437,0.08237674076284522,0.00010000011857921843,0.9677451612941477,1.0,0.0005912552900622074,0.9677610082351633,1.0,0.022263171355498768,0.9684601023017902,1.0,0.03225806451612903,0.03225806451612903,0.03225806451612903,0.03225806451612903,0.03225806451612903,6.479259065946048,-0.6423362814660083,0.5005628265396046,0.08330250063163457
38.800000000000004,0.6426243381704884,0.5018930342284788,0.6426113125508339,0.0004324029886624484,9.907828177361749,0.153,5.786155351527842,6.0,0.024999999999999998,0.055939994108667936,0.9803921568627451,9.791303554365584,9.907828177361749,10.114975380178581,1e-12,0.002650051315057716,0.08198383921309434,0.00010000011857921843,0.9677451612941477,1.0,0.0005912552900622074,0.9677610082351633,1.0,0.022263171355498768,0.9684601023017902,1.0,0.03225806451612903,0.03225806451612903,0.03225806451612903,0.03225806451612903,0.03225806451612903,6.504336769400377,-0.6426113125508339,0.5018930342284788,0.08282921442721422
39.0,0.6428956967978201,0.5032132919743202,0.6428828909573768,0.0004298205363029701,9.935869439147243,0.153,5.786237542102303,6.0,0.024999999999999998,0.05593954149907603,0.9803921568627451,9.820232060655071,9.935869439147245,10.141503187152793,1e-12,0.00263740877498763,0.08159587006089018,0.00010000011857921843,0.9677451612941477,1.0,0.0005912552900622074,0.9677610082351633,1.0,0.022263171355498768,0.9684601023017902,1.0,0.03225806451612903,0.03225806451612903,0.03225806451612903,0.03225806451612903,0.03225806451612903,6.529226872089427,-0.6428828909573768,0.5032132919743202,0.0823584179939165
39.2,0.6431636806480908,0.504523665086664,0.6431510887526579,0.00042728162291968627,9.963701571833962,0.153,5.786319120581402,6.0,0.024999999999999998,0.05593909269686621,0.9803921568627451,9.84894601404825,9.963701571833962,10.167830920658574,1e-12,0.0026249260080237597,0.0812127303533458,0.00010000011857921843,0.9677451612941477,1.0,0.0005912552900622074,0.9677610082351633,1.0,0.022263171355498768,0.9684601023017902,1.0,0.03225806451612903,0.03225806451612903,0.03225806451612903,0.03225806451612903,0.03225806451612903,6.55393060574243,-0.6431510887526579,0.504523665086664,0.08189012194402766
39.400000000000006,0.64342835979045,0.5058242187555271,0.6434159759307869,0.0004247850101506644,9.991325877976927,0.153,5.78640009094374,6.0,0.024999999999999998,0.05593864766976475,0.9803921568627451,9.877446708207119,9.991325877976927,10.19395990263372,1e-12,0.0026125996405073027,0.08083432009887573,0.00010000011857921843,0.9677451612941477,1.0,0.0005912552900622074,0.9677610082351633,1.0,0.022263171355498768,0.9684601023017902,1.0,0.03225806451612903,0.03225806451612903,0.03225806451612903,0.03225806451612903,0.03225806451612903,6.578449199826265,-0.6434159759307869,0.5058242187555271,0.08142433586962125
39.6,0.6436898031633491,0.5071150180394702,0.6436776204811442,0.0004223295047450259,10.018743660858235,0.153,5.7864804571612405,6.0,0.024999999999999998,0.0559382063857206,0.9803921568627451,9.90573543930039,10.018743660858236,10.219891452588545,1e-12,0.0026004263974437176,0.080460542169794,0.00010000011857921843,0.9677451612941477,1.0,0.0005912552900622074,0.9677610082351633,1.0,0.022263171355498768,0.9684601023017902,1.0,0.03225806451612903,0.03225806451612903,0.03225806451612903,0.03225806451612903,0.03225806451612903,6.602783881320562,-0.6436776204811442,0.5071150180394702,0.0809610683847078
39.800000000000004,0.6439480757497584,0.5083961278542305,0.6439360884540458,0.00041991395653462804,10.04595622412218,0.153,5.786560223198421,6.0,0.024999999999999998,0.05593776881290681,0.9803921568627451,9.933813505565938,10.04595622412218,10.245626887371618,1e-12,0.002588403099158615,0.08009130220850591,0.00010000011857921843,0.9677451612941477,1.0,0.0005912552900622074,0.9677610082351633,1.0,0.022263171355498768,0.9684601023017902,1.0,0.03225806451612903,0.03225806451612903,0.03225806451612903,0.03225806451612903,0.03225806451612903,6.626935874503538,-0.6439360884540458,0.5083961278542305,0.08050032716582194
40.0,0.6442032400685155,0.5096676129617443,0.6441914440239603,0.00041753725666895735,10.072964871425249,0.153,5.786639393011684,6.0,0.024999999999999998,0.05593733491972173,0.9803921568627451,9.96168220689105,10.072964871425249,10.27116752094331,1e-12,0.0025765266581179442,0.07972650853719956,0.00010000011857921843,0.9677451612941477,1.0,0.0005912552900622074,0.9677610082351633,1.0,0.022263171355498768,0.9684601023017902,1.0,0.03225806451612903,0.03225806451612903,0.03225806451612903,0.03225806451612903,0.03225806451612903,6.650906400745182,-0.6441914440239603,0.5096676129617443,0.08004211899054121
40.2,0.6444553602232063,0.5109295379596194,0.6444437495503975,0.00041519833598626895,10.099770906100515,0.153,5.786717970548635,6.0,0.024999999999999998,0.05593690467479006,0.9803921568627451,9.98934284440981,10.099770906100515,10.29651466415842,1e-12,0.002564794075887255,0.07936607207086067,0.00010000011857921843,0.9677451612941477,1.0,0.0005912552900622074,0.9677610082351633,1.0,0.022263171355498768,0.9684601023017902,1.0,0.03225806451612903,0.03225806451612903,0.03225806451612903,0.03225806451612903,0.03225806451612903,6.674696678308951,-0.6444437495503975,0.5109295379596194,0.07958644977435969
40.400000000000006,0.6447044991139872,0.5121819672712249,0.644693065636624,0.0004128961631699981,10.126375630836264,0.153,5.786795959747445,6.0,0.024999999999999998,0.05593647804696386,0.9803921568627451,10.016796720116966,10.126375630836264,10.321669624561233,1e-12,0.002553202440150095,0.07900990623339432,0.00010000011857921843,0.9677451612941477,1.0,0.0005912552900622074,0.9677610082351633,1.0,0.022263171355498768,0.9684601023017902,1.0,0.03225806451612903,0.03225806451612903,0.03225806451612903,0.03225806451612903,0.03225806451612903,6.69830792216505,-0.644693065636624,0.5121819672712249,0.07913332460674036
40.6,0.6449507124177628,0.5134249651363064,0.6449394511862747,0.0004106297427768743,10.1527803473682,0.153,5.786873364536244,6.0,0.024999999999999998,0.05593605500532317,0.9803921568627451,10.044045136497637,10.1527803473682,10.34663370619082,1e-12,0.00254174892181614,0.07865792687675036,0.00010000011857921843,0.9677451612941477,1.0,0.0005912552900622074,0.9677610082351633,1.0,0.022263171355498768,0.9684601023017902,1.0,0.03225806451612903,0.03225806451612903,0.03225806451612903,0.03225806451612903,0.03225806451612903,6.721741343813662,-0.6449394511862747,0.5134249651363064,0.07868274778596115
40.800000000000004,0.6451940508735441,0.514658595601819,0.6451829634578747,0.00040839811366253487,10.178986356184266,0.153,5.786950188832524,6.0,0.024999999999999998,0.05593563551917674,0.9803921568627451,10.07108939617233,10.178986356184266,10.3714082093906,1e-12,0.0025304307723015224,0.07831005220303604,0.00010000011857921843,0.9677451612941477,1.0,0.0005912552900622074,0.9677610082351633,1.0,0.022263171355498768,0.9684601023017902,1.0,0.03225806451612903,0.03225806451612903,0.03225806451612903,0.03225806451612903,0.03225806451612903,6.7449981511122665,-0.6451829634578747,0.514658595601819,0.078234722851648
41.0,0.6454345741510634,0.5158829225129948,0.6454236581173609,0.0004062003478490255,10.204994956241435,0.153,5.787026436542562,6.0,0.024999999999999998,0.05593521955806266,0.9803921568627451,10.0979308015566,10.204994956241435,10.395994430622741,1e-12,0.0025192453209904406,0.07796620268948441,0.00010000011857921843,0.9677451612941477,1.0,0.0005912552900622074,0.9677610082351633,1.0,0.022263171355498768,0.9684601023017902,1.0,0.03225806451612903,0.03225806451612903,0.03225806451612903,0.03225806451612903,0.03225806451612903,6.768079548107352,-0.6454236581173609,0.5158829225129948,0.07778925261532352
41.2,0.6456723234282568,0.5170980095057491,0.6456615892895348,0.00040403554779227786,10.230807444696254,0.153,5.787102111560924,6.0,0.024999999999999998,0.055934807091748515,0.9803921568627451,10.124570654534914,10.230807444696254,10.420393662310374,1e-12,0.0025081899724663085,0.0776263010149503,0.00010000011857921843,0.9677451612941477,1.0,0.0005912552900622074,0.9677610082351633,1.0,0.022263171355498768,0.9684601023017902,1.0,0.03225806451612903,0.03225806451612903,0.03225806451612903,0.03225806451612903,0.03225806451612903,6.79098673489142,-0.6456615892895348,0.5170980095057491,0.07734633919397634
41.400000000000006,0.6459073892877318,0.5183039199972308,0.6458968096046059,0.00040190284731309224,10.256425116643172,0.153,5.787177217769858,6.0,0.024999999999999998,0.05593439809023223,0.9803921568627451,10.151010256148078,10.256425116643172,10.444607192638328,1e-12,0.00249726220463064,0.07729027199341995,0.00010000011857921843,0.9677451612941477,1.0,0.0005912552900622074,0.9677610082351633,1.0,0.022263171355498768,0.9684601023017902,1.0,0.03225806451612903,0.03225806451612903,0.03225806451612903,0.03225806451612903,0.03225806451612903,6.81372090742494,-0.6458968096046059,0.5183039199972308,0.0769059840313521
41.6,0.646139807115394,0.5195007171805893,0.646129370248274,0.0003998014063085293,10.281849264870237,0.153,5.787251759038936,6.0,0.024999999999999998,0.05593399252374148,0.9803921568627451,10.177250906293793,10.281849264870237,10.468636305448968,1e-12,0.0024864595654994605,0.07695804250246575,0.00010000011857921843,0.9677451612941477,1.0,0.0005912552900622074,0.9677610082351633,1.0,0.022263171355498768,0.9684601023017902,1.0,0.03225806451612903,0.03225806451612903,0.03225806451612903,0.03225806451612903,0.03225806451612903,6.836283257437872,-0.646129370248274,0.5195007171805893,0.07646818793842046
41.800000000000004,0.6463696009310331,0.5206884640170023,0.6463593210069535,0.00039773041086973667,10.307081179620226,0.153,5.787325739224552,6.0,0.024999999999999998,0.055933590362734084,0.9803921568627451,10.203293903439787,10.307081179620226,10.492482280065563,1e-12,0.002475779671257645,0.07662954141863774,0.00010000011857921843,0.9677451612941477,1.0,0.0005912552900622074,0.9677610082351633,1.0,0.022263171355498768,0.9684601023017902,1.0,0.03225806451612903,0.03225806451612903,0.03225806451612903,0.03225806451612903,0.03225806451612903,6.85867497227942,-0.6463593210069535,0.5206884640170023,0.07603295111260057
42.0,0.6465968465667086,0.5218672232273949,0.6465867103096256,0.0003956890741870013,10.332122148361284,0.153,5.787399162169374,6.0,0.024999999999999998,0.05593319157789842,0.9803921568627451,10.229140544349155,10.332122148361284,10.516146391126929,1e-12,0.0024652202045593826,0.07630469955767777,0.00010000011857921843,0.9677451612941477,1.0,0.0005912552900622074,0.9677610082351633,1.0,0.022263171355498768,0.9684601023017902,1.0,0.03225806451612903,0.03225806451612903,0.03225806451612903,0.03225806451612903,0.03225806451612903,6.880897234762109,-0.6465867103096256,0.5218672232273949,0.07560027316040667
42.2,0.6468215786852822,0.5230370572880217,0.6468115852723959,0.00039367663214412847,10.356973455572884,0.153,5.787472031702044,6.0,0.024999999999999998,0.055932796140152743,0.9803921568627451,10.254792123817378,10.356973455572884,10.539629908492866,1e-12,0.0024547789117167354,0.07598344961086298,0.00010000011857921843,0.9677451612941477,1.0,0.0005912552900622074,0.9677610082351633,1.0,0.022263171355498768,0.9684601023017902,1.0,0.03225806451612903,0.03225806451612903,0.03225806451612903,0.03225806451612903,0.03225806451612903,6.902951223078622,-0.6468115852723959,0.5230370572880217,0.07517015313097007
42.400000000000006,0.6470438457848801,0.5241980284232367,0.647033991738583,0.00039169234388535126,10.381636382536346,0.153,5.787544351636723,6.0,0.024999999999999998,0.05593240402064527,0.9803921568627451,10.280249934420471,10.381636382536346,10.562934097085616,1e-12,0.0024444536010531153,0.07566572608773842,0.00010000011857921843,0.9677451612941477,1.0,0.0005912552900622074,0.9677610082351633,1.0,0.022263171355498768,0.9684601023017902,1.0,0.03225806451612903,0.03225806451612903,0.03225806451612903,0.03225806451612903,0.03225806451612903,6.92483811066556,-0.647033991738583,0.5241980284232367,0.07474258953244554
42.6,0.6472636931951635,0.5253501985998968,0.64725397431854,0.00038973549003055514,10.40611220713702,0.153,5.787616125772706,6.0,0.024999999999999998,0.055932015190753887,0.9803921568627451,10.305515266273924,10.40611220713702,10.586060216779288,1e-12,0.002434242140815273,0.07535146525922845,0.00010000011857921843,0.9677451612941477,1.0,0.0005912552900622074,0.9677610082351633,1.0,0.022263171355498768,0.9684601023017902,1.0,0.03225806451612903,0.03225806451612903,0.03225806451612903,0.03225806451612903,0.03225806451612903,6.9465590660981285,-0.64725397431854,0.5253501985998968,0.07431758035925433
42.800000000000004,0.6474811630542002,0.5264936295219704,0.647471576427952,0.00038780537157786436,10.43040220367467,0.153,5.787687357894075,6.0,0.024999999999999998,0.05593162962208573,0.9803921568627451,10.330589406802105,10.43040220367467,10.609009522279809,1e-12,0.0024241424572721557,0.07504060510292582,0.00010000011857921843,0.9677451612941477,1.0,0.0005912552900622074,0.9677610082351633,1.0,0.022263171355498768,0.9684601023017902,1.0,0.03225806451612903,0.03225806451612903,0.03225806451612903,0.03225806451612903,0.03225806451612903,6.9681152529885715,-0.647471576427952,0.5264936295219704,0.07389512311240834
43.0,0.6476962979470654,0.5276283826251748,0.6476868403247743,0.0003859013090151354,10.454507642682298,0.153,5.787758051769344,6.0,0.024999999999999998,0.0559312472864768,0.9803921568627451,10.355473640517802,10.454507642682298,10.631783263012924,1e-12,0.002414152532903472,0.07473308525032235,0.00010000011857921843,0.9677451612941477,1.0,0.0005912552900622074,0.9677610082351633,1.0,0.022263171355498768,0.9684601023017902,1.0,0.03225806451612903,0.03225806451612903,0.03225806451612903,0.03225806451612903,0.03225806451612903,6.989507829885209,-0.6476868403247743,0.5276283826251748,0.07347521482094052
43.2,0.6479091391267124,0.5287545190720614,0.6478998071449816,0.00038402264135469654,10.47842979075326,0.153,5.787828211151129,6.0,0.024999999999999998,0.05593086815599145,0.9803921568627451,10.38016924881137,10.47842979075326,10.654382683019046,1e-12,0.00240427040461715,0.0744288469357405,0.00010000011857921843,0.9677451612941477,1.0,0.0005912552900622074,0.9677610082351633,1.0,0.022263171355498768,0.9684601023017902,1.0,0.03225806451612903,0.03225806451612903,0.03225806451612903,0.03225806451612903,0.03225806451612903,7.01073795017989,-0.6478998071449816,0.5287545190720614,0.07305785206233563
43.400000000000006,0.6481197261425486,0.5298720997473441,0.6481105169371094,0.00038216872531945603,10.50216991037631,0.153,5.787897839775844,6.0,0.024999999999999998,0.05593049220292184,0.9803921568627451,10.404677509749106,10.50216991037631,10.67680902085277,1e-12,0.0023944941620370978,0.07412783294698641,0.00010000011857921843,0.9677451612941477,1.0,0.0005912552900622074,0.9677610082351633,1.0,0.022263171355498768,0.9684601023017902,1.0,0.03225806451612903,0.03225806451612903,0.03225806451612903,0.03225806451612903,0.03225806451612903,7.031806762020044,-0.6481105169371094,0.5298720997473441,0.07264303098197458
43.6,0.6483280980277634,0.5309811852534383,0.6483190086956367,0.0003803389347002488,10.525729259778078,0.153,5.7879669413634005,6.0,0.024999999999999998,0.05593011939978728,0.9803921568627451,10.428999697880633,10.525729259778078,10.699063509487162,1e-12,0.0023848219458585886,0.0738299875776618,0.00010000011857921843,0.9677451612941477,1.0,0.0005912552900622074,0.9677610082351633,1.0,0.022263171355498768,0.9684601023017902,1.0,0.03225806451612903,0.03225806451612903,0.03225806451612903,0.03225806451612903,0.03225806451612903,7.0527154082246915,-0.6483190086956367,0.5309811852534383,0.07223074731181832
43.800000000000004,0.6485342928706115,0.5320818359062786,0.6485253203932683,0.00037853265981120345,10.549109092772982,0.153,5.788035519616927,6.0,0.024999999999999998,0.05592974971933356,0.9803921568627451,10.453137084054887,10.549109092772982,10.721147376223552,1e-12,0.002375251946250522,0.07353525658104533,0.00010000011857921843,0.9677451612941477,1.0,0.0005912552900622074,0.9677610082351633,1.0,0.022263171355498768,0.9684601023017902,1.0,0.03225806451612903,0.03225806451612903,0.03225806451612903,0.03225806451612903,0.03225806451612903,7.0734650262057075,-0.6485253203932683,0.5320818359062786,0.07182099638844038
44.0,0.6487383473085959,0.533174111731372,0.6487294890121516,0.0003767493071067802,10.572310658620053,0.153,5.788103578222512,6.0,0.024999999999999998,0.055929383134532204,0.9803921568627451,10.47709093524442,10.572310658620053,10.743061842605954,1e-12,0.002365782401311802,0.07324358712549772,0.00010000011857921843,0.9677451612941477,1.0,0.0005912552900622074,0.9677610082351633,1.0,0.022263171355498768,0.9684601023017902,1.0,0.03225806451612903,0.03225806451612903,0.03225806451612903,0.03225806451612903,0.03225806451612903,7.094056747893533,-0.6487294890121516,0.533174111731372,0.07141377317027682
44.2,0.6489402972409266,0.5342580724600533,0.6489315505740613,0.00037498829901110085,10.595335201886511,0.153,5.788171120848942,6.0,0.024999999999999998,0.055929019618579705,0.9803921568627451,10.500862514377626,10.595335201886511,10.76480812433969,1e-12,0.002356411595586483,0.0729549277513409,0.00010000011857921843,0.9677451612941477,1.0,0.0005912552900622074,0.9677610082351633,1.0,0.022263171355498768,0.9684601023017902,1.0,0.03225806451612903,0.03225806451612903,0.03225806451612903,0.03225806451612903,0.03225806451612903,7.114491699666667,-0.6489315505740613,0.5342580724600533,0.07100907225414203
44.400000000000006,0.6491401779698719,0.5353337775259636,0.6491315401695973,0.00037324907392695183,10.618183962317799,0.153,5.788238151147471,6.0,0.024999999999999998,0.05592865914489665,0.9803921568627451,10.524453080178661,10.618183962317799,10.786387431214576,1e-12,0.0023471378586257608,0.07266922832914671,0.00010000011857921843,0.9677451612941477,1.0,0.0005912552900622074,0.9677610082351633,1.0,0.022263171355498768,0.9684601023017902,1.0,0.03225806451612903,0.03225806451612903,0.03225806451612903,0.03225806451612903,0.03225806451612903,7.134771002285422,-0.6491315401695973,0.5353337775259636,0.07060688789111914
44.6,0.6493380234868475,0.5364012860617516,0.6493294919864323,0.0003715310864380299,10.640858174713872,0.153,5.788304672751597,6.0,0.024999999999999998,0.05592830168712685,0.9803921568627451,10.547863887014719,10.640858174713872,10.80780096703254,1e-12,0.0023379595635938844,0.07238644001938241,0.00010000011857921843,0.9677451612941477,1.0,0.0005912552900622074,0.9677610082351633,1.0,0.022263171355498768,0.9684601023017902,1.0,0.03225806451612903,0.03225806451612903,0.03225806451612903,0.03225806451612903,0.03225806451612903,7.154895770829804,-0.6493294919864323,0.5364012860617516,0.07020721400183465
44.800000000000004,0.6495338667130142,0.537460656895953,0.649525439336638,0.00036983380777042175,10.663359068811383,0.153,5.788370689276851,6.0,0.024999999999999998,0.05592794721913642,0.9803921568627451,10.57109618475041,10.663359068811383,10.829049929538884,1e-12,0.0023288751259256378,0.07210651523337416,0.00010000011857921843,0.9677451612941477,1.0,0.0005912552900622074,0.9677610082351633,1.0,0.022263171355498768,0.9684601023017902,1.0,0.03225806451612903,0.03225806451612903,0.03225806451612903,0.03225806451612903,0.03225806451612903,7.174867114640807,-0.649525439336638,0.537460656895953,0.0698100441910485
45.0,0.649727740334724,0.5385119485500494,0.6497194146831232,0.0003681567265174777,10.68568786917165,0.153,5.7884362043205915,6.0,0.024999999999999998,0.055927595715012816,0.9803921568627451,10.594151218608935,10.68568786917165,10.850135510357257,1e-12,0.0023198830020312506,0.0718294075955381,0.00010000011857921843,0.9677451612941477,1.0,0.0005912552900622074,0.9677610082351633,1.0,0.022263171355498768,0.9684601023017902,1.0,0.03225806451612903,0.03225806451612903,0.03225806451612903,0.03225806451612903,0.03225806451612903,7.194686137265063,-0.6497194146831232,0.5385119485500494,0.06941537176161547
45.2,0.6499196731888639,0.5395552190922656,0.6499114496391105,0.00036650050582029084,10.707845793928703,0.153,5.788501221453099,6.0,0.024999999999999998,0.05592724714911057,0.9803921568627451,10.617030229022108,10.707845793928703,10.871058891889014,1e-12,0.0023109816892343217,0.07155507194412783,0.00010000011857921843,0.9677451612941477,1.0,0.0005912552900622074,0.9677610082351633,1.0,0.022263171355498768,0.9684601023017902,1.0,0.03225806451612903,0.03225806451612903,0.03225806451612903,0.03225806451612903,0.03225806451612903,7.214353933697425,-0.6499114496391105,0.5395552190922656,0.06902318906819241
45.400000000000006,0.6501096998924994,0.5405905263245847,0.6501015750270608,0.00036486541475948584,10.729834056265647,0.153,5.788565744228494,6.0,0.024999999999999998,0.055926901495990666,0.9803921568627451,10.639734451429623,10.729834056265647,10.891821251604153,1e-12,0.0023021697230161298,0.07128346424705585,0.00010000011857921843,0.9677451612941477,1.0,0.0005912552900622074,0.9677610082351633,1.0,0.022263171355498768,0.9684601023017902,1.0,0.03225806451612903,0.03225806451612903,0.03225806451612903,0.03225806451612903,0.03225806451612903,7.233871593910968,-0.6501015750270608,0.5405905263245847,0.06863348855931091
45.6,0.650297851308211,0.5416179280140625,0.6502898209462387,0.0003632501439608512,10.751653865483522,0.153,5.7886297761997065,6.0,0.024999999999999998,0.05592655873033853,0.9803921568627451,10.66226511607659,10.751653865483524,10.912423766212743,1e-12,0.0022934456737774144,0.07101454150537322,0.00010000011857921843,0.9677451612941477,1.0,0.0005912552900622074,0.9677610082351633,1.0,0.022263171355498768,0.9684601023017902,1.0,0.03225806451612903,0.03225806451612903,0.03225806451612903,0.03225806451612903,0.03225806451612903,7.253240207214435,-0.6502898209462387,0.5416179280140625,0.06824626358731374
45.800000000000004,0.6504841533929173,0.5426374815666039,0.6504762167364083,0.00036165360095134286,10.773306425095242,0.153,5.788693320898678,6.0,0.024999999999999998,0.05592621882706829,0.9803921568627451,10.684623447995188,10.773306425095242,10.932867604755314,1e-12,0.0022848081484580125,0.07074826180513094,0.00010000011857921843,0.9677451612941477,1.0,0.0005912552900622074,0.9677610082351633,1.0,0.022263171355498768,0.9684601023017902,1.0,0.03225806451612903,0.03225806451612903,0.03225806451612903,0.03225806451612903,0.03225806451612903,7.272460856099085,-0.6504762167364083,0.5426374815666039,0.06786150690456207
46.0,0.6506686364313123,0.5436492438739938,0.6506607909718727,0.00036007531467816586,10.794792932346253,0.153,5.788756381825754,6.0,0.024999999999999998,0.05592588176137754,0.9803921568627451,10.70681066718585,10.794792932346253,10.953153926308824,1e-12,0.0022762557907936064,0.07048458432589616,0.00010000011857921843,0.9677451612941477,1.0,0.0005912552900622074,0.9677610082351633,1.0,0.022263171355498768,0.9684601023017902,1.0,0.03225806451612903,0.03225806451612903,0.03225806451612903,0.03225806451612903,0.03225806451612903,7.291534613361304,-0.6506607909718727,0.5436492438739938,0.06747921031006367
46.2,0.6508513277080038,0.5446532715058504,0.6508435715194878,0.0003585150755027178,10.816114578514703,0.153,5.78881896246195,6.0,0.024999999999999998,0.05592554750867972,0.9803921568627451,10.728827988642195,10.816114578514703,10.973283883553334,1e-12,0.002267787278539678,0.07022346925787464,0.00010000011857921843,0.9677451612941477,1.0,0.0005912552900622074,0.9677610082351633,1.0,0.022263171355498768,0.9684601023017902,1.0,0.03225806451612903,0.03225806451612903,0.03225806451612903,0.03225806451612903,0.03225806451612903,7.310462545719544,-0.6508435715194878,0.5446532715058504,0.06709936532514267
46.400000000000006,0.6510322542918957,0.5456496207797263,0.6510245855728094,0.0003569725908921385,10.83727254918394,0.153,5.788881066273664,6.0,0.024999999999999998,0.05592521604457707,0.9803921568627451,10.750676621995817,10.83727254918394,10.993258623947744,1e-12,0.0022594013218492645,0.06996487775312932,0.00010000011857921843,0.9677451612941477,1.0,0.0005912552900622074,0.9677610082351633,1.0,0.022263171355498768,0.9684601023017902,1.0,0.03225806451612903,0.03225806451612903,0.03225806451612903,0.03225806451612903,0.03225806451612903,7.32924571513376,-0.6510245855728094,0.5456496207797263,0.06672196346306318
46.6,0.651211442784747,0.5466383476974812,0.6512038596609417,0.00035544745590866553,10.858268024193094,0.153,5.788942696708415,6.0,0.024999999999999998,0.055924887344881644,0.9803921568627451,10.772357771129679,10.858268024193094,11.013079288649143,1e-12,0.0022510966628109842,0.06970877191294038,0.00010000011857921843,0.9677451612941477,1.0,0.0005912552900622074,0.9677610082351633,1.0,0.022263171355498768,0.9684601023017902,1.0,0.03225806451612903,0.03225806451612903,0.03225806451612903,0.03225806451612903,0.03225806451612903,7.347885177607738,-0.6512038596609417,0.5466383476974812,0.06634699612525655
46.800000000000004,0.6513889189881537,0.5476195079198042,0.6513814196639721,0.00035393926155736057,10.879102177457584,0.153,5.789003857193219,6.0,0.024999999999999998,0.05592456138562219,0.9803921568627451,10.793872634153274,10.879102177457584,11.032747011996314,1e-12,0.0022428720746842596,0.06945511476575411,0.00010000011857921843,0.9677451612941477,1.0,0.0005912552900622074,0.9677610082351633,1.0,0.022263171355498768,0.9684601023017902,1.0,0.03225806451612903,0.03225806451612903,0.03225806451612903,0.03225806451612903,0.03225806451612903,7.366381982708974,-0.6513814196639721,0.5476195079198042,0.06597445449827583
47.0,0.651564708087384,0.5485931567785937,0.6515572908346972,0.0003524476491866422,10.899776176853972,0.153,5.789064551135444,6.0,0.024999999999999998,0.05592423814303775,0.9803921568627451,10.815222403561702,10.899776176853972,11.05226292169233,1e-12,0.0022347263608476324,0.06920387023614682,0.00010000011857921843,0.9677451612941477,1.0,0.0005912552900622074,0.9677610082351633,1.0,0.022263171355498768,0.9684601023017902,1.0,0.03225806451612903,0.03225806451612903,0.03225806451612903,0.03225806451612903,0.03225806451612903,7.384737173801535,-0.6515572908346972,0.5485931567785937,0.06560432954522445
47.2,0.6517388346853734,0.5495593492831001,0.6517314978184608,0.0003509722926653618,10.920291184181934,0.153,5.7891247819231575,6.0,0.024999999999999998,0.05592391759357408,0.9803921568627451,10.836408266198355,10.920291184181936,11.071628138938605,1e-12,0.002226658353835816,0.06895500311648453,0.00010000011857921843,0.9677451612941477,1.0,0.0005912552900622074,0.9677610082351633,1.0,0.022263171355498768,0.9684601023017902,1.0,0.03225806451612903,0.03225806451612903,0.03225806451612903,0.03225806451612903,0.03225806451612903,7.402951788162136,-0.6517314978184608,0.5495593492831001,0.06523661204348297
47.400000000000006,0.651911322782047,0.5505181401173341,0.6519040646708205,0.0003495128703957733,10.940648355138041,0.153,5.78918455292493,6.0,0.024999999999999998,0.055923599713883,0.9803921568627451,10.857431403043716,10.940648355138041,11.09084377838892,1e-12,0.0022186669144791515,0.06870847904168487,0.00010000011857921843,0.9677451612941477,1.0,0.0005912552900622074,0.9677610082351633,1.0,0.022263171355498768,0.9684601023017902,1.0,0.03225806451612903,0.03225806451612903,0.03225806451612903,0.03225806451612903,0.03225806451612903,7.421026856931427,-0.6519040646708205,0.5505181401173341,0.06487129262007173
47.6,0.6520821958172849,0.5514695836372455,0.6520750148746299,0.0003480690597577644,10.96084883926967,0.153,5.789243867489655,6.0,0.024999999999999998,0.05592328448082161,0.9803921568627451,10.878292989089882,10.96084883926967,11.109910948082595,1e-12,0.002210750931072337,0.06846426446481431,0.00010000011857921843,0.9677451612941477,1.0,0.0005912552900622074,0.9677610082351633,1.0,0.022263171355498768,0.9684601023017902,1.0,0.03225806451612903,0.03225806451612903,0.03225806451612903,0.03225806451612903,0.03225806451612903,7.438963405060884,-0.6520750148746299,0.5514695836372455,0.06450836176161533
47.800000000000004,0.6522514766808953,0.5524137338697633,0.6522443713568856,0.0003466405447705516,10.98089377991969,0.153,5.789302728946477,6.0,0.024999999999999998,0.055922971871451024,0.9803921568627451,10.898994193344043,10.980893779919692,11.128830749418993,1e-12,0.0022029093185556934,0.06822232663302054,0.00010000011857921843,0.9677451612941477,1.0,0.0005912552900622074,0.9677610082351633,1.0,0.022263171355498768,0.9684601023017902,1.0,0.03225806451612903,0.03225806451612903,0.03225806451612903,0.03225806451612903,0.03225806451612903,7.456762451294743,-0.6522443713568856,0.5524137338697633,0.06414780980705997
48.0,0.652419187710053,0.5533506445126187,0.652412156505165,0.00034522702106715424,11.000784314177867,0.153,5.789361140604765,6.0,0.024999999999999998,0.05592266186303482,0.9803921568627451,10.919536178817884,11.000784314177867,11.147604277150032,1e-12,0.002195141017717077,0.06798263356404986,0.00010000011857921843,0.9677451612941477,1.0,0.0005912552900622074,0.9677610082351633,1.0,0.022263171355498768,0.9684601023017902,1.0,0.03225806451612903,0.03225806451612903,0.03225806451612903,0.03225806451612903,0.03225806451612903,7.474425008166781,-0.652412156505165,0.5533506445126187,0.06378962694749309
48.2,0.6525853507239355,0.5542803689340218,0.6525783921835152,0.00034382819487774265,11.020521572841687,0.153,5.789419105754079,6.0,0.024999999999999998,0.05592235443303762,0.9803921568627451,10.939920102449994,11.020521572841687,11.16623261936904,1e-12,0.002187444994421022,0.06774515402354965,0.00010000011857921843,0.9677451612941477,1.0,0.0005912552900622074,0.9677610082351633,1.0,0.022263171355498768,0.9684601023017902,1.0,0.03225806451612903,0.03225806451612903,0.03225806451612903,0.03225806451612903,0.03225806451612903,7.49195208199428,-0.6525783921835152,0.5542803689340218,0.06343380323891487
48.400000000000006,0.6527499870461322,0.5552029601722042,0.6527430997478106,0.0003424437804900133,11.040106680381776,0.153,5.78947662766413,6.0,0.024999999999999998,0.05592204955912368,0.9803921568627451,10.960147115025668,11.040106680381776,11.184716857497055,1e-12,0.002179820238863941,0.06750985750312767,0.00010000011857921843,0.9677451612941477,1.0,0.0005912552900622074,0.9677610082351633,1.0,0.022263171355498768,0.9684601023017902,1.0,0.03225806451612903,0.03225806451612903,0.03225806451612903,0.03225806451612903,0.03225806451612903,7.509344672869499,-0.6527430997478106,0.5552029601722042,0.06308032861503413
48.6,0.652913117499104,0.556118470935176,0.6529063000606583,0.0003410734992857903,11.059540754908657,0.153,5.789533709584754,6.0,0.024999999999999998,0.05592174721915548,0.9803921568627451,10.980218361133273,11.059540754908657,11.203058066273464,1e-12,0.0021722657648517254,0.0672767141990595,0.00010000011857921843,0.9677451612941477,1.0,0.0005912552900622074,0.9677610082351633,1.0,0.022263171355498768,0.9684601023017902,1.0,0.03225806451612903,0.03225806451612903,0.03225806451612903,0.03225806451612903,0.03225806451612903,7.526603774655159,-0.6529063000606583,0.556118470935176,0.06272919289342789
48.800000000000004,0.6530747624216485,0.5570269536006713,0.6530680135058616,0.0003397170800131299,11.078824908141298,0.153,5.789590354745888,6.0,0.024999999999999998,0.05592144739119222,0.9803921568627451,11.000134979134092,11.078824908141298,11.221257313750415,1e-12,0.0021647806090992765,0.06704569499162615,0.00010000011857921843,0.9677451612941477,1.0,0.0005912552900622074,0.9677610082351633,1.0,0.022263171355498768,0.9684601023017902,1.0,0.03225806451612903,0.03225806451612903,0.03225806451612903,0.03225806451612903,0.03225806451612903,7.543730374983487,-0.6530680135058616,0.5570269536006713,0.0623803857796845
49.0,0.6532349417023089,0.557928460216097,0.6532282600024242,0.0003383742590076264,11.097960245378596,0.153,5.789646566357566,6.0,0.024999999999999998,0.05592115005348841,0.9803921568627451,11.019898101122555,11.097960245378596,11.239315661287408,1e-12,0.002157363830552735,0.06681677142510835,0.00010000011857921843,0.9677451612941477,1.0,0.0005912552900622074,0.9677610082351633,1.0,0.022263171355498768,0.9684601023017902,1.0,0.03225806451612903,0.03225806451612903,0.03225806451612903,0.03225806451612903,0.03225806451612903,7.560725455255326,-0.6532282600024242,0.557928460216097,0.06203389687360002
49.2,0.6533936747810019,0.5588230424985018,0.6533870590181124,0.0003370447799459274,11.116947865474115,0.153,5.789702347609892,6.0,0.024999999999999998,0.055920855184492364,0.9803921568627451,11.039508852882252,11.116947865474115,11.257234163546572,1e-12,0.002150014509733294,0.06658991568841076,0.00010000011857921843,0.9677451612941477,1.0,0.0005912552900622074,0.9677610082351633,1.0,0.022263171355498768,0.9684601023017902,1.0,0.03225806451612903,0.03225806451612903,0.03225806451612903,0.03225806451612903,0.03225806451612903,7.577589990639637,-0.6533870590181124,0.5588230424985018,0.061689715676443733
49.400000000000006,0.6535509806436859,0.5597107518347002,0.6535444295826166,0.00033572839343017346,11.135788860813655,0.153,5.7897577016730475,6.0,0.024999999999999998,0.0559205627628448,0.9803921568627451,11.05896835384904,11.135788860813655,11.275013868491104,1e-12,0.002142731748100901,0.06636510059626198,0.00010000011857921843,0.9677451612941477,1.0,0.0005912552900622074,0.9677610082351633,1.0,0.022263171355498768,0.9684601023017902,1.0,0.03225806451612903,0.03225806451612903,0.03225806451612903,0.03225806451612903,0.03225806451612903,7.594324950075892,-0.6535444295826166,0.5597107518347002,0.06134783159742717
49.6,0.6537068778566317,0.5605916392815424,0.6537003903003192,0.00033442485668277517,11.154484317295225,0.153,5.7898126316972895,6.0,0.024999999999999998,0.055920272767377315,0.9803921568627451,11.078277717081283,11.154484317295225,11.292655817386668,1e-12,0.002135514667437328,0.06614229957097241,0.00010000011857921843,0.9677451612941477,1.0,0.0005912552900622074,0.9677610082351633,1.0,0.022263171355498768,0.9684601023017902,1.0,0.03225806451612903,0.03225806451612903,0.03225806451612903,0.03225806451612903,0.03225806451612903,7.610931296279235,-0.6537003903003192,0.5605916392815424,0.06100823395931573
49.800000000000004,0.6538613845976309,0.5614657555662335,0.6538549593626706,0.00033313393335787964,11.173035314311392,0.153,5.789867140812962,6.0,0.024999999999999998,0.05591998517711086,0.9803921568627451,11.097438049232204,11.173035314311392,11.3101610448039,1e-12,0.002128362409248642,0.06592148662475632,0.00010000011857921843,0.9677451612941477,1.0,0.0005912552900622074,0.9677610082351633,1.0,0.022263171355498768,0.9684601023017902,1.0,0.03225806451612903,0.03225806451612903,0.03225806451612903,0.03225806451612903,0.03225806451612903,7.62740998574657,-0.6538549593626706,0.5614657555662335,0.060670912003858324
50.0,0.6540145186325054,0.5623331510866784,0.6540081545601761,0.00033185539336862266,11.191442924733945,0.153,5.789921232130503,6.0,0.024999999999999998,0.05591969997125435,0.9803921568627451,11.116450450523034,11.191442924733945,11.327530578621568,1e-12,0.002121274134186435,0.0657026363426055,0.00010000011857921843,0.9677451612941477,1.0,0.0005912552900622074,0.9677610082351633,1.0,0.022263171355498768,0.9684601023017902,1.0,0.03225806451612903,0.03225806451612903,0.03225806451612903,0.03225806451612903,0.03225806451612903,7.643761968763143,-0.6540081545601761,0.5623331510866784,0.060335854897216955
50.2,0.6541662973038236,0.5631938759119078,0.6541599932940224,0.0003305890126862057,11.209708214900918,0.153,5.789974908740464,6.0,0.024999999999999998,0.05591941712920309,0.9803921568627451,11.13531601471874,11.209708214900918,11.344765440031463,1e-12,0.002114249021486949,0.0654857238656822,0.00010000011857921843,0.9677451612941477,1.0,0.0005912552900622074,0.9677610082351633,1.0,0.022263171355498768,0.9684601023017902,1.0,0.03225806451612903,0.03225806451612903,0.03225806451612903,0.03225806451612903,0.03225806451612903,7.659988189410617,-0.6541599932940224,0.5631938759119078,0.06000305173524625
50.400000000000006,0.6543167376012367,0.5640479797826023,0.6543104925873524,0.00032933457312951404,11.22783224460579,0.153,5.7900281737135275,6.0,0.024999999999999998,0.05591913663053734,0.9803921568627451,11.154035829107142,11.22783224460579,11.361866643545403,1e-12,0.0021072862684275756,0.06527072487521075,0.00010000011857921843,0.9677451612941477,1.0,0.0005912552900622074,0.9677610082351633,1.0,0.022263171355498768,0.9684601023017902,1.0,0.03225806451612903,0.03225806451612903,0.03225806451612903,0.03225806451612903,0.03225806451612903,7.67608958557703,-0.6543104925873524,0.5640479797826023,0.059672491548534184
50.6,0.6544658562104734,0.564895512111689,0.6544596690961999,0.0003280918621673163,11.24581606708875,0.153,5.790081030100538,6.0,0.024999999999999998,0.05591885845502075,0.9803921568627451,11.172610974480747,11.24581606708875,11.378835197003696,1e-12,0.002100385089800033,0.06505761557685731,0.00010000011857921843,0.9677451612941477,1.0,0.0005912552900622074,0.9677610082351633,1.0,0.022263171355498768,0.9684601023017902,1.0,0.03225806451612903,0.03225806451612903,0.03225806451612903,0.03225806451612903,0.03225806451612903,7.692067088968108,-0.6544596690961999,0.564895512111689,0.05934416330719195
50.800000000000004,0.6546136694224667,0.5657365219849838,0.6546075391200877,0.0003268606727343901,11.263660729030073,0.153,5.790133480932525,6.0,0.024999999999999998,0.05591858258259896,0.9803921568627451,11.191042525120624,11.263660729030073,11.39567210158474,1e-12,0.0020935447173995236,0.06484637268558888,0.00010000011857921843,0.9677451612941477,1.0,0.0005912552900622074,0.9677610082351633,1.0,0.022263171355498768,0.9684601023017902,1.0,0.03225806451612903,0.03225806451612903,0.03225806451612903,0.03225806451612903,0.03225806451612903,7.707921625119437,-0.6546075391200877,0.5657365219849838,0.05901805592549748
51.0,0.654760193056933,0.5665710581618909,0.6547541186123041,0.00032564080305635864,11.28136727054533,0.153,5.790185529220744,6.0,0.024999999999999998,0.055918308993398017,0.9803921568627451,11.209331548782478,11.28136727054533,11.412378351815804,1e-12,0.0020867643995297687,0.06463697341099398,0.00010000011857921843,0.9677451612941477,1.0,0.0005912552900622074,0.9677610082351633,1.0,0.022263171355498768,0.9684601023017902,1.0,0.03225806451612903,0.03225806451612903,0.03225806451612903,0.03225806451612903,0.03225806451612903,7.723654113409708,-0.6547541186123041,0.5665710581618909,0.058694158266337525
51.2,0.6549054426444054,0.5673991690761641,0.654899423189867,0.0003244320564823418,11.29893672518254,0.153,5.7902371779567074,6.0,0.024999999999999998,0.05591803766772292,0.9803921568627451,11.227479106685017,11.29893672518254,11.428954935585177,1e-12,0.002080043400523974,0.06442939544304706,0.00010000011857921843,0.9677451612941477,1.0,0.0005912552900622074,0.9677610082351633,1.0,0.022263171355498768,0.9684601023017902,1.0,0.03225806451612903,0.03225806451612903,0.03225806451612903,0.03225806451612903,0.03225806451612903,7.739265467075126,-0.654899423189867,0.5673991690761641,0.05837245914549125
51.400000000000006,0.6550494336692696,0.5682209028367268,0.6550434681431863,0.0003232342413230379,11.316370119921075,0.153,5.79028843011223,6.0,0.024999999999999998,0.05591776858605617,0.9803921568627451,11.245486253500536,11.316370119921075,11.445402834155644,1e-12,0.00207338100028072,0.06422361693830536,0.00010000011857921843,0.9677451612941477,1.0,0.0005912552900622074,0.9677610082351633,1.0,0.022263171355498768,0.9684601023017902,1.0,0.03225806451612903,0.03225806451612903,0.03225806451612903,0.03225806451612903,0.03225806451612903,7.75475659322494,-0.6550434681431863,0.5682209028367268,0.058052947335751275
51.6,0.6551921813337057,0.5690363072285497,0.6551862684454338,0.00032204717068785497,11.333668475172358,0.153,5.7903392886394665,6.0,0.024999999999999998,0.05591750172905615,0.9803921568627451,11.263354037347513,11.333668475172358,11.461723022179152,1e-12,0.002066776493812707,0.064019616506523,0.00010000011857921843,0.9677451612941477,1.0,0.0005912552900622074,0.9677610082351633,1.0,0.022263171355498768,0.9684601023017902,1.0,0.03225806451612903,0.03225806451612903,0.03225806451612903,0.03225806451612903,0.03225806451612903,7.770128392858045,-0.6551862684454338,0.5690363072285497,0.05773561157089161
51.800000000000004,0.6553336999364076,0.5698454297135757,0.6553278387616296,0.00032087066232269914,11.350832804782161,0.153,5.79038975647097,6.0,0.024999999999999998,0.055917237077555776,0.9803921568627451,11.281083499785154,11.350832804782161,11.4779164677126,1e-12,0.0020602291908083854,0.06381737319767193,0.00010000011857921843,0.9677451612941477,1.0,0.0005912552900622074,0.9677610082351633,1.0,0.022263171355498768,0.9684601023017902,1.0,0.03225806451612903,0.03225806451612903,0.03225806451612903,0.03225806451612903,0.03225806451612903,7.785381760880475,-0.6553278387616296,0.5698454297135757,0.057420440549496896
52.0,0.65547400298945,0.5706483174316883,0.6554681934574491,0.0003197045384639064,11.367864116034532,0.153,5.7904398365197345,6.0,0.024999999999999998,0.05591697461256092,0.9803921568627451,11.298675675809829,11.367864116034532,11.493984132234544,1e-12,0.002053738415209209,0.06361686648935844,0.00010000011857921843,0.9677451612941477,1.0,0.0005912552900622074,0.9677610082351633,1.0,0.022263171355498768,0.9684601023017902,1.0,0.03225806451612903,0.03225806451612903,0.03225806451612903,0.03225806451612903,0.03225806451612903,7.800517586123712,-0.6554681934574491,0.5706483174316883,0.05710742293860205
52.2,0.655613104709925,0.5714450172017166,0.6556073466077629,0.0003185486257169292,11.384763409657197,0.153,5.790489531679252,6.0,0.024999999999999998,0.05591671431524896,0.9803921568627451,11.31613159385334,11.384763409657197,11.509926970662779,1e-12,0.002047303504803625,0.06341807627462431,0.00010000011857921843,0.9677451612941477,1.0,0.0005912552900622074,0.9677610082351633,1.0,0.022263171355498768,0.9684601023017902,1.0,0.03225806451612903,0.03225806451612903,0.03225806451612903,0.03225806451612903,0.03225806451612903,7.815536751363688,-0.6556073466077629,0.5714450172017166,0.056796547377162894
52.400000000000006,0.655751021119772,0.5722355755224883,0.6557453120049184,0.00031740275493524447,11.401531679828478,0.153,5.790538844823567,6.0,0.024999999999999998,0.0559164561669673,0.9803921568627451,11.333452275782966,11.401531679828478,11.525745931372995,1e-12,0.0020409238108322894,0.06322098285011658,0.00010000011857921843,0.9677451612941477,1.0,0.0005912552900622074,0.9677610082351633,1.0,0.022263171355498768,0.9684601023017902,1.0,0.03225806451612903,0.03225806451612903,0.03225806451612903,0.03225806451612903,0.03225806451612903,7.830440133340703,-0.6557453120049184,0.5722355755224883,0.05648780247940688
52.6,0.6558877677596746,0.5730200385739541,0.6558821031667744,0.0003162667610583821,11.418169914185656,0.153,5.790587778807339,6.0,0.024999999999999998,0.05591620014923187,0.9803921568627451,11.350638736903157,11.418169914185658,11.541441956218984,1e-12,0.002034598697596186,0.06302556690460788,0.00010000011857921843,0.9677451612941477,1.0,0.0005912552900622074,0.9677610082351633,1.0,0.022263171355498768,0.9684601023017902,1.0,0.03225806451612903,0.03225806451612903,0.03225806451612903,0.03225806451612903,0.03225806451612903,7.845228602780668,-0.6558821031667744,0.5730200385739541,0.056181176838184015
52.800000000000004,0.6560233545613149,0.5737984522183689,0.6560177333444979,0.00031514048291547843,11.434679093834678,0.153,5.790636336465905,6.0,0.024999999999999998,0.05591594624372571,0.9803921568627451,11.36769198595886,11.434679093834678,11.557015980554041,1e-12,0.0020283275420695966,0.06283180950786019,0.00010000011857921843,0.9677451612941477,1.0,0.0005912552900622074,0.9677610082351633,1.0,0.022263171355498768,0.9684601023017902,1.0,0.03225806451612903,0.03225806451612903,0.03225806451612903,0.03225806451612903,0.03225806451612903,7.859903024417423,-0.6560177333444979,0.5737984522183689,0.05587665902824819
53.0,0.6561577847892068,0.5745708620014681,0.6561522155301133,0.0003140237630840809,11.451060193361153,0.153,5.790684520615347,6.0,0.024999999999999998,0.05591569443229739,0.9803921568627451,11.384613025140395,11.451060193361155,11.572468933252363,1e-12,0.002022109733536226,0.06263969209983812,0.00010000011857921843,0.9677451612941477,1.0,0.0005912552900622074,0.9677610082351633,1.0,0.022263171355498768,0.9684601023017902,1.0,0.03225806451612903,0.03225806451612903,0.03225806451612903,0.03225806451612903,0.03225806451612903,7.8744642570149725,-0.6561522155301133,0.5745708620014681,0.055574237609227105
53.2,0.6562910656053556,0.575337313153591,0.6562855624638062,0.00031291644790101754,11.467314180842477,0.153,5.790732334052552,6.0,0.024999999999999998,0.05591544469695967,0.9803921568627451,11.40140285008982,11.467314180842477,11.587801736729448,1e-12,0.0020159446732665935,0.06244919648027684,0.00010000011857921843,0.9677451612941477,1.0,0.0005912552900622074,0.9677610082351633,1.0,0.022263171355498768,0.9684601023017902,1.0,0.03225806451612903,0.03225806451612903,0.03225806451612903,0.03225806451612903,0.03225806451612903,7.8889131533887085,-0.6562855624638062,0.575337313153591,0.05527390112809956
53.400000000000006,0.6564232261962298,0.5760978505907981,0.6564177866409951,0.00031181838757463596,11.483442017860964,0.153,5.790779779555272,6.0,0.024999999999999998,0.05591519701988808,0.9803921568627451,11.418062449908733,11.483442017860964,11.603015306962563,1e-12,0.0020098317742232715,0.06226030479857825,0.00010000011857921843,0.9677451612941477,1.0,0.0005912552900622074,0.9677610082351633,1.0,0.022263171355498768,0.9684601023017902,1.0,0.03225806451612903,0.03225806451612903,0.03225806451612903,0.03225806451612903,0.03225806451612903,7.903250560426526,-0.6564177866409951,0.5760978505907981,0.05497563812142235
53.6,0.6565543163547033,0.5768525189162724,0.6565489003193686,0.00031072943615126044,11.499444659518396,0.153,5.790826859882203,6.0,0.024999999999999998,0.05591495138341936,0.9803921568627451,11.434592807167462,11.499444659518398,11.618110553517157,1e-12,0.0020037704607177454,0.06207299954375897,0.00010000011857921843,0.9677451612941477,1.0,0.0005912552900622074,0.9677610082351633,1.0,0.022263171355498768,0.9684601023017902,1.0,0.03225806451612903,0.03225806451612903,0.03225806451612903,0.03225806451612903,0.03225806451612903,7.917477319115302,-0.6565489003193686,0.5768525189162724,0.054679437118556856
53.800000000000004,0.6566842987986086,0.5776013624222612,0.6566789155252328,0.00030964944990048715,11.515323054453113,0.153,5.790873577773103,6.0,0.024999999999999998,0.05591470777004993,0.9803921568627451,11.450994897915509,11.515323054453113,11.63308837958469,1e-12,0.0019977601678418814,0.061887263535381515,0.00010000011857921843,0.9677451612941477,1.0,0.0005912552900622074,0.9677610082351633,1.0,0.022263171355498768,0.9684601023017902,1.0,0.03225806451612903,0.03225806451612903,0.03225806451612903,0.03225806451612903,0.03225806451612903,7.9315942645775355,-0.6566789155252328,0.5776013624222612,0.05438528664712031
54.0,0.656813174957707,0.5783444250905349,0.6568078440603007,0.0003085782888615321,11.531078144855007,0.153,5.7909199359488035,6.0,0.024999999999999998,0.055914466162434624,0.9803921568627451,11.467269691693298,11.531078144855009,11.647949681987644,1e-12,0.0019918003414570334,0.061703079913856054,0.00010000011857921843,0.9677451612941477,1.0,0.0005912552900622074,0.9677610082351633,1.0,0.022263171355498768,0.9684601023017902,1.0,0.03225806451612903,0.03225806451612903,0.03225806451612903,0.03225806451612903,0.03225806451612903,7.94560222608003,-0.6568078440603007,0.5783444250905349,0.054093175230733856
54.2,0.6569409889982377,0.579081750593782,0.6569356975079831,0.0003075158168236324,11.546710866483176,0.153,5.790965937111298,6.0,0.024999999999999998,0.055914226543385334,0.9803921568627451,11.483418151545163,11.546710866483176,11.662695351209093,1e-12,0.001985890437896987,0.061520432131452626,0.00010000011857921843,0.9677451612941477,1.0,0.0005912552900622074,0.9677610082351633,1.0,0.022263171355498768,0.9684601023017902,1.0,0.03225806451612903,0.03225806451612903,0.03225806451612903,0.03225806451612903,0.03225806451612903,7.959502027060296,-0.6569356975079831,0.579081750593782,0.05380309139279295
54.400000000000006,0.6570677356463286,0.5798133822976428,0.6570624872391888,0.00030646190001091454,11.562222148685827,0.153,5.791011583943852,6.0,0.024999999999999998,0.05591398889586934,0.9803921568627451,11.49944123403349,11.562222148685827,11.677326271430543,1e-12,0.001980029923468659,0.061339303944016,0.00010000011857921843,0.9677451612941477,1.0,0.0005912552900622074,0.9677610082351633,1.0,0.022263171355498768,0.9684601023017902,1.0,0.03225806451612903,0.03225806451612903,0.03225806451612903,0.03225806451612903,0.03225806451612903,7.973294485164869,-0.6570624872391888,0.5798133822976428,0.05351502366077967
54.6,0.6571934308845581,0.5805393632616337,0.6571882244184529,0.00030541640793555554,11.577612914418827,0.153,5.7910568791110615,6.0,0.024999999999999998,0.0559137532030081,0.9803921568627451,11.515339889253916,11.577612914418827,11.691843320548061,1e-12,0.001974218274329423,0.061159679402210045,0.00010000011857921843,0.9677451612941477,1.0,0.0005912552900622074,0.9677610082351633,1.0,0.022263171355498768,0.9684601023017902,1.0,0.03225806451612903,0.03225806451612903,0.03225806451612903,0.03225806451612903,0.03225806451612903,7.986980412266822,-0.6571882244184529,0.5805393632616337,0.05322896056597029
54.800000000000004,0.6573180854594203,0.5812597362407166,0.65731292000956,0.00030437921294951156,11.592884080266534,0.153,5.791101825258939,6.0,0.024999999999999998,0.05591351944807573,0.9803921568627451,11.531115060851594,11.592884080266534,11.706247370204755,1e-12,0.0019684549761547826,0.06098154284348562,0.00010000011857921843,0.9677451612941477,1.0,0.0005912552900622074,0.9677610082351633,1.0,0.022263171355498768,0.9684601023017902,1.0,0.03225806451612903,0.03225806451612903,0.03225806451612903,0.03225806451612903,0.03225806451612903,8.00056061449538,-0.65731292000956,0.5812597362407166,0.05294489064700754
55.0,0.6574417096258229,0.5819745436867951,0.6574365847811176,0.0003033501902164832,11.608036556462963,0.153,5.791146425014995,6.0,0.024999999999999998,0.05591328761449769,0.9803921568627451,11.54676768603849,11.608036556462965,11.720539285817603,1e-12,0.0019627395238833883,0.060804878884117654,0.00010000011857921843,0.9677451612941477,1.0,0.0005912552900622074,0.9677610082351633,1.0,0.022263171355498768,0.9684601023017902,1.0,0.03225806451612903,0.03225806451612903,0.03225806451612903,0.03225806451612903,0.03225806451612903,8.014035892264182,-0.6574365847811176,0.5819745436867951,0.052662802451235106
55.2,0.6575643142193429,0.5826838277501557,0.6575592293119241,0.0003023292176432196,11.623071246913854,0.153,5.791190680988332,6.0,0.024999999999999998,0.05591305768584931,0.9803921568627451,11.562298695611714,11.623071246913854,11.734719926606187,1e-12,0.0019570714214629695,0.06062967241153693,0.00010000011857921843,0.9677451612941477,1.0,0.0005912552900622074,0.9677610082351633,1.0,0.022263171355498768,0.9684601023017902,1.0,0.03225806451612903,0.03225806451612903,0.03225806451612903,0.03225806451612903,0.03225806451612903,8.027407040298485,-0.6575592293119241,0.5826838277501557,0.052382684536826235
55.400000000000006,0.657685909571439,0.5833876302809785,0.6576808639961796,0.00030131617578700625,11.637989049219478,0.153,5.79123459576972,6.0,0.024999999999999998,0.05591282964585451,0.9803921568627451,11.577709013972719,11.637989049219478,11.748790145621761,1e-12,0.0019514501815989286,0.06045590857688606,0.00010000011857921843,0.9677451612941477,1.0,0.0005912552900622074,0.9677610082351633,1.0,0.022263171355498768,0.9684601023017902,1.0,0.03225806451612903,0.03225806451612903,0.03225806451612903,0.03225806451612903,0.03225806451612903,8.040674847663677,-0.6576808639961796,0.5833876302809785,0.052104525474588645
55.6,0.6578065058412746,0.5840859928308568,0.6578014990485385,0.00030031094778227544,11.652790854698196,0.153,5.791278171931692,6.0,0.024999999999999998,0.05591260347838435,0.9803921568627451,11.592999559147357,11.652790854698196,11.762750789776721,1e-12,0.0019458753255138332,0.06028357278780217,0.00010000011857921843,0.9677451612941477,1.0,0.0005912552900622074,0.9677610082351633,1.0,0.022263171355498768,0.9684601023017902,1.0,0.03225806451612903,0.03225806451612903,0.03225806451612903,0.03225806451612903,0.03225806451612903,8.05384009779399,-0.6578014990485385,0.5840859928308568,0.05182831384971624
55.800000000000004,0.6579261131001566,0.5847789566543298,0.6579211445090044,0.00029931341926578984,11.667477548410652,0.153,5.791321412028629,6.0,0.024999999999999998,0.05591237916745568,0.9803921568627451,11.608171242806842,11.667477548410652,11.776602699874505,1e-12,0.001940346382713824,0.06011265070142229,0.00010000011857921843,0.9677451612941477,1.0,0.0005912552900622074,0.9677610082351633,1.0,0.022263171355498768,0.9684601023017902,1.0,0.03225806451612903,0.03225806451612903,0.03225806451612903,0.03225806451612903,0.03225806451612903,8.066903568521413,-0.6579211445090044,0.5847789566543298,0.05155403826348542
56.0,0.6580447411933286,0.5854665627104325,0.6580398102476789,0.00029832347830183387,11.682050009184668,0.153,5.79136431859685,6.0,0.024999999999999998,0.055912156697229855,0.9803921568627451,11.623224970289492,11.682050009184668,11.790346710639929,1e-12,0.0019348628907617086,0.05994312821760166,0.00010000011857921843,0.9677451612941477,1.0,0.0005912552900622074,0.9677610082351633,1.0,0.022263171355498768,0.9684601023017902,1.0,0.03225806451612903,0.03225806451612903,0.03225806451612903,0.03225806451612903,0.03225806451612903,8.079866032104967,-0.6580398102476789,0.5854665627104325,0.05128168733488799
56.2,0.6581623998043319,0.5861488516642597,0.6581575059693618,0.00029734101531274463,11.696509109640738,0.153,5.791406894154703,6.0,0.024999999999999998,0.05591193605201127,0.9803921568627451,11.638161640623258,11.696509109640738,11.803983650749824,1e-12,0.001929424395057513,0.05977499147234026,0.00010000011857921843,0.9677451612941477,1.0,0.0005912552900622074,0.9677610082351633,1.0,0.022263171355498768,0.9684601023017902,1.0,0.03225806451612903,0.03225806451612903,0.03225806451612903,0.03225806451612903,0.03225806451612903,8.092728255260212,-0.6581575059693618,0.5861488516642597,0.05101124970218082
56.400000000000006,0.6582790984784722,0.5868258638885434,0.6582742412180124,0.0002963659230114245,11.710855716218104,0.153,5.7914491412026585,6.0,0.024999999999999998,0.05591171721624617,0.9803921568627451,11.652982146548986,11.710855716218104,11.817514342864028,1e-12,0.0019240304486257168,0.05960822683141082,0.00010000011857921843,0.9677451612941477,1.0,0.0005912552900622074,0.9677610082351633,1.0,0.022263171355498768,0.9684601023017902,1.0,0.03225806451612903,0.03225806451612903,0.03225806451612903,0.03225806451612903,0.03225806451612903,8.105490999189044,-0.6582742412180124,0.5868258638885434,0.05074271402436158
56.6,0.6583948465883296,0.5874976394652417,0.6583900253810725,0.00029539809633533705,11.725090689201426,0.153,5.791491062223401,6.0,0.024999999999999998,0.055911500174521206,0.9803921568627451,11.667687374544343,11.725090689201426,11.830939603656732,1e-12,0.0019186806119089316,0.0594428208841821,0.00010000011857921843,0.9677451612941477,1.0,0.0005912552900622074,0.9677610082351633,1.0,0.022263171355498768,0.9684601023017902,1.0,0.03225806451612903,0.03225806451612903,0.03225806451612903,0.03225806451612903,0.03225806451612903,8.118155019609661,-0.6583900253810725,0.5874976394652417,0.050476068982619623
56.800000000000004,0.6585096533537841,0.5881642181871385,0.6585048676936577,0.0002944374323832489,11.739214882747929,0.153,5.791532659681924,6.0,0.024999999999999998,0.05591128491156217,0.9803921568627451,11.68227820484846,11.739214882747929,11.844260243848106,1e-12,0.0019133744525680748,0.05927876043763184,0.00010000011857921843,0.9677451612941477,1.0,0.0005912552900622074,0.9677610082351633,1.0,0.022263171355498768,0.9684601023017902,1.0,0.03225806451612903,0.03225806451612903,0.03225806451612903,0.03225806451612903,0.03225806451612903,8.130721066786785,-0.6585048676936577,0.5881642181871385,0.05021130328169646
57.0,0.6586235278569474,0.5888256395594557,0.6586187772426194,0.00029348383035403703,11.753229144915089,0.153,5.79157393602562,6.0,0.024999999999999998,0.05591107141223271,0.9803921568627451,11.696755511487178,11.75322914491509,11.857477068236177,1e-12,0.0019081115452887092,0.059116032510543655,0.00010000011857921843,0.9677451612941477,1.0,0.0005912552900622074,0.9677610082351633,1.0,0.022263171355498768,0.9684601023017902,1.0,0.03225806451612903,0.03225806451612903,0.03225806451612903,0.03225806451612903,0.03225806451612903,8.143189885562075,-0.6586187772426194,0.5888256395594557,0.049948405651186495
57.2,0.6587364790294091,0.5894819428014724,0.6587317629704822,0.00029253719148725655,11.767134317688813,0.153,5.791614893684378,6.0,0.024999999999999998,0.055910859661533,0.9803921568627451,11.711120162298904,11.767134317688813,11.870590875729034,1e-12,0.0019028914715933244,0.058954624327882545,0.00010000011857921843,0.9677451612941477,1.0,0.0005912552900622074,0.9677610082351633,1.0,0.022263171355498768,0.9684601023017902,1.0,0.03225806451612903,0.03225806451612903,0.03225806451612903,0.03225806451612903,0.03225806451612903,8.155562215384691,-0.6587317629704822,0.5894819428014724,0.04968736484680828
57.400000000000006,0.658848515659851,0.5901331668481536,0.6588438336792598,0.0002915974190059145,11.780931237011998,0.153,5.791655535070683,6.0,0.024999999999999998,0.055910649644598465,0.9803921568627451,11.725373018961038,11.780931237011998,11.883602459377203,1e-12,0.0018977138196594587,0.0587945233153431,0.00010000011857921843,0.9677451612941477,1.0,0.0005912552900622074,0.9677610082351633,1.0,0.022263171355498768,0.9684601023017902,1.0,0.03225806451612903,0.03225806451612903,0.03225806451612903,0.03225806451612903,0.03225806451612903,8.167838790342039,-0.6588438336792598,0.5901331668481536,0.04942816965159405
57.6,0.6589596464070532,0.5907793503517869,0.6589549980341538,0.0002906644180612004,11.794620732813588,0.153,5.791695862579706,6.0,0.024999999999999998,0.0559104413466985,0.9803921568627451,11.739514937016923,11.794620732813588,11.896512606406276,1e-12,0.0018925781841434791,0.058635717094066,0.00010000011857921843,0.9677451612941477,1.0,0.0005912552900622074,0.9677610082351633,1.0,0.022263171355498768,0.9684601023017902,1.0,0.03225806451612903,0.03225806451612903,0.03225806451612903,0.03225806451612903,0.03225806451612903,8.180020339190646,-0.6589549980341538,0.5907793503517869,0.04917080887704453
57.800000000000004,0.6590698797946127,0.5914205316836244,0.6590652645671381,0.00028973809567883806,11.808203629037976,0.153,5.791735878589403,6.0,0.024999999999999998,0.05591023475323525,0.9803921568627451,11.753546765903339,11.808203629037976,11.909322098249774,1e-12,0.001887484166009773,0.05847819347551692,0.00010000011857921843,0.9677451612941477,1.0,0.0005912552900622074,0.9677610082351633,1.0,0.022263171355498768,0.9684601023017902,1.0,0.03225806451612903,0.03225806451612903,0.03225806451612903,0.03225806451612903,0.03225806451612903,8.192107585387172,-0.6590652645671381,0.5914205316836244,0.04891527136423558
58.0,0.6591792242124079,0.5920567489355343,0.6591746416804334,0.0002888183607072724,11.821680743674817,0.153,5.791775585460611,6.0,0.024999999999999998,0.05591002984974228,0.9803921568627451,11.767469348978468,11.821680743674817,11.922031710582134,1e-12,0.0018824313723652564,0.05832194045652361,0.00010000011857921843,0.9677451612941477,1.0,0.0005912552900622074,0.9677610082351633,1.0,0.022263171355498768,0.9684601023017902,1.0,0.03225806451612903,0.03225806451612903,0.03225806451612903,0.03225806451612903,0.03225806451612903,8.204101247119556,-0.6591746416804334,0.5920567489355343,0.048661545984856974
58.2,0.6592876879288416,0.5926880399216535,0.6592831376498736,0.00028790512376768146,11.835052888789177,0.153,5.791814985537149,6.0,0.024999999999999998,0.05590982662188338,0.9803921568627451,11.781283523550302,11.835052888789177,11.934642213351928,1e-12,0.0018774194162990414,0.058166946214466254,0.00010000011857921843,0.9677451612941477,1.0,0.0005912552900622074,0.9677610082351633,1.0,0.022263171355498768,0.9684601023017902,1.0,0.03225806451612903,0.03225806451612903,0.03225806451612903,0.03225806451612903,0.03225806451612903,8.216002037338214,-0.6592831376498736,0.5926880399216535,0.04840962164223347
58.400000000000006,0.6593952790906463,0.5933144421800479,0.6593907606281688,0.0002869982972055019,11.848320870551985,0.153,5.791854081145916,6.0,0.024999999999999998,0.055909625055451335,0.9803921568627451,11.794990120905505,11.848320870551985,11.947154370815202,1e-12,0.0018724479167270428,0.05801319910261594,0.00010000011857921843,0.9677451612941477,1.0,0.0005912552900622074,0.9677610082351633,1.0,0.022263171355498768,0.9684601023017902,1.0,0.03225806451612903,0.03225806451612903,0.03225806451612903,0.03225806451612903,0.03225806451612903,8.227810663787379,-0.6593907606281688,0.5933144421800479,0.04815948727228103
58.6,0.659502005719396,0.593935992974376,0.6594975186480676,0.0002860977950435013,11.861485489270862,0.153,5.791892874596981,6.0,0.024999999999999998,0.05590942513636667,0.9803921568627451,11.808589966338669,11.861485489270862,11.959568941568962,1e-12,0.001867516498241416,0.057860687645617546,0.00010000011857921843,0.9677451612941477,1.0,0.0005912552900622074,0.9677610082351633,1.0,0.022263171355498768,0.9684601023017902,1.0,0.03225806451612903,0.03225806451612903,0.03225806451612903,0.03225806451612903,0.03225806451612903,8.239527829036474,-0.6594975186480676,0.593935992974376,0.04791113184442543
58.800000000000004,0.6596078757217535,0.5945527292955552,0.6596034196254213,0.00028520353293652107,11.874547539421162,0.153,5.791931368183694,6.0,0.024999999999999998,0.05590922685067646,0.9803921568627451,11.822083879181973,11.874547539421162,11.971886678584806,1e-12,0.0018626247909646983,0.05770940053511233,0.00010000011857921843,0.9677451612941477,1.0,0.0005912552900622074,0.9677610082351633,1.0,0.022263171355498768,0.9684601023017902,1.0,0.03225806451612903,0.03225806451612903,0.03225806451612903,0.03225806451612903,0.03225806451612903,8.251154230511585,-0.6596034196254213,0.5945527292955552,0.04766454436248365
59.0,0.6597128968958071,0.5951646878634321,0.6597084713621529,0.00028431542812766065,11.887507809677352,0.153,5.791969564182776,6.0,0.024999999999999998,0.055909030184553114,0.9803921568627451,11.835472672835177,11.887507809677352,11.984108329242632,1e-12,0.0018577724304084677,0.057559326625495705,0.00010000011857921843,0.9677451612941477,1.0,0.0005912552900622074,0.9677610082351633,1.0,0.022263171355498768,0.9684601023017902,1.0,0.03225806451612903,0.03225806451612903,0.03225806451612903,0.03225806451612903,0.03225806451612903,8.262690560526943,-0.6597084713621529,0.5951646878634321,0.04741971386549869
59.2,0.6598170769241443,0.5957719051284535,0.6598126815491354,0.0002834333994057489,11.90036708294456,0.153,5.792007464854421,6.0,0.024999999999999998,0.055908835124293205,0.9803921568627451,11.848757154795969,11.90036708294456,11.99623463536449,1e-12,0.0018529590573363767,0.05741045492980644,0.00010000011857921843,0.9677451612941477,1.0,0.0005912552900622074,0.9677610082351633,1.0,0.022263171355498768,0.9684601023017902,1.0,0.03225806451612903,0.03225806451612903,0.03225806451612903,0.03225806451612903,0.03225806451612903,8.27413750631649,-0.6598126815491354,0.5957719051284535,0.04717662942854761
59.400000000000006,0.6599204233772041,0.5963744172733397,0.6599160577689795,0.0002825573670642856,11.913126136390439,0.153,5.792045072442396,6.0,0.024999999999999998,0.05590864165631624,0.9803921568627451,11.86193812669062,11.913126136390439,12.008266333248473,1e-12,0.0018481843176314722,0.05726277461574346,0.00010000011857921843,0.9677451612941477,1.0,0.0005912552900622074,0.9677610082351633,1.0,0.022263171355498768,0.9684601023017902,1.0,0.03225806451612903,0.03225806451612903,0.03225806451612903,0.03225806451612903,0.03225806451612903,8.285495750065447,-0.6599160577689795,0.5963744172733397,0.0469352801635033
59.6,0.6600229437278444,0.5969722602147601,0.6600186074987358,0.00028168725286182867,11.925785741477185,0.153,5.79208238917414,6.0,0.024999999999999998,0.05590844976716354,0.9803921568627451,11.875016384304956,11.925785741477185,12.02020415370271,1e-12,0.0018434478621676606,0.057116275001805966,0.00010000011857921843,0.9677451612941477,1.0,0.0005912552900622074,0.9677610082351633,1.0,0.022263171355498768,0.9684601023017902,1.0,0.03225806451612903,0.03225806451612903,0.03225806451612903,0.03225806451612903,0.03225806451612903,8.296765968941905,-0.6600186074987358,0.5969722602147601,0.04669565521975432
59.800000000000004,0.6601246453484795,0.5975654696050062,0.6601203381125129,0.0002808229799834964,11.93834666399376,0.153,5.792119417260863,6.0,0.024999999999999998,0.05590825944349704,0.9803921568627451,11.88799271761558,11.93834666399376,12.032048822079418,1e-12,0.0018387493466851324,0.056970945553552935,0.00010000011857921843,0.9677451612941477,1.0,0.0005912552900622074,0.9677610082351633,1.0,0.022263171355498768,0.9684601023017902,1.0,0.03225806451612903,0.03225806451612903,0.03225806451612903,0.03225806451612903,0.03225806451612903,8.30794883512843,-0.6601203381125129,0.5975654696050062,0.04645774378491355
60.0,0.6602255354996555,0.5981540808336682,0.6602212568840146,0.0002799644730036091,11.950809664088341,0.153,5.792156158897646,6.0,0.024999999999999998,0.055908070672098166,0.9803921568627451,11.900867910821363,11.950809664088341,12.04380105830898,1e-12,0.001834088431669668,0.05682677587997921,0.00010000011857921843,0.9677451612941477,1.0,0.0005912552900622074,0.9677610082351633,1.0,0.022263171355498768,0.9684601023017902,1.0,0.03225806451612903,0.03225806451612903,0.03225806451612903,0.03225806451612903,0.03225806451612903,8.319045015853673,-0.6602212568840146,0.5981540808336682,0.04622153508546784
60.2,0.6603256213446346,0.5987381290293086,0.6603213709889973,0.00027911165784976497,11.963175496300842,0.153,5.79219261626354,6.0,0.024999999999999998,0.05590788343986667,0.9803921568627451,11.91364274237517,11.963175496300842,12.055461576934094,1e-12,0.0018294647822357417,0.05668375573000378,0.00010000011857921843,0.9677451612941477,1.0,0.0005912552900622074,0.9677610082351633,1.0,0.022263171355498768,0.9684601023017902,1.0,0.03225806451612903,0.03225806451612903,0.03225806451612903,0.03225806451612903,0.03225806451612903,8.33005517342396,-0.6603213709889973,0.5987381290293086,0.045987018387415084
60.400000000000006,0.6604249099686005,0.5993176490611353,0.6604206875076529,0.00027826446176813856,11.97544490959569,0.153,5.792228791521668,6.0,0.024999999999999998,0.0559076977338195,0.9803921568627451,11.92631798501581,11.97544490959569,12.067031087143933,1e-12,0.0018248780680132698,0.0565418749890671,0.00010000011857921843,0.9677451612941477,1.0,0.0005912552900622074,0.9677610082351633,1.0,0.022263171355498768,0.9684601023017902,1.0,0.03225806451612903,0.03225806451612903,0.03225806451612903,0.03225806451612903,0.03225806451612903,8.34097996525485,-0.6604206875076529,0.5993176490611353,0.04575418299686582
60.6,0.6605234083586958,0.599892675540675,0.660519213426916,0.0002774228132895271,11.987618647394637,0.153,5.792264686819326,6.0,0.024999999999999998,0.0559075135410897,0.9803921568627451,11.938894405800188,11.987618647394637,12.078510292808305,1e-12,0.001820327963037833,0.05640112367583427,0.00010000011857921843,0.9677451612941477,1.0,0.0005912552900622074,0.9677610082351633,1.0,0.022263171355498768,0.9684601023017902,1.0,0.03225806451612903,0.03225806451612903,0.03225806451612903,0.03225806451612903,0.03225806451612903,8.351820043902723,-0.660519213426916,0.599892675540675,0.04552301826060387
60.800000000000004,0.6606211233844332,0.6004632428234431,0.6606169556426998,0.0002765866421964259,11.99969744760977,0.153,5.792300304288075,6.0,0.024999999999999998,0.0559073308489253,0.9803921568627451,11.951372766135627,11.99969744760977,12.089899892511848,1e-12,0.0018158141456443018,0.056261491939000235,0.00010000011857921843,0.9677451612941477,1.0,0.0005912552900622074,0.9677610082351633,1.0,0.022263171355498768,0.9684601023017902,1.0,0.03225806451612903,0.03225806451612903,0.03225806451612903,0.03225806451612903,0.03225806451612903,8.362576057096273,-0.6606169556426998,0.6004632428234431,0.04529351356663664
61.0,0.6607180618388302,0.6010293850106113,0.6607139209620635,0.0002757558794917015,12.011682042676563,0.153,5.792335646043849,6.0,0.024999999999999998,0.05590714964468818,0.9803921568627451,11.963753821812384,12.011682042676563,12.101200579588202,1e-12,0.0018113362983639076,0.056122970054195004,0.00010000011857921843,0.9677451612941477,1.0,0.0005912552900622074,0.9677610082351633,1.0,0.022263171355498768,0.9684601023017902,1.0,0.03225806451612903,0.03225806451612903,0.03225806451612903,0.03225806451612903,0.03225806451612903,8.373248647767982,-0.6607139209620635,0.6010293850106113,0.04506565834470424
61.2,0.6608142304728113,0.601591135950674,0.660810116105311,0.0002749304573682816,12.023573159587073,0.153,5.79237071418705,6.0,0.024999999999999998,0.05590696991585301,0.9803921568627451,11.976038323036313,12.023573159587075,12.112413042154186,1e-12,0.001806894107824478,0.05598554842098419,0.00010000011857921843,0.9677451612941477,1.0,0.0005912552900622074,0.9677610082351633,1.0,0.022263171355498768,0.9684601023017902,1.0,0.03225806451612903,0.03225806451612903,0.03225806451612903,0.03225806451612903,0.03225806451612903,8.383838454085547,-0.660810116105311,0.601591135950674,0.044839442066772976
61.400000000000006,0.6609096359291398,0.6021485292411111,0.6609055477080256,0.000274110309178909,12.035371519923187,0.153,5.7924055108026495,6.0,0.024999999999999998,0.05590679165000617,0.9803921568627451,11.988227014461652,12.035371519923187,12.123537963143939,1e-12,0.0018024872646536408,0.05584921755996345,0.00010000011857921843,0.9677451612941477,1.0,0.0005912552900622074,0.9677610082351633,1.0,0.022263171355498768,0.9684601023017902,1.0,0.03225806451612903,0.03225806451612903,0.03225806451612903,0.03225806451612903,0.03225806451612903,8.394346109483267,-0.6609055477080256,0.6021485292411111,0.0446148542474946
61.6,0.6610042846872806,0.6027015982300469,0.6610002223230399,0.00027329536940676777,12.047077839889923,0.153,5.79244003796029,6.0,0.024999999999999998,0.05590661483484467,0.9803921568627451,12.00032063522394,12.047077839889923,12.134576020343035,1e-12,0.0017981154633850505,0.05571396810994286,0.00010000011857921843,0.9677451612941477,1.0,0.0005912552900622074,0.9677610082351633,1.0,0.022263171355498768,0.9684601023017902,1.0,0.03225806451612903,0.03225806451612903,0.03225806451612903,0.03225806451612903,0.03225806451612903,8.404772242693335,-0.6610002223230399,0.6027015982300469,0.04439188444464675
61.800000000000004,0.6610981831850149,0.6032503760179068,0.6610941464223467,0.00027248557363856015,12.058692830348825,0.153,5.792474297714377,6.0,0.024999999999999998,0.05590643945817509,0.9803921568627451,12.012319918973073,12.058692830348825,12.14552788642258,1e-12,0.0017937784023678276,0.055579790825219015,0.00010000011857921843,0.9677451612941477,1.0,0.0005912552900622074,0.9677610082351633,1.0,0.022263171355498768,0.9684601023017902,1.0,0.03225806451612903,0.03225806451612903,0.03225806451612903,0.03225806451612903,0.03225806451612903,8.415117477777091,-0.6610941464223467,0.6032503760179068,0.04417052225954975
62.0,0.6611913379399549,0.6037948954590684,0.6611873263989475,0.0002716808585387641,12.07021719685138,0.153,5.792508292104186,6.0,0.024999999999999998,0.05590626550791254,0.9803921568627451,12.024225593906408,12.07021719685138,12.1563942289732,1e-12,0.0017894757836788234,0.05544667657293213,0.00010000011857921843,0.9677451612941477,1.0,0.0005912552900622074,0.9677610082351633,1.0,0.022263171355498768,0.9684601023017902,1.0,0.03225806451612903,0.03225806451612903,0.03225806451612903,0.03225806451612903,0.03225806451612903,8.42538243415616,-0.6611873263989475,0.6037948954590684,0.0439507573374494
62.2,0.6612837553442646,0.6043351891635099,0.6612797685686468,0.00027088116182198544,12.081651639672467,0.153,5.792542023153957,6.0,0.024999999999999998,0.055906092972079616,0.9803921568627451,12.036038382802,12.081651639672469,12.167175710539075,1e-12,0.0017852073130370755,0.055314616330504544,0.00010000011857921843,0.9677451612941477,1.0,0.0005912552900622074,0.9677610082351633,1.0,0.022263171355498768,0.9684601023017902,1.0,0.03225806451612903,0.03225806451612903,0.03225806451612903,0.03225806451612903,0.03225806451612903,8.435567726643594,-0.6612797685686468,0.6043351891635099,0.04373257936789705
62.400000000000006,0.6613754413850528,0.6048712894984545,0.6613714791717886,0.00027008642222486786,12.092996853843838,0.153,5.792575492872993,6.0,0.024999999999999998,0.05590592183880536,0.9803921568627451,12.047759003051874,12.092996853843838,12.177872988651865,1e-12,0.0017809726997208293,0.055183601183159126,0.00010000011857921843,0.9677451612941477,1.0,0.0005912552900622074,0.9677610082351633,1.0,0.022263171355498768,0.9684601023017902,1.0,0.03225806451612903,0.03225806451612903,0.03225806451612903,0.03225806451612903,0.03225806451612903,8.445673965474835,-0.6613714791717886,0.6048712894984545,0.04351597808510519
62.6,0.6614664019765002,0.6054032285900073,0.6614624643749393,0.0002692965794835865,12.104253529187595,0.153,5.792608703255761,6.0,0.024999999999999998,0.055905752096324264,0.9803921568627451,12.059388166695381,12.104253529187595,12.188486715864537,1e-12,0.001776771656488107,0.05505362232151524,0.00010000011857921843,0.9677451612941477,1.0,0.0005912552900622074,0.9677610082351633,1.0,0.022263171355498768,0.9684601023017902,1.0,0.03225806451612903,0.03225806451612903,0.03225806451612903,0.03225806451612903,0.03225806451612903,8.455701756338636,-0.6614624643749393,0.6054032285900073,0.04330094326826664
62.800000000000004,0.6615566436525439,0.6059310383247867,0.6615527302725182,0.00026851157431631757,12.115422350349695,0.153,5.7926416562819885,6.0,0.024999999999999998,0.05590558373297525,0.9803921568627451,12.070926580452584,12.115422350349697,12.199017539785093,1e-12,0.0017726038995003026,0.054924671039259784,0.00010000011857921843,0.9677451612941477,1.0,0.0005912552900622074,0.9677610082351633,1.0,0.022263171355498768,0.9684601023017902,1.0,0.03225806451612903,0.03225806451612903,0.03225806451612903,0.03225806451612903,0.03225806451612903,8.465651700407838,-0.6615527302725182,0.6059310383247867,0.04308746474185289
63.0,0.6616461731711504,0.6064547503515545,0.6616422828883778,0.0002677313483988027,12.12650399683342,0.153,5.792674353916761,6.0,0.024999999999999998,0.05590541673720064,0.9803921568627451,12.082374945757705,12.12650399683342,12.209466103110328,1e-12,0.0017684691482464314,0.054796738730888764,0.00010000011857921843,0.9677451612941477,1.0,0.0005912552900622074,0.9677610082351633,1.0,0.022263171355498768,0.9684601023017902,1.0,0.03225806451612903,0.03225806451612903,0.03225806451612903,0.03225806451612903,0.03225806451612903,8.4755243943701,-0.6616422828883778,0.6064547503515545,0.042875532375918096
63.2,0.6617349958569307,0.6069743960828453,0.6617311281773369,0.00026695584432832355,12.137499143032876,0.153,5.792706798110621,6.0,0.024999999999999998,0.05590525109754523,0.9803921568627451,12.093733958792576,12.137499143032876,12.219833043659584,1e-12,0.0017643671254678342,0.05466981688951856,0.00010000011857921843,0.9677451612941477,1.0,0.0005912552900622074,0.9677610082351633,1.0,0.022263171355498768,0.9684601023017902,1.0,0.03225806451612903,0.03225806451612903,0.03225806451612903,0.03225806451612903,0.03225806451612903,8.48532043045865,-0.6617311281773369,0.6069743960828453,0.04266513608640198
63.400000000000006,0.6618231155442376,0.6074900066965805,0.6618192720266632,0.0002661850055969898,12.14840845826643,0.153,5.7927389907996645,6.0,0.024999999999999998,0.055905086802655234,0.9803921568627451,12.105004310520126,12.14840845826643,12.230118994408194,1e-12,0.0017602975570876961,0.054543897104766696,0.00010000011857921843,0.9677451612941477,1.0,0.0005912552900622074,0.9677610082351633,1.0,0.022263171355498768,0.9684601023017902,1.0,0.03225806451612903,0.03225806451612903,0.03225806451612903,0.03225806451612903,0.03225806451612903,8.495040396482734,-0.6618192720266632,0.6074900066965805,0.042456265835361835
63.6,0.6619105381882225,0.6080016131376661,0.6619067202575091,0.00026541877659672563,12.159232606810123,0.153,5.792770933905638,6.0,0.024999999999999998,0.0559049238412774,0.9803921568627451,12.116186686717851,12.159232606810123,12.240324583520662,1e-12,0.0017562601721482713,0.054418971060701295,0.00010000011857921843,0.9677451612941477,1.0,0.0005912552900622074,0.9677610082351633,1.0,0.022263171355498768,0.9684601023017902,1.0,0.03225806451612903,0.03225806451612903,0.03225806451612903,0.03225806451612903,0.03225806451612903,8.504684875857755,-0.6619067202575091,0.6080016131376661,0.04224891163116484
63.800000000000004,0.6619972744879763,0.6085092461195938,0.6619934786263036,0.00026465710262853914,12.16997224793101,0.153,5.792802629336034,6.0,0.024999999999999998,0.055904762202257936,0.9803921568627451,12.12728176801132,12.16997224793101,12.25045043438391,1e-12,0.001752254702748461,0.05429503053385183,0.00010000011857921843,0.9677451612941477,1.0,0.0005912552900622074,0.9677610082351633,1.0,0.022263171355498768,0.9684601023017902,1.0,0.03225806451612903,0.03225806451612903,0.03225806451612903,0.03225806451612903,0.03225806451612903,8.514254447635484,-0.6619934786263036,0.6085092461195938,0.04204306352868898
64.0,0.6620833337053896,0.6090129361260652,0.6620795528261088,0.00026389992984892854,12.180628035920515,0.153,5.792834078984189,6.0,0.024999999999999998,0.055904601874541694,0.9803921568627451,12.138290229907629,12.180628035920515,12.260497165641057,1e-12,0.0017482808839702022,0.05417206739127325,0.00010000011857921843,0.9677451612941477,1.0,0.0005912552900622074,0.9677610082351633,1.0,0.022263171355498768,0.9684601023017902,1.0,0.03225806451612903,0.03225806451612903,0.03225806451612903,0.03225806451612903,0.03225806451612903,8.52374968653468,-0.6620795528261088,0.6090129361260652,0.041838711629657736
64.2,0.6621687125037469,0.6095127134126159,0.6621649484879322,0.00026314720515543494,12.191200620127805,0.153,5.792865284729384,6.0,0.024999999999999998,0.0559044428471711,0.9803921568627451,12.149212742828858,12.191200620127805,12.270465391225128,1e-12,0.0017443384538000156,0.05405007358866819,0.00010000011857921843,0.9677451612941477,1.0,0.0005912552900622074,0.9677610082351633,1.0,0.022263171355498768,0.9684601023017902,1.0,0.03225806451612903,0.03225806451612903,0.03225806451612903,0.03225806451612903,0.03225806451612903,8.533171162971751,-0.6621649484879322,0.6095127134126159,0.04163584608294341
64.4,0.6622533992126507,0.6100086080081653,0.6622496711819907,0.00026239887615498716,12.201690644993047,0.153,5.792896248436933,6.0,0.024999999999999998,0.05590428510928529,0.9803921568627451,12.16004997214549,12.201690644993047,12.280355720391297,1e-12,0.001740427153075825,0.05392904116858462,0.00010000011857921843,0.9677451612941477,1.0,0.0005912552900622074,0.9677610082351633,1.0,0.022263171355498768,0.9684601023017902,1.0,0.03225806451612903,0.03225806451612903,0.03225806451612903,0.03225806451612903,0.03225806451612903,8.542519443089969,-0.6622496711819907,0.6100086080081653,0.041434457084585055
64.60000000000001,0.6623374041886703,0.6105006497164939,0.6623337264189195,0.00026165489134900106,12.212098750080303,0.153,5.792926971958277,6.0,0.024999999999999998,0.05590412865011919,0.9803921568627451,12.170802578209805,12.212098750080303,12.290168757747718,1e-12,0.0017365467254729578,0.05380896225868637,0.00010000011857921843,0.9677451612941477,1.0,0.0005912552900622074,0.9677610082351633,1.0,0.022263171355498768,0.9684601023017902,1.0,0.03225806451612903,0.03225806451612903,0.03225806451612903,0.03225806451612903,0.03225806451612903,8.551795088787344,-0.6623337264189195,0.6105006497164939,0.041234534877522724
64.8,0.6624207832361622,0.6109888681132338,0.662417119649771,0.0002609152003893861,12.222425570011625,0.153,5.792957457130744,6.0,0.024999999999999998,0.05590397345900432,0.9803921568627451,12.18147121628757,12.222425570011625,12.299905103193836,1e-12,0.0017326969175345023,0.053689829071755645,0.00010000011857921843,0.9677451612941477,1.0,0.0005912552900622074,0.9677610082351633,1.0,0.022263171355498768,0.9684601023017902,1.0,0.03225806451612903,0.03225806451612903,0.03225806451612903,0.03225806451612903,0.03225806451612903,8.560998657660196,-0.662417119649771,0.6109888681132338,0.04103606975265509
65.0,0.6625035442646943,0.6114732925567821,0.6624998562709276,0.00026017975346653496,12.232671734699386,0.153,5.79298770577841,6.0,0.024999999999999998,0.05590381952536399,0.9803921568627451,12.19205653679572,12.232671734699387,12.309565352151777,1e-12,0.0017288774783105196,0.05357163389867485,0.00010000011857921843,0.9677451612941477,1.0,0.0005912552900622074,0.9677610082351633,1.0,0.022263171355498768,0.9684601023017902,1.0,0.03225806451612903,0.03225806451612903,0.03225806451612903,0.03225806451612903,0.03225806451612903,8.57013070320782,-0.6624998562709276,0.6114732925567821,0.040839052050253254
65.2,0.6625856283403215,0.6119539521796581,0.6625819416191789,0.000259448501177985,12.242837869153043,0.153,5.793017719711287,6.0,0.024999999999999998,0.05590366683871696,0.9803921568627451,12.202559185102889,12.242837869153043,12.319150095378285,1e-12,0.0017250881595594681,0.053454369115458554,0.00010000011857921843,0.9677451612941477,1.0,0.0005912552900622074,0.9677610082351633,1.0,0.022263171355498768,0.9684601023017902,1.0,0.03225806451612903,0.03225806451612903,0.03225806451612903,0.03225806451612903,0.03225806451612903,8.579191774671155,-0.6625819416191789,0.6119539521796581,0.0406434721591743
65.4,0.6626670132117521,0.6124308759080964,0.6626633809791548,0.00025872139466834304,12.25292459391645,0.153,5.79304750072672,6.0,0.024999999999999998,0.05590351538867,0.9803921568627451,12.212979801979333,12.252924593916452,12.328659919366814,1e-12,0.0017213287155484437,0.053338027172636006,0.00010000011857921843,0.9677451612941477,1.0,0.0005912552900622074,0.9677610082351633,1.0,0.022263171355498768,0.9684601023017902,1.0,0.03225806451612903,0.03225806451612903,0.03225806451612903,0.03225806451612903,0.03225806451612903,8.58818241740113,-0.6626633809791548,0.6124308759080964,0.040449320509089226
65.60000000000001,0.6627477809500603,0.6129040924480655,0.6627441795827159,0.000257998386688537,12.262932524750411,0.153,5.793077050608466,6.0,0.024999999999999998,0.05590336516492213,0.9803921568627451,12.223319023270548,12.262932524750411,12.3380954060676,1e-12,0.001717598903173589,0.05322260059612007,0.00010000011857921843,0.9677451612941477,1.0,0.0005912552900622074,0.9677610082351633,1.0,0.022263171355498768,0.9684601023017902,1.0,0.03225806451612903,0.03225806451612903,0.03225806451612903,0.03225806451612903,0.03225806451612903,8.597103172595387,-0.6627441795827159,0.6129040924480655,0.040256587580023824
65.8,0.6628279291051686,0.6133736302865427,0.662824342606844,0.0002572794301476893,12.272862272666224,0.153,5.793106371126774,6.0,0.024999999999999998,0.05590321615726383,0.9803921568627451,12.23357747992972,12.272862272666224,12.347457132915697,1e-12,0.0017138984817923629,0.05310808199022271,0.00010000011857921843,0.9677451612941477,1.0,0.0005912552900622074,0.9677610082351633,1.0,0.022263171355498768,0.9684601023017902,1.0,0.03225806451612903,0.03225806451612903,0.03225806451612903,0.03225806451612903,0.03225806451612903,8.605954577322292,-0.662824342606844,0.6133736302865427,0.04006526390196986
66.0,0.6629074406243834,0.6138395176950402,0.6629038751761772,0.0002565644785119221,12.282714444005773,0.153,5.7931354640386,6.0,0.024999999999999998,0.05590306835557553,0.9803921568627451,12.24375579810002,12.282714444005773,12.356745672902672,1e-12,0.0017102272132035975,0.05299446403403255,0.00010000011857921843,0.9677451612941477,1.0,0.0005912552900622074,0.9677610082351633,1.0,0.022263171355498768,0.9684601023017902,1.0,0.03225806451612903,0.03225806451612903,0.03225806451612903,0.03225806451612903,0.03225806451612903,8.614737164587446,-0.6629038751761772,0.6138395176950402,0.03987534005293429
66.2,0.6629863281005773,0.6143017827325905,0.6629827823648592,0.0002558534861622338,12.292489640500705,0.153,5.79316433108779,6.0,0.024999999999999998,0.055902921749826334,0.9803921568627451,12.253854599175307,12.292489640500705,12.365961594636962,1e-12,0.0017065848616216125,0.05288173947877252,0.00010000011857921843,0.9677451612941477,1.0,0.0005912552900622074,0.9677610082351633,1.0,0.022263171355498768,0.9684601023017902,1.0,0.03225806451612903,0.03225806451612903,0.03225806451612903,0.03225806451612903,0.03225806451612903,8.623451463389978,-0.6629827823648592,0.6143017827325905,0.03968680665900685
66.4,0.6630645954587664,0.614760453247404,0.663061069196896,0.0002551464080404971,12.302188459308134,0.153,5.793192974005187,6.0,0.024999999999999998,0.05590277633007308,0.9803921568627451,12.263874499836097,12.302188459308134,12.375105462378547,1e-12,0.0017029711936057538,0.0527699011472913,0.00010000011857921843,0.9677451612941477,1.0,0.0005912552900622074,0.9677610082351633,1.0,0.022263171355498768,0.9684601023017902,1.0,0.03225806451612903,0.03225806451612903,0.03225806451612903,0.03225806451612903,0.03225806451612903,8.63209799875381,-0.663061069196896,0.614760453247404,0.039499654394403234
66.60000000000001,0.6631422476338974,0.6152155568781512,0.6631387406471677,0.0002544431997314361,12.31181149303815,0.153,5.793221394508696,6.0,0.024999999999999998,0.05590263208645964,0.9803921568627451,12.273816112077544,12.31181149303815,12.384177836066211,1e-12,0.0016993859780257547,0.052658941932617415,0.00010000011857921843,0.9677451612941477,1.0,0.0005912552900622074,0.9677610082351633,1.0,0.022263171355498768,0.9684601023017902,1.0,0.03225806451612903,0.03225806451612903,0.03225806451612903,0.03225806451612903,0.03225806451612903,8.640677291751846,-0.6631387406471677,0.6152155568781512,0.03931387398164988
66.8,0.6632192895739563,0.6156671210553037,0.663215801642264,0.0002537438174475099,12.321359329782897,0.153,5.793249594303377,6.0,0.024999999999999998,0.055902489009216065,0.9803921568627451,12.28368004323901,12.321359329782899,12.393179271345662,1e-12,0.0016958289860206474,0.05254885479676564,0.00010000011857921843,0.9677451612941477,1.0,0.0005912552900622074,0.9677610082351633,1.0,0.022263171355498768,0.9684601023017902,1.0,0.03225806451612903,0.03225806451612903,0.03225806451612903,0.03225806451612903,0.03225806451612903,8.649189859531267,-0.663215801642264,0.6156671210553037,0.03912945619155675
67.0,0.6632957261496493,0.6161151730026103,0.6632922570613284,0.0002530482180159578,12.330832553148253,0.153,5.793277575081528,6.0,0.024999999999999998,0.05590234708865784,0.9803921568627451,12.29346689603616,12.330832553148253,12.40211031960055,1e-12,0.001692299990958541,0.05243963276953066,0.00010000011857921843,0.9677451612941477,1.0,0.0005912552900622074,0.9677610082351633,1.0,0.022263171355498768,0.9684601023017902,1.0,0.03225806451612903,0.03225806451612903,0.03225806451612903,0.03225806451612903,0.03225806451612903,8.65763621534137,-0.6632922570613284,0.6161151730026103,0.03894639184329885
67.2,0.6633715621908551,0.6165597397386053,0.6633681117368876,0.00025235635886553887,12.340231742286143,0.153,5.793305338522777,6.0,0.024999999999999998,0.055902206315185034,0.9803921568627451,12.303177268593851,12.340231742286145,12.410971527984003,1e-12,0.001688798768397338,0.052331268947303486,0.00010000011857921843,0.9677451612941477,1.0,0.0005912552900622074,0.9677610082351633,1.0,0.022263171355498768,0.9684601023017902,1.0,0.03225806451612903,0.03225806451612903,0.03225806451612903,0.03225806451612903,0.03225806451612903,8.666016868562021,-0.6633681117368876,0.6165597397386053,0.038764671804423556
67.4,0.6634468024818735,0.6170008480780946,0.6634433704556513,0.00025166819801381214,12.349557471926543,0.153,5.793332886294177,6.0,0.024999999999999998,0.055902066679281485,0.9803921568627451,12.312811754478718,12.349557471926543,12.419763439449817,1e-12,0.001685325096046685,0.052223756491926704,0.00010000011857921843,0.9677451612941477,1.0,0.0005912552900622074,0.9677610082351633,1.0,0.022263171355498768,0.9684601023017902,1.0,0.03225806451612903,0.03225806451612903,0.03225806451612903,0.03225806451612903,0.03225806451612903,8.67433232473168,-0.6634433704556513,0.6170008480780946,0.038584286990864934
67.60000000000001,0.6635214517615537,0.6174385246336213,0.6635180379592889,0.00025098369405546016,12.358810312409068,0.153,5.793360220050289,6.0,0.024999999999999998,0.05590192817151403,0.9803921568627451,12.322370942731316,12.358810312409068,12.428486592783166,1e-12,0.0016818787537311746,0.0521170886295873,0.00010000011857921843,0.9677451612941477,1.0,0.0005912552900622074,0.9677610082351633,1.0,0.022263171355498768,0.9684601023017902,1.0,0.03225806451612903,0.03225806451612903,0.03225806451612903,0.03225806451612903,0.03225806451612903,8.682583085575056,-0.6635180379592889,0.6174385246336213,0.03840522836693567
67.8,0.6635955147246115,0.617872795816916,0.66359211894518,0.0002503028061511449,12.367990829714294,0.153,5.793387341433271,6.0,0.024999999999999998,0.05590179078253171,0.9803921568627451,12.331855417898051,12.367990829714294,12.437141522631073,1e-12,0.0016784595233546586,0.05201125864974282,0.00010000011857921843,0.9677451612941477,1.0,0.0005912552900622074,0.9677610082351633,1.0,0.022263171355498768,0.9684601023017902,1.0,0.03225806451612903,0.03225806451612903,0.03225806451612903,0.03225806451612903,0.03225806451612903,8.690769649030454,-0.66359211894518,0.617872795816916,0.03822748694532705
68.0,0.6636689960222705,0.6183036878403421,0.6636656180671442,0.0002496254940166169,12.377099585494951,0.153,5.793414252072973,6.0,0.024999999999999998,0.05590165450306501,0.9803921568627451,12.341265760062948,12.377099585494951,12.445728759532736,1e-12,0.0016750671888656236,0.051906259904079585,0.00010000011857921843,0.9677451612941477,1.0,0.0005912552900622074,0.9677610082351633,1.0,0.022263171355498768,0.9684601023017902,1.0,0.03225806451612903,0.03225806451612903,0.03225806451612903,0.03225806451612903,0.03225806451612903,8.698892509277023,-0.6636656180671442,0.6183036878403421,0.03805105378710791
68.2,0.6637419002629206,0.6187312267183321,0.6637385399361494,0.0002489517179120478,12.386137137107033,0.153,5.793440953587011,6.0,0.024999999999999998,0.05590151932392504,0.9803921568627451,12.350602544879372,12.386137137107033,12.454248829949686,1e-12,0.001671701536223564,0.05180208580550083,0.00010000011857921843,0.9677451612941477,1.0,0.0005912552900622074,0.9677610082351633,1.0,0.022263171355498768,0.9684601023017902,1.0,0.03225806451612903,0.03225806451612903,0.03225806451612903,0.03225806451612903,0.03225806451612903,8.70695215676187,-0.6637385399361494,0.6187312267183321,0.037875920001693736
68.4,0.663814232012838,0.619155438268818,0.6638108891209992,0.00024828143863163144,12.395104037640746,0.153,5.793467447580867,6.0,0.024999999999999998,0.05590138523600285,0.9803921568627451,12.359866343601611,12.395104037640746,12.462702256295838,1e-12,0.0016683623533663267,0.051698729827144,0.00010000011857921843,0.9677451612941477,1.0,0.0005912552900622074,0.9677610082351633,1.0,0.022263171355498768,0.9684601023017902,1.0,0.03225806451612903,0.03225806451612903,0.03225806451612903,0.03225806451612903,0.03225806451612903,8.714949078227022,-0.6638108891209992,0.619155438268818,0.03770207674683238
68.60000000000001,0.663885995796851,0.619576348114652,0.663882670149001,0.00024761461749347476,12.404000835951313,0.153,5.79349373564797,6.0,0.024999999999999998,0.05590125223026862,0.9803921568627451,12.369057723116313,12.404000835951313,12.471089556967334,1e-12,0.0016650494301784153,0.05159618550142706,0.00010000011857921843,0.9677451612941477,1.0,0.0005912552900622074,0.9677610082351633,1.0,0.022263171355498768,0.9684601023017902,1.0,0.03225806451612903,0.03225806451612903,0.03225806451612903,0.03225806451612903,0.03225806451612903,8.722883756736234,-0.663882670149001,0.619576348114652,0.03752951522856516
68.8,0.6639571960989754,0.6199939816850183,0.6639538875066143,0.000246951216329772,12.412828076689635,0.153,5.79351981936978,6.0,0.024999999999999998,0.05590112029777092,0.9803921568627451,12.378177245973788,12.412828076689637,12.47941124637222,1e-12,0.001661762558460218,0.05149444641912242,0.00010000011857921843,0.9677451612941477,1.0,0.0005912552900622074,0.9677610082351633,1.0,0.022263171355498768,0.9684601023017902,1.0,0.03225806451612903,0.03225806451612903,0.03225806451612903,0.03225806451612903,0.03225806451612903,8.73075667170161,-0.6639538875066143,0.6199939816850183,0.037358226701192286
69.0,0.6640278373630548,0.6204083642168379,0.6640245456400797,0.0002462911974772451,12.421586300332788,0.153,5.793545700315876,6.0,0.024999999999999998,0.05590098942963601,0.9803921568627451,12.387225470419159,12.421586300332788,12.487667834959966,1e-12,0.0016585015318981134,0.05139350622845735,0.00010000011857921843,0.9677451612941477,1.0,0.0005912552900622074,0.9677610082351633,1.0,0.022263171355498768,0.9684601023017902,1.0,0.03225806451612903,0.03225806451612903,0.03225806451612903,0.03225806451612903,0.03225806451612903,8.738568298910085,-0.6640245456400797,0.6204083642168379,0.037188202467230376
69.2,0.6640979239933605,0.6208195207561622,0.6640946489560318,0.00024563452376784084,12.430276043214338,0.153,5.79357138004404,6.0,0.024999999999999998,0.05590085961706709,0.9803921568627451,12.396202950423366,12.430276043214338,12.495859829250785,1e-12,0.001655266146035439,0.051293358634240296,0.00010000011857921843,0.9677451612941477,1.0,0.0005912552900622074,0.9677610082351633,1.0,0.022263171355498768,0.9684601023017902,1.0,0.03225806451612903,0.03225806451612903,0.03225806451612903,0.03225806451612903,0.03225806451612903,8.746319110549747,-0.6640946489560318,0.6208195207561622,0.03701943387735876
69.4,0.6641674603551972,0.6212274761595618,0.6641642018220913,0.0002449811585196751,12.438897837554556,0.153,5.793596860100343,6.0,0.024999999999999998,0.055900730851343526,0.9803921568627451,12.40511023571402,12.438897837554558,12.503987731864791,1e-12,0.0016520561982442926,0.05119399739701227,0.00010000011857921843,0.9677451612941477,1.0,0.0005912552900622074,0.9677610082351633,1.0,0.022263171355498768,0.9684601023017902,1.0,0.03225806451612903,0.03225806451612903,0.03225806451612903,0.03225806451612903,0.03225806451612903,8.754009575235985,-0.6641642018220913,0.6212274761595618,0.036851912330361176
69.60000000000001,0.6642364507754637,0.6216322550955029,0.6642332085674446,0.00024433106552821526,12.447452211490424,0.153,5.793622142019225,6.0,0.024999999999999998,0.05590060312382023,0.9803921568627451,12.41394787180612,12.447452211490424,12.512052041551,1e-12,0.001648871487698123,0.05109541633222195,0.00010000011857921843,0.9677451612941477,1.0,0.0005912552900622074,0.9677610082351633,1.0,0.022263171355498768,0.9684601023017902,1.0,0.03225806451612903,0.03225806451612903,0.03225806451612903,0.03225806451612903,0.03225806451612903,8.761640158037487,-0.6642332085674446,0.6216322550955029,0.03668562927307028
69.8,0.6643048995432266,0.6220338820457172,0.6643016734834029,0.00024368420905769675,12.455939689105488,0.153,5.793647227323586,6.0,0.024999999999999998,0.05590047642592691,0.9803921568627451,12.42271640003258,12.455939689105488,12.520053253216117,1e-12,0.0016457118153451087,0.050997609309424444,0.00010000011857921843,0.9677451612941477,1.0,0.0005912552900622074,0.9677610082351633,1.0,0.022263171355498768,0.9684601023017902,1.0,0.03225806451612903,0.03225806451612903,0.03225806451612903,0.03225806451612903,0.03225806451612903,8.769211320502047,-0.6643016734834029,0.6220338820457172,0.03652057620029759
70.0,0.6643728109102655,0.6224323813065639,0.6643696008239484,0.0002430405538327625,12.46436079045958,0.153,5.793672117524857,6.0,0.024999999999999998,0.05590035074916732,0.9803921568627451,12.43141635757467,12.46436079045958,12.527991857953198,1e-12,0.001642576983882272,0.05090057025150225,0.00010000011857921843,0.9677451612941477,1.0,0.0005912552900622074,0.9677610082351633,1.0,0.022263171355498768,0.9684601023017902,1.0,0.03225806451612903,0.03225806451612903,0.03225806451612903,0.03225806451612903,0.03225806451612903,8.776723520682271,-0.6643696008239484,0.6224323813065639,0.03635674465475967
70.2,0.6644401890915878,0.6228277769903805,0.6644369948062644,0.000242400065030321,12.472716031618335,0.153,5.793696814123098,6.0,0.024999999999999998,0.05590022608511865,0.9803921568627451,12.440048277492215,12.472716031618335,12.535868343070081,1e-12,0.0016394667977303206,0.05080429313390798,0.00010000011857921843,0.9677451612941477,1.0,0.0005912552900622074,0.9677610082351633,1.0,0.022263171355498768,0.9684601023017902,1.0,0.03225806451612903,0.03225806451612903,0.03225806451612903,0.03225806451612903,0.03225806451612903,8.784177213161056,-0.6644369948062644,0.6228277769903805,0.03619412622700318
70.4,0.66450703826595,0.6232200930268286,0.6645038596112504,0.00024176270827161336,12.481005924682565,0.153,5.793721318607062,6.0,0.024999999999999998,0.05590010242543079,0.9803921568627451,12.448612688753691,12.481005924682565,12.543683192117678,1e-12,0.001636381063009182,0.050708771983927974,0.00010000011857921843,0.9677451612941477,1.0,0.0005912552900622074,0.9677610082351633,1.0,0.022263171355498768,0.9684601023017902,1.0,0.03225806451612903,0.03225806451612903,0.03225806451612903,0.03225806451612903,0.03225806451612903,8.79157284907695,-0.6645038596112504,0.6232200930268286,0.03603271255531946
70.60000000000001,0.6645733625763697,0.6236093531642274,0.6645701993840234,0.00024112844961448628,12.489230977817462,0.153,5.7937456324542955,6.0,0.024999999999999998,0.05589997976182565,0.9803921568627451,12.457110116266158,12.489230977817462,12.55143688491808,1e-12,0.0016333195875142216,0.05061400087996645,0.00010000011857921843,0.9677451612941477,1.0,0.0005912552900622074,0.9677610082351633,1.0,0.022263171355498768,0.9684601023017902,1.0,0.03225806451612903,0.03225806451612903,0.03225806451612903,0.03225806451612903,0.03225806451612903,8.798910876149332,-0.6645701993840234,0.6236093531642274,0.03587249532566105
70.8,0.6646391661305965,0.6239955809708815,0.6646360182344058,0.0002404972555458594,12.497391695281644,0.153,5.793769757131202,6.0,0.024999999999999998,0.05589985808609653,0.9803921568627451,12.465541080904991,12.497391695281644,12.559129897592475,1e-12,0.001630282180693099,0.050519973950848854,0.00010000011857921843,0.9677451612941477,1.0,0.0005912552900622074,0.9677610082351633,1.0,0.022263171355498768,0.9684601023017902,1.0,0.03225806451612903,0.03225806451612903,0.03225806451612903,0.03225806451612903,0.03225806451612903,8.80619173870342,-0.6646360182344058,0.6239955809708815,0.035713466271548595
71.0,0.6647044530015997,0.624378799836399,0.664701320237399,0.00023986909297438446,12.505488577456,0.153,5.793793694093136,6.0,0.024999999999999998,0.05589973739010741,0.9803921568627451,12.473906099543512,12.505488577456,12.56676270258891,1e-12,0.0016272686536232554,0.050426685375144116,0.00010000011857921843,0.9677451612941477,1.0,0.0005912552900622074,0.9677610082351633,1.0,0.022263171355498768,0.9684601023017902,1.0,0.03225806451612903,0.03225806451612903,0.03225806451612903,0.03225806451612903,0.03225806451612903,8.813415877695167,-0.664701320237399,0.624378799836399,0.03555561717397492
71.2,0.6647692272280058,0.6247590329730005,0.6647661094336461,0.00023924392922328985,12.513522120872402,0.153,5.793817444784473,6.0,0.024999999999999998,0.0558996176657923,0.9803921568627451,12.48220568508238,12.513522120872402,12.574335768709837,1e-12,0.001624278818990017,0.05033412938050548,0.00010000011857921843,0.9677451612941477,1.0,0.0005912552900622074,0.9677610082351633,1.0,0.022263171355498768,0.9684601023017902,1.0,0.03225806451612903,0.03225806451612903,0.03225806451612903,0.03225806451612903,0.03225806451612903,8.820583730735917,-0.6647661094336461,0.6247590329730005,0.03539893986130519
71.4,0.6648334928145792,0.6251363034168212,0.66483038982988,0.00023862173202340324,12.521492818242237,0.153,5.793841010638694,6.0,0.024999999999999998,0.05589949890515463,0.9803921568627451,12.490440346478888,12.521492818242237,12.58184956113953,1e-12,0.0016213124910652735,0.050242300243028615,0.00010000011857921843,0.9677451612941477,1.0,0.0005912552900622074,0.9677610082351633,1.0,0.022263171355498768,0.9684601023017902,1.0,0.03225806451612903,0.03225806451612903,0.03225806451612903,0.03225806451612903,0.03225806451612903,8.827695732116977,-0.66483038982988,0.6251363034168212,0.035243426209174526
71.60000000000001,0.6648972537326374,0.6255106340292026,0.6648941653993612,0.00023800246950634647,12.529401158484752,0.153,5.793864393078468,6.0,0.024999999999999998,0.05589938110026653,0.9803921568627451,12.498610588776037,12.529401158484752,12.589304541471284,1e-12,0.0016183694856867256,0.05015119228662675,0.00010000011857921843,0.9677451612941477,1.0,0.0005912552900622074,0.9677610082351633,1.0,0.022263171355498768,0.9684601023017902,1.0,0.03225806451612903,0.03225806451612903,0.03225806451612903,0.03225806451612903,0.03225806451612903,8.834752312833977,-0.6648941653993612,0.6255106340292026,0.03508906814037933
71.8,0.6649605139204745,0.6258820474979769,0.6649574400823044,0.00023738611019789903,12.537247626755248,0.153,5.793887593515717,6.0,0.024999999999999998,0.055899264243268264,0.9803921568627451,12.506716913131484,12.537247626755248,12.59670116773445,1e-12,0.001615449620237677,0.050060799882422256,0.00010000011857921843,0.9677451612941477,1.0,0.0005912552900622074,0.9677610082351633,1.0,0.022263171355498768,0.9684601023017902,1.0,0.03225806451612903,0.03225806451612903,0.03225806451612903,0.03225806451612903,0.03225806451612903,8.841753900611096,-0.6649574400823044,0.6258820474979769,0.034935857624761577
72.0,0.665023277283788,0.6262505663387432,0.665020217786292,0.00023677262301152432,12.545032704473089,0.153,5.793910613351714,6.0,0.024999999999999998,0.05589914832636756,0.9803921568627451,12.514759816846286,12.545032704473089,12.6040398944213,1e-12,0.0016125527136273638,0.049971117448154356,0.00010000011857921843,0.9677451612941477,1.0,0.0005912552900622074,0.9677610082351633,1.0,0.022263171355498768,0.9684601023017902,1.0,0.03225806451612903,0.03225806451612903,0.03225806451612903,0.03225806451612903,0.03225806451612903,8.848700919925115,-0.665020217786292,0.6262505663387432,0.034783786679099885
72.2,0.6650855476960781,0.6266162128961335,0.6650825023866788,0.00023616197724205147,12.552756869349533,0.153,5.793933453977139,6.0,0.024999999999999998,0.05589903334183898,0.9803921568627451,12.522739793393493,12.552756869349533,12.6113211725137,1e-12,0.0016096785862717798,0.049882139447601614,0.00010000011857921843,0.9677451612941477,1.0,0.0005912552900622074,0.9677610082351633,1.0,0.022263171355498768,0.9684601023017902,1.0,0.03225806451612903,0.03225806451612903,0.03225806451612903,0.03225806451612903,0.03225806451612903,8.855593792029316,-0.6650825023866788,0.6266162128961335,0.034632847366989426
72.4,0.6651473289990344,0.6269790093450726,0.6651442977269864,0.00023555414255950968,12.560420595415422,0.153,5.793956116772175,6.0,0.024999999999999998,0.05589891928202336,0.9803921568627451,12.530657332446577,12.560420595415424,12.618545449509613,1e-12,0.0016068270600749963,0.04979386039001946,0.00010000011857921843,0.9677451612941477,1.0,0.0005912552900622074,0.9677610082351633,1.0,0.022263171355498768,0.9684601023017902,1.0,0.03225806451612903,0.03225806451612903,0.03225806451612903,0.03225806451612903,0.03225806451612903,8.862432934977221,-0.6651442977269864,0.6269790093450726,0.034483031798714474
72.60000000000001,0.6652086250029252,0.6273389776920274,0.6652056076192855,0.00023494908900311136,12.568024353048662,0.153,5.793978603106569,6.0,0.024999999999999998,0.05589880613932711,0.9803921568627451,12.538512919907667,12.568024353048662,12.62571316944943,1e-12,0.001603997958410966,0.04970627482959214,0.00010000011857921843,0.9677451612941477,1.0,0.0005912552900622074,0.9677610082351633,1.0,0.022263171355498768,0.9684601023017902,1.0,0.03225806451612903,0.03225806451612903,0.03225806451612903,0.03225806451612903,0.03225806451612903,8.86921876364617,-0.6652056076192855,0.6273389776920274,0.03433433213113326
72.8,0.6652694394869726,0.6276961397762499,0.6652664358445712,0.0002343467869753769,12.575568609001529,0.153,5.794000914339718,6.0,0.024999999999999998,0.055898693906221646,0.9803921568627451,12.546307037935634,12.57556860900153,12.6328247729421,1e-12,0.0016011911061057777,0.04961937736489818,0.00010000011857921843,0.9677451612941477,1.0,0.0005912552900622074,0.9677610082351633,1.0,0.022263171355498768,0.9684601023017902,1.0,0.03225806451612903,0.03225806451612903,0.03225806451612903,0.03225806451612903,0.03225806451612903,8.875951689760749,-0.6652664358445712,0.6276961397762499,0.03418674056753796
73.0,0.6653297761997072,0.6280505172710094,0.6653267861531275,0.00023374720723639764,12.583053826427854,0.153,5.794023051820743,6.0,0.024999999999999998,0.055898582575242856,0.9803921568627451,12.554040164973987,12.583053826427854,12.639880697191115,1e-12,0.0015984063294203525,0.0495331626383892,0.00010000011857921843,0.9677451612941477,1.0,0.0005912552900622074,0.9677610082351633,1.0,0.022263171355498768,0.9684601023017902,1.0,0.03225806451612903,0.03225806451612903,0.03225806451612903,0.03225806451612903,0.03225806451612903,8.882632121916032,-0.6653267861531275,0.6280505172710094,0.034040249357531846
73.2,0.665389638859335,0.6284021316848187,0.6653866622648829,0.00023315032089823306,12.59048046490996,0.153,5.794045016888558,6.0,0.024999999999999998,0.05589847213899037,0.9803921568627451,12.561712775778608,12.59048046490996,12.646881376020298,1e-12,0.0015956434560335689,0.04944762533588154,0.00010000011857921843,0.9677451612941477,1.0,0.0005912552900622074,0.9677610082351633,1.0,0.022263171355498768,0.9684601023017902,1.0,0.03225806451612903,0.03225806451612903,0.03225806451612903,0.03225806451612903,0.03225806451612903,8.889260465600719,-0.6653866622648829,0.6284021316848187,0.03389485079689372
73.4,0.6654490311540705,0.6287510043626509,0.6654460678697577,0.0002325560994194384,12.597848980485479,0.153,5.79406681087195,6.0,0.024999999999999998,0.055898362590127114,0.9803921568627451,12.569325341445309,12.597848980485479,12.65382723989941,1e-12,0.0015929023150258051,0.04936276018606037,0.00010000011857921843,0.9677451612941477,1.0,0.0005912552900622074,0.9677610082351633,1.0,0.022263171355498768,0.9684601023017902,1.0,0.03225806451612903,0.03225806451612903,0.03225806451612903,0.03225806451612903,0.03225806451612903,8.895837123220053,-0.6654460678697577,0.6287510043626509,0.03375053722743589
73.60000000000001,0.6655079567425055,0.6290971564871475,0.665505006628003,0.0002319645145997173,12.60515982567397,0.153,5.794088435089653,6.0,0.024999999999999998,0.05589825392137861,0.9803921568627451,12.576878329437218,12.60515982567397,12.66071871596961,1e-12,0.0015901827368628703,0.04927856195999559,0.00010000011857921843,0.9677451612941477,1.0,0.0005912552900622074,0.9677610082351633,1.0,0.022263171355498768,0.9684601023017902,1.0,0.03225806451612903,0.03225806451612903,0.03225806451612903,0.03225806451612903,0.03225806451612903,8.902362494118641,-0.665505006628003,0.6290971564871475,0.03360730103687124
73.8,0.6655664192538906,0.6294406090798192,0.6655634821705314,0.00023137553857469675,12.612413449503368,0.153,5.794109890850418,6.0,0.024999999999999998,0.0558981461255325,0.9803921568627451,12.584372203611974,12.612413449503368,12.667556228068694,1e-12,0.0015874845533803274,0.049195025470669375,0.00010000011857921843,0.9677451612941477,1.0,0.0005912552900622074,0.9677610082351633,1.0,0.022263171355498768,0.9684601023017902,1.0,0.03225806451612903,0.03225806451612903,0.03225806451612903,0.03225806451612903,0.03225806451612903,8.908836974603076,-0.6655634821705314,0.6294406090798192,0.03346513465866644
74.0,0.6656244222884936,0.629781383002238,0.6656214980992395,0.00023078914381082026,12.619610297536275,0.153,5.794131179453091,6.0,0.024999999999999998,0.055898039195437885,0.9803921568627451,12.591807424248785,12.619610297536275,12.67434019675621,1e-12,0.001584807597768186,0.04911214557251487,0.00010000011857921843,0.9677451612941477,1.0,0.0005912552900622074,0.9677610082351633,1.0,0.022263171355498768,0.9684601023017902,1.0,0.03225806451612903,0.03225806451612903,0.03225806451612903,0.03225806451612903,0.03225806451612903,8.915260957964412,-0.6656214980992395,0.629781383002238,0.0333240305719013
74.2,0.6656819694179131,0.630119498957221,0.6656790579873241,0.00023020530310035583,12.62675081189604,0.153,5.794152302186679,6.0,0.024999999999999998,0.05589793312400485,0.9803921568627451,12.599184448075274,12.62675081189604,12.681071039338352,1e-12,0.0015821517045559509,0.04902991716096552,0.00010000011857921843,0.9677451612941477,1.0,0.0005912552900622074,0.9677610082351633,1.0,0.022263171355498768,0.9684601023017902,1.0,0.03225806451612903,0.03225806451612903,0.03225806451612903,0.03225806451612903,0.03225806451612903,8.92163483450051,-0.6656790579873241,0.630119498957221,0.03318398130111605
74.4,0.6657390641853738,0.6304549774900062,0.6657361653795896,0.0002296239895565144,12.63383543129271,0.153,5.794173260330428,6.0,0.024999999999999998,0.05589782790420384,0.9803921568627451,12.606503728294172,12.63383543129271,12.687749169892715,1e-12,0.0015795167095980164,0.048948335172014835,0.00010000011857921843,0.9677451612941477,1.0,0.0005912552900622074,0.9677610082351633,1.0,0.022263171355498768,0.9684601023017902,1.0,0.03225806451612903,0.03225806451612903,0.03225806451612903,0.03225806451612903,0.03225806451612903,8.927958991538201,-0.6657361653795896,0.6304549774900062,0.033044979416167804
74.60000000000001,0.6657957101060216,0.630787838989421,0.6657928237927496,0.00022904517660867637,12.64086459104877,0.153,5.794194055153891,6.0,0.024999999999999998,0.05589772352906513,0.9803921568627451,12.613765714609833,12.640864591048771,12.69437499929285,1e-12,0.0015769024500593984,0.04886739458178619,0.00010000011857921843,0.9677451612941477,1.0,0.0005912552900622074,0.9677610082351633,1.0,0.022263171355498768,0.9684601023017902,1.0,0.03225806451612903,0.03225806451612903,0.03225806451612903,0.03225806451612903,0.03225806451612903,8.934233813455311,-0.6657928237927496,0.630787838989421,0.032907017532071994
74.8,0.6658519106672344,0.6311181036890402,0.6658490367157215,0.00022846883799772236,12.647838723124732,0.153,5.794214687917001,6.0,0.024999999999999998,0.05589761999167826,0.9803921568627451,12.620970853254564,12.647838723124732,12.700948935232665,1e-12,0.001574308764401781,0.04878709040611216,0.00010000011857921843,0.9677451612941477,1.0,0.0005912552900622074,0.9677610082351633,1.0,0.022263171355498768,0.9684601023017902,1.0,0.03225806451612903,0.03225806451612903,0.03225806451612903,0.03225806451612903,0.03225806451612903,8.940459681702528,-0.6658490367157215,0.6311181036890402,0.032770088308859156
75.0,0.6659076693289145,0.6314457916683389,0.6659048076099134,0.0002278949477714665,12.654758256144545,0.153,5.794235159870141,6.0,0.024999999999999998,0.05589751728519155,0.9803921568627451,12.628119587014805,12.654758256144545,12.707471382250656,1e-12,0.0015717354923698887,0.048707417700123545,0.00010000011857921843,0.9677451612941477,1.0,0.0005912552900622074,0.9677610082351633,1.0,0.022263171355498768,0.9684601023017902,1.0,0.03225806451612903,0.03225806451612903,0.03225806451612903,0.03225806451612903,0.03225806451612903,8.946636974825108,-0.6659048076099134,0.6314457916683389,0.032634184451410836
75.2,0.6659629895237456,0.631770922853836,0.6659601399095073,0.00022732348028018518,12.661623615420824,0.153,5.7942554722542114,6.0,0.024999999999999998,0.0558974154028115,0.9803921568627451,12.635212355257108,12.661623615420824,12.713942741753936,1e-12,0.001569182474978137,0.04862837155784674,0.00010000011857921843,0.9677451612941477,1.0,0.0005912552900622074,0.9677610082351633,1.0,0.022263171355498768,0.9684601023017902,1.0,0.03225806451612903,0.03225806451612903,0.03225806451612903,0.03225806451612903,0.03225806451612903,8.952766068484467,-0.6659601399095073,0.631770922853836,0.03249929870930287
75.4,0.6660178746574756,0.632093517020229,0.6660150370217326,0.00022675441017224387,12.668435222979923,0.153,5.794275626300707,6.0,0.024999999999999998,0.05589731433780229,0.9803921568627451,12.641870340404578,12.668435222979925,12.720363412042127,1e-12,0.001566649554497594,0.048549947111810446,0.00010000011857921843,0.9677451612941477,1.0,0.0005912552900622074,0.9677610082351633,1.0,0.022263171355498768,0.9684601023017902,1.0,0.03225806451612903,0.03225806451612903,0.03225806451612903,0.03225806451612903,0.03225806451612903,8.958847335479568,-0.6660150370217326,0.632093517020229,0.032365423876648945
75.60000000000001,0.666072328109196,0.6324135937915223,0.6660695023271376,0.0002261877123898156,12.675193497586836,0.153,5.794295623231776,6.0,0.024999999999999998,0.05589721408348524,0.9803921568627451,12.648271875830446,12.675193497586838,12.726733788331076,1e-12,0.0015641365744432116,0.048472139532660524,0.00010000011857921843,0.9677451612941477,1.0,0.0005912552900622074,0.9677610082351633,1.0,0.022263171355498768,0.9684601023017902,1.0,0.03225806451612903,0.03225806451612903,0.03225806451612903,0.03225806451612903,0.03225806451612903,8.964881145768206,-0.6660695023271376,0.6324135937915223,0.03223255279193983
75.8,0.6661263532316057,0.6327311726421474,0.666123539179852,0.00022562336216468815,12.68189885476988,0.153,5.794315464260298,6.0,0.024999999999999998,0.055897114633238335,0.9803921568627451,12.654623452842946,12.68189885476988,12.733054262776374,1e-12,0.001561643379561328,0.0483949440287828,0.00010000011857921843,0.9677451612941477,1.0,0.0005912552900622074,0.9677610082351633,1.0,0.022263171355498768,0.9684601023017902,1.0,0.03225806451612903,0.03225806451612903,0.03225806451612903,0.03225806451612903,0.03225806451612903,8.970867866488115,-0.666123539179852,0.6327311726421474,0.03210067833787524
76.0,0.6661799533512619,0.6330462728980735,0.6661771509078463,0.00022506133501415873,12.688551706845287,0.153,5.794335150589944,6.0,0.024999999999999998,0.05589701598049564,0.9803921568627451,12.660925457961469,12.688551706845287,12.739325224496746,1e-12,0.0015591698158174269,0.04831835584593374,0.00010000011857921843,0.9677451612941477,1.0,0.0005912552900622074,0.9677610082351633,1.0,0.022263171355498768,0.9684601023017902,1.0,0.03225806451612903,0.03225806451612903,0.03225806451612903,0.03225806451612903,0.03225806451612903,8.976807861977939,-0.6661771509078463,0.6330462728980735,0.03196979344120561
76.2,0.6662331317688229,0.6333589137379132,0.6662303408131847,0.00022450160673701463,12.695152462941577,0.153,5.794354683415254,6.0,0.024999999999999998,0.05589691811874683,0.9803921568627451,12.667178274758262,12.695152462941577,12.745547059597241,1e-12,0.0015567157303841618,0.048242370266879,0.00010000011857921843,0.9677451612941477,1.0,0.0005912552900622074,0.9677610082351633,1.0,0.022263171355498768,0.9684601023017902,1.0,0.03225806451612903,0.03225806451612903,0.03225806451612903,0.03225806451612903,0.03225806451612903,8.982701493798057,-0.6662303408131847,0.6333589137379132,0.03183989107256207
76.4,0.6662858917593136,0.6336691141940176,0.6662831121722728,0.00022394415340959393,12.701701529023737,0.153,5.794374063921693,6.0,0.024999999999999998,0.0558968210415367,0.9803921568627451,12.67338228388035,12.701701529023737,12.751720151192266,1e-12,0.0015542809716296096,0.04816698261103879,0.00010000011857921843,0.9677451612941477,1.0,0.0005912552900622074,0.9677610082351633,1.0,0.022263171355498768,0.9684601023017902,1.0,0.03225806451612903,0.03225806451612903,0.03225806451612903,0.03225806451612903,0.03225806451612903,8.988549120751255,-0.6662831121722728,0.6336691141940176,0.03171096424628695
76.60000000000001,0.6663382365723687,0.6339768931535656,0.6663354682361016,0.00022338895138192673,12.70819930791728,0.153,5.7943932932857285,6.0,0.024999999999999998,0.05589672474246463,0.9803921568627451,12.679537863071312,12.70819930791728,12.757844879428465,1e-12,0.001551865389105766,0.048092188234140555,0.00010000011857921843,0.9677451612941477,1.0,0.0005912552900622074,0.9677610082351633,1.0,0.022263171355498768,0.9684601023017902,1.0,0.03225806451612903,0.03225806451612903,0.03225806451612903,0.03225806451612903,0.03225806451612903,8.994351098903252,-0.6663354682361016,0.6339768931535656,0.03158300602027139
76.80000000000001,0.6663901694324607,0.634282269359645,0.6663874122304851,0.0002228359772739531,12.714646199332146,0.153,5.794412372674887,6.0,0.024999999999999998,0.05589662921518414,0.9803921568627451,12.6856453871929,12.714646199332146,12.763921621507407,1e-12,0.0015494688335372625,0.048017982527878235,0.00010000011857921843,0.9677451612941477,1.0,0.0005912552900622074,0.9677610082351633,1.0,0.022263171355498768,0.9684601023017902,1.0,0.03225806451612903,0.03225806451612903,0.03225806451612903,0.03225806451612903,0.03225806451612903,9.000107781603095,-0.6663874122304851,0.634282269359645,0.031456009495778106
77.0,0.66644169353913,0.6345852614123251,0.666438947356295,0.00022228520797181755,12.721042599886346,0.153,5.794431303247829,6.0,0.024999999999999998,0.055896534453402334,0.9803921568627451,12.6917052282465,12.721042599886346,12.769950751708143,1e-12,0.001547091156810313,0.04794436091957843,0.00010000011857921843,0.9677451612941477,1.0,0.0005912552900622074,0.9677610082351633,1.0,0.022263171355498768,0.9684601023017902,1.0,0.03225806451612903,0.03225806451612903,0.03225806451612903,0.03225806451612903,0.03225806451612903,9.005819519503378,-0.666438947356295,0.6345852614123251,0.03132996781727544
77.2,0.6664928120672194,0.6348858877697231,0.6664900767896892,0.0002217366206242351,12.727388903129539,0.153,5.794450086154407,6.0,0.024999999999999998,0.055896440450879464,0.9803921568627451,12.69771775539446,12.72738890312954,12.775932641409545,1e-12,0.0015447322119618624,0.04787131887187258,0.00010000011857921843,0.9677451612941477,1.0,0.0005912552900622074,0.9677610082351633,1.0,0.022263171355498768,0.9684601023017902,1.0,0.03225806451612903,0.03225806451612903,0.03225806451612903,0.03225806451612903,0.03225806451612903,9.01148666058037,-0.6664900767896892,0.6348858877697231,0.031204874172255252
77.4,0.6665435281671197,0.6351841667490621,0.6665408036823374,0.00022119019263892775,12.733685499566382,0.153,5.794468722535736,6.0,0.024999999999999998,0.05589634720142845,0.9803921568627451,12.70368333498124,12.733685499566382,12.781867659112553,1e-12,0.0015423918531689356,0.047798851882375155,0.00010000011857921843,0.9677451612941477,1.0,0.0005912552900622074,0.9677610082351633,1.0,0.022263171355498768,0.9684601023017902,1.0,0.03225806451612903,0.03225806451612903,0.03225806451612903,0.03225806451612903,0.03225806451612903,9.017109550153938,-0.6665408036823374,0.6351841667490621,0.031080721791070288
77.60000000000001,0.666593844964952,0.6354801165277213,0.6665911311616421,0.00022064590167913172,12.739932776679744,0.153,5.794487213524255,6.0,0.024999999999999998,0.05589625469891438,0.9803921568627451,12.709602330554425,12.739932776679744,12.7877561704622,1e-12,0.0015400699357381998,0.04772695548336824,0.00010000011857921843,0.9677451612941477,1.0,0.0005912552900622074,0.9677610082351633,1.0,0.022263171355498768,0.9684601023017902,1.0,0.03225806451612903,0.03225806451612903,0.03225806451612903,0.03225806451612903,0.03225806451612903,9.022688530907379,-0.6665911311616421,0.6354801165277213,0.030957503946750283
77.80000000000001,0.6666437655628067,0.6357737551442795,0.6666410623309559,0.00022010372566017033,12.746131118953732,0.153,5.79450556024379,6.0,0.024999999999999998,0.055896162937254065,0.9803921568627451,12.71547510288559,12.746131118953732,12.793598538269501,1e-12,0.0015377663160957061,0.04765562524149145,0.00010000011857921843,0.9677451612941477,1.0,0.0005912552900622074,0.9677610082351633,1.0,0.022263171355498768,0.9684601023017902,1.0,0.03225806451612903,0.03225806451612903,0.03225806451612903,0.03225806451612903,0.03225806451612903,9.028223942907076,-0.6666410623309559,0.6357737551442795,0.030835213954829035
78.0,0.6666932930389519,0.6360651004995512,0.6666906002697939,0.00021956364274609117,12.752280907896564,0.153,5.794523763809623,6.0,0.024999999999999998,0.05589607191041557,0.9803921568627451,12.721302009991025,12.752280907896566,12.799395122533177,1e-12,0.0015354808517768124,0.04758485675743727,0.00010000011857921843,0.9677451612941477,1.0,0.0005912552900622074,0.9677610082351633,1.0,0.022263171355498768,0.9684601023017902,1.0,0.03225806451612903,0.03225806451612903,0.03225806451612903,0.03225806451612903,0.03225806451612903,9.033716123622046,-0.6666906002697939,0.6360651004995512,0.030713845173164875
78.2,0.6667424304480515,0.6363541703576145,0.6667397480340436,0.00021902563134636814,12.75838252206328,0.153,5.794541825328549,6.0,0.024999999999999998,0.055895981612417725,0.9803921568627451,12.72708340715229,12.758382522063282,12.805146280461221,1e-12,0.001533213401416293,0.047514645665652,0.00010000011857921843,0.9677451612941477,1.0,0.0005912552900622074,0.9677610082351633,1.0,0.022263171355498768,0.9684601023017902,1.0,0.03225806451612903,0.03225806451612903,0.03225806451612903,0.03225806451612903,0.03225806451612903,9.03916540794332,-0.6667397480340436,0.6363541703576145,0.030593391001761897
78.4,0.6667911808213663,0.6366409823468314,0.6667885086561708,0.0002184896701126638,12.764436337078287,0.153,5.794559745898944,6.0,0.024999999999999998,0.055895892037329704,0.9803921568627451,12.732819646936628,12.764436337078287,12.81085236649231,1e-12,0.0015309638247386164,0.04744498763404171,0.00010000011857921843,0.9677451612941477,1.0,0.0005912552900622074,0.9677610082351633,1.0,0.022263171355498768,0.9684601023017902,1.0,0.03225806451612903,0.03225806451612903,0.03225806451612903,0.03225806451612903,0.03225806451612903,9.044572128203201,-0.6667885086561708,0.6366409823468314,0.030473844882598525
78.60000000000001,0.6668395471669282,0.6369255539608636,0.6668368851454217,0.00021795573793565186,12.770442725657723,0.153,5.794577526610822,6.0,0.024999999999999998,0.05589580317927056,0.9803921568627451,12.738511079217272,12.770442725657725,12.816513732317038,1e-12,0.0015287319825483896,0.04737587836368316,0.00010000011857921843,0.9677451612941477,1.0,0.0005912552900622074,0.9677610082351633,1.0,0.022263171355498768,0.9684601023017902,1.0,0.03225806451612903,0.03225806451612903,0.03225806451612903,0.03225806451612903,0.03225806451612903,9.049936614194376,-0.6668368851454217,0.6369255539608636,0.030355200299429973
78.80000000000001,0.6668875324697837,0.6372079025596767,0.6668848804880223,0.00021742381394189778,12.776402057631703,0.153,5.794595168545901,6.0,0.024999999999999998,0.05589571503240878,0.9803921568627451,12.744158051193534,12.776402057631703,12.82213072689901,1e-12,0.0015265177367209625,0.04730731358853951,0.00010000011857921843,0.9677451612941477,1.0,0.0005912552900622074,0.9677610082351633,1.0,0.022263171355498768,0.9684601023017902,1.0,0.03225806451612903,0.03225806451612903,0.03225806451612903,0.03225806451612903,0.03225806451612903,9.055259193188899,-0.6668848804880223,0.6372079025596767,0.030237450777622712
79.0,0.6669351396921759,0.6374880453705404,0.6669324976473735,0.0002168938774907954,12.782314699966344,0.153,5.794612672777664,6.0,0.024999999999999998,0.05589562759096185,0.9803921568627451,12.749760907410806,12.782314699966344,12.827703696495787,1e-12,0.0015243209501931848,0.047239289075180615,0.00010000011857921843,0.9677451612941477,1.0,0.0005912552900622074,0.9677610082351633,1.0,0.022263171355498768,0.9684601023017902,1.0,0.03225806451612903,0.03225806451612903,0.03225806451612903,0.03225806451612903,0.03225806451612903,9.06054018995702,-0.6669324976473735,0.6374880453705404,0.03012058988396942
79.2,0.6669823717737149,0.6377659994890208,0.6669797395642444,0.0002163659081715595,12.788181016785696,0.153,5.794630040371415,6.0,0.024999999999999998,0.0558955408491958,0.9803921568627451,12.755319989780416,12.788181016785696,12.833232984679649,1e-12,0.0015221414869543224,0.04717180062250802,0.00010000011857921843,0.9677451612941477,1.0,0.0005912552900622074,0.9677610082351633,1.0,0.022263171355498768,0.9684601023017902,1.0,0.03225806451612903,0.03225806451612903,0.03225806451612903,0.03225806451612903,0.03225806451612903,9.065779926785922,-0.6669797395642444,0.6377659994890208,0.0300046112264981
79.4,0.6670292316315747,0.6380417818799653,0.6670266091569612,0.00021583988580027097,12.794001369393461,0.153,5.794647272384354,6.0,0.024999999999999998,0.055895454801424764,0.9803921568627451,12.760835637599305,12.794001369393461,12.838718932358228,1e-12,0.0015199792120371076,0.04710484406148399,0.00010000011857921843,0.9677451612941477,1.0,0.0005912552900622074,0.9677610082351633,1.0,0.022263171355498768,0.9684601023017902,1.0,0.03225806451612903,0.03225806451612903,0.03225806451612903,0.03225806451612903,0.03225806451612903,9.070978723498257,-0.6670266091569612,0.6380417818799653,0.029889508454298424
79.60000000000001,0.6670757221607018,0.6383154093784799,0.6670731093215945,0.00021531579041697438,12.799776116294565,0.153,5.794664369865614,6.0,0.024999999999999998,0.05589536944201059,0.9803921568627451,12.766308187569596,12.799776116294565,12.844161877794976,1e-12,0.0015178339915089352,0.04703841525486493,0.00010000011857921843,0.9677451612941477,1.0,0.0005912552900622074,0.9677610082351633,1.0,0.022263171355498768,0.9684601023017902,1.0,0.03225806451612903,0.03225806451612903,0.03225806451612903,0.03225806451612903,0.03225806451612903,9.076136897470619,-0.6670731093215945,0.6383154093784799,0.0297752752573312
79.80000000000001,0.6671218462339923,0.6385868986909004,0.6671192429321428,0.00021479360228282695,12.805505613216598,0.153,5.794681333856343,6.0,0.024999999999999998,0.05589528476536239,0.9803921568627451,12.771737973818006,12.805505613216598,12.84956215662948,1e-12,0.0015157056924631998,0.04697251009693891,0.00010000011857921843,0.9677451612941477,1.0,0.0005912552900622074,0.9677610082351633,1.0,0.022263171355498768,0.9684601023017902,1.0,0.03225806451612903,0.03225806451612903,0.03225806451612903,0.03225806451612903,0.03225806451612903,9.08125476365182,-0.6671192429321428,0.6385868986909004,0.029661905366247028
80.0,0.6671676067024546,0.6388562663957567,0.6671650128407131,0.0002142733018772962,12.811190213131061,0.153,5.794698165389751,6.0,0.024999999999999998,0.05589520076593609,0.9803921568627451,12.777125327915133,12.811190213131061,12.854920101897624,1e-12,0.0015135941830107572,0.046907124513267014,0.00010000011857921843,0.9677451612941477,1.0,0.0005912552900622074,0.9677610082351633,1.0,0.022263171355498768,0.9684601023017902,1.0,0.03225806451612903,0.03225806451612903,0.03225806451612903,0.03225806451612903,0.03225806451612903,9.086332634581105,-0.6671650128407131,0.6388562663957567,0.029549392552196494
80.2,0.6672130063953836,0.639123528944729,0.6672104218777002,0.0002137548698954042,12.816830266274502,0.153,5.794714865491172,6.0,0.024999999999999998,0.05589511743823409,0.9803921568627451,12.782470578894578,12.816830266274502,12.860236044051621,1e-12,0.0015114993322715047,0.046842254460428175,0.00010000011857921843,0.9677451612941477,1.0,0.0005912552900622074,0.9677610082351633,1.0,0.022263171355498768,0.9684601023017902,1.0,0.03225806451612903,0.03225806451612903,0.03225806451612903,0.03225806451612903,0.03225806451612903,9.091370820406143,-0.6672104218777002,0.639123528944729,0.029437730626651396
80.4,0.6672580481205512,0.6393887026635978,0.6672554728519621,0.00021323828724502218,12.82242612016941,0.153,5.794731435178123,6.0,0.024999999999999998,0.05589503477680476,0.9803921568627451,12.787774053271956,12.822426120169412,12.865510310979854,1e-12,0.0015094210103661098,0.04677789592576841,0.00010000011857921843,0.9677451612941477,1.0,0.0005912552900622074,0.9677610082351633,1.0,0.022263171355498768,0.9684601023017902,1.0,0.03225806451612903,0.03225806451612903,0.03225806451612903,0.03225806451612903,0.03225806451612903,9.096369628900986,-0.6672554728519621,0.6393887026635978,0.029326913441211997
80.60000000000001,0.6673027346644117,0.6396518037531881,0.6673001685509928,0.00021272353504420827,12.82797811964509,0.153,5.794747875460359,6.0,0.024999999999999998,0.0558949527762421,0.9803921568627451,12.79303607506376,12.82797811964509,12.870743228026607,1e-12,0.001507359088407836,0.04671404492715303,0.00010000011857921843,0.9677451612941477,1.0,0.0005912552900622074,0.9677610082351633,1.0,0.022263171355498768,0.9684601023017902,1.0,0.03225806451612903,0.03225806451612903,0.03225806451612903,0.03225806451612903,0.03225806451612903,9.101329365483837,-0.6673001685509928,0.6396518037531881,0.02921693488742015
80.80000000000001,0.6673470687922224,0.639912848290304,0.6673445117410944,0.000212210594618589,12.833486606858253,0.153,5.79476418733994,6.0,0.024999999999999998,0.05589487143118532,0.9803921568627451,12.798256965806079,12.833486606858253,12.875935118011629,1e-12,0.001505313438494484,0.04665069751272222,0.00010000011857921843,0.9677451612941477,1.0,0.0005912552900622074,0.9677610082351633,1.0,0.022263171355498768,0.9684601023017902,1.0,0.03225806451612903,0.03225806451612903,0.03225806451612903,0.03225806451612903,0.03225806451612903,9.106250333234698,-0.6673445117410944,0.639912848290304,0.029107788896577266
81.0,0.6673910532482101,0.6401718522286601,0.6673885051675446,0.00021169944749878714,12.838951921313518,0.153,5.794780371811272,6.0,0.024999999999999998,0.05589479073631839,0.9803921568627451,12.8034370445732,12.83895192131352,12.881086301249562,1e-12,0.0015032839337004663,0.046587849760650606,0.00010000011857921843,0.9677451612941477,1.0,0.0005912552900622074,0.9677610082351633,1.0,0.022263171355498768,0.9684601023017902,1.0,0.03225806451612903,0.03225806451612903,0.03225806451612903,0.03225806451612903,0.03225806451612903,9.111132832912913,-0.6673885051675446,0.6401718522286601,0.028999469439550403
81.2,0.6674346907557499,0.6404288313998029,0.6674321515547635,0.00021119007541788826,12.844374399883762,0.153,5.794796429861181,6.0,0.024999999999999998,0.05589471068636973,0.9803921568627451,12.808576627996057,12.844374399883762,12.8861970955692,1e-12,0.001501270448068962,0.04652549777890926,0.00010000011857921843,0.9677451612941477,1.0,0.0005912552900622074,0.9677610082351633,1.0,0.022263171355498768,0.9684601023017902,1.0,0.03225806451612903,0.03225806451612903,0.03225806451612903,0.03225806451612903,0.03225806451612903,9.115977162974561,-0.6674321515547635,0.6404288313998029,0.028891970526586565
81.4,0.6674779840175677,0.6406838015140278,0.667475453606478,0.00021068246030895175,12.849754376830314,0.153,5.794812362468959,6.0,0.024999999999999998,0.055894631276111745,0.9803921568627451,12.813676030280556,12.849754376830315,12.891267816332634,1e-12,0.0014992728566041974,0.04646363770503141,0.00010000011857921843,0.9677451612941477,1.0,0.0005912552900622074,0.9677610082351633,1.0,0.022263171355498768,0.9684601023017902,1.0,0.03225806451612903,0.03225806451612903,0.03225806451612903,0.03225806451612903,0.03225806451612903,9.120783619589732,-0.667475453606478,0.6406838015140278,0.028785286207125824
81.60000000000001,0.6675209357158817,0.6409367781612882,0.6675184140058833,0.00021017658430255975,12.85509218382298,0.153,5.794828170606423,6.0,0.024999999999999998,0.05589455250036046,0.9803921568627451,12.818735563225765,12.85509218382298,12.89629877645424,1e-12,0.0014972910352638177,0.04640226570588088,0.00010000011857921843,0.9677451612941477,1.0,0.0005912552900622074,0.9677610082351633,1.0,0.022263171355498768,0.9684601023017902,1.0,0.03225806451612903,0.03225806451612903,0.03225806451612903,0.03225806451612903,0.03225806451612903,9.125552496659674,-0.6675184140058833,0.6409367781612882,0.02867941056961185
81.80000000000001,0.6675635485125102,0.641187776812099,0.6675610354158036,0.0002096724297244051,12.860388149959928,0.153,5.79484385523797,6.0,0.024999999999999998,0.055894474353975154,0.9803921568627451,12.823755536241979,12.860388149959928,12.901290286419492,1e-12,0.0014953248609513576,0.04634137797742343,0.00010000011857921843,0.9677451612941477,1.0,0.0005912552900622074,0.9677610082351633,1.0,0.022263171355498768,0.9684601023017902,1.0,0.03225806451612903,0.03225806451612903,0.03225806451612903,0.03225806451612903,0.03225806451612903,9.13028408583383,-0.6675610354158036,0.641187776812099,0.02857433774129522
82.0,0.6676058250490596,0.6414368128184319,0.6676033204788491,0.00020916997909292006,12.86564260178745,0.153,5.794859417320635,6.0,0.024999999999999998,0.05589439683185794,0.9803921568627451,12.828736256368638,12.86564260178745,12.90624265430371,1e-12,0.001493374211508817,0.04628097074450133,0.00010000011857921843,0.9677451612941477,1.0,0.0005912552900622074,0.9677610082351633,1.0,0.022263171355498768,0.9684601023017902,1.0,0.03225806451612903,0.03225806451612903,0.03225806451612903,0.03225806451612903,0.03225806451612903,9.134978676526728,-0.6676033204788491,0.6414368128184319,0.02847006188805896
82.2,0.6676477679471028,0.6416839014146065,0.6676452718175728,0.00020866921511693913,12.870855863319553,0.153,5.79487485780414,6.0,0.024999999999999998,0.055894319928953426,0.9803921568627451,12.833678028292129,12.870855863319553,12.911156185790576,1e-12,0.0014914389657093143,0.046221040260610156,0.00010000011857921843,0.9677451612941477,1.0,0.0005912552900622074,0.9677610082351633,1.0,0.022263171355498768,0.9684601023017902,1.0,0.03225806451612903,0.03225806451612903,0.03225806451612903,0.03225806451612903,0.03225806451612903,9.139636555934764,-0.6676452718175728,0.6416839014146065,0.028366577214212634
82.4,0.6676893798083675,0.6419290577181729,0.6676868920346248,0.0002081701206934008,12.876028256057388,0.153,5.794890177630955,6.0,0.024999999999999998,0.055894243640248316,0.9803921568627451,12.838581154363457,12.876028256057388,12.91603118419058,1e-12,0.0014895190032498413,0.04616158280767864,0.00010000011857921843,0.9677451612941477,1.0,0.0005912552900622074,0.9677610082351633,1.0,0.022263171355498768,0.9684601023017902,1.0,0.03225806451612903,0.03225806451612903,0.03225806451612903,0.03225806451612903,0.03225806451612903,9.14425800905287,-0.6676868920346248,0.6419290577181729,0.02826387796231577
82.60000000000001,0.6677306635385098,0.6421722967307901,0.6677281837129044,0.00020767267889755756,12.881160099008587,0.153,5.794905377736349,6.0,0.024999999999999998,0.05589416796077104,0.9803921568627451,12.843445934615803,12.881160099008587,12.920867950459307,1e-12,0.0014876142047443727,0.046102594695850714,0.00010000011857921843,0.9677451612941477,1.0,0.0005912552900622074,0.9677610082351633,1.0,0.022263171355498768,0.9684601023017902,1.0,0.03225806451612903,0.03225806451612903,0.03225806451612903,0.03225806451612903,0.03225806451612903,9.148843318691053,-0.6677281837129044,0.6421722967307901,0.028161958412985442
82.80000000000001,0.66777162149117,0.6424136333390975,0.6677691494157107,0.00020717687297464605,12.8862517087064,0.153,5.794920459048442,6.0,0.024999999999999998,0.05589409288559142,0.9803921568627451,12.848272666781948,12.886251708706402,12.925666783215604,1e-12,0.0014857244517160408,0.046044072263270244,0.00010000011857921843,0.9677451612941477,1.0,0.0005912552900622074,0.9677610082351633,1.0,0.022263171355498768,0.9684601023017902,1.0,0.03225806451612903,0.03225806451612903,0.03225806451612903,0.03225806451612903,0.03225806451612903,9.153392765490839,-0.6677691494157107,0.6424136333390975,0.028060812884710216
83.0,0.6678122560889133,0.642653082315579,0.6678097916868921,0.0002066826863332048,12.891303399228738,0.153,5.794935422488262,6.0,0.024999999999999998,0.05589401840982024,0.9803921568627451,12.85306164631158,12.891303399228738,12.930427978759571,1e-12,0.0014838496265906814,0.045986011875868246,0.00010000011857921843,0.9677451612941477,1.0,0.0005912552900622074,0.9677610082351633,1.0,0.022263171355498768,0.9684601023017902,1.0,0.03225806451612903,0.03225806451612903,0.03225806451612903,0.03225806451612903,0.03225806451612903,9.157906627941573,-0.6678097916868921,0.642653082315579,0.027960435733657356
83.2,0.6678525698555297,0.6428906583194219,0.6678501130509934,0.00020619010253544292,12.896315482217048,0.153,5.794950268969796,6.0,0.024999999999999998,0.055893944528608935,0.9803921568627451,12.857813166388437,12.896315482217048,12.935151831090462,1e-12,0.0014819896126899341,0.04592840992715229,0.00010000011857921843,0.9677451612941477,1.0,0.0005912552900622074,0.9677610082351633,1.0,0.022263171355498768,0.9684601023017902,1.0,0.03225806451612903,0.03225806451612903,0.03225806451612903,0.03225806451612903,0.03225806451612903,9.162385182396594,-0.6678501130509934,0.6428906583194219,0.027860821353494058
83.4,0.6678925652956815,0.6431263758973692,0.667890116013401,0.00020569910528704492,12.901288266895026,0.153,5.794964999400043,6.0,0.024999999999999998,0.05589387123714927,0.9803921568627451,12.862527517947383,12.901288266895028,12.939838631924408,1e-12,0.0014801442942243045,0.045871262837998576,0.00010000011857921843,0.9677451612941477,1.0,0.0005912552900622074,0.9677610082351633,1.0,0.022263171355498768,0.9684601023017902,1.0,0.03225806451612903,0.03225806451612903,0.03225806451612903,0.03225806451612903,0.03225806451612903,9.166828703089333,-0.667890116013401,0.6431263758973692,0.027761964175185186
83.60000000000001,0.6679322448948647,0.6433602494845653,0.6679298030604878,0.00020520967842768592,12.906222060087252,0.153,5.794979614679067,6.0,0.024999999999999998,0.055893798530672875,0.9803921568627451,12.867204989691304,12.906222060087252,12.944488670712033,1e-12,0.0014783135562863967,0.04581456705644603,0.00010000011857921843,0.9677451612941477,1.0,0.0005912552900622074,0.9677610082351633,1.0,0.022263171355498768,0.9684601023017902,1.0,0.03225806451612903,0.03225806451612903,0.03225806451612903,0.03225806451612903,0.03225806451612903,9.171237462149236,-0.6679298030604878,0.6433602494845653,0.02766385866681521
83.80000000000001,0.6679716111195991,0.6435922934053959,0.6679691766597552,0.00020472180592213306,12.911117166237617,0.153,5.794994115700044,6.0,0.024999999999999998,0.05589372640445102,0.9803921568627451,12.871845868107917,12.911117166237617,12.94910223465592,1e-12,0.0014764972848442183,0.045758319057492475,0.00010000011857921843,0.9677451612941477,1.0,0.0005912552900622074,0.9677610082351633,1.0,0.022263171355498768,0.9684601023017902,1.0,0.03225806451612903,0.03225806451612903,0.03225806451612903,0.03225806451612903,0.03225806451612903,9.175611729617616,-0.6679691766597552,0.6435922934053959,0.02756649933338885
84.0,0.6680106664178362,0.6438225218743217,0.6680082392599748,0.00020423547185159074,12.91597388742765,0.153,5.795008503349324,6.0,0.024999999999999998,0.05589365485379418,0.9803921568627451,12.876450437486431,12.91597388742765,12.953679608727946,1e-12,0.0014746953667345616,0.04570251534289317,0.00010000011857921843,0.9677451612941477,1.0,0.0005912552900622074,0.9677610082351633,1.0,0.022263171355498768,0.9684601023017902,1.0,0.03225806451612903,0.03225806451612903,0.03225806451612903,0.03225806451612903,0.03225806451612903,9.179951773463353,-0.6680082392599748,0.6438225218743217,0.02746988071664717
84.2,0.6680494132192185,0.6440509489967053,0.6680469932913268,0.00020375066040513462,12.9207925233947,0.153,5.7950227785064685,6.0,0.024999999999999998,0.055893583874051724,0.9803921568627451,12.881018979934106,12.9207925233947,12.95822107568649,1e-12,0.0014729076896564644,0.045647152440961666,0.00010000011857921843,0.9677451612941477,1.0,0.0005912552900622074,0.9677610082351633,1.0,0.022263171355498768,0.9684601023017902,1.0,0.03225806451612903,0.03225806451612903,0.03225806451612903,0.03225806451612903,0.03225806451612903,9.184257859598521,-0.6680469932913268,0.6440509489967053,0.027373997394871532
84.4,0.6680878539348747,0.6442775887696337,0.6680854411655397,0.00020326735587123412,12.92557337154998,0.153,5.795036942044312,6.0,0.024999999999999998,0.05589351346061158,0.9803921568627451,12.885551775392672,12.925573371549982,12.962726916093494,1e-12,0.0014711341421647128,0.045592226906371866,0.00010000011857921843,0.9677451612941477,1.0,0.0005912552900622074,0.9677610082351633,1.0,0.022263171355498768,0.9684601023017902,1.0,0.03225806451612903,0.03225806451612903,0.03225806451612903,0.03225806451612903,0.03225806451612903,9.18853025189385,-0.6680854411655397,0.6442775887696337,0.02727884398269565
84.60000000000001,0.6681259909571726,0.6445024550827314,0.668123585276026,0.000202785542629412,12.930316726996447,0.153,5.795050994829008,6.0,0.024999999999999998,0.055893443608899904,0.9803921568627451,12.890049101654627,12.930316726996448,12.96719740833142,1e-12,0.0014693746136634348,0.04553773531996289,0.00010000011857921843,0.9677451612941477,1.0,0.0005912552900622074,0.9677610082351633,1.0,0.022263171355498768,0.9684601023017902,1.0,0.03225806451612903,0.03225806451612903,0.03225806451612903,0.03225806451612903,0.03225806451612903,9.192769212194104,-0.668123585276026,0.6445024550827314,0.027184415130916857
84.80000000000001,0.6681638266600891,0.6447255617189728,0.6681614279980181,0.00020230520514206182,12.935022882546614,0.153,5.795064937720079,6.0,0.024999999999999998,0.05589337431438073,0.9803921568627451,12.894511234379454,12.935022882546614,12.97163282862006,1e-12,0.0014676289943997471,0.045483674288545495,0.00010000011857921843,0.9677451612941477,1.0,0.0005912552900622074,0.9677610082351633,1.0,0.022263171355498768,0.9684601023017902,1.0,0.03225806451612903,0.03225806451612903,0.03225806451612903,0.03225806451612903,0.03225806451612903,9.196975000333367,-0.6681614279980181,0.6447255617189728,0.027090705526302307
85.0,0.6682013634001046,0.6449469223554836,0.6681989716887028,0.00020182632794642864,12.939692128740145,0.153,5.795078771570468,6.0,0.024999999999999998,0.055893305572555625,0.9803921568627451,12.89893844710967,12.939692128740145,12.976033451033203,1e-12,0.001465897175457465,0.04543004044471027,0.00010000011857921843,0.9677451612941477,1.0,0.0005912552900622074,0.9677610082351633,1.0,0.022263171355498768,0.9684601023017902,1.0,0.03225806451612903,0.03225806451612903,0.03225806451612903,0.03225806451612903,0.03225806451612903,9.20114787415017,-0.6681989716887028,0.6449469223554836,0.026997709891396205
85.2,0.6682386035165432,0.6451665505643388,0.6682362186873536,0.00020134889564675087,12.944324753861379,0.153,5.795092497226582,6.0,0.024999999999999998,0.055893237378963415,0.9803921568627451,12.903331011286776,12.944324753861379,12.980399547515228,1e-12,0.0014641790487508702,0.04537683044663762,0.00010000011857921843,0.9677451612941477,1.0,0.0005912552900622074,0.9677610082351633,1.0,0.022263171355498768,0.9684601023017902,1.0,0.03225806451612903,0.03225806451612903,0.03225806451612903,0.03225806451612903,0.03225806451612903,9.20528808950253,-0.6682362186873536,0.6451665505643388,0.026905422984341437
85.4,0.6682755493306578,0.645384459813355,0.6682731713154629,0.00020087289290656663,12.948921043956696,0.153,5.79510611552835,6.0,0.024999999999999998,0.05589316972917982,0.9803921568627451,12.9076891962671,12.948921043956698,12.98473138789749,1e-12,0.001462474507018551,0.045324040977910034,0.00010000011857921843,0.9677451612941477,1.0,0.0005912552900622074,0.9677610082351633,1.0,0.022263171355498768,0.9684601023017902,1.0,0.03225806451612903,0.03225806451612903,0.03225806451612903,0.03225806451612903,0.03225806451612903,9.209395900282878,-0.6682731713154629,0.645384459813355,0.02681383959867063
85.60000000000001,0.6683122031446604,0.6456006634668762,0.6683098318768721,0.00020039830444119278,12.953481282851758,0.153,5.7951196273092656,6.0,0.024999999999999998,0.05589310261881712,0.9803921568627451,12.912013269337523,12.95348128285176,12.989029239914663,1e-12,0.0014607834438172854,0.04527166874732546,0.00010000011857921843,0.9677451612941477,1.0,0.0005912552900622074,0.9677610082351633,1.0,0.022263171355498768,0.9684601023017902,1.0,0.03225806451612903,0.03225806451612903,0.03225806451612903,0.03225806451612903,0.03225806451612903,9.213471558432914,-0.6683098318768721,0.6456006634668762,0.02672295456312961
85.80000000000001,0.6683485672425407,0.645815174786553,0.6683462026579012,0.00019992511501039608,12.958005752168605,0.153,5.795133033396435,6.0,0.024999999999999998,0.0558930360435239,0.9803921568627451,12.91630349573106,12.958005752168605,12.993293369220913,1e-12,0.0014591057535159812,0.04521971048871242,0.00010000011857921843,0.9677451612941477,1.0,0.0005912552900622074,0.9677610082351633,1.0,0.022263171355498768,0.9684601023017902,1.0,0.03225806451612903,0.03225806451612903,0.03225806451612903,0.03225806451612903,0.03225806451612903,9.21751531395825,-0.6683462026579012,0.645815174786553,0.026632762741491973
86.0,0.6683846438925658,0.6460280069321189,0.6683822859274768,0.00019945330941126645,12.962494731342622,0.153,5.795146334610627,6.0,0.024999999999999998,0.05589296999898466,0.9803921568627451,12.920560138642378,12.962494731342623,12.99752403940593,1e-12,0.0014574413312896906,0.045168162960747334,0.00010000011857921843,0.9677451612941477,1.0,0.0005912552900622074,0.9677610082351633,1.0,0.022263171355498768,0.9684601023017902,1.0,0.03225806451612903,0.03225806451612903,0.03225806451612903,0.03225806451612903,0.03225806451612903,9.221527414943086,-0.6683822859274768,0.6460280069321189,0.026543259032348422
86.2,0.6684204353483484,0.6462391729621575,0.6684180839372589,0.00019898287247128158,12.966948497639429,0.153,5.795159531766321,6.0,0.024999999999999998,0.05589290448091956,0.9803921568627451,12.924783459243148,12.966948497639429,13.001721512010896,1e-12,0.0014557900731136638,0.045117022946772965,0.00010000011857921843,0.9677451612941477,1.0,0.0005912552900622074,0.9677610082351633,1.0,0.022263171355498768,0.9684601023017902,1.0,0.03225806451612903,0.03225806451612903,0.03225806451612903,0.03225806451612903,0.03225806451612903,9.225508107564655,-0.6684180839372589,0.6462391729621575,0.02645443836893964
86.4,0.6684559438459647,0.6464486858348661,0.6684535989217671,0.00019851378904156265,12.971367326171558,0.153,5.795172625671749,6.0,0.024999999999999998,0.055892839485084084,0.9803921568627451,12.928973716697321,12.971367326171558,13.005886046544271,1e-12,0.0014541518757574473,0.04506628725461837,0.00010000011857921843,0.9677451612941477,1.0,0.0005912552900622074,0.9677610082351633,1.0,0.022263171355498768,0.9684601023017902,1.0,0.03225806451612903,0.03225806451612903,0.03225806451612903,0.03225806451612903,0.03225806451612903,9.229457636107629,-0.6684535989217671,0.6464486858348661,0.026366295718953745
86.60000000000001,0.6684911715998396,0.6466565584088135,0.6684888330985054,0.00019804604399034601,12.975751489915059,0.153,5.795185617128953,6.0,0.024999999999999998,0.05589277500726874,0.9803921568627451,12.93313116817627,12.975751489915059,13.010017900497502,1e-12,0.0014525266367790479,0.04501595271642073,0.00010000011857921843,0.9677451612941477,1.0,0.0005912552900622074,0.9677610082351633,1.0,0.022263171355498768,0.9684601023017902,1.0,0.03225806451612903,0.03225806451612903,0.03225806451612903,0.03225806451612903,0.03225806451612903,9.233376242978395,-0.6684888330985054,0.6466565584088135,0.026278826084343742
86.80000000000001,0.6685261208037524,0.6468628034436923,0.668523788668086,0.00019757962219670667,12.980101259725963,0.153,5.7951985069338185,6.0,0.024999999999999998,0.05589271104329876,0.9803921568627451,12.937256068873845,12.980101259725965,13.014117329360584,1e-12,0.0014509142545191412,0.044966016188448525,0.00010000011857921843,0.9677451612941477,1.0,0.0005912552900622074,0.9677610082351633,1.0,0.022263171355498768,0.9684601023017902,1.0,0.03225806451612903,0.03225806451612903,0.03225806451612903,0.03225806451612903,0.03225806451612903,9.237264168719264,-0.668523788668086,0.6468628034436923,0.026192024501133383
87.0,0.6685607936387672,0.647067433601064,0.6685584678143517,0.0001971145085445524,12.984416904356639,0.153,5.79521129587613,6.0,0.024999999999999998,0.0558926475890338,0.9803921568627451,12.94134867202128,12.984416904356639,13.018184586637508,1e-12,0.0014493146280953409,0.0449164745509262,0.00010000011857921843,0.9677451612941477,1.0,0.0005912552900622074,0.9677610082351633,1.0,0.022263171355498768,0.9684601023017902,1.0,0.03225806451612903,0.03225806451612903,0.03225806451612903,0.03225806451612903,0.03225806451612903,9.241121652022493,-0.6685584678143517,0.647067433601064,0.026105886039232855
87.2,0.668595192279708,0.6472704614451015,0.6685928727044979,0.0001966506879168594,12.988698690471995,0.153,5.795223984739613,6.0,0.024999999999999998,0.05589258464036763,0.9803921568627451,12.945409228902028,12.988698690471995,13.022219923861606,1e-12,0.0014477276573965075,0.044867324707860166,0.00010000011857921843,0.9677451612941477,1.0,0.0005912552900622074,0.9677610082351633,1.0,0.022263171355498768,0.9684601023017902,1.0,0.03225806451612903,0.03225806451612903,0.03225806451612903,0.03225806451612903,0.03225806451612903,9.244948929744304,-0.6685928727044979,0.6472704614451015,0.026020405802248972
87.4,0.6686293188887338,0.6474718994433233,0.6686270054891935,0.0001961881451901108,12.992946882665569,0.153,5.795236574301982,6.0,0.024999999999999998,0.05589252219322785,0.9803921568627451,12.949437988866464,12.99294688266557,13.02622359061076,1e-12,0.0014461532430771005,0.04481856358686638,0.00010000011857921843,0.9677451612941477,1.0,0.0005912552900622074,0.9677610082351633,1.0,0.022263171355498768,0.9684601023017902,1.0,0.03225806451612903,0.03225806451612903,0.03225806451612903,0.03225806451612903,0.03225806451612903,9.248746236918718,-0.6686270054891935,0.6474718994433233,0.025935578927299065
87.60000000000001,0.668663175597998,0.6476717599673244,0.6686608683027004,0.00019572686522896057,12.997161743475502,0.153,5.79524906533498,6.0,0.024999999999999998,0.055892460243575616,0.9803921568627451,12.953435199346487,12.997161743475502,13.03019583452249,1e-12,0.0014445912865515733,0.04477018813899934,0.00010000011857921843,0.9677451612941477,1.0,0.0005912552900622074,0.9677610082351633,1.0,0.022263171355498768,0.9684601023017902,1.0,0.03225806451612903,0.03225806451612903,0.03225806451612903,0.03225806451612903,0.03225806451612903,9.252513806771342,-0.6686608683027004,0.6476717599673244,0.0258514005848186
87.80000000000001,0.6686967645020281,0.6478700552935014,0.6686944632629924,0.00019526683288122483,13.001343533400387,0.153,5.795261458604432,6.0,0.024999999999999998,0.05589239878740533,0.9803921568627451,12.957401105870026,13.001343533400389,13.034136901308955,1e-12,0.0014430416899888058,0.044722195338582175,0.00010000011857921843,0.9677451612941477,1.0,0.0005912552900622074,0.9677610082351633,1.0,0.022263171355498768,0.9684601023017902,1.0,0.03225806451612903,0.03225806451612903,0.03225806451612903,0.03225806451612903,0.03225806451612903,9.256251870733031,-0.6686944632629924,0.6478700552935014,0.025767865978376533
88.0,0.6687300876789141,0.6480667976037702,0.6687277924718731,0.00019480803297329994,13.005492510914998,0.153,5.795273754870281,6.0,0.024999999999999998,0.05589233782074434,0.9803921568627451,12.961335952075402,13.005492510915,13.038047034771814,1e-12,0.001441504356306618,0.04467458218303827,0.00010000011857921843,0.9677451612941477,1.0,0.0005912552900622074,0.9677610082351633,1.0,0.022263171355498768,0.9684601023017902,1.0,0.03225806451612903,0.03225806451612903,0.03225806451612903,0.03225806451612903,0.03225806451612903,9.25996065845343,-0.6687277924718731,0.6480667976037702,0.02568497034449543
88.2,0.6687631472272653,0.6482619989862817,0.668760858015093,0.00019435045030595648,13.009608932485893,0.153,5.795285954886636,6.0,0.024999999999999998,0.055892277339652685,0.9803921568627451,12.965239979725633,13.009608932485893,13.041926476816968,1e-12,0.0014399791891663374,0.04462734569272424,0.00010000011857921843,0.9677451612941477,1.0,0.0005912552900622074,0.9677610082351633,1.0,0.022263171355498768,0.9684601023017902,1.0,0.03225806451612903,0.03225806451612903,0.03225806451612903,0.03225806451612903,0.03225806451612903,9.263640397814465,-0.668760858015093,0.6482619989862817,0.02560270895245025
88.4,0.6687959452727195,0.6484556714361296,0.668793661962465,0.00019389406965031496,13.013693052586895,0.153,5.795298059401822,6.0,0.024999999999999998,0.055892217340222816,0.9803921568627451,12.969113428722592,13.013693052586897,13.045775467469213,1e-12,0.0014384660929673849,0.044580482910764205,0.00010000011857921843,0.9677451612941477,1.0,0.0005912552900622074,0.9677610082351633,1.0,0.022263171355498768,0.9684601023017902,1.0,0.03225806451612903,0.03225806451612903,0.03225806451612903,0.03225806451612903,0.03225806451612903,9.267291314943689,-0.668793661962465,0.6484556714361296,0.02552107710409364
88.60000000000001,0.6688284839122329,0.6486478268560546,0.6688262063679804,0.00019343887574387684,13.017745123714475,0.153,5.795310069158408,6.0,0.024999999999999998,0.05589215781857927,0.9803921568627451,12.97295653712109,13.017745123714475,13.04959424488676,1e-12,0.0014369649728418494,0.044533990902885096,0.00010000011857921843,0.9677451612941477,1.0,0.0005912552900622074,0.9677610082351633,1.0,0.022263171355498768,0.9684601023017902,1.0,0.03225806451612903,0.03225806451612903,0.03225806451612903,0.03225806451612903,0.03225806451612903,9.270913634227547,-0.6688262063679804,0.6486478268560546,0.025440070133665768
88.80000000000001,0.6688607651361143,0.6488384770571426,0.6688584932699226,0.0001929848532868096,13.021765396402998,0.153,5.795321984893265,6.0,0.024999999999999998,0.05589209877087846,0.9803921568627451,12.97676954114285,13.021765396402998,13.053383045375666,1e-12,0.0014354757346490897,0.04448786675725331,0.00010000011857921843,0.9677451612941477,1.0,0.0005912552900622074,0.9677610082351633,1.0,0.022263171355498768,0.9684601023017902,1.0,0.03225806451612903,0.03225806451612903,0.03225806451612903,0.03225806451612903,0.03225806451612903,9.274507578324572,-0.6688584932699226,0.6488384770571426,0.025359683407612202
89.0,0.6688927908290454,0.6490276337595178,0.6688905246909811,0.00019253198693894478,13.025754119239842,0.153,5.795333807337603,6.0,0.024999999999999998,0.055892040193308366,0.9803921568627451,12.980552675190355,13.025754119239842,13.057142103404116,1e-12,0.0014339982849704421,0.04444210758431267,0.00010000011857921843,0.9677451612941477,1.0,0.0005912552900622074,0.9677610082351633,1.0,0.022263171355498768,0.9684601023017902,1.0,0.03225806451612903,0.03225806451612903,0.03225806451612903,0.03225806451612903,0.03225806451612903,9.278073368178417,-0.6688905246909811,0.6490276337595178,0.02527991232439341
89.2,0.6689245629072359,0.6492153085930308,0.6689223026383634,0.00019208026131774738,13.029711538880441,0.153,5.795345537217012,6.0,0.024999999999999998,0.055891982082088267,0.9803921568627451,12.984306171860615,13.029711538880443,13.060871651616639,1e-12,0.0014325325311040748,0.04439671051662362,0.00010000011857921843,0.9677451612941477,1.0,0.0005912552900622074,0.9677610082351633,1.0,0.022263171355498768,0.9684601023017902,1.0,0.03225806451612903,0.03225806451612903,0.03225806451612903,0.03225806451612903,0.03225806451612903,9.28161122303085,-0.6689223026383634,0.6492153085930308,0.02520075231430486
89.4,0.6689560834918827,0.6494015130979411,0.6689538291039074,0.0001916296609968203,13.03363790006318,0.153,5.795357175251509,6.0,0.024999999999999998,0.05589192443346847,0.9803921568627451,12.988030261958823,13.03363790006318,13.064571920848163,1e-12,0.0014310783810599062,0.04435167270870356,0.00010000011857921843,0.9677451612941477,1.0,0.0005912552900622074,0.9677610082351633,1.0,0.022263171355498768,0.9684601023017902,1.0,0.03225806451612903,0.03225806451612903,0.03225806451612903,0.03225806451612903,0.03225806451612903,9.285121360434625,-0.6689538291039074,0.6494015130979411,0.02512219883928796
89.60000000000001,0.6689873548950357,0.6495862587255955,0.668985106064192,0.00019118017050397492,13.037533445624165,0.153,5.795368722155577,6.0,0.024999999999999998,0.05589186724373005,0.9803921568627451,12.99172517451191,13.037533445624165,13.068243140138014,1e-12,0.001429635743554418,0.044306991336868426,0.00010000011857921843,0.9677451612941477,1.0,0.0005912552900622074,0.9677610082351633,1.0,0.022263171355498768,0.9684601023017902,1.0,0.03225806451612903,0.03225806451612903,0.03225806451612903,0.03225806451612903,0.03225806451612903,9.288603996266243,-0.668985106064192,0.6495862587255955,0.025044247392749065
89.80000000000001,0.6690183792961957,0.6497695568391008,0.6690161354806475,0.0001907317743183604,13.041398416511932,0.153,5.795380178638203,6.0,0.024999999999999998,0.055891810509184583,0.9803921568627451,12.995391136782015,13.041398416511932,13.071885536743787,1e-12,0.0014282045280052584,0.044262663599074964,0.00010000011857921843,0.9677451612941477,1.0,0.0005912552900622074,0.9677610082351633,1.0,0.022263171355498768,0.9684601023017902,1.0,0.03225806451612903,0.03225806451612903,0.03225806451612903,0.03225806451612903,0.03225806451612903,9.292059344738682,-0.6690161354806475,0.6497695568391008,0.024966893499377772
90.0,0.6690491583304927,0.6499514187139934,0.669046919299665,0.00019028445686764624,13.045233051801977,0.153,5.795391545402928,6.0,0.024999999999999998,0.05589175422617392,0.9803921568627451,12.999028374279868,13.045233051801977,13.075499336155119,1e-12,0.0014267846445258207,0.0442186867147643,0.00010000011857921843,0.9677451612941477,1.0,0.0005912552900622074,0.9677610082351633,1.0,0.022263171355498768,0.9684601023017902,1.0,0.03225806451612903,0.03225806451612903,0.03225806451612903,0.03225806451612903,0.03225806451612903,9.29548761841399,-0.669046919299665,0.6499514187139934,0.02489013271496261
90.2,0.6690796930933035,0.6501318555389022,0.669077459452705,0.00018983820252747006,13.049037588711245,0.153,5.795402823147878,6.0,0.024999999999999998,0.05589169839106987,0.9803921568627451,13.002637110778043,13.049037588711245,13.079084762107355,1e-12,0.0014253760039201965,0.044175057924706974,0.00010000011857921843,0.9677451612941477,1.0,0.0005912552900622074,0.9677610082351633,1.0,0.022263171355498768,0.9684601023017902,1.0,0.03225806451612903,0.03225806451612903,0.03225806451612903,0.03225806451612903,0.03225806451612903,9.298889028215779,-0.669077459452705,0.6501318555389022,0.02481396062621593
90.4,0.6691099848751938,0.6503108784162037,0.6691077578564055,0.00018939299562450721,13.052812262612434,0.153,5.795414012565819,6.0,0.024999999999999998,0.05589164300027397,0.9803921568627451,13.006217568324073,13.052812262612436,13.082642036595065,1e-12,0.0014239785176787187,0.0441317744908491,0.00010000011857921843,0.9677451612941477,1.0,0.0005912552900622074,0.9677610082351633,1.0,0.022263171355498768,0.9684601023017902,1.0,0.03225806451612903,0.03225806451612903,0.03225806451612903,0.03225806451612903,0.03225806451612903,9.302263783441605,-0.6691077578564055,0.6503108784162037,0.024738372850584854
90.60000000000001,0.6691400361997122,0.6504884983626753,0.6691378164126879,0.00018894882044130174,13.056557307048246,0.153,5.7954251143441775,6.0,0.024999999999999998,0.05589158805021724,0.9803921568627451,13.009769967253506,13.056557307048246,13.086171379885435,1e-12,0.001422592097973774,0.044088833696160075,0.00010000011857921843,0.9677451612941477,1.0,0.0005912552900622074,0.9677610082351633,1.0,0.022263171355498768,0.9684601023017902,1.0,0.03225806451612903,0.03225806451612903,0.03225806451612903,0.03225806451612903,0.03225806451612903,9.305612091775256,-0.6691378164126879,0.6504884983626753,0.02466336503604899
90.80000000000001,0.6691698510210636,0.6506647263101423,0.6691676370088637,0.00018850566121792755,13.060272953745493,0.153,5.7954361291650995,6.0,0.024999999999999998,0.055891533537359935,0.9803921568627451,13.013294526202845,13.060272953745493,13.089673010531639,1e-12,0.001421216657654979,0.04404623284448045,0.00010000011857921843,0.9677451612941477,1.0,0.0005912552900622074,0.9677610082351633,1.0,0.022263171355498768,0.9684601023017902,1.0,0.03225806451612903,0.03225806451612903,0.03225806451612903,0.03225806451612903,0.03225806451612903,9.308934159298978,-0.6691676370088637,0.6506647263101423,0.02458893286095852
91.0,0.6691994331727539,0.6508395731061261,0.6691972215177407,0.00018806350214659365,13.063959432629119,0.153,5.79544705770548,6.0,0.024999999999999998,0.05589147945819127,0.9803921568627451,13.016791462122521,13.063959432629119,13.093147145386137,1e-12,0.0014198521102430515,0.044003969260370285,0.00010000011857921843,0.9677451612941477,1.0,0.0005912552900622074,0.9677610082351633,1.0,0.022263171355498768,0.9684601023017902,1.0,0.03225806451612903,0.03225806451612903,0.03225806451612903,0.03225806451612903,0.03225806451612903,9.312230190505668,-0.6691972215177407,0.6508395731061261,0.024515072033854703
91.2,0.6692287837022414,0.6510130495144871,0.6692265717977293,0.00018762232736195167,13.067616971836124,0.153,5.795457900637003,6.0,0.024999999999999998,0.05589142580922922,0.9803921568627451,13.020260990289742,13.067616971836124,13.096593999613926,1e-12,0.0014184983699228892,0.04396204028895812,0.00010000011857921843,0.9677451612941477,1.0,0.0005912552900622074,0.9677610082351633,1.0,0.022263171355498768,0.9684601023017902,1.0,0.03225806451612903,0.03225806451612903,0.03225806451612903,0.03225806451612903,0.03225806451612903,9.315500388311019,-0.6692265717977293,0.6510130495144871,0.024441778293323755
91.4,0.6692578995896713,0.6511851662160603,0.6692556896929457,0.0001871821209378255,13.071245797729356,0.153,5.795468658626189,6.0,0.024999999999999998,0.055891372587020205,0.9803921568627451,13.023703324321204,13.071245797729357,13.100013786705567,1e-12,0.0014171553515377729,0.04392044329579183,0.00010000011857921843,0.9677451612941477,1.0,0.0005912552900622074,0.9677610082351633,1.0,0.022263171355498768,0.9684601023017902,1.0,0.03225806451612903,0.03225806451612903,0.03225806451612903,0.03225806451612903,0.03225806451612903,9.318744954065489,-0.6692556896929457,0.6511851662160603,0.0243690474078063
91.60000000000001,0.6692867765096836,0.6513559338092763,0.6692845770333149,0.00018674286690175613,13.074846134911196,0.153,5.795479332334422,6.0,0.024999999999999998,0.05589131978813891,0.9803921568627451,13.027118676185525,13.074846134911196,13.103406718489989,1e-12,0.0014158229705867188,0.043879175666692985,0.00010000011857921843,0.9677451612941477,1.0,0.0005912552900622074,0.9677610082351633,1.0,0.022263171355498768,0.9684601023017902,1.0,0.03225806451612903,0.03225806451612903,0.03225806451612903,0.03225806451612903,0.03225806451612903,9.321964087566023,-0.6692845770333149,0.6513559338092763,0.024296875175394028
91.80000000000001,0.6693154154029326,0.6515253628107742,0.6693132356346707,0.00018630454926643026,13.078418206237119,0.153,5.795489922417996,6.0,0.024999999999999998,0.055891267409188025,0.9803921568627451,13.030507256215483,13.078418206237119,13.106773005147055,1e-12,0.0014145011432247008,0.04383823480761321,0.00010000011857921843,0.9677451612941477,1.0,0.0005912552900622074,0.9677610082351633,1.0,0.022263171355498768,0.9684601023017902,1.0,0.03225806451612903,0.03225806451612903,0.03225806451612903,0.03225806451612903,0.03225806451612903,9.325157987067595,-0.6693132356346707,0.6515253628107742,0.024225257423593976
92.0,0.6693438279557101,0.6516934636560135,0.6693416672988569,0.00018586715205724138,13.08196223282916,0.153,5.7955004295281505,6.0,0.024999999999999998,0.05589121544679802,0.9803921568627451,13.03386927312027,13.08196223282916,13.110112855220173,1e-12,0.0014131897862619698,0.04379761814449001,0.00010000011857921843,0.9677451612941477,1.0,0.0005912552900622074,0.9677610082351633,1.0,0.022263171355498768,0.9684601023017902,1.0,0.03225806451612903,0.03225806451612903,0.03225806451612903,0.03225806451612903,0.03225806451612903,9.328326849294744,-0.6693416672988569,0.6516934636560135,0.024154190009128086
92.2,0.6693720337487381,0.6518602466999045,0.6693698738138307,0.0001854306593052451,13.08547843408928,0.153,5.795510854311109,6.0,0.024999999999999998,0.05589116389762689,0.9803921568627451,13.037204933998089,13.08547843408928,13.113426475629213,1e-12,0.001411888817157027,0.04375732312309892,0.00010000011857921843,0.9677451612941477,1.0,0.0005912552900622074,0.9677610082351633,1.0,0.022263171355498768,0.9684601023017902,1.0,0.03225806451612903,0.03225806451612903,0.03225806451612903,0.03225806451612903,0.03225806451612903,9.331470869453483,-0.6693698738138307,0.6518602466999045,0.024083668817810967
92.4,0.6694000459969643,0.6520257222174486,0.6693978569537687,0.00018499505499215967,13.088967027712744,0.153,5.795521197408117,6.0,0.024999999999999998,0.05589111275835991,0.9803921568627451,13.040514444348972,13.088967027712744,13.116714071683692,1e-12,0.0014105981540010757,0.04371734720890171,0.00010000011857921843,0.9677451612941477,1.0,0.0005912552900622074,0.9677610082351633,1.0,0.022263171355498768,0.9684601023017902,1.0,0.03225806451612903,0.03225806451612903,0.03225806451612903,0.03225806451612903,0.03225806451612903,9.334590241243337,-0.6693978569537687,0.6520257222174486,0.024013689764517225
92.60000000000001,0.669427853236388,0.6521899004043747,0.6694256184791727,0.0001845603229779045,13.092428229701333,0.153,5.7955314594554865,6.0,0.024999999999999998,0.05589106202570944,0.9803921568627451,13.043798008087494,13.092428229701333,13.11997584709576,1e-12,0.0014093177154996927,0.04367768788689612,0.00010000011857921843,0.9677451612941477,1.0,0.0005912552900622074,0.9677610082351633,1.0,0.022263171355498768,0.9684601023017902,1.0,0.03225806451612903,0.03225806451612903,0.03225806451612903,0.03225806451612903,0.03225806451612903,9.337685156869375,-0.6694256184791727,0.6521899004043747,0.023944248793109125
92.80000000000001,0.6694553488795058,0.6523527914683321,0.6694531601522071,0.00018412586938995393,13.09586225494643,0.153,5.795541641090165,6.0,0.024999999999999998,0.055891011696387244,0.9803921568627451,13.047055829366641,13.09586225494643,13.123212005886256,1e-12,0.001408047420213698,0.043638342639703974,0.00010000011857921843,0.9677451612941477,1.0,0.0005912552900622074,0.9677610082351633,1.0,0.022263171355498768,0.9684601023017902,1.0,0.03225806451612903,0.03225806451612903,0.03225806451612903,0.03225806451612903,0.03225806451612903,9.340755808762001,-0.6694531601522071,0.6523527914683321,0.023875342282581154
93.0,0.6694826457566488,0.6525144054352247,0.6694804837042446,0.00018369163568029254,13.099269316131455,0.153,5.795551742938125,6.0,0.024999999999999998,0.05589096176716196,0.9803921568627451,13.050288108704493,13.099269316131457,13.126422748166142,1e-12,0.0014067871882877897,0.04359930899393619,0.00010000011857921843,0.9677451612941477,1.0,0.0005912552900622074,0.9677610082351633,1.0,0.022263171355498768,0.9684601023017902,1.0,0.03225806451612903,0.03225806451612903,0.03225806451612903,0.03225806451612903,0.03225806451612903,9.343802385923274,-0.6694804837042446,0.6525144054352247,0.023806966095163803
93.2,0.6695097576053994,0.6526747521554559,0.6695075908365518,0.00018325809449579641,13.102649623762106,0.153,5.795561765614126,6.0,0.024999999999999998,0.05589091223486012,0.9803921568627451,13.053495043109118,13.102649623762106,13.129608270744708,1e-12,0.0014055369411836527,0.04356058451921179,0.00010000011857921843,0.9677451612941477,1.0,0.0005912552900622074,0.9677610082351633,1.0,0.022263171355498768,0.9684601023017902,1.0,0.03225806451612903,0.03225806451612903,0.03225806451612903,0.03225806451612903,0.03225806451612903,9.346825074048327,-0.6695075908365518,0.6526747521554559,0.02373911579636823
93.4,0.669536643743397,0.6528338414848892,0.6695344832509793,0.0001828254898556029,13.106003386941278,0.153,5.7955717097331405,6.0,0.024999999999999998,0.05589086309630968,0.9803921568627451,13.056676829697784,13.106003386941278,13.132768770614076,1e-12,0.0014042966002979212,0.04352216678431516,0.00010000011857921843,0.9677451612941477,1.0,0.0005912552900622074,0.9677610082351633,1.0,0.022263171355498768,0.9684601023017902,1.0,0.03225806451612903,0.03225806451612903,0.03225806451612903,0.03225806451612903,0.03225806451612903,9.349824058935999,-0.6695344832509793,0.6528338414848892,0.02367178735595219
93.60000000000001,0.6695633186340968,0.6529916832606896,0.6695611626460348,0.00018239384578474,13.109330813365158,0.153,5.795581575909206,6.0,0.024999999999999998,0.05589081434834566,0.9803921568627451,13.059833665213791,13.109330813365158,13.135904444214571,1e-12,0.0014030660872236544,0.04348405336280739,0.00010000011857921843,0.9677451612941477,1.0,0.0005912552900622074,0.9677610082351633,1.0,0.022263171355498768,0.9684601023017902,1.0,0.03225806451612903,0.03225806451612903,0.03225806451612903,0.03225806451612903,0.03225806451612903,9.352799526031257,-0.6695611626460348,0.6529916832606896,0.023604976959761336
93.80000000000001,0.6695897822367975,0.653148287232852,0.6695876307051811,0.00018196311662970347,13.112632109180002,0.153,5.795591364750908,6.0,0.024999999999999998,0.055890765987832436,0.9803921568627451,13.062965744657038,13.112632109180003,13.139015486257353,1e-12,0.0014018453242388327,0.04344624184974122,0.00010000011857921843,0.9677451612941477,1.0,0.0005912552900622074,0.9677610082351633,1.0,0.022263171355498768,0.9684601023017902,1.0,0.03225806451612903,0.03225806451612903,0.03225806451612903,0.03225806451612903,0.03225806451612903,9.355751659135839,-0.6695876307051811,0.653148287232852,0.023538680806522255
94.0,0.6696160362115291,0.6533036630606825,0.6696138890962487,0.00018153326983063892,13.115907478912048,0.153,5.7956010768611295,6.0,0.024999999999999998,0.05589071801166488,0.9803921568627451,13.06607326121365,13.115907478912048,13.142102089661627,1e-12,0.0014006342343453266,0.04340872986250163,0.00010000011857921843,0.9677451612941477,1.0,0.0005912552900622074,0.9677610082351633,1.0,0.022263171355498768,0.9684601023017902,1.0,0.03225806451612903,0.03225806451612903,0.03225806451612903,0.03225806451612903,0.03225806451612903,9.358680640342103,-0.6696138890962487,0.6533036630606825,0.023472895076957167
94.2,0.6696420822166084,0.6534578203262847,0.6696399394737307,0.00018110429438149167,13.119157125473315,0.153,5.795610712837963,6.0,0.024999999999999998,0.05589067041676392,0.9803921568627451,13.069156406525694,13.119157125473315,13.145164445783806,1e-12,0.0013994327411617864,0.043371515037527585,0.00010000011857921843,0.9677451612941477,1.0,0.0005912552900622074,0.9677610082351633,1.0,0.022263171355498768,0.9684601023017902,1.0,0.03225806451612903,0.03225806451612903,0.03225806451612903,0.03225806451612903,0.03225806451612903,9.361586650286899,-0.6696399394737307,0.6534578203262847,0.023407615953708303
94.4,0.6696679218924052,0.6536107685386452,0.6696657834794676,0.00018067618643600005,13.122381250189358,0.153,5.795620273274947,6.0,0.024999999999999998,0.0558906232000752,0.9803921568627451,13.072215370772902,13.122381250189358,13.148202744505047,1e-12,0.00139824076889195,0.0433345950293319,0.00010000011857921843,0.9677451612941477,1.0,0.0005912552900622074,0.9677610082351633,1.0,0.022263171355498768,0.9684601023017902,1.0,0.03225806451612903,0.03225806451612903,0.03225806451612903,0.03225806451612903,0.03225806451612903,9.364469868228596,-0.6696657834794676,0.6536107685386452,0.02334283963748135
94.60000000000001,0.6696935568677029,0.6537625171334146,0.6696914227426084,0.00018024894049307078,13.125580052820277,0.153,5.795629758761051,6.0,0.024999999999999998,0.05589057635856922,0.9803921568627451,13.07525034266829,13.125580052820277,13.151217174232576,1e-12,0.0013970582423264895,0.04329796751055941,0.00010000011857921843,0.9677451612941477,1.0,0.0005912552900622074,0.9677610082351633,1.0,0.022263171355498768,0.9684601023017902,1.0,0.03225806451612903,0.03225806451612903,0.03225806451612903,0.03225806451612903,0.03225806451612903,9.367330472043069,-0.6696914227426084,0.6537625171334146,0.023278562354628572
94.80000000000001,0.6697189887585488,0.6539130754729343,0.6697168588796125,0.0001798225485476127,13.128753731573543,0.153,5.795639169880679,6.0,0.024999999999999998,0.05589052988924123,0.9803921568627451,13.078261509458684,13.128753731573545,13.15420792189923,1e-12,0.0013958850868428232,0.04326163017198206,0.00010000011857921843,0.9677451612941477,1.0,0.0005912552900622074,0.9677610082351633,1.0,0.022263171355498768,0.9684601023017902,1.0,0.03225806451612903,0.03225806451612903,0.03225806451612903,0.03225806451612903,0.03225806451612903,9.370168638224136,-0.6697168588796125,0.6539130754729343,0.023214780359255657
95.0,0.6697442191683862,0.6540624528468297,0.6697420934943502,0.00017939700179430313,13.13190248311424,0.153,5.7956485072137,6.0,0.024999999999999998,0.055890483789111066,0.9803921568627451,13.081249056936594,13.13190248311424,13.157175172974954,1e-12,0.0013947212284004932,0.04322558072235683,0.00010000011857921843,0.9677451612941477,1.0,0.0005912552900622074,0.9677610082351633,1.0,0.022263171355498768,0.9684601023017902,1.0,0.03225806451612903,0.03225806451612903,0.03225806451612903,0.03225806451612903,0.03225806451612903,9.372984541894763,-0.6697420934943502,0.6540624528468297,0.02315148993176686
95.2,0.6697692496881883,0.654210658472721,0.6697671281782208,0.00017897229168369015,13.135026502575963,0.153,5.7956577713355,6.0,0.024999999999999998,0.05589043805522283,0.9803921568627451,13.084213169454419,13.135026502575963,13.16011911148131,1e-12,0.001393566593535657,0.04318981688825598,0.00010000011857921843,0.9677451612941477,1.0,0.0005912552900622074,0.9677610082351633,1.0,0.022263171355498768,0.9684601023017902,1.0,0.03225806451612903,0.03225806451612903,0.03225806451612903,0.03225806451612903,0.03225806451612903,9.375778356820462,-0.6697671281782208,0.654210658472721,0.02308868737723097
95.4,0.6697940818965693,0.6543577014968531,0.6697919645102584,0.00017854841004414832,13.138125983572602,0.153,5.795666962817019,6.0,0.024999999999999998,0.055890392684644706,0.9803921568627451,13.08715402993706,13.138125983572602,13.163039920004362,1e-12,0.0013924211093561945,0.0431543364139165,0.00010000011857921843,0.9677451612941477,1.0,0.0005912552900622074,0.9677610082351633,1.0,0.022263171355498768,0.9684601023017902,1.0,0.03225806451612903,0.03225806451612903,0.03225806451612903,0.03225806451612903,0.03225806451612903,9.378550255421175,-0.6697919645102584,0.6543577014968531,0.023026369025464642
95.60000000000001,0.6698187173598781,0.654503590994659,0.669816604057226,0.00017812534889216197,13.141201118210263,0.153,5.795676082224782,6.0,0.024999999999999998,0.05589034767446873,0.9803921568627451,13.09007181989318,13.141201118210265,13.165937779706145,1e-12,0.0013912847035373395,0.04311913706110567,0.00010000011857921843,0.9677451612941477,1.0,0.0005912552900622074,0.9677610082351633,1.0,0.022263171355498768,0.9684601023017902,1.0,0.03225806451612903,0.03225806451612903,0.03225806451612903,0.03225806451612903,0.03225806451612903,9.381300408781868,-0.669816604057226,0.654503590994659,0.022964531231848138
95.80000000000001,0.6698431576322852,0.6546483359713089,0.6698410483737073,0.0001777031003090343,13.144252097099097,0.153,5.795685130120939,6.0,0.024999999999999998,0.05589030302181059,0.9803921568627451,13.092966719426178,13.144252097099097,13.168812870335943,1e-12,0.0013901573043174013,0.04308421660898949,0.00010000011857921843,0.9677451612941477,1.0,0.0005912552900622074,0.9677610082351633,1.0,0.022263171355498768,0.9684601023017902,1.0,0.03225806451612903,0.03225806451612903,0.03225806451612903,0.03225806451612903,0.03225806451612903,9.384028986662925,-0.6698410483737073,0.6546483359713089,0.022903170377695004
96.0,0.6698674042558811,0.6547919453622684,0.6698652990022004,0.00017728165642423907,13.147279109364838,0.153,5.795694107063294,6.0,0.024999999999999998,0.05589025872380945,0.9803921568627451,13.095838907245366,13.147279109364838,13.17166537024162,1e-12,0.001389038840493438,0.04304957285399949,0.00010000011857921843,0.9677451612941477,1.0,0.0005912552900622074,0.9677610082351633,1.0,0.022263171355498768,0.9684601023017902,1.0,0.03225806451612903,0.03225806451612903,0.03225806451612903,0.03225806451612903,0.03225806451612903,9.386736157510637,-0.6698652990022004,0.6547919453622684,0.02284228287009273
96.2,0.6698914587607749,0.6549344280338449,0.6698893574732089,0.00017686100943580928,13.150282342660292,0.153,5.795703013605346,6.0,0.024999999999999998,0.05589021477762767,0.9803921568627451,13.098688560676898,13.150282342660294,13.17449545638079,1e-12,0.0013879292414169934,0.04301520360970158,0.00010000011857921843,0.9677451612941477,1.0,0.0005912552900622074,0.9677610082351633,1.0,0.022263171355498768,0.9684601023017902,1.0,0.03225806451612903,0.03225806451612903,0.03225806451612903,0.03225806451612903,0.03225806451612903,9.38942208846752,-0.6698893574732089,0.6549344280338449,0.02278186514168617
96.4,0.6699153226651584,0.6550757927837204,0.669913225305332,0.0001764411516237671,13.153261983176698,0.153,5.795711850296312,6.0,0.024999999999999998,0.05589017118045071,0.9803921568627451,13.101515855674407,13.1532619831767,13.17730330433168,1e-12,0.0013868284369899485,0.042981106706668396,0.00010000011857921843,0.9677451612941477,1.0,0.0005912552900622074,0.9677610082351633,1.0,0.022263171355498768,0.9684601023017902,1.0,0.03225806451612903,0.03225806451612903,0.03225806451612903,0.03225806451612903,0.03225806451612903,9.392086945382356,-0.669913225305332,0.6550757927837204,0.022721913650552355
96.60000000000001,0.6699389974754257,0.6552160483414743,0.6699369040053523,0.00017602207535131708,13.15621821565504,0.153,5.795720617681172,6.0,0.024999999999999998,0.055890127929486874,0.9803921568627451,13.104320966829485,13.15621821565504,13.180089088303816,1e-12,0.0013857363576604417,0.04294727999235374,0.00010000011857921843,0.9677451612941477,1.0,0.0005912552900622074,0.9677610082351633,1.0,0.022263171355498768,0.9684601023017902,1.0,0.03225806451612903,0.03225806451612903,0.03225806451612903,0.03225806451612903,0.03225806451612903,9.394730892820055,-0.6699369040053523,0.6552160483414743,0.022662424880100254
96.80000000000001,0.6699624846862398,0.6553552033691048,0.6699603950683225,0.000175603773061628,13.159151223397238,0.153,5.795729316300687,6.0,0.024999999999999998,0.055890085021967136,0.9803921568627451,13.107104067382094,13.15915122339724,13.182852981148638,1e-12,0.001384652934418814,0.04291372133096778,0.00010000011857921843,0.9677451612941477,1.0,0.0005912552900622074,0.9677610082351633,1.0,0.022263171355498768,0.9684601023017902,1.0,0.03225806451612903,0.03225806451612903,0.03225806451612903,0.03225806451612903,0.03225806451612903,9.39735409407147,-0.6699603950683225,0.6553552033691048,0.022603395338940842
97.0,0.669985785780626,0.6554932664615457,0.6699836999776535,0.00017518623727533547,13.162061188277319,0.153,5.795737946691444,6.0,0.024999999999999998,0.05589004245514492,0.9803921568627451,13.109865329230914,13.162061188277319,13.185595154370079,1e-12,0.0013835780987935472,0.0428804286033521,0.00010000011857921843,0.9677451612941477,1.0,0.0005912552900622074,0.9677610082351633,1.0,0.022263171355498768,0.9684601023017902,1.0,0.03225806451612903,0.03225806451612903,0.03225806451612903,0.03225806451612903,0.03225806451612903,9.399956711163172,-0.6699836999776535,0.6554932664615457,0.022544821560746834
97.2,0.6700089022300552,0.6556302461471817,0.6700068202052005,0.00017476946058946042,13.164948290752411,0.153,5.795746509385882,6.0,0.024999999999999998,0.055890000226295984,0.9803921568627451,13.112604922943632,13.164948290752411,13.188315778135037,1e-12,0.0013825117828472626,0.042847399706856415,0.00010000011857921843,0.9677451612941477,1.0,0.0005912552900622074,0.9677610082351633,1.0,0.022263171355498768,0.9684601023017902,1.0,0.03225806451612903,0.03225806451612903,0.03225806451612903,0.03225806451612903,0.03225806451612903,9.40253890486711,-0.6700068202052005,0.6556302461471817,0.02248670010409265
97.4,0.6700318354945412,0.6557661508883555,0.6700297572113488,0.00017435343567686107,13.167812709873736,0.153,5.795755004912322,6.0,0.024999999999999998,0.055889958332718134,0.9803921568627451,13.11532301776711,13.167812709873736,13.191015021283745,1e-12,0.0013814539191727324,0.0428146325552159,0.00010000011857921843,0.9677451612941477,1.0,0.0005912552900622074,0.9677610082351633,1.0,0.022263171355498768,0.9684601023017902,1.0,0.03225806451612903,0.03225806451612903,0.03225806451612903,0.03225806451612903,0.03225806451612903,9.405100834710248,-0.6700297572113488,0.6557661508883555,0.022429027552306805
97.60000000000001,0.6700545870227037,0.655900989081872,0.670052512445099,0.00017393815528562296,13.170654623297477,0.153,5.795763433795003,6.0,0.024999999999999998,0.055889916771731135,0.9803921568627451,13.11801978163744,13.170654623297477,13.193693051340032,1e-12,0.0013804044408889415,0.042782125078429885,0.00010000011857921843,0.9677451612941477,1.0,0.0005912552900622074,0.9677610082351633,1.0,0.022263171355498768,0.9684601023017902,1.0,0.03225806451612903,0.03225806451612903,0.03225806451612903,0.03225806451612903,0.03225806451612903,9.40764265898399,-0.670052512445099,0.655900989081872,0.02237180051331373
97.80000000000001,0.6700771582518777,0.6560347690594985,0.6700750873441512,0.00017352361223829598,13.173474207295552,0.153,5.795771796554108,6.0,0.024999999999999998,0.05588987554067648,0.9803921568627451,13.12069538118997,13.173474207295552,13.19635003452153,1e-12,0.0013793632816371658,0.04274987522264109,0.00010000011857921843,0.9677451612941477,1.0,0.0005912552900622074,0.9677610082351633,1.0,0.022263171355498768,0.9684601023017902,1.0,0.03225806451612903,0.03225806451612903,0.03225806451612903,0.03225806451612903,0.03225806451612903,9.41016453475368,-0.6700750873441512,0.6560347690594985,0.02231501561947989
98.0,0.6700995506081848,0.6561674990884618,0.6700974833349891,0.0001731097994310767,13.176271636766332,0.153,5.795780093705798,6.0,0.024999999999999998,0.05588983463691718,0.9803921568627451,13.123349981769236,13.176271636766332,13.198986135749793,1e-12,0.0013783303755770724,0.04271788095001562,0.00010000011857921843,0.9677451612941477,1.0,0.0005912552900622074,0.9677610082351633,1.0,0.022263171355498768,0.9684601023017902,1.0,0.03225806451612903,0.03225806451612903,0.03225806451612903,0.03225806451612903,0.03225806451612903,9.41266661786792,-0.6700974833349891,0.6561674990884618,0.02225866952746002
98.2,0.6701217655066063,0.6562991873719399,0.6701197018329633,0.0001726967098330059,13.179047085245275,0.153,5.7957883257622465,6.0,0.024999999999999998,0.05588979405783765,0.9803921568627451,13.125983747438799,13.179047085245275,13.201601518660325,1e-12,0.0013773056573828507,0.042686140238623736,0.00010000011857921843,0.9677451612941477,1.0,0.0005912552900622074,0.9677610082351633,1.0,0.022263171355498768,0.9684601023017902,1.0,0.03225806451612903,0.03225806451612903,0.03225806451612903,0.03225806451612903,0.03225806451612903,9.415149062967878,-0.6701197018329633,0.6562991873719399,0.02220275891803959
98.4,0.670143804351087,0.6564298420495521,0.6701417442423748,0.0001722843364851944,13.181800724915451,0.153,5.795796493231657,6.0,0.024999999999999998,0.055889753800843496,0.9803921568627451,13.128596840991042,13.181800724915451,13.204196345612557,1e-12,0.0013762890622393738,0.04265465108232167,0.00010000011857921843,0.9677451612941477,1.0,0.0005912552900622074,0.9677610082351633,1.0,0.022263171355498768,0.9684601023017902,1.0,0.03225806451612903,0.03225806451612903,0.03225806451612903,0.03225806451612903,0.03225806451612903,9.417612023496503,-0.6701417442423748,0.6564298420495521,0.02214728049598139
98.60000000000001,0.6701656685346095,0.6565594711978435,0.670163611956556,0.00017187267250006293,13.184532726618011,0.153,5.795804596618307,6.0,0.024999999999999998,0.05588971386336132,0.9803921568627451,13.131189423956869,13.184532726618011,13.206770777699715,1e-12,0.0013752805258383804,0.042623411490634054,0.00010000011857921843,0.9677451612941477,1.0,0.0005912552900622074,0.9677610082351633,1.0,0.022263171355498768,0.9684601023017902,1.0,0.03225806451612903,0.03225806451612903,0.03225806451612903,0.03225806451612903,0.03225806451612903,9.420055651707687,-0.670163611956556,0.6565594711978435,0.022092230989869833
98.80000000000001,0.6701873594392669,0.6566880828307671,0.670185306357954,0.00017146171106058875,13.187243259862571,0.153,5.795812636422572,6.0,0.024999999999999998,0.05588967424283859,0.9803921568627451,13.13376165661534,13.187243259862571,13.209324974758632,1e-12,0.0013742799843746805,0.04259241948863698,0.00010000011857921843,0.9677451612941477,1.0,0.0005912552900622074,0.9677610082351633,1.0,0.022263171355498768,0.9684601023017902,1.0,0.03225806451612903,0.03225806451612903,0.03225806451612903,0.03225806451612903,0.03225806451612903,9.422480098675315,-0.670185306357954,0.6566880828307671,0.0220376071519546
99.0,0.6702088784363539,0.6568156849001617,0.6702068288182106,0.00017105144541955885,13.189932492837526,0.153,5.795820613140956,6.0,0.024999999999999998,0.05588963493674343,0.9803921568627451,13.136313698003233,13.189932492837526,13.211859095379484,1e-12,0.0013732873745423862,0.04256167311684194,0.00010000011857921843,0.9677451612941477,1.0,0.0005912552900622074,0.9677610082351633,1.0,0.022263171355498768,0.9684601023017902,1.0,0.03225806451612903,0.03225806451612903,0.03225806451612903,0.03225806451612903,0.03225806451612903,9.424885514302316,-0.6702068288182106,0.6568156849001617,0.021983405758003775
99.2,0.670230226886446,0.6569422852962268,0.6702281806982434,0.00017064186889883046,13.192600592420241,0.153,5.795828527266115,6.0,0.024999999999999998,0.055889595942564464,0.9803921568627451,13.138845705924535,13.192600592420243,13.21437329691544,1e-12,0.001372302633531178,0.042531170431080796,0.00010000011857921843,0.9677451612941477,1.0,0.0005912552900622074,0.9677610082351633,1.0,0.022263171355498768,0.9684601023017902,1.0,0.03225806451612903,0.03225806451612903,0.03225806451612903,0.03225806451612903,0.03225806451612903,9.427272047329586,-0.6702281806982434,0.6569422852962268,0.021929623607145628
99.4,0.6702514061394791,0.6570678918479929,0.6702493633483262,0.00017023297488859865,13.19524772418723,0.153,5.795836379286901,6.0,0.024999999999999998,0.05588955725781064,0.9803921568627451,13.141357836959857,13.195247724187231,13.216867735492233,1e-12,0.0013713256990225827,0.04250090950239108,0.00010000011857921843,0.9677451612941477,1.0,0.0005912552900622074,0.9677610082351633,1.0,0.022263171355498768,0.9684601023017902,1.0,0.03225806451612903,0.03225806451612903,0.03225806451612903,0.03225806451612903,0.03225806451612903,9.429639845344873,-0.6702493633483262,0.6570678918479929,0.021876257521711476
99.60000000000001,0.6702724175348219,0.6571925123237893,0.6702703781081684,0.00016982475684667125,13.197874052424202,0.153,5.795844169688374,6.0,0.024999999999999998,0.055889518880011056,0.9803921568627451,13.143850246475784,13.197874052424202,13.219342566017692,1e-12,0.001370356509186281,0.04247088841690222,0.00010000011857921843,0.9677451612941477,1.0,0.0005912552900622074,0.9677610082351633,1.0,0.022263171355498768,0.9684601023017902,1.0,0.03225806451612903,0.03225806451612903,0.03225806451612903,0.03225806451612903,0.03225806451612903,9.431989054791586,-0.6702703781081684,0.6571925123237893,0.021823304347095833
99.80000000000001,0.6702932624013712,0.6573161544317079,0.6702912263069941,0.00016941720829775258,13.200479740136055,0.153,5.795851898951844,6.0,0.024999999999999998,0.05588948080671481,0.9803921568627451,13.146323088634157,13.200479740136057,13.221797942191165,1e-12,0.0013693950026764418,0.04244110527572261,0.00010000011857921843,0.9677451612941477,1.0,0.0005912552900622074,0.9677610082351633,1.0,0.022263171355498768,0.9684601023017902,1.0,0.03225806451612903,0.03225806451612903,0.03225806451612903,0.03225806451612903,0.03225806451612903,9.434319820977539,-0.6702912263069941,0.6573161544317079,0.02177076095160037
100.0,0.670313942057614,0.6574388258200641,0.6703119092636209,0.00016901032283273378,13.203064949056794,0.153,5.795859567554889,6.0,0.024999999999999998,0.05588944303549082,0.9803921568627451,13.14877651640128,13.203064949056794,13.224234016512867,1e-12,0.0013684411186280772,0.04241155819482726,0.00010000011857921843,0.9677451612941477,1.0,0.0005912552900622074,0.9677610082351633,1.0,0.022263171355498768,0.9684601023017902,1.0,0.03225806451612903,0.03225806451612903,0.03225806451612903,0.03225806451612903,0.03225806451612903,9.436632288083654,-0.6703119092636209,0.6574388258200641,0.021718624226278276
100.2,0.6703344578117109,0.6575605340778532,0.6703324282865375,0.00016860409410799097,13.205629839659368,0.153,5.795867175971394,6.0,0.024999999999999998,0.05588940556392767,0.9803921568627451,13.151210681557062,13.205629839659368,13.22665094029319,1e-12,0.0013674947966534274,0.04238224530494636,0.00010000011857921843,0.9677451612941477,1.0,0.0005912552900622074,0.9677610082351633,1.0,0.022263171355498768,0.9684601023017902,1.0,0.03225806451612903,0.03225806451612903,0.03225806451612903,0.03225806451612903,0.03225806451612903,9.43892659917255,-0.6703324282865375,0.6575605340778532,0.021666891084791425
100.4,0.6703548109615799,0.6576812867352045,0.670352784673982,0.00016819851584469052,13.208174571165413,0.153,5.795874724671571,6.0,0.024999999999999998,0.05588936838963341,0.9803921568627451,13.15362573470409,13.208174571165413,13.22904886366191,1e-12,0.001366555976838361,0.04235316475145438,0.00010000011857921843,0.9677451612941477,1.0,0.0005912552900622074,0.9677610082351633,1.0,0.022263171355498768,0.9684601023017902,1.0,0.03225806451612903,0.03225806451612903,0.03225806451612903,0.03225806451612903,0.03225806451612903,9.44120289619711,-0.670352784673982,0.6576812867352045,0.021615558463257318
100.60000000000001,0.670375002794968,0.6578010912638317,0.670372979714018,0.00016779358182810123,13.210699301554977,0.153,5.79588221412199,6.0,0.024999999999999998,0.05588933151023547,0.9803921568627451,13.156021825276632,13.210699301554978,13.231427935577349,1e-12,0.0013656245997388083,0.04232431469426006,0.00010000011857921843,0.9677451612941477,1.0,0.0005912552900622074,0.9677610082351633,1.0,0.022263171355498768,0.9684601023017902,1.0,0.03225806451612903,0.03225806451612903,0.03225806451612903,0.03225806451612903,0.03225806451612903,9.443461320008975,-0.670372979714018,0.6578010912638317,0.021564623320107723
100.80000000000001,0.6703950345895243,0.6579199550774789,0.670393014684612,0.00016738928590691465,13.213204187576087,0.153,5.795889644785606,6.0,0.024999999999999998,0.05588929492338041,0.9803921568627451,13.158399101549577,13.213204187576087,13.233788303835432,1e-12,0.0013647006063772127,0.04229569330769712,0.00010000011857921843,0.9677451612941477,1.0,0.0005912552900622074,0.9677610082351633,1.0,0.022263171355498768,0.9684601023017902,1.0,0.03225806451612903,0.03225806451612903,0.03225806451612903,0.03225806451612903,0.03225806451612903,9.445702010366947,-0.670393014684612,0.6579199550774789,0.021514082635931922
101.0,0.6704149076128813,0.6580378855323652,0.6704128908537091,0.00016698562199257106,13.21568938475432,0.153,5.79589701712179,6.0,0.024999999999999998,0.05588925862673383,0.9803921568627451,13.160757710647303,13.215689384754322,13.236130115078707,1e-12,0.0013637839382390062,0.04226729878041551,0.00010000011857921843,0.9677451612941477,1.0,0.0005912552900622074,0.9677610082351633,1.0,0.022263171355498768,0.9684601023017902,1.0,0.03225806451612903,0.03225806451612903,0.03225806451612903,0.03225806451612903,0.03225806451612903,9.447925105945373,-0.6704128908537091,0.6580378855323652,0.021463933413337594
101.2,0.6704346231227303,0.6581548899276239,0.6704326094793084,0.00016658258405859424,13.218155047402243,0.153,5.7959043315863505,6.0,0.024999999999999998,0.05588922261798016,0.9803921568627451,13.163097798552478,13.218155047402245,13.238453514805284,1e-12,0.0013628745372691153,0.042239129315273724,0.00010000011857921843,0.9677451612941477,1.0,0.0005912552900622074,0.9677610082351633,1.0,0.022263171355498768,0.9684601023017902,1.0,0.03225806451612903,0.03225806451612903,0.03225806451612903,0.03225806451612903,0.03225806451612903,9.450130744342434,-0.6704326094793084,0.6581548899276239,0.021414172676802835
101.4,0.6704541823668951,0.6582709755057407,0.670452171809538,0.00016618016613993155,13.220601328628842,0.153,5.795911588631565,6.0,0.024999999999999998,0.05588918689482258,0.9803921568627451,13.165419510114813,13.220601328628842,13.240758647377703,1e-12,0.0013619723458684798,0.04221118312923148,0.00010000011857921843,0.9677451612941477,1.0,0.0005912552900622074,0.9677610082351633,1.0,0.022263171355498768,0.9684601023017902,1.0,0.03225806451612903,0.03225806451612903,0.03225806451612903,0.03225806451612903,0.03225806451612903,9.452319062088389,-0.670452171809538,0.6582709755057407,0.021364797472527865
101.60000000000001,0.670473586583406,0.658386149452986,0.6704715790827297,0.0001657783623323017,13.223028380348792,0.153,5.795918788706207,6.0,0.024999999999999998,0.05588915145498277,0.9803921568627451,13.167722989059719,13.223028380348792,13.24304565603173,1e-12,0.0013610773068906017,0.042183458453243276,0.00010000011857921843,0.9677451612941477,1.0,0.0005912552900622074,0.9677610082351633,1.0,0.022263171355498768,0.9684601023017902,1.0,0.03225806451612903,0.03225806451612903,0.03225806451612903,0.03225806451612903,0.03225806451612903,9.454490194653745,-0.6704715790827297,0.658386149452986,0.0213158048682948
101.80000000000001,0.6704928370005695,0.658500418899846,0.6704908325274931,0.00016537716679154978,13.225436353291748,0.153,5.795925932255568,6.0,0.024999999999999998,0.055889116296200816,0.9803921568627451,13.17000837799692,13.225436353291748,13.245314682885097,1e-12,0.0013601893636381187,0.04215595353215274,0.00010000011857921843,0.9677451612941477,1.0,0.0005912552900622074,0.9677610082351633,1.0,0.022263171355498768,0.9684601023017902,1.0,0.03225806451612903,0.03225806451612903,0.03225806451612903,0.03225806451612903,0.03225806451612903,9.456644276457366,-0.6704908325274931,0.658500418899846,0.02126719195332188
102.0,0.6705119348370534,0.6586137909214506,0.6705099333627886,0.00016497657373300842,13.227825397011504,0.153,5.795933019721491,6.0,0.024999999999999998,0.05588908141623505,0.9803921568627451,13.17227581842901,13.227825397011504,13.247565868946168,1e-12,0.0013593084598593976,0.0421286666245876,0.00010000011857921843,0.9677451612941477,1.0,0.0005912552900622074,0.9677610082351633,1.0,0.022263171355498768,0.9684601023017902,1.0,0.03225806451612903,0.03225806451612903,0.03225806451612903,0.03225806451612903,0.03225806451612903,9.458781440874548,-0.6705099333627886,0.6586137909214506,0.021218955838119946
102.2,0.670530881301949,0.6587262725379959,0.6705288827980013,0.0001645765774308651,13.23019565989511,0.153,5.795940051542391,6.0,0.024999999999999998,0.05588904681286189,0.9803921568627451,13.174525450759916,13.23019565989511,13.249799354122542,1e-12,0.001358434539745147,0.042101596002855186,0.00010000011857921843,0.9677451612941477,1.0,0.0005912552900622074,0.9677610082351633,1.0,0.022263171355498768,0.9684601023017902,1.0,0.03225806451612903,0.03225806451612903,0.03225806451612903,0.03225806451612903,0.03225806451612903,9.460901820244993,-0.6705288827980013,0.6587262725379959,0.02117109365435404
102.4,0.6705496775948502,0.6588378707151658,0.6705476820330126,0.0001641771722175379,13.232547289171876,0.153,5.795947028153283,6.0,0.024999999999999998,0.05588901248387569,0.9803921568627451,13.176757414303314,13.232547289171876,13.252015277229575,1e-12,0.0013575675479250643,0.04207473995283902,0.00010000011857921843,0.9677451612941477,1.0,0.0005912552900622074,0.9677610082351633,1.0,0.022263171355498768,0.9684601023017902,1.0,0.03225806451612903,0.03225806451612903,0.03225806451612903,0.03225806451612903,0.03225806451612903,9.463005545880748,-0.6705476820330126,0.6588378707151658,0.021123602554695444
102.60000000000001,0.670568324905919,0.65894859236455,0.6705663322582729,0.0001637783524830559,13.234880430922397,0.153,5.795953949985813,6.0,0.024999999999999998,0.055888978427088606,0.9803921568627451,13.178971847290999,13.234880430922397,13.25421377599886,1e-12,0.0013567074294644943,0.042048096773895774,0.00010000011857921843,0.9677451612941477,1.0,0.0005912552900622074,0.9677610082351633,1.0,0.022263171355498768,0.9684601023017902,1.0,0.03225806451612903,0.03225806451612903,0.03225806451612903,0.03225806451612903,0.03225806451612903,9.465092748074076,-0.6705663322582729,0.65894859236455,0.021076479712685496
102.80000000000001,0.6705868244159628,0.6590584443440581,0.6705848346548728,0.00016338011267444746,13.237195230087416,0.153,5.795960817468274,6.0,0.024999999999999998,0.05588894464033042,0.9803921568627451,13.181168886881162,13.237195230087416,13.25639498708663,1e-12,0.0013558541298611159,0.04202166477875305,0.00010000011857921843,0.9677451612941477,1.0,0.0005912552900622074,0.9677610082351633,1.0,0.022263171355498768,0.9684601023017902,1.0,0.03225806451612903,0.03225806451612903,0.03225806451612903,0.03225806451612903,0.03225806451612903,9.467163556105287,-0.6705848346548728,0.6590584443440581,0.02102972232259718
103.0,0.6706051772965034,0.6591674334583313,0.6706031903946145,0.00016298244729513362,13.23949183047663,0.153,5.795967631025638,6.0,0.024999999999999998,0.05588891112144844,0.9803921568627451,13.183348669166625,13.239491830476632,13.258559046082091,1e-12,0.0013550075950416484,0.04199544229340777,0.00010000011857921843,0.9677451612941477,1.0,0.0005912552900622074,0.9677610082351633,1.0,0.022263171355498768,0.9684601023017902,1.0,0.03225806451612903,0.03225806451612903,0.03225806451612903,0.03225806451612903,0.03225806451612903,9.46921809825048,-0.6706031903946145,0.6591674334583313,0.020983327599290114
103.2,0.6706233847098474,0.6592755664591502,0.670621400640082,0.0001625853509043304,13.241770374777522,0.153,5.795974391079584,6.0,0.024999999999999998,0.055888877868307305,0.9803921568627451,13.185511329183003,13.241770374777522,13.260706087515699,1e-12,0.0013541677713585915,0.041969427657025625,0.00010000011857921843,0.9677451612941477,1.0,0.0005912552900622074,0.9677610082351633,1.0,0.022263171355498768,0.9684601023017902,1.0,0.03225806451612903,0.03225806451612903,0.03225806451612903,0.03225806451612903,0.03225806451612903,9.471256501789236,-0.670621400640082,0.6592755664591502,0.020937292778076932
103.4,0.6706414478091571,0.6593828500458411,0.6706394665447116,0.00016218881811645356,13.244031004563997,0.153,5.795981098048514,6.0,0.024999999999999998,0.05588884487878888,0.9803921568627451,13.18765700091682,13.244031004563999,13.262836244867371,1e-12,0.0013533346055869652,0.041943619221840506,0.00010000011857921843,0.9677451612941477,1.0,0.0005912552900622074,0.9677610082351633,1.0,0.022263171355498768,0.9684601023017902,1.0,0.03225806451612903,0.03225806451612903,0.03225806451612903,0.03225806451612903,0.03225806451612903,9.473278893012289,-0.6706394665447116,0.6593828500458411,0.020891615114583394
103.60000000000001,0.6706593677385184,0.6594892908656772,0.6706573892528613,0.00016179284360053295,13.246273860305024,0.153,5.795987752347587,6.0,0.024999999999999998,0.05588881215079209,0.9803921568627451,13.189785817313544,13.246273860305026,13.264949650574628,1e-12,0.0013525080449210925,0.0419180153530552,0.00010000011857921843,0.9677451612941477,1.0,0.0005912552900622074,0.9677610082351633,1.0,0.022263171355498768,0.9684601023017902,1.0,0.03225806451612903,0.03225806451612903,0.03225806451612903,0.03225806451612903,0.03225806451612903,9.47528539722907,-0.6706573892528613,0.6594892908656772,0.020846291884607075
103.80000000000001,0.6706771456330107,0.6595948955142785,0.6706751698998801,0.00016139742207963229,13.248499081373222,0.153,5.795994354388738,6.0,0.024999999999999998,0.0558887796822328,0.9803921568627451,13.19189791028557,13.248499081373222,13.267046436040697,1e-12,0.001351688036971401,0.04189261442874272,0.00010000011857921843,0.9677451612941477,1.0,0.0005912552900622074,0.9677610082351633,1.0,0.022263171355498768,0.9684601023017902,1.0,0.03225806451612903,0.03225806451612903,0.03225806451612903,0.03225806451612903,0.03225806451612903,9.477276138775263,-0.6706751698998801,0.6595948955142785,0.020801320383992884
104.0,0.6706947826187782,0.6596996705360082,0.6706928096121765,0.0001610025483302736,13.250706806053328,0.153,5.7960009045807075,6.0,0.024999999999999998,0.05588874747104365,0.9803921568627451,13.193993410720163,13.250706806053328,13.269126731642508,1e-12,0.0013508745297612324,0.0418674148397479,0.00010000011857921843,0.9677451612941477,1.0,0.0005912552900622074,0.9677610082351633,1.0,0.022263171355498768,0.9684601023017902,1.0,0.03225806451612903,0.03225806451612903,0.03225806451612903,0.03225806451612903,0.03225806451612903,9.479251241020268,-0.6706928096121765,0.6596996705360082,0.020756697928484398
104.2,0.6707122798130917,0.6598036224243652,0.6707103095072868,0.00016060821718186957,13.252897171550643,0.153,5.796007403329064,6.0,0.024999999999999998,0.055888715515173944,0.9803921568627451,13.196072448487303,13.252897171550645,13.271190666738674,1e-12,0.0013500674717236932,0.04184241498959016,0.00010000011857921843,0.9677451612941477,1.0,0.0005912552900622074,0.9677610082351633,1.0,0.022263171355498768,0.9684601023017902,1.0,0.03225806451612903,0.03225806451612903,0.03225806451612903,0.03225806451612903,0.03225806451612903,9.48121082637461,-0.6707103095072868,0.6598036224243652,0.02071242185359354
104.4,0.6707296383244269,0.6599067576223753,0.6707276706939432,0.00016021442351616126,13.255070313999392,0.153,5.7960138510362205,6.0,0.024999999999999998,0.055888683812589504,0.9803921568627451,13.198135152447504,13.255070313999392,13.273238369677392,1e-12,0.0013492668116985168,0.04181761329436668,0.00010000011857921843,0.9677451612941477,1.0,0.0005912552900622074,0.9677610082351633,1.0,0.022263171355498768,0.9684601023017902,1.0,0.03225806451612903,0.03225806451612903,0.03225806451612903,0.03225806451612903,0.03225806451612903,9.483155016297303,-0.6707276706939432,0.6599067576223753,0.02066848951447355
104.60000000000001,0.6707468592525185,0.6600090825229777,0.6707448942721407,0.00015982116226666092,13.257226368471034,0.153,5.796020248101476,6.0,0.024999999999999998,0.055888652361272495,0.9803921568627451,13.200181650459553,13.257226368471034,13.275269967804261,1e-12,0.0013484724989289414,0.041793008182656084,0.00010000011857921843,0.9677451612941477,1.0,0.0005912552900622074,0.9677610082351633,1.0,0.022263171355498768,0.9684601023017902,1.0,0.03225806451612903,0.03225806451612903,0.03225806451612903,0.03225806451612903,0.03225806451612903,9.485083931303151,-0.6707448942721407,0.6600090825229777,0.020624898285770677
104.80000000000001,0.6707639436884363,0.6601106034694104,0.6707619813332037,0.00015942842841810238,13.259365468982496,0.153,5.796026594921021,6.0,0.024999999999999998,0.055888621159221386,0.9803921568627451,13.202212069388208,13.259365468982496,13.277285587470091,1e-12,0.001347684483058627,0.04176859809542325,0.00010000011857921843,0.9677451612941477,1.0,0.0005912552900622074,0.9677610082351633,1.0,0.022263171355498768,0.9684601023017902,1.0,0.03225806451612903,0.03225806451612903,0.03225806451612903,0.03225806451612903,0.03225806451612903,9.486997690969993,-0.6707619813332037,0.6601106034694104,0.02058164556150596
105.0,0.6707808927146472,0.6602113267555914,0.6707789329598529,0.00015903621700589623,13.26148774850435,0.153,5.796032891887974,6.0,0.024999999999999998,0.0558885902044507,0.9803921568627451,13.204226535111827,13.26148774850435,13.279285354038599,1e-12,0.0013469027141285788,0.04174438148592437,0.00010000011857921843,0.9677451612941477,1.0,0.0005912552900622074,0.9677610082351633,1.0,0.022263171355498768,0.9684601023017902,1.0,0.03225806451612903,0.03225806451612903,0.03225806451612903,0.03225806451612903,0.03225806451612903,9.488896413945907,-0.6707789329598529,0.6602113267555914,0.02053872875493463
105.2,0.6707977074050903,0.660311258626497,0.670795750226271,0.00015864452311559034,13.26359333896892,0.153,5.7960391393924,6.0,0.024999999999999998,0.05588855949499096,0.9803921568627451,13.206225172529939,13.26359333896892,13.281269391894085,1e-12,0.0013461271425740952,0.04172035681961275,0.00010000011857921843,0.9677451612941477,1.0,0.0005912552900622074,0.9677610082351633,1.0,0.022263171355498768,0.9684601023017902,1.0,0.03225806451612903,0.03225806451612903,0.03225806451612903,0.03225806451612903,0.03225806451612903,9.490780217956342,-0.670795750226271,0.660311258626497,0.020496145298419467
105.4,0.6708143888252237,0.6604104052785384,0.6708124341981682,0.00015825334188233756,13.265682371278336,0.153,5.796045337821332,6.0,0.024999999999999998,0.05588852902888856,0.9803921568627451,13.208208105570769,13.265682371278336,13.28323782444901,1e-12,0.001345357719221744,0.041696522574045464,0.00010000011857921843,0.9677451612941477,1.0,0.0005912552900622074,0.9677610082351633,1.0,0.022263171355498768,0.9684601023017902,1.0,0.03225806451612903,0.03225806451612903,0.03225806451612903,0.03225806451612903,0.03225806451612903,9.492649219811213,-0.6708124341981682,0.6604104052785384,0.020453892643293455
105.60000000000001,0.6708309380321075,0.6605087728599348,0.6708289859328467,0.00015786266849036797,13.267754975312524,0.153,5.796051487558798,6.0,0.024999999999999998,0.05588849880420556,0.9803921568627451,13.210175457198696,13.267754975312524,13.285190774151568,1e-12,0.0013445943952863498,0.04167287723879037,0.00010000011857921843,0.9677451612941477,1.0,0.0005912552900622074,0.9677610082351633,1.0,0.022263171355498768,0.9684601023017902,1.0,0.03225806451612903,0.03225806451612903,0.03225806451612903,0.03225806451612903,0.03225806451612903,9.494503535411923,-0.6708289859328467,0.6605087728599348,0.020411968259738702
105.80000000000001,0.6708473560744586,0.6606063674710825,0.6708454064792662,0.00015747249817246712,13.269811279937137,0.153,5.7960575889858434,6.0,0.024999999999999998,0.05588846881901963,0.9803921568627451,13.21212734942165,13.269811279937137,13.287128362493146,1e-12,0.001343837122368011,0.04164941931533402,0.00010000011857921843,0.9677451612941477,1.0,0.0005912552900622074,0.9677610082351633,1.0,0.022263171355498768,0.9684601023017902,1.0,0.03225806451612903,0.03225806451612903,0.03225806451612903,0.03225806451612903,0.03225806451612903,9.496343279758346,-0.6708454064792662,0.6606063674710825,0.02037036963665165
106.0,0.670863643992721,0.6607031951649237,0.6708616968781069,0.00015708282620945956,13.271851413011406,0.153,5.7960636424805525,6.0,0.024999999999999998,0.055888439071423913,0.9803921568627451,13.214063903298474,13.271851413011406,13.289050710015763,1e-12,0.0013430858524491314,0.04162614731699002,0.00010000011857921843,0.9677451612941477,1.0,0.0005912552900622074,0.9677610082351633,1.0,0.022263171355498768,0.9684601023017902,1.0,0.03225806451612903,0.03225806451612903,0.03225806451612903,0.03225806451612903,0.03225806451612903,9.498168566955762,-0.6708616968781069,0.6607031951649237,0.020329094281516455
106.2,0.6708798028191176,0.6607992619473109,0.6708778581618343,0.00015669364792969808,13.273875501395947,0.153,5.7960696484180705,6.0,0.024999999999999998,0.05588840955952689,0.9803921568627451,13.215985238946217,13.273875501395947,13.290957936319439,1e-12,0.0013423405378914742,0.041603059768808084,0.00010000011857921843,0.9677451612941477,1.0,0.0005912552900622074,0.9677610082351633,1.0,0.022263171355498768,0.9684601023017902,1.0,0.03225806451612903,0.03225806451612903,0.03225806451612903,0.03225806451612903,0.03225806451612903,9.499979510221733,-0.6708778581618343,0.6607992619473109,0.020288139720275745
106.4,0.6708958335777345,0.6608945737773684,0.6708938913547612,0.00015630495870855944,13.275883670960548,0.153,5.7960756071706285,6.0,0.024999999999999998,0.0558883802814522,0.9803921568627451,13.217891475547367,13.275883670960548,13.2928501600695,1e-12,0.0013416011314332456,0.04158015520748396,0.00010000011857921843,0.9677451612941477,1.0,0.0005912552900622074,0.9677610082351633,1.0,0.022263171355498768,0.9684601023017902,1.0,0.03225806451612903,0.03225806451612903,0.03225806451612903,0.03225806451612903,0.03225806451612903,9.501776221892914,-0.6708938913547612,0.6608945737773684,0.02024750349720472
106.60000000000001,0.6709117372845608,0.6609891365678515,0.6709097974731113,0.00015591675396794315,13.27787604659178,0.153,5.796081519107567,6.0,0.024999999999999998,0.055888351235338606,0.9803921568627451,13.219782731357029,13.27787604659178,13.294727499003848,1e-12,0.0013408675861861813,0.041557432181269546,0.00010000011857921843,0.9677451612941477,1.0,0.0005912552900622074,0.9677610082351633,1.0,0.022263171355498768,0.9684601023017902,1.0,0.03225806451612903,0.03225806451612903,0.03225806451612903,0.03225806451612903,0.03225806451612903,9.503558813431834,-0.6709097974731113,0.6609891365678515,0.020207183174788135
106.80000000000001,0.6709275149475626,0.6610829561855041,0.6709255775250812,0.00015552902917577782,13.279852752200695,0.153,5.79608738459535,6.0,0.024999999999999998,0.055888322419339824,0.9803921568627451,13.22165912371008,13.279852752200695,13.296590069940143,1e-12,0.0013401398556326706,0.041534889249883994,0.00010000011857921843,0.9677451612941477,1.0,0.0005912552900622074,0.9677610082351633,1.0,0.022263171355498768,0.9684601023017902,1.0,0.03225806451612903,0.03225806451612903,0.03225806451612903,0.03225806451612903,0.03225806451612903,9.50532739543363,-0.6709255775250812,0.6610829561855041,0.02016717633358672
107.0,0.670943167566749,0.6611760384514112,0.6709412325109023,0.00015514177984553163,13.281813910730342,0.153,5.796093203997598,6.0,0.024999999999999998,0.05588829383162439,0.9803921568627451,13.223520769028221,13.281813910730344,13.298437988782972,1e-12,0.001339417893622889,0.04151252498442528,0.00010000011857921843,0.9677451612941477,1.0,0.0005912552900622074,0.9677610082351633,1.0,0.022263171355498768,0.9684601023017902,1.0,0.03225806451612903,0.03225806451612903,0.03225806451612903,0.03225806451612903,0.03225806451612903,9.507082077632688,-0.6709412325109023,0.6611760384514112,0.02012748057212074
107.2,0.6709586961342159,0.6612683891413506,0.6709567634229022,0.00015475500153572857,13.283759644163322,0.153,5.796098977675103,6.0,0.024999999999999998,0.055888265470375585,0.9803921568627451,13.22536778282701,13.283759644163322,13.300271370530915,1e-12,0.0013387016543719625,0.041490337967282506,0.00010000011857921843,0.9677451612941477,1.0,0.0005912552900622074,0.9677610082351633,1.0,0.022263171355498768,0.9684601023017902,1.0,0.03225806451612903,0.03225806451612903,0.03225806451612903,0.03225806451612903,0.03225806451612903,9.508822968909291,-0.6709567634229022,0.6612683891413506,0.020088093506741216
107.4,0.6709741016342334,0.6613600139861422,0.6709721712455659,0.0001543686898494695,13.285690073529196,0.153,5.796104705985851,6.0,0.024999999999999998,0.05588823733379123,0.9803921568627451,13.227200279722844,13.285690073529198,13.302090329283597,1e-12,0.0013379910924571376,0.04146832679204866,0.00010000011857921843,0.9677451612941477,1.0,0.0005912552900622074,0.9677610082351633,1.0,0.022263171355498768,0.9684601023017902,1.0,0.03225806451612903,0.03225806451612903,0.03225806451612903,0.03225806451612903,0.03225806451612903,9.510550177296185,-0.6709721712455659,0.6613600139861422,0.0200490127715054
107.60000000000001,0.6709893850432824,0.6614509186719928,0.670987456955596,0.00015398284043395858,13.287605318911913,0.153,5.796110389285046,6.0,0.024999999999999998,0.05588820942008367,0.9803921568627451,13.229018373439855,13.287605318911913,13.303894978248671,1e-12,0.001337286162814985,0.04144649006343413,0.00010000011857921843,0.9677451612941477,1.0,0.0005912552900622074,0.9677610082351633,1.0,0.022263171355498768,0.9684601023017902,1.0,0.03225806451612903,0.03225806451612903,0.03225806451612903,0.03225806451612903,0.03225806451612903,9.512263809985082,-0.670987456955596,0.6614509186719928,0.020010236018060814
107.80000000000001,0.6710045473301283,0.6615411088408396,0.6710026215219734,0.00015359744898003474,13.289505499457139,0.153,5.796116027925127,6.0,0.024999999999999998,0.05588818172747959,0.9803921568627451,13.230822176816792,13.28950549945714,13.305685429748735,1e-12,0.0013365868207386165,0.041424826397180814,0.00010000011857921843,0.9677451612941477,1.0,0.0005912552900622074,0.9677610082351633,1.0,0.022263171355498768,0.9684601023017902,1.0,0.03225806451612903,0.03225806451612903,0.03225806451612903,0.03225806451612903,0.03225806451612903,9.513963973333155,-0.6710026215219734,0.6615411088408396,0.01997176091551747
108.0,0.6710195894558716,0.6616305900906917,0.6710176659060162,0.0001532125112217081,13.291390733379533,0.153,5.796121622255793,6.0,0.024999999999999998,0.05588815425421991,0.9803921568627451,13.232611801813833,13.291390733379535,13.307461795228209,1e-12,0.0013358930218749208,0.041403334419976755,0.00010000011857921843,0.9677451612941477,1.0,0.0005912552900622074,0.9677610082351633,1.0,0.022263171355498768,0.9684601023017902,1.0,0.03225806451612903,0.03225806451612903,0.03225806451612903,0.03225806451612903,0.03225806451612903,9.515650772869456,-0.6710176659060162,0.6616305900906917,0.019933585150324548
108.2,0.6710345123740145,0.6617193679759675,0.67103259106144,0.0001528280229357016,13.293261137969976,0.153,5.796127172624026,6.0,0.024999999999999998,0.05588812699855966,0.9803921568627451,13.23438735951935,13.293261137969976,13.309224185260161,1e-12,0.0013352047222218247,0.04138201276937152,0.00010000011857921843,0.9677451612941477,1.0,0.0005912552900622074,0.9677610082351633,1.0,0.022263171355498768,0.9684601023017902,1.0,0.03225806451612903,0.03225806451612903,0.03225806451612903,0.03225806451612903,0.03225806451612903,9.517324313301279,-0.67103259106144,0.6617193679759675,0.01989570642615472
108.4,0.6710493170305221,0.6618074480078304,0.6710473979344155,0.00015244397994099786,13.29511682960274,0.153,5.7961326793741055,6.0,0.024999999999999998,0.0558880999587679,0.9803921568627451,13.236148960156608,13.295116829602742,13.310972709553075,1e-12,0.0013345218781255707,0.041360860093692144,0.00010000011857921843,0.9677451612941477,1.0,0.0005912552900622074,0.9677610082351633,1.0,0.022263171355498768,0.9684601023017902,1.0,0.03225806451612903,0.03225806451612903,0.03225806451612903,0.03225806451612903,0.03225806451612903,9.518984698520496,-0.6710473979344155,0.6618074480078304,0.019858122463782275
108.60000000000001,0.6710640043638675,0.6618948356545225,0.6710620874636284,0.0001520603780983892,13.296957923742617,0.153,5.796138142847633,6.0,0.024999999999999998,0.055888073133127575,0.9803921568627451,13.237896713090448,13.29695792374262,13.312707476957572,1e-12,0.0013338444462780074,0.04133987505195941,0.00010000011857921843,0.9677451612941477,1.0,0.0005912552900622074,0.9677610082351633,1.0,0.022263171355498768,0.9684601023017902,1.0,0.03225806451612903,0.03225806451612903,0.03225806451612903,0.03225806451612903,0.03225806451612903,9.520632031609845,-0.6710620874636284,0.6618948356545225,0.019820831000966415
108.80000000000001,0.6710785753051036,0.6619815363416935,0.6710766605803363,0.0001516772133100349,13.29878453495195,0.153,5.796143563383555,6.0,0.024999999999999998,0.05588804651993539,0.9803921568627451,13.23963072683387,13.29878453495195,13.314428595473064,1e-12,0.0013331723837139132,0.04131905631380518,0.00010000011857921843,0.9677451612941477,1.0,0.0005912552900622074,0.9677610082351633,1.0,0.022263171355498768,0.9684601023017902,1.0,0.03225806451612903,0.03225806451612903,0.03225806451612903,0.03225806451612903,0.03225806451612903,9.522266414849135,-0.6710766605803363,0.6619815363416935,0.01978382979232933
109.0,0.6710930307779189,0.662067555452731,0.6710911182084269,0.0001512944815190225,13.300596776897663,0.153,5.796148941318175,6.0,0.024999999999999998,0.05588802011750174,0.9803921568627451,13.24135110905462,13.300596776897665,13.31613617225438,1e-12,0.0013325056478083318,0.04129840255939015,0.00010000011857921843,0.9677451612941477,1.0,0.0005912552900622074,0.9677610082351633,1.0,0.022263171355498768,0.9684601023017902,1.0,0.03225806451612903,0.03225806451612903,0.03225806451612903,0.03225806451612903,0.03225806451612903,9.52388794972146,-0.6710911182084269,0.662067555452731,0.019747116609239463
109.2,0.6711073716986815,0.6621528983290847,0.6711054612644747,0.00015091217870893186,13.302394762358217,0.153,5.7961542769851855,6.0,0.024999999999999998,0.05588799392415055,0.9803921568627451,13.243057966581695,13.302394762358217,13.317830313618318,1e-12,0.001331844196273921,0.041277912479321846,0.00010000011857921843,0.9677451612941477,1.0,0.0005912552900622074,0.9677610082351633,1.0,0.022263171355498768,0.9684601023017902,1.0,0.03225806451612903,0.03225806451612903,0.03225806451612903,0.03225806451612903,0.03225806451612903,9.525496736919326,-0.6711054612644747,0.6621528983290847,0.01971068923969296
109.4,0.671121598976507,0.6622375702705897,0.6711196906577983,0.00015053030090340697,13.304178603230481,0.153,5.796159570715678,6.0,0.024999999999999998,0.05588796793821921,0.9803921568627451,13.244751405411794,13.304178603230481,13.319511125050168,1e-12,0.0013311879871583325,0.04125758477457375,0.00010000011857921843,0.9677451612941477,1.0,0.0005912552900622074,0.9677610082351633,1.0,0.022263171355498768,0.9684601023017902,1.0,0.03225806451612903,0.03225806451612903,0.03225806451612903,0.03225806451612903,0.03225806451612903,9.52709287635073,-0.6711196906577983,0.6622375702705897,0.01967454548820129
109.60000000000001,0.6711357135133252,0.6623215765357874,0.6711338072905166,0.00015014884416573074,13.305948410536603,0.153,5.796164822838169,6.0,0.024999999999999998,0.05588794215805844,0.9803921568627451,13.246431530715746,13.305948410536603,13.321178711210171,1e-12,0.001330536978841605,0.04123741815640476,0.00010000011857921843,0.9677451612941477,1.0,0.0005912552900622074,0.9677610082351633,1.0,0.022263171355498768,0.9684601023017902,1.0,0.03225806451612903,0.03225806451612903,0.03225806451612903,0.03225806451612903,0.03225806451612903,9.528676467145234,-0.6711338072905166,0.6623215765357874,0.019638683175671974
109.80000000000001,0.6711497162039144,0.6624049223422431,0.6711478120576045,0.00014976780459840397,13.3077042944308,0.153,5.796170033678616,6.0,0.024999999999999998,0.05588791658203216,0.9803921568627451,13.248098446844862,13.3077042944308,13.322833175939929,1e-12,0.001329891130033572,0.04121741134627909,0.00010000011857921843,0.9677451612941477,1.0,0.0005912552900622074,0.9677610082351633,1.0,0.022263171355498768,0.9684601023017902,1.0,0.03225806451612903,0.03225806451612903,0.03225806451612903,0.03225806451612903,0.03225806451612903,9.530247607659925,-0.6711478120576045,0.6624049223422431,0.01960310013929695
110.0,0.6711636079359629,0.6624876128668634,0.671161705846949,0.00014938717834273033,13.309446364206089,0.153,5.796175203560443,6.0,0.024999999999999998,0.055887891208517455,0.9803921568627451,13.249752257337267,13.30944636420609,13.324474622268765,1e-12,0.001329250399771297,0.041197563075787036,0.00010000011857921843,0.9677451612941477,1.0,0.0005912552900622074,0.9677610082351633,1.0,0.022263171355498768,0.9684601023017902,1.0,0.03225806451612903,0.03225806451612903,0.03225806451612903,0.03225806451612903,0.03225806451612903,9.531806395485411,-0.671161705846949,0.6624876128668634,0.019567794232431455
110.2,0.6711773895901377,0.6625696532462078,0.6711754895394036,0.00014900696157840447,13.311174728300978,0.153,5.79618033280455,6.0,0.024999999999999998,0.05588786603590438,0.9803921568627451,13.251393064924153,13.311174728300978,13.32610315242005,1e-12,0.0013286147474165224,0.041177872086566134,0.00010000011857921843,0.9677451612941477,1.0,0.0005912552900622074,0.9677610082351633,1.0,0.022263171355498768,0.9684601023017902,1.0,0.03225806451612903,0.03225806451612903,0.03225806451612903,0.03225806451612903,0.03225806451612903,9.53335292745171,-0.6711754895394036,0.6625696532462078,0.019532763324489742
110.4,0.6711910620401265,0.662651048576801,0.671189164008844,0.00014862715052310532,13.312889494306104,0.153,5.7961854217293425,6.0,0.024999999999999998,0.05588784106259589,0.9803921568627451,13.253020971536019,13.312889494306104,13.327718867817453,1e-12,0.0013279841326531347,0.04115833713022288,0.00010000011857921843,0.9677451612941477,1.0,0.0005912552900622074,0.9677610082351633,1.0,0.022263171355498768,0.9684601023017902,1.0,0.03225806451612903,0.03225806451612903,0.03225806451612903,0.03225806451612903,0.03225806451612903,9.534887299634107,-0.671189164008844,0.662651048576801,0.019498005300823948
110.60000000000001,0.671204626152689,0.6627318039154413,0.6712027301222214,0.0001482477414320937,13.31459076897083,0.153,5.796190470650745,6.0,0.024999999999999998,0.05588781628700778,0.9803921568627451,13.254636078308824,13.31459076897083,13.32932186909117,1e-12,0.0013273585154846546,0.04113895696825514,0.00010000011857921843,0.9677451612941477,1.0,0.0005912552900622074,0.9677610082351633,1.0,0.022263171355498768,0.9684601023017902,1.0,0.03225806451612903,0.03225806451612903,0.03225806451612903,0.03225806451612903,0.03225806451612903,9.53640960735899,-0.6712027301222214,0.6627318039154413,0.019463518062617598
110.80000000000001,0.6712180827877259,0.662811924279507,0.6712161887396174,0.00014786873059781443,13.316278658209757,0.153,5.796195479882224,6.0,0.024999999999999998,0.05588779170756849,0.9803921568627451,13.256238485590139,13.316278658209757,13.33091225608409,1e-12,0.0013267378562317415,0.041119730371975076,0.00010000011857921843,0.9677451612941477,1.0,0.0005912552900622074,0.9677610082351633,1.0,0.022263171355498768,0.9684601023017902,1.0,0.03225806451612903,0.03225806451612903,0.03225806451612903,0.03225806451612903,0.03225806451612903,9.537919945209623,-0.6712161887396174,0.662811924279507,0.019429299526769285
111.0,0.671231432798316,0.6628914146472602,0.6712295407142972,0.00014749011434950175,13.317953267109253,0.153,5.796200449734801,6.0,0.024999999999999998,0.055887767322719085,0.9803921568627451,13.257828292945204,13.317953267109253,13.332490127857913,1e-12,0.0013261221155297144,0.041100656122432494,0.00010000011857921843,0.9677451612941477,1.0,0.0005912552900622074,0.9677610082351633,1.0,0.022263171355498768,0.9684601023017902,1.0,0.03225806451612903,0.03225806451612903,0.03225806451612903,0.03225806451612903,0.03225806451612903,9.53941840703187,-0.6712295407142972,0.6628914146472602,0.01939534762578653
111.2,0.6712446770307804,0.6629702799581496,0.6712427868927626,0.00014711188905279114,13.319614699933823,0.153,5.796205380517077,6.0,0.024999999999999998,0.05588774313091311,0.9803921568627451,13.259405599162992,13.319614699933823,13.334055582699223,1e-12,0.0013255112543260972,0.04108173301033906,0.00010000011857921843,0.9677451612941477,1.0,0.0005912552900622074,0.9677610082351633,1.0,0.022263171355498768,0.9684601023017902,1.0,0.03225806451612903,0.03225806451612903,0.03225806451612903,0.03225806451612903,0.03225806451612903,9.540905085939903,-0.6712427868927626,0.6629702799581496,0.019361660307667956
111.4,0.6712578163247331,0.6630485251131086,0.6712559281148052,0.00014673405110933265,13.321263060132551,0.153,5.79621027253525,6.0,0.024999999999999998,0.0558877191306165,0.9803921568627451,13.260970502262172,13.321263060132551,13.335608718125533,1e-12,0.0013249052338781748,0.041062959835992674,0.00010000011857921843,0.9677451612941477,1.0,0.0005912552900622074,0.9677610082351633,1.0,0.022263171355498768,0.9684601023017902,1.0,0.03225806451612903,0.03225806451612903,0.03225806451612903,0.03225806451612903,0.03225806451612903,9.542380074321823,-0.6712559281148052,0.6630485251131086,0.019328235535806735
111.60000000000001,0.6712708515131297,0.6631261549748534,0.6712689652135579,0.00014635659695641103,13.322898450345416,0.153,5.796215126093129,6.0,0.024999999999999998,0.05588769532030747,0.9803921568627451,13.262523099497066,13.322898450345416,13.337149630891245,1e-12,0.0013243040157505735,0.041044335409202826,0.00010000011857921843,0.9677451612941477,1.0,0.0005912552900622074,0.9677610082351633,1.0,0.022263171355498768,0.9684601023017902,1.0,0.03225806451612903,0.03225806451612903,0.03225806451612903,0.03225806451612903,0.03225806451612903,9.54384346384528,-0.6712689652135579,0.6631261549748534,0.01929507128886686
111.80000000000001,0.6712837834223256,0.663203174368178,0.6712818990155487,0.00014597952306656802,13.324520972409582,0.153,5.7962199414921605,6.0,0.024999999999999998,0.0558876716984764,0.9803921568627451,13.26406348736356,13.324520972409582,13.338678416993595,1e-12,0.0013237075618128548,0.04102585854921611,0.00010000011857921843,0.9677451612941477,1.0,0.0005912552900622074,0.9677610082351633,1.0,0.022263171355498768,0.9684601023017902,1.0,0.03225806451612903,0.03225806451612903,0.03225806451612903,0.03225806451612903,0.03225806451612903,9.545295345463039,-0.6712818990155487,0.663203174368178,0.01926216556068332
112.0,0.6712966128721126,0.6632795880802463,0.6712947303407503,0.00014560282594722982,13.32613072736563,0.153,5.79622471903144,6.0,0.024999999999999998,0.05588764826362581,0.9803921568627451,13.265591761604925,13.32613072736563,13.340195171678543,1e-12,0.0013231158342371272,0.041007528084642496,0.00010000011857921843,0.9677451612941477,1.0,0.0005912552900622074,0.9677610082351633,1.0,0.022263171355498768,0.9684601023017902,1.0,0.03225806451612903,0.03225806451612903,0.03225806451612903,0.03225806451612903,0.03225806451612903,9.546735809418475,-0.6712947303407503,0.6632795880802463,0.01922951636015559
112.2,0.6713093406757935,0.6633554008608835,0.6713074600026324,0.0001452265021403382,13.327727815463758,0.153,5.796229459007732,6.0,0.024999999999999998,0.05588762501427016,0.9803921568627451,13.26710801721767,13.327727815463758,13.341699989446612,1e-12,0.00132252879549568,0.040989342853382196,0.00010000011857921843,0.9677451612941477,1.0,0.0005912552900622074,0.9677610082351633,1.0,0.022263171355498768,0.9684601023017902,1.0,0.03225806451612903,0.03225806451612903,0.03225806451612903,0.03225806451612903,0.03225806451612903,9.548164945251083,-0.6713074600026324,0.6633554008608835,0.019197121711133143
112.4,0.6713219676402131,0.6634306174228639,0.6713200888082129,0.00014485054822198625,13.329312336169926,0.153,5.796234161715488,6.0,0.024999999999999998,0.05588760194893583,0.9803921568627451,13.268612348457278,13.329312336169927,13.343192964058698,1e-12,0.0013219464083586317,0.04097130170255291,0.00010000011857921843,0.9677451612941477,1.0,0.0005912552900622074,0.9677610082351633,1.0,0.022263171355498768,0.9684601023017902,1.0,0.03225806451612903,0.03225806451612903,0.03225806451612903,0.03225806451612903,0.03225806451612903,9.549582841801882,-0.6713200888082129,0.6634306174228639,0.019164979652318493
112.60000000000001,0.6713344945658222,0.663505242442197,0.6713326175581076,0.00014447496080205674,13.330884388171953,0.153,5.796238827446866,6.0,0.024999999999999998,0.05588757906616097,0.9803921568627451,13.270104848843939,13.330884388171953,13.344674188541815,1e-12,0.0013213686358915918,0.040953403488417674,0.00010000011857921843,0.9677451612941477,1.0,0.0005912552900622074,0.9677610082351633,1.0,0.022263171355498768,0.9684601023017902,1.0,0.03225806451612903,0.03225806451612903,0.03225806451612903,0.03225806451612903,0.03225806451612903,9.550989587218831,-0.6713326175581076,0.663505242442197,0.01913308823715634
112.80000000000001,0.6713469222467185,0.6635792805584118,0.6713450470465807,0.0001440997365238661,13.332444069385543,0.153,5.796243456491745,6.0,0.024999999999999998,0.055887556364495446,0.9803921568627451,13.271585611168234,13.332444069385543,13.3461437551948,1e-12,0.0013207954414533479,0.04093564707631325,0.00010000011857921843,0.9677451612941477,1.0,0.0005912552900622074,0.9677610082351633,1.0,0.022263171355498768,0.9684601023017902,1.0,0.03225806451612903,0.03225806451612903,0.03225806451612903,0.03225806451612903,0.03225806451612903,9.552385268962174,-0.6713450470465807,0.6635792805584118,0.019101445533725645
113.0,0.671359251470698,0.663652736374838,0.6713573780615947,0.00014372487206381086,13.333991476960332,0.153,5.796248049137747,6.0,0.024999999999999998,0.05588753384250074,0.9803921568627451,13.27305472749676,13.333991476960332,13.347601755593997,1e-12,0.0013202267886935628,0.04091803134057906,0.00010000011857921843,0.9677451612941477,1.0,0.0005912552900622074,0.9677610082351633,1.0,0.022263171355498768,0.9684601023017902,1.0,0.03225806451612903,0.03225806451612903,0.03225806451612903,0.03225806451612903,0.03225806451612903,9.553769973809757,-0.6713573780615947,0.663652736374838,0.019070049624643075
113.2,0.6713714830193077,0.6637256144588866,0.6713696113848593,0.0001433503641310191,13.335526707285808,0.153,5.796252605670248,6.0,0.024999999999999998,0.05588751149874981,0.9803921568627451,13.27451228917773,13.335526707285808,13.349048280598865,1e-12,0.0013196626415504966,0.040900555164486666,0.00010000011857921843,0.9677451612941477,1.0,0.0005912552900622074,0.9677610082351633,1.0,0.022263171355498768,0.9684601023017902,1.0,0.03225806451612903,0.03225806451612903,0.03225806451612903,0.03225806451612903,0.03225806451612903,9.555143787862285,-0.6713696113848593,0.6637256144588866,0.019038898606955432
113.4,0.6713836176678946,0.6637979193423269,0.6713817477918812,0.00014297620946700495,13.337049855997233,0.153,5.796257126372402,6.0,0.024999999999999998,0.05588748933182706,0.9803921568627451,13.275958386846536,13.337049855997233,13.350483420357557,1e-12,0.001319102964248737,0.0408832174401697,0.00010000011857921843,0.9677451612941477,1.0,0.0005912552900622074,0.9677610082351633,1.0,0.022263171355498768,0.9684601023017902,1.0,0.03225806451612903,0.03225806451612903,0.03225806451612903,0.03225806451612903,0.03225806451612903,9.556506796548588,-0.6713817477918812,0.6637979193423269,0.019007990592032824
113.60000000000001,0.6713956561856491,0.6638696555215616,0.671393788052012,0.00014260240484532672,13.338561017981512,0.153,5.796261611525154,6.0,0.024999999999999998,0.055887467340328185,0.9803921568627451,13.277393110431232,13.338561017981514,13.351907264312466,1e-12,0.00131854772129695,0.04086601706855429,0.00010000011857921843,0.9677451612941477,1.0,0.0005912552900622074,0.9677610082351633,1.0,0.022263171355498768,0.9684601023017902,1.0,0.03225806451612903,0.03225806451612903,0.03225806451612903,0.03225806451612903,0.03225806451612903,9.557859084630772,-0.671393788052012,0.6638696555215616,0.018977323705473965
113.80000000000001,0.6714075993356593,0.6639408274579011,0.6714057329284968,0.00014222894707124962,13.340060287383011,0.153,5.796266061407261,6.0,0.024999999999999998,0.05588744552286015,0.9803921568627451,13.27881654915802,13.340060287383013,13.353319901205703,1e-12,0.0013179968774856522,0.040848952959290204,0.00010000011857921843,0.9677451612941477,1.0,0.0005912552900622074,0.9677610082351633,1.0,0.022263171355498768,0.9684601023017902,1.0,0.03225806451612903,0.03225806451612903,0.03225806451612903,0.03225806451612903,0.03225806451612903,9.559200736209402,-0.6714057329284968,0.6639408274579011,0.01894689608699785
114.0,0.6714194478749564,0.6640114395778336,0.6714175831785223,0.00014185583298141166,13.341547757609337,0.153,5.7962704762953,6.0,0.024999999999999998,0.05588742387804103,0.9803921568627451,13.280228791556672,13.341547757609339,13.354721419084564,1e-12,0.001317450397884993,0.040832024030682285,0.00010000011857921843,0.9677451612941477,1.0,0.0005912552900622074,0.9677610082351633,1.0,0.022263171355498768,0.9684601023017902,1.0,0.03225806451612903,0.03225806451612903,0.03225806451612903,0.03225806451612903,0.03225806451612903,9.56053183472861,-0.6714175831785223,0.6640114395778336,0.018916705890346146
114.2,0.6714312025545593,0.6640814962732957,0.6714293395532642,0.00014148305944349253,13.343023521337049,0.153,5.796274856463697,6.0,0.024999999999999998,0.055887402404499964,0.9803921568627451,13.281629925465912,13.343023521337049,13.356111905306927,1e-12,0.0013169082478425543,0.04081522920962244,0.00010000011857921843,0.9677451612941477,1.0,0.0005912552900622074,0.9677610082351633,1.0,0.022263171355498768,0.9684601023017902,1.0,0.03225806451612903,0.03225806451612903,0.03225806451612903,0.03225806451612903,0.03225806451612903,9.561852462981165,-0.6714293395532642,0.6640814962732957,0.0188867512831818
114.4,0.6714428641195288,0.6641510019019381,0.6714410027979343,0.00014111062335588778,13.344487670517374,0.153,5.796279202184734,6.0,0.024999999999999998,0.05588738110087705,0.9803921568627451,13.283020038038762,13.344487670517374,13.35749144654663,1e-12,0.0013163703929811722,0.0407985674315223,0.00010000011857921843,0.9677451612941477,1.0,0.0005912552900622074,0.9677610082351633,1.0,0.022263171355498768,0.9684601023017902,1.0,0.03225806451612903,0.03225806451612903,0.03225806451612903,0.03225806451612903,0.03225806451612903,9.563162703113507,-0.6714410027979343,0.6641510019019381,0.0188570304469922
114.60000000000001,0.6714544333090109,0.6642199607873924,0.6714525736518276,0.00014073852164738483,13.34594029638182,0.153,5.796283513728572,6.0,0.024999999999999998,0.05588735996582325,0.9803921568627451,13.284399215747847,13.34594029638182,13.358860128798785,1e-12,0.0013158367991967697,0.04078203764024619,0.00010000011857921843,0.9677451612941477,1.0,0.0005912552900622074,0.9677610082351633,1.0,0.022263171355498768,0.9684601023017902,1.0,0.03225806451612903,0.03225806451612903,0.03225806451612903,0.03225806451612903,0.03225806451612903,9.564462636630768,-0.6714525736518276,0.6642199607873924,0.01882754157698191
114.80000000000001,0.6714659108562764,0.664288377219532,0.6714640528483686,0.00014036675127684353,13.347381489447804,0.153,5.796287791363261,6.0,0.024999999999999998,0.05588733899800034,0.9803921568627451,13.28576754439064,13.347381489447804,13.360218037385064,1e-12,0.0013153074326562055,0.040765638788044685,0.00010000011857921843,0.9677451612941477,1.0,0.0005912552900622074,0.9677610082351633,1.0,0.022263171355498768,0.9684601023017902,1.0,0.03225806451612903,0.03225806451612903,0.03225806451612903,0.03225806451612903,0.03225806451612903,9.565752344401687,-0.6714640528483686,0.664288377219532,0.01879828288198387
115.0,0.6714772974887786,0.6643562554547358,0.6714754411151579,0.00013999530923288015,13.34881133952419,0.153,5.796292035354762,6.0,0.024999999999999998,0.05588731819608072,0.9803921568627451,13.287125109094713,13.348811339524191,13.361565256958952,1e-12,0.0013147822597951448,0.04074936983548869,0.00010000011857921843,0.9677451612941477,1.0,0.0005912552900622074,0.9677610082351633,1.0,0.022263171355498768,0.9684601023017902,1.0,0.03225806451612903,0.03225806451612903,0.03225806451612903,0.03225806451612903,0.03225806451612903,9.56703190666359,-0.6714754411151579,0.6643562554547358,0.018769252584353666
115.2,0.671488593928194,0.6644235997161455,0.6714867391740172,0.0001396241925335541,13.350229935716799,0.153,5.796296245966962,6.0,0.024999999999999998,0.05588729755874749,0.9803921568627451,13.28847199432291,13.350229935716799,13.362901871510946,1e-12,0.0013142612473159379,0.040733229751403935,0.00010000011857921843,0.9677451612941477,1.0,0.0005912552900622074,0.9677610082351633,1.0,0.022263171355498768,0.9684601023017902,1.0,0.03225806451612903,0.03225806451612903,0.03225806451612903,0.03225806451612903,0.03225806451612903,9.568301403027236,-0.6714867391740172,0.6644235997161455,0.018740448919877348
115.4,0.6714998008904659,0.6644904141939234,0.6714979477410358,0.000139253398226059,13.351637366433899,0.153,5.796300423461686,6.0,0.024999999999999998,0.055887277084694195,0.9803921568627451,13.289808283878468,13.3516373664339,13.364227964373715,1e-12,0.001313744362185521,0.04071721751280601,0.00010000011857921843,0.9677451612941477,1.0,0.0005912552900622074,0.9677610082351633,1.0,0.022263171355498768,0.9684601023017902,1.0,0.03225806451612903,0.03225806451612903,0.03225806451612903,0.03225806451612903,0.03225806451612903,9.569560912481666,-0.6714979477410358,0.6644904141939234,0.01871187013767455
115.60000000000001,0.6715109190858513,0.6645567030455076,0.6715090675266148,0.0001388829233864166,13.353033719391615,0.153,5.796304568098718,6.0,0.024999999999999998,0.055887256772624884,0.9803921568627451,13.291134060910151,13.353033719391615,13.36554361822722,1e-12,0.0013132315716333305,0.04070133210483594,0.00010000011857921843,0.9677451612941477,1.0,0.0005912552900622074,0.9677610082351633,1.0,0.022263171355498768,0.9684601023017902,1.0,0.03225806451612903,0.03225806451612903,0.03225806451612903,0.03225806451612903,0.03225806451612903,9.570810513399039,-0.6715090675266148,0.6645567030455076,0.018683514500096435
115.80000000000001,0.6715219492189696,0.6646224703958652,0.6715200992355127,0.00013851276511917462,13.35441908161932,0.153,5.796308680135814,6.0,0.024999999999999998,0.05588723662125391,0.9803921568627451,13.292449407917303,13.35441908161932,13.36684891510381,1e-12,0.001312722843149236,0.040685572520696184,0.00010000011857921843,0.9677451612941477,1.0,0.0005912552900622074,0.9677610082351633,1.0,0.022263171355498768,0.9684601023017902,1.0,0.03225806451612903,0.03225806451612903,0.03225806451612903,0.03225806451612903,0.03225806451612903,9.572050283539383,-0.6715200992355127,0.6646224703958652,0.018655380282639376
116.0,0.6715328919888353,0.6646877203377435,0.671531043566889,0.0001381429205571069,13.355793539464983,0.153,5.796312759828718,6.0,0.024999999999999998,0.05588721662930591,0.9803921568627451,13.29375440675487,13.355793539464983,13.368143936393258,1e-12,0.001312218144481483,0.04066993776158711,0.00010000011857921843,0.9677451612941477,1.0,0.0005912552900622074,0.9677610082351633,1.0,0.022263171355498768,0.9684601023017902,1.0,0.03225806451612903,0.03225806451612903,0.03225806451612903,0.03225806451612903,0.03225806451612903,9.573280300055343,-0.671531043566889,0.6646877203377435,0.018627465773843704
116.2,0.6715437480889184,0.6647524569319205,0.6715419012143492,0.0001377733868609171,13.35715717860048,0.153,5.796316807431179,6.0,0.024999999999999998,0.05588719679551572,0.9803921568627451,13.29504913863841,13.35715717860048,13.369428762847765,1e-12,0.001311717443634652,0.04065442683664386,0.00010000011857921843,0.9677451612941477,1.0,0.0005912552900622074,0.9677610082351633,1.0,0.022263171355498768,0.9684601023017902,1.0,0.03225806451612903,0.03225806451612903,0.03225806451612903,0.03225806451612903,0.03225806451612903,9.574500639496897,-0.6715419012143492,0.6647524569319205,0.018599769275198172
116.4,0.6715545182071738,0.6648166842074503,0.6715526728659882,0.00013740416121894703,13.358510084026841,0.153,5.7963208231949634,6.0,0.024999999999999998,0.05588717711862826,0.9803921568627451,13.296333684149005,13.358510084026841,13.370703474586932,1e-12,0.0013112207088676422,0.04063903876287397,0.00010000011857921843,0.9677451612941477,1.0,0.0005912552900622074,0.9677610082351633,1.0,0.022263171355498768,0.9684601023017902,1.0,0.03225806451612903,0.03225806451612903,0.03225806451612903,0.03225806451612903,0.03225806451612903,9.575711377815978,-0.6715526728659882,0.6648166842074503,0.018572289101054507
116.60000000000001,0.6715652030260969,0.6648804061619109,0.6715633592044332,0.00013703524084688693,13.35985234007949,0.153,5.796324807369873,6.0,0.024999999999999998,0.0558871575973985,0.9803921568627451,13.297608123238216,13.35985234007949,13.371968151102687,1e-12,0.0013107279086916653,0.040623772565095355,0.00010000011857921843,0.9677451612941477,1.0,0.0005912552900622074,0.9677610082351633,1.0,0.022263171355498768,0.9684601023017902,1.0,0.03225806451612903,0.03225806451612903,0.03225806451612903,0.03225806451612903,0.03225806451612903,9.576912590371169,-0.6715633592044332,0.6648804061619109,0.018545023578525284
116.80000000000001,0.6715758032227547,0.6649436267616466,0.6715739609068878,0.0001366666229874882,13.361184030433407,0.153,5.796328760203761,6.0,0.024999999999999998,0.055887138230591334,0.9803921568627451,13.298872535232931,13.361184030433408,13.373222871264174,1e-12,0.0013102390118682435,0.040608627275874436,0.00010000011857921843,0.9677451612941477,1.0,0.0005912552900622074,0.9677610082351633,1.0,0.022263171355498768,0.9684601023017902,1.0,0.03225806451612903,0.03225806451612903,0.03225806451612903,0.03225806451612903,0.03225806451612903,9.578104351932236,-0.6715739609068878,0.6649436267616466,0.018517971047398423
117.0,0.6715863194688316,0.6650063499420105,0.6715844786451743,0.00013629830491028057,13.36250523810829,0.153,5.796332681942545,6.0,0.024999999999999998,0.055887119016981485,0.9803921568627451,13.300126998840208,13.36250523810829,13.374467713322604,1e-12,0.001309753987407238,0.04059360193546511,0.00010000011857921843,0.9677451612941477,1.0,0.0005912552900622074,0.9677610082351633,1.0,0.022263171355498768,0.9684601023017902,1.0,0.03225806451612903,0.03225806451612903,0.03225806451612903,0.03225806451612903,0.03225806451612903,9.579286736684733,-0.6715844786451743,0.6650063499420105,0.01849112986004137
117.2,0.6715967524306842,0.6650685796076045,0.6715949130857762,0.00013593028391129254,13.363816045473648,0.153,5.79633657283022,6.0,0.024999999999999998,0.05588709995535354,0.9803921568627451,13.301371592152089,13.363816045473648,13.375702754916079,1e-12,0.0013092728045648898,0.0405786955917482,0.00010000011857921843,0.9677451612941477,1.0,0.0005912552900622074,0.9677610082351633,1.0,0.022263171355498768,0.9684601023017902,1.0,0.03225806451612903,0.03225806451612903,0.03225806451612903,0.03225806451612903,0.03225806451612903,9.580459818234509,-0.6715949130857762,0.6650685796076045,0.018464498381310767
117.4,0.6716071027693655,0.6651303196325177,0.6716052648898801,0.0001355625573127742,13.365116534253856,0.153,5.796340433108876,6.0,0.024999999999999998,0.0558870810445017,0.9803921568627451,13.302606392650352,13.365116534253856,13.376928073074355,1e-12,0.0013087954328418706,0.040563907300171176,0.00010000011857921843,0.9677451612941477,1.0,0.0005912552900622074,0.9677610082351633,1.0,0.022263171355498768,0.9684601023017902,1.0,0.03225806451612903,0.03225806451612903,0.03225806451612903,0.03225806451612903,0.03225806451612903,9.581623669612203,-0.6716052648898801,0.6651303196325177,0.018438074988461433
117.60000000000001,0.6716173711406828,0.6651915738605622,0.6716155347134182,0.00013519512246292254,13.366406785533202,0.153,5.7963442630187165,6.0,0.024999999999999998,0.055887062283229844,0.9803921568627451,13.303831477211242,13.366406785533204,13.378143744223603,1e-12,0.0013083218419813474,0.04054923612368831,0.00010000011857921843,0.9677451612941477,1.0,0.0005912552900622074,0.9677610082351633,1.0,0.022263171355498768,0.9684601023017902,1.0,0.03225806451612903,0.03225806451612903,0.03225806451612903,0.03225806451612903,0.03225806451612903,9.582778363277697,-0.6716155347134182,0.6651915738605622,0.01841185807106044
117.80000000000001,0.6716275581952228,0.6652523461055085,0.671625723207109,0.00013482797673561078,13.367686879760852,0.153,5.7963480627980655,6.0,0.024999999999999998,0.055887043670351376,0.9803921568627451,13.30504692211017,13.367686879760852,13.379349844191093,1e-12,0.0013078520019670669,0.04053468113270141,0.00010000011857921843,0.9677451612941477,1.0,0.0005912552900622074,0.9677610082351633,1.0,0.022263171355498768,0.9684601023017902,1.0,0.03225806451612903,0.03225806451612903,0.03225806451612903,0.03225806451612903,0.03225806451612903,9.583923971124545,-0.671625723207109,0.6652523461055085,0.0183858460308891
118.0,0.6716376645784049,0.6653126401513183,0.6716358310164992,0.00013446111753012143,13.368956896755794,0.153,5.796351832683387,6.0,0.024999999999999998,0.055887025204689175,0.9803921568627451,13.306252803026366,13.368956896755794,13.38054644820987,1e-12,0.0013073858830214586,0.04052024140500116,0.00010000011857921843,0.9677451612941477,1.0,0.0005912552900622074,0.9677610082351633,1.0,0.022263171355498768,0.9684601023017902,1.0,0.03225806451612903,0.03225806451612903,0.03225806451612903,0.03225806451612903,0.03225806451612903,9.585060564484367,-0.6716358310164992,0.6653126401513183,0.01836003728186075
118.2,0.6716476909305268,0.6653724597523742,0.671645858782004,0.0001340945422708794,13.370216915711776,0.153,5.796355572909295,6.0,0.024999999999999998,0.05588700688507551,0.9803921568627451,13.307449195047484,13.370216915711776,13.381733630923401,1e-12,0.0013069234556037377,0.04050591602570848,0.00010000011857921843,0.9677451612941477,1.0,0.0005912552900622074,0.9677610082351633,1.0,0.022263171355498768,0.9684601023017902,1.0,0.03225806451612903,0.03225806451612903,0.03225806451612903,0.03225806451612903,0.03225806451612903,9.586188214131177,-0.671645858782004,0.6653724597523742,0.018334430249937746
118.4,0.6716576378867827,0.665431808633711,0.6716558071389483,0.00013372824840719098,13.371467015202134,0.153,5.796359283708576,6.0,0.024999999999999998,0.05588698871035197,0.9803921568627451,13.30863617267422,13.371467015202134,13.382911466390148,1e-12,0.0013064646904080341,0.040491704087216605,0.00010000011857921843,0.9677451612941477,1.0,0.0005912552900622074,0.9677610082351633,1.0,0.022263171355498768,0.9684601023017902,1.0,0.03225806451612903,0.03225806451612903,0.03225806451612903,0.03225806451612903,0.03225806451612903,9.58730699028575,-0.6716558071389483,0.665431808633711,0.018309023373030166
118.60000000000001,0.6716675060773221,0.6654906904912418,0.6716656767176064,0.00013336223341298467,13.372707273184664,0.153,5.796362965312194,6.0,0.024999999999999998,0.05588697067936939,0.9803921568627451,13.309813809824835,13.372707273184666,13.384080028088134,1e-12,0.0013060095583615388,0.040477604689133806,0.00010000011857921843,0.9677451612941477,1.0,0.0005912552900622074,0.9677610082351633,1.0,0.022263171355498768,0.9684601023017902,1.0,0.03225806451612903,0.03225806451612903,0.03225806451612903,0.03225806451612903,0.03225806451612903,9.588416962619869,-0.6716656767176064,0.6654906904912418,0.01828381510091506
118.80000000000001,0.6716772961272923,0.6655491089919847,0.6716754681432417,0.00013299649478655404,13.373937767006403,0.153,5.796366617949309,6.0,0.024999999999999998,0.05588695279098776,0.9803921568627451,13.310982179839694,13.373937767006403,13.385239388919478,1e-12,0.0013055580306226507,0.04046361693822605,0.00010000011857921843,0.9677451612941477,1.0,0.0005912552900622074,0.9677610082351633,1.0,0.022263171355498768,0.9684601023017902,1.0,0.03225806451612903,0.03225806451612903,0.03225806451612903,0.03225806451612903,0.03225806451612903,9.589518200260624,-0.6716754681432417,0.6655491089919847,0.01825880389515233
119.0,0.6716870086568674,0.6656070677742861,0.6716851820361476,0.00013263103005030477,13.375158573408362,0.153,5.796370241847293,6.0,0.024999999999999998,0.055886935044076144,0.9803921568627451,13.312141355485721,13.375158573408363,13.386389621214889,1e-12,0.001305110078579152,0.04044973994836054,0.00010000011857921843,0.9677451612941477,1.0,0.0005912552900622074,0.9677610082351633,1.0,0.022263171355498768,0.9684601023017902,1.0,0.03225806451612903,0.03225806451612903,0.03225806451612903,0.03225806451612903,0.03225806451612903,9.59061077179459,-0.6716851820361476,0.6656070677742861,0.018233988229001446
119.2,0.6716966442812858,0.6656645704480435,0.6716948190116854,0.00013226583675050307,13.376369768530305,0.153,5.796373837231739,6.0,0.024999999999999998,0.055886917437512694,0.9803921568627451,13.313291408960868,13.376369768530305,13.3875307967381,1e-12,0.0013046656738463851,0.040435972840449405,0.00010000011857921843,0.9677451612941477,1.0,0.0005912552900622074,0.9677610082351633,1.0,0.022263171355498768,0.9684601023017902,1.0,0.03225806451612903,0.03225806451612903,0.03225806451612903,0.03225806451612903,0.03225806451612903,9.591694745272049,-0.6716948190116854,0.6656645704480435,0.0182093665873256
119.4,0.6717062036108996,0.6657216205949262,0.6717043796803241,0.00013190091245702816,13.377571427915377,0.153,5.796377404326478,6.0,0.024999999999999998,0.05588689997018443,0.9803921568627451,13.314432411898524,13.377571427915377,13.388662986690305,1e-12,0.0013042247882654554,0.04042231474239401,0.00010000011857921843,0.9677451612941477,1.0,0.0005912552900622074,0.9677610082351633,1.0,0.022263171355498768,0.9684601023017902,1.0,0.03225806451612903,0.03225806451612903,0.03225806451612903,0.03225806451612903,0.03225806451612903,9.592770188211151,-0.6717043796803241,0.6657216205949262,0.01818493746651389
119.60000000000001,0.6717156872512119,0.6657782217685945,0.6717138646476792,0.0001315362547631273,13.378763626514793,0.153,5.796380943353591,6.0,0.024999999999999998,0.0558868826409873,0.9803921568627451,13.315564435371888,13.378763626514793,13.389786261714553,1e-12,0.0013037873939014425,0.0404087647890297,0.00010000011857921843,0.9677451612941477,1.0,0.0005912552900622074,0.9677610082351633,1.0,0.022263171355498768,0.9684601023017902,1.0,0.03225806451612903,0.03225806451612903,0.03225806451612903,0.03225806451612903,0.03225806451612903,9.593837167602032,-0.6717138646476792,0.6657782217685945,0.01816069937439873
119.80000000000001,0.6717250958029038,0.6658343774949159,0.6717232745145504,0.00013117186128517252,13.379946438692432,0.153,5.796384454533425,6.0,0.024999999999999998,0.05588686544882601,0.9803921568627451,13.316687549898317,13.379946438692434,13.390900691900082,1e-12,0.0013033534630416221,0.040395322122070774,0.00010000011857921843,0.9677451612941477,1.0,0.0005912552900622074,0.9677610082351633,1.0,0.022263171355498768,0.9684601023017902,1.0,0.03225806451612903,0.03225806451612903,0.03225806451612903,0.03225806451612903,0.03225806451612903,9.594895749910908,-0.6717232745145504,0.6658343774949159,0.018136650830168435
120.0,0.6717344298628564,0.6658900912736234,0.6717326098772044,0.0001308077296613089,13.381119938259816,0.153,5.796387938084693,6.0,0.024999999999999998,0.05588684839261361,0.9803921568627451,13.317801825472467,13.381119938259816,13.392006346815297,1e-12,0.0013029229681824665,0.04038198588970783,0.00010000011857921843,0.9677451612941477,1.0,0.0005912552900622074,0.9677610082351633,1.0,0.022263171355498768,0.9684601023017902,1.0,0.03225806451612903,0.03225806451612903,0.03225806451612903,0.03225806451612903,0.03225806451612903,9.595946001111308,-0.6717326098772044,0.6658900912736234,0.018112790363677838
